policy,fee_bp_side,phase,return_total,max_drawdown,daily_sharpe,annual_vol,mean_net_beta,mean_gross,participation,long_time,short_time,turnover,trade_rows,mean_sign_episode_hours,median_sign_episode_hours,fee_bp_sum,funding_bp_sum,max_gross,worst_day,best_day,days
buy_hold,0.0,all,0.2675930872372454,-0.6767637670141704,0.44549489353540817,0.610188916789369,1.1601368018893323,1.1601368018893323,1.0,1.0,0.0,2.245586561689495,2,23951.833333333332,23951.833333333332,0.0,2128.0734861628302,1.40296853388725,-0.1845467263854289,0.1687579308843925,998
buy_hold,0.0,development_2024_2025,0.394441293964398,-0.5083273787239679,0.5743361549239339,0.5890106263310007,1.111937430311184,1.111937430311184,1.0,1.0,0.0,1.0,1,17543.916666666668,17543.916666666668,0.0,1887.396555500312,1.2226299194928014,-0.12070495563547246,0.1466151288352291,731
buy_hold,0.0,reused_2026,-0.0909670470003211,-0.5445860541835819,0.13501771615584474,0.6658111559358225,1.2920994665649654,1.2920994665649654,1.0,1.0,0.0,1.2455865616894954,1,6407.916666666667,6407.916666666667,0.0,240.67693066251812,1.40296853388725,-0.1845467263854289,0.1687579308843925,267
buy_hold,0.0,recent_2025H2_2026,-0.1960775161043823,-0.6767637670142048,0.01876624202859375,0.6141932638830138,1.2337579834957315,1.2337579834957315,1.0,1.0,0.0,1.2455865616894954,1,10823.916666666666,10823.916666666666,0.0,561.6868442100356,1.40296853388725,-0.1845467263854289,0.1687579308843925,451
buy_hold,4.0,all,0.26645445761371245,-0.676763767014184,0.4449539519256498,0.6101808314099073,1.160136800498203,1.160136800498203,1.0,1.0,0.0,2.245186721625547,2,23951.833333333332,23951.833333333332,8.980746886502189,2128.0734861628184,1.402968533887278,-0.18454672638542768,0.16875793088439406,998
buy_hold,4.0,development_2024_2025,0.39388374046821806,-0.5083273787239515,0.5739969271946036,0.5889988823504078,1.11193742841194,1.11193742841194,1.0,1.0,0.0,0.9996001599360256,1,17543.916666666668,17543.916666666668,3.9984006397441023,1887.3965555002956,1.2226299194928052,-0.12070495563546879,0.1466151288352293,731
buy_hold,4.0,reused_2026,-0.09142030942396229,-0.5445860541836107,0.1339937469408835,0.665811537197856,1.2920994665649785,1.2920994665649785,1.0,1.0,0.0,1.2455865616895216,1,6407.916666666667,6407.916666666667,4.982346246758087,240.67693066252258,1.402968533887278,-0.18454672638542768,0.16875793088439406,267
buy_hold,4.0,recent_2025H2_2026,-0.1964783682981881,-0.6767637670142177,0.01810913349930722,0.6141933670400124,1.2337579834957382,1.2337579834957382,1.0,1.0,0.0,1.2455865616895216,1,10823.916666666666,10823.916666666666,4.982346246758087,561.6868442100387,1.402968533887278,-0.18454672638542768,0.16875793088439406,451
buy_hold,6.0,all,0.26588548418595725,-0.6767637670141973,0.44468347961291355,0.610176885417529,1.1601367998030976,1.1601367998030976,1.0,1.0,0.0,2.244986921473687,2,23951.833333333332,23951.833333333332,13.46992152884212,2128.073486162868,1.4029685338873616,-0.18454672638544056,0.16875793088440427,998
buy_hold,6.0,development_2024_2025,0.39360513088577775,-0.5083273787239797,0.573827357097429,0.588993068149488,1.1119374274629241,1.1119374274629241,1.0,1.0,0.0,0.9994003597841296,1,17543.916666666668,17543.916666666668,5.996402158704776,1887.3965555003356,1.2226299194928436,-0.12070495563547257,0.1466151288352333,731
buy_hold,6.0,reused_2026,-0.09164694063574153,-0.5445860541836145,0.13348172438668146,0.6658119193024702,1.292099466565042,1.292099466565042,1.0,1.0,0.0,1.2455865616895574,1,6407.916666666667,6407.916666666667,7.4735193701373435,240.6769306625325,1.4029685338873616,-0.18454672638544056,0.16875793088440427,267
buy_hold,6.0,recent_2025H2_2026,-0.19667879439504787,-0.6767637670142175,0.017780575760156816,0.6141935415010289,1.2337579834957908,1.2337579834957908,1.0,1.0,0.0,1.2455865616895574,1,10823.916666666666,10823.916666666666,7.4735193701373435,561.6868442100595,1.4029685338873616,-0.18454672638544056,0.16875793088440427,451
buy_hold,10.0,all,0.26474821941659243,-0.676763767014189,0.4441425323623579,0.6101691866752791,1.1601367984136217,1.1601367984136217,1.0,1.0,0.0,2.2445875606905434,2,23951.833333333332,23951.833333333332,22.445875606905435,2128.0734861628425,1.402968533887328,-0.18454672638543612,0.16875793088440005,998
buy_hold,10.0,development_2024_2025,0.3930482457186071,-0.5083273787239709,0.5734883046114266,0.588981555107826,1.1119374255659482,1.1119374255659482,1.0,1.0,0.0,0.999000999000999,1,17543.916666666668,17543.916666666668,9.99000999000999,1887.396555500314,1.2226299194928323,-0.12070495563547001,0.1466151288352262,731
buy_hold,10.0,reused_2026,-0.09210020305931288,-0.5445860541836023,0.13245760485741778,0.665813066457646,1.292099466565025,1.292099466565025,1.0,1.0,0.0,1.2455865616895445,1,6407.916666666667,6407.916666666667,12.455865616895446,240.67693066252906,1.402968533887328,-0.18454672638543612,0.16875793088440005,267
buy_hold,10.0,recent_2025H2_2026,-0.19707964658883637,-0.6767637670142167,0.017123453989810477,0.6141941361876294,1.2337579834957753,1.2337579834957753,1.0,1.0,0.0,1.2455865616895445,1,10823.916666666666,10823.916666666666,12.455865616895446,561.6868442100517,1.402968533887328,-0.18454672638543612,0.16875793088440005,451
fixed_beta_035,0.0,all,0.09365758053359596,-0.3709360867480691,0.25572615149419814,0.2503379363916444,0.48131914135749077,0.48131914135749077,1.0,1.0,0.0,0.8555221949260764,2,23951.833333333332,23951.833333333332,0.0,929.5472754094592,0.6124857173005713,-0.06611962338064181,0.059531147654475314,998
fixed_beta_035,0.0,development_2024_2025,0.13805445288810358,-0.2621297751396252,0.3798877483705347,0.2560427507546089,0.4894936686878638,0.4894936686878638,1.0,1.0,0.0,0.35,1,17543.916666666668,17543.916666666668,0.0,841.6643257427662,0.6124857173005713,-0.056287221695214495,0.059531147654475314,731
fixed_beta_035,0.0,reused_2026,-0.039011202180986526,-0.25193424984154444,-0.11524323645513052,0.2344048566383745,0.4589385091280681,0.4589385091280681,1.0,1.0,0.0,0.5055221949260764,1,6407.916666666667,6407.916666666667,0.0,87.88294966669295,0.5466340427296419,-0.06611962338064181,0.05279539555146706,267
fixed_beta_035,0.0,recent_2025H2_2026,-0.09003377001961,-0.37093608674812784,-0.18810615288055152,0.24562884337583024,0.5011187638141835,0.5011187638141835,1.0,1.0,0.0,0.5055221949260764,1,10823.916666666666,10823.916666666666,0.0,246.66912177325105,0.6124857173005713,-0.06611962338064181,0.05279539555146706,451
fixed_beta_035,4.0,all,0.0932833041269685,-0.37093608674800316,0.2552260833285415,0.25033554689086535,0.48131914118702934,0.48131914118702934,1.0,1.0,0.0,0.8554732017850949,2,23951.833333333332,23951.833333333332,3.4218928071403796,929.5472754094567,0.6124857173005629,-0.06611962338064259,0.05953114765447709,998
fixed_beta_035,4.0,development_2024_2025,0.13789514756745969,-0.26212977513959057,0.3796162909214532,0.2560394958739585,0.48949366845514497,0.48949366845514497,1.0,1.0,0.0,0.3499510068590397,1,17543.916666666668,17543.916666666668,1.3998040274361587,841.6643257427664,0.6124857173005629,-0.056287221695209944,0.05953114765447709,731
fixed_beta_035,4.0,reused_2026,-0.03920558369194982,-0.25193424984151214,-0.11642295524326554,0.23440482888745057,0.4589385091280586,0.4589385091280586,1.0,1.0,0.0,0.5055221949260552,1,6407.916666666667,6407.916666666667,2.022088779704221,87.88294966669012,0.5466340427296325,-0.06611962338064259,0.05279539555146462,267
fixed_beta_035,4.0,recent_2025H2_2026,-0.0902178310733226,-0.3709360867481065,-0.1887726845026775,0.24562879270447974,0.5011187638141755,0.5011187638141755,1.0,1.0,0.0,0.5055221949260552,1,10823.916666666666,10823.916666666666,2.022088779704221,246.6691217732469,0.6124857173005629,-0.06611962338064259,0.05279539555146462,451
fixed_beta_035,6.0,all,0.09309620521261319,-0.37093608674820855,0.25497603314181067,0.2503343857694207,0.48131914110184315,0.48131914110184315,1.0,1.0,0.0,0.8554487103578658,2,23951.833333333332,23951.833333333332,5.132692262147195,929.5472754094865,0.6124857173005958,-0.06611962338064759,0.0595311476544762,998
fixed_beta_035,6.0,development_2024_2025,0.1378155116291473,-0.2621297751396947,0.37948056637999616,0.2560378834343421,0.4894936683388287,0.4894936683388287,1.0,1.0,0.0,0.3499265154317593,1,17543.916666666668,17543.916666666668,2.0995590925905554,841.6643257427875,0.6124857173005958,-0.05628722169521361,0.0595311476544762,731
fixed_beta_035,6.0,reused_2026,-0.03930277444751662,-0.25193424984156576,-0.11701277007086464,0.23440490449966148,0.45893850912810186,0.45893850912810186,1.0,1.0,0.0,0.5055221949261066,1,6407.916666666667,6407.916666666667,3.0331331695566397,87.88294966669883,0.5466340427296711,-0.06611962338064759,0.05279539555147017,267
fixed_beta_035,6.0,recent_2025H2_2026,-0.09030986160021615,-0.3709360867481315,-0.18910591149349693,0.24562881792627173,0.5011187638142143,0.5011187638142143,1.0,1.0,0.0,0.5055221949261066,1,10823.916666666666,10823.916666666666,3.0331331695566397,246.66912177326444,0.6124857173005958,-0.06611962338064759,0.05279539555147017,451
fixed_beta_035,10.0,all,0.09272208594320408,-0.370936086748033,0.2544759008950152,0.2503321307703917,0.48131914093145084,0.48131914093145084,1.0,1.0,0.0,0.8553997377860911,2,23951.833333333332,23951.833333333332,8.553997377860911,929.5472754094791,0.6124857173005851,-0.06611962338064414,0.05953114765447909,998
fixed_beta_035,10.0,development_2024_2025,0.13765627319250617,-0.2621297751396019,0.37920912575220816,0.2560346885366649,0.48949366810620465,0.48949366810620465,1.0,1.0,0.0,0.349877542859999,1,17543.916666666668,17543.916666666668,3.49877542859999,841.6643257427821,0.6124857173005851,-0.05628722169521627,0.05953114765447909,731
fixed_beta_035,10.0,reused_2026,-0.03949715595848324,-0.25193424984155544,-0.11819230834092401,0.2344052346990446,0.4589385091280906,0.4589385091280906,1.0,1.0,0.0,0.5055221949260922,1,6407.916666666667,6407.916666666667,5.055221949260921,87.8829496666969,0.5466340427296595,-0.06611962338064414,0.05279539555146884,267
fixed_beta_035,10.0,recent_2025H2_2026,-0.09049392265391054,-0.37093608674812373,-0.18977228714856909,0.2456289694846529,0.5011187638142026,0.5011187638142026,1.0,1.0,0.0,0.5055221949260922,1,10823.916666666666,10823.916666666666,5.055221949260921,246.66912177325884,0.6124857173005851,-0.06611962338064414,0.05279539555146884,451
vol_control,0.0,all,0.373840374093954,-0.5002474866676574,0.4910691672347955,0.3912232364522432,0.7249126146589691,0.7249126146589691,1.0,1.0,0.0,17.54293091355824,70,23951.833333333332,23951.833333333332,0.0,1393.2284292598233,1.0011851838911427,-0.08365034589067477,0.14070359305225666,998
vol_control,0.0,development_2024_2025,0.3799568422862789,-0.39232205640116646,0.6040926034970573,0.39322287507311926,0.7101039925453213,0.7101039925453213,1.0,1.0,0.0,14.042463380181275,57,17543.916666666668,17543.916666666668,0.0,1239.1609785748494,1.0011851838911427,-0.08365034589067477,0.14070359305225666,731
vol_control,0.0,reused_2026,-0.00443236194431007,-0.378963744182403,0.1753602895410583,0.3863523241303391,0.7654564053829416,0.7654564053829416,1.0,1.0,0.0,3.500467533376965,13,6407.916666666667,6407.916666666667,0.0,154.06745068497392,0.9612990348935481,-0.06481433532246472,0.10853353952483569,267
vol_control,0.0,recent_2025H2_2026,0.03492791395039174,-0.5002474866677047,0.26536893733435124,0.3909830434616582,0.7648608195381379,0.7648608195381379,1.0,1.0,0.0,5.927903247906925,23,10823.916666666666,10823.916666666666,0.0,371.21512139865933,1.0011851838911427,-0.08365034589067477,0.10853353952483569,451
vol_control,4.0,all,0.3642332416731191,-0.5009105875824208,0.4845243332951438,0.3911782963553312,0.7249125993664607,0.7249125993664607,1.0,1.0,0.0,17.541830663960933,70,23951.833333333332,23951.833333333332,70.16732265584375,1393.2284292598242,1.0011851838911432,-0.08374067212733916,0.140703593052258,998
vol_control,4.0,development_2024_2025,0.37222738107798525,-0.3930727824817476,0.597002112721584,0.39315212043267106,0.7101039752966851,0.7101039752966851,1.0,1.0,0.0,14.041450245696023,57,17543.916666666668,17543.916666666668,56.16580098278412,1239.1609785748497,1.0011851838911432,-0.08374067212733916,0.140703593052258,731
vol_control,4.0,reused_2026,-0.005825666733756285,-0.3794564495800412,0.17042253901588209,0.38638019871651186,0.7654563954460194,0.7654563954460194,1.0,1.0,0.0,3.500380418264909,13,6407.916666666667,6407.916666666667,14.00152167305964,154.06745068497438,0.9612990348935513,-0.06490036726989767,0.10853353952483613,267
vol_control,4.0,recent_2025H2_2026,0.03247654185860882,-0.5009105875824734,0.2604825452156965,0.3910407889573114,0.7648608076959672,0.7648608076959672,1.0,1.0,0.0,5.927639941544006,23,10823.916666666666,10823.916666666666,23.710559766176022,371.21512139865973,1.0011851838911432,-0.08374067212733916,0.10853353952483613,451
vol_control,6.0,all,0.35945488063170195,-0.5012418203231187,0.48125127152865765,0.39115615942305965,0.7249125917215179,0.7249125917215179,1.0,1.0,0.0,17.541281504955407,70,23951.833333333332,23951.833333333332,105.24768902973243,1393.2284292598235,1.0011851838911427,-0.08378585547602324,0.1407035930522582,998
vol_control,6.0,development_2024_2025,0.36837895860773195,-0.39344780063036444,0.5934557938422168,0.3931170944070644,0.7101039666739571,0.7101039666739571,1.0,1.0,0.0,14.040944471935068,57,17543.916666666668,17543.916666666668,84.24566683161041,1239.1609785748487,1.0011851838911427,-0.08378585547602324,0.1407035930522582,731
vol_control,6.0,reused_2026,-0.006521642210360112,-0.37970267091228493,0.1679539034069414,0.3863944105686397,0.7654563904781051,0.7654563904781051,1.0,1.0,0.0,3.500337033020339,13,6407.916666666667,6407.916666666667,21.00202219812203,154.06745068497446,0.9612990348935528,-0.06494340050892677,0.10853353952483524,267
vol_control,6.0,recent_2025H2_2026,0.031252993877596946,-0.5012418203231684,0.25803990529464593,0.3910698930526014,0.7648608017757544,0.7648608017757544,1.0,1.0,0.0,5.92750865260091,23,10823.916666666666,10823.916666666666,35.56505191560545,371.21512139865985,1.0011851838911427,-0.08378585547602324,0.10853353952483524,451
vol_control,10.0,all,0.3499482728143313,-0.5019036512403678,0.4747038842170676,0.39111255169220255,0.7249125764342476,0.7249125764342476,1.0,1.0,0.0,17.540185117781817,70,23951.833333333332,23951.833333333332,175.40185117781814,1393.2284292598235,1.001185183891143,-0.08387626266432058,0.1407035930522591,998
vol_control,10.0,development_2024_2025,0.3607145745283822,-0.39419714802139727,0.5863610379094807,0.393047744875152,0.7101039494316754,0.7101039494316754,1.0,1.0,0.0,14.03993451072443,57,17543.916666666668,17543.916666666668,140.39934510724427,1239.1609785748485,1.001185183891143,-0.08387626266432058,0.1407035930522591,731
vol_control,10.0,reused_2026,-0.007912241049939372,-0.38019485113608575,0.1630171277883755,0.3864233832728105,0.7654563805433642,0.7654563805433642,1.0,1.0,0.0,3.500250607057387,13,6407.916666666667,6407.916666666667,35.00250607057387,154.06745068497457,0.9612990348935502,-0.06502950154071507,0.10853353952483413,267
vol_control,10.0,recent_2025H2_2026,0.02881016513808632,-0.5019036512403101,0.25315575043479827,0.391128563691604,0.7648607899370691,0.7648607899370691,1.0,1.0,0.0,5.927246802932862,23,10823.916666666666,10823.916666666666,59.27246802932862,371.2151213986599,1.001185183891143,-0.08387626266432058,0.10853353952483413,451
trend24,0.0,all,0.3663053303491237,-0.2872949576177749,0.6069888006709425,0.2319014741234505,0.03130050573988379,0.36749259945771773,0.9401750735851814,0.49498646589335543,0.44518860769182594,732.1368709334824,1670,37.92683571051242,28.0,0.0,166.8795313728661,0.981986742011949,-0.04194267078861791,0.1010374098022,998
trend24,0.0,development_2024_2025,0.09315069169007328,-0.2872949576177749,0.30636408780677016,0.23214426991420725,0.03649036610150427,0.35545834526678916,0.9392999472751714,0.5029663653593126,0.43633358191585875,519.1587413378477,1211,36.50815972222222,28.0,0.0,139.3238464397977,0.981986742011949,-0.04194267078861791,0.1010374098022,731
trend24,0.0,reused_2026,0.2498783019900448,-0.20288774045465519,1.4324160644696806,0.2313758373621873,0.017091444912120283,0.4004405860895355,0.9425710384290266,0.4731386956239027,0.46943234280512386,212.9781295956347,459,42.15734649122807,32.0,0.0,27.555684933068406,0.9456149000982395,-0.037025484019783894,0.0625790761210323,267
trend24,0.0,recent_2025H2_2026,0.2753642610117577,-0.2028877404546744,0.9858429996449003,0.2251752842807913,0.026044336537542623,0.3952120976025646,0.9471540646869971,0.4848445186970213,0.4623095459899759,353.6670637015175,773,39.648046398046404,32.0,0.0,53.49478482769544,0.981986742011949,-0.037025484019783894,0.0625790761210323,451
trend24,4.0,all,0.019442145887762274,-0.3198243848781507,0.1456942622277492,0.233514260299001,0.03130046010418512,0.3674922109600298,0.9401750735851814,0.49498646589335543,0.44518860769182594,732.0534172730592,1670,37.92683571051242,28.0,2928.213669092239,166.87953137286618,0.9819867420119497,-0.042444257963957344,0.1008788057376857,998
trend24,4.0,development_2024_2025,-0.11183647628700877,-0.3198243848781507,-0.13765756717475486,0.23376910265503945,0.036490315772790737,0.35545798450206967,0.9392999472751714,0.5029663653593126,0.43633358191585875,519.102265948661,1211,36.50815972222222,28.0,2076.409063794645,139.3238464397978,0.9819867420119497,-0.042444257963957344,0.1008788057376857,731
trend24,4.0,reused_2026,0.14780906744072775,-0.2237718853585966,0.9239533594036596,0.23298875086022786,0.01709141212519383,0.40044012166313114,0.9425710384290266,0.4731386956239027,0.46943234280512386,212.95115132439815,459,42.15734649122807,32.0,851.8046052975926,27.555684933068388,0.9456149000982393,-0.03749780101709699,0.0623820292975763,267
trend24,4.0,recent_2025H2_2026,0.10712330305538909,-0.22377188535861037,0.47533144222246965,0.2268918406150894,0.026044296987772657,0.39521165297645144,0.9471540646869971,0.4848445186970213,0.4623095459899759,353.6238523772734,773,39.648046398046404,32.0,1414.4954095090936,53.494784827695426,0.9819867420119497,-0.03749780101709699,0.0623820292975763,451
trend24,6.0,all,-0.1194176135364059,-0.359477636803888,-0.08248289046070019,0.2343456897987809,0.03130043729275351,0.3674920167609683,0.9401750735851814,0.49498646589335543,0.44518860769182594,732.0117072213137,1670,37.92683571051242,28.0,4392.070243327884,166.87953137286618,0.9819867420119488,-0.042781061350802285,0.10079954303199301,998
trend24,6.0,development_2024_2025,-0.19942986346719693,-0.3380202230962742,-0.3572524951835634,0.23460428589037335,0.036490290615398026,0.3554578041640202,0.9392999472751714,0.5029663653593126,0.43633358191585875,519.0740392051282,1211,36.50815972222222,28.0,3114.4442352307688,139.32384643979776,0.9819867420119488,-0.042781061350802285,0.10079954303199301,731
trend24,6.0,reused_2026,0.09994408519586795,-0.234007877250764,0.6723596793264843,0.23382586698793148,0.01709139573665252,0.40043988951469367,0.9425710384290266,0.4731386956239027,0.46943234280512386,212.93766801618574,459,42.15734649122807,32.0,1277.6260080971144,27.555684933068402,0.9456149000982395,-0.03773387275926943,0.06228355531379415,267
trend24,6.0,recent_2025H2_2026,0.031518111888966915,-0.24249692441977377,0.22302652347397023,0.22777747901416232,0.026044277218928494,0.39521143072349607,0.9471540646869971,0.4848445186970213,0.4623095459899759,353.6022558666039,773,39.648046398046404,32.0,2121.6135351996236,53.494784827695455,0.9819867420119488,-0.03773387275926943,0.06228355531379415,451
trend24,10.0,all,-0.34297059839198896,-0.4809898609468022,-0.53374433459599,0.23605762007453107,0.03130039168271152,0.36749162846234307,0.9401750735851814,0.49498646589335543,0.44518860769182594,731.9283206573227,1670,37.92683571051242,28.0,7319.283206573226,166.87953137286624,0.981986742011949,-0.04345432318428688,0.10064109620875672,998
trend24,10.0,development_2024_2025,-0.3495524360312836,-0.41313469214525944,-0.7914875224151617,0.2363192765668757,0.03649024031452651,0.35545744357648357,0.9392999472751714,0.5029663653593126,0.43633358191585875,519.0176076092033,1211,36.50815972222222,28.0,5190.176076092032,139.32384643979782,0.981986742011949,-0.04345432318428688,0.10064109620875672,731
trend24,10.0,reused_2026,0.010118936565684855,-0.25407671957001676,0.17468216880569298,0.23556017020309233,0.01709136296939964,0.40043942534725535,0.9425710384290266,0.4731386956239027,0.46943234280512386,212.9107130481193,459,42.15734649122807,32.0,2129.107130481193,27.555684933068402,0.945614900098239,-0.03820584283670114,0.06208670611948919,267
trend24,10.0,recent_2025H2_2026,-0.1045557181020097,-0.29319023841468494,-0.2754963287402146,0.22960228289069567,0.026044237693306098,0.39521098633770313,0.9471540646869971,0.4848445186970213,0.4623095459899759,353.5590811382743,773,39.648046398046404,32.0,3535.5908113827427,53.49478482769544,0.981986742011949,-0.03820584283670114,0.06208670611948919,451
trend168,0.0,all,0.5091477045265393,-0.19762405299838637,0.7517366361215726,0.2373931538672669,0.06775412676002293,0.3824349632821794,0.9563846887155472,0.5096826269387869,0.4467020617767603,198.56571342931525,605,194.5352303523035,164.0,0.0,359.6674046835138,0.8944987438038202,-0.04864708991060862,0.09984112691874247,998
trend168,0.0,development_2024_2025,0.26714448683820424,-0.19762405299838637,0.6092565130569041,0.24141419838355963,0.07523483073712203,0.37402779423655136,0.9545901475820203,0.5113975879578392,0.44319255962418125,136.0610126619443,421,192.5265567765568,164.0,0.0,333.17063245629305,0.8944987438038202,-0.04864708991060862,0.09984112691874247,731
trend168,0.0,reused_2026,0.1909831279714187,-0.12493150706297507,1.167651326959285,0.22639774149142294,0.047273079017169206,0.4054525337050801,0.9612978737239092,0.5049873203719357,0.45631055335197346,62.50470076737094,184,194.1792929292929,164.0,0.0,26.49677222722074,0.8846498432022043,-0.04201886104621222,0.04997299162048541,267
trend168,0.0,recent_2025H2_2026,0.27096633503954526,-0.17169624292201846,0.9530350223749682,0.23160213469810306,0.061761116065028175,0.40729821347514045,0.9626752484852218,0.5173650942742538,0.445310154210968,97.47332756888063,285,183.45621468926555,160.0,0.0,83.68329387600139,0.8944987438038202,-0.04201886104621222,0.04997299162048541,451
trend168,4.0,all,0.39391800051068415,-0.2079712985676312,0.6287130381281714,0.2377723633126467,0.06775410911652004,0.38243486861918213,0.9563846887155472,0.5096826269387869,0.4467020617767603,198.55015085494205,605,194.5352303523035,164.0,794.2006034197684,359.66740468351367,0.8944987438038219,-0.04883303563612884,0.09974758123381045,998
trend168,4.0,development_2024_2025,0.20002387302139812,-0.2079712985676312,0.496254745383223,0.24180961721069974,0.0752348156598982,0.3740277101627363,0.9545901475820203,0.5113975879578392,0.44319255962418125,136.0509620700322,421,192.5265567765568,164.0,544.2038482801289,333.1706324562929,0.8944987438038219,-0.04883303563612884,0.09974758123381045,731
trend168,4.0,reused_2026,0.16157522516685563,-0.13269238574048847,1.0154140220610282,0.22673805265676952,0.04727305434757825,0.4054524100504871,0.9612978737239092,0.5049873203719357,0.45631055335197346,62.499188784909855,184,194.1792929292929,164.0,249.99675513963948,26.496772227220774,0.8846498432022054,-0.04233986098426212,0.04997299162048696,267
trend168,4.0,recent_2025H2_2026,0.2223654740547898,-0.17648571867594054,0.8157258907542037,0.23200137285620456,0.06176109308507661,0.40729810274896766,0.9626752484852218,0.5173650942742538,0.445310154210968,97.46510400606145,285,183.45621468926555,160.0,389.86041602424575,83.6832938760015,0.8944987438038219,-0.04233986098426212,0.04997299162048696,451
trend168,6.0,all,0.3396457149181329,-0.2130947878022933,0.5673423653035805,0.23796906360491288,0.0677541002963355,0.3824348212971037,0.9563846887155472,0.5096826269387869,0.4467020617767603,198.5423733621547,605,194.5352303523035,164.0,1191.254240172928,359.6674046835139,0.8944987438038213,-0.04892602716548888,0.09970079125117048,998
trend168,6.0,development_2024_2025,0.16780881448201845,-0.2130947878022933,0.43989056274187743,0.24201365887370785,0.07523480812267239,0.3740276681337481,0.9545901475820203,0.5113975879578392,0.44319255962418125,136.04593915851942,421,192.5265567765568,164.0,816.2756349511162,333.17063245629316,0.8944987438038213,-0.04892602716548888,0.09970079125117048,731
trend168,6.0,reused_2026,0.14714471949979635,-0.1365469629637377,0.9394433256353805,0.226917388924056,0.04727304201484483,0.40545234823671944,0.9612978737239092,0.5049873203719357,0.45631055335197346,62.49643420363529,184,194.1792929292929,164.0,374.9786052218117,26.49677222722068,0.8846498432022045,-0.04250032393668901,0.04997299162048763,267
trend168,6.0,recent_2025H2_2026,0.1987664374160807,-0.17887006540599204,0.7472352977435041,0.23220897031801616,0.061761081596826944,0.4072980473973876,0.9626752484852218,0.5173650942742538,0.445310154210968,97.46099432871601,285,183.45621468926555,160.0,584.7659659722959,83.68329387600134,0.8944987438038213,-0.04250032393668901,0.04997299162048763,451
trend168,10.0,all,0.23735810962303572,-0.22649619969316037,0.44490049354001004,0.23837658369719483,0.0677540826590962,0.38243472667177303,0.9563846887155472,0.5096826269387869,0.4467020617767603,198.52682596211872,605,194.5352303523035,164.0,1985.2682596211873,359.66740468351395,0.8944987438038233,-0.04911204756992327,0.09960717698459298,998
trend168,10.0,development_2024_2025,0.10594989540022937,-0.22649619969316037,0.32744924524421887,0.2424343424084875,0.07523479305098903,0.37402758409159925,0.9545901475820203,0.5113975879578392,0.44319255962418125,136.03589810242977,421,192.5265567765568,164.0,1360.3589810242977,333.1706324562933,0.8944987438038233,-0.04911204756992327,0.09960717698459298,731
trend168,10.0,reused_2026,0.11881931972604409,-0.14420477667670184,0.7878276571247845,0.22729433146615438,0.04727301735349738,0.4054522246362211,0.9612978737239092,0.5049873203719357,0.45631055335197346,62.49092785968902,184,194.1792929292929,164.0,624.9092785968902,26.496772227220724,0.8846498432022046,-0.04282117583679157,0.04997299162048652,267
trend168,10.0,recent_2025H2_2026,0.15292630656679318,-0.18844211510339803,0.6106042913433466,0.23264003546748085,0.061761058623775254,0.40729793671722286,0.9626752484852218,0.5173650942742538,0.445310154210968,97.45277918028171,285,183.45621468926555,160.0,974.5277918028172,83.68329387600147,0.8944987438038233,-0.04282117583679157,0.04997299162048652,451
trend_multi,0.0,all,0.5032284078976983,-0.20628818888542133,0.7753811005746153,0.22435651038149998,0.049329605561052245,0.3403917991766169,0.9244421095114501,0.4782862828871833,0.4461558266242668,424.3806349308948,1130,70.59537856440511,44.0,0.0,289.23434563436376,0.9185079352640404,-0.046923609720667336,0.09021612001383583,998
trend_multi,0.0,development_2024_2025,0.2740008664763691,-0.20628818888542133,0.6406620079273132,0.22929447461577007,0.05977309485106792,0.33453512891791753,0.9258004911484038,0.4929296479786441,0.4328708431697597,295.4149230460515,805,69.26449275362319,44.0,0.0,260.8342787060304,0.9114502846176744,-0.046923609720667336,0.09021612001383583,731
trend_multi,0.0,reused_2026,0.17992730417449687,-0.18538029461000138,1.17777418554889,0.21061051740383155,0.020736895114870754,0.3564264856913865,0.9207230639183301,0.43819494115352103,0.48252812276480916,128.9657118848433,325,73.65421455938697,44.0,0.0,28.400066928333448,0.9185079352640404,-0.02375952043540941,0.06455515522401467,267
trend_multi,0.0,recent_2025H2_2026,0.28045697036297845,-0.1853802946100026,1.0339766121764689,0.21580532420060217,0.03993043790195866,0.35758983901802593,0.9127857291337855,0.46008453501890106,0.45270119411488446,206.1255440893436,536,73.63208616780045,48.0,0.0,77.35723536487983,0.9185079352640404,-0.03484352469881835,0.06455515522401467,451
trend_multi,4.0,all,0.2685349697698669,-0.23434275961820006,0.4973289914988382,0.2254007887621809,0.04932958444410519,0.34039159510882255,0.9244421095114501,0.4782862828871833,0.4461558266242668,424.3408112312597,1130,70.59537856440511,44.0,1697.363244925039,289.2343456343636,0.9185079352640417,-0.04724417053721286,0.09004638934173914,998
trend_multi,4.0,development_2024_2025,0.1320116338237145,-0.23434275961820006,0.38263642338028353,0.23029594721021193,0.059773078250053936,0.3345349407949772,0.9258004911484038,0.4929296479786441,0.4328708431697597,295.3880314498763,805,69.26449275362319,44.0,1181.5521257995053,260.8342787060302,0.9114502846176749,-0.04724417053721286,0.09004638934173914,731
trend_multi,4.0,reused_2026,0.12060241420373052,-0.20003516520240383,0.8392328216937425,0.21179817124649875,0.020736861633974837,0.35642623796896866,0.9207230639183301,0.43819494115352103,0.48252812276480916,128.9527797813834,325,73.65421455938697,44.0,515.8111191255335,28.400066928333462,0.9185079352640417,-0.02433892240208857,0.06429040497569738,267
trend_multi,4.0,recent_2025H2_2026,0.1791179297308434,-0.20003516520239695,0.7218754303651589,0.216989309544514,0.039930407174495405,0.3575896111568762,0.9127857291337855,0.46008453501890106,0.45270119411488446,206.1056244703425,536,73.63208616780045,48.0,824.4224978813701,77.35723536487986,0.9185079352640417,-0.035393292633258966,0.06429040497569738,451
trend_multi,6.0,all,0.16530922321052843,-0.2498272138077492,0.35927797656544275,0.22593736911289175,0.04932957388779641,0.34039149309763583,0.9244421095114501,0.4782862828871833,0.4461558266242668,424.32090758411897,1130,70.59537856440511,44.0,2545.9254455047135,289.23434563436376,0.9185079352640396,-0.047404422646636246,0.08996156260435284,998
trend_multi,6.0,development_2024_2025,0.06706649298979706,-0.2498272138077492,0.25447942013838004,0.23081008927371427,0.05977306995073828,0.33453484675349543,0.9258004911484038,0.4929296479786441,0.4328708431697597,295.37459098400456,805,69.26449275362319,44.0,1772.2475459040268,260.83427870603043,0.9114502846176777,-0.047404422646636246,0.08996156260435284,731
trend_multi,6.0,reused_2026,0.0920680490539676,-0.20726343134082414,0.6713719377274874,0.2124089879866321,0.020736844898356737,0.3564261141379224,0.9207230639183301,0.43819494115352103,0.48252812276480916,128.9463166001144,325,73.65421455938697,44.0,773.6778996006863,28.400066928333445,0.9185079352640396,-0.02462852008344274,0.06415807353372949,267
trend_multi,6.0,recent_2025H2_2026,0.1314968806635588,-0.20726343134082736,0.5670978791244834,0.217596441288209,0.03993039181477542,0.3575894972529552,0.9127857291337855,0.46008453501890106,0.45270119411488446,206.09566900547867,536,73.63208616780045,48.0,1236.5740140328721,77.35723536487983,0.9185079352640396,-0.03566804974353033,0.06415807353372949,451
trend_multi,10.0,all,-0.01662611889886567,-0.28253711029069717,0.08519089301554485,0.22703902852182767,0.04932955277950224,0.3403912891206516,0.9244421095114501,0.4782862828871833,0.4461558266242668,424.2811166876126,1130,70.59537856440511,44.0,4242.811166876126,289.23434563436393,0.9185079352640412,-0.04772487028443462,0.08979198626842688,998
trend_multi,10.0,development_2024_2025,-0.051859531720142016,-0.27986296442145175,-6.792565259763503e-05,0.23186484882525032,0.05977305335448483,0.3345346587104816,0.9258004911484038,0.4929296479786441,0.4328708431697597,295.3477207119895,805,69.26449275362319,44.0,2953.4772071198945,260.83427870603055,0.9114502846176739,-0.04772487028443462,0.08979198626842688,731
trend_multi,10.0,reused_2026,0.037160541080036635,-0.22152460436719812,0.3385637347792298,0.213664063746513,0.020736811436770506,0.3564258665361126,0.9207230639183301,0.43819494115352103,0.48252812276480916,128.93339597562314,325,73.65421455938697,44.0,1289.3339597562315,28.400066928333462,0.9185079352640412,-0.025207508944283696,0.06389349792505294,267
trend_multi,10.0,recent_2025H2_2026,0.04194687035263822,-0.2215246043671958,0.2601611150202711,0.2188405167761681,0.03993036110334972,0.35758926949838377,0.9127857291337855,0.46008453501890106,0.45270119411488446,206.07576676083607,536,73.63208616780045,48.0,2060.7576676083604,77.35723536487987,0.9185079352640412,-0.036217310404734415,0.06389349792505294,451
trend_multi_long_only,0.0,all,0.3958545521241834,-0.17505877163636852,0.7728229064011387,0.17801314222821088,0.20923999249422773,0.20923999249422773,0.5905776175797259,0.5905776175797259,0.0,206.82346935355832,652,217.14069264069263,160.0,0.0,514.7526944594446,0.9185079352640414,-0.0426025903095546,0.09021612001383894,998
trend_multi_long_only,0.0,development_2024_2025,0.3057916386090025,-0.17505877163636852,0.817682559007305,0.1831097380136843,0.20653913101201588,0.20653913101201588,0.5659796605661032,0.5659796605661032,0.0,140.0600408434049,462,204.96408045977012,160.0,0.0,456.795166193197,0.9114502846176755,-0.0426025903095546,0.09021612001383894,731
trend_multi_long_only,0.0,reused_2026,0.06897188713158098,-0.11555394272661601,0.6376758334139134,0.1635624152859005,0.21663454695505896,0.21663454695505896,0.6579231419468106,0.6579231419468106,0.0,66.76342851015347,190,241.59583333333336,158.0,0.0,57.957528266247536,0.9185079352640414,-0.020937188261236805,0.06455515522401445,267
trend_multi_long_only,0.0,recent_2025H2_2026,0.16606391777632412,-0.15532068165844926,0.8467707002324926,0.16216108186468028,0.22154849253070463,0.22154849253070463,0.6396868046840716,0.6396868046840716,0.0,104.73769945012752,313,256.49739583333337,188.0,0.0,141.72583803294478,0.9185079352640414,-0.030632810303638625,0.06455515522401445,451
trend_multi_long_only,4.0,all,0.28502357343585727,-0.18359216503463305,0.602073522183203,0.17832812880413318,0.20923990133648518,0.20923990133648518,0.5905776175797259,0.5905776175797259,0.0,206.8086915168617,652,217.14069264069263,160.0,827.2347660674469,514.7526944594446,0.918507935264042,-0.04291093375620114,0.09004638934173959,998
trend_multi_long_only,4.0,development_2024_2025,0.2346472682977585,-0.18359216503463305,0.6640586130794576,0.1834233006127091,0.2065390488710437,0.2065390488710437,0.5659796605661032,0.5659796605661032,0.0,140.05049923662236,462,204.96408045977012,160.0,560.2019969464893,456.795166193197,0.9114502846176736,-0.04291093375620114,0.09004638934173959,731
trend_multi_long_only,4.0,reused_2026,0.04080218409847425,-0.13062173038911096,0.41396546415800944,0.16387873973324507,0.21663443111074873,0.21663443111074873,0.6579231419468106,0.6579231419468106,0.0,66.75819228023936,190,241.59583333333336,158.0,267.0327691209574,57.95752826624751,0.918507935264042,-0.021512043509982037,0.06429040497569716,267
trend_multi_long_only,4.0,recent_2025H2_2026,0.11822044290607536,-0.1781516080283,0.6366026459878508,0.16251414996552221,0.22154838488837578,0.22154838488837578,0.6396868046840716,0.6396868046840716,0.0,104.72980217198547,313,256.49739583333337,188.0,418.9192086879419,141.7258380329447,0.918507935264042,-0.0308186740332127,0.06429040497569716,451
trend_multi_long_only,6.0,all,0.23295308855096697,-0.194144132626916,0.516912893719204,0.1784948317138229,0.20923985576745444,0.20923985576745444,0.5905776175797259,0.5905776175797259,0.0,206.80130655558858,652,217.14069264069263,160.0,1240.8078393335318,514.7526944594447,0.9185079352640408,-0.04306510547952258,0.0899615626043575,998
trend_multi_long_only,6.0,development_2024_2025,0.20054214661463554,-0.194144132626916,0.5874313353099924,0.1835877016176817,0.20653900780892298,0.20653900780892298,0.5659796605661032,0.5659796605661032,0.0,140.04573097153462,462,204.96408045977012,160.0,840.2743858292077,456.7951661931971,0.9114502846176753,-0.04306510547952258,0.0899615626043575,731
trend_multi_long_only,6.0,reused_2026,0.026996921372081095,-0.1397435975735728,0.3024306390134473,0.16405072842572624,0.21663437320247292,0.21663437320247292,0.6579231419468106,0.6579231419468106,0.0,66.75557558405397,190,241.59583333333336,158.0,400.5334535043238,57.95752826624752,0.9185079352640408,-0.021799350740143053,0.06415807353372616,267
trend_multi_long_only,6.0,recent_2025H2_2026,0.09503992186179899,-0.19110015065351926,0.5318413291967236,0.1627025246655217,0.22154833107949387,0.22154833107949387,0.6396868046840716,0.6396868046840716,0.0,104.72585572988427,313,256.49739583333337,188.0,628.3551343793056,141.72583803294472,0.9185079352640408,-0.03091162316801188,0.06415807353372616,451
trend_multi_long_only,10.0,all,0.13505643391829047,-0.2171844270955412,0.34706179705405066,0.17884655573692676,0.20923976464905822,0.20923976464905822,0.5905776175797259,0.5905776175797259,0.0,206.78654454356652,652,217.14069264069263,160.0,2067.8654454356656,514.7526944594447,0.9185079352640424,-0.043373448926168456,0.08979198626842955,998
trend_multi_long_only,10.0,development_2024_2025,0.13513218579586095,-0.21648520896208434,0.43457643486573794,0.18393166318449128,0.20653892570139895,0.20653892570139895,0.5659796605661032,0.5659796605661032,0.0,140.0361995157688,462,204.96408045977012,160.0,1400.361995157688,456.7951661931972,0.9114502846176744,-0.043373448926168456,0.08979198626842955,731
trend_multi_long_only,10.0,reused_2026,-6.673397058365449e-05,-0.1577012528118661,0.08009219868149568,0.16442218896290947,0.21663425741365766,0.21663425741365766,0.6579231419468106,0.6579231419468106,0.0,66.75034502779775,190,241.59583333333336,158.0,667.5034502779775,57.957528266247515,0.9185079352640424,-0.022373724598340083,0.06389349792505272,267
trend_multi_long_only,10.0,recent_2025H2_2026,0.0501104490711306,-0.21718442709590657,0.32303672533512967,0.16310279787790724,0.22154822348627495,0.22154822348627495,0.6396868046840716,0.6396868046840716,0.0,104.7179672374994,313,256.49739583333337,188.0,1047.179672374994,141.72583803294472,0.9185079352640424,-0.031097555988321868,0.06389349792505272,451
state_ridge,0.0,all,1.3277873979902775,-0.1711709141427884,1.3797759473641735,0.245693192579902,0.2002046493904226,0.36266436612319614,0.6736784240593969,0.48262833046878806,0.19105009359060893,559.4727765725697,1163,35.07789855072463,20.0,0.0,119.94763311171164,1.0007331565798874,-0.044847104515084335,0.09251956505743086,998
state_ridge,0.0,development_2024_2025,1.201632641209815,-0.16433250846406566,1.8027099712180705,0.23371433404131317,0.1321586231109159,0.32319460761295904,0.6548091218703539,0.42772185990395534,0.2270872619663986,438.494354085242,930,30.716354723707664,16.0,0.0,57.88592534699787,1.0007331565798874,-0.044847104515084335,0.08014726479097845,731
state_ridge,0.0,reused_2026,0.05730054797465467,-0.1496341416785011,0.41174240320855776,0.2759738665495009,0.3865044838991125,0.47072665690783344,0.725339749008388,0.6329540282203004,0.09238572078808766,120.97842248732795,233,53.4243295019157,24.0,0.0,62.06170776471377,1.0003732295770296,-0.040718986068061014,0.09251956505743086,267
state_ridge,0.0,recent_2025H2_2026,0.28250218771811797,-0.17117091414288044,0.9292401928952021,0.24992341936747672,0.26602504873435945,0.3997308648549256,0.6814384811412998,0.525487539168662,0.15595094197263776,230.711913892103,462,41.20577281191806,20.0,0.0,102.36441333098156,1.0003732295770296,-0.040718986068061014,0.09251956505743086,451
state_ridge,4.0,all,0.8610275358117099,-0.2116800682375416,1.0462302471107074,0.24575608047878927,0.20020453520571332,0.3626641006880785,0.6736784240593969,0.48262833046878806,0.19105009359060893,559.4118425260318,1163,35.07789855072463,20.0,2237.6473701041273,119.94763311171151,1.0007331565798878,-0.04484710451508622,0.0925195650574302,998
state_ridge,4.0,development_2024_2025,0.8474407820028622,-0.17879376405429126,1.4282609204727732,0.23359747774165096,0.13215851940728746,0.32319433390091146,0.6548091218703539,0.42772185990395534,0.2270872619663986,438.4476326250805,930,30.716354723707664,16.0,1753.7905305003223,57.885925346997716,1.0007331565798878,-0.04484710451508622,0.07939798129630438,731
state_ridge,4.0,reused_2026,0.007354364990355133,-0.17848343140344058,0.1722121070162207,0.2765017050785967,0.3865043410187728,0.47072641413371075,0.725339749008388,0.6329540282203004,0.09238572078808766,120.96420990095126,233,53.4243295019157,24.0,483.8568396038051,62.061707764713795,1.00037322957703,-0.04098206363941137,0.0925195650574302,267
state_ridge,4.0,recent_2025H2_2026,0.16944355454868587,-0.21168006823752883,0.6296389563249543,0.25034538591768135,0.2660249309399073,0.3997306070939411,0.6814384811412998,0.525487539168662,0.15595094197263776,230.68552159952625,462,41.20577281191806,20.0,922.742086398105,102.36441333098159,1.00037322957703,-0.04098206363941137,0.0925195650574302,451
state_ridge,6.0,all,0.6640161304708929,-0.23139385742681462,0.879483224773361,0.24581316315813917,0.20020447813394748,0.3626639680137155,0.6736784240593969,0.48262833046878806,0.19105009359060893,559.3813893243592,1163,35.07789855072463,20.0,3356.288335946155,119.94763311171165,1.0007331565798874,-0.04484710451508611,0.09251956505743131,998
state_ridge,6.0,development_2024_2025,0.6923234988524749,-0.18716291946610142,1.2408138206001778,0.2335658992042013,0.13215846757394956,0.3231941970881662,0.6548091218703539,0.42772185990395534,0.2270872619663986,438.42428191209893,930,30.716354723707664,16.0,2630.5456914725933,57.88592534699787,1.0007331565798874,-0.04484710451508611,0.0790235356993978,731
state_ridge,6.0,reused_2026,-0.01672692508310658,-0.19525716401911974,0.05282327289316839,0.276787091880167,0.3865042696049754,0.47072629278961925,0.725339749008388,0.6329540282203004,0.09238572078808766,120.95710741226024,233,53.4243295019157,24.0,725.7426444735614,62.061707764713766,1.0003732295770282,-0.04111360242508866,0.09251956505743131,267
state_ridge,6.0,recent_2025H2_2026,0.11670853437136475,-0.23139385742686258,0.4802178943509338,0.2505803858593802,0.2660248720646744,0.3997304782576861,0.6814384811412998,0.525487539168662,0.15595094197263776,230.6723319119664,462,41.20577281191806,20.0,1384.0339914717983,102.36441333098158,1.0003732295770282,-0.04111360242508866,0.09251956505743131,451
state_ridge,10.0,all,0.3303532296501648,-0.2705759834432987,0.5462148169150283,0.2459784638255655,0.20020436403155467,0.3626637027513159,0.6736784240593969,0.48262833046878806,0.19105009359060893,559.3205105464499,1163,35.07789855072463,20.0,5593.205105464497,119.94763311171162,1.0007331565798872,-0.04484710451508733,0.09251956505742842,998
state_ridge,10.0,development_2024_2025,0.4200680019928942,-0.20531815956144173,0.8656897685396403,0.23355638913620552,0.13215836394419314,0.32319392354917054,0.6548091218703539,0.42772185990395534,0.2270872619663986,438.37760050792104,930,30.716354723707664,16.0,4383.77600507921,57.88592534699781,1.0007331565798872,-0.04484710451508733,0.07827503642983524,731
state_ridge,10.0,reused_2026,-0.06317639170566391,-0.22778418406721057,-0.18511349959750753,0.27740051244541286,0.3865041268300718,0.47072605018730085,0.725339749008388,0.6329540282203004,0.09238572078808766,120.9429100385287,233,53.4243295019157,24.0,1209.429100385287,62.06170776471381,1.0003732295770296,-0.04137667999643846,0.09251956505742842,267
state_ridge,10.0,recent_2025H2_2026,0.018265345271743838,-0.2705759834432361,0.18227439312947813,0.2510981189804489,0.2660247543581515,0.3997302206735788,0.6814384811412998,0.525487539168662,0.15595094197263776,230.64596544556346,462,41.20577281191806,20.0,2306.4596544556352,102.36441333098159,1.0003732295770296,-0.04137667999643846,0.09251956505742842,451
state_tree,0.0,all,0.46739971089464394,-0.31820268328251955,0.6918006084190218,0.24643060504588946,0.21763715056767596,0.32655215775064755,0.6578202086131194,0.5248867518839894,0.13293345672912998,468.970785186211,900,41.682539682539684,16.0,0.0,250.69405047147475,1.000279414120096,-0.08085144716117176,0.0808553153736371,998
state_tree,0.0,development_2024_2025,0.9626626272356467,-0.21741386563409648,1.4994160498081728,0.2443768452032073,0.18858144794743512,0.33024905765368207,0.6732818118341115,0.5006863727692885,0.17259543906482305,389.69663405781233,733,35.90273556231003,16.0,0.0,231.37788051852033,1.000099449349462,-0.04632373111898569,0.0808553153736371,731
state_tree,0.0,reused_2026,-0.25234235852273024,-0.31820268328254564,-1.4622330347214505,0.25028420520991107,0.2971873151496573,0.3164305991852509,0.6154886533584758,0.5911437674751284,0.024344885883347423,79.27415112839859,167,80.48979591836735,32.0,0.0,19.316169952954404,1.000279414120096,-0.08085144716117176,0.06547671849450998,267
state_tree,0.0,recent_2025H2_2026,0.015231601801121819,-0.3182026832825323,0.1700291857707894,0.23683089747373529,0.2547239965595231,0.28549017360283024,0.59645692024606,0.5406545689714906,0.05580235127456944,151.28551942274046,309,60.905660377358494,26.0,0.0,79.5772552503573,1.000279414120096,-0.08085144716117176,0.06547671849450998,451
state_tree,4.0,all,0.21640947531842758,-0.33821964321022135,0.41328586954414825,0.24653998385227505,0.21763702921644762,0.3265519126994429,0.6578202086131194,0.5248867518839894,0.13293345672912998,468.9125037316211,900,41.682539682539684,16.0,1875.6500149264846,250.69405047147475,1.0002794141200964,-0.08085144716117165,0.08010562647936426,998
state_tree,4.0,development_2024_2025,0.6793774996203756,-0.25413160316324723,1.180407384603007,0.24445707816714715,0.1885813328451949,0.3302487818795753,0.6732818118341115,0.5006863727692885,0.17259543906482305,389.64692584244597,733,35.90273556231003,16.0,1558.5877033697839,231.37788051852036,1.000099449349464,-0.04670520977614245,0.08010562647936426,731
state_tree,4.0,reused_2026,-0.27567835367968707,-0.3382196432102754,-1.63229891284222,0.25067211632416914,0.2971871766896347,0.31643043824875366,0.6154886533584758,0.5911437674751284,0.024344885883347423,79.26557788917509,167,80.48979591836735,32.0,317.06231155670037,19.316169952954425,1.0002794141200964,-0.08085144716117165,0.06547671849451042,267
state_tree,4.0,recent_2025H2_2026,-0.04438243885463122,-0.33821964321025977,-0.036266215891136794,0.23723599855162936,0.2547238508495171,0.2854900000457342,0.59645692024606,0.5406545689714906,0.05580235127456944,151.26873754549527,309,60.905660377358494,26.0,605.0749501819811,79.57725525035734,1.0002794141200964,-0.08085144716117165,0.06547671849451042,451
state_tree,6.0,all,0.1075044172045394,-0.3480066741314516,0.2741369691764556,0.24662790162767054,0.21763696856251472,0.3265517902148834,0.6578202086131194,0.5248867518839894,0.13293345672912998,468.8833759157535,900,41.682539682539684,16.0,2813.300255494522,250.69405047147472,1.0002794141200957,-0.0808514471611721,0.07973097824869235,998
state_tree,6.0,development_2024_2025,0.5534585090677944,-0.2718393324978945,1.0208838686077,0.24453592936826898,0.18858127531549515,0.33024864403914617,0.6732818118341115,0.5006863727692885,0.17259543906482305,389.6220823087623,733,35.90273556231003,16.0,2337.7324938525735,231.37788051852024,1.000099449349464,-0.046895949104719836,0.07973097824869235,731
state_tree,6.0,reused_2026,-0.2870717751779409,-0.34800667413151676,-1.717009251713278,0.2508810348166574,0.29718710748201915,0.31643035780626705,0.6154886533584758,0.5911437674751284,0.024344885883347423,79.26129360699127,167,80.48979591836735,32.0,475.56776164194764,19.316169952954475,1.0002794141200957,-0.0808514471611721,0.06547671849450998,267
state_tree,6.0,recent_2025H2_2026,-0.07286363104980331,-0.3480066741315083,-0.13911090946228732,0.23745639267698204,0.25472377801916657,0.28548991329595885,0.59645692024606,0.5406545689714906,0.05580235127456944,151.26035089887102,309,60.905660377358494,26.0,907.562105393226,79.57725525035735,1.0002794141200957,-0.0808514471611721,0.06547671849450998,451
state_tree,10.0,all,-0.08192791014549738,-0.3671487007176334,-0.0037570807569567576,0.24686993518592715,0.21763684729797209,0.326551545327788,0.6578202086131194,0.5248867518839894,0.13293345672912998,468.8251460899467,900,41.682539682539684,16.0,4688.251460899465,250.69405047147453,1.0002794141200957,-0.08085144716117043,0.07898207384358469,998
state_tree,10.0,development_2024_2025,0.3292365891879159,-0.3147613458330686,0.7020517247410107,0.24477080181648828,0.18858116029889688,0.33024836845146716,0.6732818118341115,0.5006863727692885,0.17259543906482305,389.5724163755327,733,35.90273556231003,16.0,3895.724163755325,231.37788051852016,1.0000994493494626,-0.047277427761877266,0.07898207384358469,731
state_tree,10.0,reused_2026,-0.3093237898188407,-0.3671487007176749,-1.8857382208879458,0.2513286369132502,0.29718696911153997,0.3164301969727739,0.6154886533584758,0.5911437674751284,0.024344885883347423,79.25272971441402,167,80.48979591836735,32.0,792.5272971441402,19.316169952954425,1.0002794141200957,-0.08085144716117043,0.06547671849450998,267
state_tree,10.0,recent_2025H2_2026,-0.12730476933622115,-0.3671487007176777,-0.3441203102987925,0.237932656996484,0.2547236324077281,0.28548973985390586,0.59645692024606,0.5406545689714906,0.05580235127456944,151.2435861839179,309,60.905660377358494,26.0,1512.4358618391789,79.57725525035733,1.0002794141200957,-0.08085144716117043,0.06547671849450998,451
state_tree_long_only,0.0,all,0.42252527325302647,-0.3127312783249231,0.6663447002421378,0.23451284585831264,0.28146214981001755,0.28146214981001755,0.5828363869154066,0.5828363869154066,0.0,329.0735617240749,667,66.79425837320574,20.0,0.0,456.254308598891,1.0002794141200955,-0.08085144716116999,0.08085531537363488,998
state_tree_long_only,0.0,development_2024_2025,0.8686808561129902,-0.1460565862362655,1.4815654729389616,0.22820141965972063,0.2731112307542257,0.2731112307542257,0.5852740978591819,0.5852740978591819,0.0,258.14990783530646,516,60.046783625730995,16.0,0.0,433.71869991533083,1.0000994493494617,-0.05152251761945581,0.08085531537363488,731
state_tree_long_only,0.0,reused_2026,-0.2387542963264866,-0.31273127832494074,-1.3685317643266977,0.24957400470908922,0.30432571618050563,0.30432571618050563,0.5761622992392224,0.5761622992392224,0.0,70.92365388876847,151,97.15789473684211,38.0,0.0,22.535608683560056,1.0002794141200955,-0.08085144716116999,0.06547671849451131,267
state_tree_long_only,0.0,recent_2025H2_2026,-0.057570744889471004,-0.31273127832493564,-0.08717106925381973,0.23467263172068836,0.2749459341483613,0.2749459341483613,0.5672623126255899,0.5672623126255899,0.0,133.08320654203044,273,77.72151898734177,28.0,0.0,93.18989267927181,1.0002794141200955,-0.08085144716116999,0.06547671849451131,451
state_tree_long_only,4.0,all,0.24707894875558023,-0.3256553945789378,0.4610069647924485,0.23455037097305842,0.2814619824079009,0.2814619824079009,0.5828363869154066,0.5828363869154066,0.0,329.03709055058556,667,66.79425837320574,20.0,1316.148362202343,456.25430859889093,1.0002794141200946,-0.08085144716117154,0.08010562647936292,998
state_tree_long_only,4.0,development_2024_2025,0.6853487387770494,-0.16505079738941486,1.255817783836623,0.22813032348803783,0.2731110558903446,0.2731110558903446,0.5852740978591819,0.5852740978591819,0.0,258.1209361719785,516,60.046783625730995,16.0,1032.4837446879146,433.71869991533083,1.0000994493494633,-0.05211704396295569,0.08010562647936292,731
state_tree_long_only,4.0,reused_2026,-0.26004694455071165,-0.32565539457891013,-1.5210423866480127,0.2499546942637767,0.30432556920758275,0.30432556920758275,0.5761622992392224,0.5761622992392224,0.0,70.91615437860705,151,97.15789473684211,38.0,283.6646175144282,22.535608683560017,1.0002794141200946,-0.08085144716117154,0.06547671849451087,267
state_tree_long_only,4.0,recent_2025H2_2026,-0.10642746165619077,-0.32565539457889303,-0.26986378388487947,0.23506045688021687,0.27494577825847294,0.27494577825847294,0.5672623126255899,0.5672623126255899,0.0,133.06867790951975,273,77.72151898734177,28.0,532.274711638079,93.18989267927176,1.0002794141200946,-0.08085144716117154,0.06547671849451087,451
state_tree_long_only,6.0,all,0.16764525561514265,-0.33302601591423064,0.35836179564471965,0.2345900463028315,0.2814618987357481,0.2814618987357481,0.5828363869154066,0.5828363869154066,0.0,329.01886435684725,667,66.79425837320574,20.0,1974.113186141083,456.25430859889076,1.0002794141200946,-0.08085144716117187,0.07973097824869191,998
state_tree_long_only,6.0,development_2024_2025,0.6005420671774877,-0.1756567814680553,1.1428075577620942,0.2281185822045388,0.27311096848918154,0.27311096848918154,0.5852740978591819,0.5852740978591819,0.0,258.10645754820996,516,60.046783625730995,16.0,1548.638745289259,433.7186999153307,1.0000994493494637,-0.052414178110340104,0.07973097824869191,731
state_tree_long_only,6.0,reused_2026,-0.27046887453940316,-0.33302601591429615,-1.5970198730041003,0.25015821173386865,0.3043254957449024,0.3043254957449024,0.5761622992392224,0.5761622992392224,0.0,70.91240680863727,151,97.15789473684211,38.0,425.47444085182366,22.535608683560024,1.0002794141200946,-0.08085144716117187,0.06547671849450931,267
state_tree_long_only,6.0,recent_2025H2_2026,-0.12989765644898343,-0.3330260159143097,-0.3609349172809642,0.23527051820186456,0.27494570033976645,0.27494570033976645,0.5672623126255899,0.5672623126255899,0.0,133.06141755393762,273,77.72151898734177,28.0,798.3685053236258,93.18989267927181,1.0002794141200946,-0.08085144716117187,0.06547671849450931,451
state_tree_long_only,10.0,all,0.02363432156491041,-0.35056481744327106,0.15321028414915422,0.23471112761456744,0.28146173144920655,0.28146173144920655,0.5828363869154066,0.5828363869154066,0.0,328.98243074261205,667,66.79425837320574,20.0,3289.8243074261195,456.25430859889076,1.0002794141200941,-0.08085144716117032,0.0789820738435858,998
state_tree_long_only,10.0,development_2024_2025,0.4435163126303945,-0.21495644776434664,0.9166323793657521,0.2281426544372273,0.2731107937483603,0.2731107937483603,0.5852740978591819,0.5852740978591819,0.0,258.0775147065927,516,60.046783625730995,16.0,2580.775147065927,433.7186999153307,1.0000994493494626,-0.05300818861416523,0.0789820738435858,731
state_tree_long_only,10.0,reused_2026,-0.29087443445668115,-0.35056481744319,-1.7483825003930633,0.25059145528890003,0.30432534886706264,0.30432534886706264,0.5761622992392224,0.5761622992392224,0.0,70.90491603601934,151,97.15789473684211,38.0,709.0491603601934,22.535608683560035,1.0002794141200941,-0.08085144716117032,0.06547671849450798,267
state_tree_long_only,10.0,recent_2025H2_2026,-0.1750048764163541,-0.35056481744319,-0.5424672572703427,0.23572275576696375,0.2749455445547841,0.2749455445547841,0.5672623126255899,0.5672623126255899,0.0,133.04690475878397,273,77.72151898734177,28.0,1330.4690475878397,93.18989267927181,1.0002794141200941,-0.08085144716117032,0.06547671849450798,451
trend_state_risk,0.0,all,0.5032284078976983,-0.20628818888542133,0.7753811005746153,0.22435651038149998,0.049329605561052245,0.3403917991766169,0.9244421095114501,0.4782862828871833,0.4461558266242668,424.3806349308948,1130,70.59537856440511,44.0,0.0,289.23434563436376,0.9185079352640404,-0.046923609720667336,0.09021612001383583,998
trend_state_risk,0.0,development_2024_2025,0.2740008664763691,-0.20628818888542133,0.6406620079273132,0.22929447461577007,0.05977309485106792,0.33453512891791753,0.9258004911484038,0.4929296479786441,0.4328708431697597,295.4149230460515,805,69.26449275362319,44.0,0.0,260.8342787060304,0.9114502846176744,-0.046923609720667336,0.09021612001383583,731
trend_state_risk,0.0,reused_2026,0.17992730417449687,-0.18538029461000138,1.17777418554889,0.21061051740383155,0.020736895114870754,0.3564264856913865,0.9207230639183301,0.43819494115352103,0.48252812276480916,128.9657118848433,325,73.65421455938697,44.0,0.0,28.400066928333448,0.9185079352640404,-0.02375952043540941,0.06455515522401467,267
trend_state_risk,0.0,recent_2025H2_2026,0.28045697036297845,-0.1853802946100026,1.0339766121764689,0.21580532420060217,0.03993043790195866,0.35758983901802593,0.9127857291337855,0.46008453501890106,0.45270119411488446,206.1255440893436,536,73.63208616780045,48.0,0.0,77.35723536487983,0.9185079352640404,-0.03484352469881835,0.06455515522401467,451
trend_state_risk,4.0,all,0.2685349697698669,-0.23434275961820006,0.4973289914988382,0.2254007887621809,0.04932958444410519,0.34039159510882255,0.9244421095114501,0.4782862828871833,0.4461558266242668,424.3408112312597,1130,70.59537856440511,44.0,1697.363244925039,289.2343456343636,0.9185079352640417,-0.04724417053721286,0.09004638934173914,998
trend_state_risk,4.0,development_2024_2025,0.1320116338237145,-0.23434275961820006,0.38263642338028353,0.23029594721021193,0.059773078250053936,0.3345349407949772,0.9258004911484038,0.4929296479786441,0.4328708431697597,295.3880314498763,805,69.26449275362319,44.0,1181.5521257995053,260.8342787060302,0.9114502846176749,-0.04724417053721286,0.09004638934173914,731
trend_state_risk,4.0,reused_2026,0.12060241420373052,-0.20003516520240383,0.8392328216937425,0.21179817124649875,0.020736861633974837,0.35642623796896866,0.9207230639183301,0.43819494115352103,0.48252812276480916,128.9527797813834,325,73.65421455938697,44.0,515.8111191255335,28.400066928333462,0.9185079352640417,-0.02433892240208857,0.06429040497569738,267
trend_state_risk,4.0,recent_2025H2_2026,0.1791179297308434,-0.20003516520239695,0.7218754303651589,0.216989309544514,0.039930407174495405,0.3575896111568762,0.9127857291337855,0.46008453501890106,0.45270119411488446,206.1056244703425,536,73.63208616780045,48.0,824.4224978813701,77.35723536487986,0.9185079352640417,-0.035393292633258966,0.06429040497569738,451
trend_state_risk,6.0,all,0.16530922321052843,-0.2498272138077492,0.35927797656544275,0.22593736911289175,0.04932957388779641,0.34039149309763583,0.9244421095114501,0.4782862828871833,0.4461558266242668,424.32090758411897,1130,70.59537856440511,44.0,2545.9254455047135,289.23434563436376,0.9185079352640396,-0.047404422646636246,0.08996156260435284,998
trend_state_risk,6.0,development_2024_2025,0.06706649298979706,-0.2498272138077492,0.25447942013838004,0.23081008927371427,0.05977306995073828,0.33453484675349543,0.9258004911484038,0.4929296479786441,0.4328708431697597,295.37459098400456,805,69.26449275362319,44.0,1772.2475459040268,260.83427870603043,0.9114502846176777,-0.047404422646636246,0.08996156260435284,731
trend_state_risk,6.0,reused_2026,0.0920680490539676,-0.20726343134082414,0.6713719377274874,0.2124089879866321,0.020736844898356737,0.3564261141379224,0.9207230639183301,0.43819494115352103,0.48252812276480916,128.9463166001144,325,73.65421455938697,44.0,773.6778996006863,28.400066928333445,0.9185079352640396,-0.02462852008344274,0.06415807353372949,267
trend_state_risk,6.0,recent_2025H2_2026,0.1314968806635588,-0.20726343134082736,0.5670978791244834,0.217596441288209,0.03993039181477542,0.3575894972529552,0.9127857291337855,0.46008453501890106,0.45270119411488446,206.09566900547867,536,73.63208616780045,48.0,1236.5740140328721,77.35723536487983,0.9185079352640396,-0.03566804974353033,0.06415807353372949,451
trend_state_risk,10.0,all,-0.01662611889886567,-0.28253711029069717,0.08519089301554485,0.22703902852182767,0.04932955277950224,0.3403912891206516,0.9244421095114501,0.4782862828871833,0.4461558266242668,424.2811166876126,1130,70.59537856440511,44.0,4242.811166876126,289.23434563436393,0.9185079352640412,-0.04772487028443462,0.08979198626842688,998
trend_state_risk,10.0,development_2024_2025,-0.051859531720142016,-0.27986296442145175,-6.792565259763503e-05,0.23186484882525032,0.05977305335448483,0.3345346587104816,0.9258004911484038,0.4929296479786441,0.4328708431697597,295.3477207119895,805,69.26449275362319,44.0,2953.4772071198945,260.83427870603055,0.9114502846176739,-0.04772487028443462,0.08979198626842688,731
trend_state_risk,10.0,reused_2026,0.037160541080036635,-0.22152460436719812,0.3385637347792298,0.213664063746513,0.020736811436770506,0.3564258665361126,0.9207230639183301,0.43819494115352103,0.48252812276480916,128.93339597562314,325,73.65421455938697,44.0,1289.3339597562315,28.400066928333462,0.9185079352640412,-0.025207508944283696,0.06389349792505294,267
trend_state_risk,10.0,recent_2025H2_2026,0.04194687035263822,-0.2215246043671958,0.2601611150202711,0.2188405167761681,0.03993036110334972,0.35758926949838377,0.9127857291337855,0.46008453501890106,0.45270119411488446,206.07576676083607,536,73.63208616780045,48.0,2060.7576676083604,77.35723536487987,0.9185079352640412,-0.036217310404734415,0.06389349792505294,451
state_tree_review2h,0.0,all,0.6214177327117898,-0.2504790695793456,0.8449448612608161,0.2443657295080332,0.2198462453112782,0.3250490424197095,0.6643332799855265,0.5389984065242048,0.1253348734613217,541.3395879747777,1081,38.62135922330097,16.0,0.0,252.7810238733302,1.0002794141200968,-0.06158478718303673,0.0812948626554284,998
state_tree_review2h,0.0,development_2024_2025,0.9602832563748147,-0.17026703021768597,1.5045800461027685,0.242916022369249,0.19165161598200436,0.32897861237467657,0.6810337866401934,0.5192683123779848,0.16176547426220864,438.9018796796477,872,33.65633802816902,14.0,0.0,231.35352488165225,1.000197206368914,-0.058672006193249415,0.0812948626554284,731
state_tree_review2h,0.0,reused_2026,-0.17286559101140841,-0.2504790695793375,-0.9254047278468632,0.2473179984101291,0.297038920112033,0.3142904680792538,0.6186097925742896,0.5930164510046166,0.02559334156967293,102.43770829513007,209,69.54385964912281,26.0,0.0,21.427498991677986,1.0002794141200968,-0.06158478718303673,0.05246021307127058,267
state_tree_review2h,0.0,recent_2025H2_2026,0.028661628073127776,-0.2504790695793021,0.21481092645860866,0.2372818800807306,0.2600659035129093,0.2849425223324787,0.5909136403181227,0.5521106808225611,0.03880295949556153,178.55439669884973,367,56.10526315789474,20.0,0.0,88.47468954029996,1.0002794141200968,-0.06158478718303673,0.055807369937077134,451
state_tree_review2h,4.0,all,0.3057336012987981,-0.2776777863294989,0.5207666005150856,0.24438666182575783,0.21984609446522688,0.32504875822459506,0.6643332799855265,0.5389984065242048,0.1253348734613217,541.2756158482676,1081,38.62135922330097,16.0,2165.102463393071,252.7810238733302,1.000279414120095,-0.06158478718303717,0.08055018374579426,998
state_tree_review2h,4.0,development_2024_2025,0.6446509814958576,-0.2225984799154508,1.1429944831914798,0.2430461319268121,0.19165148074989297,0.3289783029122112,0.6810337866401934,0.5192683123779848,0.16176547426220864,438.849026867079,872,33.65633802816902,14.0,1755.3961074683161,231.3535248816522,1.0001972063689153,-0.059048545540377195,0.08055018374579426,731
state_tree_review2h,4.0,reused_2026,-0.20607252481550753,-0.27767778632954754,-1.1523831119004495,0.24719401410109856,0.29703872651735125,0.31429025306236397,0.6186097925742896,0.5930164510046166,0.02559334156967293,102.42658898118883,209,69.54385964912281,26.0,409.7063559247553,21.427498991678004,1.000279414120095,-0.06158478718303717,0.051895738596355434,267
state_tree_review2h,4.0,recent_2025H2_2026,-0.04224496861914506,-0.2776777863295524,-0.028531583086244268,0.23748057543214646,0.2600657205938644,0.2849423076465383,0.5909136403181227,0.5521106808225611,0.03880295949556153,178.534847488722,367,56.10526315789474,20.0,714.1393899548877,88.47468954030002,1.000279414120095,-0.06158478718303717,0.055550599138122214,451
state_tree_review2h,6.0,all,0.1717484982260642,-0.29090476701568546,0.3587061440792772,0.24443657861546803,0.21984601906836243,0.3250486161734875,0.6643332799855265,0.5389984065242048,0.1253348734613217,541.2436448101477,1081,38.62135922330097,16.0,3247.461868860887,252.7810238733302,1.0002794141200968,-0.06158478718303806,0.0801780377801824,998
state_tree_review2h,6.0,development_2024_2025,0.5064377929697821,-0.25144529573619323,0.9622513991225328,0.24315441268590687,0.1916514131577234,0.32897814823133986,0.6810337866401934,0.5192683123779848,0.16176547426220864,438.8226122256879,872,33.65633802816902,14.0,2632.935673354128,231.35352488165225,1.000197206368914,-0.05923681521394153,0.0801780377801824,731
state_tree_review2h,6.0,reused_2026,-0.22217266209433684,-0.2909047670156282,-1.2657835440385783,0.24715835353651142,0.2970386297524004,0.31429014558965934,0.6186097925742896,0.5930164510046166,0.02559334156967293,102.42103258445987,209,69.54385964912281,26.0,614.5261955067591,21.427498991677993,1.0002794141200968,-0.06158478718303806,0.05161361116523522,267
state_tree_review2h,6.0,recent_2025H2_2026,-0.07584377737226489,-0.2909047670156343,-0.14999352881413397,0.23760574490670108,0.26006562916514975,0.2849422003390205,0.5909136403181227,0.5521106808225611,0.03880295949556153,178.52507831243372,367,56.10526315789474,20.0,1071.150469874602,88.47468954030005,1.0002794141200968,-0.06158478718303806,0.05542218380982478,451
state_tree_review2h,10.0,all,-0.056386737957853095,-0.31663656500642656,0.03490380960598272,0.24461506426429278,0.21984586832690647,0.3250483321640991,0.6643332799855265,0.5389984065242048,0.1253348734613217,541.179732764599,1081,38.62135922330097,16.0,5411.79732764599,252.78102387333,1.0002794141200964,-0.0615847871830385,0.07943413245834985,998
state_tree_review2h,10.0,development_2024_2025,0.2638807338997886,-0.3059674596801357,0.6011861389246723,0.2434570409235325,0.19165127802111045,0.3289778389702435,0.6810337866401934,0.5192683123779848,0.16176547426220864,438.7698064575632,872,33.65633802816902,14.0,4387.698064575631,231.35352488165208,1.0001972063689157,-0.05961335456106742,0.07943413245834985,731
state_tree_review2h,10.0,reused_2026,-0.2534000742849616,-0.3166365650063553,-1.4922863376425701,0.24713964077682546,0.29703843628722004,0.31428993071566735,0.6186097925742896,0.5930164510046166,0.02559334156967293,102.40992630703587,209,69.54385964912281,26.0,1024.0992630703588,21.427498991677982,1.0002794141200964,-0.0615847871830385,0.05104957577296876,267
state_tree_review2h,10.0,recent_2025H2_2026,-0.1395467367222103,-0.3166365650063492,-0.3923685020085246,0.23790750740628466,0.26006544636928,0.28494198579482855,0.5909136403181227,0.5521106808225611,0.03880295949556153,178.5055508101144,367,56.10526315789474,20.0,1785.0555081011437,88.47468954029995,1.0002794141200964,-0.0615847871830385,0.05516529327233566,451
state_tree_review8h,0.0,all,0.5723286730785944,-0.26427766530646624,0.7979509632641691,0.24482909286334192,0.228437681550502,0.32885150638140626,0.6703383874581625,0.552769099094711,0.11756928836345165,379.5092560013264,699,54.24268018018018,16.0,0.0,287.02935904592033,1.0002822915070653,-0.07942705397767647,0.06902280563704521,998
state_tree_review8h,0.0,development_2024_2025,0.9478193380044264,-0.26427766530646624,1.4964111907892839,0.24195989308944552,0.20247753071921507,0.3342535370579951,0.6844537755252296,0.529414279403592,0.15503949612163762,317.3031570899271,569,45.484848484848484,16.0,0.0,260.60054927767385,1.0000994493494633,-0.05348688315776118,0.06902280563704521,731
state_tree_review8h,0.0,reused_2026,-0.19277489323552144,-0.26109182257417063,-1.038302261941881,0.25143094878001837,0.2995126886908666,0.3140615549898957,0.6316925677872424,0.6167110995513362,0.014981468235906105,62.206098911399266,130,126.49479166666666,71.91666666666666,0.0,26.428809768246424,1.0002822915070653,-0.07942705397767647,0.06421903324805456,267
state_tree_review8h,0.0,recent_2025H2_2026,0.05318383423882378,-0.2610918225741772,0.29495294738391886,0.2383042826798037,0.26418413430078697,0.287820578374812,0.6245274738811428,0.5809203384480356,0.04360713543310724,122.01499572527128,244,87.79004329004329,32.0,0.0,95.87350535732831,1.0002822915070653,-0.07942705397767647,0.06421903324805456,451
state_tree_review8h,4.0,all,0.35087651052062596,-0.2930426826606566,0.5709378027403404,0.24497595610417477,0.22843757701520187,0.32885129955352316,0.6703383874581625,0.552769099094711,0.11756928836345165,379.4597954842675,699,54.24268018018018,16.0,1517.8391819370693,287.0293590459204,1.0002822915070646,-0.07942705397767835,0.06828918010095908,998
state_tree_review8h,4.0,development_2024_2025,0.715644510886204,-0.2930426826606566,1.2335607079846376,0.24214468004640663,0.2024774310173761,0.33425330281900206,0.6844537755252296,0.529414279403592,0.15503949612163762,317.2604436694574,569,45.484848484848484,16.0,1269.041774677829,260.6005492776739,1.0000994493494626,-0.053865337022951265,0.06828918010095908,731
state_tree_review8h,4.0,reused_2026,-0.21261280996799248,-0.277750329198037,-1.1723699179229798,0.25162232628024767,0.29951257092227324,0.314061423209528,0.6316925677872424,0.6167110995513362,0.014981468235906105,62.199351814810015,130,126.49479166666666,71.91666666666666,248.79740725924006,26.428809768246467,1.0002822915070646,-0.07942705397767835,0.06421903324805389,267
state_tree_review8h,4.0,recent_2025H2_2026,0.0030161252338354316,-0.27775032919802467,0.1293096187002653,0.23850394477432718,0.2641840050701947,0.287820431951808,0.6245274738811428,0.5809203384480356,0.04360713543310724,122.00121829777241,244,87.79004329004329,32.0,488.00487319108964,95.87350535732834,1.0002822915070646,-0.07942705397767835,0.06421903324805389,451
state_tree_review8h,6.0,all,0.2521368634758001,-0.3075330648969521,0.4575239607572146,0.24507514116657,0.22843752476720355,0.3288511961750034,0.6703383874581625,0.552769099094711,0.11756928836345165,379.4350762895688,699,54.24268018018018,16.0,2276.610457737413,287.02935904592044,1.0002822915070662,-0.07942705397767758,0.06792255734760055,998
state_tree_review8h,6.0,development_2024_2025,0.610151026061021,-0.3075330648969521,1.1021943908119445,0.24226767189393153,0.20247738118639622,0.3342531857400773,0.6844537755252296,0.529414279403592,0.15503949612163762,317.2390960860457,569,45.484848484848484,16.0,1903.4345765162743,260.60054927767396,1.0000994493494635,-0.05405445048746749,0.06792255734760055,731
state_tree_review8h,6.0,reused_2026,-0.22234818771079878,-0.28593823489487047,-1.239260584334425,0.2517284642097603,0.29951251205684015,0.3140613573406669,0.6316925677872424,0.6167110995513362,0.014981468235906105,62.19598020352318,130,126.49479166666666,71.91666666666666,373.1758812211391,26.428809768246445,1.0002822915070662,-0.07942705397767758,0.064219033248053,267
state_tree_review8h,6.0,recent_2025H2_2026,-0.02116434750213836,-0.28593823489486736,0.04661052319254532,0.23861844152850517,0.2641839404770435,0.2878203587650238,0.6245274738811428,0.5809203384480356,0.04360713543310724,121.99433326055409,244,87.79004329004329,32.0,731.9659995633243,95.87350535732837,1.0002822915070662,-0.07942705397767758,0.064219033248053,451
state_tree_review8h,10.0,all,0.07578153440152824,-0.3356288978446377,0.23100056293840984,0.2453248156613302,0.2284374203104745,0.32885098948875396,0.6703383874581625,0.552769099094711,0.11756928836345165,379.3856600130529,699,54.24268018018018,16.0,3793.8566001305303,287.02935904592067,1.000282291507064,-0.07942705397767735,0.06718969150890519,998
state_tree_review8h,10.0,development_2024_2025,0.4182252341133452,-0.3356288978446377,0.8397458991132605,0.24257457317763864,0.20247728156427894,0.33425295166331065,0.6844537755252296,0.529414279403592,0.15503949612163762,317.19641916069196,569,45.484848484848484,16.0,3171.9641916069204,260.6005492776742,1.000099449349463,-0.054432450707056046,0.06718969150890519,731
state_tree_review8h,10.0,reused_2026,-0.24145931934856724,-0.30203667249803123,-1.3727288446894639,0.2519615721214216,0.29951239436366794,0.3140612256455535,0.6316925677872424,0.6167110995513362,0.014981468235906105,62.18924085236094,130,126.49479166666666,71.91666666666666,621.8924085236093,26.428809768246456,1.000282291507064,-0.07942705397767735,0.06421903324805078,267
state_tree_review8h,10.0,recent_2025H2_2026,-0.06779054485967206,-0.3020366724980321,-0.11849243212838531,0.2388766604792301,0.2641838113349931,0.28782021244085004,0.6245274738811428,0.5809203384480356,0.04360713543310724,121.98057053414901,244,87.79004329004329,32.0,1219.8057053414902,95.87350535732834,1.000282291507064,-0.07942705397767735,0.06421903324805078,451
state_tree_penalty0.08,0.0,all,0.5313286445139394,-0.30146660934630964,0.7160650087977458,0.2673199282902405,0.25425075713365125,0.3699856294540547,0.6523021898114967,0.5277188245854527,0.12458336522604394,489.42752801415645,828,41.33289241622575,16.0,0.0,294.95819650119955,1.0003838841608723,-0.07353675896549372,0.08085531537363466,998
state_tree_penalty0.08,0.0,development_2024_2025,0.9619572117585697,-0.20902036105152677,1.4019324551248653,0.26496822634264144,0.21791150203875748,0.3685997541631005,0.6621098481429936,0.5013703705462957,0.16073947759669782,410.1527145147855,681,35.306990881458965,16.0,0.0,268.5694943159334,1.0000994493494637,-0.04857197212367681,0.08085531537363466,731
state_tree_penalty0.08,0.0,reused_2026,-0.21948927563954934,-0.30146660934633285,-1.1065482288643447,0.27249150724177074,0.3537421981553395,0.37377994855645047,0.6254502893556148,0.5998569477859419,0.02559334156967293,79.27481349937098,147,81.79251700680273,24.0,0.0,26.388702185266133,1.0003838841608723,-0.07353675896549372,0.05910045570189615,267
state_tree_penalty0.08,0.0,recent_2025H2_2026,0.08942640095956689,-0.3014666093463335,0.39734388206309107,0.25815531538699305,0.3031504049163495,0.3356402735159498,0.5831376504192105,0.5395305149861033,0.04360713543310724,157.0655081856971,280,60.69070512820513,24.0,0.0,98.26651469482931,1.0003838841608723,-0.07353675896549372,0.05910045570189615,451
state_tree_penalty0.08,4.0,all,0.25905881345819015,-0.3215319659456708,0.44809026044488454,0.2674493708203109,0.2542506336171367,0.36998536200074106,0.6523021898114967,0.5277188245854527,0.12458336522604394,489.3598826479022,828,41.33289241622575,16.0,1957.439530591609,294.9581965011995,1.0003838841608723,-0.07353675896549361,0.08010562647936181,998
state_tree_penalty0.08,4.0,development_2024_2025,0.6650933441169369,-0.24860043930476583,1.0921581547759787,0.26510112091406524,0.2179113831851613,0.3685994499216219,0.6621098481429936,0.5013703705462957,0.16073947759669782,410.09490179299434,681,35.306990881458965,16.0,1640.3796071719776,268.56949431593324,1.0000994493494635,-0.048571972123676366,0.08010562647936181,731
state_tree_penalty0.08,4.0,reused_2026,-0.2438509120785466,-0.32153196594571476,-1.2637217339537918,0.2727997484860727,0.3537420618724521,0.37377978182362587,0.6254502893556148,0.5998569477859419,0.02559334156967293,79.26498085490786,147,81.79251700680273,24.0,317.0599234196315,26.388702185266197,1.0003838841608723,-0.07353675896549361,0.05910045570189637,267
state_tree_penalty0.08,4.0,recent_2025H2_2026,0.023087492299068257,-0.32153196594572353,0.20045589656255275,0.25848560349930555,0.3031502557880547,0.3356400868800504,0.5831376504192105,0.5395305149861033,0.04360713543310724,157.04583012906392,280,60.69070512820513,24.0,628.1833205162557,98.26651469482937,1.0003838841608723,-0.07353675896549361,0.05910045570189637,451
state_tree_penalty0.08,6.0,all,0.1416548085065581,-0.3313474690166476,0.3142135540983297,0.2675499158597165,0.25425057188393674,0.3699852283224738,0.6523021898114967,0.5277188245854527,0.12458336522604394,489.32607467846464,828,41.33289241622575,16.0,2935.9564480707877,294.9581965011996,1.0003838841608728,-0.07353675896549361,0.07973097824869235,998
state_tree_penalty0.08,6.0,development_2024_2025,0.5339566973284278,-0.2785505307669359,0.9373089497248666,0.26520876878735833,0.2179113237831642,0.3685992978557535,0.6621098481429936,0.5013703705462957,0.16073947759669782,410.06600751026104,681,35.306990881458965,16.0,2460.396045061566,268.5694943159334,1.0000994493494628,-0.04857197212367925,0.07973097824869235,731
state_tree_penalty0.08,6.0,reused_2026,-0.25574508687578634,-0.3313474690166921,-1.3420648852419645,0.2729713114897244,0.3537419937567679,0.3737796984878584,0.6254502893556148,0.5998569477859419,0.02559334156967293,79.26006716820365,147,81.79251700680273,24.0,475.56040300922183,26.388702185266165,1.0003838841608728,-0.07353675896549361,0.05910045570189704,267
state_tree_penalty0.08,6.0,recent_2025H2_2026,-0.008551382399542562,-0.3313474690166899,0.10222334126059437,0.2586711869917365,0.3031501812526476,0.3356399935969381,0.5831376504192105,0.5395305149861033,0.04360713543310724,157.03599605423238,280,60.69070512820513,24.0,942.2159763253943,98.26651469482937,1.0003838841608728,-0.07353675896549361,0.05910045570189704,451
state_tree_penalty0.08,10.0,all,-0.06133124506582732,-0.3505545482834468,0.04686008894984649,0.26782236417985106,0.254250448467607,0.369984961062646,0.6523021898114967,0.5277188245854527,0.12458336522604394,489.2584881467917,828,41.33289241622575,16.0,4892.5848814679175,294.9581965011994,1.0003838841608734,-0.07353675896549239,0.07898207384358691,998
state_tree_penalty0.08,10.0,development_2024_2025,0.30185345719129075,-0.34690912966914933,0.6279272925524836,0.2655061095326547,0.21791120502872732,0.368598993833678,0.6621098481429936,0.5013703705462957,0.16073947759669782,410.008243084769,681,35.306990881458965,16.0,4100.08243084769,268.56949431593324,1.0000994493494622,-0.04857197212367692,0.07898207384358691,731
state_tree_penalty0.08,10.0,reused_2026,-0.27897510295865435,-0.35055454828338284,-1.498216430275463,0.273349164237763,0.35374185757687326,0.37377953187756174,0.6254502893556148,0.5998569477859419,0.02559334156967293,79.25024506202274,147,81.79251700680273,24.0,792.5024506202275,26.38870218526616,1.0003838841608734,-0.07353675896549239,0.059100455701895704,267
state_tree_penalty0.08,10.0,recent_2025H2_2026,-0.06892412448231078,-0.35055454828337795,-0.0937430352983209,0.2590830284169471,0.3031500322392646,0.3356398071003311,0.5831376504192105,0.5395305149861033,0.04360713543310724,157.0163378044019,280,60.69070512820513,24.0,1570.1633780440188,98.26651469482933,1.0003838841608734,-0.07353675896549239,0.059100455701895704,451
state_tree_penalty0.16,0.0,all,0.41438170725370127,-0.2938946189523727,0.6910964155051071,0.21754220921601958,0.1878270355380231,0.28494994266765233,0.635274961554787,0.5128626201195455,0.12241234143524156,423.0195559941436,888,43.47428571428571,16.0,0.0,217.75752602365506,1.0002794141200955,-0.0512522180995173,0.05588818403246543,998
state_tree_penalty0.16,0.0,development_2024_2025,0.8566889288985651,-0.180325632828216,1.4913431374032526,0.22392735568281122,0.16770286628367861,0.29526959506994843,0.6500258874158659,0.4917944016681946,0.15823148574767132,356.4608098384309,735,37.26797385620915,16.0,0.0,201.35510336124693,1.000099449349463,-0.046323731118984135,0.05588818403246543,731
state_tree_penalty0.16,0.0,reused_2026,-0.2382236543562325,-0.2938946189524235,-1.7883730698655778,0.19702241920593758,0.24292399867749098,0.25669627908356774,0.594889134534105,0.5705442486507575,0.024344885883347423,66.55874615571281,153,86.63636363636364,40.0,0.0,16.40242266240809,1.0002794141200955,-0.0512522180995173,0.03856616677015068,267
state_tree_penalty0.16,0.0,recent_2025H2_2026,-0.05831097292023091,-0.29389461895241487,-0.15011611278138848,0.19603642796368115,0.21341956761866418,0.23788437209852573,0.5912831923133185,0.539915464981099,0.051367727332219545,130.43716670394988,295,69.56521739130434,32.0,0.0,68.13847084566419,1.0002794141200955,-0.0512522180995173,0.05326648583702731,451
state_tree_penalty0.16,4.0,all,0.19420952815248427,-0.31118564402647253,0.4065557469575254,0.21758344032937244,0.18782692470482992,0.28494972896497284,0.635274961554787,0.5128626201195455,0.12241234143524156,422.97183749758926,888,43.47428571428571,16.0,1691.8873499903566,217.75752602365506,1.0002794141200952,-0.05134698310205488,0.0554668562248557,998
state_tree_penalty0.16,4.0,development_2024_2025,0.6099614715420936,-0.21485026532945195,1.1732591323473975,0.2239174697478377,0.16770275823053377,0.2952693499597872,0.6500258874158659,0.4917944016681946,0.15823148574767132,356.4196960798603,735,37.26797385620915,16.0,1425.678784319441,201.35510336124693,1.0000994493494613,-0.04670520977614301,0.0554668562248557,731
state_tree_penalty0.16,4.0,reused_2026,-0.2582372005407463,-0.31118564402641025,-1.968049339896845,0.19746254921612091,0.24292388023294137,0.25669615136987173,0.594889134534105,0.5705442486507575,0.024344885883347423,66.55214141772895,153,86.63636363636364,40.0,266.20856567091585,16.402422662408085,1.0002794141200952,-0.05134698310205488,0.03856616677015201,267
state_tree_penalty0.16,4.0,recent_2025H2_2026,-0.10618380564866414,-0.31118564402640525,-0.364612404468789,0.19632765679879413,0.21341943873754116,0.23788422442127463,0.5912831923133185,0.539915464981099,0.051367727332219545,130.42392680053464,295,69.56521739130434,32.0,521.6957072021386,68.13847084566419,1.0002794141200952,-0.05134698310205488,0.05284873134142076,451
state_tree_penalty0.16,6.0,all,0.09733055351809705,-0.3196717505807267,0.2643375677322792,0.2176334004851627,0.18782686930636852,0.2849496221465679,0.635274961554787,0.5128626201195455,0.12241234143524156,422.94798900986126,888,43.47428571428571,16.0,2537.687934059167,217.757526023655,1.000279414120096,-0.05139437414233816,0.055256292424639364,998
state_tree_penalty0.16,6.0,development_2024_2025,0.49917951218283885,-0.23156339951062965,1.0141150678404234,0.2239450239103495,0.16770270422208394,0.2952692274425818,0.6500258874158659,0.4917944016681946,0.15823148574767132,356.3991481667362,735,37.26797385620915,16.0,2138.394889000417,201.3551033612469,1.0000994493494622,-0.046895949104718726,0.055256292424639364,731
state_tree_penalty0.16,6.0,reused_2026,-0.26804592472037136,-0.3196717505808109,-2.057409312785032,0.1976975866517221,0.24292382102883664,0.2566960875324326,0.594889134534105,0.5705442486507575,0.024344885883347423,66.54884084312506,153,86.63636363636364,40.0,399.2930450587504,16.402422662408075,1.000279414120096,-0.05139437414233816,0.03856616677014979,267
state_tree_penalty0.16,6.0,recent_2025H2_2026,-0.12919969605595838,-0.3196717505808251,-0.4715513666846466,0.19649126699800623,0.21341937431726707,0.23788415060555607,0.5912831923133185,0.539915464981099,0.051367727332219545,130.417310404576,295,69.56521739130434,32.0,782.5038624274556,68.13847084566422,1.000279414120096,-0.05139437414233816,0.052639978338681725,451
state_tree_penalty0.16,10.0,all,-0.07348741494601874,-0.3363316702813587,-0.019803068413926497,0.21779184264327378,0.187826758545683,0.28494940857557816,0.635274961554787,0.5128626201195455,0.12241234143524156,422.90031354214847,888,43.47428571428571,16.0,4229.003135421484,217.757526023655,1.0002794141200952,-0.0514891733060685,0.05483536487268226,998
state_tree_penalty0.16,10.0,development_2024_2025,0.29995979415313356,-0.26392999299199615,0.6958541565588032,0.22406496923733912,0.16770259624139555,0.295268982483866,0.6500258874158659,0.4917944016681946,0.15823148574767132,356.35807026175735,735,37.26797385620915,16.0,3563.580702617573,201.35510336124693,1.0000994493494622,-0.04727742776187527,0.05483536487268226,731
state_tree_penalty0.16,10.0,reused_2026,-0.2872759686714016,-0.336331670281401,-2.2351135175389807,0.1981973951001347,0.24292370265693505,0.25669595989633914,0.594889134534105,0.5705442486507575,0.024344885883347423,66.54224328039119,153,86.63636363636364,40.0,665.4224328039119,16.402422662408075,1.0002794141200952,-0.0514891733060685,0.03856616677014846,267
state_tree_penalty0.16,10.0,recent_2025H2_2026,-0.17346876182833737,-0.33633167028141964,-0.6847164454028215,0.1968542866665489,0.21341924551725783,0.23788400301989424,0.5912831923133185,0.539915464981099,0.051367727332219545,130.404084719556,295,69.56521739130434,32.0,1304.04084719556,68.13847084566417,1.0002794141200952,-0.0514891733060685,0.05222272057708066,451
state_tree_known_risk,0.0,all,0.3962467526643776,-0.2855578700146565,0.6812318209185897,0.2121030404720165,0.17481122188912543,0.2692590918495087,0.6222488188099728,0.5038445212962125,0.11840429751376025,393.30565832499855,849,44.75675675675676,16.0,0.0,201.56490934415356,1.0005025604287732,-0.060133155936730964,0.05588818403246498,998
state_tree_known_risk,0.0,development_2024_2025,0.8041534686155816,-0.1634810922304516,1.4764506729780373,0.21520800761503364,0.15522566687595554,0.27957023956754695,0.6388539237247479,0.4847264246391199,0.15412749908562798,334.05804876519255,706,38.648275862068964,16.0,0.0,185.97657559649903,1.0005025604287732,-0.04802550583036436,0.05588818403246498,731
state_tree_known_risk,0.0,reused_2026,-0.22609313622544347,-0.2855578700146816,-1.6355637204399414,0.20167029225937633,0.22843353985853324,0.24102871281790153,0.5767865270823851,0.5561870082580141,0.020599518824370895,59.24760955980603,143,85.95348837209302,32.0,0.0,15.588333747654513,1.0001961129000212,-0.060133155936730964,0.04762354549350767,267
state_tree_known_risk,0.0,recent_2025H2_2026,-0.05403255749890923,-0.28555787001469257,-0.13119872339949573,0.19605607486677418,0.20399382547367498,0.22534205016249106,0.5872181203661644,0.5413936729618822,0.04582444740428218,113.12992196135747,268,78.46913580246914,32.0,0.0,66.52219045038463,1.0001961129000212,-0.060133155936730964,0.04762354549350767,451
state_tree_known_risk,4.0,all,0.19299314471071827,-0.29641727468702295,0.40986430233946525,0.21217253770713188,0.17481113283099423,0.26925889692305754,0.6222488188099728,0.5038445212962125,0.11840429751376025,393.26214146615064,849,44.75675675675676,16.0,1573.0485658646023,201.5649093441536,1.00050256042877,-0.0601331559367303,0.055466856224856365,998
state_tree_known_risk,4.0,development_2024_2025,0.5784891739147577,-0.19824749713815193,1.1662085399735957,0.21521715459721494,0.15522558105910203,0.2795700132764522,0.6388539237247479,0.4847264246391199,0.15412749908562798,334.02020036405577,706,38.648275862068964,16.0,1336.080801456223,185.97657559649903,1.00050256042877,-0.048412357189030475,0.055466856224856365,731
state_tree_known_risk,4.0,reused_2026,-0.24421835485122323,-0.2964172746869711,-1.7914510275731035,0.20213410378102303,0.22843344192626897,0.2410286037631498,0.5767865270823851,0.5561870082580141,0.020599518824370895,59.24194110209487,143,85.95348837209302,32.0,236.9677644083795,15.588333747654517,1.0001961129000208,-0.0601331559367303,0.04762354549351144,267
state_tree_known_risk,4.0,recent_2025H2_2026,-0.09588537403578101,-0.2964172746869719,-0.3171407266265092,0.19636158407393928,0.20399371759887286,0.22534192501034087,0.5872181203661644,0.5413936729618822,0.04582444740428218,113.1190270809563,268,78.46913580246914,32.0,452.4761083238251,66.52219045038466,1.0001961129000208,-0.0601331559367303,0.04762354549351144,451
state_tree_known_risk,6.0,all,0.10274684734548645,-0.3037045478235547,0.27425463605141664,0.21223654445304746,0.174811088315286,0.2692587994887987,0.6222488188099728,0.5038445212962125,0.11840429751376025,393.24039260982727,849,44.75675675675676,16.0,2359.442355658963,201.5649093441535,1.0005025604287696,-0.06013315593673019,0.05525629242463714,998
state_tree_known_risk,6.0,development_2024_2025,0.47647351908266966,-0.2150850520374885,1.010995303640512,0.215255053783533,0.1552255381638035,0.2795699001647357,0.6388539237247479,0.4847264246391199,0.15412749908562798,334.0012842380076,706,38.648275862068964,16.0,2004.007705428045,185.97657559649895,1.0005025604287696,-0.04860575295277503,0.05525629242463714,731
state_tree_known_risk,6.0,reused_2026,-0.25312114772603855,-0.30370454782363177,-1.8689890814674834,0.20237888567400056,0.22843339297412138,0.2410285492514232,0.5767865270823851,0.5561870082580141,0.020599518824370895,59.23910837181968,143,85.95348837209302,32.0,355.434650230918,15.588333747654534,1.0001961129000214,-0.06013315593673019,0.047623545493509445,267
state_tree_known_risk,6.0,recent_2025H2_2026,-0.11611218718223892,-0.30370454782363365,-0.4098393430790802,0.19653000423225264,0.20399366367733593,0.22534186245250493,0.5872181203661644,0.5413936729618822,0.04582444740428218,113.11358256414611,268,78.46913580246914,32.0,678.6814953848767,66.52219045038468,1.0001961129000214,-0.06013315593673019,0.047623545493509445,451
state_tree_known_risk,10.0,all,-0.05778165877282515,-0.31849633950522316,0.0033699812561024363,0.21242288450691077,0.1748109993105586,0.2692586046781712,0.6222488188099728,0.5038445212962125,0.11840429751376025,393.1969140319861,849,44.75675675675676,16.0,3931.9691403198594,201.5649093441536,1.0005025604287725,-0.06013315593673163,0.054835364872685144,998
state_tree_known_risk,10.0,development_2024_2025,0.2917954356354444,-0.24770679662473138,0.7006252984135324,0.21539732288119176,0.15522545239943727,0.2795696740089156,0.6388539237247479,0.4847264246391199,0.15412749908562798,333.9634681253418,706,38.648275862068964,16.0,3339.634681253417,185.97657559649903,1.0005025604287725,-0.048992484749155296,0.054835364872685144,731
state_tree_known_risk,10.0,reused_2026,-0.2706133531400833,-0.3184963395052901,-2.0232115463399847,0.2028940171236746,0.22843329509777027,0.24102844025924136,0.5767865270823851,0.5561870082580141,0.020599518824370895,59.233445906644214,143,85.95348837209302,32.0,592.334459066442,15.588333747654527,1.0001961129000212,-0.06013315593673163,0.04762354549350989,267
state_tree_known_risk,10.0,recent_2025H2_2026,-0.15521840799913356,-0.31849633950528267,-0.5946209333817216,0.19689800524538736,0.2039935558659621,0.22534173737328014,0.5872181203661644,0.5413936729618822,0.04582444740428218,113.1026993737362,268,78.46913580246914,32.0,1131.0269937373619,66.5221904503847,1.0001961129000212,-0.06013315593673163,0.04762354549350989,451
x2_no_internal,0.0,all,0.8867042554891935,-0.32468414837209614,1.0495230726760347,0.2512367654844582,0.22380610062576153,0.3430000627878491,0.6563171921425639,0.5250537537140512,0.1312634384285128,382.3159994872452,801,52.92929292929293,24.0,0.0,245.12409419873245,1.0021811076035332,-0.08085144716117043,0.07087483746283563,998
x2_no_internal,0.0,development_2024_2025,1.5181144497656676,-0.12910359093462043,2.0200925538689916,0.24290817791041744,0.18072795070335224,0.33938269711839325,0.6502538866748683,0.4806224379770766,0.16963144869779173,320.46122233223014,662,44.04633204633205,20.0,0.0,221.44386936289214,1.0021811076035332,-0.0538614885744193,0.07087483746283563,731
x2_no_internal,0.0,reused_2026,-0.25074721855295157,-0.3246841483721844,-1.3226692922501797,0.2705574197222026,0.3417476269761753,0.3529038685267596,0.6729176149294492,0.6467000455166135,0.026217569412835685,61.85477715501504,139,113.47368421052632,48.0,0.0,23.680224835840356,1.000282291507066,-0.08085144716117043,0.06547671849450998,267
x2_no_internal,0.0,recent_2025H2_2026,-0.13354878205943965,-0.3246841483721731,-0.34649373572861814,0.24689209424509997,0.27578563824073243,0.30747007061507103,0.6016306481788015,0.5583930647408901,0.04323758343791142,129.85930806579353,281,70.78260869565217,36.0,0.0,78.58232831351704,1.000282291507066,-0.08085144716117043,0.06547671849450998,451
x2_no_internal,4.0,all,0.6191558400516053,-0.33730020994925947,0.8265313703113802,0.2513564814771018,0.22380599120131123,0.34299987716417835,0.6563171921425639,0.5250537537140512,0.1312634384285128,382.27453795413396,801,52.92929292929293,24.0,1529.0981518165358,245.12409419873242,1.0021811076035259,-0.08085144716117187,0.07065261613103191,998
x2_no_internal,4.0,development_2024_2025,1.2151624172660958,-0.13290111371108215,1.7551655656909266,0.24309389004141232,0.1807278453089304,0.33938248971281676,0.6502538866748683,0.4806224379770766,0.16963144869779173,320.42577891728314,662,44.04633204633205,20.0,1281.7031156691328,221.4438693628921,1.0021811076035259,-0.054704281078163275,0.07065261613103191,731
x2_no_internal,4.0,reused_2026,-0.2690577325476584,-0.33730020994922716,-1.446597974457794,0.270704303314847,0.34174750651811037,0.35290374253868617,0.6729176149294492,0.6467000455166135,0.026217569412835685,61.84875903685077,139,113.47368421052632,48.0,247.39503614740306,23.680224835840388,1.0002822915070646,-0.08085144716117187,0.06547671849450998,267
x2_no_internal,4.0,recent_2025H2_2026,-0.1774066139096625,-0.3373002099492317,-0.5160857976929076,0.24708434801100795,0.27578551358967324,0.30746992424203756,0.6016306481788015,0.5583930647408901,0.04323758343791142,129.845957095631,281,70.78260869565217,36.0,519.3838283825241,78.58232831351712,1.0002822915070646,-0.08085144716117187,0.06547671849450998,451
x2_no_internal,6.0,all,0.49996478203796046,-0.34474254443675934,0.7150853486945403,0.2514394634887524,0.22380593650764818,0.3429997843821363,0.6563171921425639,0.5250537537140512,0.1312634384285128,382.25381687665254,801,52.92929292929293,24.0,2293.522901259914,245.12409419873254,1.0021811076035303,-0.08085144716117132,0.070541491231354,998
x2_no_internal,6.0,development_2024_2025,1.0776415835065238,-0.13591238049305066,1.6227126055556529,0.24321470475779236,0.18072779263046349,0.33938238604388415,0.6502538866748683,0.4806224379770766,0.16963144869779173,320.4080651016619,662,44.04633204633205,20.0,1922.4483906099706,221.44386936289212,1.0021811076035303,-0.055125392762961356,0.070541491231354,731
x2_no_internal,6.0,reused_2026,-0.27804449335938475,-0.3447425444367218,-1.5084491753867493,0.2707866191990837,0.3417474463071418,0.35290367956332147,0.6729176149294492,0.6467000455166135,0.026217569412835685,61.8457517749906,139,113.47368421052632,48.0,371.07451064994365,23.680224835840388,1.0002822915070657,-0.08085144716117132,0.06547671849451153,267
x2_no_internal,6.0,recent_2025H2_2026,-0.19849587438352434,-0.3447425444367219,-0.600726574147163,0.24719471645530786,0.2757854512837974,0.3074698510783417,0.6016306481788015,0.5583930647408901,0.04323758343791142,129.83928514758264,281,70.78260869565217,36.0,779.0357108854957,78.58232831351712,1.0002822915070657,-0.08085144716117132,0.06547671849451153,451
x2_no_internal,10.0,all,0.28725883496181903,-0.3593774377565816,0.4923954567407894,0.2516515183521705,0.22380582715741323,0.3429995988775938,0.6563171921425639,0.5250537537140512,0.1312634384285128,382.21239408749267,801,52.92929292929293,24.0,3822.1239408749266,245.12409419873242,1.0021811076035274,-0.0808514471611721,0.07031921295836385,998
x2_no_internal,10.0,development_2024_2025,0.8276824129457294,-0.15737608430356365,1.3579810550489793,0.2435120091628616,0.1807276873109846,0.33938217877367977,0.6502538866748683,0.4806224379770766,0.16963144869779173,320.3726532440403,662,44.04633204633205,20.0,3203.7265324404025,221.44386936289203,1.0021811076035274,-0.05596704758180737,0.07031921295836385,731
x2_no_internal,10.0,reused_2026,-0.29568790187841854,-0.3593774377566292,-1.6319056772231446,0.2709689544186321,0.3417473259213001,0.35290355364990295,0.6729176149294492,0.6467000455166135,0.026217569412835685,61.83974084345243,139,113.47368421052632,48.0,618.3974084345243,23.680224835840395,1.0002822915070655,-0.0808514471611721,0.0654767184945102,267
x2_no_internal,10.0,recent_2025H2_2026,-0.23906623006386607,-0.359377437756641,-0.7696499366174868,0.2474438378680611,0.27578532671131845,0.30746970479655306,0.6016306481788015,0.5583930647408901,0.04323758343791142,129.82594832103857,281,70.78260869565217,36.0,1298.2594832103857,78.58232831351712,1.0002822915070655,-0.0808514471611721,0.0654767184945102,451
x2_soft_local,0.0,all,0.7747959672747904,-0.37654959220118744,0.9678393104954293,0.248350087601415,0.24387949169919307,0.33174489397320994,0.6619952543646624,0.5504380318834328,0.11155722248122969,389.9481828197797,802,54.675862068965515,24.0,0.0,498.0686671603978,1.000279414120096,-0.07756610049377499,0.1167665446084698,998
x2_soft_local,0.0,development_2024_2025,1.7609741241626775,-0.15108558825558993,2.0422868570033286,0.26546263728851033,0.28530022391382054,0.38192956711953185,0.7359816080597738,0.612634008939471,0.12334759912030285,324.5024958033135,662,53.57676348547718,20.0,0.0,502.3255940403901,1.0001710702149929,-0.05429835080991896,0.1167665446084698,731
x2_soft_local,0.0,reused_2026,-0.35718486032067753,-0.37654959220124595,-3.1220274869039937,0.1876601792912926,0.13047572694272147,0.19434677077305768,0.45943169256778726,0.3801547564861174,0.07927693608166982,65.44568701646612,140,60.08163265306123,24.0,0.0,-4.2569268799923226,1.000279414120096,-0.07756610049377499,0.06258620782687596,267
x2_soft_local,0.0,recent_2025H2_2026,-0.25224285453358064,-0.37654959220123696,-1.0893897543954068,0.1978799856825326,0.15925352841576887,0.22326084522884718,0.504076620447004,0.42314473349911846,0.08093188694788547,133.71342188344403,282,56.83420138888889,24.0,0.0,57.83826469983754,1.000279414120096,-0.07756610049377499,0.06258620782687596,451
x2_soft_local,4.0,all,0.5184739530738833,-0.39084352216099194,0.7379209364632198,0.24841656657091898,0.2438793735757873,0.33174469945214574,0.6619952543646624,0.5504380318834328,0.11155722248122969,389.9047362050708,802,54.675862068965515,24.0,1559.6189448202836,498.0686671603981,1.000279414120096,-0.07756610049377577,0.11650340101560275,998
x2_soft_local,4.0,development_2024_2025,1.4248805048491255,-0.15179825535334912,1.7974081661252912,0.26554005005070513,0.2853000916254376,0.38192934592197547,0.7359816080597738,0.612634008939471,0.12334759912030285,324.4660474879505,662,53.57676348547718,20.0,1297.8641899518022,502.3255940403904,1.0001710702149944,-0.05514084144672482,0.11650340101560275,731
x2_soft_local,4.0,reused_2026,-0.37379431685923437,-0.3908435221610349,-3.3053560069424393,0.18803816931967493,0.1304756476009028,0.19434664928823633,0.45943169256778726,0.3801547564861174,0.07927693608166982,65.43868871712029,140,60.08163265306123,24.0,261.75475486848114,-4.256926879992335,1.000279414120096,-0.07756610049377577,0.06258620782687685,267
x2_soft_local,4.0,recent_2025H2_2026,-0.2911862949750035,-0.390843522161038,-1.3060246389370667,0.19813463518827262,0.1592534207164629,0.2232606955594574,0.504076620447004,0.42314473349911846,0.08093188694788547,133.6990841332722,282,56.83420138888889,24.0,534.796336533089,57.838264699837545,1.000279414120096,-0.07756610049377577,0.06258620782687685,451
x2_soft_local,6.0,all,0.40454867086963087,-0.3988742943657547,0.6229837846269257,0.2484747339332389,0.24387931453508152,0.3317446022235276,0.6619952543646624,0.5504380318834328,0.11155722248122969,389.88302317350167,802,54.675862068965515,24.0,2339.2981390410105,498.0686671603984,1.000279414120098,-0.07756610049377544,0.1163718452181135,998
x2_soft_local,6.0,development_2024_2025,1.272502324660198,-0.152154367357191,1.6748957472513615,0.2656056819574361,0.28530002550459455,0.38192923535936996,0.7359816080597738,0.612634008939471,0.12334759912030285,324.44783183739764,662,53.57676348547718,20.0,1946.6869910243859,502.3255940403907,1.0001710702149957,-0.05556180225804919,0.1163718452181135,731
x2_soft_local,6.0,reused_2026,-0.38193741074403575,-0.3978671511098928,-3.396445970577166,0.18824243786967887,0.13047560794455307,0.19434658856607884,0.45943169256778726,0.3801547564861174,0.07927693608166982,65.43519133610405,140,60.08163265306123,24.0,392.6111480166242,-4.256926879992329,1.000279414120098,-0.07756610049377544,0.06258620782687707,267
x2_soft_local,6.0,recent_2025H2_2026,-0.30989071675027724,-0.3988742943656767,-1.4139770798326223,0.19827996794140154,0.1592533668858111,0.22326062074966468,0.504076620447004,0.42314473349911846,0.08093188694788547,133.69191894535751,282,56.83420138888889,24.0,802.151513672145,57.83826469983754,1.000279414120098,-0.07756610049377544,0.06258620782687707,451
x2_soft_local,10.0,all,0.20169888614894105,-0.4259093697744517,0.3932689062521563,0.24864077410176896,0.2438791964956263,0.33174440783006837,0.6619952543646624,0.5504380318834328,0.11155722248122969,389.8396176484956,802,54.675862068965515,24.0,3898.3961764849582,498.0686671603982,1.000279414120096,-0.07756610049377333,0.11610876551221283,998
x2_soft_local,10.0,development_2024_2025,0.995870237457505,-0.15875795418361194,1.429849909024443,0.2657906242106397,0.2852998933095637,0.3819290143064486,0.7359816080597738,0.612634008939471,0.12334759912030285,324.4114175395109,662,53.57676348547718,20.0,3244.1141753951097,502.32559404039057,1.0001710702149946,-0.05640315544985508,0.11610876551221283,731
x2_soft_local,10.0,reused_2026,-0.3979073070002642,-0.4116724578210418,-3.577413575754159,0.18868132397532952,0.13047552866094522,0.19434646716223697,0.45943169256778726,0.3801547564861174,0.07927693608166982,65.42820010898478,140,60.08163265306123,24.0,654.2820010898479,-4.256926879992325,1.000279414120096,-0.07756610049377333,0.06258620782687485,267
x2_soft_local,10.0,recent_2025H2_2026,-0.3458318636930614,-0.42590936977451566,-1.6290582047127367,0.19860647684858163,0.15925325926247494,0.2232604711798424,0.504076620447004,0.42314473349911846,0.08093188694788547,133.67759593885367,282,56.83420138888889,24.0,1336.7759593885366,57.838264699837545,1.000279414120096,-0.07756610049377333,0.06258620782687485,451
x2_tree,0.0,all,0.8880756669330183,-0.3009919781292826,1.0498120910934658,0.251411764622176,0.24244468920730067,0.3420292823080243,0.6544801720118849,0.5392489092692974,0.11523126274258755,386.87213200584847,812,53.68493150684932,20.0,0.0,294.618720106708,1.0042111747098539,-0.0808514471611701,0.09200996575888065,998
x2_tree,0.0,development_2024_2025,1.4407069164785269,-0.13777321479997984,1.9439361249412468,0.24456461779188848,0.2020171309387087,0.3355654081568093,0.6561818674089309,0.5029663653593126,0.15321550204961834,326.01521347761036,679,44.447876447876446,16.0,0.0,270.749299441854,1.0042111747098539,-0.053861488574421745,0.09200996575888065,731
x2_tree,0.0,reused_2026,-0.22642261789591023,-0.30099197812936096,-1.1782342016489555,0.2674074418047017,0.35312929236240626,0.35972640219140845,0.6498211847324273,0.6385850835554977,0.011236101176929579,60.856918528238104,133,126.18181818181819,56.0,0.0,23.86942066485396,1.000279414120095,-0.0808514471611701,0.06547671849450776,267
x2_tree,0.0,recent_2025H2_2026,-0.13656862632815914,-0.30099197812936784,-0.3667294084329352,0.2433603327776644,0.2782503977342274,0.30692847405442186,0.5783488724814646,0.5395459129859032,0.03880295949556153,134.02757055572494,281,68.79120879120879,32.0,0.0,73.17976718771557,1.000279414120095,-0.0808514471611701,0.06547671849450776,451
x2_tree,4.0,all,0.6173824446503664,-0.3165266240953962,0.824437645401456,0.2514822044394421,0.24244457888535484,0.3420290907744349,0.6544801720118849,0.5392489092692974,0.11523126274258755,386.83000864789165,812,53.68493150684932,20.0,1547.3200345915673,294.61872010670817,1.0042111747098525,-0.08085144716117243,0.09154854033590731,998
x2_tree,4.0,development_2024_2025,1.1423030211494916,-0.13991407398435385,1.6769710749776074,0.24464218020241477,0.20201702612218433,0.33556519372937793,0.6561818674089309,0.5029663653593126,0.15321550204961834,325.979223984833,679,44.447876447876446,16.0,1303.9168959393328,270.7492994418542,1.0042111747098525,-0.05470428107816305,0.09154854033590731,731
x2_tree,4.0,reused_2026,-0.24502629708169177,-0.31652662409541643,-1.3011380082560993,0.2676474724902204,0.35312916696744096,0.35972627333773155,0.6498211847324273,0.6385850835554977,0.011236101176929579,60.85078466305865,133,126.18181818181819,56.0,243.40313865223462,23.86942066485394,1.000279414120095,-0.08085144716117243,0.06547671849450998,267
x2_tree,4.0,recent_2025H2_2026,-0.18163920201589867,-0.31652662409542065,-0.5440952137599409,0.24361726640507655,0.27825026555699484,0.3069283184390332,0.5783488724814646,0.5395459129859032,0.03880295949556153,134.01328209142213,281,68.79120879120879,32.0,536.0531283656885,73.17976718771553,1.000279414120095,-0.08085144716117243,0.06547671849450998,451
x2_tree,6.0,all,0.4969572070087733,-0.3241640210325951,0.7117677291702168,0.2515410163074477,0.24244452374351255,0.3420289950382705,0.6544801720118849,0.5392489092692974,0.11523126274258755,386.8089570357673,812,53.68493150684932,20.0,2320.853742214604,294.6187201067082,1.004211174709857,-0.08085144716117143,0.09131787345330777,998
x2_tree,6.0,development_2024_2025,1.0070746659835357,-0.14098252971252379,1.5434200133498959,0.2447091960785674,0.20201697373298189,0.3355650865502923,0.6561818674089309,0.5029663653593126,0.15321550204961834,325.9612373920392,679,44.447876447876446,16.0,1955.7674243522351,270.7492994418542,1.004211174709857,-0.0551253927629608,0.09131787345330777,731
x2_tree,6.0,reused_2026,-0.25415968205881456,-0.3241640210325627,-1.3624465861545623,0.26777673545293923,0.3531291042892827,0.3597262089305729,0.6498211847324273,0.6385850835554977,0.011236101176929579,60.847719643728176,133,126.18181818181819,56.0,365.08631786236907,23.86942066485398,1.0002794141200952,-0.08085144716117143,0.06547671849451153,267
x2_tree,6.0,recent_2025H2_2026,-0.20328441312958834,-0.3241640210325679,-0.6325727414357385,0.24376158733528513,0.27825019948988167,0.30692824065637725,0.5783488724814646,0.5395459129859032,0.03880295949556153,134.00614172637427,281,68.79120879120879,32.0,804.0368503582457,73.17976718771558,1.0002794141200952,-0.08085144716117143,0.06547671849451153,451
x2_tree,10.0,all,0.2823385304529318,-0.3530406648389721,0.4865682877132235,0.25170568130525744,0.24244441349805418,0.342028803627155,0.6544801720118849,0.5392489092692974,0.11523126274258755,386.7668739323633,812,53.68493150684932,20.0,3867.668739323633,294.6187201067081,1.0042111747098548,-0.08085144716117176,0.09085663121905507,998
x2_tree,10.0,development_2024_2025,0.7616870875151982,-0.14712583016662417,1.276335883457583,0.2448995085264748,0.20201686899266177,0.335564872261329,0.6561818674089309,0.5029663653593126,0.15321550204961834,325.9252805032213,679,44.447876447876446,16.0,3259.2528050322135,270.74929944185413,1.0042111747098548,-0.05596704758180826,0.09085663121905507,731
x2_tree,10.0,reused_2026,-0.2720963106668962,-0.3391837843123796,-1.4847570111849135,0.2680536924416358,0.3531289789715797,0.35972608015557994,0.6498211847324273,0.6385850835554977,0.011236101176929579,60.841593429141966,133,126.18181818181819,56.0,608.4159342914197,23.86942066485396,1.000279414120097,-0.08085144716117176,0.06547671849450842,267
x2_tree,10.0,recent_2025H2_2026,-0.24487246687338549,-0.3530406648390577,-0.8090612843057895,0.24408180053565173,0.27825006739862257,0.30692808514109976,0.5783488724814646,0.5395459129859032,0.03880295949556153,133.99186872544013,281,68.79120879120879,32.0,1339.9186872544014,73.17976718771557,1.000279414120097,-0.08085144716117176,0.06547671849450842,451
x2_tree_long_only,0.0,all,0.565726439911697,-0.29735344862496016,0.8099379823744463,0.2369436425824661,0.29523756397673884,0.29523756397673884,0.5514400428638031,0.5514400428638031,0.0,284.2910158015696,591,75.47428571428571,28.0,0.0,444.73962201890515,1.0042111747098525,-0.08085144716117143,0.09200996575887666,998
x2_tree_long_only,0.0,development_2024_2025,1.0124189237860977,-0.1641627901709104,1.6671016486170522,0.22451131155429302,0.2728878091502014,0.2728878091502014,0.5196103112664884,0.5196103112664884,0.0,225.41677546054373,464,62.86896551724138,24.0,0.0,419.91995482043444,1.0042111747098525,-0.05364281474064525,0.09200996575887666,731
x2_tree_long_only,0.0,reused_2026,-0.22196794046932722,-0.2973534486249324,-1.1523319292565943,0.26676135491839936,0.35642784727690746,0.35642784727690746,0.6385850835554977,0.6385850835554977,0.0,58.87424034102588,127,136.4,78.0,0.0,24.81966719847075,1.000279414120096,-0.08085144716117143,0.06547671849451264,267
x2_tree_long_only,0.0,recent_2025H2_2026,-0.1460089501856714,-0.2973534486249516,-0.41237807607023086,0.2399660201594209,0.298041766146501,0.298041766146501,0.5606103767120652,0.5606103767120652,0.0,120.38285018718645,252,85.46478873239437,44.0,0.0,87.94669926810255,1.000279414120096,-0.08085144716117143,0.06547671849451264,451
x2_tree_long_only,4.0,all,0.397427664510035,-0.31339035567404594,0.6342747686239407,0.23699985956121683,0.29523741551359367,0.29523741551359367,0.5514400428638031,0.5514400428638031,0.0,284.2602483217741,591,75.47428571428571,28.0,1137.0409932870964,444.73962201890527,1.0042111747098512,-0.08085144716117154,0.09154854033590398,998
x2_tree_long_only,4.0,development_2024_2025,0.8389052638025114,-0.16809840277455856,1.4664371409262493,0.22450879848050093,0.2728876528930494,0.2728876528930494,0.5196103112664884,0.5196103112664884,0.0,225.39200886711328,464,62.86896551724138,24.0,901.5680354684532,419.9199548204345,1.0042111747098512,-0.05439852496057107,0.09154854033590398,731
x2_tree_long_only,4.0,reused_2026,-0.24007631495907888,-0.3120454335864903,-1.2713941554892354,0.26702031056897674,0.35642772015258617,0.35642772015258617,0.6385850835554977,0.6385850835554977,0.0,58.868239454660795,127,136.4,78.0,235.47295781864327,24.819667198470768,1.000279414120096,-0.08085144716117154,0.06547671849451064,267
x2_tree_long_only,4.0,recent_2025H2_2026,-0.18615699605960812,-0.31339035567410956,-0.5738342964972541,0.24021919583658782,0.29804162093089576,0.29804162093089576,0.5606103767120652,0.5606103767120652,0.0,120.37001230999861,252,85.46478873239437,44.0,481.48004923999434,87.94669926810259,1.000279414120096,-0.08085144716117154,0.06547671849451064,451
x2_tree_long_only,6.0,all,0.32018882417725325,-0.32746971049111195,0.5464603764633034,0.23704448049569696,0.295237341306748,0.295237341306748,0.5514400428638031,0.5514400428638031,0.0,284.24487287957606,591,75.47428571428571,28.0,1705.4692372774564,444.7396220189051,1.0042111747098548,-0.08085144716117054,0.09131787345330844,998
x2_tree_long_only,6.0,development_2024_2025,0.7578419575629907,-0.17005929460024194,1.3660123161888902,0.224527240159557,0.2728875747911086,0.2728875747911086,0.5196103112664884,0.5196103112664884,0.0,225.37963196850552,464,62.86896551724138,24.0,1352.277791811033,419.91995482043444,1.0042111747098548,-0.05477615375816269,0.09131787345330844,731
x2_tree_long_only,6.0,reused_2026,-0.24897183248052857,-0.31946310139315315,-1.330781240270046,0.26715870249088874,0.3564276566099279,0.3564276566099279,0.6385850835554977,0.6385850835554977,0.0,58.86524091107053,127,136.4,78.0,353.1914454664232,24.819667198470743,1.0002794141200964,-0.08085144716117054,0.06547671849451198,267
x2_tree_long_only,6.0,recent_2025H2_2026,-0.2055175802130519,-0.32746971049103246,-0.6543780178496178,0.24035925404875513,0.29804154834667695,0.29804154834667695,0.5606103767120652,0.5606103767120652,0.0,120.36359705705787,252,85.46478873239437,44.0,722.1815823423472,87.94669926810259,1.0002794141200964,-0.08085144716117054,0.06547671849451198,451
x2_tree_long_only,10.0,all,0.1782825792185978,-0.3547682523002117,0.37092720937833057,0.23716666994258778,0.2952371929424687,0.2952371929424687,0.5514400428638031,0.5514400428638031,0.0,284.2141385795411,591,75.47428571428571,28.0,2842.14138579541,444.73962201890515,1.0042111747098552,-0.08085144716117043,0.09085663121905307,998
x2_tree_long_only,10.0,development_2024_2025,0.6062781074288457,-0.17396730339375954,1.1650660124799668,0.2246034457756011,0.27288741864045357,0.27288741864045357,0.5196103112664884,0.5196103112664884,0.0,225.3548909589008,464,62.86896551724138,24.0,2253.5489095890075,419.9199548204345,1.0042111747098552,-0.055530959180900896,0.09085663121905307,731
x2_tree_long_only,10.0,reused_2026,-0.26645169739329466,-0.3340594086056211,-1.4492486790849979,0.26745324986085395,0.35642752956357976,0.35642752956357976,0.6385850835554977,0.6385850835554977,0.0,58.85924762064028,127,136.4,78.0,588.5924762064028,24.819667198470786,1.000279414120096,-0.08085144716117043,0.06547671849451042,267
x2_tree_long_only,10.0,recent_2025H2_2026,-0.2428679992188416,-0.3547682523001172,-0.815053080738059,0.24066620124298738,0.29804140322536543,0.29804140322536543,0.5606103767120652,0.5606103767120652,0.0,120.35077391761418,252,85.46478873239437,44.0,1203.5077391761417,87.94669926810259,1.000279414120096,-0.08085144716117043,0.06547671849451042,451
