fold,available_at,nearest_distance,tenth_distance,nearest_real_history,neighbor_unique_days,interpretation
2024-01-01,2024-01-01 00:00:00+00:00,13.504752910380553,13.896734338767526,2023-03-16 01:00:00+00:00,7,geometry support only; not prediction confidence
2024-01-01,2024-01-02 00:00:00+00:00,15.036098087195612,16.326658601018476,2023-07-03 19:00:00+00:00,6,geometry support only; not prediction confidence
2024-01-01,2024-01-03 00:00:00+00:00,15.175563326554949,17.938223326771283,2023-03-15 07:00:00+00:00,6,geometry support only; not prediction confidence
2024-01-01,2024-01-04 00:00:00+00:00,11.550439132272036,12.564622047216602,2023-04-19 19:00:00+00:00,6,geometry support only; not prediction confidence
2024-01-01,2024-01-05 00:00:00+00:00,6.215653438029554,7.883614497139861,2023-05-26 01:00:00+00:00,8,geometry support only; not prediction confidence
2024-01-01,2024-01-06 00:00:00+00:00,5.225930666919624,6.728821014623045,2023-05-05 07:00:00+00:00,7,geometry support only; not prediction confidence
2024-01-01,2024-01-07 00:00:00+00:00,5.105627671659906,6.0482065267945035,2023-08-13 01:00:00+00:00,7,geometry support only; not prediction confidence
2024-01-01,2024-01-08 00:00:00+00:00,5.089436951309431,5.800492271811596,2023-08-07 07:00:00+00:00,6,geometry support only; not prediction confidence
2024-01-01,2024-01-09 00:00:00+00:00,5.528839561678787,7.301284869394487,2023-05-06 01:00:00+00:00,9,geometry support only; not prediction confidence
2024-01-01,2024-01-10 00:00:00+00:00,6.431238365285786,8.249430284389597,2023-05-05 01:00:00+00:00,9,geometry support only; not prediction confidence
2024-01-01,2024-01-11 00:00:00+00:00,10.113668687888678,14.133590540546146,2023-04-13 13:00:00+00:00,5,geometry support only; not prediction confidence
2024-01-01,2024-01-12 00:00:00+00:00,10.792089845623785,15.41448118789666,2023-04-14 19:00:00+00:00,4,geometry support only; not prediction confidence
2024-01-01,2024-01-13 00:00:00+00:00,10.71764043057755,12.445851761458492,2023-04-17 19:00:00+00:00,4,geometry support only; not prediction confidence
2024-01-01,2024-01-14 00:00:00+00:00,11.384128534598801,13.321644042022966,2023-04-18 07:00:00+00:00,5,geometry support only; not prediction confidence
2024-01-01,2024-01-15 00:00:00+00:00,10.561488984160068,12.791416981399426,2023-04-16 13:00:00+00:00,4,geometry support only; not prediction confidence
2024-01-01,2024-01-16 00:00:00+00:00,12.813547797918433,13.388285092882493,2023-04-16 07:00:00+00:00,4,geometry support only; not prediction confidence
2024-01-01,2024-01-17 00:00:00+00:00,11.415755601030579,12.867715956212827,2023-04-16 19:00:00+00:00,5,geometry support only; not prediction confidence
2024-01-01,2024-01-18 00:00:00+00:00,8.316390608115565,9.0670005286996,2023-07-17 19:00:00+00:00,5,geometry support only; not prediction confidence
2024-01-01,2024-01-19 00:00:00+00:00,9.374092518855335,10.15303820241743,2023-08-16 07:00:00+00:00,6,geometry support only; not prediction confidence
2024-01-01,2024-01-20 00:00:00+00:00,8.425969864513021,9.381806716322064,2023-07-18 19:00:00+00:00,9,geometry support only; not prediction confidence
2024-01-01,2024-01-21 00:00:00+00:00,6.02810179757267,7.0577847474662505,2023-07-29 19:00:00+00:00,8,geometry support only; not prediction confidence
2024-01-01,2024-01-22 00:00:00+00:00,4.473998145916619,5.990171242970102,2023-08-06 13:00:00+00:00,6,geometry support only; not prediction confidence
2024-01-01,2024-01-23 00:00:00+00:00,6.977787995512,7.933628491922522,2023-02-25 13:00:00+00:00,8,geometry support only; not prediction confidence
2024-01-01,2024-01-24 00:00:00+00:00,8.589586533346786,10.953533237389292,2023-02-11 01:00:00+00:00,8,geometry support only; not prediction confidence
2024-01-01,2024-01-25 00:00:00+00:00,7.071573787214497,8.303465684269842,2023-09-26 19:00:00+00:00,8,geometry support only; not prediction confidence
2024-01-01,2024-01-26 00:00:00+00:00,5.672335181533516,6.919055914814057,2023-06-12 13:00:00+00:00,5,geometry support only; not prediction confidence
2024-01-01,2024-01-27 00:00:00+00:00,6.3356710503329445,7.472391651780106,2023-02-15 01:00:00+00:00,8,geometry support only; not prediction confidence
2024-01-01,2024-01-28 00:00:00+00:00,6.165501018945031,7.74728930378312,2023-07-29 19:00:00+00:00,8,geometry support only; not prediction confidence
2024-01-01,2024-01-29 00:00:00+00:00,5.290225553350112,6.291421892508952,2023-07-29 13:00:00+00:00,6,geometry support only; not prediction confidence
2024-01-01,2024-01-30 00:00:00+00:00,5.426027168781754,7.296597654868709,2023-07-03 07:00:00+00:00,8,geometry support only; not prediction confidence
2024-01-01,2024-01-31 00:00:00+00:00,5.84426593804359,8.117071920404157,2023-07-04 07:00:00+00:00,5,geometry support only; not prediction confidence
2024-01-01,2024-02-01 00:00:00+00:00,7.285996020115327,8.482830720483365,2023-08-10 19:00:00+00:00,9,geometry support only; not prediction confidence
2024-01-01,2024-02-02 00:00:00+00:00,6.715107705259896,7.940116094004453,2023-06-01 19:00:00+00:00,9,geometry support only; not prediction confidence
2024-01-01,2024-02-03 00:00:00+00:00,6.361789156498302,7.101307611601861,2023-06-03 13:00:00+00:00,9,geometry support only; not prediction confidence
2024-01-01,2024-02-04 00:00:00+00:00,5.492431808355511,6.235385973585274,2023-08-04 19:00:00+00:00,9,geometry support only; not prediction confidence
2024-01-01,2024-02-05 00:00:00+00:00,5.094538890187377,5.957849004279515,2023-08-12 13:00:00+00:00,7,geometry support only; not prediction confidence
2024-01-01,2024-02-06 00:00:00+00:00,5.408438237365314,6.5087441723869475,2023-08-15 13:00:00+00:00,8,geometry support only; not prediction confidence
2024-01-01,2024-02-07 00:00:00+00:00,5.97673147684583,6.512084201495695,2023-04-01 01:00:00+00:00,8,geometry support only; not prediction confidence
2024-01-01,2024-02-08 00:00:00+00:00,6.949505342826747,7.665388132956164,2023-08-08 19:00:00+00:00,9,geometry support only; not prediction confidence
2024-01-01,2024-02-09 00:00:00+00:00,7.748417749497363,9.222981351899016,2023-05-29 19:00:00+00:00,7,geometry support only; not prediction confidence
2024-01-01,2024-02-10 00:00:00+00:00,9.651523641379585,11.592991988540174,2023-06-22 13:00:00+00:00,6,geometry support only; not prediction confidence
2024-01-01,2024-02-11 00:00:00+00:00,7.2957416879763155,9.858002323364476,2023-06-23 13:00:00+00:00,6,geometry support only; not prediction confidence
2024-01-01,2024-02-12 00:00:00+00:00,7.337072175119779,8.131292716681953,2023-03-22 13:00:00+00:00,5,geometry support only; not prediction confidence
2024-01-01,2024-02-13 00:00:00+00:00,9.117338630380463,11.601437803510402,2023-04-13 19:00:00+00:00,9,geometry support only; not prediction confidence
2024-01-01,2024-02-14 00:00:00+00:00,9.075759729866613,10.768019564094233,2023-06-23 01:00:00+00:00,8,geometry support only; not prediction confidence
2024-01-01,2024-02-15 00:00:00+00:00,8.254686998421024,10.27895275613251,2023-04-14 01:00:00+00:00,9,geometry support only; not prediction confidence
2024-01-01,2024-02-16 00:00:00+00:00,7.418303523681768,8.956561217910513,2023-03-19 01:00:00+00:00,8,geometry support only; not prediction confidence
2024-01-01,2024-02-17 00:00:00+00:00,5.999546076305305,6.76638892366894,2023-03-21 07:00:00+00:00,6,geometry support only; not prediction confidence
2024-01-01,2024-02-18 00:00:00+00:00,6.056038215701104,7.279057496411428,2023-07-05 07:00:00+00:00,6,geometry support only; not prediction confidence
2024-01-01,2024-02-19 00:00:00+00:00,6.257696213759709,7.431536236344553,2023-07-03 13:00:00+00:00,7,geometry support only; not prediction confidence
2024-01-01,2024-02-20 00:00:00+00:00,5.368010863901676,8.001926093911147,2023-07-04 07:00:00+00:00,7,geometry support only; not prediction confidence
2024-01-01,2024-02-21 00:00:00+00:00,8.864922572391011,10.18050638218314,2023-03-21 01:00:00+00:00,9,geometry support only; not prediction confidence
2024-01-01,2024-02-22 00:00:00+00:00,7.622758391840508,8.586413610015816,2023-03-21 13:00:00+00:00,7,geometry support only; not prediction confidence
2024-01-01,2024-02-23 00:00:00+00:00,6.15679264783139,7.577042196636706,2023-02-01 07:00:00+00:00,6,geometry support only; not prediction confidence
2024-01-01,2024-02-24 00:00:00+00:00,5.958256538297745,6.646943732190815,2023-02-06 13:00:00+00:00,6,geometry support only; not prediction confidence
2024-01-01,2024-02-25 00:00:00+00:00,5.4807646813549935,6.60751032985232,2023-02-04 19:00:00+00:00,7,geometry support only; not prediction confidence
2024-01-01,2024-02-26 00:00:00+00:00,8.013449924510313,9.212624561782269,2023-03-30 01:00:00+00:00,7,geometry support only; not prediction confidence
2024-01-01,2024-02-27 00:00:00+00:00,9.79657652022108,12.033645166787169,2023-02-02 07:00:00+00:00,8,geometry support only; not prediction confidence
2024-01-01,2024-02-28 00:00:00+00:00,13.380077318047645,14.565052948941277,2023-03-15 01:00:00+00:00,7,geometry support only; not prediction confidence
2024-01-01,2024-02-29 00:00:00+00:00,15.550762575938208,18.1694638216071,2023-03-15 07:00:00+00:00,5,geometry support only; not prediction confidence
2024-01-01,2024-03-01 00:00:00+00:00,18.297347689561903,20.270028256074962,2023-06-23 01:00:00+00:00,6,geometry support only; not prediction confidence
2024-01-01,2024-03-02 00:00:00+00:00,17.217372890514703,18.286069045217218,2023-04-16 01:00:00+00:00,6,geometry support only; not prediction confidence
2024-01-01,2024-03-03 00:00:00+00:00,17.891360355006043,18.976611855565853,2023-04-16 13:00:00+00:00,4,geometry support only; not prediction confidence
2024-01-01,2024-03-04 00:00:00+00:00,17.15656375362767,18.524480595901423,2023-04-16 19:00:00+00:00,6,geometry support only; not prediction confidence
2024-01-01,2024-03-05 00:00:00+00:00,18.118206175844513,19.255102981535636,2023-07-04 07:00:00+00:00,7,geometry support only; not prediction confidence
2024-01-01,2024-03-06 00:00:00+00:00,18.320514300281435,20.86686175223751,2023-03-15 19:00:00+00:00,6,geometry support only; not prediction confidence
2024-01-01,2024-03-07 00:00:00+00:00,18.171348350742875,19.52831891241615,2023-02-18 01:00:00+00:00,4,geometry support only; not prediction confidence
2024-01-01,2024-03-08 00:00:00+00:00,15.53219688356487,17.28435726312068,2023-03-16 01:00:00+00:00,5,geometry support only; not prediction confidence
2024-01-01,2024-03-09 00:00:00+00:00,15.924595554320339,17.187338474493878,2023-03-15 19:00:00+00:00,5,geometry support only; not prediction confidence
2024-01-01,2024-03-10 00:00:00+00:00,12.484710326733609,14.59856048778795,2023-03-16 01:00:00+00:00,7,geometry support only; not prediction confidence
2024-01-01,2024-03-11 00:00:00+00:00,15.623790992733339,16.54687985779228,2023-03-16 01:00:00+00:00,7,geometry support only; not prediction confidence
2024-01-01,2024-03-12 00:00:00+00:00,16.61126124813599,17.41192259998295,2023-07-03 19:00:00+00:00,6,geometry support only; not prediction confidence
2024-01-01,2024-03-13 00:00:00+00:00,14.078166298320138,17.03745754906643,2023-03-16 01:00:00+00:00,6,geometry support only; not prediction confidence
2024-01-01,2024-03-14 00:00:00+00:00,16.42079960530947,17.42567096819979,2023-03-16 01:00:00+00:00,6,geometry support only; not prediction confidence
2024-01-01,2024-03-15 00:00:00+00:00,14.313870253572096,17.04130736512573,2023-03-16 01:00:00+00:00,7,geometry support only; not prediction confidence
2024-01-01,2024-03-16 00:00:00+00:00,12.482505293807987,13.982293847693416,2023-02-10 19:00:00+00:00,6,geometry support only; not prediction confidence
2024-01-01,2024-03-17 00:00:00+00:00,10.147310831598455,11.8529018052554,2023-03-16 01:00:00+00:00,6,geometry support only; not prediction confidence
2024-01-01,2024-03-18 00:00:00+00:00,10.366135372292586,11.714468142946112,2023-02-01 01:00:00+00:00,8,geometry support only; not prediction confidence
2024-01-01,2024-03-19 00:00:00+00:00,11.57075887038137,12.554507628043378,2023-03-16 01:00:00+00:00,6,geometry support only; not prediction confidence
2024-01-01,2024-03-20 00:00:00+00:00,9.936990903737684,11.396796287898677,2023-02-10 13:00:00+00:00,6,geometry support only; not prediction confidence
2024-01-01,2024-03-21 00:00:00+00:00,8.074324451544209,9.8920129865371,2023-02-14 13:00:00+00:00,7,geometry support only; not prediction confidence
2024-01-01,2024-03-22 00:00:00+00:00,7.281511890389681,8.93474329739986,2023-05-05 01:00:00+00:00,9,geometry support only; not prediction confidence
2024-01-01,2024-03-23 00:00:00+00:00,7.1234974579820465,8.097322716526566,2023-02-09 19:00:00+00:00,7,geometry support only; not prediction confidence
2024-01-01,2024-03-24 00:00:00+00:00,6.0935724751455,6.953896810279267,2023-02-23 13:00:00+00:00,5,geometry support only; not prediction confidence
2024-01-01,2024-03-25 00:00:00+00:00,7.129530589681278,7.855411752513846,2023-07-29 07:00:00+00:00,9,geometry support only; not prediction confidence
2024-01-01,2024-03-26 00:00:00+00:00,9.748962375779275,11.113432385009936,2023-05-04 07:00:00+00:00,7,geometry support only; not prediction confidence
2024-01-01,2024-03-27 00:00:00+00:00,8.020117904752041,10.865074456133701,2023-03-15 19:00:00+00:00,9,geometry support only; not prediction confidence
2024-01-01,2024-03-28 00:00:00+00:00,12.276847572373365,14.680877984592776,2023-03-16 01:00:00+00:00,5,geometry support only; not prediction confidence
2024-01-01,2024-03-29 00:00:00+00:00,13.736200311023708,14.70921775264664,2023-03-16 01:00:00+00:00,6,geometry support only; not prediction confidence
2024-01-01,2024-03-30 00:00:00+00:00,11.340766861678468,13.830841984982602,2023-03-16 01:00:00+00:00,5,geometry support only; not prediction confidence
2024-01-01,2024-03-31 00:00:00+00:00,13.965739358464264,15.537287966954084,2023-03-16 01:00:00+00:00,6,geometry support only; not prediction confidence
2024-01-01,2024-04-01 00:00:00+00:00,16.381856752603102,17.686349547040468,2023-07-03 19:00:00+00:00,6,geometry support only; not prediction confidence
2024-01-01,2024-04-02 00:00:00+00:00,12.12771767977878,14.178691647613741,2023-03-16 01:00:00+00:00,9,geometry support only; not prediction confidence
2024-01-01,2024-04-03 00:00:00+00:00,8.222751149604338,10.786913399780063,2023-02-10 13:00:00+00:00,6,geometry support only; not prediction confidence
2024-01-01,2024-04-04 00:00:00+00:00,6.027034300268754,8.173731655948476,2023-07-26 01:00:00+00:00,6,geometry support only; not prediction confidence
2024-01-01,2024-04-05 00:00:00+00:00,5.658240395447683,6.697963949558636,2023-07-27 01:00:00+00:00,6,geometry support only; not prediction confidence
2024-01-01,2024-04-06 00:00:00+00:00,6.555146241810187,7.109373802060684,2023-02-28 07:00:00+00:00,6,geometry support only; not prediction confidence
2024-01-01,2024-04-07 00:00:00+00:00,5.104950276650417,6.656479892943905,2023-08-06 07:00:00+00:00,6,geometry support only; not prediction confidence
2024-01-01,2024-04-08 00:00:00+00:00,4.832800821962298,7.329277551323198,2023-05-27 13:00:00+00:00,7,geometry support only; not prediction confidence
2024-01-01,2024-04-09 00:00:00+00:00,11.930107711080888,14.111706506744957,2023-05-29 13:00:00+00:00,6,geometry support only; not prediction confidence
2024-01-01,2024-04-10 00:00:00+00:00,9.219805659040047,11.451291707854702,2023-03-16 01:00:00+00:00,8,geometry support only; not prediction confidence
2024-01-01,2024-04-11 00:00:00+00:00,6.955106454636916,8.51167829512995,2023-06-01 19:00:00+00:00,6,geometry support only; not prediction confidence
2024-01-01,2024-04-12 00:00:00+00:00,7.083482160607664,8.085283279011783,2023-08-15 07:00:00+00:00,9,geometry support only; not prediction confidence
2024-01-01,2024-04-13 00:00:00+00:00,7.799624606318201,9.20472610225952,2023-05-31 13:00:00+00:00,8,geometry support only; not prediction confidence
2024-01-01,2024-04-14 00:00:00+00:00,9.111505247155897,10.604889565281463,2023-07-25 07:00:00+00:00,10,geometry support only; not prediction confidence
2024-01-01,2024-04-15 00:00:00+00:00,7.469421223853195,9.567047025515071,2023-07-25 13:00:00+00:00,9,geometry support only; not prediction confidence
2024-01-01,2024-04-16 00:00:00+00:00,6.613271889819676,7.305581190778363,2023-06-12 07:00:00+00:00,10,geometry support only; not prediction confidence
2024-01-01,2024-04-17 00:00:00+00:00,5.790897068312825,6.477972160268725,2023-02-28 19:00:00+00:00,7,geometry support only; not prediction confidence
2024-01-01,2024-04-18 00:00:00+00:00,5.2156443035423345,5.8874209499335,2023-04-25 01:00:00+00:00,9,geometry support only; not prediction confidence
2024-01-01,2024-04-19 00:00:00+00:00,4.637177885393016,6.113883155404436,2023-08-24 07:00:00+00:00,6,geometry support only; not prediction confidence
2024-01-01,2024-04-20 00:00:00+00:00,5.12475489926153,7.057587133817998,2023-03-01 19:00:00+00:00,7,geometry support only; not prediction confidence
2024-01-01,2024-04-21 00:00:00+00:00,5.502704816607231,6.646132002637474,2023-06-18 19:00:00+00:00,10,geometry support only; not prediction confidence
2024-01-01,2024-04-22 00:00:00+00:00,5.5859152700862795,6.906250386476422,2023-05-21 19:00:00+00:00,9,geometry support only; not prediction confidence
2024-01-01,2024-04-23 00:00:00+00:00,4.089403281197157,6.5539378940204,2023-09-16 19:00:00+00:00,7,geometry support only; not prediction confidence
2024-01-01,2024-04-24 00:00:00+00:00,5.305990056044586,6.202341412994261,2023-06-18 19:00:00+00:00,8,geometry support only; not prediction confidence
2024-01-01,2024-04-25 00:00:00+00:00,5.507118700127128,6.628391781390884,2023-06-19 07:00:00+00:00,9,geometry support only; not prediction confidence
2024-01-01,2024-04-26 00:00:00+00:00,5.269153700862859,6.613703626180979,2023-02-23 07:00:00+00:00,10,geometry support only; not prediction confidence
2024-01-01,2024-04-27 00:00:00+00:00,5.0098314357722895,5.714185630628644,2023-08-15 13:00:00+00:00,9,geometry support only; not prediction confidence
2024-01-01,2024-04-28 00:00:00+00:00,7.192633901740339,7.747851798989882,2023-03-21 19:00:00+00:00,10,geometry support only; not prediction confidence
2024-01-01,2024-04-29 00:00:00+00:00,7.327247307437311,8.077456819151266,2023-06-03 19:00:00+00:00,7,geometry support only; not prediction confidence
2024-01-01,2024-04-30 00:00:00+00:00,5.882552366651956,6.665779035178961,2023-08-05 07:00:00+00:00,8,geometry support only; not prediction confidence
2024-01-01,2024-05-01 00:00:00+00:00,7.094950048141702,8.130024009964409,2023-02-25 07:00:00+00:00,9,geometry support only; not prediction confidence
2024-01-01,2024-05-02 00:00:00+00:00,7.967161267697347,8.62774341020794,2023-08-01 19:00:00+00:00,7,geometry support only; not prediction confidence
2024-01-01,2024-05-03 00:00:00+00:00,5.989570419295164,7.735563035046377,2023-05-26 13:00:00+00:00,8,geometry support only; not prediction confidence
2024-01-01,2024-05-04 00:00:00+00:00,5.298196224558944,7.321916475769956,2023-05-27 01:00:00+00:00,8,geometry support only; not prediction confidence
2024-01-01,2024-05-05 00:00:00+00:00,4.653637934659342,8.322514654363966,2023-06-18 01:00:00+00:00,6,geometry support only; not prediction confidence
2024-01-01,2024-05-06 00:00:00+00:00,4.569035717313981,6.79689030589984,2023-06-19 01:00:00+00:00,10,geometry support only; not prediction confidence
2024-01-01,2024-05-07 00:00:00+00:00,5.515357878327294,6.3630079815702505,2023-06-19 13:00:00+00:00,7,geometry support only; not prediction confidence
2024-01-01,2024-05-08 00:00:00+00:00,4.94461237928547,5.958912505848794,2023-08-11 13:00:00+00:00,7,geometry support only; not prediction confidence
2024-01-01,2024-05-09 00:00:00+00:00,5.1977195821752264,6.419974831919669,2023-08-15 19:00:00+00:00,7,geometry support only; not prediction confidence
2024-01-01,2024-05-10 00:00:00+00:00,6.135947490640292,7.49774430799637,2023-02-23 07:00:00+00:00,8,geometry support only; not prediction confidence
2024-01-01,2024-05-11 00:00:00+00:00,6.585429648489358,8.819252705481516,2023-05-19 01:00:00+00:00,10,geometry support only; not prediction confidence
2024-01-01,2024-05-12 00:00:00+00:00,6.543576581973451,7.99177651144881,2023-07-25 19:00:00+00:00,9,geometry support only; not prediction confidence
2024-01-01,2024-05-13 00:00:00+00:00,5.189098158186837,6.0122145424880715,2023-05-14 19:00:00+00:00,7,geometry support only; not prediction confidence
2024-01-01,2024-05-14 00:00:00+00:00,4.7506247516984805,6.877034663733056,2023-03-01 19:00:00+00:00,8,geometry support only; not prediction confidence
2024-01-01,2024-05-15 00:00:00+00:00,4.612623202342203,6.311416246702244,2023-03-02 19:00:00+00:00,8,geometry support only; not prediction confidence
2024-01-01,2024-05-16 00:00:00+00:00,5.183408120553259,9.52660438318969,2023-05-06 01:00:00+00:00,9,geometry support only; not prediction confidence
2024-01-01,2024-05-17 00:00:00+00:00,6.201355974964186,9.084502445125842,2023-06-08 01:00:00+00:00,10,geometry support only; not prediction confidence
2024-01-01,2024-05-18 00:00:00+00:00,7.340351614336791,8.377763920727828,2023-05-06 01:00:00+00:00,8,geometry support only; not prediction confidence
2024-01-01,2024-05-19 00:00:00+00:00,6.0604469431097625,8.127773423460992,2023-03-22 19:00:00+00:00,6,geometry support only; not prediction confidence
2024-01-01,2024-05-20 00:00:00+00:00,5.6841845268865345,6.371345492037913,2023-07-05 07:00:00+00:00,5,geometry support only; not prediction confidence
2024-01-01,2024-05-21 00:00:00+00:00,10.836662524380461,14.695960147476823,2023-04-13 13:00:00+00:00,8,geometry support only; not prediction confidence
2024-01-01,2024-05-22 00:00:00+00:00,11.896794766531888,18.163096061047447,2023-04-14 13:00:00+00:00,6,geometry support only; not prediction confidence
2024-01-01,2024-05-23 00:00:00+00:00,7.954232571801651,10.584336142441186,2023-04-16 13:00:00+00:00,4,geometry support only; not prediction confidence
2024-01-01,2024-05-24 00:00:00+00:00,7.801445571992242,11.000450727967628,2023-04-17 07:00:00+00:00,5,geometry support only; not prediction confidence
2024-01-01,2024-05-25 00:00:00+00:00,8.54767920033562,9.948039663207508,2023-04-15 19:00:00+00:00,4,geometry support only; not prediction confidence
2024-01-01,2024-05-26 00:00:00+00:00,6.811390492276061,10.249724681756994,2023-04-16 19:00:00+00:00,5,geometry support only; not prediction confidence
2024-01-01,2024-05-27 00:00:00+00:00,7.999889996951221,10.825350720668837,2023-04-16 19:00:00+00:00,5,geometry support only; not prediction confidence
2024-01-01,2024-05-28 00:00:00+00:00,9.006868271524867,10.851043378513019,2023-04-17 01:00:00+00:00,5,geometry support only; not prediction confidence
2024-01-01,2024-05-29 00:00:00+00:00,7.610694740437956,9.67674054168101,2023-07-05 01:00:00+00:00,6,geometry support only; not prediction confidence
2024-01-01,2024-05-30 00:00:00+00:00,8.028903384191315,9.330464844668485,2023-04-18 07:00:00+00:00,6,geometry support only; not prediction confidence
2024-01-01,2024-05-31 00:00:00+00:00,8.727195297687643,10.227905524748104,2023-04-19 07:00:00+00:00,7,geometry support only; not prediction confidence
2024-01-01,2024-06-01 00:00:00+00:00,7.559810759926056,8.881298523389615,2023-07-05 01:00:00+00:00,7,geometry support only; not prediction confidence
2024-01-01,2024-06-02 00:00:00+00:00,6.319652861837473,8.021773891533533,2023-07-19 19:00:00+00:00,6,geometry support only; not prediction confidence
2024-01-01,2024-06-03 00:00:00+00:00,6.627740111037158,7.59656963586555,2023-07-05 01:00:00+00:00,8,geometry support only; not prediction confidence
2024-01-01,2024-06-04 00:00:00+00:00,6.188002442518564,7.514437109464183,2023-07-11 13:00:00+00:00,6,geometry support only; not prediction confidence
2024-01-01,2024-06-05 00:00:00+00:00,6.692230866511704,7.565907998688573,2023-07-12 13:00:00+00:00,7,geometry support only; not prediction confidence
2024-01-01,2024-06-06 00:00:00+00:00,5.9308982723798165,7.950366325000961,2023-07-04 07:00:00+00:00,6,geometry support only; not prediction confidence
2024-01-01,2024-06-07 00:00:00+00:00,5.83765676924901,8.603896358045617,2023-07-05 01:00:00+00:00,7,geometry support only; not prediction confidence
2024-01-01,2024-06-08 00:00:00+00:00,8.7885647786847,10.2724198107717,2023-07-05 19:00:00+00:00,8,geometry support only; not prediction confidence
2024-01-01,2024-06-09 00:00:00+00:00,8.593550685772872,9.084093014662663,2023-02-04 07:00:00+00:00,10,geometry support only; not prediction confidence
2024-01-01,2024-06-10 00:00:00+00:00,5.831726332429102,7.000618995572597,2023-07-19 19:00:00+00:00,5,geometry support only; not prediction confidence
2024-01-01,2024-06-11 00:00:00+00:00,6.364433452904777,7.518556733461485,2023-07-20 01:00:00+00:00,8,geometry support only; not prediction confidence
2024-01-01,2024-06-12 00:00:00+00:00,7.8054832518494734,11.056367571729435,2023-02-10 19:00:00+00:00,7,geometry support only; not prediction confidence
2024-01-01,2024-06-13 00:00:00+00:00,9.806012886919115,12.265289618069676,2023-02-15 01:00:00+00:00,7,geometry support only; not prediction confidence
2024-01-01,2024-06-14 00:00:00+00:00,7.726499257294721,9.612122997935096,2023-05-11 19:00:00+00:00,9,geometry support only; not prediction confidence
2024-01-01,2024-06-15 00:00:00+00:00,7.74623613730085,8.841524395472923,2023-02-25 01:00:00+00:00,9,geometry support only; not prediction confidence
2024-01-01,2024-06-16 00:00:00+00:00,7.029414978937316,8.198517137935447,2023-07-29 01:00:00+00:00,7,geometry support only; not prediction confidence
2024-01-01,2024-06-17 00:00:00+00:00,6.630333343851869,7.385323868223832,2023-07-30 01:00:00+00:00,8,geometry support only; not prediction confidence
2024-01-01,2024-06-18 00:00:00+00:00,5.973959852599576,6.756327369360897,2023-02-28 07:00:00+00:00,8,geometry support only; not prediction confidence
2024-01-01,2024-06-19 00:00:00+00:00,6.260301570337588,7.113324958072337,2023-02-23 01:00:00+00:00,7,geometry support only; not prediction confidence
2024-01-01,2024-06-20 00:00:00+00:00,6.263439421883591,7.543174573884988,2023-07-29 13:00:00+00:00,7,geometry support only; not prediction confidence
2024-01-01,2024-06-21 00:00:00+00:00,6.663087117846692,7.729963014507684,2023-07-28 01:00:00+00:00,9,geometry support only; not prediction confidence
2024-01-01,2024-06-22 00:00:00+00:00,6.7836298879440635,7.4655346063499985,2023-08-12 01:00:00+00:00,7,geometry support only; not prediction confidence
2024-01-01,2024-06-23 00:00:00+00:00,6.2776756628860415,6.954943891911781,2023-08-04 19:00:00+00:00,4,geometry support only; not prediction confidence
2024-01-01,2024-06-24 00:00:00+00:00,6.394788659397083,7.599544454057721,2023-09-25 07:00:00+00:00,7,geometry support only; not prediction confidence
2024-01-01,2024-06-25 00:00:00+00:00,8.88384184480173,10.033080975737246,2023-05-09 01:00:00+00:00,8,geometry support only; not prediction confidence
2024-01-01,2024-06-26 00:00:00+00:00,7.519615467710213,9.126628400404767,2023-05-26 07:00:00+00:00,8,geometry support only; not prediction confidence
2024-01-01,2024-06-27 00:00:00+00:00,6.4802926464010575,7.227275591917584,2023-06-14 07:00:00+00:00,7,geometry support only; not prediction confidence
2024-01-01,2024-06-28 00:00:00+00:00,5.863835038668848,7.522475905044278,2023-07-29 07:00:00+00:00,6,geometry support only; not prediction confidence
2024-01-01,2024-06-29 00:00:00+00:00,6.51252765154136,7.55569006595516,2023-08-05 01:00:00+00:00,7,geometry support only; not prediction confidence
2024-01-01,2024-06-30 00:00:00+00:00,6.021378308831977,7.397276906564507,2023-08-06 01:00:00+00:00,6,geometry support only; not prediction confidence
2024-07-01,2024-07-01 00:00:00+00:00,5.941127767350522,6.912596891338567,2024-01-28 13:00:00+00:00,8,geometry support only; not prediction confidence
2024-07-01,2024-07-02 00:00:00+00:00,6.984354327250117,8.297432514107003,2023-05-29 19:00:00+00:00,10,geometry support only; not prediction confidence
2024-07-01,2024-07-03 00:00:00+00:00,6.07934017995019,6.951731116015783,2023-10-19 13:00:00+00:00,8,geometry support only; not prediction confidence
2024-07-01,2024-07-04 00:00:00+00:00,6.538560928190778,7.777361898734857,2024-01-23 01:00:00+00:00,7,geometry support only; not prediction confidence
2024-07-01,2024-07-05 00:00:00+00:00,8.06660066679916,10.061505364510868,2024-01-24 07:00:00+00:00,6,geometry support only; not prediction confidence
2024-07-01,2024-07-06 00:00:00+00:00,9.372321172012375,12.867229808936603,2024-01-24 07:00:00+00:00,7,geometry support only; not prediction confidence
2024-07-01,2024-07-07 00:00:00+00:00,7.780090827676198,8.681376934562936,2023-05-13 19:00:00+00:00,7,geometry support only; not prediction confidence
2024-07-01,2024-07-08 00:00:00+00:00,6.932282511572462,7.527727657000758,2023-06-13 01:00:00+00:00,7,geometry support only; not prediction confidence
2024-07-01,2024-07-09 00:00:00+00:00,7.250731987311343,8.545257968961115,2023-09-07 13:00:00+00:00,7,geometry support only; not prediction confidence
2024-07-01,2024-07-10 00:00:00+00:00,6.145873903092489,6.812814330998166,2023-03-12 19:00:00+00:00,6,geometry support only; not prediction confidence
2024-07-01,2024-07-11 00:00:00+00:00,4.747754953847894,6.577785356206099,2023-05-27 19:00:00+00:00,8,geometry support only; not prediction confidence
2024-07-01,2024-07-12 00:00:00+00:00,4.532784180299322,5.6472656647581925,2023-08-29 13:00:00+00:00,10,geometry support only; not prediction confidence
2024-07-01,2024-07-13 00:00:00+00:00,5.018468531668764,5.788447697757846,2023-06-20 07:00:00+00:00,8,geometry support only; not prediction confidence
2024-07-01,2024-07-14 00:00:00+00:00,5.6512989195894265,6.408291681746611,2023-05-27 07:00:00+00:00,7,geometry support only; not prediction confidence
2024-07-01,2024-07-15 00:00:00+00:00,5.862219245708141,7.230117978787969,2023-05-27 13:00:00+00:00,8,geometry support only; not prediction confidence
2024-07-01,2024-07-16 00:00:00+00:00,6.643968659274725,9.161959695674017,2024-02-08 19:00:00+00:00,6,geometry support only; not prediction confidence
2024-07-01,2024-07-17 00:00:00+00:00,5.8467409426002765,10.195470088631708,2024-02-10 13:00:00+00:00,7,geometry support only; not prediction confidence
2024-07-01,2024-07-18 00:00:00+00:00,5.573842633081232,6.395118339805446,2023-06-28 13:00:00+00:00,8,geometry support only; not prediction confidence
2024-07-01,2024-07-19 00:00:00+00:00,5.033949298760159,6.0235014607096256,2023-05-31 01:00:00+00:00,9,geometry support only; not prediction confidence
2024-07-01,2024-07-20 00:00:00+00:00,6.199134755335478,7.309485175328565,2023-03-17 13:00:00+00:00,10,geometry support only; not prediction confidence
2024-07-01,2024-07-21 00:00:00+00:00,5.384798223261027,7.387808763272246,2023-02-19 01:00:00+00:00,7,geometry support only; not prediction confidence
2024-07-01,2024-07-22 00:00:00+00:00,5.706899436272019,7.070983599044741,2023-02-20 07:00:00+00:00,8,geometry support only; not prediction confidence
2024-07-01,2024-07-23 00:00:00+00:00,5.167961850140097,6.335410186694899,2023-06-28 13:00:00+00:00,8,geometry support only; not prediction confidence
2024-07-01,2024-07-24 00:00:00+00:00,5.55129717277422,6.503675164364971,2024-02-01 07:00:00+00:00,8,geometry support only; not prediction confidence
2024-07-01,2024-07-25 00:00:00+00:00,5.399360707573076,6.2630811911117705,2023-08-11 13:00:00+00:00,7,geometry support only; not prediction confidence
2024-07-01,2024-07-26 00:00:00+00:00,5.3752863170159015,6.448948789940953,2023-05-09 01:00:00+00:00,8,geometry support only; not prediction confidence
2024-07-01,2024-07-27 00:00:00+00:00,5.6167285743822175,6.338862818043631,2023-12-14 13:00:00+00:00,8,geometry support only; not prediction confidence
2024-07-01,2024-07-28 00:00:00+00:00,6.009915248247214,6.832229368024221,2023-03-27 13:00:00+00:00,10,geometry support only; not prediction confidence
2024-07-01,2024-07-29 00:00:00+00:00,5.105517169601278,6.127687508434974,2023-12-01 01:00:00+00:00,9,geometry support only; not prediction confidence
2024-07-01,2024-07-30 00:00:00+00:00,5.7486390601671555,7.211601909156167,2024-01-29 01:00:00+00:00,9,geometry support only; not prediction confidence
2024-07-01,2024-07-31 00:00:00+00:00,4.538361554436612,5.926602308433848,2023-06-29 07:00:00+00:00,8,geometry support only; not prediction confidence
2024-07-01,2024-08-01 00:00:00+00:00,5.903047687769804,6.992801035952075,2023-03-01 01:00:00+00:00,8,geometry support only; not prediction confidence
2024-07-01,2024-08-02 00:00:00+00:00,6.250529128215887,7.807230631158341,2023-10-11 13:00:00+00:00,8,geometry support only; not prediction confidence
2024-07-01,2024-08-03 00:00:00+00:00,6.926488300586103,8.778481505281926,2023-05-11 13:00:00+00:00,8,geometry support only; not prediction confidence
2024-07-01,2024-08-04 00:00:00+00:00,6.0244072194895955,8.060669250744237,2023-05-12 13:00:00+00:00,8,geometry support only; not prediction confidence
2024-07-01,2024-08-05 00:00:00+00:00,7.006339656872154,8.968450512020532,2023-05-12 13:00:00+00:00,7,geometry support only; not prediction confidence
2024-07-01,2024-08-06 00:00:00+00:00,10.260009755053293,14.64571171242992,2024-01-24 07:00:00+00:00,8,geometry support only; not prediction confidence
2024-07-01,2024-08-07 00:00:00+00:00,7.505921833352064,9.94678498419864,2024-01-25 07:00:00+00:00,9,geometry support only; not prediction confidence
2024-07-01,2024-08-08 00:00:00+00:00,5.037445724191438,6.519942848809971,2024-01-25 19:00:00+00:00,8,geometry support only; not prediction confidence
2024-07-01,2024-08-09 00:00:00+00:00,5.21690710163687,6.976920924666418,2024-01-26 19:00:00+00:00,9,geometry support only; not prediction confidence
2024-07-01,2024-08-10 00:00:00+00:00,5.137671409369969,7.008227600212288,2024-01-27 19:00:00+00:00,10,geometry support only; not prediction confidence
2024-07-01,2024-08-11 00:00:00+00:00,4.686036591082061,5.525916586474194,2023-08-28 01:00:00+00:00,9,geometry support only; not prediction confidence
2024-07-01,2024-08-12 00:00:00+00:00,4.820807306125498,6.022319465154322,2023-06-19 19:00:00+00:00,6,geometry support only; not prediction confidence
2024-07-01,2024-08-13 00:00:00+00:00,6.153928172691957,6.9408099914599655,2023-09-16 13:00:00+00:00,10,geometry support only; not prediction confidence
2024-07-01,2024-08-14 00:00:00+00:00,5.682461895951053,6.690658752955681,2023-09-16 07:00:00+00:00,9,geometry support only; not prediction confidence
2024-07-01,2024-08-15 00:00:00+00:00,5.728899060206231,7.037723344264331,2023-02-21 19:00:00+00:00,9,geometry support only; not prediction confidence
2024-07-01,2024-08-16 00:00:00+00:00,5.970332600579118,6.806916822745798,2023-09-21 13:00:00+00:00,9,geometry support only; not prediction confidence
2024-07-01,2024-08-17 00:00:00+00:00,5.071574390918807,5.867574720702107,2023-08-26 07:00:00+00:00,8,geometry support only; not prediction confidence
2024-07-01,2024-08-18 00:00:00+00:00,4.757148636067408,5.772114706654517,2023-08-27 13:00:00+00:00,8,geometry support only; not prediction confidence
2024-07-01,2024-08-19 00:00:00+00:00,5.468922216824021,6.559989252240572,2023-05-21 13:00:00+00:00,7,geometry support only; not prediction confidence
2024-07-01,2024-08-20 00:00:00+00:00,4.189653546783855,5.850165678848556,2023-08-25 19:00:00+00:00,7,geometry support only; not prediction confidence
2024-07-01,2024-08-21 00:00:00+00:00,6.127488751495457,7.4131795818190245,2023-09-08 19:00:00+00:00,10,geometry support only; not prediction confidence
2024-07-01,2024-08-22 00:00:00+00:00,6.204188929106025,7.088108544294209,2024-02-07 01:00:00+00:00,10,geometry support only; not prediction confidence
2024-07-01,2024-08-23 00:00:00+00:00,4.981392387940981,6.791481614339536,2023-09-15 19:00:00+00:00,8,geometry support only; not prediction confidence
2024-07-01,2024-08-24 00:00:00+00:00,6.4951544573830535,8.707629478214164,2023-10-20 13:00:00+00:00,10,geometry support only; not prediction confidence
2024-07-01,2024-08-25 00:00:00+00:00,5.810396635848227,7.837134010842501,2023-09-30 01:00:00+00:00,8,geometry support only; not prediction confidence
2024-07-01,2024-08-26 00:00:00+00:00,4.925921978848118,6.407394310597879,2023-08-12 07:00:00+00:00,5,geometry support only; not prediction confidence
2024-07-01,2024-08-27 00:00:00+00:00,6.266401786207975,6.772172469511452,2023-02-22 13:00:00+00:00,9,geometry support only; not prediction confidence
2024-07-01,2024-08-28 00:00:00+00:00,8.27401845291362,9.273432831831698,2023-05-09 07:00:00+00:00,8,geometry support only; not prediction confidence
2024-07-01,2024-08-29 00:00:00+00:00,9.347000989766777,11.078840040242637,2024-01-04 13:00:00+00:00,9,geometry support only; not prediction confidence
2024-07-01,2024-08-30 00:00:00+00:00,6.820649975247422,7.34258527573255,2023-03-01 01:00:00+00:00,10,geometry support only; not prediction confidence
2024-07-01,2024-08-31 00:00:00+00:00,5.742356119166735,7.431140826655549,2023-09-25 19:00:00+00:00,8,geometry support only; not prediction confidence
2024-07-01,2024-09-01 00:00:00+00:00,4.864373265944909,6.814883901465399,2023-10-15 01:00:00+00:00,9,geometry support only; not prediction confidence
2024-07-01,2024-09-02 00:00:00+00:00,5.551634997738626,6.827803126818238,2023-08-23 07:00:00+00:00,5,geometry support only; not prediction confidence
2024-07-01,2024-09-03 00:00:00+00:00,5.40586109961999,6.772761306689406,2023-05-26 07:00:00+00:00,8,geometry support only; not prediction confidence
2024-07-01,2024-09-04 00:00:00+00:00,4.470027194316015,6.319785898710833,2023-08-25 01:00:00+00:00,10,geometry support only; not prediction confidence
2024-07-01,2024-09-05 00:00:00+00:00,6.114033303155053,6.6379032178164845,2023-06-29 19:00:00+00:00,10,geometry support only; not prediction confidence
2024-07-01,2024-09-06 00:00:00+00:00,5.004903305149773,6.107458714015588,2023-02-24 07:00:00+00:00,9,geometry support only; not prediction confidence
2024-07-01,2024-09-07 00:00:00+00:00,6.925397033639158,8.250722854309762,2024-01-23 01:00:00+00:00,9,geometry support only; not prediction confidence
2024-07-01,2024-09-08 00:00:00+00:00,7.106891854970656,8.286444587376902,2023-09-22 19:00:00+00:00,10,geometry support only; not prediction confidence
2024-07-01,2024-09-09 00:00:00+00:00,5.566635082993584,5.988722472210004,2023-02-26 19:00:00+00:00,9,geometry support only; not prediction confidence
2024-07-01,2024-09-10 00:00:00+00:00,5.7945950860275355,6.57432347687115,2023-05-26 19:00:00+00:00,8,geometry support only; not prediction confidence
2024-07-01,2024-09-11 00:00:00+00:00,5.350897763775704,7.191040346280789,2023-05-27 07:00:00+00:00,7,geometry support only; not prediction confidence
2024-07-01,2024-09-12 00:00:00+00:00,6.025998598267271,6.762779230536822,2023-05-05 13:00:00+00:00,9,geometry support only; not prediction confidence
2024-07-01,2024-09-13 00:00:00+00:00,4.629448455371193,5.962522425413692,2024-02-07 13:00:00+00:00,7,geometry support only; not prediction confidence
2024-07-01,2024-09-14 00:00:00+00:00,5.592978583529529,6.807479898933528,2023-05-28 07:00:00+00:00,9,geometry support only; not prediction confidence
2024-07-01,2024-09-15 00:00:00+00:00,6.117900024852026,7.073237381972515,2023-02-19 01:00:00+00:00,10,geometry support only; not prediction confidence
2024-07-01,2024-09-16 00:00:00+00:00,5.876765204708419,7.026965278356789,2024-02-04 07:00:00+00:00,8,geometry support only; not prediction confidence
2024-07-01,2024-09-17 00:00:00+00:00,6.001246813163108,6.397174314587928,2023-09-22 07:00:00+00:00,7,geometry support only; not prediction confidence
2024-07-01,2024-09-18 00:00:00+00:00,5.249951840082331,6.5575078785424035,2023-09-14 07:00:00+00:00,10,geometry support only; not prediction confidence
2024-07-01,2024-09-19 00:00:00+00:00,5.483319642219795,7.030235918079018,2023-05-05 07:00:00+00:00,9,geometry support only; not prediction confidence
2024-07-01,2024-09-20 00:00:00+00:00,7.041564017576017,7.677528249009525,2023-10-20 19:00:00+00:00,8,geometry support only; not prediction confidence
2024-07-01,2024-09-21 00:00:00+00:00,5.896507313039068,7.137259543917916,2023-12-02 13:00:00+00:00,8,geometry support only; not prediction confidence
2024-07-01,2024-09-22 00:00:00+00:00,5.820504852052855,6.548033958512309,2023-10-01 01:00:00+00:00,6,geometry support only; not prediction confidence
2024-07-01,2024-09-23 00:00:00+00:00,5.740095774601434,6.407267490245255,2023-03-21 13:00:00+00:00,7,geometry support only; not prediction confidence
2024-07-01,2024-09-24 00:00:00+00:00,5.87984854195182,6.343649692093828,2023-02-21 07:00:00+00:00,8,geometry support only; not prediction confidence
2024-07-01,2024-09-25 00:00:00+00:00,5.6924548247165205,6.3208015451873285,2023-10-20 01:00:00+00:00,9,geometry support only; not prediction confidence
2024-07-01,2024-09-26 00:00:00+00:00,4.734353005287288,5.820673893464287,2024-02-17 13:00:00+00:00,7,geometry support only; not prediction confidence
2024-07-01,2024-09-27 00:00:00+00:00,5.3435931181699905,6.169797911683113,2024-01-30 13:00:00+00:00,9,geometry support only; not prediction confidence
2024-07-01,2024-09-28 00:00:00+00:00,5.137689017518573,6.367063595177573,2023-12-02 13:00:00+00:00,7,geometry support only; not prediction confidence
2024-07-01,2024-09-29 00:00:00+00:00,4.276453691579636,5.78011488370762,2023-07-05 01:00:00+00:00,8,geometry support only; not prediction confidence
2024-07-01,2024-09-30 00:00:00+00:00,4.9610321420608745,5.415242803054542,2024-02-04 19:00:00+00:00,10,geometry support only; not prediction confidence
2024-07-01,2024-10-01 00:00:00+00:00,4.545337240646924,5.827091769241361,2023-05-08 19:00:00+00:00,8,geometry support only; not prediction confidence
2024-07-01,2024-10-02 00:00:00+00:00,8.501502006973075,9.49196041752795,2024-01-23 01:00:00+00:00,8,geometry support only; not prediction confidence
2024-07-01,2024-10-03 00:00:00+00:00,7.617545276774335,8.759064538182932,2023-04-21 07:00:00+00:00,7,geometry support only; not prediction confidence
2024-07-01,2024-10-04 00:00:00+00:00,7.013014094958985,8.124237270398206,2023-02-14 01:00:00+00:00,8,geometry support only; not prediction confidence
2024-07-01,2024-10-05 00:00:00+00:00,5.782016748928497,6.747747809672893,2023-02-15 01:00:00+00:00,8,geometry support only; not prediction confidence
2024-07-01,2024-10-06 00:00:00+00:00,5.60849634147073,6.564383136199209,2024-01-25 19:00:00+00:00,7,geometry support only; not prediction confidence
2024-07-01,2024-10-07 00:00:00+00:00,4.8877942217188926,6.5202392145472166,2023-02-27 01:00:00+00:00,7,geometry support only; not prediction confidence
2024-07-01,2024-10-08 00:00:00+00:00,5.880973315862718,7.047293517901966,2023-02-27 19:00:00+00:00,8,geometry support only; not prediction confidence
2024-07-01,2024-10-09 00:00:00+00:00,4.953471777375819,6.0249527892471395,2023-02-24 13:00:00+00:00,10,geometry support only; not prediction confidence
2024-07-01,2024-10-10 00:00:00+00:00,4.615013654360752,6.147915510099388,2023-03-27 19:00:00+00:00,10,geometry support only; not prediction confidence
2024-07-01,2024-10-11 00:00:00+00:00,5.598208806276673,6.7320542041883185,2023-09-22 13:00:00+00:00,10,geometry support only; not prediction confidence
2024-07-01,2024-10-12 00:00:00+00:00,5.312751567027001,6.724066913215292,2023-05-06 01:00:00+00:00,9,geometry support only; not prediction confidence
2024-07-01,2024-10-13 00:00:00+00:00,5.467166416503637,6.960592654480951,2023-03-30 01:00:00+00:00,7,geometry support only; not prediction confidence
2024-07-01,2024-10-14 00:00:00+00:00,5.360239118328677,5.953535679830583,2023-06-04 07:00:00+00:00,8,geometry support only; not prediction confidence
2024-07-01,2024-10-15 00:00:00+00:00,7.024302317983119,8.251794187134742,2023-10-20 19:00:00+00:00,8,geometry support only; not prediction confidence
2024-07-01,2024-10-16 00:00:00+00:00,8.074642027252018,9.035733275773662,2023-09-30 07:00:00+00:00,7,geometry support only; not prediction confidence
2024-07-01,2024-10-17 00:00:00+00:00,6.184311781665142,7.569941450089479,2023-02-18 19:00:00+00:00,5,geometry support only; not prediction confidence
2024-07-01,2024-10-18 00:00:00+00:00,4.085008379525841,5.21256091719958,2023-10-27 07:00:00+00:00,7,geometry support only; not prediction confidence
2024-07-01,2024-10-19 00:00:00+00:00,3.9784482599664712,5.54273730504159,2023-02-21 07:00:00+00:00,7,geometry support only; not prediction confidence
2024-07-01,2024-10-20 00:00:00+00:00,4.631524653520341,6.076687064903986,2023-04-02 07:00:00+00:00,7,geometry support only; not prediction confidence
2024-07-01,2024-10-21 00:00:00+00:00,5.33295588066114,6.224558319733094,2024-02-19 07:00:00+00:00,8,geometry support only; not prediction confidence
2024-07-01,2024-10-22 00:00:00+00:00,5.5229786647822765,6.4129554972128515,2023-02-22 07:00:00+00:00,8,geometry support only; not prediction confidence
2024-07-01,2024-10-23 00:00:00+00:00,5.140034221461513,5.800542309349877,2023-11-28 07:00:00+00:00,8,geometry support only; not prediction confidence
2024-07-01,2024-10-24 00:00:00+00:00,5.909308380841159,7.476830002620636,2023-04-21 13:00:00+00:00,8,geometry support only; not prediction confidence
2024-07-01,2024-10-25 00:00:00+00:00,6.822614079696775,7.874302850967323,2023-11-28 19:00:00+00:00,9,geometry support only; not prediction confidence
2024-07-01,2024-10-26 00:00:00+00:00,6.063103709760262,8.39759483996461,2023-05-11 01:00:00+00:00,9,geometry support only; not prediction confidence
2024-07-01,2024-10-27 00:00:00+00:00,6.019776405462351,7.38777212222339,2023-07-08 01:00:00+00:00,9,geometry support only; not prediction confidence
2024-07-01,2024-10-28 00:00:00+00:00,5.355236003404067,6.7391555716391105,2023-10-16 01:00:00+00:00,8,geometry support only; not prediction confidence
2024-07-01,2024-10-29 00:00:00+00:00,6.2212100316734205,7.781584561239391,2023-05-27 07:00:00+00:00,9,geometry support only; not prediction confidence
2024-07-01,2024-10-30 00:00:00+00:00,6.4148408262746885,8.560160458119991,2024-02-08 19:00:00+00:00,7,geometry support only; not prediction confidence
2024-07-01,2024-10-31 00:00:00+00:00,6.418366439692489,8.099193901020083,2024-02-16 07:00:00+00:00,8,geometry support only; not prediction confidence
2024-07-01,2024-11-01 00:00:00+00:00,6.095474926362279,7.3495434506584365,2023-11-22 01:00:00+00:00,10,geometry support only; not prediction confidence
2024-07-01,2024-11-02 00:00:00+00:00,7.507439340927344,8.335326514127804,2023-07-06 19:00:00+00:00,6,geometry support only; not prediction confidence
2024-07-01,2024-11-03 00:00:00+00:00,6.508303149686548,7.364638044400652,2023-03-25 19:00:00+00:00,9,geometry support only; not prediction confidence
2024-07-01,2024-11-04 00:00:00+00:00,5.039517920413851,6.515254462613795,2023-11-28 01:00:00+00:00,7,geometry support only; not prediction confidence
2024-07-01,2024-11-05 00:00:00+00:00,5.26572611133962,6.486361258062541,2023-12-13 13:00:00+00:00,9,geometry support only; not prediction confidence
2024-07-01,2024-11-06 00:00:00+00:00,5.282130973501183,6.344749807240901,2024-01-20 13:00:00+00:00,6,geometry support only; not prediction confidence
2024-07-01,2024-11-07 00:00:00+00:00,7.7016709535161825,11.115390759621441,2023-10-17 01:00:00+00:00,9,geometry support only; not prediction confidence
2024-07-01,2024-11-08 00:00:00+00:00,8.969332894138978,10.190798467353012,2023-03-14 19:00:00+00:00,6,geometry support only; not prediction confidence
2024-07-01,2024-11-09 00:00:00+00:00,8.409599944047864,9.653091006478464,2023-11-06 01:00:00+00:00,8,geometry support only; not prediction confidence
2024-07-01,2024-11-10 00:00:00+00:00,11.559855697190795,12.961065721868863,2023-03-18 19:00:00+00:00,8,geometry support only; not prediction confidence
2024-07-01,2024-11-11 00:00:00+00:00,12.554517011305368,15.600008971124863,2024-02-10 07:00:00+00:00,5,geometry support only; not prediction confidence
2024-07-01,2024-11-12 00:00:00+00:00,13.618202961019222,17.061138819848438,2024-02-09 19:00:00+00:00,7,geometry support only; not prediction confidence
2024-07-01,2024-11-13 00:00:00+00:00,13.575796555513573,17.356215033730457,2024-02-10 13:00:00+00:00,9,geometry support only; not prediction confidence
2024-07-01,2024-11-14 00:00:00+00:00,8.492377457239302,10.134231313377207,2023-12-08 01:00:00+00:00,7,geometry support only; not prediction confidence
2024-07-01,2024-11-15 00:00:00+00:00,6.473393079909382,7.374006402262997,2024-02-21 19:00:00+00:00,7,geometry support only; not prediction confidence
2024-07-01,2024-11-16 00:00:00+00:00,5.524479895072398,6.456329437721906,2024-02-18 13:00:00+00:00,7,geometry support only; not prediction confidence
2024-07-01,2024-11-17 00:00:00+00:00,5.727860151385399,6.833912800868004,2023-03-22 13:00:00+00:00,8,geometry support only; not prediction confidence
2024-07-01,2024-11-18 00:00:00+00:00,5.279904240255692,5.843973098276662,2023-11-27 13:00:00+00:00,6,geometry support only; not prediction confidence
2024-07-01,2024-11-19 00:00:00+00:00,5.99995739868209,6.613049169780564,2023-11-04 07:00:00+00:00,9,geometry support only; not prediction confidence
2024-07-01,2024-11-20 00:00:00+00:00,5.4915737412247285,6.109579952909035,2023-11-01 07:00:00+00:00,6,geometry support only; not prediction confidence
2024-07-01,2024-11-21 00:00:00+00:00,5.33735950957219,6.44949413158822,2023-11-01 07:00:00+00:00,8,geometry support only; not prediction confidence
2024-07-01,2024-11-22 00:00:00+00:00,6.134660530743245,9.060173780977781,2023-04-13 19:00:00+00:00,8,geometry support only; not prediction confidence
2024-07-01,2024-11-23 00:00:00+00:00,6.796033150117451,9.950097558804188,2023-11-11 07:00:00+00:00,5,geometry support only; not prediction confidence
2024-07-01,2024-11-24 00:00:00+00:00,5.749412202066974,7.575021183646681,2023-11-13 07:00:00+00:00,4,geometry support only; not prediction confidence
2024-07-01,2024-11-25 00:00:00+00:00,5.701690898526968,8.195660445261968,2023-11-14 07:00:00+00:00,4,geometry support only; not prediction confidence
2024-07-01,2024-11-26 00:00:00+00:00,7.315340296345206,9.28768840991306,2023-11-14 07:00:00+00:00,3,geometry support only; not prediction confidence
2024-07-01,2024-11-27 00:00:00+00:00,7.063850690446163,9.24320527976189,2023-11-14 13:00:00+00:00,5,geometry support only; not prediction confidence
2024-07-01,2024-11-28 00:00:00+00:00,8.112857336355601,9.695404951185253,2023-11-16 07:00:00+00:00,7,geometry support only; not prediction confidence
2024-07-01,2024-11-29 00:00:00+00:00,7.936120693737794,8.93183697264303,2023-07-04 19:00:00+00:00,8,geometry support only; not prediction confidence
2024-07-01,2024-11-30 00:00:00+00:00,6.353178509303354,7.111649453231329,2023-11-01 13:00:00+00:00,7,geometry support only; not prediction confidence
2024-07-01,2024-12-01 00:00:00+00:00,6.754468187520583,7.336926177212693,2023-11-01 01:00:00+00:00,7,geometry support only; not prediction confidence
2024-07-01,2024-12-02 00:00:00+00:00,6.84610504114092,7.774622213600569,2023-12-11 01:00:00+00:00,9,geometry support only; not prediction confidence
2024-07-01,2024-12-03 00:00:00+00:00,9.342800095673057,11.16071495088302,2023-11-12 13:00:00+00:00,4,geometry support only; not prediction confidence
2024-07-01,2024-12-04 00:00:00+00:00,10.426368685938138,12.39469366706545,2023-11-12 13:00:00+00:00,6,geometry support only; not prediction confidence
2024-07-01,2024-12-05 00:00:00+00:00,12.046860972902754,13.326894689883215,2023-11-02 07:00:00+00:00,7,geometry support only; not prediction confidence
2024-07-01,2024-12-06 00:00:00+00:00,10.245282041296413,11.940582205228294,2023-12-28 19:00:00+00:00,8,geometry support only; not prediction confidence
2024-07-01,2024-12-07 00:00:00+00:00,7.794778684219983,9.532458607684195,2023-04-13 07:00:00+00:00,9,geometry support only; not prediction confidence
2024-07-01,2024-12-08 00:00:00+00:00,6.3208741205092505,7.6257100538923925,2023-11-25 19:00:00+00:00,8,geometry support only; not prediction confidence
2024-07-01,2024-12-09 00:00:00+00:00,5.9508928260209215,6.846332550121354,2023-12-11 01:00:00+00:00,8,geometry support only; not prediction confidence
2024-07-01,2024-12-10 00:00:00+00:00,7.127670793061768,8.456662688431274,2023-11-27 07:00:00+00:00,7,geometry support only; not prediction confidence
2024-07-01,2024-12-11 00:00:00+00:00,7.974918745853809,9.001825796690218,2024-01-13 19:00:00+00:00,9,geometry support only; not prediction confidence
2024-07-01,2024-12-12 00:00:00+00:00,7.232187042083168,8.326291663253206,2023-11-23 07:00:00+00:00,9,geometry support only; not prediction confidence
2024-07-01,2024-12-13 00:00:00+00:00,5.616221521609752,7.053830513976677,2023-11-29 19:00:00+00:00,7,geometry support only; not prediction confidence
2024-07-01,2024-12-14 00:00:00+00:00,4.626373163867653,5.862763864725184,2023-11-01 07:00:00+00:00,7,geometry support only; not prediction confidence
2024-07-01,2024-12-15 00:00:00+00:00,5.1023880295729604,5.794031926356607,2024-02-04 07:00:00+00:00,9,geometry support only; not prediction confidence
2024-07-01,2024-12-16 00:00:00+00:00,5.423789831293705,6.220839402685053,2023-07-03 13:00:00+00:00,6,geometry support only; not prediction confidence
2024-07-01,2024-12-17 00:00:00+00:00,6.336965451412308,7.341029855601208,2023-12-03 19:00:00+00:00,10,geometry support only; not prediction confidence
2024-07-01,2024-12-18 00:00:00+00:00,5.326904454236932,6.923206008205517,2024-02-16 19:00:00+00:00,8,geometry support only; not prediction confidence
2024-07-01,2024-12-19 00:00:00+00:00,7.831150509292312,8.655728282983684,2023-06-01 07:00:00+00:00,9,geometry support only; not prediction confidence
2024-07-01,2024-12-20 00:00:00+00:00,8.361711599964265,9.839064877460874,2023-02-10 19:00:00+00:00,8,geometry support only; not prediction confidence
2024-07-01,2024-12-21 00:00:00+00:00,10.13599887377539,12.336749751570634,2024-03-20 19:00:00+00:00,8,geometry support only; not prediction confidence
2024-07-01,2024-12-22 00:00:00+00:00,6.9855361633905035,7.866540678941261,2023-09-27 01:00:00+00:00,9,geometry support only; not prediction confidence
2024-07-01,2024-12-23 00:00:00+00:00,6.375528778489916,7.000893156098254,2023-12-18 07:00:00+00:00,7,geometry support only; not prediction confidence
2024-07-01,2024-12-24 00:00:00+00:00,5.23507089963483,6.134963852648246,2024-01-26 13:00:00+00:00,7,geometry support only; not prediction confidence
2024-07-01,2024-12-25 00:00:00+00:00,5.459141281311123,6.226333008009906,2023-02-27 01:00:00+00:00,8,geometry support only; not prediction confidence
2024-07-01,2024-12-26 00:00:00+00:00,4.28775508584246,6.272785821370602,2024-01-28 01:00:00+00:00,9,geometry support only; not prediction confidence
2024-07-01,2024-12-27 00:00:00+00:00,5.511834982963437,5.985150389294816,2023-03-28 01:00:00+00:00,8,geometry support only; not prediction confidence
2024-07-01,2024-12-28 00:00:00+00:00,4.692514550660204,6.39248356073427,2024-02-06 01:00:00+00:00,9,geometry support only; not prediction confidence
2024-07-01,2024-12-29 00:00:00+00:00,5.713011033631851,6.335586623172799,2023-07-30 01:00:00+00:00,10,geometry support only; not prediction confidence
2024-07-01,2024-12-30 00:00:00+00:00,5.430409914276477,6.49897195454648,2023-10-08 13:00:00+00:00,10,geometry support only; not prediction confidence
2024-07-01,2024-12-31 00:00:00+00:00,6.8563609727988855,7.429807753267316,2024-02-06 01:00:00+00:00,9,geometry support only; not prediction confidence
2025-01-01,2025-01-01 00:00:00+00:00,6.675631222301707,7.347201906145966,2023-02-24 13:00:00+00:00,8,geometry support only; not prediction confidence
2025-01-01,2025-01-02 00:00:00+00:00,4.8436196829570894,5.411410212007066,2023-07-30 01:00:00+00:00,9,geometry support only; not prediction confidence
2025-01-01,2025-01-03 00:00:00+00:00,5.391171661093068,6.235922071278988,2023-03-30 01:00:00+00:00,8,geometry support only; not prediction confidence
2025-01-01,2025-01-04 00:00:00+00:00,5.290834905527833,6.716255424279342,2024-09-14 01:00:00+00:00,9,geometry support only; not prediction confidence
2025-01-01,2025-01-05 00:00:00+00:00,5.31862082106696,6.40751172765122,2024-05-18 19:00:00+00:00,7,geometry support only; not prediction confidence
2025-01-01,2025-01-06 00:00:00+00:00,5.181891616772295,5.557142485133382,2024-05-20 01:00:00+00:00,7,geometry support only; not prediction confidence
2025-01-01,2025-01-07 00:00:00+00:00,5.58341031661024,6.7257803408030945,2024-01-30 13:00:00+00:00,8,geometry support only; not prediction confidence
2025-01-01,2025-01-08 00:00:00+00:00,8.869670613275717,10.95132384941457,2024-01-03 19:00:00+00:00,10,geometry support only; not prediction confidence
2025-01-01,2025-01-09 00:00:00+00:00,8.735768527739111,9.83594801445779,2024-05-01 19:00:00+00:00,8,geometry support only; not prediction confidence
2025-01-01,2025-01-10 00:00:00+00:00,5.9760626619397215,7.756630349807229,2023-10-12 13:00:00+00:00,5,geometry support only; not prediction confidence
2025-01-01,2025-01-11 00:00:00+00:00,5.951388521262404,6.905245406528847,2024-06-26 01:00:00+00:00,7,geometry support only; not prediction confidence
2025-01-01,2025-01-12 00:00:00+00:00,5.566672788821808,6.533629511667393,2024-09-01 01:00:00+00:00,9,geometry support only; not prediction confidence
2025-01-01,2025-01-13 00:00:00+00:00,4.744499398693986,5.902522127300963,2024-05-12 19:00:00+00:00,9,geometry support only; not prediction confidence
2025-01-01,2025-01-14 00:00:00+00:00,6.26248469981591,8.05392100173538,2024-01-23 07:00:00+00:00,9,geometry support only; not prediction confidence
2025-01-01,2025-01-15 00:00:00+00:00,6.064503936638646,6.9294267173084005,2024-07-27 01:00:00+00:00,8,geometry support only; not prediction confidence
2025-01-01,2025-01-16 00:00:00+00:00,4.529143833017757,6.710391009355464,2024-09-14 01:00:00+00:00,10,geometry support only; not prediction confidence
2025-01-01,2025-01-17 00:00:00+00:00,6.4463243812238815,7.152641752155423,2023-09-30 01:00:00+00:00,7,geometry support only; not prediction confidence
2025-01-01,2025-01-18 00:00:00+00:00,4.914218146820318,5.937389228220308,2024-05-18 07:00:00+00:00,7,geometry support only; not prediction confidence
2025-01-01,2025-01-19 00:00:00+00:00,5.879355625742388,7.001852646814846,2024-07-02 19:00:00+00:00,8,geometry support only; not prediction confidence
2025-01-01,2025-01-20 00:00:00+00:00,8.135974030559128,9.136930000073617,2023-04-19 07:00:00+00:00,10,geometry support only; not prediction confidence
2025-01-01,2025-01-21 00:00:00+00:00,10.020441053053895,10.651730213103736,2024-02-21 13:00:00+00:00,10,geometry support only; not prediction confidence
2025-01-01,2025-01-22 00:00:00+00:00,6.5775873914724405,7.104601526113833,2023-10-20 01:00:00+00:00,9,geometry support only; not prediction confidence
2025-01-01,2025-01-23 00:00:00+00:00,4.679920960714329,6.213550012774376,2023-07-05 01:00:00+00:00,10,geometry support only; not prediction confidence
2025-01-01,2025-01-24 00:00:00+00:00,6.736983227109052,7.465168984240384,2024-05-29 07:00:00+00:00,10,geometry support only; not prediction confidence
2025-01-01,2025-01-25 00:00:00+00:00,6.2049060268618,6.865873461440964,2024-07-27 07:00:00+00:00,6,geometry support only; not prediction confidence
2025-01-01,2025-01-26 00:00:00+00:00,5.993138391981324,6.517116836314336,2023-11-26 01:00:00+00:00,8,geometry support only; not prediction confidence
2025-01-01,2025-01-27 00:00:00+00:00,5.362010529200092,6.558042569206307,2024-02-04 07:00:00+00:00,9,geometry support only; not prediction confidence
2025-01-01,2025-01-28 00:00:00+00:00,6.913588497439378,8.120158934401184,2024-07-26 01:00:00+00:00,9,geometry support only; not prediction confidence
2025-01-01,2025-01-29 00:00:00+00:00,6.989733974629364,7.7607827468105794,2024-04-04 07:00:00+00:00,9,geometry support only; not prediction confidence
2025-01-01,2025-01-30 00:00:00+00:00,5.601973662869586,6.008292788561978,2024-07-31 19:00:00+00:00,9,geometry support only; not prediction confidence
2025-01-01,2025-01-31 00:00:00+00:00,4.90471766080685,5.95390458043348,2023-07-04 01:00:00+00:00,10,geometry support only; not prediction confidence
2025-01-01,2025-02-01 00:00:00+00:00,4.576041081881888,6.499522754255574,2024-06-20 19:00:00+00:00,9,geometry support only; not prediction confidence
2025-01-01,2025-02-02 00:00:00+00:00,4.823504051997892,6.482970782085114,2024-07-30 19:00:00+00:00,9,geometry support only; not prediction confidence
2025-01-01,2025-02-03 00:00:00+00:00,6.869611506223065,7.840568216673928,2023-05-09 01:00:00+00:00,9,geometry support only; not prediction confidence
2025-01-01,2025-02-04 00:00:00+00:00,10.155456426401376,12.212106006175615,2023-09-12 13:00:00+00:00,8,geometry support only; not prediction confidence
2025-01-01,2025-02-05 00:00:00+00:00,8.410317964890929,9.391278618849183,2024-08-30 01:00:00+00:00,8,geometry support only; not prediction confidence
2025-01-01,2025-02-06 00:00:00+00:00,5.598914398068325,6.4195284127709265,2024-01-26 07:00:00+00:00,8,geometry support only; not prediction confidence
2025-01-01,2025-02-07 00:00:00+00:00,5.472999668454366,5.916670649986089,2023-06-13 01:00:00+00:00,10,geometry support only; not prediction confidence
2025-01-01,2025-02-08 00:00:00+00:00,6.271365885315948,6.82549767125505,2023-10-09 13:00:00+00:00,10,geometry support only; not prediction confidence
2025-01-01,2025-02-09 00:00:00+00:00,4.909786337276733,6.357937711551449,2024-06-30 01:00:00+00:00,9,geometry support only; not prediction confidence
2025-01-01,2025-02-10 00:00:00+00:00,4.952073340662849,5.493994525067019,2024-01-29 01:00:00+00:00,8,geometry support only; not prediction confidence
2025-01-01,2025-02-11 00:00:00+00:00,5.510993859291844,6.380813192052556,2024-09-12 13:00:00+00:00,7,geometry support only; not prediction confidence
2025-01-01,2025-02-12 00:00:00+00:00,4.846645935611134,5.781164556255721,2024-06-29 01:00:00+00:00,10,geometry support only; not prediction confidence
2025-01-01,2025-02-13 00:00:00+00:00,5.06028565093494,5.789273218284159,2024-08-20 07:00:00+00:00,9,geometry support only; not prediction confidence
2025-01-01,2025-02-14 00:00:00+00:00,4.661869353756178,5.525887354896063,2023-05-05 07:00:00+00:00,9,geometry support only; not prediction confidence
2025-01-01,2025-02-15 00:00:00+00:00,5.4468111488353665,6.348786244792777,2024-02-07 07:00:00+00:00,9,geometry support only; not prediction confidence
2025-01-01,2025-02-16 00:00:00+00:00,5.415588932884873,5.924156461909075,2024-02-04 07:00:00+00:00,10,geometry support only; not prediction confidence
2025-01-01,2025-02-17 00:00:00+00:00,4.640912193915442,5.666487024483172,2024-02-05 01:00:00+00:00,9,geometry support only; not prediction confidence
2025-01-01,2025-02-18 00:00:00+00:00,5.867443770885248,7.153399710353858,2024-02-06 01:00:00+00:00,9,geometry support only; not prediction confidence
2025-01-01,2025-02-19 00:00:00+00:00,5.686973148665135,6.856584032412974,2024-04-27 07:00:00+00:00,9,geometry support only; not prediction confidence
2025-01-01,2025-02-20 00:00:00+00:00,6.214711261851151,6.571758896933256,2023-05-26 13:00:00+00:00,9,geometry support only; not prediction confidence
2025-01-01,2025-02-21 00:00:00+00:00,5.914580450590641,6.392811819529474,2023-05-27 07:00:00+00:00,5,geometry support only; not prediction confidence
2025-01-01,2025-02-22 00:00:00+00:00,8.561053193605604,9.490862413337506,2023-05-31 13:00:00+00:00,10,geometry support only; not prediction confidence
2025-01-01,2025-02-23 00:00:00+00:00,6.466670188266411,7.817817515900839,2024-02-02 07:00:00+00:00,10,geometry support only; not prediction confidence
2025-01-01,2025-02-24 00:00:00+00:00,5.423739005167241,5.997430428773137,2024-06-20 13:00:00+00:00,9,geometry support only; not prediction confidence
2025-01-01,2025-02-25 00:00:00+00:00,5.920268024978942,7.739268601567203,2024-07-03 13:00:00+00:00,9,geometry support only; not prediction confidence
2025-01-01,2025-02-26 00:00:00+00:00,8.783753208538958,10.317160470983325,2024-01-24 01:00:00+00:00,6,geometry support only; not prediction confidence
2025-01-01,2025-02-27 00:00:00+00:00,8.456192019576292,9.351484243262457,2024-04-04 07:00:00+00:00,8,geometry support only; not prediction confidence
2025-01-01,2025-02-28 00:00:00+00:00,7.314677891187068,8.417543978585194,2023-04-25 13:00:00+00:00,7,geometry support only; not prediction confidence
2025-01-01,2025-03-01 00:00:00+00:00,7.875253659329391,9.224687278117058,2024-01-24 07:00:00+00:00,10,geometry support only; not prediction confidence
2025-01-01,2025-03-02 00:00:00+00:00,5.559471179461138,7.353080220195493,2024-01-25 07:00:00+00:00,7,geometry support only; not prediction confidence
2025-01-01,2025-03-03 00:00:00+00:00,7.963838770049127,11.153833824688721,2023-10-16 13:00:00+00:00,10,geometry support only; not prediction confidence
2025-01-01,2025-03-04 00:00:00+00:00,8.029994254086391,9.815744530902371,2023-06-08 01:00:00+00:00,9,geometry support only; not prediction confidence
2025-01-01,2025-03-05 00:00:00+00:00,4.826190664363058,6.179264968434106,2023-05-25 19:00:00+00:00,9,geometry support only; not prediction confidence
2025-01-01,2025-03-06 00:00:00+00:00,4.61475802908967,5.541076473652834,2023-05-27 07:00:00+00:00,8,geometry support only; not prediction confidence
2025-01-01,2025-03-07 00:00:00+00:00,4.522324542507388,5.746592234433546,2024-09-11 13:00:00+00:00,10,geometry support only; not prediction confidence
2025-01-01,2025-03-08 00:00:00+00:00,4.886710558047669,5.752887808512311,2023-10-06 13:00:00+00:00,8,geometry support only; not prediction confidence
2025-01-01,2025-03-09 00:00:00+00:00,4.62922754142426,5.35450906030246,2024-01-06 19:00:00+00:00,7,geometry support only; not prediction confidence
2025-01-01,2025-03-10 00:00:00+00:00,4.020741601395027,6.691123523853329,2024-06-24 07:00:00+00:00,7,geometry support only; not prediction confidence
2025-01-01,2025-03-11 00:00:00+00:00,5.790967775612399,8.123572136757158,2024-09-02 07:00:00+00:00,9,geometry support only; not prediction confidence
2025-01-01,2025-03-12 00:00:00+00:00,6.478715336229308,7.476313998649059,2023-05-26 01:00:00+00:00,10,geometry support only; not prediction confidence
2025-01-01,2025-03-13 00:00:00+00:00,4.818589215364041,6.484829594053792,2023-10-14 13:00:00+00:00,8,geometry support only; not prediction confidence
2025-01-01,2025-03-14 00:00:00+00:00,5.554215738429942,6.041271995256726,2024-01-25 19:00:00+00:00,8,geometry support only; not prediction confidence
2025-01-01,2025-03-15 00:00:00+00:00,4.691531884715112,6.475910073290747,2024-06-28 01:00:00+00:00,9,geometry support only; not prediction confidence
2025-01-01,2025-03-16 00:00:00+00:00,4.890537259476489,6.447173143070635,2024-08-18 01:00:00+00:00,7,geometry support only; not prediction confidence
2025-01-01,2025-03-17 00:00:00+00:00,5.710185054617122,6.874692768689224,2024-08-19 13:00:00+00:00,10,geometry support only; not prediction confidence
2025-01-01,2025-03-18 00:00:00+00:00,5.374109133001711,6.160997107540081,2023-08-29 07:00:00+00:00,9,geometry support only; not prediction confidence
2025-01-01,2025-03-19 00:00:00+00:00,5.052828538644005,6.4383556589858975,2024-08-19 19:00:00+00:00,10,geometry support only; not prediction confidence
2025-01-01,2025-03-20 00:00:00+00:00,7.036331588482551,7.8375063667745835,2024-01-09 07:00:00+00:00,8,geometry support only; not prediction confidence
2025-01-01,2025-03-21 00:00:00+00:00,6.645001785850894,8.117092158707244,2023-08-10 13:00:00+00:00,7,geometry support only; not prediction confidence
2025-01-01,2025-03-22 00:00:00+00:00,5.74196826471506,6.6880767852284375,2023-08-26 01:00:00+00:00,6,geometry support only; not prediction confidence
2025-01-01,2025-03-23 00:00:00+00:00,5.235982349803019,6.3945119357683184,2023-08-13 07:00:00+00:00,6,geometry support only; not prediction confidence
2025-01-01,2025-03-24 00:00:00+00:00,7.251164663227893,8.37534308452821,2024-07-01 01:00:00+00:00,8,geometry support only; not prediction confidence
2025-01-01,2025-03-25 00:00:00+00:00,7.91564921849822,8.719198247002211,2024-02-08 13:00:00+00:00,6,geometry support only; not prediction confidence
2025-01-01,2025-03-26 00:00:00+00:00,7.522513534360589,8.031795420165023,2024-08-25 19:00:00+00:00,7,geometry support only; not prediction confidence
2025-01-01,2025-03-27 00:00:00+00:00,6.529979730666493,7.158541592689672,2024-06-21 01:00:00+00:00,10,geometry support only; not prediction confidence
2025-01-01,2025-03-28 00:00:00+00:00,6.234015867002072,6.653231245703379,2023-08-11 01:00:00+00:00,6,geometry support only; not prediction confidence
2025-01-01,2025-03-29 00:00:00+00:00,7.139242073361108,8.202401521692828,2024-07-25 19:00:00+00:00,9,geometry support only; not prediction confidence
2025-01-01,2025-03-30 00:00:00+00:00,6.938764467511357,8.49968840165859,2024-08-04 07:00:00+00:00,5,geometry support only; not prediction confidence
2025-01-01,2025-03-31 00:00:00+00:00,7.361663713820625,8.208578163934103,2023-10-14 01:00:00+00:00,8,geometry support only; not prediction confidence
2025-01-01,2025-04-01 00:00:00+00:00,7.0229401709919745,7.715663348403259,2024-08-31 07:00:00+00:00,6,geometry support only; not prediction confidence
2025-01-01,2025-04-02 00:00:00+00:00,6.085911581279697,7.11495685436826,2024-01-27 07:00:00+00:00,6,geometry support only; not prediction confidence
2025-01-01,2025-04-03 00:00:00+00:00,8.119662745138285,9.004632008136259,2024-06-18 01:00:00+00:00,10,geometry support only; not prediction confidence
2025-01-01,2025-04-04 00:00:00+00:00,8.194371089446111,8.873985226573113,2023-05-11 19:00:00+00:00,10,geometry support only; not prediction confidence
2025-01-01,2025-04-05 00:00:00+00:00,6.264002082808802,6.9011478897687155,2024-04-19 13:00:00+00:00,10,geometry support only; not prediction confidence
2025-01-01,2025-04-06 00:00:00+00:00,5.182034906810088,6.234973459057486,2023-09-17 07:00:00+00:00,8,geometry support only; not prediction confidence
2025-01-01,2025-04-07 00:00:00+00:00,6.750483736157062,7.940342855549722,2024-06-24 13:00:00+00:00,7,geometry support only; not prediction confidence
2025-01-01,2025-04-08 00:00:00+00:00,8.354256908771582,10.364894385818035,2023-09-12 13:00:00+00:00,8,geometry support only; not prediction confidence
2025-01-01,2025-04-09 00:00:00+00:00,6.7357046120684165,7.9908224215202255,2024-04-16 01:00:00+00:00,10,geometry support only; not prediction confidence
2025-01-01,2025-04-10 00:00:00+00:00,8.154673941470005,9.356759085301277,2024-05-15 19:00:00+00:00,10,geometry support only; not prediction confidence
2025-01-01,2025-04-11 00:00:00+00:00,6.745340797264393,8.111500285412236,2023-03-02 13:00:00+00:00,10,geometry support only; not prediction confidence
2025-01-01,2025-04-12 00:00:00+00:00,5.035417568438073,6.136021956807174,2024-09-03 07:00:00+00:00,10,geometry support only; not prediction confidence
2025-01-01,2025-04-13 00:00:00+00:00,3.9842423557821776,5.904723435488977,2024-04-07 13:00:00+00:00,6,geometry support only; not prediction confidence
2025-01-01,2025-04-14 00:00:00+00:00,5.824647983341708,6.835534552027573,2024-07-11 07:00:00+00:00,9,geometry support only; not prediction confidence
2025-01-01,2025-04-15 00:00:00+00:00,4.41540744852323,5.788186631057923,2023-06-20 13:00:00+00:00,9,geometry support only; not prediction confidence
2025-01-01,2025-04-16 00:00:00+00:00,4.826108068812229,5.6295563072678,2024-08-26 07:00:00+00:00,5,geometry support only; not prediction confidence
2025-01-01,2025-04-17 00:00:00+00:00,5.936000037270093,6.444036895320447,2024-02-05 07:00:00+00:00,10,geometry support only; not prediction confidence
2025-01-01,2025-04-18 00:00:00+00:00,5.079081774576529,6.015983549116391,2024-09-13 01:00:00+00:00,8,geometry support only; not prediction confidence
2025-01-01,2025-04-19 00:00:00+00:00,4.818896829750103,5.518076167036038,2023-08-13 13:00:00+00:00,9,geometry support only; not prediction confidence
2025-01-01,2025-04-20 00:00:00+00:00,3.5937793182129196,5.250060096597888,2024-08-18 19:00:00+00:00,8,geometry support only; not prediction confidence
2025-01-01,2025-04-21 00:00:00+00:00,5.425980451825194,5.927263489366442,2023-06-04 07:00:00+00:00,7,geometry support only; not prediction confidence
2025-01-01,2025-04-22 00:00:00+00:00,5.928673332273432,7.238829546955778,2024-09-18 13:00:00+00:00,9,geometry support only; not prediction confidence
2025-01-01,2025-04-23 00:00:00+00:00,7.531128136019772,9.00765310432716,2024-09-19 19:00:00+00:00,6,geometry support only; not prediction confidence
2025-01-01,2025-04-24 00:00:00+00:00,8.759468269523536,9.931575693748146,2023-10-21 07:00:00+00:00,8,geometry support only; not prediction confidence
2025-01-01,2025-04-25 00:00:00+00:00,5.384556169773931,6.312394071613356,2024-07-18 13:00:00+00:00,7,geometry support only; not prediction confidence
2025-01-01,2025-04-26 00:00:00+00:00,5.492195672246434,6.5446406315222605,2024-09-25 07:00:00+00:00,8,geometry support only; not prediction confidence
2025-01-01,2025-04-27 00:00:00+00:00,5.065524418407961,6.199403604022957,2024-09-24 13:00:00+00:00,8,geometry support only; not prediction confidence
2025-01-01,2025-04-28 00:00:00+00:00,4.851967447393058,5.965270315602307,2024-05-19 19:00:00+00:00,8,geometry support only; not prediction confidence
2025-01-01,2025-04-29 00:00:00+00:00,6.178224763148865,7.081552983205317,2024-05-20 13:00:00+00:00,8,geometry support only; not prediction confidence
2025-01-01,2025-04-30 00:00:00+00:00,5.943684530822934,6.983184011809266,2023-03-22 13:00:00+00:00,10,geometry support only; not prediction confidence
2025-01-01,2025-05-01 00:00:00+00:00,6.232876712372845,7.115888531279373,2023-09-21 07:00:00+00:00,9,geometry support only; not prediction confidence
2025-01-01,2025-05-02 00:00:00+00:00,5.740691557360332,6.8523969148018224,2023-05-06 07:00:00+00:00,9,geometry support only; not prediction confidence
2025-01-01,2025-05-03 00:00:00+00:00,5.339549775953836,6.091478228211955,2023-05-05 13:00:00+00:00,9,geometry support only; not prediction confidence
2025-01-01,2025-05-04 00:00:00+00:00,4.750940791908875,5.5338425784497804,2024-02-04 13:00:00+00:00,7,geometry support only; not prediction confidence
2025-01-01,2025-05-05 00:00:00+00:00,4.884099470990249,5.592061356005796,2024-02-05 01:00:00+00:00,9,geometry support only; not prediction confidence
2025-01-01,2025-05-06 00:00:00+00:00,5.276777029092165,6.055091301420046,2023-09-22 13:00:00+00:00,10,geometry support only; not prediction confidence
2025-01-01,2025-05-07 00:00:00+00:00,6.091386145415884,6.930752395049222,2023-07-13 13:00:00+00:00,10,geometry support only; not prediction confidence
2025-01-01,2025-05-08 00:00:00+00:00,6.076684128792626,7.275176585100927,2023-12-02 07:00:00+00:00,10,geometry support only; not prediction confidence
2025-01-01,2025-05-09 00:00:00+00:00,11.897958959307612,14.051226321276511,2023-10-24 07:00:00+00:00,7,geometry support only; not prediction confidence
2025-01-01,2025-05-10 00:00:00+00:00,10.312543411024762,13.959735417882175,2024-05-22 01:00:00+00:00,6,geometry support only; not prediction confidence
2025-01-01,2025-05-11 00:00:00+00:00,7.5560790931962964,9.28664315925115,2023-12-08 07:00:00+00:00,6,geometry support only; not prediction confidence
2025-01-01,2025-05-12 00:00:00+00:00,8.593341673725838,9.518089009049001,2023-12-07 07:00:00+00:00,8,geometry support only; not prediction confidence
2025-01-01,2025-05-13 00:00:00+00:00,5.882887315164277,7.574865785116919,2024-05-24 01:00:00+00:00,5,geometry support only; not prediction confidence
2025-01-01,2025-05-14 00:00:00+00:00,5.692394740288129,8.87424694473582,2023-12-08 07:00:00+00:00,7,geometry support only; not prediction confidence
2025-01-01,2025-05-15 00:00:00+00:00,6.982010623338553,8.514398978792343,2023-04-16 13:00:00+00:00,6,geometry support only; not prediction confidence
2025-01-01,2025-05-16 00:00:00+00:00,6.786672079912654,7.832347332532655,2024-05-23 19:00:00+00:00,7,geometry support only; not prediction confidence
2025-01-01,2025-05-17 00:00:00+00:00,6.294060602591259,7.192244520687907,2024-06-01 01:00:00+00:00,8,geometry support only; not prediction confidence
2025-01-01,2025-05-18 00:00:00+00:00,5.446369977189229,6.451503526686326,2024-05-30 13:00:00+00:00,7,geometry support only; not prediction confidence
2025-01-01,2025-05-19 00:00:00+00:00,6.681486707033987,7.956046732737874,2024-05-31 13:00:00+00:00,9,geometry support only; not prediction confidence
2025-01-01,2025-05-20 00:00:00+00:00,6.953209605657987,8.069749325085624,2024-02-22 13:00:00+00:00,10,geometry support only; not prediction confidence
2025-01-01,2025-05-21 00:00:00+00:00,6.467382692409392,7.281872600463217,2024-02-23 07:00:00+00:00,8,geometry support only; not prediction confidence
2025-01-01,2025-05-22 00:00:00+00:00,6.950409836679905,8.008144220643842,2024-06-04 07:00:00+00:00,7,geometry support only; not prediction confidence
2025-01-01,2025-05-23 00:00:00+00:00,6.188435182419192,7.659610651533163,2024-06-05 19:00:00+00:00,6,geometry support only; not prediction confidence
2025-01-01,2025-05-24 00:00:00+00:00,5.442446745680431,6.53014494558494,2023-03-25 07:00:00+00:00,8,geometry support only; not prediction confidence
2025-01-01,2025-05-25 00:00:00+00:00,4.959403844901271,6.330475254707806,2023-12-01 01:00:00+00:00,9,geometry support only; not prediction confidence
2025-01-01,2025-05-26 00:00:00+00:00,5.242182587081643,6.436424802313596,2023-04-09 19:00:00+00:00,9,geometry support only; not prediction confidence
2025-01-01,2025-05-27 00:00:00+00:00,5.25407078766166,6.186193431901523,2023-11-05 01:00:00+00:00,8,geometry support only; not prediction confidence
2025-01-01,2025-05-28 00:00:00+00:00,4.898592999922965,6.1184316409785415,2023-11-24 19:00:00+00:00,9,geometry support only; not prediction confidence
2025-01-01,2025-05-29 00:00:00+00:00,4.969047081035636,6.131178076975817,2024-06-07 07:00:00+00:00,8,geometry support only; not prediction confidence
2025-01-01,2025-05-30 00:00:00+00:00,6.015453420241246,6.731890131554439,2024-06-01 01:00:00+00:00,7,geometry support only; not prediction confidence
2025-01-01,2025-05-31 00:00:00+00:00,6.074278890697194,7.464315677200055,2023-11-22 07:00:00+00:00,8,geometry support only; not prediction confidence
2025-01-01,2025-06-01 00:00:00+00:00,5.855163219806169,7.109701535769411,2023-11-04 01:00:00+00:00,6,geometry support only; not prediction confidence
2025-01-01,2025-06-02 00:00:00+00:00,5.0055969757981815,6.456734466571658,2024-06-09 19:00:00+00:00,7,geometry support only; not prediction confidence
2025-01-01,2025-06-03 00:00:00+00:00,5.371817070856875,6.964190473849337,2024-06-03 07:00:00+00:00,9,geometry support only; not prediction confidence
2025-01-01,2025-06-04 00:00:00+00:00,6.330214338862395,7.224365958468671,2023-11-23 19:00:00+00:00,9,geometry support only; not prediction confidence
2025-01-01,2025-06-05 00:00:00+00:00,5.661104797444379,6.43995472705901,2023-11-30 19:00:00+00:00,8,geometry support only; not prediction confidence
2025-01-01,2025-06-06 00:00:00+00:00,6.469819716934776,8.610993030967629,2024-07-25 07:00:00+00:00,9,geometry support only; not prediction confidence
2025-01-01,2025-06-07 00:00:00+00:00,6.97768377416752,9.167290602383313,2024-07-26 07:00:00+00:00,9,geometry support only; not prediction confidence
2025-01-01,2025-06-08 00:00:00+00:00,5.158663141354657,6.606378998222433,2024-07-27 13:00:00+00:00,7,geometry support only; not prediction confidence
2025-01-01,2025-06-09 00:00:00+00:00,5.900448020544926,7.155646426882335,2024-06-17 07:00:00+00:00,8,geometry support only; not prediction confidence
2025-01-01,2025-06-10 00:00:00+00:00,5.962495623302177,7.0406715114784255,2024-01-30 07:00:00+00:00,9,geometry support only; not prediction confidence
2025-01-01,2025-06-11 00:00:00+00:00,6.0551629166751395,7.586592732948557,2024-09-20 19:00:00+00:00,8,geometry support only; not prediction confidence
2025-01-01,2025-06-12 00:00:00+00:00,5.789048023681425,6.540173539261864,2023-07-04 19:00:00+00:00,10,geometry support only; not prediction confidence
2025-01-01,2025-06-13 00:00:00+00:00,5.650884430652556,7.910854686665635,2024-02-01 01:00:00+00:00,10,geometry support only; not prediction confidence
2025-01-01,2025-06-14 00:00:00+00:00,8.085758234469013,9.687818428189619,2024-07-26 01:00:00+00:00,9,geometry support only; not prediction confidence
2025-01-01,2025-06-15 00:00:00+00:00,7.089593900479034,7.907731030925692,2023-07-16 13:00:00+00:00,7,geometry support only; not prediction confidence
2025-01-01,2025-06-16 00:00:00+00:00,6.359832033515483,7.091893366366791,2023-07-20 01:00:00+00:00,9,geometry support only; not prediction confidence
2025-01-01,2025-06-17 00:00:00+00:00,7.117666617959336,7.982937346023966,2023-05-10 19:00:00+00:00,8,geometry support only; not prediction confidence
2025-01-01,2025-06-18 00:00:00+00:00,5.97044501862442,6.930800758371712,2023-05-11 19:00:00+00:00,10,geometry support only; not prediction confidence
2025-01-01,2025-06-19 00:00:00+00:00,4.690786302838555,6.1695777305298485,2024-04-17 01:00:00+00:00,8,geometry support only; not prediction confidence
2025-01-01,2025-06-20 00:00:00+00:00,4.238743149766248,5.309771004365711,2023-07-29 19:00:00+00:00,6,geometry support only; not prediction confidence
2025-01-01,2025-06-21 00:00:00+00:00,5.418540607386584,6.862106704202491,2024-08-01 07:00:00+00:00,10,geometry support only; not prediction confidence
2025-01-01,2025-06-22 00:00:00+00:00,6.247243417228807,7.5842996094144555,2023-05-12 01:00:00+00:00,8,geometry support only; not prediction confidence
2025-01-01,2025-06-23 00:00:00+00:00,7.198190676022107,8.498361465245116,2024-01-23 19:00:00+00:00,9,geometry support only; not prediction confidence
2025-01-01,2025-06-24 00:00:00+00:00,6.90455239345912,8.777216448186516,2023-02-14 19:00:00+00:00,10,geometry support only; not prediction confidence
2025-01-01,2025-06-25 00:00:00+00:00,5.531196182252682,6.668538928440691,2024-01-27 13:00:00+00:00,10,geometry support only; not prediction confidence
2025-01-01,2025-06-26 00:00:00+00:00,4.371792474871381,5.9808633688173805,2024-09-13 13:00:00+00:00,9,geometry support only; not prediction confidence
2025-01-01,2025-06-27 00:00:00+00:00,4.873408667877429,5.405978878884395,2024-07-12 07:00:00+00:00,7,geometry support only; not prediction confidence
2025-01-01,2025-06-28 00:00:00+00:00,4.975893885592158,5.636653318321758,2023-08-12 13:00:00+00:00,8,geometry support only; not prediction confidence
2025-01-01,2025-06-29 00:00:00+00:00,5.004823235796708,6.117460332433661,2024-08-18 07:00:00+00:00,8,geometry support only; not prediction confidence
2025-01-01,2025-06-30 00:00:00+00:00,6.921284503391231,7.835040709912145,2023-10-30 01:00:00+00:00,7,geometry support only; not prediction confidence
2025-07-01,2025-07-01 00:00:00+00:00,6.176824374904096,7.171464597041622,2024-08-14 01:00:00+00:00,10,geometry support only; not prediction confidence
2025-07-01,2025-07-02 00:00:00+00:00,4.89955257184432,5.533742648573335,2025-02-01 19:00:00+00:00,9,geometry support only; not prediction confidence
2025-07-01,2025-07-03 00:00:00+00:00,6.364543547437572,7.768806644410281,2023-10-20 13:00:00+00:00,10,geometry support only; not prediction confidence
2025-07-01,2025-07-04 00:00:00+00:00,5.57842414160792,7.8111020114500525,2023-09-30 01:00:00+00:00,9,geometry support only; not prediction confidence
2025-07-01,2025-07-05 00:00:00+00:00,5.061484637314254,5.956440371274879,2023-06-29 01:00:00+00:00,10,geometry support only; not prediction confidence
2025-07-01,2025-07-06 00:00:00+00:00,5.112421527152437,5.874535931413995,2023-09-22 19:00:00+00:00,8,geometry support only; not prediction confidence
2025-07-01,2025-07-07 00:00:00+00:00,5.390001089639068,6.005047479075543,2024-04-22 13:00:00+00:00,9,geometry support only; not prediction confidence
2025-07-01,2025-07-08 00:00:00+00:00,4.8842474358288595,5.471545476728395,2023-03-25 01:00:00+00:00,10,geometry support only; not prediction confidence
2025-07-01,2025-07-09 00:00:00+00:00,4.830028262893334,5.705606945754207,2023-11-29 01:00:00+00:00,10,geometry support only; not prediction confidence
2025-07-01,2025-07-10 00:00:00+00:00,5.375255403200627,7.584442755758688,2024-02-08 01:00:00+00:00,9,geometry support only; not prediction confidence
2025-07-01,2025-07-11 00:00:00+00:00,7.389245611062405,9.5019394760487,2024-02-09 19:00:00+00:00,7,geometry support only; not prediction confidence
2025-07-01,2025-07-12 00:00:00+00:00,8.866215719523952,11.825940723753313,2023-10-25 01:00:00+00:00,7,geometry support only; not prediction confidence
2025-07-01,2025-07-13 00:00:00+00:00,5.5402685333291,6.672866976516028,2023-03-19 13:00:00+00:00,8,geometry support only; not prediction confidence
2025-07-01,2025-07-14 00:00:00+00:00,5.243247069136995,5.693153950617696,2024-10-21 01:00:00+00:00,7,geometry support only; not prediction confidence
2025-07-01,2025-07-15 00:00:00+00:00,5.999406043514897,6.9567649899585176,2025-01-07 13:00:00+00:00,8,geometry support only; not prediction confidence
2025-07-01,2025-07-16 00:00:00+00:00,6.509295371210185,7.136935933543867,2024-02-16 13:00:00+00:00,7,geometry support only; not prediction confidence
2025-07-01,2025-07-17 00:00:00+00:00,6.61725587621649,7.325318652266863,2024-02-15 07:00:00+00:00,10,geometry support only; not prediction confidence
2025-07-01,2025-07-18 00:00:00+00:00,4.909187570151798,6.584872251357752,2024-11-08 07:00:00+00:00,6,geometry support only; not prediction confidence
2025-07-01,2025-07-19 00:00:00+00:00,7.390521256951064,8.851250987727898,2024-11-09 01:00:00+00:00,5,geometry support only; not prediction confidence
2025-07-01,2025-07-20 00:00:00+00:00,6.656109206133442,7.599251777588186,2023-04-15 19:00:00+00:00,7,geometry support only; not prediction confidence
2025-07-01,2025-07-21 00:00:00+00:00,6.49733170139699,7.124401493048352,2024-11-30 13:00:00+00:00,5,geometry support only; not prediction confidence
2025-07-01,2025-07-22 00:00:00+00:00,6.797479927637589,7.33094708566602,2023-11-11 19:00:00+00:00,6,geometry support only; not prediction confidence
2025-07-01,2025-07-23 00:00:00+00:00,6.811718752148462,7.970961835797064,2023-12-08 01:00:00+00:00,7,geometry support only; not prediction confidence
2025-07-01,2025-07-24 00:00:00+00:00,6.361270862022322,7.408461044348545,2024-12-18 13:00:00+00:00,7,geometry support only; not prediction confidence
2025-07-01,2025-07-25 00:00:00+00:00,5.229796311396294,7.215923826856044,2023-04-18 19:00:00+00:00,8,geometry support only; not prediction confidence
2025-07-01,2025-07-26 00:00:00+00:00,6.434207098179479,7.5479695176390695,2024-06-01 01:00:00+00:00,8,geometry support only; not prediction confidence
2025-07-01,2025-07-27 00:00:00+00:00,4.9582987120162025,6.667058008135197,2023-11-04 19:00:00+00:00,8,geometry support only; not prediction confidence
2025-07-01,2025-07-28 00:00:00+00:00,5.23731031960771,6.497756917879887,2023-11-05 01:00:00+00:00,3,geometry support only; not prediction confidence
2025-07-01,2025-07-29 00:00:00+00:00,5.705344975535883,6.993898889131307,2024-06-07 01:00:00+00:00,9,geometry support only; not prediction confidence
2025-07-01,2025-07-30 00:00:00+00:00,4.9306169044840695,6.357094047086617,2023-04-07 19:00:00+00:00,7,geometry support only; not prediction confidence
2025-07-01,2025-07-31 00:00:00+00:00,5.169994983335507,6.039363714477551,2024-06-01 07:00:00+00:00,8,geometry support only; not prediction confidence
2025-07-01,2025-08-01 00:00:00+00:00,4.729218999788062,6.517989202997776,2024-02-23 07:00:00+00:00,7,geometry support only; not prediction confidence
2025-07-01,2025-08-02 00:00:00+00:00,6.78535522910648,7.5834450825484705,2023-05-09 01:00:00+00:00,9,geometry support only; not prediction confidence
2025-07-01,2025-08-03 00:00:00+00:00,6.532663456479165,7.408221742143827,2023-10-13 01:00:00+00:00,6,geometry support only; not prediction confidence
2025-07-01,2025-08-04 00:00:00+00:00,6.350986095926005,7.5240874365121835,2023-02-12 07:00:00+00:00,9,geometry support only; not prediction confidence
2025-07-01,2025-08-05 00:00:00+00:00,6.661359664214978,7.752887993542294,2023-11-20 19:00:00+00:00,7,geometry support only; not prediction confidence
2025-07-01,2025-08-06 00:00:00+00:00,5.8030568351197465,7.320135408983748,2023-12-15 13:00:00+00:00,10,geometry support only; not prediction confidence
2025-07-01,2025-08-07 00:00:00+00:00,4.940706658721167,6.29812836054206,2023-03-29 01:00:00+00:00,9,geometry support only; not prediction confidence
2025-07-01,2025-08-08 00:00:00+00:00,5.6635270556224,7.157593658482473,2023-12-01 19:00:00+00:00,10,geometry support only; not prediction confidence
2025-07-01,2025-08-09 00:00:00+00:00,5.893092994991773,6.567849923087693,2024-09-28 07:00:00+00:00,5,geometry support only; not prediction confidence
2025-07-01,2025-08-10 00:00:00+00:00,5.5427508017212554,8.358013285706626,2024-11-08 13:00:00+00:00,5,geometry support only; not prediction confidence
2025-07-01,2025-08-11 00:00:00+00:00,8.711863633736817,9.597585621268813,2024-11-09 07:00:00+00:00,7,geometry support only; not prediction confidence
2025-07-01,2025-08-12 00:00:00+00:00,5.717390882368806,7.660739528327549,2024-05-24 07:00:00+00:00,8,geometry support only; not prediction confidence
2025-07-01,2025-08-13 00:00:00+00:00,6.460463880966508,8.64785794095295,2023-12-08 01:00:00+00:00,6,geometry support only; not prediction confidence
2025-07-01,2025-08-14 00:00:00+00:00,8.230409707978525,9.718079866282432,2024-11-22 07:00:00+00:00,6,geometry support only; not prediction confidence
2025-07-01,2025-08-15 00:00:00+00:00,7.643975647691718,9.889231268876985,2024-05-24 13:00:00+00:00,7,geometry support only; not prediction confidence
2025-07-01,2025-08-16 00:00:00+00:00,7.00561401013407,8.847825396215919,2024-01-13 01:00:00+00:00,5,geometry support only; not prediction confidence
2025-07-01,2025-08-17 00:00:00+00:00,4.93940524666233,6.912834195977237,2024-01-14 07:00:00+00:00,5,geometry support only; not prediction confidence
2025-07-01,2025-08-18 00:00:00+00:00,7.04210043443533,8.115836351784848,2024-01-17 07:00:00+00:00,5,geometry support only; not prediction confidence
2025-07-01,2025-08-19 00:00:00+00:00,6.62074316045229,7.221220908541012,2024-05-30 13:00:00+00:00,8,geometry support only; not prediction confidence
2025-07-01,2025-08-20 00:00:00+00:00,6.2597697751791275,7.6905191049162385,2024-10-26 01:00:00+00:00,8,geometry support only; not prediction confidence
2025-07-01,2025-08-21 00:00:00+00:00,5.391322243088863,7.242089154200438,2024-01-20 01:00:00+00:00,10,geometry support only; not prediction confidence
2025-07-01,2025-08-22 00:00:00+00:00,4.745321915428121,5.820829909192594,2024-10-06 01:00:00+00:00,8,geometry support only; not prediction confidence
2025-07-01,2025-08-23 00:00:00+00:00,9.408766078160635,10.97711376425331,2023-02-02 07:00:00+00:00,10,geometry support only; not prediction confidence
2025-07-01,2025-08-24 00:00:00+00:00,7.263358104297378,10.05404553709087,2023-08-31 01:00:00+00:00,10,geometry support only; not prediction confidence
2025-07-01,2025-08-25 00:00:00+00:00,5.766319737512997,6.703702800106924,2024-02-05 19:00:00+00:00,10,geometry support only; not prediction confidence
2025-07-01,2025-08-26 00:00:00+00:00,5.754380548263597,6.3290287086698385,2023-06-01 07:00:00+00:00,9,geometry support only; not prediction confidence
2025-07-01,2025-08-27 00:00:00+00:00,5.548370057416227,6.503149275086045,2023-03-28 19:00:00+00:00,10,geometry support only; not prediction confidence
2025-07-01,2025-08-28 00:00:00+00:00,5.085946951785795,5.98516373386377,2024-04-23 07:00:00+00:00,9,geometry support only; not prediction confidence
2025-07-01,2025-08-29 00:00:00+00:00,4.57865621819371,5.6901934789231685,2024-02-03 19:00:00+00:00,9,geometry support only; not prediction confidence
2025-07-01,2025-08-30 00:00:00+00:00,4.943070233278134,6.019479285365255,2024-01-22 19:00:00+00:00,8,geometry support only; not prediction confidence
2025-07-01,2025-08-31 00:00:00+00:00,4.742573499928769,6.007299899919157,2023-02-26 13:00:00+00:00,8,geometry support only; not prediction confidence
2025-07-01,2025-09-01 00:00:00+00:00,5.333289201695864,6.15438879864298,2024-06-17 07:00:00+00:00,9,geometry support only; not prediction confidence
2025-07-01,2025-09-02 00:00:00+00:00,5.338788578430883,5.901435158862301,2024-10-08 19:00:00+00:00,8,geometry support only; not prediction confidence
2025-07-01,2025-09-03 00:00:00+00:00,5.667218794916537,6.582785320464399,2024-01-20 13:00:00+00:00,9,geometry support only; not prediction confidence
2025-07-01,2025-09-04 00:00:00+00:00,6.151008432090845,6.577382118172719,2025-03-05 19:00:00+00:00,7,geometry support only; not prediction confidence
2025-07-01,2025-09-05 00:00:00+00:00,5.45433134389989,6.0085592213629875,2023-03-25 07:00:00+00:00,10,geometry support only; not prediction confidence
2025-07-01,2025-09-06 00:00:00+00:00,6.614610677468405,7.475982739805457,2024-12-28 01:00:00+00:00,9,geometry support only; not prediction confidence
2025-07-01,2025-09-07 00:00:00+00:00,5.292937971146516,7.22621990251898,2025-02-02 01:00:00+00:00,9,geometry support only; not prediction confidence
2025-07-01,2025-09-08 00:00:00+00:00,4.146455426508921,5.536751336904852,2024-08-11 01:00:00+00:00,7,geometry support only; not prediction confidence
2025-07-01,2025-09-09 00:00:00+00:00,5.19975730549472,5.89229298892092,2025-03-06 13:00:00+00:00,8,geometry support only; not prediction confidence
2025-07-01,2025-09-10 00:00:00+00:00,4.562477271675741,5.406094115265052,2024-06-21 01:00:00+00:00,9,geometry support only; not prediction confidence
2025-07-01,2025-09-11 00:00:00+00:00,4.8364092807871275,5.716456399206795,2023-04-01 01:00:00+00:00,9,geometry support only; not prediction confidence
2025-07-01,2025-09-12 00:00:00+00:00,4.782894982213569,5.7037438985888596,2025-01-03 07:00:00+00:00,8,geometry support only; not prediction confidence
2025-07-01,2025-09-13 00:00:00+00:00,5.999486505668224,7.3622127739354335,2024-02-08 19:00:00+00:00,6,geometry support only; not prediction confidence
2025-07-01,2025-09-14 00:00:00+00:00,8.066683335277782,9.062584615535133,2024-01-31 07:00:00+00:00,10,geometry support only; not prediction confidence
2025-07-01,2025-09-15 00:00:00+00:00,5.518524103395874,6.803710846135795,2024-05-20 01:00:00+00:00,7,geometry support only; not prediction confidence
2025-07-01,2025-09-16 00:00:00+00:00,4.792606474549336,7.038832744057437,2024-02-01 13:00:00+00:00,10,geometry support only; not prediction confidence
2025-07-01,2025-09-17 00:00:00+00:00,5.700051340457137,6.842096530281201,2023-04-18 13:00:00+00:00,10,geometry support only; not prediction confidence
2025-07-01,2025-09-18 00:00:00+00:00,6.75573261391723,7.6538995046164855,2023-10-19 13:00:00+00:00,9,geometry support only; not prediction confidence
2025-07-01,2025-09-19 00:00:00+00:00,7.821294851073611,8.509049749559159,2023-03-22 13:00:00+00:00,10,geometry support only; not prediction confidence
2025-07-01,2025-09-20 00:00:00+00:00,6.856684867796321,7.408976046646516,2025-01-27 13:00:00+00:00,10,geometry support only; not prediction confidence
2025-07-01,2025-09-21 00:00:00+00:00,6.231576220464181,7.042257064811811,2024-06-30 01:00:00+00:00,8,geometry support only; not prediction confidence
2025-07-01,2025-09-22 00:00:00+00:00,5.747325100007079,6.329882880950384,2024-01-18 13:00:00+00:00,8,geometry support only; not prediction confidence
2025-07-01,2025-09-23 00:00:00+00:00,6.921667836057432,9.242910357177125,2024-06-25 01:00:00+00:00,8,geometry support only; not prediction confidence
2025-07-01,2025-09-24 00:00:00+00:00,7.342729789911122,8.646897787378501,2023-12-13 01:00:00+00:00,9,geometry support only; not prediction confidence
2025-07-01,2025-09-25 00:00:00+00:00,5.707054862995004,6.562537925135086,2025-03-13 07:00:00+00:00,7,geometry support only; not prediction confidence
2025-07-01,2025-09-26 00:00:00+00:00,8.781098498351062,10.193360524378496,2025-02-28 13:00:00+00:00,8,geometry support only; not prediction confidence
2025-07-01,2025-09-27 00:00:00+00:00,5.282686589449525,8.654053034341143,2024-01-24 19:00:00+00:00,10,geometry support only; not prediction confidence
2025-07-01,2025-09-28 00:00:00+00:00,4.886390640202442,5.810756231955861,2023-05-14 07:00:00+00:00,9,geometry support only; not prediction confidence
2025-07-01,2025-09-29 00:00:00+00:00,5.430266050133143,6.975613276262794,2023-10-16 01:00:00+00:00,10,geometry support only; not prediction confidence
2025-07-01,2025-09-30 00:00:00+00:00,5.499438502075722,6.77919902584568,2023-03-29 19:00:00+00:00,7,geometry support only; not prediction confidence
2025-07-01,2025-10-01 00:00:00+00:00,4.676196257693522,6.213555426131858,2023-05-05 07:00:00+00:00,10,geometry support only; not prediction confidence
2025-07-01,2025-10-02 00:00:00+00:00,5.40387247707701,6.258617585145762,2024-09-18 07:00:00+00:00,9,geometry support only; not prediction confidence
2025-07-01,2025-10-03 00:00:00+00:00,5.698438412486254,7.172597187282936,2023-03-18 07:00:00+00:00,8,geometry support only; not prediction confidence
2025-07-01,2025-10-04 00:00:00+00:00,5.9163081711333865,6.725131931791704,2024-11-08 13:00:00+00:00,6,geometry support only; not prediction confidence
2025-07-01,2025-10-05 00:00:00+00:00,5.612217791253126,7.34708423118293,2023-03-19 07:00:00+00:00,7,geometry support only; not prediction confidence
2025-07-01,2025-10-06 00:00:00+00:00,5.0951681390152,6.784110591774884,2023-03-20 13:00:00+00:00,9,geometry support only; not prediction confidence
2025-07-01,2025-10-07 00:00:00+00:00,5.305500189563255,6.60938834235054,2023-11-24 19:00:00+00:00,9,geometry support only; not prediction confidence
2025-07-01,2025-10-08 00:00:00+00:00,6.334271224143345,8.151866746394031,2024-12-18 13:00:00+00:00,9,geometry support only; not prediction confidence
2025-07-01,2025-10-09 00:00:00+00:00,6.311715932363995,7.291199956801631,2023-11-04 07:00:00+00:00,9,geometry support only; not prediction confidence
2025-07-01,2025-10-10 00:00:00+00:00,5.342097768825414,6.388265171878358,2023-05-07 07:00:00+00:00,9,geometry support only; not prediction confidence
2025-07-01,2025-10-11 00:00:00+00:00,8.858779456120905,10.581189818136947,2024-10-02 01:00:00+00:00,8,geometry support only; not prediction confidence
2025-07-01,2025-10-12 00:00:00+00:00,9.986820754886615,11.292121393171044,2024-10-03 01:00:00+00:00,6,geometry support only; not prediction confidence
2025-07-01,2025-10-13 00:00:00+00:00,7.6354706727948605,8.91384532500188,2024-10-04 19:00:00+00:00,9,geometry support only; not prediction confidence
2025-07-01,2025-10-14 00:00:00+00:00,5.929521722203512,7.896925170504862,2024-07-27 13:00:00+00:00,8,geometry support only; not prediction confidence
2025-07-01,2025-10-15 00:00:00+00:00,5.481399496334086,6.331394684827986,2025-02-05 19:00:00+00:00,10,geometry support only; not prediction confidence
2025-07-01,2025-10-16 00:00:00+00:00,5.257113511826186,6.535674357166501,2025-02-06 19:00:00+00:00,9,geometry support only; not prediction confidence
2025-07-01,2025-10-17 00:00:00+00:00,4.795985381224232,6.587731545757507,2024-09-02 07:00:00+00:00,7,geometry support only; not prediction confidence
2025-07-01,2025-10-18 00:00:00+00:00,5.551384914487592,6.975156029801184,2023-10-13 07:00:00+00:00,6,geometry support only; not prediction confidence
2025-07-01,2025-10-19 00:00:00+00:00,5.341530266852536,6.691583365717369,2023-09-03 07:00:00+00:00,9,geometry support only; not prediction confidence
2025-07-01,2025-10-20 00:00:00+00:00,4.9778953913764195,5.790137201276914,2024-04-07 13:00:00+00:00,6,geometry support only; not prediction confidence
2025-07-01,2025-10-21 00:00:00+00:00,5.20219978710052,6.087843566580372,2024-07-10 19:00:00+00:00,8,geometry support only; not prediction confidence
2025-07-01,2025-10-22 00:00:00+00:00,7.979396236495013,8.746752991044223,2024-07-08 19:00:00+00:00,10,geometry support only; not prediction confidence
2025-07-01,2025-10-23 00:00:00+00:00,6.359134909911194,7.251206258758414,2023-02-24 13:00:00+00:00,10,geometry support only; not prediction confidence
2025-07-01,2025-10-24 00:00:00+00:00,4.532329490114391,5.403480273110918,2025-03-05 19:00:00+00:00,9,geometry support only; not prediction confidence
2025-07-01,2025-10-25 00:00:00+00:00,4.9771519029099744,6.050379503149046,2024-09-13 13:00:00+00:00,10,geometry support only; not prediction confidence
2025-07-01,2025-10-26 00:00:00+00:00,4.597753780566806,5.464926598259677,2024-04-24 13:00:00+00:00,8,geometry support only; not prediction confidence
2025-07-01,2025-10-27 00:00:00+00:00,5.748413733045457,6.250439177759417,2024-04-23 01:00:00+00:00,6,geometry support only; not prediction confidence
2025-07-01,2025-10-28 00:00:00+00:00,6.156168812305937,6.989599748464033,2023-03-30 07:00:00+00:00,10,geometry support only; not prediction confidence
2025-07-01,2025-10-29 00:00:00+00:00,5.128485212869025,6.242089762543425,2023-09-21 13:00:00+00:00,8,geometry support only; not prediction confidence
2025-07-01,2025-10-30 00:00:00+00:00,5.957730442369499,6.852504842003597,2023-06-01 07:00:00+00:00,9,geometry support only; not prediction confidence
2025-07-01,2025-10-31 00:00:00+00:00,6.306805880109889,8.42577930812354,2025-01-10 07:00:00+00:00,8,geometry support only; not prediction confidence
2025-07-01,2025-11-01 00:00:00+00:00,5.797315004925922,6.866375590953292,2024-10-25 01:00:00+00:00,8,geometry support only; not prediction confidence
2025-07-01,2025-11-02 00:00:00+00:00,5.15599300870158,5.742511099977612,2023-06-13 13:00:00+00:00,9,geometry support only; not prediction confidence
2025-07-01,2025-11-03 00:00:00+00:00,5.0798625975214735,5.614247377385268,2023-08-06 19:00:00+00:00,9,geometry support only; not prediction confidence
2025-07-01,2025-11-04 00:00:00+00:00,5.711379485086668,7.325067745109864,2024-05-11 13:00:00+00:00,9,geometry support only; not prediction confidence
2025-07-01,2025-11-05 00:00:00+00:00,5.72834608365356,8.873862775159584,2024-05-01 13:00:00+00:00,8,geometry support only; not prediction confidence
2025-07-01,2025-11-06 00:00:00+00:00,5.904825300933423,7.835926752726536,2025-03-12 01:00:00+00:00,10,geometry support only; not prediction confidence
2025-07-01,2025-11-07 00:00:00+00:00,5.043267017814791,5.892384232503519,2024-04-18 07:00:00+00:00,9,geometry support only; not prediction confidence
2025-07-01,2025-11-08 00:00:00+00:00,5.998524158946733,7.212727727119391,2024-06-27 19:00:00+00:00,10,geometry support only; not prediction confidence
2025-07-01,2025-11-09 00:00:00+00:00,5.169623887362235,6.488278746935619,2024-10-06 01:00:00+00:00,9,geometry support only; not prediction confidence
2025-07-01,2025-11-10 00:00:00+00:00,4.760877091740358,6.075146937597893,2023-02-27 01:00:00+00:00,10,geometry support only; not prediction confidence
2025-07-01,2025-11-11 00:00:00+00:00,5.379339277156612,6.278780670456363,2025-01-31 07:00:00+00:00,9,geometry support only; not prediction confidence
2025-07-01,2025-11-12 00:00:00+00:00,4.569018113193805,5.4613510812147705,2024-05-08 13:00:00+00:00,8,geometry support only; not prediction confidence
2025-07-01,2025-11-13 00:00:00+00:00,6.0537232278186615,6.849687997381261,2024-08-16 01:00:00+00:00,10,geometry support only; not prediction confidence
2025-07-01,2025-11-14 00:00:00+00:00,6.593392817446753,7.944119333713762,2023-09-21 19:00:00+00:00,10,geometry support only; not prediction confidence
2025-07-01,2025-11-15 00:00:00+00:00,7.000040683775928,7.8157633038352055,2025-01-10 01:00:00+00:00,9,geometry support only; not prediction confidence
2025-07-01,2025-11-16 00:00:00+00:00,6.325875251546522,6.96255905395963,2023-05-13 07:00:00+00:00,10,geometry support only; not prediction confidence
2025-07-01,2025-11-17 00:00:00+00:00,4.657854364660282,5.793520972115352,2024-07-08 07:00:00+00:00,8,geometry support only; not prediction confidence
2025-07-01,2025-11-18 00:00:00+00:00,5.604246490487318,7.06318642061909,2025-01-13 13:00:00+00:00,10,geometry support only; not prediction confidence
2025-07-01,2025-11-19 00:00:00+00:00,5.207165634337195,6.473542733106822,2024-04-18 19:00:00+00:00,9,geometry support only; not prediction confidence
2025-07-01,2025-11-20 00:00:00+00:00,6.359601724242868,7.414800809036934,2024-07-08 07:00:00+00:00,10,geometry support only; not prediction confidence
2025-07-01,2025-11-21 00:00:00+00:00,6.841974716195765,7.596679847302888,2024-04-30 19:00:00+00:00,10,geometry support only; not prediction confidence
2025-07-01,2025-11-22 00:00:00+00:00,6.42365573534114,7.911235374553017,2024-05-02 01:00:00+00:00,10,geometry support only; not prediction confidence
2025-07-01,2025-11-23 00:00:00+00:00,5.4625886967443655,6.564479730111644,2024-01-25 07:00:00+00:00,8,geometry support only; not prediction confidence
2025-07-01,2025-11-24 00:00:00+00:00,4.969437771355783,5.579347738175429,2024-05-13 01:00:00+00:00,7,geometry support only; not prediction confidence
2025-07-01,2025-11-25 00:00:00+00:00,4.861584019008879,6.114803118043353,2023-05-15 13:00:00+00:00,10,geometry support only; not prediction confidence
2025-07-01,2025-11-26 00:00:00+00:00,4.807519687194195,5.995695253119161,2023-05-16 13:00:00+00:00,9,geometry support only; not prediction confidence
2025-07-01,2025-11-27 00:00:00+00:00,5.187164119942099,6.095891599724074,2023-05-15 13:00:00+00:00,9,geometry support only; not prediction confidence
2025-07-01,2025-11-28 00:00:00+00:00,5.673686767505905,6.378310829827488,2024-07-14 19:00:00+00:00,5,geometry support only; not prediction confidence
2025-07-01,2025-11-29 00:00:00+00:00,5.615695018174968,6.393135178172515,2024-08-25 19:00:00+00:00,8,geometry support only; not prediction confidence
2025-07-01,2025-11-30 00:00:00+00:00,4.938653417213016,5.828179025642486,2024-08-26 13:00:00+00:00,6,geometry support only; not prediction confidence
2025-07-01,2025-12-01 00:00:00+00:00,5.9532810640707705,6.497598224560228,2023-05-21 07:00:00+00:00,9,geometry support only; not prediction confidence
2025-07-01,2025-12-02 00:00:00+00:00,7.772124025035954,9.147685415792719,2023-06-15 19:00:00+00:00,9,geometry support only; not prediction confidence
2025-07-01,2025-12-03 00:00:00+00:00,8.783202975339892,9.853612249642321,2023-09-29 01:00:00+00:00,10,geometry support only; not prediction confidence
2025-07-01,2025-12-04 00:00:00+00:00,6.560499886582128,8.000924790192709,2024-09-20 07:00:00+00:00,8,geometry support only; not prediction confidence
2025-07-01,2025-12-05 00:00:00+00:00,5.287816848253222,6.367151784547304,2023-03-30 13:00:00+00:00,9,geometry support only; not prediction confidence
2025-07-01,2025-12-06 00:00:00+00:00,4.533264380903011,5.403705750786244,2023-09-21 19:00:00+00:00,6,geometry support only; not prediction confidence
2025-07-01,2025-12-07 00:00:00+00:00,4.28870388537102,5.826635712235959,2023-09-22 19:00:00+00:00,9,geometry support only; not prediction confidence
2025-07-01,2025-12-08 00:00:00+00:00,5.934456979754419,6.725354206446002,2023-08-28 19:00:00+00:00,10,geometry support only; not prediction confidence
2025-07-01,2025-12-09 00:00:00+00:00,5.74171561315735,6.656820388079994,2024-08-13 19:00:00+00:00,9,geometry support only; not prediction confidence
2025-07-01,2025-12-10 00:00:00+00:00,6.84366942576037,7.845003640112507,2024-09-19 07:00:00+00:00,10,geometry support only; not prediction confidence
2025-07-01,2025-12-11 00:00:00+00:00,5.626344079055229,7.349868162181907,2023-05-30 07:00:00+00:00,10,geometry support only; not prediction confidence
2025-07-01,2025-12-12 00:00:00+00:00,4.959127225323031,6.176761098181372,2024-04-25 19:00:00+00:00,10,geometry support only; not prediction confidence
2025-07-01,2025-12-13 00:00:00+00:00,5.473211259667717,7.301086379277218,2023-05-31 13:00:00+00:00,10,geometry support only; not prediction confidence
2025-07-01,2025-12-14 00:00:00+00:00,6.431598845806255,7.506342850537069,2023-09-22 19:00:00+00:00,9,geometry support only; not prediction confidence
2025-07-01,2025-12-15 00:00:00+00:00,5.949948023059343,6.777929428891455,2023-09-05 07:00:00+00:00,7,geometry support only; not prediction confidence
2025-07-01,2025-12-16 00:00:00+00:00,6.690748463339875,7.470189398082301,2023-10-09 19:00:00+00:00,10,geometry support only; not prediction confidence
2025-07-01,2025-12-17 00:00:00+00:00,5.581357590661312,7.3032523400262965,2024-04-17 01:00:00+00:00,10,geometry support only; not prediction confidence
2025-07-01,2025-12-18 00:00:00+00:00,7.178011699063849,7.838370496701513,2024-04-18 07:00:00+00:00,9,geometry support only; not prediction confidence
2025-07-01,2025-12-19 00:00:00+00:00,6.930888450665307,7.733774570731048,2023-09-07 13:00:00+00:00,9,geometry support only; not prediction confidence
2025-07-01,2025-12-20 00:00:00+00:00,6.085998925671417,6.658061941859013,2024-01-27 07:00:00+00:00,8,geometry support only; not prediction confidence
2025-07-01,2025-12-21 00:00:00+00:00,4.781920946690776,6.412441477059454,2024-12-25 19:00:00+00:00,10,geometry support only; not prediction confidence
2025-07-01,2025-12-22 00:00:00+00:00,4.5295629670573625,5.399458441088704,2023-03-05 13:00:00+00:00,7,geometry support only; not prediction confidence
2025-07-01,2025-12-23 00:00:00+00:00,5.003033140619503,6.058175960857917,2023-03-27 07:00:00+00:00,8,geometry support only; not prediction confidence
2025-07-01,2025-12-24 00:00:00+00:00,4.5045451459080725,5.227920548277481,2024-05-07 13:00:00+00:00,10,geometry support only; not prediction confidence
2025-07-01,2025-12-25 00:00:00+00:00,5.082675571592833,6.128248299042943,2024-01-07 01:00:00+00:00,9,geometry support only; not prediction confidence
2025-07-01,2025-12-26 00:00:00+00:00,4.944412018877069,5.75467963016036,2023-08-14 01:00:00+00:00,9,geometry support only; not prediction confidence
2025-07-01,2025-12-27 00:00:00+00:00,6.696529225435672,7.778636774944492,2024-12-31 07:00:00+00:00,8,geometry support only; not prediction confidence
2025-07-01,2025-12-28 00:00:00+00:00,7.542561237151116,8.017074444680217,2025-01-12 01:00:00+00:00,10,geometry support only; not prediction confidence
2025-07-01,2025-12-29 00:00:00+00:00,5.052293576601901,5.886634210939957,2024-04-08 01:00:00+00:00,8,geometry support only; not prediction confidence
2025-07-01,2025-12-30 00:00:00+00:00,6.46000835397155,7.726002927241086,2025-02-01 07:00:00+00:00,10,geometry support only; not prediction confidence
2025-07-01,2025-12-31 00:00:00+00:00,5.594684921704106,6.08570446842628,2024-02-07 07:00:00+00:00,9,geometry support only; not prediction confidence
2026-01-01,2026-01-01 00:00:00+00:00,5.276998390513126,5.776765859803061,2024-04-23 13:00:00+00:00,9,geometry support only; not prediction confidence
2026-01-01,2026-01-02 00:00:00+00:00,5.527458230624264,6.311262120425484,2024-12-29 01:00:00+00:00,8,geometry support only; not prediction confidence
2026-01-01,2026-01-03 00:00:00+00:00,7.212348479969017,8.035439395183275,2023-10-20 19:00:00+00:00,8,geometry support only; not prediction confidence
2026-01-01,2026-01-04 00:00:00+00:00,6.213697278067992,7.408258989444942,2023-09-30 13:00:00+00:00,8,geometry support only; not prediction confidence
2026-01-01,2026-01-05 00:00:00+00:00,5.307880208739108,5.813445175106773,2023-02-21 07:00:00+00:00,7,geometry support only; not prediction confidence
2026-01-01,2026-01-06 00:00:00+00:00,6.03123526681734,7.397809233450966,2023-12-04 13:00:00+00:00,6,geometry support only; not prediction confidence
2026-01-01,2026-01-07 00:00:00+00:00,9.009584949243253,10.211199070331531,2023-12-05 13:00:00+00:00,10,geometry support only; not prediction confidence
2026-01-01,2026-01-08 00:00:00+00:00,6.624624968305978,8.134281408037888,2024-02-01 19:00:00+00:00,9,geometry support only; not prediction confidence
2026-01-01,2026-01-09 00:00:00+00:00,6.270012416068824,6.795861033515942,2023-10-04 13:00:00+00:00,8,geometry support only; not prediction confidence
2026-01-01,2026-01-10 00:00:00+00:00,4.897657549988095,5.688860096761178,2025-03-08 13:00:00+00:00,8,geometry support only; not prediction confidence
2026-01-01,2026-01-11 00:00:00+00:00,5.133784843222547,6.007384755001375,2023-09-24 07:00:00+00:00,8,geometry support only; not prediction confidence
2026-01-01,2026-01-12 00:00:00+00:00,5.277097590720648,5.904176874768864,2024-01-07 13:00:00+00:00,9,geometry support only; not prediction confidence
2026-01-01,2026-01-13 00:00:00+00:00,4.700571684393805,6.153165309961837,2023-02-28 07:00:00+00:00,9,geometry support only; not prediction confidence
2026-01-01,2026-01-14 00:00:00+00:00,5.781744753138389,7.41986666499896,2024-05-15 19:00:00+00:00,10,geometry support only; not prediction confidence
2026-01-01,2026-01-15 00:00:00+00:00,7.515689913710647,8.765801323180042,2023-03-14 01:00:00+00:00,9,geometry support only; not prediction confidence
2026-01-01,2026-01-16 00:00:00+00:00,5.966262678306792,6.4028248122591656,2024-07-18 01:00:00+00:00,9,geometry support only; not prediction confidence
2026-01-01,2026-01-17 00:00:00+00:00,4.938736971235505,5.742314062044805,2023-10-28 07:00:00+00:00,6,geometry support only; not prediction confidence
2026-01-01,2026-01-18 00:00:00+00:00,3.6628135414690437,6.246670262179602,2023-10-29 01:00:00+00:00,10,geometry support only; not prediction confidence
2026-01-01,2026-01-19 00:00:00+00:00,5.692752603199459,6.94574195000584,2023-02-19 19:00:00+00:00,10,geometry support only; not prediction confidence
2026-01-01,2026-01-20 00:00:00+00:00,5.729025328012903,6.512480742729402,2023-06-01 07:00:00+00:00,8,geometry support only; not prediction confidence
2026-01-01,2026-01-21 00:00:00+00:00,7.037804229211671,8.31729279644167,2025-02-03 01:00:00+00:00,8,geometry support only; not prediction confidence
2026-01-01,2026-01-22 00:00:00+00:00,9.030964272310028,10.434338017968015,2024-05-02 13:00:00+00:00,8,geometry support only; not prediction confidence
2026-01-01,2026-01-23 00:00:00+00:00,7.84143753216841,8.754798380302482,2024-07-09 13:00:00+00:00,9,geometry support only; not prediction confidence
2026-01-01,2026-01-24 00:00:00+00:00,4.770936969589537,5.48958021902328,2025-06-19 07:00:00+00:00,7,geometry support only; not prediction confidence
2026-01-01,2026-01-25 00:00:00+00:00,5.551973163244252,6.176185029016926,2024-09-01 01:00:00+00:00,8,geometry support only; not prediction confidence
2026-01-01,2026-01-26 00:00:00+00:00,6.834881312052421,7.8145470551308165,2025-03-10 01:00:00+00:00,9,geometry support only; not prediction confidence
2026-01-01,2026-01-27 00:00:00+00:00,5.315297777759227,6.471111822121003,2023-02-14 13:00:00+00:00,10,geometry support only; not prediction confidence
2026-01-01,2026-01-28 00:00:00+00:00,5.775534576290412,6.967151296253584,2023-05-04 01:00:00+00:00,9,geometry support only; not prediction confidence
2026-01-01,2026-01-29 00:00:00+00:00,5.146339391379905,5.870365741647161,2023-05-05 01:00:00+00:00,10,geometry support only; not prediction confidence
2026-01-01,2026-01-30 00:00:00+00:00,6.0513223439352135,7.301797509987036,2024-07-25 13:00:00+00:00,9,geometry support only; not prediction confidence
2026-01-01,2026-01-31 00:00:00+00:00,6.898512325592092,7.458088841860774,2023-05-25 13:00:00+00:00,8,geometry support only; not prediction confidence
2026-01-01,2026-02-01 00:00:00+00:00,7.170626451975902,9.325284386924949,2025-02-27 01:00:00+00:00,10,geometry support only; not prediction confidence
2026-01-01,2026-02-02 00:00:00+00:00,7.59913881121444,9.04510925677079,2024-08-04 01:00:00+00:00,7,geometry support only; not prediction confidence
2026-01-01,2026-02-03 00:00:00+00:00,7.610808021238098,8.764068473749674,2025-04-01 01:00:00+00:00,6,geometry support only; not prediction confidence
2026-01-01,2026-02-04 00:00:00+00:00,7.772122024551693,9.089249190478291,2025-04-09 13:00:00+00:00,8,geometry support only; not prediction confidence
2026-01-01,2026-02-05 00:00:00+00:00,7.229095812905259,8.494414577114506,2023-04-25 13:00:00+00:00,8,geometry support only; not prediction confidence
2026-01-01,2026-02-06 00:00:00+00:00,8.64282893816537,9.530664198769502,2025-09-26 01:00:00+00:00,7,geometry support only; not prediction confidence
2026-01-01,2026-02-07 00:00:00+00:00,7.370975637541118,9.550493031136627,2025-03-01 13:00:00+00:00,8,geometry support only; not prediction confidence
2026-01-01,2026-02-08 00:00:00+00:00,5.337655475525204,6.944447932659158,2023-05-14 07:00:00+00:00,8,geometry support only; not prediction confidence
2026-01-01,2026-02-09 00:00:00+00:00,5.211183904522024,6.066377654325134,2024-05-13 01:00:00+00:00,9,geometry support only; not prediction confidence
2026-01-01,2026-02-10 00:00:00+00:00,5.0912050537102855,6.113851485771136,2023-08-28 19:00:00+00:00,9,geometry support only; not prediction confidence
2026-01-01,2026-02-11 00:00:00+00:00,5.686782168521471,6.776113763332603,2023-09-05 01:00:00+00:00,8,geometry support only; not prediction confidence
2026-01-01,2026-02-12 00:00:00+00:00,5.908165796153253,6.966152757361473,2025-03-10 13:00:00+00:00,9,geometry support only; not prediction confidence
2026-01-01,2026-02-13 00:00:00+00:00,6.139613891155174,6.820509051487424,2024-08-19 07:00:00+00:00,8,geometry support only; not prediction confidence
2026-01-01,2026-02-14 00:00:00+00:00,4.915657597035541,7.552003462689398,2024-08-20 07:00:00+00:00,8,geometry support only; not prediction confidence
2026-01-01,2026-02-15 00:00:00+00:00,6.5771186973492695,7.694211999815059,2023-05-27 07:00:00+00:00,8,geometry support only; not prediction confidence
2026-01-01,2026-02-16 00:00:00+00:00,5.728562787597116,7.076045275870373,2024-08-19 19:00:00+00:00,8,geometry support only; not prediction confidence
2026-01-01,2026-02-17 00:00:00+00:00,4.796442747691278,6.93148635658283,2023-08-26 01:00:00+00:00,8,geometry support only; not prediction confidence
2026-01-01,2026-02-18 00:00:00+00:00,5.7024961223055515,6.859162811422664,2024-08-30 13:00:00+00:00,9,geometry support only; not prediction confidence
2026-01-01,2026-02-19 00:00:00+00:00,5.906302425485303,6.806217164701772,2025-03-08 07:00:00+00:00,8,geometry support only; not prediction confidence
2026-01-01,2026-02-20 00:00:00+00:00,5.803035790461177,6.949232025637832,2023-08-25 19:00:00+00:00,8,geometry support only; not prediction confidence
2026-01-01,2026-02-21 00:00:00+00:00,5.716867567703233,6.721788455266088,2023-08-29 07:00:00+00:00,6,geometry support only; not prediction confidence
2026-01-01,2026-02-22 00:00:00+00:00,6.541086055594569,7.11630426533564,2024-07-10 13:00:00+00:00,7,geometry support only; not prediction confidence
2026-01-01,2026-02-23 00:00:00+00:00,6.2152210337265394,7.324137837219136,2023-09-10 13:00:00+00:00,7,geometry support only; not prediction confidence
2026-01-01,2026-02-24 00:00:00+00:00,8.648832189204759,10.192290049369408,2025-04-03 19:00:00+00:00,10,geometry support only; not prediction confidence
2026-01-01,2026-02-25 00:00:00+00:00,7.324407225437542,9.599621631670741,2023-09-02 13:00:00+00:00,7,geometry support only; not prediction confidence
2026-01-01,2026-02-26 00:00:00+00:00,8.128732613760816,9.854014254688748,2024-05-16 01:00:00+00:00,9,geometry support only; not prediction confidence
2026-01-01,2026-02-27 00:00:00+00:00,7.179901205835557,8.495062801452425,2024-05-17 01:00:00+00:00,10,geometry support only; not prediction confidence
2026-01-01,2026-02-28 00:00:00+00:00,6.8676681648263385,7.422389573020768,2024-08-27 13:00:00+00:00,7,geometry support only; not prediction confidence
2026-01-01,2026-03-01 00:00:00+00:00,6.960752603805893,8.584159588349351,2024-09-02 13:00:00+00:00,9,geometry support only; not prediction confidence
2026-01-01,2026-03-02 00:00:00+00:00,5.378570166952857,6.661678360264474,2024-09-03 19:00:00+00:00,10,geometry support only; not prediction confidence
2026-01-01,2026-03-03 00:00:00+00:00,5.342725594853392,6.662948408952988,2023-09-14 07:00:00+00:00,10,geometry support only; not prediction confidence
2026-01-01,2026-03-04 00:00:00+00:00,5.155388657377065,6.309671300811618,2023-09-20 19:00:00+00:00,9,geometry support only; not prediction confidence
2026-01-01,2026-03-05 00:00:00+00:00,5.600213269642802,6.616823329781879,2024-09-14 07:00:00+00:00,9,geometry support only; not prediction confidence
2026-01-01,2026-03-06 00:00:00+00:00,5.856798880700852,6.642888927584185,2023-03-02 13:00:00+00:00,10,geometry support only; not prediction confidence
2026-01-01,2026-03-07 00:00:00+00:00,5.58343543262425,6.451548638283942,2023-05-02 01:00:00+00:00,6,geometry support only; not prediction confidence
2026-01-01,2026-03-08 00:00:00+00:00,6.311647371622381,7.10638906016401,2023-05-02 13:00:00+00:00,8,geometry support only; not prediction confidence
2026-01-01,2026-03-09 00:00:00+00:00,5.664740863816722,6.025193252704254,2023-09-25 01:00:00+00:00,7,geometry support only; not prediction confidence
2026-01-01,2026-03-10 00:00:00+00:00,5.3733720414481,6.154034536956408,2023-03-02 01:00:00+00:00,9,geometry support only; not prediction confidence
2026-01-01,2026-03-11 00:00:00+00:00,5.029395626434526,5.9669272322026226,2023-05-24 01:00:00+00:00,6,geometry support only; not prediction confidence
2026-01-01,2026-03-12 00:00:00+00:00,5.989376330915078,6.728043128142256,2023-05-05 13:00:00+00:00,10,geometry support only; not prediction confidence
2026-01-01,2026-03-13 00:00:00+00:00,5.814261497646391,6.524285483566499,2023-06-20 13:00:00+00:00,9,geometry support only; not prediction confidence
2026-01-01,2026-03-14 00:00:00+00:00,6.3642539534496425,7.202566736447342,2023-05-06 13:00:00+00:00,8,geometry support only; not prediction confidence
2026-01-01,2026-03-15 00:00:00+00:00,6.304091028113531,7.136043800781844,2025-07-08 13:00:00+00:00,8,geometry support only; not prediction confidence
2026-01-01,2026-03-16 00:00:00+00:00,5.741368410620017,6.940427127181522,2025-06-29 13:00:00+00:00,10,geometry support only; not prediction confidence
2026-01-01,2026-03-17 00:00:00+00:00,6.033316826692214,7.746910773343273,2024-07-16 01:00:00+00:00,8,geometry support only; not prediction confidence
2026-01-01,2026-03-18 00:00:00+00:00,6.675886467625016,8.225926081079281,2023-03-30 13:00:00+00:00,10,geometry support only; not prediction confidence
2026-01-01,2026-03-19 00:00:00+00:00,5.905653379076557,6.643788970551338,2025-07-05 01:00:00+00:00,9,geometry support only; not prediction confidence
2026-01-01,2026-03-20 00:00:00+00:00,4.78015447661133,5.795032348802459,2023-05-09 07:00:00+00:00,6,geometry support only; not prediction confidence
2026-01-01,2026-03-21 00:00:00+00:00,5.447104350557421,6.1875385649774195,2023-09-23 01:00:00+00:00,6,geometry support only; not prediction confidence
2026-01-01,2026-03-22 00:00:00+00:00,6.986201821052075,7.965756218332686,2023-09-25 01:00:00+00:00,10,geometry support only; not prediction confidence
2026-01-01,2026-03-23 00:00:00+00:00,7.246157372796571,8.723757998551822,2023-02-25 19:00:00+00:00,7,geometry support only; not prediction confidence
2026-01-01,2026-03-24 00:00:00+00:00,6.030579570553213,8.059564116559997,2023-02-15 07:00:00+00:00,7,geometry support only; not prediction confidence
2026-01-01,2026-03-25 00:00:00+00:00,6.060356033722205,7.371862338165599,2024-08-07 07:00:00+00:00,10,geometry support only; not prediction confidence
2026-01-01,2026-03-26 00:00:00+00:00,4.862642040966643,6.040172793626276,2025-04-12 07:00:00+00:00,9,geometry support only; not prediction confidence
2026-01-01,2026-03-27 00:00:00+00:00,4.4662529041102434,5.993108351509947,2024-09-04 13:00:00+00:00,8,geometry support only; not prediction confidence
2026-01-01,2026-03-28 00:00:00+00:00,6.381770051661982,7.494574123101623,2023-02-25 07:00:00+00:00,7,geometry support only; not prediction confidence
2026-01-01,2026-03-29 00:00:00+00:00,6.518029369688571,7.437860353991334,2023-06-12 01:00:00+00:00,10,geometry support only; not prediction confidence
2026-01-01,2026-03-30 00:00:00+00:00,4.844600567121973,6.018459307843211,2023-06-13 01:00:00+00:00,8,geometry support only; not prediction confidence
2026-01-01,2026-03-31 00:00:00+00:00,6.187114229943728,6.70707191729416,2024-04-05 07:00:00+00:00,9,geometry support only; not prediction confidence
2026-01-01,2026-04-01 00:00:00+00:00,6.539255259228372,7.865829848696087,2023-03-01 13:00:00+00:00,10,geometry support only; not prediction confidence
2026-01-01,2026-04-02 00:00:00+00:00,4.856289520701122,5.970090084346101,2025-06-25 07:00:00+00:00,8,geometry support only; not prediction confidence
2026-01-01,2026-04-03 00:00:00+00:00,5.220619429644348,5.940603038136492,2023-09-22 07:00:00+00:00,9,geometry support only; not prediction confidence
2026-01-01,2026-04-04 00:00:00+00:00,5.068059450372056,5.9702962515723135,2023-09-23 01:00:00+00:00,7,geometry support only; not prediction confidence
2026-01-01,2026-04-05 00:00:00+00:00,4.636596582656554,5.196185972243378,2024-05-06 07:00:00+00:00,8,geometry support only; not prediction confidence
2026-01-01,2026-04-06 00:00:00+00:00,4.878955997444189,6.419745372469231,2024-04-22 07:00:00+00:00,9,geometry support only; not prediction confidence
2026-01-01,2026-04-07 00:00:00+00:00,6.725944955746644,7.377357426754439,2023-03-29 19:00:00+00:00,9,geometry support only; not prediction confidence
2026-01-01,2026-04-08 00:00:00+00:00,7.347797333113686,8.704745712558973,2025-05-07 01:00:00+00:00,9,geometry support only; not prediction confidence
2026-01-01,2026-04-09 00:00:00+00:00,8.120796239075242,9.292756333114747,2025-07-03 19:00:00+00:00,9,geometry support only; not prediction confidence
2026-01-01,2026-04-10 00:00:00+00:00,6.171177205951211,7.096927684372683,2024-10-18 13:00:00+00:00,10,geometry support only; not prediction confidence
2026-01-01,2026-04-11 00:00:00+00:00,6.178621982948177,6.834500697432135,2024-09-28 01:00:00+00:00,9,geometry support only; not prediction confidence
2026-01-01,2026-04-12 00:00:00+00:00,6.879039594101882,7.701401582496646,2024-07-21 07:00:00+00:00,7,geometry support only; not prediction confidence
2026-01-01,2026-04-13 00:00:00+00:00,5.563743588189981,7.099991240497361,2023-05-01 19:00:00+00:00,8,geometry support only; not prediction confidence
2026-01-01,2026-04-14 00:00:00+00:00,6.361942668754213,7.62172570624569,2023-06-20 19:00:00+00:00,10,geometry support only; not prediction confidence
2026-01-01,2026-04-15 00:00:00+00:00,6.735018237586945,8.361342751333206,2024-05-16 19:00:00+00:00,10,geometry support only; not prediction confidence
2026-01-01,2026-04-16 00:00:00+00:00,5.9867461427282604,6.504176466504876,2024-04-24 07:00:00+00:00,8,geometry support only; not prediction confidence
2026-01-01,2026-04-17 00:00:00+00:00,5.128889076307524,6.202655935795259,2024-04-23 19:00:00+00:00,8,geometry support only; not prediction confidence
2026-01-01,2026-04-18 00:00:00+00:00,5.79432509657333,6.91261287595341,2024-09-14 07:00:00+00:00,8,geometry support only; not prediction confidence
2026-01-01,2026-04-19 00:00:00+00:00,6.524714666494568,7.766051453689715,2023-04-06 07:00:00+00:00,9,geometry support only; not prediction confidence
2026-01-01,2026-04-20 00:00:00+00:00,7.535706373885727,8.06761018973418,2023-04-03 07:00:00+00:00,8,geometry support only; not prediction confidence
2026-01-01,2026-04-21 00:00:00+00:00,6.360663056615596,7.090012411430058,2023-05-03 01:00:00+00:00,9,geometry support only; not prediction confidence
2026-01-01,2026-04-22 00:00:00+00:00,5.616160296611261,6.496022554331601,2025-08-28 07:00:00+00:00,10,geometry support only; not prediction confidence
2026-01-01,2026-04-23 00:00:00+00:00,5.980086109371764,6.801708196518795,2024-09-14 13:00:00+00:00,10,geometry support only; not prediction confidence
2026-01-01,2026-04-24 00:00:00+00:00,5.59995362606039,6.142896127993829,2023-03-25 13:00:00+00:00,8,geometry support only; not prediction confidence
2026-01-01,2026-04-25 00:00:00+00:00,5.6819953684460645,6.101765970470673,2023-03-27 13:00:00+00:00,10,geometry support only; not prediction confidence
2026-01-01,2026-04-26 00:00:00+00:00,4.751400807796729,6.186437343309373,2025-05-04 07:00:00+00:00,8,geometry support only; not prediction confidence
2026-01-01,2026-04-27 00:00:00+00:00,5.278800306281689,6.535891077537339,2024-02-25 07:00:00+00:00,8,geometry support only; not prediction confidence
2026-01-01,2026-04-28 00:00:00+00:00,6.532689955385222,7.725886137703859,2025-04-30 19:00:00+00:00,9,geometry support only; not prediction confidence
2026-01-01,2026-04-29 00:00:00+00:00,6.109903864555088,7.211235909848389,2023-05-02 13:00:00+00:00,7,geometry support only; not prediction confidence
2026-01-01,2026-04-30 00:00:00+00:00,6.791306812624253,7.489160695238612,2023-07-13 01:00:00+00:00,9,geometry support only; not prediction confidence
2026-01-01,2026-05-01 00:00:00+00:00,5.724950475004207,6.6883404104961945,2023-06-08 19:00:00+00:00,10,geometry support only; not prediction confidence
2026-01-01,2026-05-02 00:00:00+00:00,5.709415401461917,6.548138830617713,2024-08-09 07:00:00+00:00,9,geometry support only; not prediction confidence
2026-01-01,2026-05-03 00:00:00+00:00,7.258022967009105,7.964934138038194,2023-07-12 13:00:00+00:00,10,geometry support only; not prediction confidence
2026-01-01,2026-05-04 00:00:00+00:00,6.654423090616079,7.588853585328457,2024-12-16 13:00:00+00:00,7,geometry support only; not prediction confidence
2026-01-01,2026-05-05 00:00:00+00:00,7.98758901964085,9.297582524453674,2025-05-07 19:00:00+00:00,10,geometry support only; not prediction confidence
2026-01-01,2026-05-06 00:00:00+00:00,8.497776572261435,9.38061229132883,2024-09-28 01:00:00+00:00,9,geometry support only; not prediction confidence
2026-01-01,2026-05-07 00:00:00+00:00,8.53892780692423,9.257689839734837,2023-03-31 01:00:00+00:00,10,geometry support only; not prediction confidence
2026-01-01,2026-05-08 00:00:00+00:00,6.396446098727937,6.975000620847095,2023-03-28 13:00:00+00:00,7,geometry support only; not prediction confidence
2026-01-01,2026-05-09 00:00:00+00:00,5.470972332693032,6.05794302877458,2023-06-29 19:00:00+00:00,9,geometry support only; not prediction confidence
2026-01-01,2026-05-10 00:00:00+00:00,4.5799821806271455,5.942253623905303,2025-06-08 01:00:00+00:00,9,geometry support only; not prediction confidence
2026-01-01,2026-05-11 00:00:00+00:00,7.775625733007576,8.33674447421781,2025-06-09 19:00:00+00:00,9,geometry support only; not prediction confidence
2026-01-01,2026-05-12 00:00:00+00:00,6.242652921669777,7.446355286841775,2025-07-01 01:00:00+00:00,8,geometry support only; not prediction confidence
2026-01-01,2026-05-13 00:00:00+00:00,4.6870684610761,5.254940237912053,2025-07-02 01:00:00+00:00,9,geometry support only; not prediction confidence
2026-01-01,2026-05-14 00:00:00+00:00,5.739114204293184,6.410524900271372,2023-10-11 13:00:00+00:00,8,geometry support only; not prediction confidence
2026-01-01,2026-05-15 00:00:00+00:00,5.2648325151202915,7.376784424033766,2023-10-07 01:00:00+00:00,10,geometry support only; not prediction confidence
2026-01-01,2026-05-16 00:00:00+00:00,5.669109335735365,7.205747573682854,2023-05-24 13:00:00+00:00,9,geometry support only; not prediction confidence
2026-01-01,2026-05-17 00:00:00+00:00,6.379054838837448,7.338326519295309,2024-08-04 07:00:00+00:00,7,geometry support only; not prediction confidence
2026-01-01,2026-05-18 00:00:00+00:00,6.633907834531583,7.824247830497778,2023-09-25 01:00:00+00:00,10,geometry support only; not prediction confidence
2026-01-01,2026-05-19 00:00:00+00:00,6.090099031611613,7.244394828555758,2024-01-23 07:00:00+00:00,8,geometry support only; not prediction confidence
2026-01-01,2026-05-20 00:00:00+00:00,5.070317815499937,5.918450587703489,2024-01-26 01:00:00+00:00,10,geometry support only; not prediction confidence
2026-01-01,2026-05-21 00:00:00+00:00,3.5969452616317343,5.040225221333979,2024-04-19 01:00:00+00:00,8,geometry support only; not prediction confidence
2026-01-01,2026-05-22 00:00:00+00:00,4.934815158333192,5.894900104421682,2025-03-13 07:00:00+00:00,9,geometry support only; not prediction confidence
2026-01-01,2026-05-23 00:00:00+00:00,5.46771979710669,6.234563922208218,2024-09-06 01:00:00+00:00,10,geometry support only; not prediction confidence
2026-01-01,2026-05-24 00:00:00+00:00,6.699775510617688,8.330312328216836,2024-07-26 07:00:00+00:00,10,geometry support only; not prediction confidence
2026-01-01,2026-05-25 00:00:00+00:00,6.410920671333853,7.8687431141635304,2024-09-18 19:00:00+00:00,10,geometry support only; not prediction confidence
2026-01-01,2026-05-26 00:00:00+00:00,4.456383779777647,5.500469064444031,2025-04-14 19:00:00+00:00,9,geometry support only; not prediction confidence
2026-01-01,2026-05-27 00:00:00+00:00,5.626686510193862,6.365215280960345,2023-09-21 19:00:00+00:00,9,geometry support only; not prediction confidence
2026-01-01,2026-05-28 00:00:00+00:00,5.53707670054467,6.4600343626296155,2023-09-22 07:00:00+00:00,7,geometry support only; not prediction confidence
2026-01-01,2026-05-29 00:00:00+00:00,6.167133987986146,7.4890709787155565,2023-05-25 13:00:00+00:00,8,geometry support only; not prediction confidence
2026-01-01,2026-05-30 00:00:00+00:00,5.253554215174097,5.899023999745107,2024-04-17 13:00:00+00:00,8,geometry support only; not prediction confidence
2026-01-01,2026-05-31 00:00:00+00:00,6.226023624546371,6.929255277333109,2023-06-14 19:00:00+00:00,7,geometry support only; not prediction confidence
2026-01-01,2026-06-01 00:00:00+00:00,5.474638208182776,6.56073199084889,2023-06-13 01:00:00+00:00,8,geometry support only; not prediction confidence
2026-01-01,2026-06-02 00:00:00+00:00,5.145949791220644,6.355483637058882,2023-02-14 01:00:00+00:00,8,geometry support only; not prediction confidence
2026-01-01,2026-06-03 00:00:00+00:00,6.619623319784372,9.07731249073693,2024-01-23 19:00:00+00:00,8,geometry support only; not prediction confidence
2026-01-01,2026-06-04 00:00:00+00:00,9.509117631744159,10.664739965931348,2024-01-24 01:00:00+00:00,7,geometry support only; not prediction confidence
2026-01-01,2026-06-05 00:00:00+00:00,9.093161239546781,10.848204078379661,2025-06-23 07:00:00+00:00,6,geometry support only; not prediction confidence
2026-01-01,2026-06-06 00:00:00+00:00,8.330543315479563,10.029879176550862,2025-02-28 13:00:00+00:00,6,geometry support only; not prediction confidence
2026-01-01,2026-06-07 00:00:00+00:00,7.124199290482635,8.910227477903627,2025-02-28 01:00:00+00:00,8,geometry support only; not prediction confidence
2026-01-01,2026-06-08 00:00:00+00:00,6.409224835198213,7.744122556385972,2024-07-07 07:00:00+00:00,8,geometry support only; not prediction confidence
2026-01-01,2026-06-09 00:00:00+00:00,6.184165317481106,6.985854553507852,2024-07-07 07:00:00+00:00,7,geometry support only; not prediction confidence
2026-01-01,2026-06-10 00:00:00+00:00,4.743605956474689,5.422272131830288,2024-09-01 13:00:00+00:00,7,geometry support only; not prediction confidence
2026-01-01,2026-06-11 00:00:00+00:00,5.877885106953575,6.445266989550536,2023-03-07 01:00:00+00:00,9,geometry support only; not prediction confidence
2026-01-01,2026-06-12 00:00:00+00:00,5.626506467334099,6.414248404834965,2023-05-21 07:00:00+00:00,10,geometry support only; not prediction confidence
2026-01-01,2026-06-13 00:00:00+00:00,5.560175151196172,6.261832926228837,2025-04-18 07:00:00+00:00,7,geometry support only; not prediction confidence
2026-01-01,2026-06-14 00:00:00+00:00,5.661304324741898,6.3043244277678,2025-04-19 07:00:00+00:00,9,geometry support only; not prediction confidence
2026-01-01,2026-06-15 00:00:00+00:00,6.503078722292311,7.969245783678346,2023-08-28 13:00:00+00:00,10,geometry support only; not prediction confidence
2026-01-01,2026-06-16 00:00:00+00:00,7.109606481392981,8.434009771382774,2024-08-24 07:00:00+00:00,9,geometry support only; not prediction confidence
2026-01-01,2026-06-17 00:00:00+00:00,5.623641388238863,6.614342314773974,2024-08-23 01:00:00+00:00,9,geometry support only; not prediction confidence
2026-01-01,2026-06-18 00:00:00+00:00,6.185809466198281,6.99829888601358,2023-09-21 13:00:00+00:00,9,geometry support only; not prediction confidence
2026-01-01,2026-06-19 00:00:00+00:00,7.0768767566475494,7.962506321248408,2023-05-09 01:00:00+00:00,9,geometry support only; not prediction confidence
2026-01-01,2026-06-20 00:00:00+00:00,6.512303050857652,7.395318583372335,2023-09-22 19:00:00+00:00,9,geometry support only; not prediction confidence
2026-01-01,2026-06-21 00:00:00+00:00,5.377444398643584,6.272723211445802,2023-05-27 13:00:00+00:00,5,geometry support only; not prediction confidence
2026-01-01,2026-06-22 00:00:00+00:00,5.353531428244775,6.152913900981524,2025-03-07 01:00:00+00:00,9,geometry support only; not prediction confidence
2026-01-01,2026-06-23 00:00:00+00:00,6.055003610555567,6.5741223776834925,2023-07-29 07:00:00+00:00,10,geometry support only; not prediction confidence
2026-01-01,2026-06-24 00:00:00+00:00,6.370749885132859,7.205324621092909,2023-08-25 07:00:00+00:00,8,geometry support only; not prediction confidence
2026-01-01,2026-06-25 00:00:00+00:00,6.134126900163161,9.410978840804622,2024-09-07 01:00:00+00:00,10,geometry support only; not prediction confidence
2026-01-01,2026-06-26 00:00:00+00:00,9.32481939782147,11.608404536393353,2024-08-03 01:00:00+00:00,9,geometry support only; not prediction confidence
2026-01-01,2026-06-27 00:00:00+00:00,6.848542419866738,8.41956889767162,2024-04-15 07:00:00+00:00,8,geometry support only; not prediction confidence
2026-01-01,2026-06-28 00:00:00+00:00,5.234131558670065,6.2363691600045525,2023-05-14 01:00:00+00:00,9,geometry support only; not prediction confidence
2026-01-01,2026-06-29 00:00:00+00:00,4.9341487882195265,5.695438077775927,2023-09-05 13:00:00+00:00,6,geometry support only; not prediction confidence
2026-01-01,2026-06-30 00:00:00+00:00,4.649752109108959,5.8033685627504035,2023-08-24 01:00:00+00:00,8,geometry support only; not prediction confidence
2026-07-01,2026-07-01 00:00:00+00:00,5.179744983698383,5.957603871644039,2024-05-14 19:00:00+00:00,9,geometry support only; not prediction confidence
2026-07-01,2026-07-02 00:00:00+00:00,5.124462486109842,5.865903823077464,2024-08-17 01:00:00+00:00,10,geometry support only; not prediction confidence
2026-07-01,2026-07-03 00:00:00+00:00,5.227769067972453,6.083877086061065,2024-02-08 07:00:00+00:00,10,geometry support only; not prediction confidence
2026-07-01,2026-07-04 00:00:00+00:00,5.507646785173442,6.490019011985,2025-09-12 13:00:00+00:00,6,geometry support only; not prediction confidence
2026-07-01,2026-07-05 00:00:00+00:00,7.284283234428127,8.119828531234758,2024-07-15 07:00:00+00:00,8,geometry support only; not prediction confidence
2026-07-01,2026-07-06 00:00:00+00:00,6.750148817082533,8.252958000868317,2025-10-05 01:00:00+00:00,10,geometry support only; not prediction confidence
2026-07-01,2026-07-07 00:00:00+00:00,6.071151022513356,7.372634769494337,2024-09-23 07:00:00+00:00,9,geometry support only; not prediction confidence
2026-07-01,2026-07-08 00:00:00+00:00,5.700876365249593,6.816505265987364,2023-02-21 13:00:00+00:00,10,geometry support only; not prediction confidence
2026-07-01,2026-07-09 00:00:00+00:00,3.4725905388208833,5.651599514966049,2023-02-22 13:00:00+00:00,9,geometry support only; not prediction confidence
2026-07-01,2026-07-10 00:00:00+00:00,4.408593518317201,5.333745810885766,2025-08-27 13:00:00+00:00,8,geometry support only; not prediction confidence
2026-07-01,2026-07-11 00:00:00+00:00,3.8482099814543296,5.603271838782672,2023-03-30 01:00:00+00:00,8,geometry support only; not prediction confidence
2026-07-01,2026-07-12 00:00:00+00:00,6.787885904810148,7.545817724081063,2025-12-25 13:00:00+00:00,10,geometry support only; not prediction confidence
2026-07-01,2026-07-13 00:00:00+00:00,5.255479240239359,5.7144944087129055,2024-12-15 13:00:00+00:00,8,geometry support only; not prediction confidence
2026-07-01,2026-07-14 00:00:00+00:00,4.144211244024753,5.868098655380963,2023-09-21 19:00:00+00:00,9,geometry support only; not prediction confidence
2026-07-01,2026-07-15 00:00:00+00:00,6.6203322733911225,7.847446486026953,2024-05-16 01:00:00+00:00,9,geometry support only; not prediction confidence
2026-07-01,2026-07-16 00:00:00+00:00,6.886806023518014,7.745776001555545,2025-06-11 07:00:00+00:00,8,geometry support only; not prediction confidence
2026-07-01,2026-07-17 00:00:00+00:00,4.767143905821181,5.881685212265823,2025-07-04 19:00:00+00:00,10,geometry support only; not prediction confidence
2026-07-01,2026-07-18 00:00:00+00:00,4.251612600022312,5.472759610684174,2025-08-26 19:00:00+00:00,9,geometry support only; not prediction confidence
2026-07-01,2026-07-19 00:00:00+00:00,6.054806605968062,6.754906640103636,2024-12-29 07:00:00+00:00,8,geometry support only; not prediction confidence
2026-07-01,2026-07-20 00:00:00+00:00,5.390248610842308,6.85120018110986,2024-10-13 13:00:00+00:00,8,geometry support only; not prediction confidence
2026-07-01,2026-07-21 00:00:00+00:00,5.46041087729929,6.427914337485237,2024-09-23 19:00:00+00:00,10,geometry support only; not prediction confidence
2026-07-01,2026-07-22 00:00:00+00:00,5.027073328452758,6.41028617839896,2024-09-28 01:00:00+00:00,8,geometry support only; not prediction confidence
2026-07-01,2026-07-23 00:00:00+00:00,5.205128444180042,5.65876056450446,2023-05-05 13:00:00+00:00,9,geometry support only; not prediction confidence
2026-07-01,2026-07-24 00:00:00+00:00,4.6479631581416845,5.943170160814838,2025-07-05 01:00:00+00:00,10,geometry support only; not prediction confidence
2026-07-01,2026-07-25 00:00:00+00:00,5.105714212196669,5.886909579673314,2024-10-23 07:00:00+00:00,9,geometry support only; not prediction confidence
2026-07-01,2026-07-26 00:00:00+00:00,7.132047074123877,7.907402591693571,2024-03-23 19:00:00+00:00,9,geometry support only; not prediction confidence
2026-07-01,2026-07-27 00:00:00+00:00,6.391263304601526,7.020053377221265,2024-02-25 13:00:00+00:00,6,geometry support only; not prediction confidence
2026-07-01,2026-07-28 00:00:00+00:00,7.593957270630116,8.959298779967359,2023-04-06 01:00:00+00:00,9,geometry support only; not prediction confidence
2026-07-01,2026-07-29 00:00:00+00:00,7.065746701318078,8.317188576678966,2024-01-04 13:00:00+00:00,10,geometry support only; not prediction confidence
2026-07-01,2026-07-30 00:00:00+00:00,5.363252019176723,6.53212743442243,2023-07-11 19:00:00+00:00,9,geometry support only; not prediction confidence
2026-07-01,2026-07-31 00:00:00+00:00,5.197405893553808,6.15972126726871,2023-10-07 07:00:00+00:00,7,geometry support only; not prediction confidence
2026-07-01,2026-08-01 00:00:00+00:00,4.401558405136525,5.846239008532274,2026-03-26 19:00:00+00:00,10,geometry support only; not prediction confidence
2026-07-01,2026-08-02 00:00:00+00:00,6.65377198549543,7.1362340824449095,2025-05-25 07:00:00+00:00,8,geometry support only; not prediction confidence
2026-07-01,2026-08-03 00:00:00+00:00,5.496713030747816,6.566499276437144,2023-05-23 01:00:00+00:00,10,geometry support only; not prediction confidence
2026-07-01,2026-08-04 00:00:00+00:00,5.2372225548338145,6.23066909915699,2023-05-05 13:00:00+00:00,10,geometry support only; not prediction confidence
2026-07-01,2026-08-05 00:00:00+00:00,4.647512271380013,5.801171003735829,2023-04-01 07:00:00+00:00,9,geometry support only; not prediction confidence
2026-07-01,2026-08-06 00:00:00+00:00,5.939966675368114,6.520909707825794,2026-01-28 19:00:00+00:00,8,geometry support only; not prediction confidence
2026-07-01,2026-08-07 00:00:00+00:00,6.144127381497493,6.736926673212557,2025-06-26 01:00:00+00:00,9,geometry support only; not prediction confidence
2026-07-01,2026-08-08 00:00:00+00:00,4.975026825271787,5.791558584484563,2023-04-01 07:00:00+00:00,9,geometry support only; not prediction confidence
2026-07-01,2026-08-09 00:00:00+00:00,4.933086452670011,6.585040208451585,2025-06-29 01:00:00+00:00,5,geometry support only; not prediction confidence
2026-07-01,2026-08-10 00:00:00+00:00,5.589230428673617,6.037060894426846,2023-04-02 13:00:00+00:00,10,geometry support only; not prediction confidence
2026-07-01,2026-08-11 00:00:00+00:00,5.813614343163027,6.489986326511944,2023-09-21 19:00:00+00:00,10,geometry support only; not prediction confidence
2026-07-01,2026-08-12 00:00:00+00:00,6.2012662484340995,7.814411211528887,2025-10-10 13:00:00+00:00,10,geometry support only; not prediction confidence
2026-07-01,2026-08-13 00:00:00+00:00,6.629843209664707,7.232190021298639,2024-02-06 01:00:00+00:00,10,geometry support only; not prediction confidence
2026-07-01,2026-08-14 00:00:00+00:00,5.6900673089503275,6.295478745748319,2025-02-12 19:00:00+00:00,10,geometry support only; not prediction confidence
2026-07-01,2026-08-15 00:00:00+00:00,5.198348513960616,5.772900137292076,2023-08-05 07:00:00+00:00,9,geometry support only; not prediction confidence
2026-07-01,2026-08-16 00:00:00+00:00,5.315441843824253,5.8877711407585585,2024-01-21 13:00:00+00:00,8,geometry support only; not prediction confidence
2026-07-01,2026-08-17 00:00:00+00:00,4.393545258657876,5.476576871734693,2023-09-24 01:00:00+00:00,6,geometry support only; not prediction confidence
2026-07-01,2026-08-18 00:00:00+00:00,5.375603888059554,6.400314317639822,2023-05-06 01:00:00+00:00,10,geometry support only; not prediction confidence
2026-07-01,2026-08-19 00:00:00+00:00,5.896212696773661,6.4479043911905665,2023-03-30 07:00:00+00:00,7,geometry support only; not prediction confidence
2026-07-01,2026-08-20 00:00:00+00:00,11.457098355468412,16.045940848383673,2023-10-24 07:00:00+00:00,8,geometry support only; not prediction confidence
2026-07-01,2026-08-21 00:00:00+00:00,13.728196402919814,16.42734487384631,2023-10-25 01:00:00+00:00,9,geometry support only; not prediction confidence
2026-07-01,2026-08-22 00:00:00+00:00,10.146849448748938,12.938889702459562,2024-02-10 07:00:00+00:00,6,geometry support only; not prediction confidence
2026-07-01,2026-08-23 00:00:00+00:00,7.0478311892937775,9.730624867334047,2023-06-23 07:00:00+00:00,6,geometry support only; not prediction confidence
2026-07-01,2026-08-24 00:00:00+00:00,5.394829099347948,6.763699944592587,2025-07-13 13:00:00+00:00,6,geometry support only; not prediction confidence
2026-07-01,2026-08-25 00:00:00+00:00,5.4366160635667065,6.329231513643493,2025-07-14 19:00:00+00:00,6,geometry support only; not prediction confidence
2026-07-01,2026-08-26 00:00:00+00:00,4.42512216529605,5.7899727137110055,2023-10-27 07:00:00+00:00,6,geometry support only; not prediction confidence
2026-07-01,2026-08-27 00:00:00+00:00,4.266237696698297,6.085584225868775,2025-07-13 13:00:00+00:00,7,geometry support only; not prediction confidence
2026-07-01,2026-08-28 00:00:00+00:00,5.044501759983553,5.707504837515033,2024-02-20 01:00:00+00:00,9,geometry support only; not prediction confidence
2026-07-01,2026-08-29 00:00:00+00:00,5.717919437011089,6.263098405557086,2024-10-22 07:00:00+00:00,10,geometry support only; not prediction confidence
2026-07-01,2026-08-30 00:00:00+00:00,6.2150017707365075,6.951633711774599,2023-04-08 13:00:00+00:00,10,geometry support only; not prediction confidence
2026-07-01,2026-08-31 00:00:00+00:00,6.896303481095948,7.6425660393422525,2024-06-17 07:00:00+00:00,10,geometry support only; not prediction confidence
2026-07-01,2026-09-01 00:00:00+00:00,6.3201819659951495,6.919396062426589,2023-02-04 01:00:00+00:00,9,geometry support only; not prediction confidence
2026-07-01,2026-09-02 00:00:00+00:00,4.8095086720132745,5.929453703821689,2024-02-23 19:00:00+00:00,9,geometry support only; not prediction confidence
2026-07-01,2026-09-03 00:00:00+00:00,5.742801300299503,6.485255463611076,2023-04-07 01:00:00+00:00,10,geometry support only; not prediction confidence
2026-07-01,2026-09-04 00:00:00+00:00,6.330007592928497,7.975169199958939,2023-02-02 07:00:00+00:00,10,geometry support only; not prediction confidence
2026-07-01,2026-09-05 00:00:00+00:00,5.1762121472334615,9.330065574972718,2023-02-03 07:00:00+00:00,10,geometry support only; not prediction confidence
2026-07-01,2026-09-06 00:00:00+00:00,7.8876850791145685,8.456282513111198,2023-03-29 01:00:00+00:00,9,geometry support only; not prediction confidence
2026-07-01,2026-09-07 00:00:00+00:00,6.976754856345205,7.738813451851667,2023-10-30 13:00:00+00:00,8,geometry support only; not prediction confidence
2026-07-01,2026-09-08 00:00:00+00:00,4.147551966299686,6.510723460712473,2023-04-08 01:00:00+00:00,9,geometry support only; not prediction confidence
2026-07-01,2026-09-09 00:00:00+00:00,5.120695058213242,5.377486351288383,2023-02-07 01:00:00+00:00,7,geometry support only; not prediction confidence
2026-07-01,2026-09-10 00:00:00+00:00,4.364085272364679,5.714946038462589,2024-02-23 07:00:00+00:00,7,geometry support only; not prediction confidence
2026-07-01,2026-09-11 00:00:00+00:00,5.555343290940573,7.331501148780945,2023-02-09 19:00:00+00:00,8,geometry support only; not prediction confidence
2026-07-01,2026-09-12 00:00:00+00:00,9.743492671553257,10.52411828817749,2025-05-07 19:00:00+00:00,9,geometry support only; not prediction confidence
2026-07-01,2026-09-13 00:00:00+00:00,7.979588345408488,9.351673848647271,2023-07-12 01:00:00+00:00,9,geometry support only; not prediction confidence
2026-07-01,2026-09-14 00:00:00+00:00,5.041167236667906,6.805184700140312,2023-12-18 01:00:00+00:00,9,geometry support only; not prediction confidence
2026-07-01,2026-09-15 00:00:00+00:00,5.629760436718294,6.453885610894139,2023-04-01 07:00:00+00:00,9,geometry support only; not prediction confidence
2026-07-01,2026-09-16 00:00:00+00:00,6.112174622791478,6.946955473254458,2025-08-01 19:00:00+00:00,8,geometry support only; not prediction confidence
2026-07-01,2026-09-17 00:00:00+00:00,5.7158335474007265,7.018983119459439,2023-03-28 19:00:00+00:00,10,geometry support only; not prediction confidence
2026-07-01,2026-09-18 00:00:00+00:00,5.797419762843252,6.188095834579566,2023-04-01 13:00:00+00:00,8,geometry support only; not prediction confidence
2026-07-01,2026-09-19 00:00:00+00:00,7.632337640686985,8.764483516038089,2023-04-26 19:00:00+00:00,10,geometry support only; not prediction confidence
2026-07-01,2026-09-20 00:00:00+00:00,9.354905549266995,10.41910649695685,2023-04-12 01:00:00+00:00,10,geometry support only; not prediction confidence
2026-07-01,2026-09-21 00:00:00+00:00,6.587953005191479,7.6605232444753035,2025-01-19 07:00:00+00:00,8,geometry support only; not prediction confidence
2026-07-01,2026-09-22 00:00:00+00:00,6.246807537886957,7.31628648350067,2023-10-20 19:00:00+00:00,9,geometry support only; not prediction confidence
2026-07-01,2026-09-23 00:00:00+00:00,9.233047299095903,10.797085588916243,2024-02-16 01:00:00+00:00,7,geometry support only; not prediction confidence
2026-07-01,2026-09-24 00:00:00+00:00,8.880645941886248,9.685284801768901,2024-12-18 13:00:00+00:00,9,geometry support only; not prediction confidence
