anchor_row,symbol,available_at,community,knn16_distance
47493,ADAUSDT,2024-05-09 17:30:00+00:00,0,1.2018021
12294,ADAUSDT,2023-05-09 01:45:00+00:00,0,1.2420316
13694,ADAUSDT,2023-05-23 15:45:00+00:00,1,1.2935389
46313,ADAUSDT,2024-04-27 10:30:00+00:00,2,1.2723043
13721,ADAUSDT,2023-05-23 22:30:00+00:00,3,1.2426122
33695,ADAUSDT,2023-12-18 00:00:00+00:00,4,1.3324015
56318,ADAUSDT,2024-08-09 15:45:00+00:00,5,1.2664473
67056,ADAUSDT,2024-11-29 12:15:00+00:00,1,1.3189392
39276,ADAUSDT,2024-02-14 03:15:00+00:00,1,1.1330491
31253,ADAUSDT,2023-11-22 13:30:00+00:00,2,1.1585006
23411,ADAUSDT,2023-09-01 21:00:00+00:00,3,1.3823911
20607,ADAUSDT,2023-08-03 16:00:00+00:00,6,1.2323875
13134,ADAUSDT,2023-05-17 19:45:00+00:00,0,1.083235
30703,ADAUSDT,2023-11-16 20:00:00+00:00,7,1.1681445
58193,ADAUSDT,2024-08-29 04:30:00+00:00,3,1.2829621
28248,ADAUSDT,2023-10-22 06:15:00+00:00,0,1.2030655
52445,ADAUSDT,2024-06-30 07:30:00+00:00,0,1.264917
21762,ADAUSDT,2023-08-15 16:45:00+00:00,7,1.1798857
4013,ADAUSDT,2023-02-11 19:30:00+00:00,6,1.1006327
1157,ADAUSDT,2023-01-13 01:30:00+00:00,4,1.1335431
54977,ADAUSDT,2024-07-26 16:30:00+00:00,6,1.2578139
62275,ADAUSDT,2024-10-10 17:00:00+00:00,3,1.4630841
64921,ADAUSDT,2024-11-07 06:30:00+00:00,8,1.2521988
40509,ADAUSDT,2024-02-26 23:30:00+00:00,8,1.196631
46113,ADAUSDT,2024-04-25 08:30:00+00:00,2,1.2592388
41165,ADAUSDT,2024-03-04 19:30:00+00:00,5,1.2047806
47398,ADAUSDT,2024-05-08 17:45:00+00:00,0,1.3139218
32491,ADAUSDT,2023-12-05 11:00:00+00:00,2,1.2008475
53945,ADAUSDT,2024-07-15 22:30:00+00:00,0,1.1729531
1651,ADAUSDT,2023-01-18 05:00:00+00:00,3,1.1868905
36802,ADAUSDT,2024-01-19 08:45:00+00:00,1,1.2598382
13152,ADAUSDT,2023-05-18 00:15:00+00:00,8,1.3295957
52683,ADAUSDT,2024-07-02 19:00:00+00:00,0,1.1663204
19991,ADAUSDT,2023-07-28 06:00:00+00:00,4,1.2017101
22700,ADAUSDT,2023-08-25 11:15:00+00:00,1,1.158863
39729,ADAUSDT,2024-02-18 20:30:00+00:00,7,1.1775815
32305,ADAUSDT,2023-12-03 12:30:00+00:00,8,1.3053609
31062,ADAUSDT,2023-11-20 13:45:00+00:00,4,1.2216724
54861,ADAUSDT,2024-07-25 11:30:00+00:00,2,1.1807996
2642,ADAUSDT,2023-01-28 12:45:00+00:00,7,1.2419782
62262,ADAUSDT,2024-10-10 13:45:00+00:00,7,1.3056021
50885,ADAUSDT,2024-06-14 01:30:00+00:00,7,1.302311
60934,ADAUSDT,2024-09-26 17:45:00+00:00,5,1.2617483
9021,ADAUSDT,2023-04-04 23:30:00+00:00,2,1.3162394
15226,ADAUSDT,2023-06-08 14:45:00+00:00,0,1.2033507
3821,ADAUSDT,2023-02-09 19:30:00+00:00,4,1.0981852
65982,ADAUSDT,2024-11-18 07:45:00+00:00,9,1.1870546
49234,ADAUSDT,2024-05-27 20:45:00+00:00,4,1.2064121
56126,ADAUSDT,2024-08-07 15:45:00+00:00,4,1.191698
8415,ADAUSDT,2023-03-29 16:00:00+00:00,5,1.2842402
40271,ADAUSDT,2024-02-24 12:00:00+00:00,2,1.2052766
44991,ADAUSDT,2024-04-13 16:00:00+00:00,8,1.3191487
42159,ADAUSDT,2024-03-15 04:00:00+00:00,4,1.2420443
28632,ADAUSDT,2023-10-26 06:15:00+00:00,0,1.3919836
48375,ADAUSDT,2024-05-18 22:00:00+00:00,9,1.2506142
22551,ADAUSDT,2023-08-23 22:00:00+00:00,4,1.2611585
4082,ADAUSDT,2023-02-12 12:45:00+00:00,5,1.2386061
35892,ADAUSDT,2024-01-09 21:15:00+00:00,3,1.2271869
42296,ADAUSDT,2024-03-16 14:15:00+00:00,4,1.2543418
34211,ADAUSDT,2023-12-23 09:00:00+00:00,1,1.259082
10936,ADAUSDT,2023-04-24 22:15:00+00:00,3,1.289675
5759,ADAUSDT,2023-03-02 00:00:00+00:00,3,1.3620697
43842,ADAUSDT,2024-04-01 16:45:00+00:00,4,1.124667
64419,ADAUSDT,2024-11-02 01:00:00+00:00,0,1.2465367
54048,ADAUSDT,2024-07-17 00:15:00+00:00,1,1.2928749
53058,ADAUSDT,2024-07-06 16:45:00+00:00,0,1.1163442
24116,ADAUSDT,2023-09-09 05:15:00+00:00,1,1.2564455
43135,ADAUSDT,2024-03-25 08:00:00+00:00,4,1.2327256
4047,ADAUSDT,2023-02-12 04:00:00+00:00,8,1.2513841
25807,ADAUSDT,2023-09-26 20:00:00+00:00,3,1.4122999
41452,ADAUSDT,2024-03-07 19:15:00+00:00,3,1.2669709
33575,ADAUSDT,2023-12-16 18:00:00+00:00,0,1.2571228
59085,ADAUSDT,2024-09-07 11:30:00+00:00,1,1.249752
16755,ADAUSDT,2023-06-24 13:00:00+00:00,7,1.2971543
8795,ADAUSDT,2023-04-02 15:00:00+00:00,7,1.1608591
67238,ADAUSDT,2024-12-01 09:45:00+00:00,0,1.2618647
28196,ADAUSDT,2023-10-21 17:15:00+00:00,0,1.4159561
66081,ADAUSDT,2024-11-19 08:30:00+00:00,2,1.290547
1923,ADAUSDT,2023-01-21 01:00:00+00:00,9,1.3345063
37744,ADAUSDT,2024-01-29 04:15:00+00:00,9,1.2898649
43677,ADAUSDT,2024-03-30 23:30:00+00:00,4,1.1916277
42968,ADAUSDT,2024-03-23 14:15:00+00:00,5,1.220236
2383,ADAUSDT,2023-01-25 20:00:00+00:00,3,1.3231393
54701,ADAUSDT,2024-07-23 19:30:00+00:00,3,1.2014397
13375,ADAUSDT,2023-05-20 08:00:00+00:00,1,1.4785258
60776,ADAUSDT,2024-09-25 02:15:00+00:00,9,1.2675637
301,ADAUSDT,2023-01-04 03:30:00+00:00,0,1.201014
40123,ADAUSDT,2024-02-22 23:00:00+00:00,4,1.2264543
42387,ADAUSDT,2024-03-17 13:00:00+00:00,2,1.3364711
22543,ADAUSDT,2023-08-23 20:00:00+00:00,0,1.2433819
22270,ADAUSDT,2023-08-20 23:45:00+00:00,9,1.2481554
69535,ADAUSDT,2024-12-25 08:00:00+00:00,4,1.2338406
472,ADAUSDT,2023-01-05 22:15:00+00:00,0,1.3155085
49015,ADAUSDT,2024-05-25 14:00:00+00:00,4,1.1117022
20723,ADAUSDT,2023-08-04 21:00:00+00:00,4,1.1959355
65819,ADAUSDT,2024-11-16 15:00:00+00:00,5,1.30101
11694,ADAUSDT,2023-05-02 19:45:00+00:00,0,1.1203862
13935,ADAUSDT,2023-05-26 04:00:00+00:00,1,1.2218056
23373,ADAUSDT,2023-09-01 11:30:00+00:00,1,1.2795244
17856,ADAUSDT,2023-07-06 00:15:00+00:00,7,1.2306789
61453,ADAUSDT,2024-10-02 03:30:00+00:00,3,1.237095
9460,ADAUSDT,2023-04-09 13:15:00+00:00,0,1.256621
5075,ADAUSDT,2023-02-22 21:00:00+00:00,3,1.2245587
7642,ADAUSDT,2023-03-21 14:45:00+00:00,0,1.1967674
62880,ADAUSDT,2024-10-17 00:15:00+00:00,8,1.3121718
48233,ADAUSDT,2024-05-17 10:30:00+00:00,0,1.2565352
11856,ADAUSDT,2023-05-04 12:15:00+00:00,1,1.2799267
13660,ADAUSDT,2023-05-23 07:15:00+00:00,2,1.200329
12357,ADAUSDT,2023-05-09 17:30:00+00:00,5,1.2198921
48080,ADAUSDT,2024-05-15 20:15:00+00:00,9,1.2293143
45832,ADAUSDT,2024-04-22 10:15:00+00:00,5,1.2687056
6840,ADAUSDT,2023-03-13 06:15:00+00:00,2,1.2957907
34450,ADAUSDT,2023-12-25 20:45:00+00:00,8,1.2358671
23790,ADAUSDT,2023-09-05 19:45:00+00:00,9,1.2370479
62556,ADAUSDT,2024-10-13 15:15:00+00:00,7,1.0909572
63530,ADAUSDT,2024-10-23 18:45:00+00:00,4,1.2021631
65997,ADAUSDT,2024-11-18 11:30:00+00:00,4,1.1752149
22349,ADAUSDT,2023-08-21 19:30:00+00:00,3,1.1766176
50773,ADAUSDT,2024-06-12 21:30:00+00:00,9,1.2044669
26297,ADAUSDT,2023-10-01 22:30:00+00:00,0,1.1757531
39881,ADAUSDT,2024-02-20 10:30:00+00:00,5,1.2242612
10029,ADAUSDT,2023-04-15 11:30:00+00:00,9,1.3597927
22967,ADAUSDT,2023-08-28 06:00:00+00:00,4,1.1949732
40430,ADAUSDT,2024-02-26 03:45:00+00:00,4,1.2264603
40931,ADAUSDT,2024-03-02 09:00:00+00:00,5,1.3315902
14147,ADAUSDT,2023-05-28 09:00:00+00:00,5,1.3187503
3018,ADAUSDT,2023-02-01 10:45:00+00:00,2,1.1823347
52706,ADAUSDT,2024-07-03 00:45:00+00:00,0,1.0892323
25500,ADAUSDT,2023-09-23 15:15:00+00:00,8,1.4240342
44400,ADAUSDT,2024-04-07 12:15:00+00:00,5,1.3210845
13096,ADAUSDT,2023-05-17 10:15:00+00:00,7,1.1985779
60413,ADAUSDT,2024-09-21 07:30:00+00:00,1,1.253011
24545,ADAUSDT,2023-09-13 16:30:00+00:00,9,1.1763142
49642,ADAUSDT,2024-06-01 02:45:00+00:00,1,1.2109185
59365,ADAUSDT,2024-09-10 09:30:00+00:00,2,1.1400678
9297,ADAUSDT,2023-04-07 20:30:00+00:00,6,1.2869557
3269,ADAUSDT,2023-02-04 01:30:00+00:00,7,1.2994534
47325,ADAUSDT,2024-05-07 23:30:00+00:00,7,1.2061073
38659,ADAUSDT,2024-02-07 17:00:00+00:00,0,1.2158946
4178,ADAUSDT,2023-02-13 12:45:00+00:00,7,1.2715087
62730,ADAUSDT,2024-10-15 10:45:00+00:00,0,1.3801235
11923,ADAUSDT,2023-05-05 05:00:00+00:00,1,1.1924903
45549,ADAUSDT,2024-04-19 11:30:00+00:00,9,1.2554184
36157,ADAUSDT,2024-01-12 15:30:00+00:00,4,1.300548
6086,ADAUSDT,2023-03-05 09:45:00+00:00,8,1.2129617
63094,ADAUSDT,2024-10-19 05:45:00+00:00,9,1.334347
28054,ADAUSDT,2023-10-20 05:45:00+00:00,0,1.1664656
35263,ADAUSDT,2024-01-03 08:00:00+00:00,2,1.1750077
11161,ADAUSDT,2023-04-27 06:30:00+00:00,1,1.2104958
63663,ADAUSDT,2024-10-25 04:00:00+00:00,1,1.2212427
5187,ADAUSDT,2023-02-24 01:00:00+00:00,6,1.2596108
58694,ADAUSDT,2024-09-03 09:45:00+00:00,4,1.3070875
47936,ADAUSDT,2024-05-14 08:15:00+00:00,1,1.357771
62714,ADAUSDT,2024-10-15 06:45:00+00:00,4,1.3793023
39603,ADAUSDT,2024-02-17 13:00:00+00:00,1,1.2307953
43263,ADAUSDT,2024-03-26 16:00:00+00:00,4,1.1940912
19752,ADAUSDT,2023-07-25 18:15:00+00:00,5,1.2321037
36735,ADAUSDT,2024-01-18 16:00:00+00:00,0,1.2901506
49637,ADAUSDT,2024-06-01 01:30:00+00:00,8,1.2785707
4595,ADAUSDT,2023-02-17 21:00:00+00:00,0,1.1841956
26572,ADAUSDT,2023-10-04 19:15:00+00:00,0,1.1579466
10539,ADAUSDT,2023-04-20 19:00:00+00:00,4,1.1485014
2897,ADAUSDT,2023-01-31 04:30:00+00:00,2,1.1671245
15721,ADAUSDT,2023-06-13 18:30:00+00:00,3,1.1924587
60643,ADAUSDT,2024-09-23 17:00:00+00:00,6,1.2845981
69102,ADAUSDT,2024-12-20 19:45:00+00:00,9,1.1793995
6682,ADAUSDT,2023-03-11 14:45:00+00:00,1,1.1744727
50164,ADAUSDT,2024-06-06 13:15:00+00:00,4,1.3340366
50764,ADAUSDT,2024-06-12 19:15:00+00:00,5,1.3032229
22419,ADAUSDT,2023-08-22 13:00:00+00:00,4,1.2871501
26199,ADAUSDT,2023-09-30 22:00:00+00:00,8,1.2193745
45240,ADAUSDT,2024-04-16 06:15:00+00:00,3,1.3117757
4194,ADAUSDT,2023-02-13 16:45:00+00:00,7,1.2317715
53841,ADAUSDT,2024-07-14 20:30:00+00:00,1,1.3519598
52503,ADAUSDT,2024-06-30 22:00:00+00:00,6,1.3550898
37023,ADAUSDT,2024-01-21 16:00:00+00:00,4,1.2035764
24050,ADAUSDT,2023-09-08 12:45:00+00:00,1,1.277864
66934,ADAUSDT,2024-11-28 05:45:00+00:00,8,1.1474557
2474,ADAUSDT,2023-01-26 18:45:00+00:00,9,1.135525
62883,ADAUSDT,2024-10-17 01:00:00+00:00,4,1.3810155
41950,ADAUSDT,2024-03-12 23:45:00+00:00,1,1.3241296
1295,ADAUSDT,2023-01-14 12:00:00+00:00,8,1.2933344
63946,ADAUSDT,2024-10-28 02:45:00+00:00,4,1.140605
30458,ADAUSDT,2023-11-14 06:45:00+00:00,1,1.3372853
22798,ADAUSDT,2023-08-26 11:45:00+00:00,8,1.2232158
27223,ADAUSDT,2023-10-11 14:00:00+00:00,9,1.3000047
53907,ADAUSDT,2024-07-15 13:00:00+00:00,5,1.2455705
12999,ADAUSDT,2023-05-16 10:00:00+00:00,0,1.3085774
52550,ADAUSDT,2024-07-01 09:45:00+00:00,0,1.0906824
12301,ADAUSDT,2023-05-09 03:30:00+00:00,2,1.2136867
33743,ADAUSDT,2023-12-18 12:00:00+00:00,3,1.2045356
56175,ADAUSDT,2024-08-08 04:00:00+00:00,1,1.3227372
11880,ADAUSDT,2023-05-04 18:15:00+00:00,7,1.3084947
59020,ADAUSDT,2024-09-06 19:15:00+00:00,7,1.1619207
43633,ADAUSDT,2024-03-30 12:30:00+00:00,1,1.20514
26985,ADAUSDT,2023-10-09 02:30:00+00:00,5,1.1917742
65335,ADAUSDT,2024-11-11 14:00:00+00:00,5,1.1846228
594,ADAUSDT,2023-01-07 04:45:00+00:00,8,1.2656561
54078,ADAUSDT,2024-07-17 07:45:00+00:00,0,1.247602
66369,ADAUSDT,2024-11-22 08:30:00+00:00,4,1.1874418
845,ADAUSDT,2023-01-09 19:30:00+00:00,4,1.2823434
33386,ADAUSDT,2023-12-14 18:45:00+00:00,3,1.1862653
39370,ADAUSDT,2024-02-15 02:45:00+00:00,9,1.2256496
56893,ADAUSDT,2024-08-15 15:30:00+00:00,0,1.2224987
31163,ADAUSDT,2023-11-21 15:00:00+00:00,4,1.257227
27362,ADAUSDT,2023-10-13 00:45:00+00:00,0,1.2368873
57099,ADAUSDT,2024-08-17 19:00:00+00:00,8,1.2331921
21209,ADAUSDT,2023-08-09 22:30:00+00:00,9,1.1409817
3279,ADAUSDT,2023-02-04 04:00:00+00:00,8,1.2525517
34007,ADAUSDT,2023-12-21 06:00:00+00:00,2,1.0968312
21174,ADAUSDT,2023-08-09 13:45:00+00:00,0,1.189683
49358,ADAUSDT,2024-05-29 03:45:00+00:00,1,1.2590121
30025,ADAUSDT,2023-11-09 18:30:00+00:00,5,1.1495683
61762,ADAUSDT,2024-10-05 08:45:00+00:00,5,1.2889616
59582,ADAUSDT,2024-09-12 15:45:00+00:00,4,1.3061205
24077,ADAUSDT,2023-09-08 19:30:00+00:00,3,1.1587138
52151,ADAUSDT,2024-06-27 06:00:00+00:00,4,1.1839101
17717,ADAUSDT,2023-07-04 13:30:00+00:00,2,1.1622776
27317,ADAUSDT,2023-10-12 13:30:00+00:00,5,1.2425709
58079,ADAUSDT,2024-08-28 00:00:00+00:00,4,1.242105
37670,ADAUSDT,2024-01-28 09:45:00+00:00,9,1.2403541
9569,ADAUSDT,2023-04-10 16:30:00+00:00,7,1.1353514
6876,ADAUSDT,2023-03-13 15:15:00+00:00,0,1.285587
63668,ADAUSDT,2024-10-25 05:15:00+00:00,7,1.2913677
65758,ADAUSDT,2024-11-15 23:45:00+00:00,0,1.2115005
26478,ADAUSDT,2023-10-03 19:45:00+00:00,4,1.1965989
55975,ADAUSDT,2024-08-06 02:00:00+00:00,1,1.2017592
55341,ADAUSDT,2024-07-30 11:30:00+00:00,2,1.3264266
39130,ADAUSDT,2024-02-12 14:45:00+00:00,0,1.1697598
23887,ADAUSDT,2023-09-06 20:00:00+00:00,3,1.2128459
50566,ADAUSDT,2024-06-10 17:45:00+00:00,3,1.3197833
40575,ADAUSDT,2024-02-27 16:00:00+00:00,4,1.1432288
58900,ADAUSDT,2024-09-05 13:15:00+00:00,0,1.2439631
63700,ADAUSDT,2024-10-25 13:15:00+00:00,0,1.2979232
3133,ADAUSDT,2023-02-02 15:30:00+00:00,4,1.1693583
37666,ADAUSDT,2024-01-28 08:45:00+00:00,9,1.2301763
52726,ADAUSDT,2024-07-03 05:45:00+00:00,8,1.2558992
12810,ADAUSDT,2023-05-14 10:45:00+00:00,8,1.3382787
56509,ADAUSDT,2024-08-11 15:30:00+00:00,7,1.1306142
43011,ADAUSDT,2024-03-24 01:00:00+00:00,0,1.2015569
38590,ADAUSDT,2024-02-06 23:45:00+00:00,8,1.2063332
39889,ADAUSDT,2024-02-20 12:30:00+00:00,3,1.4235435
37062,ADAUSDT,2024-01-22 01:45:00+00:00,7,1.1182728
54866,ADAUSDT,2024-07-25 12:45:00+00:00,4,1.2163672
68231,ADAUSDT,2024-12-11 18:00:00+00:00,8,1.3195938
38782,ADAUSDT,2024-02-08 23:45:00+00:00,8,1.2279431
2728,ADAUSDT,2023-01-29 10:15:00+00:00,0,1.274808
33727,ADAUSDT,2023-12-18 08:00:00+00:00,4,1.1672668
36224,ADAUSDT,2024-01-13 08:15:00+00:00,1,1.266461
44669,ADAUSDT,2024-04-10 07:30:00+00:00,3,1.3260292
3676,ADAUSDT,2023-02-08 07:15:00+00:00,1,1.1264079
10800,ADAUSDT,2023-04-23 12:15:00+00:00,8,1.2866646
38202,ADAUSDT,2024-02-02 22:45:00+00:00,6,1.1805724
66412,ADAUSDT,2024-11-22 19:15:00+00:00,9,1.2780538
49537,ADAUSDT,2024-05-31 00:30:00+00:00,7,1.3506695
18821,ADAUSDT,2023-07-16 01:30:00+00:00,3,1.1770296
44605,ADAUSDT,2024-04-09 15:30:00+00:00,4,1.1791593
18877,ADAUSDT,2023-07-16 15:30:00+00:00,7,1.2752824
35890,ADAUSDT,2024-01-09 20:45:00+00:00,7,1.3169135
43431,ADAUSDT,2024-03-28 10:00:00+00:00,1,1.2525564
62375,ADAUSDT,2024-10-11 18:00:00+00:00,0,1.13051
8124,ADAUSDT,2023-03-26 15:15:00+00:00,4,1.1943122
63330,ADAUSDT,2024-10-21 16:45:00+00:00,7,1.1704588
27966,ADAUSDT,2023-10-19 07:45:00+00:00,1,1.2360566
2630,ADAUSDT,2023-01-28 09:45:00+00:00,8,1.3084595
38870,ADAUSDT,2024-02-09 21:45:00+00:00,6,1.3058411
50265,ADAUSDT,2024-06-07 14:30:00+00:00,0,1.2319323
13308,ADAUSDT,2023-05-19 15:15:00+00:00,0,1.3804505
63414,ADAUSDT,2024-10-22 13:45:00+00:00,7,1.1752405
69294,ADAUSDT,2024-12-22 19:45:00+00:00,7,1.196146
53347,ADAUSDT,2024-07-09 17:00:00+00:00,3,1.1999081
59195,ADAUSDT,2024-09-08 15:00:00+00:00,4,1.2611008
25397,ADAUSDT,2023-09-22 13:30:00+00:00,7,1.3489709
10769,ADAUSDT,2023-04-23 04:30:00+00:00,2,1.1534647
46389,ADAUSDT,2024-04-28 05:30:00+00:00,1,1.3313682
36734,ADAUSDT,2024-01-18 15:45:00+00:00,0,1.1969135
65728,ADAUSDT,2024-11-15 16:15:00+00:00,0,1.1569139
11119,ADAUSDT,2023-04-26 20:00:00+00:00,4,1.0842549
32847,ADAUSDT,2023-12-09 04:00:00+00:00,0,1.2064197
68291,ADAUSDT,2024-12-12 09:00:00+00:00,9,1.18602
67667,ADAUSDT,2024-12-05 21:00:00+00:00,4,1.2552782
9278,ADAUSDT,2023-04-07 15:45:00+00:00,1,1.2815636
64677,ADAUSDT,2024-11-04 17:30:00+00:00,4,1.259314
58316,ADAUSDT,2024-08-30 11:15:00+00:00,4,1.2454888
12590,ADAUSDT,2023-05-12 03:45:00+00:00,4,1.3726639
68457,ADAUSDT,2024-12-14 02:30:00+00:00,1,1.243907
49030,ADAUSDT,2024-05-25 17:45:00+00:00,3,1.2524118
48162,ADAUSDT,2024-05-16 16:45:00+00:00,0,1.2190777
34035,ADAUSDT,2023-12-21 13:00:00+00:00,9,1.2345448
38612,ADAUSDT,2024-02-07 05:15:00+00:00,4,1.2318975
22880,ADAUSDT,2023-08-27 08:15:00+00:00,0,1.1597623
7451,ADAUSDT,2023-03-19 15:00:00+00:00,0,1.1353191
20276,ADAUSDT,2023-07-31 05:15:00+00:00,8,1.1865548
65488,ADAUSDT,2024-11-13 04:15:00+00:00,7,1.2006651
2969,ADAUSDT,2023-01-31 22:30:00+00:00,4,1.2447621
17514,ADAUSDT,2023-07-02 10:45:00+00:00,2,1.2346464
50955,ADAUSDT,2024-06-14 19:00:00+00:00,7,1.155532
66292,ADAUSDT,2024-11-21 13:15:00+00:00,0,1.3066008
22647,ADAUSDT,2023-08-24 22:00:00+00:00,6,1.3983413
49526,ADAUSDT,2024-05-30 21:45:00+00:00,4,1.2073842
23483,ADAUSDT,2023-09-02 15:00:00+00:00,0,1.1614633
69841,ADAUSDT,2024-12-28 12:30:00+00:00,1,1.166899
40485,ADAUSDT,2024-02-26 17:30:00+00:00,9,1.277996
8104,ADAUSDT,2023-03-26 10:15:00+00:00,9,1.1318046
19328,ADAUSDT,2023-07-21 08:15:00+00:00,4,1.1834928
49286,ADAUSDT,2024-05-28 09:45:00+00:00,3,1.2296046
44678,ADAUSDT,2024-04-10 09:45:00+00:00,2,1.2472596
21554,ADAUSDT,2023-08-13 12:45:00+00:00,5,1.2202508
36071,ADAUSDT,2024-01-11 18:00:00+00:00,8,1.292784
20807,ADAUSDT,2023-08-05 18:00:00+00:00,3,1.1941029
14950,ADAUSDT,2023-06-05 17:45:00+00:00,4,1.3393112
48099,ADAUSDT,2024-05-16 01:00:00+00:00,9,1.1793218
61777,ADAUSDT,2024-10-05 12:30:00+00:00,8,1.2850014
171,ADAUSDT,2023-01-02 19:00:00+00:00,1,1.3130431
69452,ADAUSDT,2024-12-24 11:15:00+00:00,2,1.2546344
67629,ADAUSDT,2024-12-05 11:30:00+00:00,1,1.2440046
7726,ADAUSDT,2023-03-22 11:45:00+00:00,2,1.3146492
44434,ADAUSDT,2024-04-07 20:45:00+00:00,4,1.3688478
26949,ADAUSDT,2023-10-08 17:30:00+00:00,8,1.2744322
62533,ADAUSDT,2024-10-13 09:30:00+00:00,5,1.1600022
6393,ADAUSDT,2023-03-08 14:30:00+00:00,4,1.1104041
46259,ADAUSDT,2024-04-26 21:00:00+00:00,6,1.1976643
49570,ADAUSDT,2024-05-31 08:45:00+00:00,1,1.2104918
27666,ADAUSDT,2023-10-16 04:45:00+00:00,0,1.1790575
1901,ADAUSDT,2023-01-20 19:30:00+00:00,0,1.1787847
44763,ADAUSDT,2024-04-11 07:00:00+00:00,1,1.1543356
13329,ADAUSDT,2023-05-19 20:30:00+00:00,3,1.2420735
50751,ADAUSDT,2024-06-12 16:00:00+00:00,0,1.3645613
64627,ADAUSDT,2024-11-04 05:00:00+00:00,3,1.238565
36950,ADAUSDT,2024-01-20 21:45:00+00:00,3,1.1657552
51982,ADAUSDT,2024-06-25 11:45:00+00:00,1,1.1778595
66096,ADAUSDT,2024-11-19 12:15:00+00:00,0,1.2985055
53528,ADAUSDT,2024-07-11 14:15:00+00:00,0,1.1487634
55041,ADAUSDT,2024-07-27 08:30:00+00:00,0,1.2426921
65170,ADAUSDT,2024-11-09 20:45:00+00:00,1,1.1296738
20134,ADAUSDT,2023-07-29 17:45:00+00:00,0,1.2383987
38034,ADAUSDT,2024-02-01 04:45:00+00:00,2,1.2206135
400,ADAUSDT,2023-01-05 04:15:00+00:00,2,1.2329599
40307,ADAUSDT,2024-02-24 21:00:00+00:00,6,1.23844
24791,ADAUSDT,2023-09-16 06:00:00+00:00,9,1.301549
16209,ADAUSDT,2023-06-18 20:30:00+00:00,4,1.2057866
23939,ADAUSDT,2023-09-07 09:00:00+00:00,4,1.1799018
49229,ADAUSDT,2024-05-27 19:30:00+00:00,5,1.260186
37041,ADAUSDT,2024-01-21 20:30:00+00:00,3,1.223029
61136,ADAUSDT,2024-09-28 20:15:00+00:00,6,1.3380075
12339,ADAUSDT,2023-05-09 13:00:00+00:00,0,1.190736
56663,ADAUSDT,2024-08-13 06:00:00+00:00,2,1.2849604
13092,ADAUSDT,2023-05-17 09:15:00+00:00,4,1.3526065
5567,ADAUSDT,2023-02-28 00:00:00+00:00,3,1.1541317
29328,ADAUSDT,2023-11-02 12:15:00+00:00,0,1.1832337
67078,ADAUSDT,2024-11-29 17:45:00+00:00,4,1.2321622
35798,ADAUSDT,2024-01-08 21:45:00+00:00,1,1.2249359
43120,ADAUSDT,2024-03-25 04:15:00+00:00,5,1.1587659
31624,ADAUSDT,2023-11-26 10:15:00+00:00,2,1.2325177
35034,ADAUSDT,2023-12-31 22:45:00+00:00,4,1.1249591
62898,ADAUSDT,2024-10-17 04:45:00+00:00,2,1.2741323
57339,ADAUSDT,2024-08-20 07:00:00+00:00,2,1.238301
14701,ADAUSDT,2023-06-03 03:30:00+00:00,8,1.1595055
30985,ADAUSDT,2023-11-19 18:30:00+00:00,0,1.2282746
12331,ADAUSDT,2023-05-09 11:00:00+00:00,3,1.166482
13923,ADAUSDT,2023-05-26 01:00:00+00:00,2,1.3283333
48877,ADAUSDT,2024-05-24 03:30:00+00:00,1,1.1119831
8988,ADAUSDT,2023-04-04 15:15:00+00:00,8,1.1987497
37857,ADAUSDT,2024-01-30 08:30:00+00:00,2,1.3110305
42865,ADAUSDT,2024-03-22 12:30:00+00:00,4,1.2264454
4770,ADAUSDT,2023-02-19 16:45:00+00:00,0,1.2245196
57046,ADAUSDT,2024-08-17 05:45:00+00:00,1,1.316469
69404,ADAUSDT,2024-12-23 23:15:00+00:00,9,1.168462
66208,ADAUSDT,2024-11-20 16:15:00+00:00,0,1.2926676
45965,ADAUSDT,2024-04-23 19:30:00+00:00,7,1.3228168
46120,ADAUSDT,2024-04-25 10:15:00+00:00,4,1.1816107
17407,ADAUSDT,2023-07-01 08:00:00+00:00,1,1.225938
48699,ADAUSDT,2024-05-22 07:00:00+00:00,1,1.2602652
35310,ADAUSDT,2024-01-03 19:45:00+00:00,3,1.3294253
55851,ADAUSDT,2024-08-04 19:00:00+00:00,3,1.2264894
62043,ADAUSDT,2024-10-08 07:00:00+00:00,8,1.2284533
65718,ADAUSDT,2024-11-15 13:45:00+00:00,0,1.1849037
14186,ADAUSDT,2023-05-28 18:45:00+00:00,0,1.17411
34580,ADAUSDT,2023-12-27 05:15:00+00:00,2,1.231307
34072,ADAUSDT,2023-12-21 22:15:00+00:00,9,1.2335827
48406,ADAUSDT,2024-05-19 05:45:00+00:00,2,1.2240288
10782,ADAUSDT,2023-04-23 07:45:00+00:00,3,1.2240484
28710,ADAUSDT,2023-10-27 01:45:00+00:00,8,1.2454878
69562,ADAUSDT,2024-12-25 14:45:00+00:00,9,1.2577025
58932,ADAUSDT,2024-09-05 21:15:00+00:00,3,1.2632616
68747,ADAUSDT,2024-12-17 03:00:00+00:00,2,1.2898837
30200,ADAUSDT,2023-11-11 14:15:00+00:00,5,1.128725
20476,ADAUSDT,2023-08-02 07:15:00+00:00,2,1.3687099
56171,ADAUSDT,2024-08-08 03:00:00+00:00,0,1.2615154
42795,ADAUSDT,2024-03-21 19:00:00+00:00,4,1.1921349
6772,ADAUSDT,2023-03-12 13:15:00+00:00,0,1.3177283
3417,ADAUSDT,2023-02-05 14:30:00+00:00,4,1.1901848
68020,ADAUSDT,2024-12-09 13:15:00+00:00,3,1.2327163
49583,ADAUSDT,2024-05-31 12:00:00+00:00,1,1.2162147
62223,ADAUSDT,2024-10-10 04:00:00+00:00,2,1.3007991
47022,ADAUSDT,2024-05-04 19:45:00+00:00,6,1.2680746
10999,ADAUSDT,2023-04-25 14:00:00+00:00,0,1.2078824
31073,ADAUSDT,2023-11-20 16:30:00+00:00,7,1.1844988
28381,ADAUSDT,2023-10-23 15:30:00+00:00,8,1.210013
32757,ADAUSDT,2023-12-08 05:30:00+00:00,0,1.2318871
17851,ADAUSDT,2023-07-05 23:00:00+00:00,2,1.1588821
6689,ADAUSDT,2023-03-11 16:30:00+00:00,4,1.1646082
17473,ADAUSDT,2023-07-02 00:30:00+00:00,0,1.2872777
38165,ADAUSDT,2024-02-02 13:30:00+00:00,9,1.2020708
3715,ADAUSDT,2023-02-08 17:00:00+00:00,4,1.2707891
34353,ADAUSDT,2023-12-24 20:30:00+00:00,6,1.2473325
60019,ADAUSDT,2024-09-17 05:00:00+00:00,1,1.2404851
22264,ADAUSDT,2023-08-20 22:15:00+00:00,6,1.2621127
36419,ADAUSDT,2024-01-15 09:00:00+00:00,2,1.1981844
2687,ADAUSDT,2023-01-29 00:00:00+00:00,1,1.3136498
35832,ADAUSDT,2024-01-09 06:15:00+00:00,1,1.2277833
48240,ADAUSDT,2024-05-17 12:15:00+00:00,9,1.3175151
39376,ADAUSDT,2024-02-15 04:15:00+00:00,1,1.1634017
61887,ADAUSDT,2024-10-06 16:00:00+00:00,0,1.2494284
10368,ADAUSDT,2023-04-19 00:15:00+00:00,6,1.3276157
63848,ADAUSDT,2024-10-27 02:15:00+00:00,8,1.2891374
50634,ADAUSDT,2024-06-11 10:45:00+00:00,3,1.1819464
68338,ADAUSDT,2024-12-12 20:45:00+00:00,5,1.2130067
16521,ADAUSDT,2023-06-22 02:30:00+00:00,0,1.167984
19380,ADAUSDT,2023-07-21 21:15:00+00:00,6,1.1910772
38956,ADAUSDT,2024-02-10 19:15:00+00:00,1,1.2634827
69499,ADAUSDT,2024-12-24 23:00:00+00:00,3,1.2818197
64966,ADAUSDT,2024-11-07 17:45:00+00:00,0,1.1893367
42728,ADAUSDT,2024-03-21 02:15:00+00:00,2,1.2158217
48984,ADAUSDT,2024-05-25 06:15:00+00:00,1,1.2398272
19059,ADAUSDT,2023-07-18 13:00:00+00:00,7,1.2928039
26394,ADAUSDT,2023-10-02 22:45:00+00:00,7,1.1879075
54813,ADAUSDT,2024-07-24 23:30:00+00:00,4,1.2523004
12327,ADAUSDT,2023-05-09 10:00:00+00:00,2,1.1954489
42112,ADAUSDT,2024-03-14 16:15:00+00:00,4,1.1445594
26904,ADAUSDT,2023-10-08 06:15:00+00:00,4,1.2236636
44548,ADAUSDT,2024-04-09 01:15:00+00:00,4,1.2339649
36282,ADAUSDT,2024-01-13 22:45:00+00:00,1,1.2499322
45940,ADAUSDT,2024-04-23 13:15:00+00:00,4,1.2042753
4206,ADAUSDT,2023-02-13 19:45:00+00:00,3,1.3494203
66848,ADAUSDT,2024-11-27 08:15:00+00:00,1,1.2652199
21835,ADAUSDT,2023-08-16 11:00:00+00:00,2,1.3256645
28656,ADAUSDT,2023-10-26 12:15:00+00:00,4,1.2520182
55189,ADAUSDT,2024-07-28 21:30:00+00:00,7,1.3675525
37166,ADAUSDT,2024-01-23 03:45:00+00:00,3,1.2461917
2840,ADAUSDT,2023-01-30 14:15:00+00:00,3,1.2869198
49807,ADAUSDT,2024-06-02 20:00:00+00:00,4,1.2598531
25891,ADAUSDT,2023-09-27 17:00:00+00:00,8,1.3821054
40268,ADAUSDT,2024-02-24 11:15:00+00:00,1,1.2533876
2494,ADAUSDT,2023-01-26 23:45:00+00:00,8,1.1067255
12660,ADAUSDT,2023-05-12 21:15:00+00:00,6,1.2892369
35935,ADAUSDT,2024-01-10 08:00:00+00:00,2,1.2542696
23026,ADAUSDT,2023-08-28 20:45:00+00:00,9,1.2692834
36153,ADAUSDT,2024-01-12 14:30:00+00:00,0,1.2232484
48910,ADAUSDT,2024-05-24 11:45:00+00:00,1,1.284482
32232,ADAUSDT,2023-12-02 18:15:00+00:00,0,1.1966766
45941,ADAUSDT,2024-04-23 13:30:00+00:00,4,1.178088
14630,ADAUSDT,2023-06-02 09:45:00+00:00,9,1.2560742
6862,ADAUSDT,2023-03-13 11:45:00+00:00,8,1.2942303
17333,ADAUSDT,2023-06-30 13:30:00+00:00,0,1.184655
50306,ADAUSDT,2024-06-08 00:45:00+00:00,8,1.3178908
41289,ADAUSDT,2024-03-06 02:30:00+00:00,2,1.3452144
52719,ADAUSDT,2024-07-03 04:00:00+00:00,4,1.3033766
64268,ADAUSDT,2024-10-31 11:15:00+00:00,0,1.2351209
42368,ADAUSDT,2024-03-17 08:15:00+00:00,4,1.3256716
56342,ADAUSDT,2024-08-09 21:45:00+00:00,9,1.257588
13813,ADAUSDT,2023-05-24 21:30:00+00:00,2,1.2729822
13676,ADAUSDT,2023-05-23 11:15:00+00:00,1,1.3344212
5059,ADAUSDT,2023-02-22 17:00:00+00:00,4,1.2896488
2453,ADAUSDT,2023-01-26 13:30:00+00:00,1,1.2205045
59278,ADAUSDT,2024-09-09 11:45:00+00:00,9,1.2461871
52809,ADAUSDT,2024-07-04 02:30:00+00:00,4,1.338065
15309,ADAUSDT,2023-06-09 11:30:00+00:00,3,1.2860464
65647,ADAUSDT,2024-11-14 20:00:00+00:00,3,1.2185645
21180,ADAUSDT,2023-08-09 15:15:00+00:00,4,1.1459924
50590,ADAUSDT,2024-06-10 23:45:00+00:00,3,1.2937285
60827,ADAUSDT,2024-09-25 15:00:00+00:00,0,1.2000096
33502,ADAUSDT,2023-12-15 23:45:00+00:00,4,1.1751192
50716,ADAUSDT,2024-06-12 07:15:00+00:00,1,1.2420962
49195,ADAUSDT,2024-05-27 11:00:00+00:00,3,1.2044486
23668,ADAUSDT,2023-09-04 13:15:00+00:00,5,1.2259173
60861,ADAUSDT,2024-09-25 23:30:00+00:00,4,1.1995505
58857,ADAUSDT,2024-09-05 02:30:00+00:00,9,1.2611642
19943,ADAUSDT,2023-07-27 18:00:00+00:00,3,1.1936188
30004,ADAUSDT,2023-11-09 13:15:00+00:00,0,1.2893952
2670,ADAUSDT,2023-01-28 19:45:00+00:00,6,1.3073449
24540,ADAUSDT,2023-09-13 15:15:00+00:00,0,1.0724379
42538,ADAUSDT,2024-03-19 02:45:00+00:00,4,1.216298
50414,ADAUSDT,2024-06-09 03:45:00+00:00,8,1.1789505
20351,ADAUSDT,2023-08-01 00:00:00+00:00,7,1.1453496
65519,ADAUSDT,2024-11-13 12:00:00+00:00,2,1.2315445
17549,ADAUSDT,2023-07-02 19:30:00+00:00,6,1.2585748
15317,ADAUSDT,2023-06-09 13:30:00+00:00,0,1.4209993
13544,ADAUSDT,2023-05-22 02:15:00+00:00,6,1.255729
18743,ADAUSDT,2023-07-15 06:00:00+00:00,1,1.2470115
56444,ADAUSDT,2024-08-10 23:15:00+00:00,4,1.261541
57152,ADAUSDT,2024-08-18 08:15:00+00:00,3,1.1237994
8197,ADAUSDT,2023-03-27 09:30:00+00:00,3,1.2052342
32265,ADAUSDT,2023-12-03 02:30:00+00:00,0,1.1405451
69433,ADAUSDT,2024-12-24 06:30:00+00:00,3,1.3976161
9516,ADAUSDT,2023-04-10 03:15:00+00:00,4,1.29299
59889,ADAUSDT,2024-09-15 20:30:00+00:00,7,1.1248289
17518,ADAUSDT,2023-07-02 11:45:00+00:00,5,1.2810835
14737,ADAUSDT,2023-06-03 12:30:00+00:00,1,1.2149811
20529,ADAUSDT,2023-08-02 20:30:00+00:00,3,1.1795839
35266,ADAUSDT,2024-01-03 08:45:00+00:00,2,1.1075317
14957,ADAUSDT,2023-06-05 19:30:00+00:00,7,1.3871105
43747,ADAUSDT,2024-03-31 17:00:00+00:00,7,1.2006295
33549,ADAUSDT,2023-12-16 11:30:00+00:00,1,1.1900088
48020,ADAUSDT,2024-05-15 05:15:00+00:00,3,1.1768502
64820,ADAUSDT,2024-11-06 05:15:00+00:00,9,1.3846501
15375,ADAUSDT,2023-06-10 04:00:00+00:00,7,1.1989591
68582,ADAUSDT,2024-12-15 09:45:00+00:00,5,1.2608564
39200,ADAUSDT,2024-02-13 08:15:00+00:00,3,1.2570271
43236,ADAUSDT,2024-03-26 09:15:00+00:00,9,1.3166332
44904,ADAUSDT,2024-04-12 18:15:00+00:00,7,1.0889719
30040,ADAUSDT,2023-11-09 22:15:00+00:00,5,1.1839869
44186,ADAUSDT,2024-04-05 06:45:00+00:00,3,1.1877139
38380,ADAUSDT,2024-02-04 19:15:00+00:00,4,1.136307
19017,ADAUSDT,2023-07-18 02:30:00+00:00,2,1.1457874
32245,ADAUSDT,2023-12-02 21:30:00+00:00,0,1.2485157
1207,ADAUSDT,2023-01-13 14:00:00+00:00,8,1.1855439
17731,ADAUSDT,2023-07-04 17:00:00+00:00,4,1.1738955
45360,ADAUSDT,2024-04-17 12:15:00+00:00,4,1.3035339
48329,ADAUSDT,2024-05-18 10:30:00+00:00,0,1.3843491
32644,ADAUSDT,2023-12-07 01:15:00+00:00,9,1.2348534
10953,ADAUSDT,2023-04-25 02:30:00+00:00,4,1.1850007
55047,ADAUSDT,2024-07-27 10:00:00+00:00,1,1.1807104
52924,ADAUSDT,2024-07-05 07:15:00+00:00,3,1.2649596
59016,ADAUSDT,2024-09-06 18:15:00+00:00,7,1.2437991
57627,ADAUSDT,2024-08-23 07:00:00+00:00,0,1.1635629
29364,ADAUSDT,2023-11-02 21:15:00+00:00,0,1.2390392
29950,ADAUSDT,2023-11-08 23:45:00+00:00,9,1.2444386
59407,ADAUSDT,2024-09-10 20:00:00+00:00,3,1.1792917
50678,ADAUSDT,2024-06-11 21:45:00+00:00,3,1.1767727
6276,ADAUSDT,2023-03-07 09:15:00+00:00,2,1.2630821
59246,ADAUSDT,2024-09-09 03:45:00+00:00,0,1.1366831
54663,ADAUSDT,2024-07-23 10:00:00+00:00,3,1.180816
60033,ADAUSDT,2024-09-17 08:30:00+00:00,2,1.2422296
39501,ADAUSDT,2024-02-16 11:30:00+00:00,1,1.2280684
14403,ADAUSDT,2023-05-31 01:00:00+00:00,0,1.3455293
18290,ADAUSDT,2023-07-10 12:45:00+00:00,0,1.1567612
47255,ADAUSDT,2024-05-07 06:00:00+00:00,2,1.2070197
36915,ADAUSDT,2024-01-20 13:00:00+00:00,9,1.1726549
48239,ADAUSDT,2024-05-17 12:00:00+00:00,9,1.311885
62074,ADAUSDT,2024-10-08 14:45:00+00:00,4,1.141842
57569,ADAUSDT,2024-08-22 16:30:00+00:00,5,1.2562867
6139,ADAUSDT,2023-03-05 23:00:00+00:00,3,1.221894
45683,ADAUSDT,2024-04-20 21:00:00+00:00,1,1.214394
43116,ADAUSDT,2024-03-25 03:15:00+00:00,9,1.2391236
13529,ADAUSDT,2023-05-21 22:30:00+00:00,3,1.2376043
42884,ADAUSDT,2024-03-22 17:15:00+00:00,7,1.2314055
64452,ADAUSDT,2024-11-02 09:15:00+00:00,3,1.2521862
15931,ADAUSDT,2023-06-15 23:00:00+00:00,6,1.2767838
36297,ADAUSDT,2024-01-14 02:30:00+00:00,4,1.1787674
22022,ADAUSDT,2023-08-18 09:45:00+00:00,1,1.2478101
46153,ADAUSDT,2024-04-25 18:30:00+00:00,9,1.2053834
34053,ADAUSDT,2023-12-21 17:30:00+00:00,0,1.1600337
36456,ADAUSDT,2024-01-15 18:15:00+00:00,3,1.1762364
58287,ADAUSDT,2024-08-30 04:00:00+00:00,8,1.1155732
44858,ADAUSDT,2024-04-12 06:45:00+00:00,2,1.2750013
2584,ADAUSDT,2023-01-27 22:15:00+00:00,9,1.3228494
69585,ADAUSDT,2024-12-25 20:30:00+00:00,3,1.1899271
38574,ADAUSDT,2024-02-06 19:45:00+00:00,0,1.1272632
14106,ADAUSDT,2023-05-27 22:45:00+00:00,0,1.1982285
54296,ADAUSDT,2024-07-19 14:15:00+00:00,0,1.281829
29019,ADAUSDT,2023-10-30 07:00:00+00:00,3,1.1809332
55054,ADAUSDT,2024-07-27 11:45:00+00:00,5,1.2004485
4253,ADAUSDT,2023-02-14 07:30:00+00:00,1,1.1949502
69214,ADAUSDT,2024-12-21 23:45:00+00:00,3,1.3166646
23088,ADAUSDT,2023-08-29 12:15:00+00:00,7,1.2296373
10039,ADAUSDT,2023-04-15 14:00:00+00:00,0,1.2276429
32431,ADAUSDT,2023-12-04 20:00:00+00:00,1,1.1809617
20046,ADAUSDT,2023-07-28 19:45:00+00:00,6,1.2652665
36970,ADAUSDT,2024-01-21 02:45:00+00:00,9,1.2335744
38951,ADAUSDT,2024-02-10 18:00:00+00:00,6,1.2366539
51104,ADAUSDT,2024-06-16 08:15:00+00:00,3,1.2657251
51556,ADAUSDT,2024-06-21 01:15:00+00:00,4,1.3546765
21634,ADAUSDT,2023-08-14 08:45:00+00:00,9,1.2335175
63379,ADAUSDT,2024-10-22 05:00:00+00:00,3,1.23326
53142,ADAUSDT,2024-07-07 13:45:00+00:00,4,1.1462836
9128,ADAUSDT,2023-04-06 02:15:00+00:00,4,1.2306061
20234,ADAUSDT,2023-07-30 18:45:00+00:00,6,1.3209878
32315,ADAUSDT,2023-12-03 15:00:00+00:00,4,1.1890644
46686,ADAUSDT,2024-05-01 07:45:00+00:00,4,1.3430876
15498,ADAUSDT,2023-06-11 10:45:00+00:00,0,1.2553446
69659,ADAUSDT,2024-12-26 15:00:00+00:00,7,1.2098632
22638,ADAUSDT,2023-08-24 19:45:00+00:00,3,1.2875803
9809,ADAUSDT,2023-04-13 04:30:00+00:00,1,1.1995857
8814,ADAUSDT,2023-04-02 19:45:00+00:00,7,1.0790964
69909,ADAUSDT,2024-12-29 05:30:00+00:00,2,1.3174622
25843,ADAUSDT,2023-09-27 05:00:00+00:00,2,1.2901458
32401,ADAUSDT,2023-12-04 12:30:00+00:00,5,1.1622195
54896,ADAUSDT,2024-07-25 20:15:00+00:00,4,1.1284351
2905,ADAUSDT,2023-01-31 06:30:00+00:00,2,1.252347
47742,ADAUSDT,2024-05-12 07:45:00+00:00,4,1.1496646
46025,ADAUSDT,2024-04-24 10:30:00+00:00,4,1.2082385
33117,ADAUSDT,2023-12-11 23:30:00+00:00,3,1.3002378
52199,ADAUSDT,2024-06-27 18:00:00+00:00,9,1.3798418
5197,ADAUSDT,2023-02-24 03:30:00+00:00,8,1.2021979
47101,ADAUSDT,2024-05-05 15:30:00+00:00,0,1.2646279
57266,ADAUSDT,2024-08-19 12:45:00+00:00,3,1.158925
45528,ADAUSDT,2024-04-19 06:15:00+00:00,3,1.3144448
67746,ADAUSDT,2024-12-06 16:45:00+00:00,0,1.288844
28159,ADAUSDT,2023-10-21 08:00:00+00:00,1,1.2014683
65092,ADAUSDT,2024-11-09 01:15:00+00:00,1,1.2894007
61836,ADAUSDT,2024-10-06 03:15:00+00:00,1,1.2009836
33372,ADAUSDT,2023-12-14 15:15:00+00:00,8,1.2974305
11521,ADAUSDT,2023-05-01 00:30:00+00:00,7,1.3259794
58118,ADAUSDT,2024-08-28 09:45:00+00:00,1,1.3203152
57816,ADAUSDT,2024-08-25 06:15:00+00:00,2,1.2651151
24945,ADAUSDT,2023-09-17 20:30:00+00:00,3,1.3792838
68763,ADAUSDT,2024-12-17 07:00:00+00:00,4,1.2136115
57803,ADAUSDT,2024-08-25 03:00:00+00:00,5,1.3167524
44094,ADAUSDT,2024-04-04 07:45:00+00:00,0,1.194469
4573,ADAUSDT,2023-02-17 15:30:00+00:00,0,1.2529743
5258,ADAUSDT,2023-02-24 18:45:00+00:00,7,1.244307
32829,ADAUSDT,2023-12-08 23:30:00+00:00,1,1.231501
42302,ADAUSDT,2024-03-16 15:45:00+00:00,7,1.1876721
12993,ADAUSDT,2023-05-16 08:30:00+00:00,0,1.2203348
21923,ADAUSDT,2023-08-17 09:00:00+00:00,2,1.2255332
7320,ADAUSDT,2023-03-18 06:15:00+00:00,9,1.3560908
53350,ADAUSDT,2024-07-09 17:45:00+00:00,3,1.2807704
8297,ADAUSDT,2023-03-28 10:30:00+00:00,8,1.2812876
5844,ADAUSDT,2023-03-02 21:15:00+00:00,3,1.3041371
37545,ADAUSDT,2024-01-27 02:30:00+00:00,1,1.194349
69936,ADAUSDT,2024-12-29 12:15:00+00:00,0,1.2422445
64223,ADAUSDT,2024-10-31 00:00:00+00:00,2,1.3256284
57446,ADAUSDT,2024-08-21 09:45:00+00:00,4,1.2178524
66742,ADAUSDT,2024-11-26 05:45:00+00:00,2,1.2412981
26473,ADAUSDT,2023-10-03 18:30:00+00:00,3,1.2304156
30455,ADAUSDT,2023-11-14 06:00:00+00:00,3,1.338113
58971,ADAUSDT,2024-09-06 07:00:00+00:00,8,1.2393417
27438,ADAUSDT,2023-10-13 19:45:00+00:00,8,1.251716
65246,ADAUSDT,2024-11-10 15:45:00+00:00,6,1.293827
48388,ADAUSDT,2024-05-19 01:15:00+00:00,8,1.2084532
48998,ADAUSDT,2024-05-25 09:45:00+00:00,5,1.3357247
50916,ADAUSDT,2024-06-14 09:15:00+00:00,1,1.1268775
66499,ADAUSDT,2024-11-23 17:00:00+00:00,4,1.3031602
33742,ADAUSDT,2023-12-18 11:45:00+00:00,4,1.2689111
56958,ADAUSDT,2024-08-16 07:45:00+00:00,0,1.1485828
27299,ADAUSDT,2023-10-12 09:00:00+00:00,3,1.27421
46073,ADAUSDT,2024-04-24 22:30:00+00:00,8,1.18607
1314,ADAUSDT,2023-01-14 16:45:00+00:00,6,1.2185099
43684,ADAUSDT,2024-03-31 01:15:00+00:00,3,1.2660916
54178,ADAUSDT,2024-07-18 08:45:00+00:00,2,1.2746471
52431,ADAUSDT,2024-06-30 04:00:00+00:00,2,1.3472109
1933,ADAUSDT,2023-01-21 03:30:00+00:00,9,1.2771103
15915,ADAUSDT,2023-06-15 19:00:00+00:00,5,1.2989861
15449,ADAUSDT,2023-06-10 22:30:00+00:00,1,1.3315951
41659,ADAUSDT,2024-03-09 23:00:00+00:00,9,1.2422051
63176,ADAUSDT,2024-10-20 02:15:00+00:00,6,1.1274712
34002,ADAUSDT,2023-12-21 04:45:00+00:00,1,1.1366267
68881,ADAUSDT,2024-12-18 12:30:00+00:00,0,1.4380305
7380,ADAUSDT,2023-03-18 21:15:00+00:00,3,1.2326081
40062,ADAUSDT,2024-02-22 07:45:00+00:00,0,1.2071456
17725,ADAUSDT,2023-07-04 15:30:00+00:00,4,1.1354983
56794,ADAUSDT,2024-08-14 14:45:00+00:00,4,1.0999979
26349,ADAUSDT,2023-10-02 11:30:00+00:00,0,1.1733059
56392,ADAUSDT,2024-08-10 10:15:00+00:00,1,1.27794
48752,ADAUSDT,2024-05-22 20:15:00+00:00,6,1.2598661
57088,ADAUSDT,2024-08-17 16:15:00+00:00,0,1.192299
63223,ADAUSDT,2024-10-20 14:00:00+00:00,0,1.1350089
52187,ADAUSDT,2024-06-27 15:00:00+00:00,0,1.3311536
23024,ADAUSDT,2023-08-28 20:15:00+00:00,4,1.1222951
52071,ADAUSDT,2024-06-26 10:00:00+00:00,0,1.2966518
9422,ADAUSDT,2023-04-09 03:45:00+00:00,0,1.2622696
64638,ADAUSDT,2024-11-04 07:45:00+00:00,5,1.333058
68058,ADAUSDT,2024-12-09 22:45:00+00:00,4,1.1806055
18473,ADAUSDT,2023-07-12 10:30:00+00:00,4,1.1780405
51307,ADAUSDT,2024-06-18 11:00:00+00:00,2,1.2184075
63470,ADAUSDT,2024-10-23 03:45:00+00:00,4,1.2487154
23269,ADAUSDT,2023-08-31 09:30:00+00:00,1,1.2392309
24064,ADAUSDT,2023-09-08 16:15:00+00:00,7,1.2665656
32905,ADAUSDT,2023-12-09 18:30:00+00:00,4,1.324421
36718,ADAUSDT,2024-01-18 11:45:00+00:00,4,1.1464645
53844,ADAUSDT,2024-07-14 21:15:00+00:00,1,1.2707355
57970,ADAUSDT,2024-08-26 20:45:00+00:00,8,1.2682548
26977,ADAUSDT,2023-10-09 00:30:00+00:00,4,1.1970361
48818,ADAUSDT,2024-05-23 12:45:00+00:00,3,1.427253
646,ADAUSDT,2023-01-07 17:45:00+00:00,1,1.3666798
67545,ADAUSDT,2024-12-04 14:30:00+00:00,4,1.1749622
68318,ADAUSDT,2024-12-12 15:45:00+00:00,7,1.2482105
23237,ADAUSDT,2023-08-31 01:30:00+00:00,8,1.190909
51580,ADAUSDT,2024-06-21 07:15:00+00:00,1,1.1914146
30713,ADAUSDT,2023-11-16 22:30:00+00:00,3,1.3419751
42910,ADAUSDT,2024-03-22 23:45:00+00:00,1,1.2251128
65666,ADAUSDT,2024-11-15 00:45:00+00:00,0,1.2656921
56260,ADAUSDT,2024-08-09 01:15:00+00:00,0,1.2938751
9997,ADAUSDT,2023-04-15 03:30:00+00:00,1,1.2639257
40313,ADAUSDT,2024-02-24 22:30:00+00:00,0,1.2915168
43055,ADAUSDT,2024-03-24 12:00:00+00:00,2,1.2902687
26265,ADAUSDT,2023-10-01 14:30:00+00:00,9,1.2223758
17069,ADAUSDT,2023-06-27 19:30:00+00:00,3,1.1878847
39537,ADAUSDT,2024-02-16 20:30:00+00:00,5,1.189462
43673,ADAUSDT,2024-03-30 22:30:00+00:00,8,1.1559798
29954,ADAUSDT,2023-11-09 00:45:00+00:00,0,1.1874222
63229,ADAUSDT,2024-10-20 15:30:00+00:00,9,1.2564147
13476,ADAUSDT,2023-05-21 09:15:00+00:00,2,1.2941294
22774,ADAUSDT,2023-08-26 05:45:00+00:00,8,1.1763153
13977,ADAUSDT,2023-05-26 14:30:00+00:00,0,1.1107874
61111,ADAUSDT,2024-09-28 14:00:00+00:00,5,1.319425
50926,ADAUSDT,2024-06-14 11:45:00+00:00,2,1.2185293
48120,ADAUSDT,2024-05-16 06:15:00+00:00,1,1.2643359
48970,ADAUSDT,2024-05-25 02:45:00+00:00,1,1.2436404
25834,ADAUSDT,2023-09-27 02:45:00+00:00,2,1.2960156
69411,ADAUSDT,2024-12-24 01:00:00+00:00,8,1.2374755
58117,ADAUSDT,2024-08-28 09:30:00+00:00,2,1.3660413
24457,ADAUSDT,2023-09-12 18:30:00+00:00,7,1.1124847
12733,ADAUSDT,2023-05-13 15:30:00+00:00,1,1.2027547
24824,ADAUSDT,2023-09-16 14:15:00+00:00,6,1.34513
25498,ADAUSDT,2023-09-23 14:45:00+00:00,8,1.3520807
4830,ADAUSDT,2023-02-20 07:45:00+00:00,1,1.2329799
30371,ADAUSDT,2023-11-13 09:00:00+00:00,3,1.0928525
17311,ADAUSDT,2023-06-30 08:00:00+00:00,9,1.2999153
66184,ADAUSDT,2024-11-20 10:15:00+00:00,0,1.2555202
63669,ADAUSDT,2024-10-25 05:30:00+00:00,3,1.339485
56820,ADAUSDT,2024-08-14 21:15:00+00:00,3,1.3187428
53319,ADAUSDT,2024-07-09 10:00:00+00:00,2,1.2637725
13284,ADAUSDT,2023-05-19 09:15:00+00:00,1,1.2620507
36129,ADAUSDT,2024-01-12 08:30:00+00:00,8,1.1237159
47692,ADAUSDT,2024-05-11 19:15:00+00:00,8,1.2107633
2801,ADAUSDT,2023-01-30 04:30:00+00:00,1,1.3923843
36295,ADAUSDT,2024-01-14 02:00:00+00:00,8,1.2014259
38717,ADAUSDT,2024-02-08 07:30:00+00:00,1,1.3359607
27477,ADAUSDT,2023-10-14 05:30:00+00:00,1,1.3356906
53677,ADAUSDT,2024-07-13 03:30:00+00:00,1,1.2609837
18476,ADAUSDT,2023-07-12 11:15:00+00:00,2,1.209372
35893,ADAUSDT,2024-01-09 21:30:00+00:00,5,1.3140175
37540,ADAUSDT,2024-01-27 01:15:00+00:00,3,1.329675
21880,ADAUSDT,2023-08-16 22:15:00+00:00,5,1.260764
23943,ADAUSDT,2023-09-07 10:00:00+00:00,4,1.2064838
7296,ADAUSDT,2023-03-18 00:15:00+00:00,0,1.2905526
66704,ADAUSDT,2024-11-25 20:15:00+00:00,3,1.2460722
36991,ADAUSDT,2024-01-21 08:00:00+00:00,1,1.1694543
42471,ADAUSDT,2024-03-18 10:00:00+00:00,4,1.1888977
32995,ADAUSDT,2023-12-10 17:00:00+00:00,6,1.2204789
17843,ADAUSDT,2023-07-05 21:00:00+00:00,3,1.2029041
68103,ADAUSDT,2024-12-10 10:00:00+00:00,1,1.2551234
62451,ADAUSDT,2024-10-12 13:00:00+00:00,5,1.1701214
13448,ADAUSDT,2023-05-21 02:15:00+00:00,7,1.2427552
16798,ADAUSDT,2023-06-24 23:45:00+00:00,8,1.180334
32322,ADAUSDT,2023-12-03 16:45:00+00:00,3,1.1411192
66243,ADAUSDT,2024-11-21 01:00:00+00:00,2,1.3178313
29585,ADAUSDT,2023-11-05 04:30:00+00:00,0,1.2679834
30016,ADAUSDT,2023-11-09 16:15:00+00:00,4,1.1191393
21530,ADAUSDT,2023-08-13 06:45:00+00:00,4,1.1596003
39695,ADAUSDT,2024-02-18 12:00:00+00:00,1,1.2830015
44116,ADAUSDT,2024-04-04 13:15:00+00:00,0,1.3099426
51077,ADAUSDT,2024-06-16 01:30:00+00:00,6,1.1683509
39900,ADAUSDT,2024-02-20 15:15:00+00:00,4,1.1717128
57860,ADAUSDT,2024-08-25 17:15:00+00:00,5,1.2896316
63386,ADAUSDT,2024-10-22 06:45:00+00:00,1,1.2826887
31355,ADAUSDT,2023-11-23 15:00:00+00:00,4,1.1797621
7426,ADAUSDT,2023-03-19 08:45:00+00:00,2,1.2289536
2698,ADAUSDT,2023-01-29 02:45:00+00:00,0,1.3228767
59355,ADAUSDT,2024-09-10 07:00:00+00:00,3,1.2190516
61897,ADAUSDT,2024-10-06 18:30:00+00:00,0,1.1837424
50014,ADAUSDT,2024-06-04 23:45:00+00:00,2,1.2924
62295,ADAUSDT,2024-10-10 22:00:00+00:00,0,1.2721244
11846,ADAUSDT,2023-05-04 09:45:00+00:00,9,1.3397281
18590,ADAUSDT,2023-07-13 15:45:00+00:00,0,1.163941
61215,ADAUSDT,2024-09-29 16:00:00+00:00,0,1.1761647
66236,ADAUSDT,2024-11-20 23:15:00+00:00,3,1.3146508
55707,ADAUSDT,2024-08-03 07:00:00+00:00,1,1.3368105
10623,ADAUSDT,2023-04-21 16:00:00+00:00,7,1.2664146
22623,ADAUSDT,2023-08-24 16:00:00+00:00,7,1.1942363
42893,ADAUSDT,2024-03-22 19:30:00+00:00,4,1.2989476
48587,ADAUSDT,2024-05-21 03:00:00+00:00,2,1.1781874
40947,ADAUSDT,2024-03-02 13:00:00+00:00,5,1.3009342
45348,ADAUSDT,2024-04-17 09:15:00+00:00,8,1.3180035
60737,ADAUSDT,2024-09-24 16:30:00+00:00,0,1.1521578
53758,ADAUSDT,2024-07-13 23:45:00+00:00,9,1.2583805
8126,ADAUSDT,2023-03-26 15:45:00+00:00,4,1.2062913
53571,ADAUSDT,2024-07-12 01:00:00+00:00,0,1.2878737
35495,ADAUSDT,2024-01-05 18:00:00+00:00,7,1.2770278
40321,ADAUSDT,2024-02-25 00:30:00+00:00,9,1.1994002
25004,ADAUSDT,2023-09-18 11:15:00+00:00,0,1.0731858
14055,ADAUSDT,2023-05-27 10:00:00+00:00,1,1.2090522
62838,ADAUSDT,2024-10-16 13:45:00+00:00,4,1.2969868
49069,ADAUSDT,2024-05-26 03:30:00+00:00,4,1.1759781
61056,ADAUSDT,2024-09-28 00:15:00+00:00,1,1.2222462
12723,ADAUSDT,2023-05-13 13:00:00+00:00,5,1.3321846
7433,ADAUSDT,2023-03-19 10:30:00+00:00,5,1.1593813
59704,ADAUSDT,2024-09-13 22:15:00+00:00,9,1.2374221
41800,ADAUSDT,2024-03-11 10:15:00+00:00,0,1.194213
45551,ADAUSDT,2024-04-19 12:00:00+00:00,0,1.2603077
62518,ADAUSDT,2024-10-13 05:45:00+00:00,0,1.1697829
65416,ADAUSDT,2024-11-12 10:15:00+00:00,4,1.2415987
61695,ADAUSDT,2024-10-04 16:00:00+00:00,5,1.235072
57894,ADAUSDT,2024-08-26 01:45:00+00:00,4,1.1969047
9082,ADAUSDT,2023-04-05 14:45:00+00:00,4,1.1128602
18829,ADAUSDT,2023-07-16 03:30:00+00:00,4,1.3107132
7565,ADAUSDT,2023-03-20 19:30:00+00:00,4,1.1609484
69793,ADAUSDT,2024-12-28 00:30:00+00:00,8,1.2556157
9844,ADAUSDT,2023-04-13 13:15:00+00:00,9,1.2891307
61430,ADAUSDT,2024-10-01 21:45:00+00:00,7,1.1738961
55151,ADAUSDT,2024-07-28 12:00:00+00:00,2,1.2831061
172,ADAUSDT,2023-01-02 19:15:00+00:00,1,1.2128974
44571,ADAUSDT,2024-04-09 07:00:00+00:00,4,1.1901304
45073,ADAUSDT,2024-04-14 12:30:00+00:00,8,1.4196656
45614,ADAUSDT,2024-04-20 03:45:00+00:00,3,1.3005847
38443,ADAUSDT,2024-02-05 11:00:00+00:00,0,1.3234625
67715,ADAUSDT,2024-12-06 09:00:00+00:00,8,1.1223043
16491,ADAUSDT,2023-06-21 19:00:00+00:00,9,1.1542991
7093,ADAUSDT,2023-03-15 21:30:00+00:00,3,1.2664256
12849,ADAUSDT,2023-05-14 20:30:00+00:00,8,1.3748921
12330,ADAUSDT,2023-05-09 10:45:00+00:00,3,1.2162331
44529,ADAUSDT,2024-04-08 20:30:00+00:00,6,1.2382727
7501,ADAUSDT,2023-03-20 03:30:00+00:00,4,1.156497
50971,ADAUSDT,2024-06-14 23:00:00+00:00,3,1.4043849
19179,ADAUSDT,2023-07-19 19:00:00+00:00,0,1.1857712
57034,ADAUSDT,2024-08-17 02:45:00+00:00,1,1.1623436
59838,ADAUSDT,2024-09-15 07:45:00+00:00,5,1.2488655
15114,ADAUSDT,2023-06-07 10:45:00+00:00,7,1.2087345
3050,ADAUSDT,2023-02-01 18:45:00+00:00,4,1.3041219
38825,ADAUSDT,2024-02-09 10:30:00+00:00,2,1.2281183
1931,ADAUSDT,2023-01-21 03:00:00+00:00,9,1.3141687
54335,ADAUSDT,2024-07-20 00:00:00+00:00,9,1.271268
6129,ADAUSDT,2023-03-05 20:30:00+00:00,3,1.2627102
31368,ADAUSDT,2023-11-23 18:15:00+00:00,3,1.226869
33840,ADAUSDT,2023-12-19 12:15:00+00:00,4,1.2503818
63226,ADAUSDT,2024-10-20 14:45:00+00:00,0,1.1658622
34655,ADAUSDT,2023-12-28 00:00:00+00:00,9,1.2102515
63303,ADAUSDT,2024-10-21 10:00:00+00:00,4,1.2227733
53638,ADAUSDT,2024-07-12 17:45:00+00:00,9,1.1830833
10728,ADAUSDT,2023-04-22 18:15:00+00:00,1,1.2155569
52689,ADAUSDT,2024-07-02 20:30:00+00:00,0,1.2275333
24913,ADAUSDT,2023-09-17 12:30:00+00:00,1,1.3582515
63579,ADAUSDT,2024-10-24 07:00:00+00:00,4,1.1825396
1568,ADAUSDT,2023-01-17 08:15:00+00:00,1,1.2871659
45105,ADAUSDT,2024-04-14 20:30:00+00:00,8,1.2413616
27224,ADAUSDT,2023-10-11 14:15:00+00:00,9,1.2943255
27376,ADAUSDT,2023-10-13 04:15:00+00:00,8,1.2231479
61046,ADAUSDT,2024-09-27 21:45:00+00:00,6,1.2178406
27876,ADAUSDT,2023-10-18 09:15:00+00:00,2,1.266696
63301,ADAUSDT,2024-10-21 09:30:00+00:00,4,1.2255888
46757,ADAUSDT,2024-05-02 01:30:00+00:00,8,1.3480935
25364,ADAUSDT,2023-09-22 05:15:00+00:00,3,1.3341905
25163,ADAUSDT,2023-09-20 03:00:00+00:00,4,1.134722
57972,ADAUSDT,2024-08-26 21:15:00+00:00,2,1.3181403
14390,ADAUSDT,2023-05-30 21:45:00+00:00,2,1.2437547
39290,ADAUSDT,2024-02-14 06:45:00+00:00,1,1.2811432
22574,ADAUSDT,2023-08-24 03:45:00+00:00,2,1.1839596
51811,ADAUSDT,2024-06-23 17:00:00+00:00,4,1.2407348
69359,ADAUSDT,2024-12-23 12:00:00+00:00,2,1.3287904
40585,ADAUSDT,2024-02-27 18:30:00+00:00,5,1.2714062
47394,ADAUSDT,2024-05-08 16:45:00+00:00,0,1.2043835
56766,ADAUSDT,2024-08-14 07:45:00+00:00,2,1.174384
26111,ADAUSDT,2023-09-30 00:00:00+00:00,3,1.3363115
61914,ADAUSDT,2024-10-06 22:45:00+00:00,0,1.207891
58382,ADAUSDT,2024-08-31 03:45:00+00:00,1,1.1998655
61402,ADAUSDT,2024-10-01 14:45:00+00:00,4,1.1600547
295,ADAUSDT,2023-01-04 02:00:00+00:00,0,1.2120547
47928,ADAUSDT,2024-05-14 06:15:00+00:00,7,1.2527068
21478,ADAUSDT,2023-08-12 17:45:00+00:00,7,1.1269367
66984,ADAUSDT,2024-11-28 18:15:00+00:00,5,1.2533703
21095,ADAUSDT,2023-08-08 18:00:00+00:00,0,1.1816654
1906,ADAUSDT,2023-01-20 20:45:00+00:00,0,1.2008537
4041,ADAUSDT,2023-02-12 02:30:00+00:00,8,1.2992753
62662,ADAUSDT,2024-10-14 17:45:00+00:00,0,1.2156662
53541,ADAUSDT,2024-07-11 17:30:00+00:00,9,1.3318964
17780,ADAUSDT,2023-07-05 05:15:00+00:00,1,1.2736722
21321,ADAUSDT,2023-08-11 02:30:00+00:00,2,1.2242092
47049,ADAUSDT,2024-05-05 02:30:00+00:00,7,1.4340311
21884,ADAUSDT,2023-08-16 23:15:00+00:00,6,1.3301497
3474,ADAUSDT,2023-02-06 04:45:00+00:00,8,1.1707327
32927,ADAUSDT,2023-12-10 00:00:00+00:00,8,1.3305651
58760,ADAUSDT,2024-09-04 02:15:00+00:00,3,1.3756852
53759,ADAUSDT,2024-07-14 00:00:00+00:00,9,1.2830845
43636,ADAUSDT,2024-03-30 13:15:00+00:00,1,1.2864045
28967,ADAUSDT,2023-10-29 18:00:00+00:00,0,1.3020765
6672,ADAUSDT,2023-03-11 12:15:00+00:00,7,1.3778692
36068,ADAUSDT,2024-01-11 17:15:00+00:00,8,1.288093
32102,ADAUSDT,2023-12-01 09:45:00+00:00,0,1.114684
6954,ADAUSDT,2023-03-14 10:45:00+00:00,2,1.21984
3480,ADAUSDT,2023-02-06 06:15:00+00:00,4,1.2815865
2283,ADAUSDT,2023-01-24 19:00:00+00:00,3,1.2962594
53634,ADAUSDT,2024-07-12 16:45:00+00:00,0,1.2041744
61957,ADAUSDT,2024-10-07 09:30:00+00:00,4,1.1472808
16230,ADAUSDT,2023-06-19 01:45:00+00:00,7,1.3221209
23352,ADAUSDT,2023-09-01 06:15:00+00:00,1,1.2321173
53327,ADAUSDT,2024-07-09 12:00:00+00:00,2,1.2465912
29826,ADAUSDT,2023-11-07 16:45:00+00:00,4,1.2670993
18884,ADAUSDT,2023-07-16 17:15:00+00:00,3,1.3032621
52352,ADAUSDT,2024-06-29 08:15:00+00:00,8,1.2828221
57782,ADAUSDT,2024-08-24 21:45:00+00:00,4,1.1935655
59450,ADAUSDT,2024-09-11 06:45:00+00:00,4,1.2687647
65115,ADAUSDT,2024-11-09 07:00:00+00:00,1,1.303863
45164,ADAUSDT,2024-04-15 11:15:00+00:00,8,1.2115873
32999,ADAUSDT,2023-12-10 18:00:00+00:00,5,1.3113577
25143,ADAUSDT,2023-09-19 22:00:00+00:00,2,1.3257728
30865,ADAUSDT,2023-11-18 12:30:00+00:00,1,1.3105385
19593,ADAUSDT,2023-07-24 02:30:00+00:00,4,1.1388419
58847,ADAUSDT,2024-09-05 00:00:00+00:00,2,1.4369271
43766,ADAUSDT,2024-03-31 21:45:00+00:00,3,1.1934565
24205,ADAUSDT,2023-09-10 03:30:00+00:00,4,1.1581949
43822,ADAUSDT,2024-04-01 11:45:00+00:00,2,1.2270166
10815,ADAUSDT,2023-04-23 16:00:00+00:00,4,1.2375305
69682,ADAUSDT,2024-12-26 20:45:00+00:00,4,1.1740123
52769,ADAUSDT,2024-07-03 16:30:00+00:00,3,1.1815586
11469,ADAUSDT,2023-04-30 11:30:00+00:00,4,1.1839502
27013,ADAUSDT,2023-10-09 09:30:00+00:00,4,1.2904428
20111,ADAUSDT,2023-07-29 12:00:00+00:00,8,1.1677592
15536,ADAUSDT,2023-06-11 20:15:00+00:00,0,1.1400917
41817,ADAUSDT,2024-03-11 14:30:00+00:00,4,1.160144
51643,ADAUSDT,2024-06-21 23:00:00+00:00,6,1.3499281
67308,ADAUSDT,2024-12-02 03:15:00+00:00,9,1.288499
36812,ADAUSDT,2024-01-19 11:15:00+00:00,2,1.2653812
68668,ADAUSDT,2024-12-16 07:15:00+00:00,3,1.2560345
33983,ADAUSDT,2023-12-21 00:00:00+00:00,3,1.1914015
26193,ADAUSDT,2023-09-30 20:30:00+00:00,8,1.2788554
64669,ADAUSDT,2024-11-04 15:30:00+00:00,4,1.1475338
24461,ADAUSDT,2023-09-12 19:30:00+00:00,3,1.2627449
50493,ADAUSDT,2024-06-09 23:30:00+00:00,6,1.4083439
51877,ADAUSDT,2024-06-24 09:30:00+00:00,3,1.2414937
37908,ADAUSDT,2024-01-30 21:15:00+00:00,6,1.2716749
10537,ADAUSDT,2023-04-20 18:30:00+00:00,7,1.0334553
26785,ADAUSDT,2023-10-07 00:30:00+00:00,0,1.2019047
48152,ADAUSDT,2024-05-16 14:15:00+00:00,5,1.3122865
48815,ADAUSDT,2024-05-23 12:00:00+00:00,5,1.2842172
18187,ADAUSDT,2023-07-09 11:00:00+00:00,2,1.2490653
9331,ADAUSDT,2023-04-08 05:00:00+00:00,3,1.3089724
68642,ADAUSDT,2024-12-16 00:45:00+00:00,0,1.2696449
742,ADAUSDT,2023-01-08 17:45:00+00:00,0,1.2351557
54041,ADAUSDT,2024-07-16 22:30:00+00:00,4,1.2798173
56084,ADAUSDT,2024-08-07 05:15:00+00:00,3,1.2098625
61475,ADAUSDT,2024-10-02 09:00:00+00:00,2,1.206485
3036,ADAUSDT,2023-02-01 15:15:00+00:00,4,1.2357805
63174,ADAUSDT,2024-10-20 01:45:00+00:00,8,1.1775119
39489,ADAUSDT,2024-02-16 08:30:00+00:00,8,1.2247028
1896,ADAUSDT,2023-01-20 18:15:00+00:00,0,1.2115928
9462,ADAUSDT,2023-04-09 13:45:00+00:00,0,1.2010554
8001,ADAUSDT,2023-03-25 08:30:00+00:00,2,1.2132741
56467,ADAUSDT,2024-08-11 05:00:00+00:00,0,1.2003313
26281,ADAUSDT,2023-10-01 18:30:00+00:00,8,1.2963085
23688,ADAUSDT,2023-09-04 18:15:00+00:00,6,1.2062076
38229,ADAUSDT,2024-02-03 05:30:00+00:00,8,1.273599
2746,ADAUSDT,2023-01-29 14:45:00+00:00,5,1.3715088
5533,ADAUSDT,2023-02-27 15:30:00+00:00,0,1.1540573
26424,ADAUSDT,2023-10-03 06:15:00+00:00,8,1.2411257
36684,ADAUSDT,2024-01-18 03:15:00+00:00,3,1.2138042
58721,ADAUSDT,2024-09-03 16:30:00+00:00,4,1.3296328
14781,ADAUSDT,2023-06-03 23:30:00+00:00,3,1.1683512
25167,ADAUSDT,2023-09-20 04:00:00+00:00,4,1.2095933
67550,ADAUSDT,2024-12-04 15:45:00+00:00,4,1.1456659
27513,ADAUSDT,2023-10-14 14:30:00+00:00,1,1.3040704
42279,ADAUSDT,2024-03-16 10:00:00+00:00,1,1.2173378
40636,ADAUSDT,2024-02-28 07:15:00+00:00,3,1.2203757
40858,ADAUSDT,2024-03-01 14:45:00+00:00,5,1.2250521
14555,ADAUSDT,2023-06-01 15:00:00+00:00,1,1.2833644
578,ADAUSDT,2023-01-07 00:45:00+00:00,0,1.2364272
65016,ADAUSDT,2024-11-08 06:15:00+00:00,0,1.2007601
38728,ADAUSDT,2024-02-08 10:15:00+00:00,0,1.151569
28021,ADAUSDT,2023-10-19 21:30:00+00:00,0,1.2247441
6306,ADAUSDT,2023-03-07 16:45:00+00:00,7,1.1461794
68356,ADAUSDT,2024-12-13 01:15:00+00:00,8,1.2422256
67716,ADAUSDT,2024-12-06 09:15:00+00:00,4,1.1512392
60211,ADAUSDT,2024-09-19 05:00:00+00:00,9,1.1967944
16436,ADAUSDT,2023-06-21 05:15:00+00:00,9,1.2602683
33027,ADAUSDT,2023-12-11 01:00:00+00:00,8,1.2072301
32258,ADAUSDT,2023-12-03 00:45:00+00:00,9,1.1720707
3105,ADAUSDT,2023-02-02 08:30:00+00:00,4,1.2285628
3584,ADAUSDT,2023-02-07 08:15:00+00:00,4,1.2698061
62910,ADAUSDT,2024-10-17 07:45:00+00:00,4,1.0762904
11571,ADAUSDT,2023-05-01 13:00:00+00:00,2,1.2154319
19039,ADAUSDT,2023-07-18 08:00:00+00:00,2,1.2801828
4960,ADAUSDT,2023-02-21 16:15:00+00:00,7,1.2179632
19638,ADAUSDT,2023-07-24 13:45:00+00:00,4,1.1919674
10542,ADAUSDT,2023-04-20 19:45:00+00:00,7,1.0835804
46390,ADAUSDT,2024-04-28 05:45:00+00:00,1,1.2967181
5883,ADAUSDT,2023-03-03 07:00:00+00:00,3,1.4381891
10287,ADAUSDT,2023-04-18 04:00:00+00:00,2,1.216439
30349,ADAUSDT,2023-11-13 03:30:00+00:00,7,1.1546519
48452,ADAUSDT,2024-05-19 17:15:00+00:00,7,1.3551031
56898,ADAUSDT,2024-08-15 16:45:00+00:00,5,1.2082304
48279,ADAUSDT,2024-05-17 22:00:00+00:00,6,1.159631
2118,ADAUSDT,2023-01-23 01:45:00+00:00,3,1.2367675
51959,ADAUSDT,2024-06-25 06:00:00+00:00,1,1.2031705
55173,ADAUSDT,2024-07-28 17:30:00+00:00,8,1.2597194
51720,ADAUSDT,2024-06-22 18:15:00+00:00,8,1.3046534
14898,ADAUSDT,2023-06-05 04:45:00+00:00,7,1.2423939
53599,ADAUSDT,2024-07-12 08:00:00+00:00,3,1.2649741
8287,ADAUSDT,2023-03-28 08:00:00+00:00,1,1.2925553
6616,ADAUSDT,2023-03-10 22:15:00+00:00,0,1.2247297
26074,ADAUSDT,2023-09-29 14:45:00+00:00,0,1.1338444
14370,ADAUSDT,2023-05-30 16:45:00+00:00,3,1.2577085
66477,ADAUSDT,2024-11-23 11:30:00+00:00,2,1.2793071
32986,ADAUSDT,2023-12-10 14:45:00+00:00,3,1.2247264
34665,ADAUSDT,2023-12-28 02:30:00+00:00,0,1.2130655
434,ADAUSDT,2023-01-05 12:45:00+00:00,1,1.2699184
26957,ADAUSDT,2023-10-08 19:30:00+00:00,8,1.2487673
59198,ADAUSDT,2024-09-08 15:45:00+00:00,4,1.2461433
40449,ADAUSDT,2024-02-26 08:30:00+00:00,7,1.3415902
4809,ADAUSDT,2023-02-20 02:30:00+00:00,5,1.2710664
36538,ADAUSDT,2024-01-16 14:45:00+00:00,4,1.1235306
30897,ADAUSDT,2023-11-18 20:30:00+00:00,9,1.1177629
67752,ADAUSDT,2024-12-06 18:15:00+00:00,0,1.2402734
44685,ADAUSDT,2024-04-10 11:30:00+00:00,3,1.37533
47400,ADAUSDT,2024-05-08 18:15:00+00:00,9,1.2934195
50163,ADAUSDT,2024-06-06 13:00:00+00:00,3,1.3980883
8766,ADAUSDT,2023-04-02 07:45:00+00:00,2,1.1705122
36863,ADAUSDT,2024-01-20 00:00:00+00:00,0,1.2126746
40774,ADAUSDT,2024-02-29 17:45:00+00:00,4,1.1282618
66364,ADAUSDT,2024-11-22 07:15:00+00:00,9,1.289503
184843,AVAXUSDT,2024-07-16 11:15:00+00:00,3,1.2359244
145700,AVAXUSDT,2023-06-04 17:30:00+00:00,0,1.1774602
132032,AVAXUSDT,2023-01-13 08:30:00+00:00,9,1.273107
172756,AVAXUSDT,2024-03-12 13:30:00+00:00,0,1.1341641
185667,AVAXUSDT,2024-07-25 01:15:00+00:00,4,1.111802
173490,AVAXUSDT,2024-03-20 05:00:00+00:00,4,1.2630208
169333,AVAXUSDT,2024-02-05 21:45:00+00:00,7,1.2959633
161773,AVAXUSDT,2023-11-19 03:45:00+00:00,4,1.2270217
188221,AVAXUSDT,2024-08-20 15:45:00+00:00,7,1.1747497
134193,AVAXUSDT,2023-02-04 20:45:00+00:00,6,1.2643571
143998,AVAXUSDT,2023-05-18 00:00:00+00:00,9,1.2439562
164837,AVAXUSDT,2023-12-21 01:45:00+00:00,0,1.2868631
165492,AVAXUSDT,2023-12-27 21:30:00+00:00,3,1.2067136
197490,AVAXUSDT,2024-11-25 05:00:00+00:00,5,1.2926486
164399,AVAXUSDT,2023-12-16 12:15:00+00:00,0,1.0986803
175871,AVAXUSDT,2024-04-14 00:15:00+00:00,3,1.4073757
134560,AVAXUSDT,2023-02-08 16:30:00+00:00,4,1.138186
172372,AVAXUSDT,2024-03-08 13:30:00+00:00,2,1.250577
164316,AVAXUSDT,2023-12-15 15:30:00+00:00,5,1.1992424
145629,AVAXUSDT,2023-06-03 23:45:00+00:00,1,1.1797532
189589,AVAXUSDT,2024-09-03 21:45:00+00:00,7,1.1471139
177741,AVAXUSDT,2024-05-03 11:45:00+00:00,1,1.2053052
170974,AVAXUSDT,2024-02-23 00:00:00+00:00,4,1.1651388
171401,AVAXUSDT,2024-02-27 10:45:00+00:00,2,1.176213
159087,AVAXUSDT,2023-10-22 04:15:00+00:00,1,1.2189478
160735,AVAXUSDT,2023-11-08 08:15:00+00:00,1,1.2088885
140345,AVAXUSDT,2023-04-09 22:45:00+00:00,0,1.3139341
183677,AVAXUSDT,2024-07-04 07:45:00+00:00,4,1.2002734
150301,AVAXUSDT,2023-07-22 15:45:00+00:00,6,1.2792993
141378,AVAXUSDT,2023-04-20 17:00:00+00:00,4,1.0913198
166794,AVAXUSDT,2024-01-10 11:00:00+00:00,2,1.3036551
186319,AVAXUSDT,2024-07-31 20:15:00+00:00,4,1.129979
137617,AVAXUSDT,2023-03-12 12:45:00+00:00,5,1.3218066
142643,AVAXUSDT,2023-05-03 21:15:00+00:00,0,1.1634296
167257,AVAXUSDT,2024-01-15 06:45:00+00:00,2,1.2398864
146080,AVAXUSDT,2023-06-08 16:30:00+00:00,0,1.2397795
160960,AVAXUSDT,2023-11-10 16:30:00+00:00,0,1.0769106
159769,AVAXUSDT,2023-10-29 06:45:00+00:00,3,1.2847804
163654,AVAXUSDT,2023-12-08 18:00:00+00:00,0,1.1186528
160290,AVAXUSDT,2023-11-03 17:00:00+00:00,0,1.206761
184045,AVAXUSDT,2024-07-08 03:45:00+00:00,5,1.2444751
151227,AVAXUSDT,2023-08-01 07:15:00+00:00,3,1.268131
134869,AVAXUSDT,2023-02-11 21:45:00+00:00,1,1.2298844
160306,AVAXUSDT,2023-11-03 21:00:00+00:00,9,1.2038397
146762,AVAXUSDT,2023-06-15 19:00:00+00:00,0,1.1903151
135719,AVAXUSDT,2023-02-20 18:15:00+00:00,8,1.2720042
143267,AVAXUSDT,2023-05-10 09:15:00+00:00,4,1.2080324
139407,AVAXUSDT,2023-03-31 04:15:00+00:00,0,1.2621652
164440,AVAXUSDT,2023-12-16 22:30:00+00:00,6,1.2567563
171769,AVAXUSDT,2024-03-02 06:45:00+00:00,8,1.2443268
171164,AVAXUSDT,2024-02-24 23:30:00+00:00,9,1.2763959
190634,AVAXUSDT,2024-09-14 19:00:00+00:00,9,1.3125278
184758,AVAXUSDT,2024-07-15 14:00:00+00:00,3,1.2790322
157168,AVAXUSDT,2023-10-02 04:30:00+00:00,2,1.1765324
135591,AVAXUSDT,2023-02-19 10:15:00+00:00,2,1.2075267
183906,AVAXUSDT,2024-07-06 17:00:00+00:00,0,1.0829746
153080,AVAXUSDT,2023-08-20 14:30:00+00:00,9,1.1874263
199027,AVAXUSDT,2024-12-11 05:15:00+00:00,3,1.2254832
173109,AVAXUSDT,2024-03-16 05:45:00+00:00,4,1.3673068
137844,AVAXUSDT,2023-03-14 21:30:00+00:00,4,1.120011
131576,AVAXUSDT,2023-01-08 14:30:00+00:00,0,1.2389047
185124,AVAXUSDT,2024-07-19 09:30:00+00:00,1,1.2651266
185301,AVAXUSDT,2024-07-21 05:45:00+00:00,8,1.1563631
170044,AVAXUSDT,2024-02-13 07:30:00+00:00,2,1.3924967
140926,AVAXUSDT,2023-04-16 00:00:00+00:00,2,1.2251519
187204,AVAXUSDT,2024-08-10 01:30:00+00:00,7,1.2401735
194702,AVAXUSDT,2024-10-27 04:00:00+00:00,0,1.1559033
189888,AVAXUSDT,2024-09-07 00:30:00+00:00,3,1.2746238
159185,AVAXUSDT,2023-10-23 04:45:00+00:00,0,1.2522287
147501,AVAXUSDT,2023-06-23 11:45:00+00:00,1,1.1723228
178397,AVAXUSDT,2024-05-10 07:45:00+00:00,0,1.2793899
180569,AVAXUSDT,2024-06-01 22:45:00+00:00,7,1.3493853
158465,AVAXUSDT,2023-10-15 16:45:00+00:00,7,1.2503719
174379,AVAXUSDT,2024-03-29 11:15:00+00:00,5,1.2528651
185966,AVAXUSDT,2024-07-28 04:00:00+00:00,2,1.244029
149438,AVAXUSDT,2023-07-13 16:00:00+00:00,0,1.2526084
142671,AVAXUSDT,2023-05-04 04:15:00+00:00,2,1.1735189
137508,AVAXUSDT,2023-03-11 09:30:00+00:00,5,1.3617048
145641,AVAXUSDT,2023-06-04 02:45:00+00:00,1,1.222433
172159,AVAXUSDT,2024-03-06 08:15:00+00:00,1,1.4466827
132006,AVAXUSDT,2023-01-13 02:00:00+00:00,1,1.2068713
143583,AVAXUSDT,2023-05-13 16:15:00+00:00,1,1.2952213
180612,AVAXUSDT,2024-06-02 09:30:00+00:00,4,1.0257977
196009,AVAXUSDT,2024-11-09 18:45:00+00:00,3,1.3738116
172335,AVAXUSDT,2024-03-08 04:15:00+00:00,1,1.2550513
198102,AVAXUSDT,2024-12-01 14:00:00+00:00,1,1.2747828
145916,AVAXUSDT,2023-06-06 23:30:00+00:00,9,1.2857498
193633,AVAXUSDT,2024-10-16 00:45:00+00:00,3,1.2600511
152086,AVAXUSDT,2023-08-10 06:00:00+00:00,8,1.2528218
177952,AVAXUSDT,2024-05-05 16:30:00+00:00,0,1.1755475
186413,AVAXUSDT,2024-08-01 19:45:00+00:00,3,1.1917688
165080,AVAXUSDT,2023-12-23 14:30:00+00:00,1,1.1563882
141805,AVAXUSDT,2023-04-25 03:45:00+00:00,2,1.1733272
140491,AVAXUSDT,2023-04-11 11:15:00+00:00,9,1.223219
180498,AVAXUSDT,2024-06-01 05:00:00+00:00,1,1.1087962
174378,AVAXUSDT,2024-03-29 11:00:00+00:00,5,1.1759138
200622,AVAXUSDT,2024-12-27 20:00:00+00:00,3,1.2916266
166138,AVAXUSDT,2024-01-03 15:00:00+00:00,4,1.2073044
173928,AVAXUSDT,2024-03-24 18:30:00+00:00,5,1.263501
150909,AVAXUSDT,2023-07-28 23:45:00+00:00,6,1.1744868
148340,AVAXUSDT,2023-07-02 05:30:00+00:00,7,1.2290101
199283,AVAXUSDT,2024-12-13 21:15:00+00:00,6,1.1706045
156430,AVAXUSDT,2023-09-24 12:00:00+00:00,0,1.2505357
131964,AVAXUSDT,2023-01-12 15:30:00+00:00,4,1.2791822
136104,AVAXUSDT,2023-02-24 18:30:00+00:00,7,1.2964525
192668,AVAXUSDT,2024-10-05 23:30:00+00:00,1,1.2217009
160512,AVAXUSDT,2023-11-06 00:30:00+00:00,8,1.2404368
179796,AVAXUSDT,2024-05-24 21:30:00+00:00,8,1.2832922
161154,AVAXUSDT,2023-11-12 17:00:00+00:00,3,1.164685
155058,AVAXUSDT,2023-09-10 05:00:00+00:00,7,1.2523494
189989,AVAXUSDT,2024-09-08 01:45:00+00:00,0,1.2001307
153592,AVAXUSDT,2023-08-25 22:30:00+00:00,8,1.195377
133597,AVAXUSDT,2023-01-29 15:45:00+00:00,1,1.2680806
152217,AVAXUSDT,2023-08-11 14:45:00+00:00,0,1.266001
188222,AVAXUSDT,2024-08-20 16:00:00+00:00,7,1.1868203
146761,AVAXUSDT,2023-06-15 18:45:00+00:00,5,1.2817432
149248,AVAXUSDT,2023-07-11 16:30:00+00:00,7,1.2108493
137585,AVAXUSDT,2023-03-12 04:45:00+00:00,1,1.2759188
137303,AVAXUSDT,2023-03-09 06:15:00+00:00,1,1.2207806
169898,AVAXUSDT,2024-02-11 19:00:00+00:00,6,1.2970209
143942,AVAXUSDT,2023-05-17 10:00:00+00:00,3,1.1777904
147235,AVAXUSDT,2023-06-20 17:15:00+00:00,0,1.3801942
145157,AVAXUSDT,2023-05-30 01:45:00+00:00,0,1.300368
151254,AVAXUSDT,2023-08-01 14:00:00+00:00,2,1.2481192
166363,AVAXUSDT,2024-01-05 23:15:00+00:00,1,1.2225447
151315,AVAXUSDT,2023-08-02 05:15:00+00:00,8,1.3159177
185066,AVAXUSDT,2024-07-18 19:00:00+00:00,7,1.2220114
172076,AVAXUSDT,2024-03-05 11:30:00+00:00,2,1.3588583
158500,AVAXUSDT,2023-10-16 01:30:00+00:00,0,1.172228
131797,AVAXUSDT,2023-01-10 21:45:00+00:00,3,1.2751416
165204,AVAXUSDT,2023-12-24 21:30:00+00:00,7,1.2589766
187790,AVAXUSDT,2024-08-16 04:00:00+00:00,2,1.2724067
184372,AVAXUSDT,2024-07-11 13:30:00+00:00,0,1.1934747
131684,AVAXUSDT,2023-01-09 17:30:00+00:00,5,1.273541
140436,AVAXUSDT,2023-04-10 21:30:00+00:00,9,1.2318515
150112,AVAXUSDT,2023-07-20 16:30:00+00:00,4,1.1503664
157457,AVAXUSDT,2023-10-05 04:45:00+00:00,4,1.1456168
171074,AVAXUSDT,2024-02-24 01:00:00+00:00,8,1.1429778
190544,AVAXUSDT,2024-09-13 20:30:00+00:00,9,1.2677991
135424,AVAXUSDT,2023-02-17 16:30:00+00:00,4,1.2495488
189898,AVAXUSDT,2024-09-07 03:00:00+00:00,1,1.1707209
148119,AVAXUSDT,2023-06-29 22:15:00+00:00,6,1.243672
171869,AVAXUSDT,2024-03-03 07:45:00+00:00,4,1.1870028
187098,AVAXUSDT,2024-08-08 23:00:00+00:00,0,1.1481178
183959,AVAXUSDT,2024-07-07 06:15:00+00:00,8,1.3176208
160212,AVAXUSDT,2023-11-02 21:30:00+00:00,3,1.2909207
198743,AVAXUSDT,2024-12-08 06:15:00+00:00,4,1.2799245
199915,AVAXUSDT,2024-12-20 11:15:00+00:00,4,1.2789317
160334,AVAXUSDT,2023-11-04 04:00:00+00:00,1,1.1380204
165518,AVAXUSDT,2023-12-28 04:00:00+00:00,1,1.3190844
143401,AVAXUSDT,2023-05-11 18:45:00+00:00,7,1.2309283
154987,AVAXUSDT,2023-09-09 11:15:00+00:00,8,1.2947863
160386,AVAXUSDT,2023-11-04 17:00:00+00:00,6,1.2160195
181211,AVAXUSDT,2024-06-08 15:15:00+00:00,1,1.2623092
173801,AVAXUSDT,2024-03-23 10:45:00+00:00,1,1.2040131
180233,AVAXUSDT,2024-05-29 10:45:00+00:00,5,1.2262263
143297,AVAXUSDT,2023-05-10 16:45:00+00:00,9,1.1492305
185128,AVAXUSDT,2024-07-19 10:30:00+00:00,4,1.1905664
172129,AVAXUSDT,2024-03-06 00:45:00+00:00,3,1.3218668
135825,AVAXUSDT,2023-02-21 20:45:00+00:00,0,1.1663032
175037,AVAXUSDT,2024-04-05 07:45:00+00:00,4,1.2570772
167631,AVAXUSDT,2024-01-19 04:15:00+00:00,4,1.1552348
186802,AVAXUSDT,2024-08-05 21:00:00+00:00,9,1.2982205
143649,AVAXUSDT,2023-05-14 08:45:00+00:00,1,1.1915722
168822,AVAXUSDT,2024-01-31 14:00:00+00:00,0,1.1662056
155133,AVAXUSDT,2023-09-10 23:45:00+00:00,2,1.3095648
145200,AVAXUSDT,2023-05-30 12:30:00+00:00,9,1.2747408
167433,AVAXUSDT,2024-01-17 02:45:00+00:00,0,1.2302698
140984,AVAXUSDT,2023-04-16 14:30:00+00:00,4,1.4026091
182662,AVAXUSDT,2024-06-23 18:00:00+00:00,3,1.1564271
167640,AVAXUSDT,2024-01-19 06:30:00+00:00,1,1.1488799
158041,AVAXUSDT,2023-10-11 06:45:00+00:00,7,1.1870792
194833,AVAXUSDT,2024-10-28 12:45:00+00:00,9,1.211239
151906,AVAXUSDT,2023-08-08 09:00:00+00:00,2,1.2460238
185028,AVAXUSDT,2024-07-18 09:30:00+00:00,2,1.2688826
160464,AVAXUSDT,2023-11-05 12:30:00+00:00,0,1.1295108
189446,AVAXUSDT,2024-09-02 10:00:00+00:00,0,1.1973927
167600,AVAXUSDT,2024-01-18 20:30:00+00:00,7,1.085006
154341,AVAXUSDT,2023-09-02 17:45:00+00:00,6,1.2471598
185690,AVAXUSDT,2024-07-25 07:00:00+00:00,3,1.1931663
180897,AVAXUSDT,2024-06-05 08:45:00+00:00,1,1.347576
146336,AVAXUSDT,2023-06-11 08:30:00+00:00,1,1.3600765
149401,AVAXUSDT,2023-07-13 06:45:00+00:00,1,1.2255803
142619,AVAXUSDT,2023-05-03 15:15:00+00:00,4,1.3257903
165269,AVAXUSDT,2023-12-25 13:45:00+00:00,3,1.1133442
160534,AVAXUSDT,2023-11-06 06:00:00+00:00,5,1.2592835
186078,AVAXUSDT,2024-07-29 08:00:00+00:00,9,1.2255268
137389,AVAXUSDT,2023-03-10 03:45:00+00:00,3,1.1264153
136914,AVAXUSDT,2023-03-05 05:00:00+00:00,1,1.2944297
139310,AVAXUSDT,2023-03-30 04:00:00+00:00,4,1.2788246
173266,AVAXUSDT,2024-03-17 21:00:00+00:00,6,1.313503
196211,AVAXUSDT,2024-11-11 21:15:00+00:00,9,1.1829983
198081,AVAXUSDT,2024-12-01 08:45:00+00:00,5,1.3220357
174494,AVAXUSDT,2024-03-30 16:00:00+00:00,8,1.2231939
173400,AVAXUSDT,2024-03-19 06:30:00+00:00,4,1.1999997
146953,AVAXUSDT,2023-06-17 18:45:00+00:00,6,1.1624295
141954,AVAXUSDT,2023-04-26 17:00:00+00:00,8,1.1680003
158063,AVAXUSDT,2023-10-11 12:15:00+00:00,0,1.252605
189693,AVAXUSDT,2024-09-04 23:45:00+00:00,1,1.3693804
181245,AVAXUSDT,2024-06-08 23:45:00+00:00,1,1.1681753
168508,AVAXUSDT,2024-01-28 07:30:00+00:00,9,1.1419753
192173,AVAXUSDT,2024-09-30 19:45:00+00:00,7,1.2436662
137102,AVAXUSDT,2023-03-07 04:00:00+00:00,9,1.3161502
194627,AVAXUSDT,2024-10-26 09:15:00+00:00,1,1.3383882
180376,AVAXUSDT,2024-05-30 22:30:00+00:00,8,1.3143982
134544,AVAXUSDT,2023-02-08 12:30:00+00:00,1,1.2381818
141756,AVAXUSDT,2023-04-24 15:30:00+00:00,5,1.2981131
190058,AVAXUSDT,2024-09-08 19:00:00+00:00,3,1.1797608
188538,AVAXUSDT,2024-08-23 23:00:00+00:00,9,1.1833093
169933,AVAXUSDT,2024-02-12 03:45:00+00:00,4,1.3351533
157831,AVAXUSDT,2023-10-09 02:15:00+00:00,4,1.3006927
134972,AVAXUSDT,2023-02-12 23:30:00+00:00,4,1.1967509
134055,AVAXUSDT,2023-02-03 10:15:00+00:00,2,1.1600115
167001,AVAXUSDT,2024-01-12 14:45:00+00:00,4,1.1563313
145895,AVAXUSDT,2023-06-06 18:15:00+00:00,0,1.2628492
190130,AVAXUSDT,2024-09-09 13:00:00+00:00,4,1.2700931
189413,AVAXUSDT,2024-09-02 01:45:00+00:00,3,1.3200924
139246,AVAXUSDT,2023-03-29 12:00:00+00:00,9,1.2143388
160564,AVAXUSDT,2023-11-06 13:30:00+00:00,9,1.2060689
169165,AVAXUSDT,2024-02-04 03:45:00+00:00,3,1.2346599
139010,AVAXUSDT,2023-03-27 01:00:00+00:00,7,1.3010569
150744,AVAXUSDT,2023-07-27 06:30:00+00:00,1,1.149975
152206,AVAXUSDT,2023-08-11 12:00:00+00:00,0,1.2434791
197465,AVAXUSDT,2024-11-24 22:45:00+00:00,0,1.2728655
185579,AVAXUSDT,2024-07-24 03:15:00+00:00,4,1.2561084
199250,AVAXUSDT,2024-12-13 13:00:00+00:00,1,1.2462952
143623,AVAXUSDT,2023-05-14 02:15:00+00:00,7,1.2342309
142087,AVAXUSDT,2023-04-28 02:15:00+00:00,8,1.1887305
192215,AVAXUSDT,2024-10-01 06:15:00+00:00,3,1.2805891
142497,AVAXUSDT,2023-05-02 08:45:00+00:00,1,1.1359016
165423,AVAXUSDT,2023-12-27 04:15:00+00:00,4,1.3862498
200432,AVAXUSDT,2024-12-25 20:30:00+00:00,3,1.2078998
187176,AVAXUSDT,2024-08-09 18:30:00+00:00,7,1.1792636
139256,AVAXUSDT,2023-03-29 14:30:00+00:00,4,1.1049334
193508,AVAXUSDT,2024-10-14 17:30:00+00:00,4,1.3034321
165976,AVAXUSDT,2024-01-01 22:30:00+00:00,9,1.3176262
194816,AVAXUSDT,2024-10-28 08:30:00+00:00,0,1.2076439
140760,AVAXUSDT,2023-04-14 06:30:00+00:00,9,1.2170078
133875,AVAXUSDT,2023-02-01 13:15:00+00:00,3,1.3730712
155198,AVAXUSDT,2023-09-11 16:00:00+00:00,3,1.1646692
158855,AVAXUSDT,2023-10-19 18:15:00+00:00,0,1.3261766
180772,AVAXUSDT,2024-06-04 01:30:00+00:00,4,1.1468794
134802,AVAXUSDT,2023-02-11 05:00:00+00:00,1,1.2179855
168856,AVAXUSDT,2024-01-31 22:30:00+00:00,4,1.2816229
143361,AVAXUSDT,2023-05-11 08:45:00+00:00,4,1.2776039
137314,AVAXUSDT,2023-03-09 09:00:00+00:00,1,1.27033
146413,AVAXUSDT,2023-06-12 03:45:00+00:00,7,1.2315935
178761,AVAXUSDT,2024-05-14 02:45:00+00:00,7,1.2181987
149015,AVAXUSDT,2023-07-09 06:15:00+00:00,0,1.3055205
189312,AVAXUSDT,2024-09-01 00:30:00+00:00,6,1.2001358
172508,AVAXUSDT,2024-03-09 23:30:00+00:00,7,1.218558
148736,AVAXUSDT,2023-07-06 08:30:00+00:00,1,1.2175486
149289,AVAXUSDT,2023-07-12 02:45:00+00:00,2,1.2086736
199269,AVAXUSDT,2024-12-13 17:45:00+00:00,4,1.2550869
168996,AVAXUSDT,2024-02-02 09:30:00+00:00,0,1.2125053
175884,AVAXUSDT,2024-04-14 03:30:00+00:00,5,1.3388191
192191,AVAXUSDT,2024-10-01 00:15:00+00:00,7,1.1770147
159643,AVAXUSDT,2023-10-27 23:15:00+00:00,6,1.2304657
137139,AVAXUSDT,2023-03-07 13:15:00+00:00,2,1.2301574
136271,AVAXUSDT,2023-02-26 12:15:00+00:00,1,1.1680918
189400,AVAXUSDT,2024-09-01 22:30:00+00:00,4,1.1775404
150696,AVAXUSDT,2023-07-26 18:30:00+00:00,5,1.2217228
164555,AVAXUSDT,2023-12-18 03:15:00+00:00,7,1.1885033
176127,AVAXUSDT,2024-04-16 16:15:00+00:00,4,1.2499301
153421,AVAXUSDT,2023-08-24 03:45:00+00:00,2,1.252258
151568,AVAXUSDT,2023-08-04 20:30:00+00:00,8,1.272949
148769,AVAXUSDT,2023-07-06 16:45:00+00:00,7,1.2955617
174836,AVAXUSDT,2024-04-03 05:30:00+00:00,3,1.3872623
188620,AVAXUSDT,2024-08-24 19:30:00+00:00,6,1.2336824
195764,AVAXUSDT,2024-11-07 05:30:00+00:00,4,1.2659464
177064,AVAXUSDT,2024-04-26 10:30:00+00:00,2,1.2139187
174886,AVAXUSDT,2024-04-03 18:00:00+00:00,7,1.1469778
145892,AVAXUSDT,2023-06-06 17:30:00+00:00,0,1.1852361
167912,AVAXUSDT,2024-01-22 02:30:00+00:00,4,1.2422831
162411,AVAXUSDT,2023-11-25 19:15:00+00:00,0,1.3141605
169436,AVAXUSDT,2024-02-06 23:30:00+00:00,2,1.2635007
145106,AVAXUSDT,2023-05-29 13:00:00+00:00,4,1.1375259
174229,AVAXUSDT,2024-03-27 21:45:00+00:00,3,1.2125287
181456,AVAXUSDT,2024-06-11 04:30:00+00:00,2,1.3540872
199299,AVAXUSDT,2024-12-14 01:15:00+00:00,0,1.2263957
157403,AVAXUSDT,2023-10-04 15:15:00+00:00,5,1.2028245
188401,AVAXUSDT,2024-08-22 12:45:00+00:00,0,1.1730267
157764,AVAXUSDT,2023-10-08 09:30:00+00:00,4,1.2269704
134965,AVAXUSDT,2023-02-12 21:45:00+00:00,4,1.2723368
140667,AVAXUSDT,2023-04-13 07:15:00+00:00,9,1.3456849
183490,AVAXUSDT,2024-07-02 09:00:00+00:00,2,1.3371354
187067,AVAXUSDT,2024-08-08 15:15:00+00:00,0,1.1511879
173309,AVAXUSDT,2024-03-18 07:45:00+00:00,9,1.260532
195763,AVAXUSDT,2024-11-07 05:15:00+00:00,8,1.2660373
162940,AVAXUSDT,2023-12-01 07:30:00+00:00,9,1.2320472
188554,AVAXUSDT,2024-08-24 03:00:00+00:00,8,1.2511207
141938,AVAXUSDT,2023-04-26 13:00:00+00:00,0,1.1538076
199247,AVAXUSDT,2024-12-13 12:15:00+00:00,1,1.2414985
153040,AVAXUSDT,2023-08-20 04:30:00+00:00,8,1.1524429
145674,AVAXUSDT,2023-06-04 11:00:00+00:00,0,1.1911781
140193,AVAXUSDT,2023-04-08 08:45:00+00:00,5,1.3597462
152359,AVAXUSDT,2023-08-13 02:15:00+00:00,4,1.2538459
194575,AVAXUSDT,2024-10-25 20:15:00+00:00,3,1.2953259
157493,AVAXUSDT,2023-10-05 13:45:00+00:00,4,1.2307693
165313,AVAXUSDT,2023-12-26 00:45:00+00:00,3,1.1879312
138527,AVAXUSDT,2023-03-22 00:15:00+00:00,9,1.1930001
142524,AVAXUSDT,2023-05-02 15:30:00+00:00,0,1.1501757
137336,AVAXUSDT,2023-03-09 14:30:00+00:00,0,1.2347239
136006,AVAXUSDT,2023-02-23 18:00:00+00:00,7,1.1937113
192582,AVAXUSDT,2024-10-05 02:00:00+00:00,8,1.1563659
176053,AVAXUSDT,2024-04-15 21:45:00+00:00,7,1.2298262
140695,AVAXUSDT,2023-04-13 14:15:00+00:00,0,1.2891059
167249,AVAXUSDT,2024-01-15 04:45:00+00:00,3,1.2935964
159238,AVAXUSDT,2023-10-23 18:00:00+00:00,3,1.1836748
140070,AVAXUSDT,2023-04-07 02:00:00+00:00,3,1.3152694
165783,AVAXUSDT,2023-12-30 22:15:00+00:00,8,1.1281531
137653,AVAXUSDT,2023-03-12 21:45:00+00:00,0,1.1024193
144969,AVAXUSDT,2023-05-28 02:45:00+00:00,9,1.2913858
178053,AVAXUSDT,2024-05-06 17:45:00+00:00,7,1.221762
143894,AVAXUSDT,2023-05-16 22:00:00+00:00,3,1.283875
149769,AVAXUSDT,2023-07-17 02:45:00+00:00,1,1.2033843
139203,AVAXUSDT,2023-03-29 01:15:00+00:00,1,1.2720233
189139,AVAXUSDT,2024-08-30 05:15:00+00:00,2,1.1850609
130986,AVAXUSDT,2023-01-02 11:00:00+00:00,1,1.3589773
166333,AVAXUSDT,2024-01-05 15:45:00+00:00,7,1.1340215
137458,AVAXUSDT,2023-03-10 21:00:00+00:00,6,1.2205153
168650,AVAXUSDT,2024-01-29 19:00:00+00:00,0,1.204895
135308,AVAXUSDT,2023-02-16 11:30:00+00:00,2,1.2946503
171863,AVAXUSDT,2024-03-03 06:15:00+00:00,4,1.1982934
200121,AVAXUSDT,2024-12-22 14:45:00+00:00,4,1.231723
175451,AVAXUSDT,2024-04-09 15:15:00+00:00,4,1.1747744
186031,AVAXUSDT,2024-07-28 20:15:00+00:00,6,1.2636341
142811,AVAXUSDT,2023-05-05 15:15:00+00:00,4,1.1448987
140317,AVAXUSDT,2023-04-09 15:45:00+00:00,8,1.3186383
156854,AVAXUSDT,2023-09-28 22:00:00+00:00,8,1.2585282
161346,AVAXUSDT,2023-11-14 17:00:00+00:00,0,1.2424359
200863,AVAXUSDT,2024-12-30 08:15:00+00:00,0,1.1393917
152175,AVAXUSDT,2023-08-11 04:15:00+00:00,2,1.2897601
145827,AVAXUSDT,2023-06-06 01:15:00+00:00,2,1.2763519
151917,AVAXUSDT,2023-08-08 11:45:00+00:00,0,1.1512707
194377,AVAXUSDT,2024-10-23 18:45:00+00:00,4,1.2531942
162095,AVAXUSDT,2023-11-22 12:15:00+00:00,2,1.1337662
163908,AVAXUSDT,2023-12-11 09:30:00+00:00,3,1.1556325
178143,AVAXUSDT,2024-05-07 16:15:00+00:00,3,1.2958868
153871,AVAXUSDT,2023-08-28 20:15:00+00:00,4,1.1971571
143404,AVAXUSDT,2023-05-11 19:30:00+00:00,7,1.1920635
186026,AVAXUSDT,2024-07-28 19:00:00+00:00,3,1.1796345
171957,AVAXUSDT,2024-03-04 05:45:00+00:00,4,1.4076303
150268,AVAXUSDT,2023-07-22 07:30:00+00:00,1,1.3139216
145978,AVAXUSDT,2023-06-07 15:00:00+00:00,4,1.221044
163987,AVAXUSDT,2023-12-12 05:15:00+00:00,9,1.1948102
162469,AVAXUSDT,2023-11-26 09:45:00+00:00,4,1.2099621
172157,AVAXUSDT,2024-03-06 07:45:00+00:00,1,1.3845828
188563,AVAXUSDT,2024-08-24 05:15:00+00:00,1,1.2782193
193064,AVAXUSDT,2024-10-10 02:30:00+00:00,3,1.1900531
193056,AVAXUSDT,2024-10-10 00:30:00+00:00,4,1.2125384
184708,AVAXUSDT,2024-07-15 01:30:00+00:00,0,1.2436414
174808,AVAXUSDT,2024-04-02 22:30:00+00:00,1,1.2234005
192766,AVAXUSDT,2024-10-07 00:00:00+00:00,3,1.2117918
146588,AVAXUSDT,2023-06-13 23:30:00+00:00,1,1.2931772
177066,AVAXUSDT,2024-04-26 11:00:00+00:00,4,1.1777433
151815,AVAXUSDT,2023-08-07 10:15:00+00:00,3,1.3392678
189228,AVAXUSDT,2024-08-31 03:30:00+00:00,1,1.314407
191440,AVAXUSDT,2024-09-23 04:30:00+00:00,0,1.4305317
180546,AVAXUSDT,2024-06-01 17:00:00+00:00,4,1.3372575
160207,AVAXUSDT,2023-11-02 20:15:00+00:00,3,1.3240432
151057,AVAXUSDT,2023-07-30 12:45:00+00:00,0,1.1414117
147485,AVAXUSDT,2023-06-23 07:45:00+00:00,2,1.1785685
186107,AVAXUSDT,2024-07-29 15:15:00+00:00,4,1.0904409
141620,AVAXUSDT,2023-04-23 05:30:00+00:00,3,1.2115923
134268,AVAXUSDT,2023-02-05 15:30:00+00:00,4,1.2611821
166252,AVAXUSDT,2024-01-04 19:30:00+00:00,9,1.2055801
135159,AVAXUSDT,2023-02-14 22:15:00+00:00,9,1.1996108
151272,AVAXUSDT,2023-08-01 18:30:00+00:00,3,1.2512467
189594,AVAXUSDT,2024-09-03 23:00:00+00:00,2,1.2090669
133566,AVAXUSDT,2023-01-29 08:00:00+00:00,2,1.2769809
182340,AVAXUSDT,2024-06-20 09:30:00+00:00,9,1.2695991
182245,AVAXUSDT,2024-06-19 09:45:00+00:00,2,1.0967461
195971,AVAXUSDT,2024-11-09 09:15:00+00:00,1,1.3005221
152732,AVAXUSDT,2023-08-16 23:30:00+00:00,3,1.3018035
165724,AVAXUSDT,2023-12-30 07:30:00+00:00,7,1.2425637
146083,AVAXUSDT,2023-06-08 17:15:00+00:00,4,1.2783562
189437,AVAXUSDT,2024-09-02 07:45:00+00:00,2,1.2776093
131221,AVAXUSDT,2023-01-04 21:45:00+00:00,9,1.204723
161662,AVAXUSDT,2023-11-18 00:00:00+00:00,0,1.2693644
188779,AVAXUSDT,2024-08-26 11:15:00+00:00,9,1.1726549
185364,AVAXUSDT,2024-07-21 21:30:00+00:00,0,1.2433059
135184,AVAXUSDT,2023-02-15 04:30:00+00:00,2,1.2307948
135329,AVAXUSDT,2023-02-16 16:45:00+00:00,0,1.444817
167385,AVAXUSDT,2024-01-16 14:45:00+00:00,7,1.211315
169523,AVAXUSDT,2024-02-07 21:15:00+00:00,9,1.2587794
167386,AVAXUSDT,2024-01-16 15:00:00+00:00,3,1.2821083
134991,AVAXUSDT,2023-02-13 04:15:00+00:00,3,1.2808298
178685,AVAXUSDT,2024-05-13 07:45:00+00:00,0,1.1906939
172564,AVAXUSDT,2024-03-10 13:30:00+00:00,7,1.0653281
148969,AVAXUSDT,2023-07-08 18:45:00+00:00,8,1.2827269
200876,AVAXUSDT,2024-12-30 11:30:00+00:00,0,1.2340965
168324,AVAXUSDT,2024-01-26 09:30:00+00:00,1,1.1523942
132566,AVAXUSDT,2023-01-18 22:00:00+00:00,7,1.3158543
182826,AVAXUSDT,2024-06-25 11:00:00+00:00,1,1.2492716
145576,AVAXUSDT,2023-06-03 10:30:00+00:00,1,1.1259423
145875,AVAXUSDT,2023-06-06 13:15:00+00:00,4,1.2897844
176881,AVAXUSDT,2024-04-24 12:45:00+00:00,2,1.1652646
139287,AVAXUSDT,2023-03-29 22:15:00+00:00,6,1.1755488
177767,AVAXUSDT,2024-05-03 18:15:00+00:00,9,1.1753128
193813,AVAXUSDT,2024-10-17 21:45:00+00:00,3,1.2348671
154762,AVAXUSDT,2023-09-07 03:00:00+00:00,9,1.1868777
139948,AVAXUSDT,2023-04-05 19:30:00+00:00,3,1.1988143
182637,AVAXUSDT,2024-06-23 11:45:00+00:00,4,1.2755201
191116,AVAXUSDT,2024-09-19 19:30:00+00:00,9,1.1835203
160812,AVAXUSDT,2023-11-09 03:30:00+00:00,0,1.263779
195407,AVAXUSDT,2024-11-03 12:15:00+00:00,4,1.20825
176706,AVAXUSDT,2024-04-22 17:00:00+00:00,5,1.1810149
143383,AVAXUSDT,2023-05-11 14:15:00+00:00,4,1.2680149
182174,AVAXUSDT,2024-06-18 16:00:00+00:00,3,1.2436831
155756,AVAXUSDT,2023-09-17 11:30:00+00:00,2,1.2619433
148321,AVAXUSDT,2023-07-02 00:45:00+00:00,7,1.3317648
192434,AVAXUSDT,2024-10-03 13:00:00+00:00,7,1.2599432
185790,AVAXUSDT,2024-07-26 08:00:00+00:00,9,1.2438483
157650,AVAXUSDT,2023-10-07 05:00:00+00:00,0,1.1973298
190423,AVAXUSDT,2024-09-12 14:15:00+00:00,0,1.2114722
187796,AVAXUSDT,2024-08-16 05:30:00+00:00,1,1.1800609
139070,AVAXUSDT,2023-03-27 16:00:00+00:00,4,1.1357912
171088,AVAXUSDT,2024-02-24 04:30:00+00:00,1,1.1890085
141796,AVAXUSDT,2023-04-25 01:30:00+00:00,2,1.2701831
181308,AVAXUSDT,2024-06-09 15:30:00+00:00,3,1.2514071
150496,AVAXUSDT,2023-07-24 16:30:00+00:00,7,1.263271
144945,AVAXUSDT,2023-05-27 20:45:00+00:00,1,1.2655
175559,AVAXUSDT,2024-04-10 18:15:00+00:00,0,1.2752258
150443,AVAXUSDT,2023-07-24 03:15:00+00:00,4,1.2264603
191339,AVAXUSDT,2024-09-22 03:15:00+00:00,4,1.2307086
199343,AVAXUSDT,2024-12-14 12:15:00+00:00,2,1.3252165
131733,AVAXUSDT,2023-01-10 05:45:00+00:00,9,1.2320611
176209,AVAXUSDT,2024-04-17 12:45:00+00:00,4,1.2026671
167585,AVAXUSDT,2024-01-18 16:45:00+00:00,7,1.0417792
180630,AVAXUSDT,2024-06-02 14:00:00+00:00,3,1.1783339
146625,AVAXUSDT,2023-06-14 08:45:00+00:00,2,1.2393029
198840,AVAXUSDT,2024-12-09 06:30:00+00:00,7,1.2391056
186474,AVAXUSDT,2024-08-02 11:00:00+00:00,3,1.1829143
186252,AVAXUSDT,2024-07-31 03:30:00+00:00,2,1.247475
177334,AVAXUSDT,2024-04-29 06:00:00+00:00,7,1.2919275
145571,AVAXUSDT,2023-06-03 09:15:00+00:00,2,1.2066733
197359,AVAXUSDT,2024-11-23 20:15:00+00:00,8,1.1887604
148752,AVAXUSDT,2023-07-06 12:30:00+00:00,4,1.4613501
154471,AVAXUSDT,2023-09-04 02:15:00+00:00,0,1.2423341
167580,AVAXUSDT,2024-01-18 15:30:00+00:00,3,1.1426682
200086,AVAXUSDT,2024-12-22 06:00:00+00:00,5,1.2411143
188649,AVAXUSDT,2024-08-25 02:45:00+00:00,3,1.366436
142416,AVAXUSDT,2023-05-01 12:30:00+00:00,2,1.2449398
159612,AVAXUSDT,2023-10-27 15:30:00+00:00,1,1.3265505
163221,AVAXUSDT,2023-12-04 05:45:00+00:00,5,1.3521796
143834,AVAXUSDT,2023-05-16 07:00:00+00:00,7,1.3258567
170778,AVAXUSDT,2024-02-20 23:00:00+00:00,1,1.2792898
165075,AVAXUSDT,2023-12-23 13:15:00+00:00,8,1.2507222
165006,AVAXUSDT,2023-12-22 20:00:00+00:00,8,1.2226843
145494,AVAXUSDT,2023-06-02 14:00:00+00:00,4,1.1744658
157581,AVAXUSDT,2023-10-06 11:45:00+00:00,9,1.1706856
177816,AVAXUSDT,2024-05-04 06:30:00+00:00,3,1.3004559
169334,AVAXUSDT,2024-02-05 22:00:00+00:00,7,1.2765701
152439,AVAXUSDT,2023-08-13 22:15:00+00:00,4,1.1928623
157336,AVAXUSDT,2023-10-03 22:30:00+00:00,0,1.2575283
195045,AVAXUSDT,2024-10-30 17:45:00+00:00,3,1.1100745
143036,AVAXUSDT,2023-05-07 23:30:00+00:00,7,1.2645774
148152,AVAXUSDT,2023-06-30 06:30:00+00:00,9,1.3402743
188178,AVAXUSDT,2024-08-20 05:00:00+00:00,9,1.2178829
184602,AVAXUSDT,2024-07-13 23:00:00+00:00,0,1.1476028
182717,AVAXUSDT,2024-06-24 07:45:00+00:00,4,1.3719695
137621,AVAXUSDT,2023-03-12 13:45:00+00:00,5,1.3883216
190133,AVAXUSDT,2024-09-09 13:45:00+00:00,9,1.2806418
145454,AVAXUSDT,2023-06-02 04:00:00+00:00,3,1.1623106
151353,AVAXUSDT,2023-08-02 14:45:00+00:00,4,1.1266263
134169,AVAXUSDT,2023-02-04 14:45:00+00:00,2,1.2759626
168162,AVAXUSDT,2024-01-24 17:00:00+00:00,0,1.2572674
194067,AVAXUSDT,2024-10-20 13:15:00+00:00,7,1.2536255
170116,AVAXUSDT,2024-02-14 01:30:00+00:00,8,1.2165496
179284,AVAXUSDT,2024-05-19 13:30:00+00:00,7,1.1906748
173593,AVAXUSDT,2024-03-21 06:45:00+00:00,4,1.2698869
131133,AVAXUSDT,2023-01-03 23:45:00+00:00,1,1.2301843
162896,AVAXUSDT,2023-11-30 20:30:00+00:00,1,1.2283262
167619,AVAXUSDT,2024-01-19 01:15:00+00:00,7,1.2720573
195564,AVAXUSDT,2024-11-05 03:30:00+00:00,3,1.2711583
188041,AVAXUSDT,2024-08-18 18:45:00+00:00,8,1.1935964
173773,AVAXUSDT,2024-03-23 03:45:00+00:00,8,1.257069
170712,AVAXUSDT,2024-02-20 06:30:00+00:00,3,1.3014745
146513,AVAXUSDT,2023-06-13 04:45:00+00:00,2,1.3497742
186401,AVAXUSDT,2024-08-01 16:45:00+00:00,4,1.1496756
162774,AVAXUSDT,2023-11-29 14:00:00+00:00,8,1.2687042
191192,AVAXUSDT,2024-09-20 14:30:00+00:00,4,1.179645
179156,AVAXUSDT,2024-05-18 05:30:00+00:00,1,1.4307512
165273,AVAXUSDT,2023-12-25 14:45:00+00:00,0,1.283698
169328,AVAXUSDT,2024-02-05 20:30:00+00:00,7,1.1209849
191953,AVAXUSDT,2024-09-28 12:45:00+00:00,2,1.2904619
194781,AVAXUSDT,2024-10-27 23:45:00+00:00,5,1.1935624
182086,AVAXUSDT,2024-06-17 18:00:00+00:00,3,1.1531721
158325,AVAXUSDT,2023-10-14 05:45:00+00:00,2,1.2783494
159054,AVAXUSDT,2023-10-21 20:00:00+00:00,8,1.0960829
151760,AVAXUSDT,2023-08-06 20:30:00+00:00,6,1.3064626
141116,AVAXUSDT,2023-04-17 23:30:00+00:00,2,1.2649852
185661,AVAXUSDT,2024-07-24 23:45:00+00:00,4,1.2637266
181485,AVAXUSDT,2024-06-11 11:45:00+00:00,2,1.3208098
171347,AVAXUSDT,2024-02-26 21:15:00+00:00,9,1.3307561
181558,AVAXUSDT,2024-06-12 06:00:00+00:00,3,1.2960136
195249,AVAXUSDT,2024-11-01 20:45:00+00:00,6,1.2662882
198076,AVAXUSDT,2024-12-01 07:30:00+00:00,3,1.2243803
200145,AVAXUSDT,2024-12-22 20:45:00+00:00,4,1.2961246
131053,AVAXUSDT,2023-01-03 03:45:00+00:00,2,1.2431644
161663,AVAXUSDT,2023-11-18 00:15:00+00:00,8,1.2484001
169054,AVAXUSDT,2024-02-03 00:00:00+00:00,1,1.2306484
182280,AVAXUSDT,2024-06-19 18:30:00+00:00,0,1.2838837
162964,AVAXUSDT,2023-12-01 13:30:00+00:00,5,1.1913509
177554,AVAXUSDT,2024-05-01 13:00:00+00:00,0,1.2438337
194083,AVAXUSDT,2024-10-20 17:15:00+00:00,0,1.2632619
187957,AVAXUSDT,2024-08-17 21:45:00+00:00,8,1.1478221
157628,AVAXUSDT,2023-10-06 23:30:00+00:00,8,1.1460634
140790,AVAXUSDT,2023-04-14 14:00:00+00:00,5,1.2323583
156173,AVAXUSDT,2023-09-21 19:45:00+00:00,2,1.2869496
148790,AVAXUSDT,2023-07-06 22:00:00+00:00,6,1.3168275
147060,AVAXUSDT,2023-06-18 21:30:00+00:00,4,1.2955223
137931,AVAXUSDT,2023-03-15 19:15:00+00:00,7,1.1636649
185680,AVAXUSDT,2024-07-25 04:30:00+00:00,2,1.2186085
160051,AVAXUSDT,2023-11-01 05:15:00+00:00,4,1.236719
184657,AVAXUSDT,2024-07-14 12:45:00+00:00,4,1.0842543
185777,AVAXUSDT,2024-07-26 04:45:00+00:00,1,1.195431
131708,AVAXUSDT,2023-01-09 23:30:00+00:00,3,1.264738
161865,AVAXUSDT,2023-11-20 02:45:00+00:00,6,1.2003875
176134,AVAXUSDT,2024-04-16 18:00:00+00:00,7,1.2396369
163867,AVAXUSDT,2023-12-10 23:15:00+00:00,9,1.2412434
198491,AVAXUSDT,2024-12-05 15:15:00+00:00,2,1.1710519
145678,AVAXUSDT,2023-06-04 12:00:00+00:00,5,1.2212163
154315,AVAXUSDT,2023-09-02 11:15:00+00:00,1,1.2219106
196152,AVAXUSDT,2024-11-11 06:30:00+00:00,4,1.2611871
141589,AVAXUSDT,2023-04-22 21:45:00+00:00,6,1.0979259
200536,AVAXUSDT,2024-12-26 22:30:00+00:00,6,1.2157665
169410,AVAXUSDT,2024-02-06 17:00:00+00:00,7,1.3184657
172510,AVAXUSDT,2024-03-10 00:00:00+00:00,6,1.1779678
170491,AVAXUSDT,2024-02-17 23:15:00+00:00,8,1.2708174
187735,AVAXUSDT,2024-08-15 14:15:00+00:00,0,1.3329076
184964,AVAXUSDT,2024-07-17 17:30:00+00:00,7,1.2890029
199855,AVAXUSDT,2024-12-19 20:15:00+00:00,7,1.0395037
181921,AVAXUSDT,2024-06-16 00:45:00+00:00,3,1.308217
154849,AVAXUSDT,2023-09-08 00:45:00+00:00,0,1.158154
152855,AVAXUSDT,2023-08-18 06:15:00+00:00,1,1.3657708
180864,AVAXUSDT,2024-06-05 00:30:00+00:00,1,1.2772362
146552,AVAXUSDT,2023-06-13 14:30:00+00:00,4,1.1813766
180548,AVAXUSDT,2024-06-01 17:30:00+00:00,4,1.2590656
154943,AVAXUSDT,2023-09-09 00:15:00+00:00,2,1.2013477
136645,AVAXUSDT,2023-03-02 09:45:00+00:00,1,1.294471
168225,AVAXUSDT,2024-01-25 08:45:00+00:00,2,1.2251248
148366,AVAXUSDT,2023-07-02 12:00:00+00:00,0,1.2333378
142618,AVAXUSDT,2023-05-03 15:00:00+00:00,4,1.1989836
134861,AVAXUSDT,2023-02-11 19:45:00+00:00,8,1.2252584
133186,AVAXUSDT,2023-01-25 09:00:00+00:00,1,1.2902634
192370,AVAXUSDT,2024-10-02 21:00:00+00:00,3,1.2156123
191614,AVAXUSDT,2024-09-25 00:00:00+00:00,0,1.1056932
157202,AVAXUSDT,2023-10-02 13:00:00+00:00,2,1.2646327
180744,AVAXUSDT,2024-06-03 18:30:00+00:00,3,1.2218772
133476,AVAXUSDT,2023-01-28 09:30:00+00:00,1,1.1170881
184865,AVAXUSDT,2024-07-16 16:45:00+00:00,0,1.2720052
170913,AVAXUSDT,2024-02-22 08:45:00+00:00,0,1.1596837
154525,AVAXUSDT,2023-09-04 15:45:00+00:00,7,1.1917691
166684,AVAXUSDT,2024-01-09 07:30:00+00:00,1,1.2011464
194799,AVAXUSDT,2024-10-28 04:15:00+00:00,4,1.1520393
162903,AVAXUSDT,2023-11-30 22:15:00+00:00,0,1.2388585
184670,AVAXUSDT,2024-07-14 16:00:00+00:00,7,1.370027
152595,AVAXUSDT,2023-08-15 13:15:00+00:00,1,1.210695
138803,AVAXUSDT,2023-03-24 21:15:00+00:00,4,1.1501056
178992,AVAXUSDT,2024-05-16 12:30:00+00:00,4,1.0993733
147038,AVAXUSDT,2023-06-18 16:00:00+00:00,6,1.2922434
160485,AVAXUSDT,2023-11-05 17:45:00+00:00,3,1.1805214
198960,AVAXUSDT,2024-12-10 12:30:00+00:00,2,1.3866502
177127,AVAXUSDT,2024-04-27 02:15:00+00:00,4,1.3086897
182144,AVAXUSDT,2024-06-18 08:30:00+00:00,2,1.30675
160244,AVAXUSDT,2023-11-03 05:30:00+00:00,3,1.23572
175084,AVAXUSDT,2024-04-05 19:30:00+00:00,9,1.1509737
134122,AVAXUSDT,2023-02-04 03:00:00+00:00,8,1.2461914
172383,AVAXUSDT,2024-03-08 16:15:00+00:00,4,1.1055162
158316,AVAXUSDT,2023-10-14 03:30:00+00:00,3,1.1964827
164182,AVAXUSDT,2023-12-14 06:00:00+00:00,2,1.3219061
171128,AVAXUSDT,2024-02-24 14:30:00+00:00,1,1.2680806
186352,AVAXUSDT,2024-08-01 04:30:00+00:00,4,1.2433771
146074,AVAXUSDT,2023-06-08 15:00:00+00:00,0,1.249961
173960,AVAXUSDT,2024-03-25 02:30:00+00:00,9,1.2886597
144247,AVAXUSDT,2023-05-20 14:15:00+00:00,8,1.2049093
173829,AVAXUSDT,2024-03-23 17:45:00+00:00,9,1.2337881
198085,AVAXUSDT,2024-12-01 09:45:00+00:00,2,1.2508055
195177,AVAXUSDT,2024-11-01 02:45:00+00:00,4,1.333508
185174,AVAXUSDT,2024-07-19 22:00:00+00:00,9,1.1901848
179621,AVAXUSDT,2024-05-23 01:45:00+00:00,9,1.1017138
146763,AVAXUSDT,2023-06-15 19:15:00+00:00,0,1.2613732
155729,AVAXUSDT,2023-09-17 04:45:00+00:00,3,1.3066101
146965,AVAXUSDT,2023-06-17 21:45:00+00:00,3,1.1417637
136478,AVAXUSDT,2023-02-28 16:00:00+00:00,5,1.2747464
178057,AVAXUSDT,2024-05-06 18:45:00+00:00,3,1.2654577
146740,AVAXUSDT,2023-06-15 13:30:00+00:00,0,1.2210181
133386,AVAXUSDT,2023-01-27 11:00:00+00:00,2,1.2944903
155041,AVAXUSDT,2023-09-10 00:45:00+00:00,4,1.1550342
154863,AVAXUSDT,2023-09-08 04:15:00+00:00,9,1.2470733
164754,AVAXUSDT,2023-12-20 05:00:00+00:00,0,1.2123439
134724,AVAXUSDT,2023-02-10 09:30:00+00:00,3,1.2482401
166640,AVAXUSDT,2024-01-08 20:30:00+00:00,0,1.2597013
142546,AVAXUSDT,2023-05-02 21:00:00+00:00,9,1.2121015
142554,AVAXUSDT,2023-05-02 23:00:00+00:00,9,1.2317464
188684,AVAXUSDT,2024-08-25 11:30:00+00:00,3,1.2040865
178037,AVAXUSDT,2024-05-06 13:45:00+00:00,4,1.3890865
188488,AVAXUSDT,2024-08-23 10:30:00+00:00,1,1.2860758
187537,AVAXUSDT,2024-08-13 12:45:00+00:00,2,1.2405672
141765,AVAXUSDT,2023-04-24 17:45:00+00:00,5,1.2629999
159727,AVAXUSDT,2023-10-28 20:15:00+00:00,0,1.2619903
194282,AVAXUSDT,2024-10-22 19:00:00+00:00,8,1.2347397
137858,AVAXUSDT,2023-03-15 01:00:00+00:00,3,1.2154114
170898,AVAXUSDT,2024-02-22 05:00:00+00:00,2,1.2270814
140258,AVAXUSDT,2023-04-09 01:00:00+00:00,3,1.3325878
189689,AVAXUSDT,2024-09-04 22:45:00+00:00,1,1.2500509
148560,AVAXUSDT,2023-07-04 12:30:00+00:00,2,1.1759071
139578,AVAXUSDT,2023-04-01 23:00:00+00:00,0,1.1694887
153973,AVAXUSDT,2023-08-29 21:45:00+00:00,2,1.1749178
191103,AVAXUSDT,2024-09-19 16:15:00+00:00,9,1.1524991
153337,AVAXUSDT,2023-08-23 06:45:00+00:00,1,1.1127304
167086,AVAXUSDT,2024-01-13 12:00:00+00:00,1,1.2136343
190676,AVAXUSDT,2024-09-15 05:30:00+00:00,3,1.2840972
154993,AVAXUSDT,2023-09-09 12:45:00+00:00,1,1.2338244
135777,AVAXUSDT,2023-02-21 08:45:00+00:00,7,1.1659721
191535,AVAXUSDT,2024-09-24 04:15:00+00:00,2,1.3243003
143545,AVAXUSDT,2023-05-13 06:45:00+00:00,1,1.1792047
175001,AVAXUSDT,2024-04-04 22:45:00+00:00,8,1.2530767
135195,AVAXUSDT,2023-02-15 07:15:00+00:00,2,1.2647531
149738,AVAXUSDT,2023-07-16 19:00:00+00:00,4,1.2283489
135864,AVAXUSDT,2023-02-22 06:30:00+00:00,3,1.2875761
145876,AVAXUSDT,2023-06-06 13:30:00+00:00,5,1.320795
183692,AVAXUSDT,2024-07-04 11:30:00+00:00,1,1.1792321
135638,AVAXUSDT,2023-02-19 22:00:00+00:00,3,1.2946092
132135,AVAXUSDT,2023-01-14 10:15:00+00:00,4,1.1988937
156103,AVAXUSDT,2023-09-21 02:15:00+00:00,0,1.2216848
177239,AVAXUSDT,2024-04-28 06:15:00+00:00,1,1.2958196
188295,AVAXUSDT,2024-08-21 10:15:00+00:00,8,1.1847879
149458,AVAXUSDT,2023-07-13 21:00:00+00:00,9,1.2408682
181361,AVAXUSDT,2024-06-10 04:45:00+00:00,5,1.199571
146648,AVAXUSDT,2023-06-14 14:30:00+00:00,0,1.3157996
175062,AVAXUSDT,2024-04-05 14:00:00+00:00,3,1.259231
164548,AVAXUSDT,2023-12-18 01:30:00+00:00,7,1.2372547
177381,AVAXUSDT,2024-04-29 17:45:00+00:00,0,1.1795969
183443,AVAXUSDT,2024-07-01 21:15:00+00:00,2,1.3017687
176961,AVAXUSDT,2024-04-25 08:45:00+00:00,4,1.2274634
165339,AVAXUSDT,2023-12-26 07:15:00+00:00,7,1.1927558
176175,AVAXUSDT,2024-04-17 04:15:00+00:00,2,1.1836132
137578,AVAXUSDT,2023-03-12 03:00:00+00:00,1,1.2084337
193481,AVAXUSDT,2024-10-14 10:45:00+00:00,2,1.214234
158029,AVAXUSDT,2023-10-11 03:45:00+00:00,4,1.1354201
145898,AVAXUSDT,2023-06-06 19:00:00+00:00,9,1.3271416
131313,AVAXUSDT,2023-01-05 20:45:00+00:00,3,1.2677491
166898,AVAXUSDT,2024-01-11 13:00:00+00:00,0,1.1790637
177511,AVAXUSDT,2024-05-01 02:15:00+00:00,4,1.2428774
163123,AVAXUSDT,2023-12-03 05:15:00+00:00,8,1.2720263
169631,AVAXUSDT,2024-02-09 00:15:00+00:00,8,1.2183411
137366,AVAXUSDT,2023-03-09 22:00:00+00:00,4,1.2357323
153499,AVAXUSDT,2023-08-24 23:15:00+00:00,8,1.171614
148542,AVAXUSDT,2023-07-04 08:00:00+00:00,2,1.2415243
148247,AVAXUSDT,2023-07-01 06:15:00+00:00,1,1.2956024
182914,AVAXUSDT,2024-06-26 09:00:00+00:00,0,1.3029172
161595,AVAXUSDT,2023-11-17 07:15:00+00:00,2,1.2137222
149223,AVAXUSDT,2023-07-11 10:15:00+00:00,4,1.2247217
134904,AVAXUSDT,2023-02-12 06:30:00+00:00,3,1.2914163
179752,AVAXUSDT,2024-05-24 10:30:00+00:00,3,1.2991338
182523,AVAXUSDT,2024-06-22 07:15:00+00:00,7,1.3591632
196087,AVAXUSDT,2024-11-10 14:15:00+00:00,0,1.2283943
181954,AVAXUSDT,2024-06-16 09:00:00+00:00,7,1.3094759
179350,AVAXUSDT,2024-05-20 06:00:00+00:00,0,1.3160415
163167,AVAXUSDT,2023-12-03 16:15:00+00:00,7,1.2635183
159894,AVAXUSDT,2023-10-30 14:00:00+00:00,9,1.274187
180488,AVAXUSDT,2024-06-01 02:30:00+00:00,8,1.3116174
153494,AVAXUSDT,2023-08-24 22:00:00+00:00,3,1.2503815
190903,AVAXUSDT,2024-09-17 14:15:00+00:00,5,1.2417134
187715,AVAXUSDT,2024-08-15 09:15:00+00:00,1,1.2388686
197594,AVAXUSDT,2024-11-26 07:00:00+00:00,2,1.2728306
132962,AVAXUSDT,2023-01-23 01:00:00+00:00,3,1.2025704
190992,AVAXUSDT,2024-09-18 12:30:00+00:00,2,1.2937605
172775,AVAXUSDT,2024-03-12 18:15:00+00:00,0,1.1476302
137729,AVAXUSDT,2023-03-13 16:45:00+00:00,0,1.2788534
145078,AVAXUSDT,2023-05-29 06:00:00+00:00,8,1.3718121
151605,AVAXUSDT,2023-08-05 05:45:00+00:00,1,1.2134346
149374,AVAXUSDT,2023-07-13 00:00:00+00:00,3,1.2781957
190061,AVAXUSDT,2024-09-08 19:45:00+00:00,3,1.1836377
151647,AVAXUSDT,2023-08-05 16:15:00+00:00,5,1.202617
156896,AVAXUSDT,2023-09-29 08:30:00+00:00,3,1.4627222
148452,AVAXUSDT,2023-07-03 09:30:00+00:00,5,1.197515
156707,AVAXUSDT,2023-09-27 09:15:00+00:00,4,1.2093308
131665,AVAXUSDT,2023-01-09 12:45:00+00:00,2,1.2586087
152300,AVAXUSDT,2023-08-12 11:30:00+00:00,1,1.2638947
150204,AVAXUSDT,2023-07-21 15:30:00+00:00,0,1.3140821
136868,AVAXUSDT,2023-03-04 17:30:00+00:00,4,1.2844868
142356,AVAXUSDT,2023-04-30 21:30:00+00:00,8,1.3496464
139648,AVAXUSDT,2023-04-02 16:30:00+00:00,4,1.101546
146179,AVAXUSDT,2023-06-09 17:15:00+00:00,8,1.3477678
171804,AVAXUSDT,2024-03-02 15:30:00+00:00,5,1.1487949
154113,AVAXUSDT,2023-08-31 08:45:00+00:00,2,1.2201983
162400,AVAXUSDT,2023-11-25 16:30:00+00:00,3,1.2638028
147312,AVAXUSDT,2023-06-21 12:30:00+00:00,1,1.3496143
178198,AVAXUSDT,2024-05-08 06:00:00+00:00,2,1.2092968
197602,AVAXUSDT,2024-11-26 09:00:00+00:00,4,1.1737379
182538,AVAXUSDT,2024-06-22 11:00:00+00:00,3,1.2315506
160419,AVAXUSDT,2023-11-05 01:15:00+00:00,0,1.1958668
132507,AVAXUSDT,2023-01-18 07:15:00+00:00,8,1.1470612
179477,AVAXUSDT,2024-05-21 13:45:00+00:00,0,1.1994424
161331,AVAXUSDT,2023-11-14 13:15:00+00:00,5,1.2619579
174559,AVAXUSDT,2024-03-31 08:15:00+00:00,1,1.2159058
159982,AVAXUSDT,2023-10-31 12:00:00+00:00,0,1.3442775
174603,AVAXUSDT,2024-03-31 19:15:00+00:00,0,1.2172384
196220,AVAXUSDT,2024-11-11 23:30:00+00:00,0,1.2113075
173019,AVAXUSDT,2024-03-15 07:15:00+00:00,1,1.2487253
158156,AVAXUSDT,2023-10-12 11:30:00+00:00,4,1.2042725
150425,AVAXUSDT,2023-07-23 22:45:00+00:00,8,1.2441955
131754,AVAXUSDT,2023-01-10 11:00:00+00:00,1,1.3254044
161269,AVAXUSDT,2023-11-13 21:45:00+00:00,4,1.1400323
183358,AVAXUSDT,2024-07-01 00:00:00+00:00,9,1.3372773
155752,AVAXUSDT,2023-09-17 10:30:00+00:00,1,1.1319195
144870,AVAXUSDT,2023-05-27 02:00:00+00:00,0,1.26785
163315,AVAXUSDT,2023-12-05 05:15:00+00:00,9,1.2471882
131268,AVAXUSDT,2023-01-05 09:30:00+00:00,2,1.2699407
160830,AVAXUSDT,2023-11-09 08:00:00+00:00,9,1.1778818
181322,AVAXUSDT,2024-06-09 19:00:00+00:00,0,1.2323284
168709,AVAXUSDT,2024-01-30 09:45:00+00:00,0,1.1730905
168926,AVAXUSDT,2024-02-01 16:00:00+00:00,4,1.220019
183091,AVAXUSDT,2024-06-28 05:15:00+00:00,3,1.2668586
154412,AVAXUSDT,2023-09-03 11:30:00+00:00,4,1.2580637
159994,AVAXUSDT,2023-10-31 15:00:00+00:00,4,1.2087655
164359,AVAXUSDT,2023-12-16 02:15:00+00:00,8,1.2335018
185100,AVAXUSDT,2024-07-19 03:30:00+00:00,8,1.2483355
173774,AVAXUSDT,2024-03-23 04:00:00+00:00,8,1.2555225
179349,AVAXUSDT,2024-05-20 05:45:00+00:00,0,1.283536
142489,AVAXUSDT,2023-05-02 06:45:00+00:00,3,1.2442555
141348,AVAXUSDT,2023-04-20 09:30:00+00:00,2,1.2021275
137841,AVAXUSDT,2023-03-14 20:45:00+00:00,8,1.2767085
163391,AVAXUSDT,2023-12-06 00:15:00+00:00,0,1.1224637
155026,AVAXUSDT,2023-09-09 21:00:00+00:00,8,1.2023462
150172,AVAXUSDT,2023-07-21 07:30:00+00:00,2,1.1626095
189684,AVAXUSDT,2024-09-04 21:30:00+00:00,9,1.318825
182568,AVAXUSDT,2024-06-22 18:30:00+00:00,8,1.2464222
180234,AVAXUSDT,2024-05-29 11:00:00+00:00,9,1.2098194
169691,AVAXUSDT,2024-02-09 15:15:00+00:00,0,1.17203
187381,AVAXUSDT,2024-08-11 21:45:00+00:00,4,1.2255683
193637,AVAXUSDT,2024-10-16 01:45:00+00:00,2,1.4090259
160867,AVAXUSDT,2023-11-09 17:15:00+00:00,4,1.3317059
196547,AVAXUSDT,2024-11-15 09:15:00+00:00,0,1.238297
140854,AVAXUSDT,2023-04-15 06:00:00+00:00,2,1.2659752
164129,AVAXUSDT,2023-12-13 16:45:00+00:00,9,1.2164713
186764,AVAXUSDT,2024-08-05 11:30:00+00:00,4,1.2423038
188344,AVAXUSDT,2024-08-21 22:30:00+00:00,9,1.2060313
152179,AVAXUSDT,2023-08-11 05:15:00+00:00,4,1.2701573
160395,AVAXUSDT,2023-11-04 19:15:00+00:00,6,1.2597737
196446,AVAXUSDT,2024-11-14 08:00:00+00:00,9,1.2146642
193169,AVAXUSDT,2024-10-11 04:45:00+00:00,9,1.1701465
135178,AVAXUSDT,2023-02-15 03:00:00+00:00,2,1.2389925
166846,AVAXUSDT,2024-01-11 00:00:00+00:00,0,1.3335092
199724,AVAXUSDT,2024-12-18 11:30:00+00:00,3,1.2645639
147742,AVAXUSDT,2023-06-26 00:00:00+00:00,2,1.2633023
173409,AVAXUSDT,2024-03-19 08:45:00+00:00,4,1.2774253
160045,AVAXUSDT,2023-11-01 03:45:00+00:00,2,1.1355345
138973,AVAXUSDT,2023-03-26 15:45:00+00:00,0,1.2025862
160136,AVAXUSDT,2023-11-02 02:30:00+00:00,8,1.1296
182389,AVAXUSDT,2024-06-20 21:45:00+00:00,6,1.2132758
135351,AVAXUSDT,2023-02-16 22:15:00+00:00,4,1.1452717
180625,AVAXUSDT,2024-06-02 12:45:00+00:00,5,1.2725377
133734,AVAXUSDT,2023-01-31 02:00:00+00:00,7,1.1890329
135354,AVAXUSDT,2023-02-16 23:00:00+00:00,4,1.2570127
148526,AVAXUSDT,2023-07-04 04:00:00+00:00,0,1.2340847
195625,AVAXUSDT,2024-11-05 18:45:00+00:00,9,1.2800975
135687,AVAXUSDT,2023-02-20 10:15:00+00:00,0,1.2391334
164534,AVAXUSDT,2023-12-17 22:00:00+00:00,8,1.2388757
175456,AVAXUSDT,2024-04-09 16:30:00+00:00,4,1.2017645
170812,AVAXUSDT,2024-02-21 07:30:00+00:00,4,1.1974553
178940,AVAXUSDT,2024-05-15 23:30:00+00:00,3,1.1604459
174011,AVAXUSDT,2024-03-25 15:15:00+00:00,5,1.2463715
184773,AVAXUSDT,2024-07-15 17:45:00+00:00,7,1.1820045
193467,AVAXUSDT,2024-10-14 07:15:00+00:00,9,1.2344704
133360,AVAXUSDT,2023-01-27 04:30:00+00:00,1,1.2918286
137966,AVAXUSDT,2023-03-16 04:00:00+00:00,2,1.2185597
196279,AVAXUSDT,2024-11-12 14:15:00+00:00,7,1.313368
138890,AVAXUSDT,2023-03-25 19:00:00+00:00,4,1.1707159
152872,AVAXUSDT,2023-08-18 10:30:00+00:00,1,1.3448176
179881,AVAXUSDT,2024-05-25 18:45:00+00:00,6,1.194789
169343,AVAXUSDT,2024-02-06 00:15:00+00:00,3,1.1734906
184521,AVAXUSDT,2024-07-13 02:45:00+00:00,8,1.2847984
190275,AVAXUSDT,2024-09-11 01:15:00+00:00,9,1.2543132
145363,AVAXUSDT,2023-06-01 05:15:00+00:00,1,1.2208266
148347,AVAXUSDT,2023-07-02 07:15:00+00:00,3,1.2656324
196477,AVAXUSDT,2024-11-14 15:45:00+00:00,7,1.1130737
167246,AVAXUSDT,2024-01-15 04:00:00+00:00,3,1.2427181
132177,AVAXUSDT,2023-01-14 20:45:00+00:00,2,1.1885484
164152,AVAXUSDT,2023-12-13 22:30:00+00:00,6,1.2651922
182232,AVAXUSDT,2024-06-19 06:30:00+00:00,9,1.2418114
141027,AVAXUSDT,2023-04-17 01:15:00+00:00,9,1.1960571
160150,AVAXUSDT,2023-11-02 06:00:00+00:00,4,1.2004195
152813,AVAXUSDT,2023-08-17 19:45:00+00:00,3,1.2291429
169354,AVAXUSDT,2024-02-06 03:00:00+00:00,0,1.1589296
138230,AVAXUSDT,2023-03-18 22:00:00+00:00,6,1.1672001
135582,AVAXUSDT,2023-02-19 08:00:00+00:00,2,1.2233359
143072,AVAXUSDT,2023-05-08 08:30:00+00:00,7,1.2947531
170006,AVAXUSDT,2024-02-12 22:00:00+00:00,9,1.2125511
164536,AVAXUSDT,2023-12-17 22:30:00+00:00,8,1.2863257
192786,AVAXUSDT,2024-10-07 05:00:00+00:00,9,1.2205733
197956,AVAXUSDT,2024-11-30 01:30:00+00:00,0,1.3009535
164048,AVAXUSDT,2023-12-12 20:30:00+00:00,7,1.2430065
168076,AVAXUSDT,2024-01-23 19:30:00+00:00,9,1.1444917
161485,AVAXUSDT,2023-11-16 03:45:00+00:00,0,1.1569251
196139,AVAXUSDT,2024-11-11 03:15:00+00:00,3,1.3367206
137867,AVAXUSDT,2023-03-15 03:15:00+00:00,1,1.1160038
137229,AVAXUSDT,2023-03-08 11:45:00+00:00,2,1.3422731
139384,AVAXUSDT,2023-03-30 22:30:00+00:00,3,1.1726128
195722,AVAXUSDT,2024-11-06 19:00:00+00:00,3,1.2921609
196494,AVAXUSDT,2024-11-14 20:00:00+00:00,3,1.2461393
150847,AVAXUSDT,2023-07-28 08:15:00+00:00,4,1.160789
156649,AVAXUSDT,2023-09-26 18:45:00+00:00,7,1.2413614
179020,AVAXUSDT,2024-05-16 19:30:00+00:00,5,1.366968
170395,AVAXUSDT,2024-02-16 23:15:00+00:00,1,1.2542057
137620,AVAXUSDT,2023-03-12 13:30:00+00:00,1,1.357447
176207,AVAXUSDT,2024-04-17 12:15:00+00:00,4,1.1904485
184122,AVAXUSDT,2024-07-08 23:00:00+00:00,2,1.2992848
169955,AVAXUSDT,2024-02-12 09:15:00+00:00,3,1.2028121
182390,AVAXUSDT,2024-06-20 22:00:00+00:00,8,1.2140888
172885,AVAXUSDT,2024-03-13 21:45:00+00:00,0,1.2286663
151825,AVAXUSDT,2023-08-07 12:45:00+00:00,3,1.3053882
141233,AVAXUSDT,2023-04-19 04:45:00+00:00,2,1.159162
145233,AVAXUSDT,2023-05-30 20:45:00+00:00,3,1.2700427
189427,AVAXUSDT,2024-09-02 05:15:00+00:00,2,1.2447909
167821,AVAXUSDT,2024-01-21 03:45:00+00:00,5,1.2694322
142763,AVAXUSDT,2023-05-05 03:15:00+00:00,9,1.1319102
135701,AVAXUSDT,2023-02-20 13:45:00+00:00,0,1.1759989
138965,AVAXUSDT,2023-03-26 13:45:00+00:00,0,1.1716582
191272,AVAXUSDT,2024-09-21 10:30:00+00:00,1,1.2549013
146422,AVAXUSDT,2023-06-12 06:00:00+00:00,2,1.3061424
145464,AVAXUSDT,2023-06-02 06:30:00+00:00,1,1.3165135
145409,AVAXUSDT,2023-06-01 16:45:00+00:00,4,1.227235
184403,AVAXUSDT,2024-07-11 21:15:00+00:00,8,1.2045
195461,AVAXUSDT,2024-11-04 01:45:00+00:00,5,1.2425348
153255,AVAXUSDT,2023-08-22 10:15:00+00:00,2,1.2571554
172120,AVAXUSDT,2024-03-05 22:30:00+00:00,4,1.3450589
165885,AVAXUSDT,2023-12-31 23:45:00+00:00,4,1.1401175
173860,AVAXUSDT,2024-03-24 01:30:00+00:00,3,1.269457
182526,AVAXUSDT,2024-06-22 08:00:00+00:00,7,1.512213
155732,AVAXUSDT,2023-09-17 05:30:00+00:00,3,1.1686274
135708,AVAXUSDT,2023-02-20 15:30:00+00:00,0,1.2361327
178712,AVAXUSDT,2024-05-13 14:30:00+00:00,5,1.2881739
150363,AVAXUSDT,2023-07-23 07:15:00+00:00,2,1.2826611
192839,AVAXUSDT,2024-10-07 18:15:00+00:00,8,1.1501619
143772,AVAXUSDT,2023-05-15 15:30:00+00:00,5,1.2779713
175161,AVAXUSDT,2024-04-06 14:45:00+00:00,0,1.1844658
187812,AVAXUSDT,2024-08-16 09:30:00+00:00,1,1.2355901
140589,AVAXUSDT,2023-04-12 11:45:00+00:00,2,1.242303
131059,AVAXUSDT,2023-01-03 05:15:00+00:00,1,1.2684972
195463,AVAXUSDT,2024-11-04 02:15:00+00:00,5,1.2880758
137792,AVAXUSDT,2023-03-14 08:30:00+00:00,2,1.2941912
155387,AVAXUSDT,2023-09-13 15:15:00+00:00,0,1.2565584
182593,AVAXUSDT,2024-06-23 00:45:00+00:00,1,1.3057307
171015,AVAXUSDT,2024-02-23 10:15:00+00:00,5,1.1687167
167413,AVAXUSDT,2024-01-16 21:45:00+00:00,0,1.1677686
141862,AVAXUSDT,2023-04-25 18:00:00+00:00,0,1.2577372
177186,AVAXUSDT,2024-04-27 17:00:00+00:00,8,1.2318234
163386,AVAXUSDT,2023-12-05 23:00:00+00:00,0,1.1532099
157353,AVAXUSDT,2023-10-04 02:45:00+00:00,4,1.2336915
137341,AVAXUSDT,2023-03-09 15:45:00+00:00,2,1.3173494
183892,AVAXUSDT,2024-07-06 13:30:00+00:00,1,1.2635957
200187,AVAXUSDT,2024-12-23 07:15:00+00:00,4,1.1810154
194890,AVAXUSDT,2024-10-29 03:00:00+00:00,0,1.1257019
151596,AVAXUSDT,2023-08-05 03:30:00+00:00,1,1.1789173
162556,AVAXUSDT,2023-11-27 07:30:00+00:00,7,1.1670017
174934,AVAXUSDT,2024-04-04 06:00:00+00:00,2,1.3181617
131946,AVAXUSDT,2023-01-12 11:00:00+00:00,1,1.2743508
131122,AVAXUSDT,2023-01-03 21:00:00+00:00,3,1.2739401
137482,AVAXUSDT,2023-03-11 03:00:00+00:00,8,1.1742415
175410,AVAXUSDT,2024-04-09 05:00:00+00:00,4,1.2032644
148283,AVAXUSDT,2023-07-01 15:15:00+00:00,1,1.2541541
183015,AVAXUSDT,2024-06-27 10:15:00+00:00,0,1.1754448
144984,AVAXUSDT,2023-05-28 06:30:00+00:00,9,1.3779846
143605,AVAXUSDT,2023-05-13 21:45:00+00:00,3,1.2439792
134978,AVAXUSDT,2023-02-13 01:00:00+00:00,4,1.2163936
163489,AVAXUSDT,2023-12-07 00:45:00+00:00,4,1.2163599
146774,AVAXUSDT,2023-06-15 22:00:00+00:00,9,1.137315
175765,AVAXUSDT,2024-04-12 21:45:00+00:00,3,1.4236705
156627,AVAXUSDT,2023-09-26 13:15:00+00:00,5,1.2300735
195381,AVAXUSDT,2024-11-03 05:45:00+00:00,2,1.1996399
151806,AVAXUSDT,2023-08-07 08:00:00+00:00,5,1.2940065
199573,AVAXUSDT,2024-12-16 21:45:00+00:00,8,1.2018766
195372,AVAXUSDT,2024-11-03 03:30:00+00:00,4,1.1566015
173282,AVAXUSDT,2024-03-18 01:00:00+00:00,7,1.317475
161576,AVAXUSDT,2023-11-17 02:30:00+00:00,0,1.1380419
149326,AVAXUSDT,2023-07-12 12:00:00+00:00,9,1.2397807
147347,AVAXUSDT,2023-06-21 21:15:00+00:00,9,1.25996
154117,AVAXUSDT,2023-08-31 09:45:00+00:00,5,1.2369323
142893,AVAXUSDT,2023-05-06 11:45:00+00:00,1,1.3110659
195631,AVAXUSDT,2024-11-05 20:15:00+00:00,4,1.3337854
136361,AVAXUSDT,2023-02-27 10:45:00+00:00,7,1.1810473
182994,AVAXUSDT,2024-06-27 05:00:00+00:00,3,1.3267447
165413,AVAXUSDT,2023-12-27 01:45:00+00:00,2,1.2021123
196580,AVAXUSDT,2024-11-15 17:30:00+00:00,4,1.1914293
149290,AVAXUSDT,2023-07-12 03:00:00+00:00,2,1.1740898
194409,AVAXUSDT,2024-10-24 02:45:00+00:00,9,1.2091794
166941,AVAXUSDT,2024-01-11 23:45:00+00:00,1,1.2324243
154778,AVAXUSDT,2023-09-07 07:00:00+00:00,2,1.1752727
136201,AVAXUSDT,2023-02-25 18:45:00+00:00,4,1.3917937
177473,AVAXUSDT,2024-04-30 16:45:00+00:00,7,0.98378724
148951,AVAXUSDT,2023-07-08 14:15:00+00:00,0,1.2685056
166291,AVAXUSDT,2024-01-05 05:15:00+00:00,4,1.247505
132791,AVAXUSDT,2023-01-21 06:15:00+00:00,8,1.2287868
149703,AVAXUSDT,2023-07-16 10:15:00+00:00,1,1.1890467
153650,AVAXUSDT,2023-08-26 13:00:00+00:00,1,1.1399431
199037,AVAXUSDT,2024-12-11 07:45:00+00:00,2,1.2129443
180057,AVAXUSDT,2024-05-27 14:45:00+00:00,0,1.2464769
141177,AVAXUSDT,2023-04-18 14:45:00+00:00,4,1.2172408
134984,AVAXUSDT,2023-02-13 02:30:00+00:00,7,1.136203
158785,AVAXUSDT,2023-10-19 00:45:00+00:00,7,1.3012265
132441,AVAXUSDT,2023-01-17 14:45:00+00:00,0,1.2304296
173366,AVAXUSDT,2024-03-18 22:00:00+00:00,9,1.2752286
137445,AVAXUSDT,2023-03-10 17:45:00+00:00,8,1.3450669
177092,AVAXUSDT,2024-04-26 17:30:00+00:00,3,1.2475568
135657,AVAXUSDT,2023-02-20 02:45:00+00:00,8,1.3038785
179677,AVAXUSDT,2024-05-23 15:45:00+00:00,4,1.1750011
195058,AVAXUSDT,2024-10-30 21:00:00+00:00,0,1.2153734
151176,AVAXUSDT,2023-07-31 18:30:00+00:00,7,1.1660196
192078,AVAXUSDT,2024-09-29 20:00:00+00:00,0,1.288553
135132,AVAXUSDT,2023-02-14 15:30:00+00:00,0,1.3566847
165356,AVAXUSDT,2023-12-26 11:30:00+00:00,3,1.2112348
140013,AVAXUSDT,2023-04-06 11:45:00+00:00,1,1.3217809
188688,AVAXUSDT,2024-08-25 12:30:00+00:00,3,1.2078657
144510,AVAXUSDT,2023-05-23 08:00:00+00:00,8,1.3157603
179322,AVAXUSDT,2024-05-19 23:00:00+00:00,1,1.196325
178577,AVAXUSDT,2024-05-12 04:45:00+00:00,1,1.1915855
154042,AVAXUSDT,2023-08-30 15:00:00+00:00,4,1.2173355
161047,AVAXUSDT,2023-11-11 14:15:00+00:00,0,1.2937244
179208,AVAXUSDT,2024-05-18 18:30:00+00:00,6,1.2040299
179614,AVAXUSDT,2024-05-23 00:00:00+00:00,2,1.2317704
164251,AVAXUSDT,2023-12-14 23:15:00+00:00,0,1.1101136
188605,AVAXUSDT,2024-08-24 15:45:00+00:00,5,1.2317604
171300,AVAXUSDT,2024-02-26 09:30:00+00:00,7,1.2377187
158610,AVAXUSDT,2023-10-17 05:00:00+00:00,2,1.2814918
186484,AVAXUSDT,2024-08-02 13:30:00+00:00,4,1.2742828
190697,AVAXUSDT,2024-09-15 10:45:00+00:00,4,1.3510463
148228,AVAXUSDT,2023-07-01 01:30:00+00:00,6,1.164463
192969,AVAXUSDT,2024-10-09 02:45:00+00:00,2,1.3838354
163485,AVAXUSDT,2023-12-06 23:45:00+00:00,8,1.3175846
142767,AVAXUSDT,2023-05-05 04:15:00+00:00,1,1.1706201
197004,AVAXUSDT,2024-11-20 03:30:00+00:00,4,1.2044258
190353,AVAXUSDT,2024-09-11 20:45:00+00:00,2,1.2011366
192206,AVAXUSDT,2024-10-01 04:00:00+00:00,3,1.1424124
162338,AVAXUSDT,2023-11-25 01:00:00+00:00,8,1.1129198
190897,AVAXUSDT,2024-09-17 12:45:00+00:00,1,1.1828192
154969,AVAXUSDT,2023-09-09 06:45:00+00:00,8,1.1693456
178722,AVAXUSDT,2024-05-13 17:00:00+00:00,3,1.2862233
133652,AVAXUSDT,2023-01-30 05:30:00+00:00,2,1.2848691
189108,AVAXUSDT,2024-08-29 21:30:00+00:00,8,1.2949249
195588,AVAXUSDT,2024-11-05 09:30:00+00:00,0,1.2997898
147736,AVAXUSDT,2023-06-25 22:30:00+00:00,1,1.1458418
194638,AVAXUSDT,2024-10-26 12:00:00+00:00,1,1.3136044
178252,AVAXUSDT,2024-05-08 19:30:00+00:00,7,1.2548863
135334,AVAXUSDT,2023-02-16 18:00:00+00:00,3,1.2208227
150866,AVAXUSDT,2023-07-28 13:00:00+00:00,0,1.2391025
143485,AVAXUSDT,2023-05-12 15:45:00+00:00,4,1.1571271
168211,AVAXUSDT,2024-01-25 05:15:00+00:00,8,1.2795602
165053,AVAXUSDT,2023-12-23 07:45:00+00:00,0,1.2706993
188056,AVAXUSDT,2024-08-18 22:30:00+00:00,6,1.1818036
167369,AVAXUSDT,2024-01-16 10:45:00+00:00,7,1.3242451
178581,AVAXUSDT,2024-05-12 05:45:00+00:00,1,1.215498
189735,AVAXUSDT,2024-09-05 10:15:00+00:00,2,1.2087767
199698,AVAXUSDT,2024-12-18 05:00:00+00:00,7,1.2222399
187500,AVAXUSDT,2024-08-13 03:30:00+00:00,2,1.1537831
180506,AVAXUSDT,2024-06-01 07:00:00+00:00,1,1.158754
179193,AVAXUSDT,2024-05-18 14:45:00+00:00,4,1.1416242
155501,AVAXUSDT,2023-09-14 19:45:00+00:00,9,1.2060069
173289,AVAXUSDT,2024-03-18 02:45:00+00:00,0,1.247985
138735,AVAXUSDT,2023-03-24 04:15:00+00:00,1,1.3386536
160926,AVAXUSDT,2023-11-10 08:00:00+00:00,8,1.290701
143741,AVAXUSDT,2023-05-15 07:45:00+00:00,0,1.2480305
144959,AVAXUSDT,2023-05-28 00:15:00+00:00,0,1.2756158
189004,AVAXUSDT,2024-08-28 19:30:00+00:00,3,1.190489
189409,AVAXUSDT,2024-09-02 00:45:00+00:00,4,1.2936888
181018,AVAXUSDT,2024-06-06 15:00:00+00:00,9,1.2256496
191181,AVAXUSDT,2024-09-20 11:45:00+00:00,9,1.1928129
148775,AVAXUSDT,2023-07-06 18:15:00+00:00,3,1.2102857
154419,AVAXUSDT,2023-09-03 13:15:00+00:00,3,1.3734719
183834,AVAXUSDT,2024-07-05 23:00:00+00:00,1,1.2298737
142090,AVAXUSDT,2023-04-28 03:00:00+00:00,1,1.2129116
190221,AVAXUSDT,2024-09-10 11:45:00+00:00,1,1.2803733
148055,AVAXUSDT,2023-06-29 06:15:00+00:00,2,1.238401
184427,AVAXUSDT,2024-07-12 03:15:00+00:00,0,1.257689
145132,AVAXUSDT,2023-05-29 19:30:00+00:00,3,1.2833153
155940,AVAXUSDT,2023-09-19 09:30:00+00:00,0,1.2383473
168935,AVAXUSDT,2024-02-01 18:15:00+00:00,0,1.1768496
154755,AVAXUSDT,2023-09-07 01:15:00+00:00,1,1.1986624
143118,AVAXUSDT,2023-05-08 20:00:00+00:00,7,1.2483035
193179,AVAXUSDT,2024-10-11 07:15:00+00:00,1,1.1679398
178235,AVAXUSDT,2024-05-08 15:15:00+00:00,7,1.2664146
137934,AVAXUSDT,2023-03-15 20:00:00+00:00,7,1.0881209
186296,AVAXUSDT,2024-07-31 14:30:00+00:00,0,1.3030376
190622,AVAXUSDT,2024-09-14 16:00:00+00:00,0,1.2691413
192477,AVAXUSDT,2024-10-03 23:45:00+00:00,1,1.2026669
162740,AVAXUSDT,2023-11-29 05:30:00+00:00,9,1.1576627
155530,AVAXUSDT,2023-09-15 03:00:00+00:00,0,1.1811472
144702,AVAXUSDT,2023-05-25 08:00:00+00:00,2,1.2225521
146051,AVAXUSDT,2023-06-08 09:15:00+00:00,2,1.2752184
162607,AVAXUSDT,2023-11-27 20:15:00+00:00,7,1.1503977
147145,AVAXUSDT,2023-06-19 18:45:00+00:00,0,1.2181996
173106,AVAXUSDT,2024-03-16 05:00:00+00:00,2,1.31171
171945,AVAXUSDT,2024-03-04 02:45:00+00:00,8,1.3239095
154934,AVAXUSDT,2023-09-08 22:00:00+00:00,2,1.1778821
185851,AVAXUSDT,2024-07-26 23:15:00+00:00,0,1.1213355
193005,AVAXUSDT,2024-10-09 11:45:00+00:00,2,1.2282927
318377,BCHUSDT,2024-08-13 11:00:00+00:00,2,1.2011384
269834,BCHUSDT,2023-03-26 19:15:00+00:00,3,1.2675654
305798,BCHUSDT,2024-04-04 10:15:00+00:00,9,1.3788779
321468,BCHUSDT,2024-09-14 15:45:00+00:00,7,1.2297888
274161,BCHUSDT,2023-05-10 21:00:00+00:00,3,1.2434605
264031,BCHUSDT,2023-01-25 08:30:00+00:00,1,1.3592544
315106,BCHUSDT,2024-07-10 09:15:00+00:00,8,1.2002587
290325,BCHUSDT,2023-10-26 06:00:00+00:00,4,1.128928
311612,BCHUSDT,2024-06-03 23:45:00+00:00,4,1.2604337
263143,BCHUSDT,2023-01-16 02:30:00+00:00,0,1.1760569
293256,BCHUSDT,2023-11-25 18:45:00+00:00,6,1.2234241
282421,BCHUSDT,2023-08-04 22:00:00+00:00,4,1.3225869
319728,BCHUSDT,2024-08-27 12:45:00+00:00,2,1.2157313
329203,BCHUSDT,2024-12-04 05:30:00+00:00,9,1.2802948
291653,BCHUSDT,2023-11-09 02:00:00+00:00,0,1.2019942
329208,BCHUSDT,2024-12-04 06:45:00+00:00,1,1.2495887
274631,BCHUSDT,2023-05-15 18:30:00+00:00,3,1.2353257
306108,BCHUSDT,2024-04-07 15:45:00+00:00,5,1.1616052
315680,BCHUSDT,2024-07-16 08:45:00+00:00,7,1.1502044
312433,BCHUSDT,2024-06-12 13:00:00+00:00,0,1.133109
287668,BCHUSDT,2023-09-28 13:45:00+00:00,4,1.2262833
279381,BCHUSDT,2023-07-04 06:00:00+00:00,4,1.2010571
297120,BCHUSDT,2024-01-05 00:45:00+00:00,9,1.2114393
288661,BCHUSDT,2023-10-08 22:00:00+00:00,7,1.238315
266863,BCHUSDT,2023-02-23 20:30:00+00:00,6,1.1961576
297373,BCHUSDT,2024-01-07 16:00:00+00:00,5,1.3102244
330717,BCHUSDT,2024-12-20 00:00:00+00:00,3,1.2651514
315120,BCHUSDT,2024-07-10 12:45:00+00:00,4,1.1057647
325481,BCHUSDT,2024-10-26 11:00:00+00:00,8,1.3659858
318914,BCHUSDT,2024-08-19 01:15:00+00:00,4,1.1722679
313288,BCHUSDT,2024-06-21 10:45:00+00:00,5,1.1235888
288323,BCHUSDT,2023-10-05 09:30:00+00:00,5,1.2246193
314449,BCHUSDT,2024-07-03 13:00:00+00:00,4,1.195995
319779,BCHUSDT,2024-08-28 01:30:00+00:00,7,1.1966053
286346,BCHUSDT,2023-09-14 19:15:00+00:00,9,1.2202467
297340,BCHUSDT,2024-01-07 07:45:00+00:00,3,1.1893473
290353,BCHUSDT,2023-10-26 13:00:00+00:00,8,1.2477727
305945,BCHUSDT,2024-04-05 23:00:00+00:00,8,1.297406
302020,BCHUSDT,2024-02-25 01:45:00+00:00,0,1.2460375
316900,BCHUSDT,2024-07-29 01:45:00+00:00,4,1.2983818
288275,BCHUSDT,2023-10-04 21:30:00+00:00,1,1.2049708
324200,BCHUSDT,2024-10-13 02:45:00+00:00,8,1.2250082
284115,BCHUSDT,2023-08-22 13:30:00+00:00,2,1.2381831
307776,BCHUSDT,2024-04-25 00:45:00+00:00,9,1.3684034
301645,BCHUSDT,2024-02-21 04:00:00+00:00,2,1.2175723
280937,BCHUSDT,2023-07-20 11:00:00+00:00,0,1.2464461
307328,BCHUSDT,2024-04-20 08:45:00+00:00,8,1.2148043
296822,BCHUSDT,2024-01-01 22:15:00+00:00,2,1.2549771
311261,BCHUSDT,2024-05-31 08:00:00+00:00,5,1.1589226
325541,BCHUSDT,2024-10-27 02:00:00+00:00,1,1.2143717
289406,BCHUSDT,2023-10-16 16:15:00+00:00,6,1.2504448
309907,BCHUSDT,2024-05-17 05:30:00+00:00,3,1.1399026
285852,BCHUSDT,2023-09-09 15:45:00+00:00,0,1.2211571
310630,BCHUSDT,2024-05-24 18:15:00+00:00,0,1.1941491
302831,BCHUSDT,2024-03-04 12:30:00+00:00,4,1.271352
310944,BCHUSDT,2024-05-28 00:45:00+00:00,7,1.2153802
276602,BCHUSDT,2023-06-05 07:15:00+00:00,7,1.280036
321158,BCHUSDT,2024-09-11 10:15:00+00:00,1,1.3851273
284161,BCHUSDT,2023-08-23 01:00:00+00:00,0,1.2728049
267464,BCHUSDT,2023-03-02 02:45:00+00:00,4,1.1898851
316905,BCHUSDT,2024-07-29 03:00:00+00:00,0,1.2828892
323607,BCHUSDT,2024-10-06 22:30:00+00:00,3,1.2325518
300232,BCHUSDT,2024-02-06 10:45:00+00:00,7,1.3187484
294770,BCHUSDT,2023-12-11 13:15:00+00:00,2,1.2586197
273996,BCHUSDT,2023-05-09 03:45:00+00:00,4,1.1445804
316944,BCHUSDT,2024-07-29 12:45:00+00:00,9,1.2964958
269468,BCHUSDT,2023-03-22 23:45:00+00:00,3,1.1163604
319546,BCHUSDT,2024-08-25 15:15:00+00:00,0,1.2490681
306414,BCHUSDT,2024-04-10 20:15:00+00:00,0,1.2668692
284424,BCHUSDT,2023-08-25 18:45:00+00:00,3,1.2860663
287747,BCHUSDT,2023-09-29 09:30:00+00:00,2,1.1879138
313854,BCHUSDT,2024-06-27 08:15:00+00:00,8,1.2888596
283378,BCHUSDT,2023-08-14 21:15:00+00:00,8,1.3717971
312967,BCHUSDT,2024-06-18 02:30:00+00:00,4,1.2792816
295746,BCHUSDT,2023-12-21 17:15:00+00:00,4,1.2761303
315957,BCHUSDT,2024-07-19 06:00:00+00:00,3,1.1808542
281839,BCHUSDT,2023-07-29 20:30:00+00:00,0,1.2246524
272428,BCHUSDT,2023-04-22 19:45:00+00:00,9,1.2082146
271332,BCHUSDT,2023-04-11 09:45:00+00:00,9,1.2301317
305438,BCHUSDT,2024-03-31 16:15:00+00:00,5,1.2776971
300637,BCHUSDT,2024-02-10 16:00:00+00:00,6,1.2544844
303151,BCHUSDT,2024-03-07 20:30:00+00:00,9,1.1622988
313299,BCHUSDT,2024-06-21 13:30:00+00:00,4,1.1994033
263510,BCHUSDT,2023-01-19 22:15:00+00:00,6,1.1865441
264370,BCHUSDT,2023-01-28 21:15:00+00:00,4,1.2717421
267591,BCHUSDT,2023-03-03 10:30:00+00:00,1,1.2085899
327189,BCHUSDT,2024-11-13 06:00:00+00:00,4,1.2366858
262606,BCHUSDT,2023-01-10 12:15:00+00:00,2,1.1722155
287485,BCHUSDT,2023-09-26 16:00:00+00:00,4,1.2031476
286373,BCHUSDT,2023-09-15 02:00:00+00:00,9,1.2409313
267517,BCHUSDT,2023-03-02 16:00:00+00:00,4,1.2450985
317018,BCHUSDT,2024-07-30 07:15:00+00:00,1,1.2008476
276930,BCHUSDT,2023-06-08 17:15:00+00:00,4,1.2303736
289256,BCHUSDT,2023-10-15 02:45:00+00:00,3,1.304579
301491,BCHUSDT,2024-02-19 13:30:00+00:00,3,1.1605791
263075,BCHUSDT,2023-01-15 09:30:00+00:00,4,1.1916599
328829,BCHUSDT,2024-11-30 08:00:00+00:00,5,1.2464887
271148,BCHUSDT,2023-04-09 11:45:00+00:00,1,1.2833028
303982,BCHUSDT,2024-03-16 12:15:00+00:00,4,1.1785742
322093,BCHUSDT,2024-09-21 04:00:00+00:00,1,1.1269528
307873,BCHUSDT,2024-04-26 01:00:00+00:00,4,1.172525
286593,BCHUSDT,2023-09-17 09:00:00+00:00,0,1.1317768
328775,BCHUSDT,2024-11-29 18:30:00+00:00,9,1.161474
273723,BCHUSDT,2023-05-06 07:30:00+00:00,3,1.3350438
266250,BCHUSDT,2023-02-17 11:15:00+00:00,1,1.1268667
308712,BCHUSDT,2024-05-04 18:45:00+00:00,6,1.273198
298103,BCHUSDT,2024-01-15 06:30:00+00:00,2,1.2249496
263206,BCHUSDT,2023-01-16 18:15:00+00:00,3,1.2168002
324518,BCHUSDT,2024-10-16 10:15:00+00:00,0,1.2452517
317057,BCHUSDT,2024-07-30 17:00:00+00:00,4,1.2947243
309722,BCHUSDT,2024-05-15 07:15:00+00:00,2,1.1291842
321493,BCHUSDT,2024-09-14 22:00:00+00:00,7,1.2879311
310266,BCHUSDT,2024-05-20 23:15:00+00:00,0,1.3313153
299149,BCHUSDT,2024-01-26 04:00:00+00:00,8,1.2237273
300216,BCHUSDT,2024-02-06 06:45:00+00:00,8,1.2858979
310620,BCHUSDT,2024-05-24 15:45:00+00:00,3,1.2302653
295246,BCHUSDT,2023-12-16 12:15:00+00:00,1,1.2988002
306939,BCHUSDT,2024-04-16 07:30:00+00:00,3,1.2661775
290777,BCHUSDT,2023-10-30 23:00:00+00:00,2,1.2083621
264513,BCHUSDT,2023-01-30 09:00:00+00:00,4,1.1524664
323509,BCHUSDT,2024-10-05 22:00:00+00:00,7,1.3630382
308973,BCHUSDT,2024-05-07 12:00:00+00:00,0,1.2393812
301989,BCHUSDT,2024-02-24 18:00:00+00:00,6,1.261529
311173,BCHUSDT,2024-05-30 10:00:00+00:00,5,1.2460902
310315,BCHUSDT,2024-05-21 11:30:00+00:00,2,1.1703799
308955,BCHUSDT,2024-05-07 07:30:00+00:00,3,1.2175522
299414,BCHUSDT,2024-01-28 22:15:00+00:00,3,1.277535
278177,BCHUSDT,2023-06-21 17:00:00+00:00,0,1.2819831
278045,BCHUSDT,2023-06-20 08:00:00+00:00,1,1.2255026
265934,BCHUSDT,2023-02-14 04:15:00+00:00,2,1.1702152
315891,BCHUSDT,2024-07-18 13:30:00+00:00,1,1.2707071
265716,BCHUSDT,2023-02-11 21:45:00+00:00,3,1.3316257
313322,BCHUSDT,2024-06-21 19:15:00+00:00,5,1.2989093
324483,BCHUSDT,2024-10-16 01:30:00+00:00,0,1.3202703
329213,BCHUSDT,2024-12-04 08:00:00+00:00,1,1.1799759
289775,BCHUSDT,2023-10-20 12:30:00+00:00,5,1.2524643
269439,BCHUSDT,2023-03-22 16:30:00+00:00,4,1.1329551
324601,BCHUSDT,2024-10-17 07:00:00+00:00,1,1.2237821
294267,BCHUSDT,2023-12-06 07:30:00+00:00,3,1.147818
315826,BCHUSDT,2024-07-17 21:15:00+00:00,3,1.3347442
297523,BCHUSDT,2024-01-09 05:30:00+00:00,3,1.2608222
278995,BCHUSDT,2023-06-30 05:30:00+00:00,9,1.2113479
327603,BCHUSDT,2024-11-17 13:30:00+00:00,8,1.2361503
266218,BCHUSDT,2023-02-17 03:15:00+00:00,3,1.4079225
297840,BCHUSDT,2024-01-12 12:45:00+00:00,7,1.269372
316201,BCHUSDT,2024-07-21 19:00:00+00:00,4,1.2551892
323561,BCHUSDT,2024-10-06 11:00:00+00:00,2,1.1632059
301004,BCHUSDT,2024-02-14 11:45:00+00:00,2,1.4265099
275390,BCHUSDT,2023-05-23 16:15:00+00:00,2,1.24543
262475,BCHUSDT,2023-01-09 03:30:00+00:00,9,1.1441367
325473,BCHUSDT,2024-10-26 09:00:00+00:00,2,1.3154091
307886,BCHUSDT,2024-04-26 04:15:00+00:00,1,1.2809427
262782,BCHUSDT,2023-01-12 08:15:00+00:00,4,1.1817284
318292,BCHUSDT,2024-08-12 13:45:00+00:00,7,1.2986466
273121,BCHUSDT,2023-04-30 01:00:00+00:00,4,1.158061
287342,BCHUSDT,2023-09-25 04:15:00+00:00,3,1.2094767
284353,BCHUSDT,2023-08-25 01:00:00+00:00,0,1.3161286
326415,BCHUSDT,2024-11-05 04:30:00+00:00,1,1.240647
273143,BCHUSDT,2023-04-30 06:30:00+00:00,3,1.2228067
283017,BCHUSDT,2023-08-11 03:00:00+00:00,4,1.1679721
292478,BCHUSDT,2023-11-17 16:15:00+00:00,4,1.0763868
324977,BCHUSDT,2024-10-21 05:00:00+00:00,9,1.3516258
286186,BCHUSDT,2023-09-13 03:15:00+00:00,2,1.242217
305351,BCHUSDT,2024-03-30 18:30:00+00:00,8,1.3339913
314713,BCHUSDT,2024-07-06 07:00:00+00:00,1,1.2679352
300861,BCHUSDT,2024-02-13 00:00:00+00:00,3,1.2984095
288229,BCHUSDT,2023-10-04 10:00:00+00:00,1,1.2114341
278538,BCHUSDT,2023-06-25 11:15:00+00:00,3,1.2480004
299655,BCHUSDT,2024-01-31 10:30:00+00:00,4,1.1905695
280196,BCHUSDT,2023-07-12 17:45:00+00:00,7,1.2609509
319595,BCHUSDT,2024-08-26 03:30:00+00:00,2,1.2007176
326524,BCHUSDT,2024-11-06 07:45:00+00:00,9,1.2095346
262937,BCHUSDT,2023-01-13 23:00:00+00:00,0,1.3352419
307817,BCHUSDT,2024-04-25 11:00:00+00:00,4,1.1220374
310613,BCHUSDT,2024-05-24 14:00:00+00:00,4,1.153491
285719,BCHUSDT,2023-09-08 06:30:00+00:00,4,1.3342168
320538,BCHUSDT,2024-09-04 23:15:00+00:00,1,1.2309554
320588,BCHUSDT,2024-09-05 11:45:00+00:00,8,1.208556
285964,BCHUSDT,2023-09-10 19:45:00+00:00,6,1.2571018
273144,BCHUSDT,2023-04-30 06:45:00+00:00,3,1.2825125
281191,BCHUSDT,2023-07-23 02:30:00+00:00,3,1.373345
311822,BCHUSDT,2024-06-06 04:15:00+00:00,9,1.2471806
275600,BCHUSDT,2023-05-25 20:45:00+00:00,6,1.2551514
315847,BCHUSDT,2024-07-18 02:30:00+00:00,6,1.3284222
321529,BCHUSDT,2024-09-15 07:00:00+00:00,8,1.1215769
309323,BCHUSDT,2024-05-11 03:30:00+00:00,1,1.2769066
275073,BCHUSDT,2023-05-20 09:00:00+00:00,0,1.1577584
313220,BCHUSDT,2024-06-20 17:45:00+00:00,3,1.2867278
295049,BCHUSDT,2023-12-14 11:00:00+00:00,1,1.2490144
300417,BCHUSDT,2024-02-08 09:00:00+00:00,0,1.3531477
282920,BCHUSDT,2023-08-10 02:45:00+00:00,1,1.2736975
312544,BCHUSDT,2024-06-13 16:45:00+00:00,4,1.3725297
325309,BCHUSDT,2024-10-24 16:00:00+00:00,0,1.1586167
268304,BCHUSDT,2023-03-10 20:45:00+00:00,9,1.2741342
272228,BCHUSDT,2023-04-20 17:45:00+00:00,4,1.0212544
306049,BCHUSDT,2024-04-07 01:00:00+00:00,0,1.3159649
310832,BCHUSDT,2024-05-26 20:45:00+00:00,3,1.3119389
312880,BCHUSDT,2024-06-17 04:45:00+00:00,4,1.2810023
277223,BCHUSDT,2023-06-11 18:30:00+00:00,6,1.3385087
310712,BCHUSDT,2024-05-25 14:45:00+00:00,8,1.1872166
282318,BCHUSDT,2023-08-03 20:15:00+00:00,1,1.2943316
262868,BCHUSDT,2023-01-13 05:45:00+00:00,1,1.244814
294695,BCHUSDT,2023-12-10 18:30:00+00:00,5,1.2237608
292037,BCHUSDT,2023-11-13 02:00:00+00:00,5,1.2628491
313946,BCHUSDT,2024-06-28 07:15:00+00:00,0,1.1093928
272948,BCHUSDT,2023-04-28 05:45:00+00:00,1,1.1580139
262487,BCHUSDT,2023-01-09 06:30:00+00:00,9,1.287041
300457,BCHUSDT,2024-02-08 19:00:00+00:00,5,1.2068539
295294,BCHUSDT,2023-12-17 00:15:00+00:00,6,1.2625506
290494,BCHUSDT,2023-10-28 00:15:00+00:00,0,1.2880569
265633,BCHUSDT,2023-02-11 01:00:00+00:00,4,1.4393728
268621,BCHUSDT,2023-03-14 04:00:00+00:00,1,1.2755994
312650,BCHUSDT,2024-06-14 19:15:00+00:00,7,1.2722893
289597,BCHUSDT,2023-10-18 16:00:00+00:00,2,1.3030117
308582,BCHUSDT,2024-05-03 10:15:00+00:00,1,1.1930869
293905,BCHUSDT,2023-12-02 13:00:00+00:00,0,1.1630636
331767,BCHUSDT,2024-12-30 22:30:00+00:00,4,1.2379037
282741,BCHUSDT,2023-08-08 06:00:00+00:00,3,1.2966523
270596,BCHUSDT,2023-04-03 17:45:00+00:00,3,1.1938498
330456,BCHUSDT,2024-12-17 06:45:00+00:00,2,1.2752792
296756,BCHUSDT,2024-01-01 05:45:00+00:00,4,1.3795627
289146,BCHUSDT,2023-10-13 23:15:00+00:00,9,1.2388451
280516,BCHUSDT,2023-07-16 01:45:00+00:00,0,1.3067329
284534,BCHUSDT,2023-08-26 22:15:00+00:00,1,1.2073543
264781,BCHUSDT,2023-02-02 04:00:00+00:00,9,1.3183484
323578,BCHUSDT,2024-10-06 15:15:00+00:00,0,1.1244019
312887,BCHUSDT,2024-06-17 06:30:00+00:00,7,1.3189589
288986,BCHUSDT,2023-10-12 07:15:00+00:00,9,1.2410889
288651,BCHUSDT,2023-10-08 19:30:00+00:00,8,1.2352142
279401,BCHUSDT,2023-07-04 11:00:00+00:00,2,1.1602597
273044,BCHUSDT,2023-04-29 05:45:00+00:00,1,1.4088595
265364,BCHUSDT,2023-02-08 05:45:00+00:00,4,1.2015759
289230,BCHUSDT,2023-10-14 20:15:00+00:00,8,1.2489911
300874,BCHUSDT,2024-02-13 03:15:00+00:00,4,1.2217655
293047,BCHUSDT,2023-11-23 14:30:00+00:00,2,1.2115327
325108,BCHUSDT,2024-10-22 13:45:00+00:00,7,1.0717032
270929,BCHUSDT,2023-04-07 05:00:00+00:00,8,1.2202281
270240,BCHUSDT,2023-03-31 00:45:00+00:00,0,1.25138
262791,BCHUSDT,2023-01-12 10:30:00+00:00,7,1.231854
293450,BCHUSDT,2023-11-27 19:15:00+00:00,4,1.2973338
314685,BCHUSDT,2024-07-06 00:00:00+00:00,1,1.1754785
287546,BCHUSDT,2023-09-27 07:15:00+00:00,0,1.316115
280777,BCHUSDT,2023-07-18 19:00:00+00:00,9,1.2921687
271702,BCHUSDT,2023-04-15 06:15:00+00:00,2,1.1902438
283421,BCHUSDT,2023-08-15 08:00:00+00:00,0,1.1444125
290843,BCHUSDT,2023-10-31 15:30:00+00:00,4,1.1447768
276425,BCHUSDT,2023-06-03 11:00:00+00:00,5,1.2742178
304677,BCHUSDT,2024-03-23 18:00:00+00:00,1,1.2657015
316683,BCHUSDT,2024-07-26 19:30:00+00:00,9,1.2925448
285048,BCHUSDT,2023-09-01 06:45:00+00:00,8,1.2492696
281287,BCHUSDT,2023-07-24 02:30:00+00:00,7,1.1563348
303327,BCHUSDT,2024-03-09 16:30:00+00:00,2,1.2604011
288603,BCHUSDT,2023-10-08 07:30:00+00:00,4,1.16524
265675,BCHUSDT,2023-02-11 11:30:00+00:00,1,1.3047267
309509,BCHUSDT,2024-05-13 02:00:00+00:00,4,1.2355984
307733,BCHUSDT,2024-04-24 14:00:00+00:00,4,1.106401
266487,BCHUSDT,2023-02-19 22:30:00+00:00,3,1.3050159
316737,BCHUSDT,2024-07-27 09:00:00+00:00,8,1.1153693
291260,BCHUSDT,2023-11-04 23:45:00+00:00,0,1.1778016
322405,BCHUSDT,2024-09-24 10:00:00+00:00,2,1.2545086
316419,BCHUSDT,2024-07-24 01:30:00+00:00,0,1.2925662
298260,BCHUSDT,2024-01-16 21:45:00+00:00,0,1.190791
330601,BCHUSDT,2024-12-18 19:00:00+00:00,3,1.1710954
290510,BCHUSDT,2023-10-28 04:15:00+00:00,9,1.2411126
301971,BCHUSDT,2024-02-24 13:30:00+00:00,9,1.2308042
282676,BCHUSDT,2023-08-07 13:45:00+00:00,4,1.205725
290014,BCHUSDT,2023-10-23 00:15:00+00:00,6,1.3750869
319560,BCHUSDT,2024-08-25 18:45:00+00:00,0,1.2186581
300808,BCHUSDT,2024-02-12 10:45:00+00:00,0,1.1578505
275181,BCHUSDT,2023-05-21 12:00:00+00:00,7,1.1560079
321168,BCHUSDT,2024-09-11 12:45:00+00:00,9,1.3552285
297675,BCHUSDT,2024-01-10 19:30:00+00:00,9,1.1767932
320609,BCHUSDT,2024-09-05 17:00:00+00:00,4,1.2230307
319376,BCHUSDT,2024-08-23 20:45:00+00:00,0,1.2582378
312573,BCHUSDT,2024-06-14 00:00:00+00:00,8,1.3655585
325631,BCHUSDT,2024-10-28 00:30:00+00:00,6,1.3078693
307885,BCHUSDT,2024-04-26 04:00:00+00:00,1,1.3569828
266193,BCHUSDT,2023-02-16 21:00:00+00:00,4,1.3067648
282370,BCHUSDT,2023-08-04 09:15:00+00:00,4,1.2513143
277525,BCHUSDT,2023-06-14 22:00:00+00:00,4,1.2869987
272087,BCHUSDT,2023-04-19 06:30:00+00:00,4,1.3725328
295048,BCHUSDT,2023-12-14 10:45:00+00:00,1,1.2433954
297924,BCHUSDT,2024-01-13 09:45:00+00:00,8,1.2412148
278152,BCHUSDT,2023-06-21 10:45:00+00:00,8,1.242303
274023,BCHUSDT,2023-05-09 10:30:00+00:00,9,1.2045151
321425,BCHUSDT,2024-09-14 05:00:00+00:00,8,1.1967498
307995,BCHUSDT,2024-04-27 07:30:00+00:00,2,1.3154333
307635,BCHUSDT,2024-04-23 13:30:00+00:00,4,1.1104232
331329,BCHUSDT,2024-12-26 09:00:00+00:00,7,1.20196
266992,BCHUSDT,2023-02-25 04:45:00+00:00,8,1.3472157
320021,BCHUSDT,2024-08-30 14:00:00+00:00,4,1.2585722
325134,BCHUSDT,2024-10-22 20:15:00+00:00,3,1.2163635
262439,BCHUSDT,2023-01-08 18:30:00+00:00,6,1.1584306
281383,BCHUSDT,2023-07-25 02:30:00+00:00,2,1.3183832
281855,BCHUSDT,2023-07-30 00:30:00+00:00,8,1.1938831
300391,BCHUSDT,2024-02-08 02:30:00+00:00,8,1.2714876
302494,BCHUSDT,2024-03-01 00:15:00+00:00,8,1.3192346
314926,BCHUSDT,2024-07-08 12:15:00+00:00,9,1.3620511
323476,BCHUSDT,2024-10-05 13:45:00+00:00,4,1.2353354
315570,BCHUSDT,2024-07-15 05:15:00+00:00,0,1.179035
273998,BCHUSDT,2023-05-09 04:15:00+00:00,2,1.3397259
308219,BCHUSDT,2024-04-29 15:30:00+00:00,0,1.1119047
297657,BCHUSDT,2024-01-10 15:00:00+00:00,2,1.223318
300485,BCHUSDT,2024-02-09 02:00:00+00:00,0,1.3725188
331678,BCHUSDT,2024-12-30 00:15:00+00:00,3,1.2637142
269929,BCHUSDT,2023-03-27 19:00:00+00:00,3,1.2150658
327514,BCHUSDT,2024-11-16 15:15:00+00:00,0,1.229602
330338,BCHUSDT,2024-12-16 01:15:00+00:00,0,1.1822355
289764,BCHUSDT,2023-10-20 09:45:00+00:00,0,1.2620908
284062,BCHUSDT,2023-08-22 00:15:00+00:00,8,1.3420689
316247,BCHUSDT,2024-07-22 06:30:00+00:00,4,1.1689069
306262,BCHUSDT,2024-04-09 06:15:00+00:00,2,1.1908705
297141,BCHUSDT,2024-01-05 06:00:00+00:00,3,1.2731115
322996,BCHUSDT,2024-09-30 13:45:00+00:00,3,1.2113574
330488,BCHUSDT,2024-12-17 14:45:00+00:00,4,1.2098649
271373,BCHUSDT,2023-04-11 20:00:00+00:00,7,1.4270436
309425,BCHUSDT,2024-05-12 05:00:00+00:00,9,1.1875559
322982,BCHUSDT,2024-09-30 10:15:00+00:00,4,1.1608427
306073,BCHUSDT,2024-04-07 07:00:00+00:00,7,1.2522006
312118,BCHUSDT,2024-06-09 06:15:00+00:00,3,1.3010283
269033,BCHUSDT,2023-03-18 11:00:00+00:00,1,1.1999388
309826,BCHUSDT,2024-05-16 09:15:00+00:00,2,1.1593028
267675,BCHUSDT,2023-03-04 07:30:00+00:00,1,1.2078236
278485,BCHUSDT,2023-06-24 22:00:00+00:00,1,1.140049
265210,BCHUSDT,2023-02-06 15:15:00+00:00,0,1.2264996
272429,BCHUSDT,2023-04-22 20:00:00+00:00,9,1.202133
307666,BCHUSDT,2024-04-23 21:15:00+00:00,4,1.2978421
282608,BCHUSDT,2023-08-06 20:45:00+00:00,6,1.310982
302083,BCHUSDT,2024-02-25 17:30:00+00:00,7,1.306892
276113,BCHUSDT,2023-05-31 05:00:00+00:00,7,1.206381
319981,BCHUSDT,2024-08-30 04:00:00+00:00,8,1.1645011
272375,BCHUSDT,2023-04-22 06:30:00+00:00,2,1.179782
303499,BCHUSDT,2024-03-11 11:30:00+00:00,9,1.3220128
330270,BCHUSDT,2024-12-15 08:15:00+00:00,4,1.2671626
301905,BCHUSDT,2024-02-23 21:00:00+00:00,6,1.2505518
322854,BCHUSDT,2024-09-29 02:15:00+00:00,0,1.1753821
268338,BCHUSDT,2023-03-11 05:15:00+00:00,9,1.3827127
283746,BCHUSDT,2023-08-18 17:15:00+00:00,2,1.3447073
304210,BCHUSDT,2024-03-18 21:15:00+00:00,3,1.1258918
281918,BCHUSDT,2023-07-30 16:15:00+00:00,0,1.1321331
262706,BCHUSDT,2023-01-11 13:15:00+00:00,7,1.219446
303350,BCHUSDT,2024-03-09 22:15:00+00:00,1,1.2250104
280426,BCHUSDT,2023-07-15 03:15:00+00:00,4,1.1476947
322695,BCHUSDT,2024-09-27 10:30:00+00:00,4,1.1426619
309354,BCHUSDT,2024-05-11 11:15:00+00:00,2,1.3340783
271454,BCHUSDT,2023-04-12 16:15:00+00:00,0,1.2164843
315184,BCHUSDT,2024-07-11 04:45:00+00:00,1,1.2600923
287177,BCHUSDT,2023-09-23 11:00:00+00:00,1,1.2086977
330793,BCHUSDT,2024-12-20 19:00:00+00:00,9,1.3696759
294498,BCHUSDT,2023-12-08 17:15:00+00:00,0,1.2075468
285769,BCHUSDT,2023-09-08 19:00:00+00:00,6,1.3626902
313023,BCHUSDT,2024-06-18 16:30:00+00:00,7,1.3811145
282630,BCHUSDT,2023-08-07 02:15:00+00:00,5,1.3770415
267868,BCHUSDT,2023-03-06 07:45:00+00:00,2,1.2842137
322135,BCHUSDT,2024-09-21 14:30:00+00:00,0,1.2880356
331299,BCHUSDT,2024-12-26 01:30:00+00:00,3,1.3158801
302735,BCHUSDT,2024-03-03 12:30:00+00:00,3,1.255364
320574,BCHUSDT,2024-09-05 08:15:00+00:00,3,1.2847469
311738,BCHUSDT,2024-06-05 07:15:00+00:00,1,1.2946993
299677,BCHUSDT,2024-01-31 16:00:00+00:00,0,1.2308731
266445,BCHUSDT,2023-02-19 12:00:00+00:00,0,1.2422976
324806,BCHUSDT,2024-10-19 10:15:00+00:00,1,1.1291884
274144,BCHUSDT,2023-05-10 16:45:00+00:00,8,1.2511361
279715,BCHUSDT,2023-07-07 17:30:00+00:00,6,1.2846035
280672,BCHUSDT,2023-07-17 16:45:00+00:00,7,1.0252746
301097,BCHUSDT,2024-02-15 11:00:00+00:00,2,1.3313869
285295,BCHUSDT,2023-09-03 20:30:00+00:00,3,1.2254688
319267,BCHUSDT,2024-08-22 17:30:00+00:00,8,1.2136782
275565,BCHUSDT,2023-05-25 12:00:00+00:00,1,1.3060658
296298,BCHUSDT,2023-12-27 11:15:00+00:00,9,1.351842
325446,BCHUSDT,2024-10-26 02:15:00+00:00,8,1.3617284
275594,BCHUSDT,2023-05-25 19:15:00+00:00,0,1.2468603
326166,BCHUSDT,2024-11-02 14:15:00+00:00,4,1.1639378
311581,BCHUSDT,2024-06-03 16:00:00+00:00,0,1.2145119
300756,BCHUSDT,2024-02-11 21:45:00+00:00,7,1.2427963
328998,BCHUSDT,2024-12-02 02:15:00+00:00,0,1.2681434
314044,BCHUSDT,2024-06-29 07:45:00+00:00,0,1.2725699
309110,BCHUSDT,2024-05-08 22:15:00+00:00,4,1.278301
275993,BCHUSDT,2023-05-29 23:00:00+00:00,3,1.3667982
317403,BCHUSDT,2024-08-03 07:30:00+00:00,1,1.2359028
308845,BCHUSDT,2024-05-06 04:00:00+00:00,5,1.1240314
289459,BCHUSDT,2023-10-17 05:30:00+00:00,2,1.360323
317122,BCHUSDT,2024-07-31 09:15:00+00:00,2,1.2818637
325640,BCHUSDT,2024-10-28 02:45:00+00:00,4,1.2149422
292828,BCHUSDT,2023-11-21 07:45:00+00:00,2,1.1509198
280753,BCHUSDT,2023-07-18 13:00:00+00:00,7,1.2902151
300525,BCHUSDT,2024-02-09 12:00:00+00:00,0,1.1473469
288607,BCHUSDT,2023-10-08 08:30:00+00:00,1,1.1828796
290661,BCHUSDT,2023-10-29 18:00:00+00:00,0,1.1697414
308658,BCHUSDT,2024-05-04 05:15:00+00:00,9,1.3218875
329873,BCHUSDT,2024-12-11 05:00:00+00:00,3,1.2396833
277843,BCHUSDT,2023-06-18 05:30:00+00:00,0,1.2703693
264153,BCHUSDT,2023-01-26 15:00:00+00:00,0,1.2121797
306642,BCHUSDT,2024-04-13 05:15:00+00:00,3,1.2765659
296178,BCHUSDT,2023-12-26 05:15:00+00:00,2,1.2239271
264197,BCHUSDT,2023-01-27 02:00:00+00:00,4,1.2675071
327754,BCHUSDT,2024-11-19 03:15:00+00:00,1,1.2233248
283611,BCHUSDT,2023-08-17 07:30:00+00:00,8,1.2977083
299297,BCHUSDT,2024-01-27 17:00:00+00:00,0,1.2713518
330213,BCHUSDT,2024-12-14 18:00:00+00:00,7,1.2846829
314049,BCHUSDT,2024-06-29 09:00:00+00:00,1,1.3204571
326507,BCHUSDT,2024-11-06 03:30:00+00:00,0,1.2054931
318421,BCHUSDT,2024-08-13 22:00:00+00:00,9,1.2796923
316106,BCHUSDT,2024-07-20 19:15:00+00:00,9,1.1665002
261985,BCHUSDT,2023-01-04 01:00:00+00:00,0,1.2297531
280609,BCHUSDT,2023-07-17 01:00:00+00:00,7,1.1995158
274492,BCHUSDT,2023-05-14 07:45:00+00:00,8,1.207996
331255,BCHUSDT,2024-12-25 14:30:00+00:00,9,1.1013402
281755,BCHUSDT,2023-07-28 23:30:00+00:00,8,1.3244908
277219,BCHUSDT,2023-06-11 17:30:00+00:00,0,1.2100621
281254,BCHUSDT,2023-07-23 18:15:00+00:00,0,1.3027511
285580,BCHUSDT,2023-09-06 19:45:00+00:00,5,1.1924433
314603,BCHUSDT,2024-07-05 03:30:00+00:00,7,1.3404378
319061,BCHUSDT,2024-08-20 14:00:00+00:00,5,1.2518208
318368,BCHUSDT,2024-08-13 08:45:00+00:00,2,1.3163403
320156,BCHUSDT,2024-08-31 23:45:00+00:00,6,1.2240957
327473,BCHUSDT,2024-11-16 05:00:00+00:00,3,1.216779
281972,BCHUSDT,2023-07-31 05:45:00+00:00,8,1.2356439
280978,BCHUSDT,2023-07-20 21:15:00+00:00,3,1.2757722
308644,BCHUSDT,2024-05-04 01:45:00+00:00,0,1.2143185
270952,BCHUSDT,2023-04-07 10:45:00+00:00,1,1.1725111
281883,BCHUSDT,2023-07-30 07:30:00+00:00,0,1.255991
264662,BCHUSDT,2023-01-31 22:15:00+00:00,7,1.3406047
304062,BCHUSDT,2024-03-17 08:15:00+00:00,4,1.2148247
285372,BCHUSDT,2023-09-04 15:45:00+00:00,7,1.14726
307648,BCHUSDT,2024-04-23 16:45:00+00:00,3,1.215681
280821,BCHUSDT,2023-07-19 06:00:00+00:00,9,1.1701465
326035,BCHUSDT,2024-11-01 05:30:00+00:00,2,1.2588656
323573,BCHUSDT,2024-10-06 14:00:00+00:00,5,1.2760673
280646,BCHUSDT,2023-07-17 10:15:00+00:00,4,1.1747291
288059,BCHUSDT,2023-10-02 15:30:00+00:00,0,1.1441195
269751,BCHUSDT,2023-03-25 22:30:00+00:00,3,1.2840972
307116,BCHUSDT,2024-04-18 03:45:00+00:00,0,1.2148334
292697,BCHUSDT,2023-11-19 23:00:00+00:00,8,1.3963453
321020,BCHUSDT,2024-09-09 23:45:00+00:00,9,1.2802188
306105,BCHUSDT,2024-04-07 15:00:00+00:00,0,1.1962926
286013,BCHUSDT,2023-09-11 08:00:00+00:00,2,1.3098603
327652,BCHUSDT,2024-11-18 01:45:00+00:00,0,1.2365214
273741,BCHUSDT,2023-05-06 12:00:00+00:00,5,1.3306618
295401,BCHUSDT,2023-12-18 03:00:00+00:00,7,1.2910426
307560,BCHUSDT,2024-04-22 18:45:00+00:00,0,1.2450365
281777,BCHUSDT,2023-07-29 05:00:00+00:00,1,1.4200296
288596,BCHUSDT,2023-10-08 05:45:00+00:00,4,1.1378518
327014,BCHUSDT,2024-11-11 10:15:00+00:00,3,1.2269502
318835,BCHUSDT,2024-08-18 05:30:00+00:00,3,1.2470977
271981,BCHUSDT,2023-04-18 04:00:00+00:00,2,1.2345428
278914,BCHUSDT,2023-06-29 09:15:00+00:00,1,1.2233782
319994,BCHUSDT,2024-08-30 07:15:00+00:00,0,1.1559658
267672,BCHUSDT,2023-03-04 06:45:00+00:00,8,1.2504661
272869,BCHUSDT,2023-04-27 10:00:00+00:00,2,1.2910687
311099,BCHUSDT,2024-05-29 15:30:00+00:00,5,1.2254659
294237,BCHUSDT,2023-12-06 00:00:00+00:00,9,1.2606941
313969,BCHUSDT,2024-06-28 13:00:00+00:00,0,1.2797756
266534,BCHUSDT,2023-02-20 10:15:00+00:00,0,1.2492814
309602,BCHUSDT,2024-05-14 01:15:00+00:00,2,1.3114115
325440,BCHUSDT,2024-10-26 00:45:00+00:00,3,1.4464024
291960,BCHUSDT,2023-11-12 06:45:00+00:00,1,1.2503147
323943,BCHUSDT,2024-10-10 10:30:00+00:00,5,1.3475564
285183,BCHUSDT,2023-09-02 16:30:00+00:00,4,1.3013644
300605,BCHUSDT,2024-02-10 08:00:00+00:00,4,1.2120848
319617,BCHUSDT,2024-08-26 09:00:00+00:00,2,1.1609337
283406,BCHUSDT,2023-08-15 04:15:00+00:00,8,1.1498502
268607,BCHUSDT,2023-03-14 00:30:00+00:00,1,1.2473956
300023,BCHUSDT,2024-02-04 06:30:00+00:00,5,1.3228798
317493,BCHUSDT,2024-08-04 06:00:00+00:00,3,1.2788819
274240,BCHUSDT,2023-05-11 16:45:00+00:00,3,1.2612643
289197,BCHUSDT,2023-10-14 12:00:00+00:00,1,1.2144156
310551,BCHUSDT,2024-05-23 22:30:00+00:00,3,1.2281847
328276,BCHUSDT,2024-11-24 13:45:00+00:00,7,1.3510883
273855,BCHUSDT,2023-05-07 16:30:00+00:00,8,1.2548499
274607,BCHUSDT,2023-05-15 12:30:00+00:00,8,1.2414632
325226,BCHUSDT,2024-10-23 19:15:00+00:00,7,1.3426497
276399,BCHUSDT,2023-06-03 04:30:00+00:00,1,1.2930369
270371,BCHUSDT,2023-04-01 09:30:00+00:00,5,1.2050662
270074,BCHUSDT,2023-03-29 07:15:00+00:00,0,1.2133366
316814,BCHUSDT,2024-07-28 04:15:00+00:00,3,1.311452
268295,BCHUSDT,2023-03-10 18:30:00+00:00,9,1.2714455
283229,BCHUSDT,2023-08-13 08:00:00+00:00,3,1.1922858
285101,BCHUSDT,2023-09-01 20:00:00+00:00,7,1.2951585
271815,BCHUSDT,2023-04-16 10:30:00+00:00,9,1.2176716
293314,BCHUSDT,2023-11-26 09:15:00+00:00,5,1.2098565
323294,BCHUSDT,2024-10-03 16:15:00+00:00,0,1.1618286
301944,BCHUSDT,2024-02-24 06:45:00+00:00,9,1.2900578
321992,BCHUSDT,2024-09-20 02:45:00+00:00,8,1.2787646
298478,BCHUSDT,2024-01-19 04:15:00+00:00,4,1.267604
274303,BCHUSDT,2023-05-12 08:30:00+00:00,1,1.1841044
320487,BCHUSDT,2024-09-04 10:30:00+00:00,2,1.254211
286881,BCHUSDT,2023-09-20 09:00:00+00:00,3,1.2864903
307800,BCHUSDT,2024-04-25 06:45:00+00:00,3,1.2425603
272624,BCHUSDT,2023-04-24 20:45:00+00:00,4,1.2762474
264527,BCHUSDT,2023-01-30 12:30:00+00:00,7,1.2588505
293763,BCHUSDT,2023-12-01 01:30:00+00:00,0,1.322872
325079,BCHUSDT,2024-10-22 06:30:00+00:00,2,1.2606076
322990,BCHUSDT,2024-09-30 12:15:00+00:00,2,1.2783296
294721,BCHUSDT,2023-12-11 01:00:00+00:00,4,1.1843481
311692,BCHUSDT,2024-06-04 19:45:00+00:00,8,1.3237948
288136,BCHUSDT,2023-10-03 10:45:00+00:00,2,1.2005761
266379,BCHUSDT,2023-02-18 19:30:00+00:00,8,1.2089695
302590,BCHUSDT,2024-03-02 00:15:00+00:00,0,1.2049521
262575,BCHUSDT,2023-01-10 04:30:00+00:00,9,1.2367913
291539,BCHUSDT,2023-11-07 21:30:00+00:00,3,1.2426122
287053,BCHUSDT,2023-09-22 04:00:00+00:00,5,1.3334731
265487,BCHUSDT,2023-02-09 12:30:00+00:00,8,1.2424377
278654,BCHUSDT,2023-06-26 16:15:00+00:00,9,1.185099
285621,BCHUSDT,2023-09-07 06:00:00+00:00,2,1.2132962
276762,BCHUSDT,2023-06-06 23:15:00+00:00,0,1.3041402
300227,BCHUSDT,2024-02-06 09:30:00+00:00,0,1.1285449
311405,BCHUSDT,2024-06-01 20:00:00+00:00,1,1.1733308
312297,BCHUSDT,2024-06-11 03:00:00+00:00,4,1.2784057
307594,BCHUSDT,2024-04-23 03:15:00+00:00,8,1.1450666
276121,BCHUSDT,2023-05-31 07:00:00+00:00,7,1.3591306
327657,BCHUSDT,2024-11-18 03:00:00+00:00,0,1.3473566
263568,BCHUSDT,2023-01-20 12:45:00+00:00,1,1.2577839
285675,BCHUSDT,2023-09-07 19:30:00+00:00,4,1.2578516
304674,BCHUSDT,2024-03-23 17:15:00+00:00,1,1.3086188
284583,BCHUSDT,2023-08-27 10:30:00+00:00,9,1.1883495
331338,BCHUSDT,2024-12-26 11:15:00+00:00,4,1.3497982
326987,BCHUSDT,2024-11-11 03:30:00+00:00,2,1.436246
263131,BCHUSDT,2023-01-15 23:30:00+00:00,3,1.2707953
309812,BCHUSDT,2024-05-16 05:45:00+00:00,2,1.2623019
314620,BCHUSDT,2024-07-05 07:45:00+00:00,7,1.4763653
315418,BCHUSDT,2024-07-13 15:15:00+00:00,7,1.2186903
310757,BCHUSDT,2024-05-26 02:00:00+00:00,1,1.20744
318085,BCHUSDT,2024-08-10 10:00:00+00:00,0,1.286201
300765,BCHUSDT,2024-02-12 00:00:00+00:00,2,1.3214487
272012,BCHUSDT,2023-04-18 11:45:00+00:00,0,1.1305001
288211,BCHUSDT,2023-10-04 05:30:00+00:00,3,1.2281306
270610,BCHUSDT,2023-04-03 21:15:00+00:00,7,1.2510557
326668,BCHUSDT,2024-11-07 19:45:00+00:00,4,1.3297819
323652,BCHUSDT,2024-10-07 09:45:00+00:00,7,1.1890872
298145,BCHUSDT,2024-01-15 17:00:00+00:00,3,1.2941803
318816,BCHUSDT,2024-08-18 00:45:00+00:00,3,1.3110446
307910,BCHUSDT,2024-04-26 10:15:00+00:00,1,1.227146
302295,BCHUSDT,2024-02-27 22:30:00+00:00,2,1.232483
284495,BCHUSDT,2023-08-26 12:30:00+00:00,2,1.2925512
320152,BCHUSDT,2024-08-31 22:45:00+00:00,6,1.2752689
324528,BCHUSDT,2024-10-16 12:45:00+00:00,1,1.2816534
303724,BCHUSDT,2024-03-13 19:45:00+00:00,3,1.2876415
307575,BCHUSDT,2024-04-22 22:30:00+00:00,0,1.1538736
296898,BCHUSDT,2024-01-02 17:15:00+00:00,7,1.266506
283895,BCHUSDT,2023-08-20 06:30:00+00:00,8,1.2306324
323015,BCHUSDT,2024-09-30 18:30:00+00:00,7,1.1286697
330562,BCHUSDT,2024-12-18 09:15:00+00:00,3,1.2495497
308832,BCHUSDT,2024-05-06 00:45:00+00:00,0,1.1604195
281847,BCHUSDT,2023-07-29 22:30:00+00:00,6,1.1814234
316450,BCHUSDT,2024-07-24 09:15:00+00:00,0,1.2917774
274426,BCHUSDT,2023-05-13 15:15:00+00:00,4,1.2480279
330030,BCHUSDT,2024-12-12 20:15:00+00:00,4,1.1050147
268288,BCHUSDT,2023-03-10 16:45:00+00:00,0,1.2502145
274776,BCHUSDT,2023-05-17 06:45:00+00:00,4,1.2251736
277346,BCHUSDT,2023-06-13 01:15:00+00:00,4,1.1603181
280439,BCHUSDT,2023-07-15 06:30:00+00:00,1,1.2126539
323035,BCHUSDT,2024-09-30 23:30:00+00:00,4,1.1219207
284542,BCHUSDT,2023-08-27 00:15:00+00:00,0,1.1867831
316143,BCHUSDT,2024-07-21 04:30:00+00:00,1,1.3109648
295545,BCHUSDT,2023-12-19 15:00:00+00:00,4,1.2144325
272128,BCHUSDT,2023-04-19 16:45:00+00:00,6,1.294238
281192,BCHUSDT,2023-07-23 02:45:00+00:00,3,1.3940166
285273,BCHUSDT,2023-09-03 15:00:00+00:00,5,1.1896743
293011,BCHUSDT,2023-11-23 05:30:00+00:00,9,1.2810239
303305,BCHUSDT,2024-03-09 11:00:00+00:00,4,1.2328571
262531,BCHUSDT,2023-01-09 17:30:00+00:00,5,1.1876881
328986,BCHUSDT,2024-12-01 23:15:00+00:00,0,1.2994237
279378,BCHUSDT,2023-07-04 05:15:00+00:00,3,1.1667346
316991,BCHUSDT,2024-07-30 00:30:00+00:00,4,1.2491066
286925,BCHUSDT,2023-09-20 20:00:00+00:00,4,1.1891886
286084,BCHUSDT,2023-09-12 01:45:00+00:00,0,1.1762692
323728,BCHUSDT,2024-10-08 04:45:00+00:00,2,1.2428426
328619,BCHUSDT,2024-11-28 03:30:00+00:00,4,1.2551682
314194,BCHUSDT,2024-06-30 21:15:00+00:00,0,1.3211141
309947,BCHUSDT,2024-05-17 15:30:00+00:00,0,1.3010356
293078,BCHUSDT,2023-11-23 22:15:00+00:00,6,1.2213392
280312,BCHUSDT,2023-07-13 22:45:00+00:00,7,1.3771821
263860,BCHUSDT,2023-01-23 13:45:00+00:00,4,1.1914544
281835,BCHUSDT,2023-07-29 19:30:00+00:00,6,1.1945751
321879,BCHUSDT,2024-09-18 22:30:00+00:00,9,1.26607
298707,BCHUSDT,2024-01-21 13:30:00+00:00,0,1.1297857
304958,BCHUSDT,2024-03-26 16:15:00+00:00,4,1.1511172
289133,BCHUSDT,2023-10-13 20:00:00+00:00,1,1.152134
291952,BCHUSDT,2023-11-12 04:45:00+00:00,3,1.2622131
326706,BCHUSDT,2024-11-08 05:15:00+00:00,8,1.2285962
271327,BCHUSDT,2023-04-11 08:30:00+00:00,9,1.2104574
297647,BCHUSDT,2024-01-10 12:30:00+00:00,4,1.247523
265853,BCHUSDT,2023-02-13 08:00:00+00:00,0,1.2011945
266171,BCHUSDT,2023-02-16 15:30:00+00:00,5,1.2030895
325904,BCHUSDT,2024-10-30 20:45:00+00:00,6,1.4102905
293244,BCHUSDT,2023-11-25 15:45:00+00:00,3,1.2318774
321734,BCHUSDT,2024-09-17 10:15:00+00:00,8,1.2986587
304895,BCHUSDT,2024-03-26 00:30:00+00:00,2,1.2712127
330451,BCHUSDT,2024-12-17 05:30:00+00:00,3,1.3684034
279758,BCHUSDT,2023-07-08 04:15:00+00:00,2,1.193367
300996,BCHUSDT,2024-02-14 09:45:00+00:00,0,1.3493385
285459,BCHUSDT,2023-09-05 13:30:00+00:00,5,1.2189759
311944,BCHUSDT,2024-06-07 10:45:00+00:00,9,1.2684113
296732,BCHUSDT,2023-12-31 23:45:00+00:00,4,1.3618528
271675,BCHUSDT,2023-04-14 23:30:00+00:00,1,1.2541789
264177,BCHUSDT,2023-01-26 21:00:00+00:00,9,1.2044643
281169,BCHUSDT,2023-07-22 21:00:00+00:00,8,1.1356386
270774,BCHUSDT,2023-04-05 14:15:00+00:00,4,1.149772
316316,BCHUSDT,2024-07-22 23:45:00+00:00,4,1.1783121
322806,BCHUSDT,2024-09-28 14:15:00+00:00,5,1.2722265
329983,BCHUSDT,2024-12-12 08:30:00+00:00,9,1.3119375
273393,BCHUSDT,2023-05-02 21:00:00+00:00,1,1.2736394
289489,BCHUSDT,2023-10-17 13:00:00+00:00,2,1.2048454
286441,BCHUSDT,2023-09-15 19:00:00+00:00,2,1.1868292
312817,BCHUSDT,2024-06-16 13:00:00+00:00,5,1.2421513
305562,BCHUSDT,2024-04-01 23:15:00+00:00,1,1.3205043
291612,BCHUSDT,2023-11-08 15:45:00+00:00,4,1.1697915
291761,BCHUSDT,2023-11-10 05:00:00+00:00,1,1.2359436
310466,BCHUSDT,2024-05-23 01:15:00+00:00,0,1.2646081
269019,BCHUSDT,2023-03-18 07:30:00+00:00,8,1.2298298
281617,BCHUSDT,2023-07-27 13:00:00+00:00,1,1.2346584
321523,BCHUSDT,2024-09-15 05:30:00+00:00,3,1.2612829
296726,BCHUSDT,2023-12-31 22:15:00+00:00,3,1.2439616
278974,BCHUSDT,2023-06-30 00:15:00+00:00,0,1.1605294
270909,BCHUSDT,2023-04-07 00:00:00+00:00,3,1.2463964
301422,BCHUSDT,2024-02-18 20:15:00+00:00,6,1.293312
297556,BCHUSDT,2024-01-09 13:45:00+00:00,7,1.2875526
272448,BCHUSDT,2023-04-23 00:45:00+00:00,4,1.1750003
331751,BCHUSDT,2024-12-30 18:30:00+00:00,3,1.3973786
302432,BCHUSDT,2024-02-29 08:45:00+00:00,9,1.2025974
286610,BCHUSDT,2023-09-17 13:15:00+00:00,4,1.1739566
326703,BCHUSDT,2024-11-08 04:30:00+00:00,8,1.2977158
262776,BCHUSDT,2023-01-12 06:45:00+00:00,4,1.1977909
283876,BCHUSDT,2023-08-20 01:45:00+00:00,3,1.2388783
301069,BCHUSDT,2024-02-15 04:00:00+00:00,1,1.2218709
306599,BCHUSDT,2024-04-12 18:30:00+00:00,7,1.0644271
331139,BCHUSDT,2024-12-24 09:30:00+00:00,9,1.2376736
304849,BCHUSDT,2024-03-25 13:00:00+00:00,3,1.2421055
269253,BCHUSDT,2023-03-20 18:00:00+00:00,7,1.0805466
295398,BCHUSDT,2023-12-18 02:15:00+00:00,4,1.3529276
292131,BCHUSDT,2023-11-14 01:30:00+00:00,3,1.2197404
277742,BCHUSDT,2023-06-17 04:15:00+00:00,4,1.2444849
326439,BCHUSDT,2024-11-05 10:30:00+00:00,1,1.2148598
297031,BCHUSDT,2024-01-04 02:30:00+00:00,1,1.2052531
310005,BCHUSDT,2024-05-18 06:00:00+00:00,9,1.3936386
273563,BCHUSDT,2023-05-04 15:30:00+00:00,4,1.2848411
269414,BCHUSDT,2023-03-22 10:15:00+00:00,4,1.1482487
291435,BCHUSDT,2023-11-06 19:30:00+00:00,9,1.196304
301901,BCHUSDT,2024-02-23 20:00:00+00:00,6,1.2423303
276210,BCHUSDT,2023-06-01 05:15:00+00:00,1,1.2646786
297538,BCHUSDT,2024-01-09 09:15:00+00:00,4,1.2293131
280653,BCHUSDT,2023-07-17 12:00:00+00:00,4,1.0921417
292568,BCHUSDT,2023-11-18 14:45:00+00:00,8,1.1965096
302888,BCHUSDT,2024-03-05 02:45:00+00:00,8,1.2405581
287858,BCHUSDT,2023-09-30 13:15:00+00:00,8,1.2175018
309436,BCHUSDT,2024-05-12 07:45:00+00:00,5,1.1948664
291613,BCHUSDT,2023-11-08 16:00:00+00:00,4,1.2087009
312659,BCHUSDT,2024-06-14 21:30:00+00:00,3,1.3382417
294688,BCHUSDT,2023-12-10 16:45:00+00:00,6,1.3198848
325359,BCHUSDT,2024-10-25 04:30:00+00:00,4,1.198059
270460,BCHUSDT,2023-04-02 07:45:00+00:00,2,1.3097875
303142,BCHUSDT,2024-03-07 18:15:00+00:00,9,1.2642611
279404,BCHUSDT,2023-07-04 11:45:00+00:00,2,1.2202189
278108,BCHUSDT,2023-06-20 23:45:00+00:00,9,1.300723
274599,BCHUSDT,2023-05-15 10:30:00+00:00,2,1.2719405
299111,BCHUSDT,2024-01-25 18:30:00+00:00,5,1.3034111
264642,BCHUSDT,2023-01-31 17:15:00+00:00,2,1.3431534
278117,BCHUSDT,2023-06-21 02:00:00+00:00,0,1.1990119
314792,BCHUSDT,2024-07-07 02:45:00+00:00,8,1.2627357
309189,BCHUSDT,2024-05-09 18:00:00+00:00,7,1.2428743
315281,BCHUSDT,2024-07-12 05:00:00+00:00,2,1.3034414
301860,BCHUSDT,2024-02-23 09:45:00+00:00,1,1.1911452
275656,BCHUSDT,2023-05-26 10:45:00+00:00,9,1.2666032
288602,BCHUSDT,2023-10-08 07:15:00+00:00,4,1.188931
263735,BCHUSDT,2023-01-22 06:30:00+00:00,1,1.2665569
282913,BCHUSDT,2023-08-10 01:00:00+00:00,0,1.3100257
302290,BCHUSDT,2024-02-27 21:15:00+00:00,2,1.2660567
289158,BCHUSDT,2023-10-14 02:15:00+00:00,8,1.2191733
277951,BCHUSDT,2023-06-19 08:30:00+00:00,2,1.2252452
267192,BCHUSDT,2023-02-27 06:45:00+00:00,4,1.19197
270312,BCHUSDT,2023-03-31 18:45:00+00:00,9,1.3669814
299098,BCHUSDT,2024-01-25 15:15:00+00:00,5,1.2764986
281083,BCHUSDT,2023-07-21 23:30:00+00:00,6,1.2343478
315298,BCHUSDT,2024-07-12 09:15:00+00:00,1,1.0728709
317966,BCHUSDT,2024-08-09 04:15:00+00:00,3,1.3670403
311967,BCHUSDT,2024-06-07 16:30:00+00:00,5,1.1840172
277481,BCHUSDT,2023-06-14 11:00:00+00:00,1,1.2195632
324729,BCHUSDT,2024-10-18 15:00:00+00:00,3,1.312557
312911,BCHUSDT,2024-06-17 12:30:00+00:00,7,1.1687925
264297,BCHUSDT,2023-01-28 03:00:00+00:00,7,1.3757935
307690,BCHUSDT,2024-04-24 03:15:00+00:00,3,1.2181801
273180,BCHUSDT,2023-04-30 15:45:00+00:00,0,1.1523015
315846,BCHUSDT,2024-07-18 02:15:00+00:00,0,1.2346102
285905,BCHUSDT,2023-09-10 05:00:00+00:00,4,1.1572177
296278,BCHUSDT,2023-12-27 06:15:00+00:00,0,1.3508959
329310,BCHUSDT,2024-12-05 08:15:00+00:00,0,1.2168125
309493,BCHUSDT,2024-05-12 22:00:00+00:00,3,1.2470272
264963,BCHUSDT,2023-02-04 01:30:00+00:00,7,1.2488962
265399,BCHUSDT,2023-02-08 14:30:00+00:00,4,1.1607218
274857,BCHUSDT,2023-05-18 03:00:00+00:00,2,1.2518544
285791,BCHUSDT,2023-09-09 00:30:00+00:00,2,1.3292679
304037,BCHUSDT,2024-03-17 02:00:00+00:00,3,1.1846178
269351,BCHUSDT,2023-03-21 18:30:00+00:00,5,1.3064787
284863,BCHUSDT,2023-08-30 08:30:00+00:00,2,1.1442671
301158,BCHUSDT,2024-02-16 02:15:00+00:00,4,1.2720774
317152,BCHUSDT,2024-07-31 16:45:00+00:00,0,1.1821632
300508,BCHUSDT,2024-02-09 07:45:00+00:00,9,1.2352917
282883,BCHUSDT,2023-08-09 17:30:00+00:00,5,1.2345295
302653,BCHUSDT,2024-03-02 16:00:00+00:00,9,1.1530112
315101,BCHUSDT,2024-07-10 08:00:00+00:00,1,1.2196405
302497,BCHUSDT,2024-03-01 01:00:00+00:00,0,1.2615011
304811,BCHUSDT,2024-03-25 03:30:00+00:00,8,1.2202137
318118,BCHUSDT,2024-08-10 18:15:00+00:00,4,1.4939953
300892,BCHUSDT,2024-02-13 07:45:00+00:00,2,1.3063368
324732,BCHUSDT,2024-10-18 15:45:00+00:00,7,1.2720218
273315,BCHUSDT,2023-05-02 01:30:00+00:00,2,1.3960632
261846,BCHUSDT,2023-01-02 14:15:00+00:00,9,1.2402887
266478,BCHUSDT,2023-02-19 20:15:00+00:00,8,1.1985056
290505,BCHUSDT,2023-10-28 03:00:00+00:00,1,1.3145077
295623,BCHUSDT,2023-12-20 10:30:00+00:00,9,1.2410036
294432,BCHUSDT,2023-12-08 00:45:00+00:00,3,1.2916538
300824,BCHUSDT,2024-02-12 14:45:00+00:00,9,1.160606
318735,BCHUSDT,2024-08-17 04:30:00+00:00,1,1.2877578
313013,BCHUSDT,2024-06-18 14:00:00+00:00,4,1.2446
286571,BCHUSDT,2023-09-17 03:30:00+00:00,3,1.2945483
301370,BCHUSDT,2024-02-18 07:15:00+00:00,3,1.2980502
316409,BCHUSDT,2024-07-23 23:00:00+00:00,1,1.2553042
267573,BCHUSDT,2023-03-03 06:00:00+00:00,3,1.4121681
313311,BCHUSDT,2024-06-21 16:30:00+00:00,7,1.1615824
262091,BCHUSDT,2023-01-05 03:30:00+00:00,1,1.2009846
272654,BCHUSDT,2023-04-25 04:15:00+00:00,4,1.260129
269989,BCHUSDT,2023-03-28 10:00:00+00:00,2,1.3256568
301419,BCHUSDT,2024-02-18 19:30:00+00:00,0,1.224995
299789,BCHUSDT,2024-02-01 20:00:00+00:00,0,1.1371996
294967,BCHUSDT,2023-12-13 14:30:00+00:00,1,1.3012705
263478,BCHUSDT,2023-01-19 14:15:00+00:00,4,1.2082103
318515,BCHUSDT,2024-08-14 21:30:00+00:00,1,1.2369422
289360,BCHUSDT,2023-10-16 04:45:00+00:00,0,1.3038167
330396,BCHUSDT,2024-12-16 15:45:00+00:00,3,1.2755557
302680,BCHUSDT,2024-03-02 22:45:00+00:00,1,1.2567755
290676,BCHUSDT,2023-10-29 21:45:00+00:00,8,1.2379203
317392,BCHUSDT,2024-08-03 04:45:00+00:00,1,1.2533618
306159,BCHUSDT,2024-04-08 04:30:00+00:00,5,1.238158
275583,BCHUSDT,2023-05-25 16:30:00+00:00,5,1.2932866
328863,BCHUSDT,2024-11-30 16:30:00+00:00,9,1.3295023
326917,BCHUSDT,2024-11-10 10:00:00+00:00,9,1.3338809
308663,BCHUSDT,2024-05-04 06:30:00+00:00,9,1.3094761
312337,BCHUSDT,2024-06-11 13:00:00+00:00,4,1.1356437
330911,BCHUSDT,2024-12-22 00:30:00+00:00,4,1.30557
277062,BCHUSDT,2023-06-10 02:15:00+00:00,4,1.4082189
277080,BCHUSDT,2023-06-10 06:45:00+00:00,7,1.4852004
271299,BCHUSDT,2023-04-11 01:30:00+00:00,0,1.2669348
287504,BCHUSDT,2023-09-26 20:45:00+00:00,8,1.2545775
301893,BCHUSDT,2024-02-23 18:00:00+00:00,5,1.1711972
331659,BCHUSDT,2024-12-29 19:30:00+00:00,3,1.3532363
324281,BCHUSDT,2024-10-13 23:00:00+00:00,0,1.3114762
323130,BCHUSDT,2024-10-01 23:15:00+00:00,3,1.2424254
330546,BCHUSDT,2024-12-18 05:15:00+00:00,4,1.271564
303259,BCHUSDT,2024-03-08 23:30:00+00:00,1,1.2013522
269612,BCHUSDT,2023-03-24 11:45:00+00:00,8,1.2406261
269092,BCHUSDT,2023-03-19 01:45:00+00:00,6,1.2884421
319744,BCHUSDT,2024-08-27 16:45:00+00:00,7,1.2405967
262556,BCHUSDT,2023-01-09 23:45:00+00:00,6,1.2888091
319473,BCHUSDT,2024-08-24 21:00:00+00:00,8,1.1922758
319666,BCHUSDT,2024-08-26 21:15:00+00:00,7,1.2095057
325021,BCHUSDT,2024-10-21 16:00:00+00:00,4,1.1384501
314888,BCHUSDT,2024-07-08 02:45:00+00:00,3,1.3624582
281074,BCHUSDT,2023-07-21 21:15:00+00:00,9,1.229724
316537,BCHUSDT,2024-07-25 07:00:00+00:00,3,1.3192949
316780,BCHUSDT,2024-07-27 19:45:00+00:00,8,1.1475524
283071,BCHUSDT,2023-08-11 16:30:00+00:00,6,1.273261
279479,BCHUSDT,2023-07-05 06:30:00+00:00,4,1.2230631
287202,BCHUSDT,2023-09-23 17:15:00+00:00,0,1.2926987
311779,BCHUSDT,2024-06-05 17:30:00+00:00,0,1.2952516
290542,BCHUSDT,2023-10-28 12:15:00+00:00,0,1.1979723
280562,BCHUSDT,2023-07-16 13:15:00+00:00,4,1.1433809
298535,BCHUSDT,2024-01-19 18:30:00+00:00,3,1.3630369
284075,BCHUSDT,2023-08-22 03:30:00+00:00,2,1.3914804
330180,BCHUSDT,2024-12-14 09:45:00+00:00,1,1.2033658
301728,BCHUSDT,2024-02-22 00:45:00+00:00,0,1.3822714
303559,BCHUSDT,2024-03-12 02:30:00+00:00,8,1.237786
268899,BCHUSDT,2023-03-17 01:30:00+00:00,0,1.2140406
325016,BCHUSDT,2024-10-21 14:45:00+00:00,7,1.2534744
316596,BCHUSDT,2024-07-25 21:45:00+00:00,0,1.3016133
320019,BCHUSDT,2024-08-30 13:30:00+00:00,5,1.2573593
310407,BCHUSDT,2024-05-22 10:30:00+00:00,4,1.1541578
299079,BCHUSDT,2024-01-25 10:30:00+00:00,2,1.2129483
264808,BCHUSDT,2023-02-02 10:45:00+00:00,1,1.282392
278825,BCHUSDT,2023-06-28 11:00:00+00:00,9,1.2997454
316809,BCHUSDT,2024-07-28 03:00:00+00:00,5,1.2803774
306579,BCHUSDT,2024-04-12 13:30:00+00:00,4,1.0503564
286518,BCHUSDT,2023-09-16 14:15:00+00:00,1,1.1816373
320202,BCHUSDT,2024-09-01 11:15:00+00:00,4,1.2805908
305920,BCHUSDT,2024-04-05 16:45:00+00:00,3,1.3514838
303478,BCHUSDT,2024-03-11 06:15:00+00:00,4,1.2217959
308110,BCHUSDT,2024-04-28 12:15:00+00:00,4,1.1056026
309143,BCHUSDT,2024-05-09 06:30:00+00:00,4,1.2858796
290299,BCHUSDT,2023-10-25 23:30:00+00:00,3,1.2438226
286615,BCHUSDT,2023-09-17 14:30:00+00:00,0,1.1189188
327548,BCHUSDT,2024-11-16 23:45:00+00:00,8,1.2160343
287322,BCHUSDT,2023-09-24 23:15:00+00:00,7,1.3176885
270255,BCHUSDT,2023-03-31 04:30:00+00:00,1,1.2384441
331284,BCHUSDT,2024-12-25 21:45:00+00:00,7,1.2883531
271272,BCHUSDT,2023-04-10 18:45:00+00:00,0,1.1485677
312061,BCHUSDT,2024-06-08 16:00:00+00:00,2,1.3353739
304058,BCHUSDT,2024-03-17 07:15:00+00:00,4,1.2035298
331694,BCHUSDT,2024-12-30 04:15:00+00:00,0,1.2658831
283724,BCHUSDT,2023-08-18 11:45:00+00:00,1,1.3094952
321624,BCHUSDT,2024-09-16 06:45:00+00:00,3,1.2824929
278347,BCHUSDT,2023-06-23 11:30:00+00:00,1,1.3242226
270022,BCHUSDT,2023-03-28 18:15:00+00:00,4,1.2018908
279082,BCHUSDT,2023-07-01 03:15:00+00:00,8,1.2524912
312378,BCHUSDT,2024-06-11 23:15:00+00:00,2,1.3211632
282840,BCHUSDT,2023-08-09 06:45:00+00:00,3,1.2218405
326055,BCHUSDT,2024-11-01 10:30:00+00:00,1,1.2677968
279897,BCHUSDT,2023-07-09 15:00:00+00:00,5,1.2250246
307753,BCHUSDT,2024-04-24 19:00:00+00:00,7,1.2277598
304178,BCHUSDT,2024-03-18 13:15:00+00:00,3,1.1829996
294104,BCHUSDT,2023-12-04 14:45:00+00:00,5,1.1893795
318365,BCHUSDT,2024-08-13 08:00:00+00:00,3,1.2680339
272237,BCHUSDT,2023-04-20 20:00:00+00:00,7,1.0734012
268690,BCHUSDT,2023-03-14 21:15:00+00:00,4,1.1250664
313271,BCHUSDT,2024-06-21 06:30:00+00:00,1,1.0976028
275896,BCHUSDT,2023-05-28 22:45:00+00:00,0,1.1536214
327525,BCHUSDT,2024-11-16 18:00:00+00:00,0,1.2203246
287559,BCHUSDT,2023-09-27 10:30:00+00:00,0,1.1612184
285096,BCHUSDT,2023-09-01 18:45:00+00:00,7,1.2207029
267810,BCHUSDT,2023-03-05 17:15:00+00:00,8,1.4394273
309869,BCHUSDT,2024-05-16 20:00:00+00:00,7,1.3486005
282789,BCHUSDT,2023-08-08 18:00:00+00:00,3,1.349454
290796,BCHUSDT,2023-10-31 03:45:00+00:00,4,1.1964375
327991,BCHUSDT,2024-11-21 14:30:00+00:00,4,1.321292
275703,BCHUSDT,2023-05-26 22:30:00+00:00,6,1.2479578
306511,BCHUSDT,2024-04-11 20:30:00+00:00,6,1.2288581
289785,BCHUSDT,2023-10-20 15:00:00+00:00,5,1.2438962
314256,BCHUSDT,2024-07-01 12:45:00+00:00,3,1.4203289
306663,BCHUSDT,2024-04-13 10:30:00+00:00,8,1.2400835
313274,BCHUSDT,2024-06-21 07:15:00+00:00,1,1.0828764
318521,BCHUSDT,2024-08-14 23:00:00+00:00,3,1.2886066
285805,BCHUSDT,2023-09-09 04:00:00+00:00,8,1.2132428
310079,BCHUSDT,2024-05-19 00:30:00+00:00,2,1.2053922
275661,BCHUSDT,2023-05-26 12:00:00+00:00,4,1.1836616
271381,BCHUSDT,2023-04-11 22:00:00+00:00,8,1.1994125
276526,BCHUSDT,2023-06-04 12:15:00+00:00,8,1.2794846
284775,BCHUSDT,2023-08-29 10:30:00+00:00,2,1.2149522
328347,BCHUSDT,2024-11-25 07:30:00+00:00,2,1.2412131
295686,BCHUSDT,2023-12-21 02:15:00+00:00,3,1.3348076
277922,BCHUSDT,2023-06-19 01:15:00+00:00,3,1.2863452
288540,BCHUSDT,2023-10-07 15:45:00+00:00,8,1.1942029
305557,BCHUSDT,2024-04-01 22:00:00+00:00,3,1.334353
307856,BCHUSDT,2024-04-25 20:45:00+00:00,6,1.2160889
264951,BCHUSDT,2023-02-03 22:30:00+00:00,1,1.1063192
304876,BCHUSDT,2024-03-25 19:45:00+00:00,8,1.2813777
327106,BCHUSDT,2024-11-12 09:15:00+00:00,7,1.4005882
263783,BCHUSDT,2023-01-22 18:30:00+00:00,5,1.2214007
278519,BCHUSDT,2023-06-25 06:30:00+00:00,8,1.1901085
266205,BCHUSDT,2023-02-17 00:00:00+00:00,4,1.2724122
282492,BCHUSDT,2023-08-05 15:45:00+00:00,1,1.2241445
298917,BCHUSDT,2024-01-23 18:00:00+00:00,3,1.3218969
304788,BCHUSDT,2024-03-24 21:45:00+00:00,3,1.2681049
287541,BCHUSDT,2023-09-27 06:00:00+00:00,1,1.2292697
321182,BCHUSDT,2024-09-11 16:15:00+00:00,0,1.1613783
317948,BCHUSDT,2024-08-08 23:45:00+00:00,0,1.4322033
298022,BCHUSDT,2024-01-14 10:15:00+00:00,1,1.2336657
287433,BCHUSDT,2023-09-26 03:00:00+00:00,2,1.2999214
288022,BCHUSDT,2023-10-02 06:15:00+00:00,8,1.143544
305047,BCHUSDT,2024-03-27 14:30:00+00:00,0,1.2607241
276317,BCHUSDT,2023-06-02 08:00:00+00:00,2,1.2759525
328523,BCHUSDT,2024-11-27 03:30:00+00:00,2,1.2087791
286919,BCHUSDT,2023-09-20 18:30:00+00:00,0,1.2052082
287965,BCHUSDT,2023-10-01 16:00:00+00:00,3,1.2227122
307175,BCHUSDT,2024-04-18 18:30:00+00:00,8,1.20792
290933,BCHUSDT,2023-11-01 14:00:00+00:00,4,1.3683417
297976,BCHUSDT,2024-01-13 22:45:00+00:00,1,1.2419314
262668,BCHUSDT,2023-01-11 03:45:00+00:00,4,1.2884485
296413,BCHUSDT,2023-12-28 16:00:00+00:00,5,1.2544405
323292,BCHUSDT,2024-10-03 15:45:00+00:00,4,1.3108122
278945,BCHUSDT,2023-06-29 17:00:00+00:00,8,1.2769547
320230,BCHUSDT,2024-09-01 18:15:00+00:00,7,1.291302
313160,BCHUSDT,2024-06-20 02:45:00+00:00,2,1.3179628
294915,BCHUSDT,2023-12-13 01:30:00+00:00,4,1.1999589
299128,BCHUSDT,2024-01-25 22:45:00+00:00,3,1.2410929
295233,BCHUSDT,2023-12-16 09:00:00+00:00,2,1.221699
315593,BCHUSDT,2024-07-15 11:00:00+00:00,8,1.2274317
310097,BCHUSDT,2024-05-19 05:00:00+00:00,0,1.3675127
282757,BCHUSDT,2023-08-08 10:00:00+00:00,2,1.2826613
319158,BCHUSDT,2024-08-21 14:15:00+00:00,5,1.2116965
281547,BCHUSDT,2023-07-26 19:30:00+00:00,0,1.2574567
321083,BCHUSDT,2024-09-10 15:30:00+00:00,0,1.208253
311782,BCHUSDT,2024-06-05 18:15:00+00:00,0,1.2653518
305361,BCHUSDT,2024-03-30 21:00:00+00:00,6,1.3945062
303873,BCHUSDT,2024-03-15 09:00:00+00:00,7,1.2696978
304200,BCHUSDT,2024-03-18 18:45:00+00:00,7,1.2532935
331363,BCHUSDT,2024-12-26 17:30:00+00:00,7,1.1932853
279560,BCHUSDT,2023-07-06 02:45:00+00:00,9,1.3195491
264884,BCHUSDT,2023-02-03 05:45:00+00:00,9,1.2111473
305298,BCHUSDT,2024-03-30 05:15:00+00:00,8,1.2050326
311012,BCHUSDT,2024-05-28 17:45:00+00:00,3,1.1713604
267466,BCHUSDT,2023-03-02 03:15:00+00:00,4,1.1414008
300135,BCHUSDT,2024-02-05 10:30:00+00:00,0,1.3364356
286766,BCHUSDT,2023-09-19 04:15:00+00:00,1,1.2561792
328763,BCHUSDT,2024-11-29 15:30:00+00:00,0,1.2297266
287237,BCHUSDT,2023-09-24 02:00:00+00:00,3,1.2237785
331236,BCHUSDT,2024-12-25 09:45:00+00:00,2,1.139851
275404,BCHUSDT,2023-05-23 19:45:00+00:00,2,1.2513883
282467,BCHUSDT,2023-08-05 09:30:00+00:00,3,1.2467031
289504,BCHUSDT,2023-10-17 16:45:00+00:00,2,1.2733413
328237,BCHUSDT,2024-11-24 04:00:00+00:00,1,1.3981323
299750,BCHUSDT,2024-02-01 10:15:00+00:00,0,1.3435372
317297,BCHUSDT,2024-08-02 05:00:00+00:00,2,1.223587
286597,BCHUSDT,2023-09-17 10:00:00+00:00,1,1.1832514
327648,BCHUSDT,2024-11-18 00:45:00+00:00,1,1.2241263
285287,BCHUSDT,2023-09-03 18:30:00+00:00,3,1.2853771
330138,BCHUSDT,2024-12-13 23:15:00+00:00,6,1.1893332
265142,BCHUSDT,2023-02-05 22:15:00+00:00,6,1.3050721
313525,BCHUSDT,2024-06-23 22:00:00+00:00,6,1.2208949
319188,BCHUSDT,2024-08-21 21:45:00+00:00,0,1.289336
275626,BCHUSDT,2023-05-26 03:15:00+00:00,1,1.1490839
306722,BCHUSDT,2024-04-14 01:15:00+00:00,7,1.2748129
299510,BCHUSDT,2024-01-29 22:15:00+00:00,9,1.3171456
290255,BCHUSDT,2023-10-25 12:30:00+00:00,3,1.1624672
317714,BCHUSDT,2024-08-06 13:15:00+00:00,2,1.2128356
314854,BCHUSDT,2024-07-07 18:15:00+00:00,3,1.2045208
323122,BCHUSDT,2024-10-01 21:15:00+00:00,7,1.2198917
283759,BCHUSDT,2023-08-18 20:30:00+00:00,1,1.2303067
263877,BCHUSDT,2023-01-23 18:00:00+00:00,3,1.1889011
285148,BCHUSDT,2023-09-02 07:45:00+00:00,8,1.192833
279194,BCHUSDT,2023-07-02 07:15:00+00:00,3,1.2301176
295264,BCHUSDT,2023-12-16 16:45:00+00:00,0,1.1184274
292304,BCHUSDT,2023-11-15 20:45:00+00:00,0,1.3054137
300463,BCHUSDT,2024-02-08 20:30:00+00:00,6,1.3408995
290415,BCHUSDT,2023-10-27 04:30:00+00:00,2,1.193715
270035,BCHUSDT,2023-03-28 21:30:00+00:00,3,1.3331487
265799,BCHUSDT,2023-02-12 18:30:00+00:00,3,1.397444
279114,BCHUSDT,2023-07-01 11:15:00+00:00,2,1.1559216
304644,BCHUSDT,2024-03-23 09:45:00+00:00,0,1.2786838
271158,BCHUSDT,2023-04-09 14:15:00+00:00,0,1.2297697
284316,BCHUSDT,2023-08-24 15:45:00+00:00,4,1.2069745
331612,BCHUSDT,2024-12-29 07:45:00+00:00,1,1.1548477
262307,BCHUSDT,2023-01-07 09:30:00+00:00,1,1.167484
318300,BCHUSDT,2024-08-12 15:45:00+00:00,5,1.3583356
330688,BCHUSDT,2024-12-19 16:45:00+00:00,5,1.2586759
314410,BCHUSDT,2024-07-03 03:15:00+00:00,4,1.2104989
280230,BCHUSDT,2023-07-13 02:15:00+00:00,1,1.2488194
264423,BCHUSDT,2023-01-29 10:30:00+00:00,0,1.2319062
262129,BCHUSDT,2023-01-05 13:00:00+00:00,2,1.2588868
267067,BCHUSDT,2023-02-25 23:30:00+00:00,3,1.2173109
326346,BCHUSDT,2024-11-04 11:15:00+00:00,3,1.1725812
264877,BCHUSDT,2023-02-03 04:00:00+00:00,1,1.2475898
323722,BCHUSDT,2024-10-08 03:15:00+00:00,3,1.2645116
314053,BCHUSDT,2024-06-29 10:00:00+00:00,1,1.3306186
272832,BCHUSDT,2023-04-27 00:45:00+00:00,0,1.2918438
274527,BCHUSDT,2023-05-14 16:30:00+00:00,0,1.3048311
311271,BCHUSDT,2024-05-31 10:30:00+00:00,2,1.1626879
299688,BCHUSDT,2024-01-31 18:45:00+00:00,9,1.2329524
262711,BCHUSDT,2023-01-11 14:30:00+00:00,4,1.1167853
315971,BCHUSDT,2024-07-19 09:30:00+00:00,1,1.2277843
321081,BCHUSDT,2024-09-10 15:00:00+00:00,0,1.256936
262048,BCHUSDT,2023-01-04 16:45:00+00:00,5,1.2272673
283706,BCHUSDT,2023-08-18 07:15:00+00:00,1,1.3545798
276692,BCHUSDT,2023-06-06 05:45:00+00:00,3,1.4480968
318943,BCHUSDT,2024-08-19 08:30:00+00:00,2,1.2117912
319092,BCHUSDT,2024-08-20 21:45:00+00:00,7,1.3314571
317038,BCHUSDT,2024-07-30 12:15:00+00:00,2,1.3027338
280103,BCHUSDT,2023-07-11 18:30:00+00:00,2,1.1614894
289039,BCHUSDT,2023-10-12 20:30:00+00:00,3,1.1724159
325851,BCHUSDT,2024-10-30 07:30:00+00:00,7,1.271654
320525,BCHUSDT,2024-09-04 20:00:00+00:00,8,1.2802422
322352,BCHUSDT,2024-09-23 20:45:00+00:00,6,1.3341875
268026,BCHUSDT,2023-03-07 23:15:00+00:00,8,1.3718665
309514,BCHUSDT,2024-05-13 03:15:00+00:00,4,1.2592578
325384,BCHUSDT,2024-10-25 10:45:00+00:00,0,1.1738603
309280,BCHUSDT,2024-05-10 16:45:00+00:00,4,1.0901642
272668,BCHUSDT,2023-04-25 07:45:00+00:00,7,1.1757032
301012,BCHUSDT,2024-02-14 13:45:00+00:00,8,1.3030156
267205,BCHUSDT,2023-02-27 10:00:00+00:00,3,1.3598487
308328,BCHUSDT,2024-04-30 18:45:00+00:00,4,1.1498439
316531,BCHUSDT,2024-07-25 05:30:00+00:00,3,1.3131264
288957,BCHUSDT,2023-10-12 00:00:00+00:00,1,1.2300098
268306,BCHUSDT,2023-03-10 21:15:00+00:00,6,1.2038357
303421,BCHUSDT,2024-03-10 16:00:00+00:00,7,1.1190615
320840,BCHUSDT,2024-09-08 02:45:00+00:00,0,1.2374377
268173,BCHUSDT,2023-03-09 12:00:00+00:00,2,1.2643209
268814,BCHUSDT,2023-03-16 04:15:00+00:00,2,1.1890103
292586,BCHUSDT,2023-11-18 19:15:00+00:00,6,1.2013333
290206,BCHUSDT,2023-10-25 00:15:00+00:00,2,1.2781729
322015,BCHUSDT,2024-09-20 08:30:00+00:00,2,1.2853249
288969,BCHUSDT,2023-10-12 03:00:00+00:00,9,1.2323482
289086,BCHUSDT,2023-10-13 08:15:00+00:00,3,1.2931124
280219,BCHUSDT,2023-07-12 23:30:00+00:00,3,1.2706159
328549,BCHUSDT,2024-11-27 10:00:00+00:00,2,1.1774691
316879,BCHUSDT,2024-07-28 20:30:00+00:00,9,1.1493399
264452,BCHUSDT,2023-01-29 17:45:00+00:00,6,1.2879682
320490,BCHUSDT,2024-09-04 11:15:00+00:00,2,1.2063147
287111,BCHUSDT,2023-09-22 18:30:00+00:00,7,1.247396
268736,BCHUSDT,2023-03-15 08:45:00+00:00,2,1.1468269
289429,BCHUSDT,2023-10-16 22:00:00+00:00,1,1.2681386
295633,BCHUSDT,2023-12-20 13:00:00+00:00,5,1.2514617
275953,BCHUSDT,2023-05-29 13:00:00+00:00,5,1.2242557
312454,BCHUSDT,2024-06-12 18:15:00+00:00,5,1.2179164
295669,BCHUSDT,2023-12-20 22:00:00+00:00,8,1.4454526
299730,BCHUSDT,2024-02-01 05:15:00+00:00,3,1.3593187
311264,BCHUSDT,2024-05-31 08:45:00+00:00,1,1.1292495
298109,BCHUSDT,2024-01-15 08:00:00+00:00,4,1.1870656
318372,BCHUSDT,2024-08-13 09:45:00+00:00,2,1.3780252
306336,BCHUSDT,2024-04-10 00:45:00+00:00,2,1.2353698
326868,BCHUSDT,2024-11-09 21:45:00+00:00,0,1.260619
292454,BCHUSDT,2023-11-17 10:15:00+00:00,4,1.2300973
292766,BCHUSDT,2023-11-20 16:15:00+00:00,7,1.2075238
421288,BNBUSDT,2023-10-27 11:00:00+00:00,9,1.1652062
423489,BNBUSDT,2023-11-19 09:15:00+00:00,2,1.1967134
404970,BNBUSDT,2023-05-10 11:30:00+00:00,2,1.3492036
408848,BNBUSDT,2023-06-19 21:00:00+00:00,3,1.1564271
435977,BNBUSDT,2024-03-28 11:15:00+00:00,2,1.2706643
446053,BNBUSDT,2024-07-11 10:15:00+00:00,0,1.2569833
444905,BNBUSDT,2024-06-29 11:15:00+00:00,1,1.2516726
429799,BNBUSDT,2024-01-24 02:45:00+00:00,1,1.2168927
460284,BNBUSDT,2024-12-06 16:00:00+00:00,0,1.2079846
441060,BNBUSDT,2024-05-20 10:00:00+00:00,4,1.2953477
404309,BNBUSDT,2023-05-03 14:15:00+00:00,4,1.2400024
458573,BNBUSDT,2024-11-18 20:15:00+00:00,4,1.2759992
446433,BNBUSDT,2024-07-15 09:15:00+00:00,9,1.1690792
458432,BNBUSDT,2024-11-17 09:00:00+00:00,0,1.2745168
462491,BNBUSDT,2024-12-29 15:45:00+00:00,3,1.240441
407815,BNBUSDT,2023-06-09 02:45:00+00:00,4,1.2329396
407293,BNBUSDT,2023-06-03 16:15:00+00:00,0,1.330862
395216,BNBUSDT,2023-01-28 21:00:00+00:00,4,1.1069924
407103,BNBUSDT,2023-06-01 16:45:00+00:00,4,1.2026557
416605,BNBUSDT,2023-09-08 16:15:00+00:00,2,1.3351061
436524,BNBUSDT,2024-04-03 04:00:00+00:00,3,1.4103662
425297,BNBUSDT,2023-12-08 05:15:00+00:00,0,1.2092006
406383,BNBUSDT,2023-05-25 04:45:00+00:00,3,1.297246
452790,BNBUSDT,2024-09-19 14:30:00+00:00,0,1.1304996
424883,BNBUSDT,2023-12-03 21:45:00+00:00,1,1.2114075
448819,BNBUSDT,2024-08-09 05:45:00+00:00,4,1.1595894
414220,BNBUSDT,2023-08-14 20:00:00+00:00,8,1.2671193
445292,BNBUSDT,2024-07-03 12:00:00+00:00,4,1.160266
450103,BNBUSDT,2024-08-22 14:45:00+00:00,0,1.0945445
458164,BNBUSDT,2024-11-14 14:00:00+00:00,4,1.2328225
395825,BNBUSDT,2023-02-04 05:15:00+00:00,8,1.1888069
398581,BNBUSDT,2023-03-04 22:15:00+00:00,7,1.2394431
437280,BNBUSDT,2024-04-11 01:00:00+00:00,0,1.2426746
417929,BNBUSDT,2023-09-22 11:15:00+00:00,1,1.2850916
429650,BNBUSDT,2024-01-22 13:30:00+00:00,3,1.2144339
394666,BNBUSDT,2023-01-23 03:30:00+00:00,6,1.2074881
403836,BNBUSDT,2023-04-28 16:00:00+00:00,6,1.2612499
413006,BNBUSDT,2023-08-02 04:30:00+00:00,8,1.2396894
433561,BNBUSDT,2024-03-03 07:15:00+00:00,5,1.2953382
441058,BNBUSDT,2024-05-20 09:30:00+00:00,8,1.3996155
394529,BNBUSDT,2023-01-21 17:15:00+00:00,8,1.3122861
411608,BNBUSDT,2023-07-18 15:00:00+00:00,4,1.2287323
397450,BNBUSDT,2023-02-21 03:30:00+00:00,0,1.3355919
400690,BNBUSDT,2023-03-26 21:30:00+00:00,6,1.2641015
443579,BNBUSDT,2024-06-15 15:45:00+00:00,5,1.1255908
462524,BNBUSDT,2024-12-30 00:00:00+00:00,7,1.1649909
446675,BNBUSDT,2024-07-17 21:45:00+00:00,7,1.205755
426549,BNBUSDT,2023-12-21 06:15:00+00:00,8,1.1944638
453156,BNBUSDT,2024-09-23 10:00:00+00:00,1,1.2666533
410211,BNBUSDT,2023-07-04 01:45:00+00:00,4,1.1997359
455249,BNBUSDT,2024-10-15 05:15:00+00:00,4,1.3384682
406124,BNBUSDT,2023-05-22 12:00:00+00:00,1,1.3194454
430703,BNBUSDT,2024-02-02 12:45:00+00:00,4,1.1595317
400106,BNBUSDT,2023-03-20 19:30:00+00:00,7,1.1827288
429914,BNBUSDT,2024-01-25 07:30:00+00:00,3,1.3065197
460512,BNBUSDT,2024-12-09 01:00:00+00:00,4,1.211306
410416,BNBUSDT,2023-07-06 05:00:00+00:00,1,1.3320298
403856,BNBUSDT,2023-04-28 21:00:00+00:00,1,1.2546368
422440,BNBUSDT,2023-11-08 11:00:00+00:00,2,1.2965889
431397,BNBUSDT,2024-02-09 18:15:00+00:00,6,1.3063006
437479,BNBUSDT,2024-04-13 02:45:00+00:00,4,1.3044682
393383,BNBUSDT,2023-01-09 18:45:00+00:00,7,1.2819772
452617,BNBUSDT,2024-09-17 19:15:00+00:00,8,1.2511511
402497,BNBUSDT,2023-04-14 17:15:00+00:00,4,1.3086349
457782,BNBUSDT,2024-11-10 14:30:00+00:00,0,1.1618803
441200,BNBUSDT,2024-05-21 21:00:00+00:00,2,1.2429352
454407,BNBUSDT,2024-10-06 10:45:00+00:00,2,1.1491156
452097,BNBUSDT,2024-09-12 09:15:00+00:00,1,1.2447281
424709,BNBUSDT,2023-12-02 02:15:00+00:00,0,1.2021621
431211,BNBUSDT,2024-02-07 19:45:00+00:00,0,1.2676882
425441,BNBUSDT,2023-12-09 17:15:00+00:00,4,1.0898457
446970,BNBUSDT,2024-07-20 23:30:00+00:00,8,1.160671
431751,BNBUSDT,2024-02-13 10:45:00+00:00,2,1.1983055
436347,BNBUSDT,2024-04-01 07:45:00+00:00,7,1.369174
448006,BNBUSDT,2024-07-31 18:30:00+00:00,7,1.2117033
426812,BNBUSDT,2023-12-24 00:00:00+00:00,6,1.1866959
436564,BNBUSDT,2024-04-03 14:00:00+00:00,4,1.3274243
402809,BNBUSDT,2023-04-17 23:15:00+00:00,2,1.3426105
452890,BNBUSDT,2024-09-20 15:30:00+00:00,7,1.2853652
425579,BNBUSDT,2023-12-11 03:45:00+00:00,4,1.2635901
399801,BNBUSDT,2023-03-17 15:15:00+00:00,4,1.1661875
444049,BNBUSDT,2024-06-20 13:15:00+00:00,4,1.3649966
432421,BNBUSDT,2024-02-20 10:15:00+00:00,4,1.1938583
427203,BNBUSDT,2023-12-28 01:45:00+00:00,0,1.1816468
418230,BNBUSDT,2023-09-25 14:30:00+00:00,7,1.1784539
405602,BNBUSDT,2023-05-17 01:30:00+00:00,0,1.3035504
395496,BNBUSDT,2023-01-31 19:00:00+00:00,0,1.4237736
434893,BNBUSDT,2024-03-17 04:15:00+00:00,6,1.352685
412506,BNBUSDT,2023-07-27 23:30:00+00:00,6,1.3070992
403773,BNBUSDT,2023-04-28 00:15:00+00:00,4,1.2782649
407727,BNBUSDT,2023-06-08 04:45:00+00:00,2,1.2181852
427372,BNBUSDT,2023-12-29 20:00:00+00:00,3,1.1769525
422801,BNBUSDT,2023-11-12 05:15:00+00:00,3,1.3136518
427356,BNBUSDT,2023-12-29 16:00:00+00:00,4,1.0770853
410300,BNBUSDT,2023-07-05 00:00:00+00:00,3,1.2264696
432112,BNBUSDT,2024-02-17 05:00:00+00:00,8,1.2124758
433536,BNBUSDT,2024-03-03 01:00:00+00:00,0,1.2136557
441871,BNBUSDT,2024-05-28 20:45:00+00:00,3,1.2771751
413112,BNBUSDT,2023-08-03 07:00:00+00:00,2,1.1824914
430908,BNBUSDT,2024-02-04 16:00:00+00:00,0,1.1645163
396726,BNBUSDT,2023-02-13 14:30:00+00:00,7,1.2198395
414189,BNBUSDT,2023-08-14 12:15:00+00:00,2,1.2707807
407246,BNBUSDT,2023-06-03 04:30:00+00:00,4,1.2778349
459121,BNBUSDT,2024-11-24 13:15:00+00:00,4,1.2275338
411889,BNBUSDT,2023-07-21 13:15:00+00:00,9,1.2300398
423935,BNBUSDT,2023-11-24 00:45:00+00:00,9,1.2102823
447438,BNBUSDT,2024-07-25 20:30:00+00:00,4,1.1820147
433290,BNBUSDT,2024-02-29 11:30:00+00:00,2,1.2345527
423003,BNBUSDT,2023-11-14 07:45:00+00:00,1,1.2359592
426874,BNBUSDT,2023-12-24 15:30:00+00:00,5,1.2510448
446101,BNBUSDT,2024-07-11 22:15:00+00:00,8,1.3188509
396459,BNBUSDT,2023-02-10 19:45:00+00:00,6,1.210287
454410,BNBUSDT,2024-10-06 11:30:00+00:00,2,1.1369082
423645,BNBUSDT,2023-11-21 00:15:00+00:00,8,1.2756723
423948,BNBUSDT,2023-11-24 04:00:00+00:00,2,1.2116731
403461,BNBUSDT,2023-04-24 18:15:00+00:00,9,1.2242105
460050,BNBUSDT,2024-12-04 05:30:00+00:00,8,1.3369712
442547,BNBUSDT,2024-06-04 21:45:00+00:00,9,1.2614568
400761,BNBUSDT,2023-03-27 15:15:00+00:00,4,1.0990776
451837,BNBUSDT,2024-09-09 16:15:00+00:00,0,1.1433253
461067,BNBUSDT,2024-12-14 19:45:00+00:00,7,1.3034568
410173,BNBUSDT,2023-07-03 16:15:00+00:00,7,1.2350227
438025,BNBUSDT,2024-04-18 19:15:00+00:00,8,1.3145772
400812,BNBUSDT,2023-03-28 04:00:00+00:00,2,1.2990967
430164,BNBUSDT,2024-01-27 22:00:00+00:00,6,1.310183
452807,BNBUSDT,2024-09-19 18:45:00+00:00,9,1.3264889
408159,BNBUSDT,2023-06-12 16:45:00+00:00,0,1.3178866
399348,BNBUSDT,2023-03-12 22:00:00+00:00,9,1.2716342
435308,BNBUSDT,2024-03-21 12:00:00+00:00,0,1.3449059
446943,BNBUSDT,2024-07-20 16:45:00+00:00,5,1.2022389
404616,BNBUSDT,2023-05-06 19:00:00+00:00,3,1.2923778
459084,BNBUSDT,2024-11-24 04:00:00+00:00,3,1.3520858
425565,BNBUSDT,2023-12-11 00:15:00+00:00,6,1.2673944
410823,BNBUSDT,2023-07-10 10:45:00+00:00,0,1.0542972
454059,BNBUSDT,2024-10-02 19:45:00+00:00,4,1.049675
412284,BNBUSDT,2023-07-25 16:00:00+00:00,9,1.2663254
414782,BNBUSDT,2023-08-20 16:30:00+00:00,8,1.148076
414533,BNBUSDT,2023-08-18 02:15:00+00:00,3,1.3947064
418874,BNBUSDT,2023-10-02 07:30:00+00:00,9,1.2267159
442522,BNBUSDT,2024-06-04 15:30:00+00:00,0,1.2201188
446969,BNBUSDT,2024-07-20 23:15:00+00:00,4,1.188805
402191,BNBUSDT,2023-04-11 12:45:00+00:00,7,1.2675835
449786,BNBUSDT,2024-08-19 07:30:00+00:00,4,1.1307133
415865,BNBUSDT,2023-08-31 23:15:00+00:00,3,1.1460801
421651,BNBUSDT,2023-10-31 05:45:00+00:00,4,1.1764841
399592,BNBUSDT,2023-03-15 11:00:00+00:00,4,1.2280751
456823,BNBUSDT,2024-10-31 14:45:00+00:00,4,1.1768798
438467,BNBUSDT,2024-04-23 09:45:00+00:00,9,1.2847369
421734,BNBUSDT,2023-11-01 02:30:00+00:00,2,1.1330528
458945,BNBUSDT,2024-11-22 17:15:00+00:00,3,1.3277011
443990,BNBUSDT,2024-06-19 22:30:00+00:00,2,1.2305405
398141,BNBUSDT,2023-02-28 08:15:00+00:00,4,1.1776898
417786,BNBUSDT,2023-09-20 23:30:00+00:00,7,1.3494902
429520,BNBUSDT,2024-01-21 05:00:00+00:00,9,1.1915332
447919,BNBUSDT,2024-07-30 20:45:00+00:00,5,1.2646227
439755,BNBUSDT,2024-05-06 19:45:00+00:00,7,1.2502981
410011,BNBUSDT,2023-07-01 23:45:00+00:00,6,1.2198691
453467,BNBUSDT,2024-09-26 15:45:00+00:00,0,1.1791544
416157,BNBUSDT,2023-09-04 00:15:00+00:00,1,1.3200178
441234,BNBUSDT,2024-05-22 05:30:00+00:00,5,1.3621298
443759,BNBUSDT,2024-06-17 12:45:00+00:00,3,1.1805775
404058,BNBUSDT,2023-04-30 23:30:00+00:00,9,1.2800982
426507,BNBUSDT,2023-12-20 19:45:00+00:00,9,1.1711026
400735,BNBUSDT,2023-03-27 08:45:00+00:00,3,1.2698563
452407,BNBUSDT,2024-09-15 14:45:00+00:00,0,1.3623048
454315,BNBUSDT,2024-10-05 11:45:00+00:00,8,1.1952367
416111,BNBUSDT,2023-09-03 12:45:00+00:00,0,1.0552453
404651,BNBUSDT,2023-05-07 03:45:00+00:00,2,1.1681749
409550,BNBUSDT,2023-06-27 04:30:00+00:00,1,1.1460857
410592,BNBUSDT,2023-07-08 01:00:00+00:00,1,1.2121994
411695,BNBUSDT,2023-07-19 12:45:00+00:00,7,1.1456455
415627,BNBUSDT,2023-08-29 11:45:00+00:00,7,1.2649108
460553,BNBUSDT,2024-12-09 11:15:00+00:00,3,1.0982985
418225,BNBUSDT,2023-09-25 13:15:00+00:00,4,1.1005954
411970,BNBUSDT,2023-07-22 09:30:00+00:00,1,1.1489998
451933,BNBUSDT,2024-09-10 16:15:00+00:00,4,1.1268545
448610,BNBUSDT,2024-08-07 01:30:00+00:00,4,1.1882249
412950,BNBUSDT,2023-08-01 14:30:00+00:00,2,1.3321899
420626,BNBUSDT,2023-10-20 13:30:00+00:00,8,1.211351
452911,BNBUSDT,2024-09-20 20:45:00+00:00,6,1.2217464
444493,BNBUSDT,2024-06-25 04:15:00+00:00,2,1.3847827
423187,BNBUSDT,2023-11-16 05:45:00+00:00,9,1.257582
408804,BNBUSDT,2023-06-19 10:00:00+00:00,2,1.2150713
449178,BNBUSDT,2024-08-12 23:30:00+00:00,0,1.1545985
431056,BNBUSDT,2024-02-06 05:00:00+00:00,2,1.3337275
395459,BNBUSDT,2023-01-31 09:45:00+00:00,2,1.288918
419434,BNBUSDT,2023-10-08 03:30:00+00:00,9,1.1882719
453117,BNBUSDT,2024-09-23 00:15:00+00:00,9,1.2336563
399868,BNBUSDT,2023-03-18 08:00:00+00:00,9,1.195706
442072,BNBUSDT,2024-05-30 23:00:00+00:00,8,1.2942668
438807,BNBUSDT,2024-04-26 22:45:00+00:00,4,1.3052524
406119,BNBUSDT,2023-05-22 10:45:00+00:00,9,1.5376936
393486,BNBUSDT,2023-01-10 20:30:00+00:00,0,1.0904913
455115,BNBUSDT,2024-10-13 19:45:00+00:00,3,1.2918326
441191,BNBUSDT,2024-05-21 18:45:00+00:00,8,1.2062602
454819,BNBUSDT,2024-10-10 17:45:00+00:00,4,1.0654017
423137,BNBUSDT,2023-11-15 17:15:00+00:00,9,1.2248536
447651,BNBUSDT,2024-07-28 01:45:00+00:00,6,1.385928
403468,BNBUSDT,2023-04-24 20:00:00+00:00,3,1.2355876
457636,BNBUSDT,2024-11-09 02:00:00+00:00,0,1.1977066
399593,BNBUSDT,2023-03-15 11:15:00+00:00,4,1.1734834
409427,BNBUSDT,2023-06-25 21:45:00+00:00,3,1.2338679
414035,BNBUSDT,2023-08-12 21:45:00+00:00,8,1.1503696
422089,BNBUSDT,2023-11-04 19:15:00+00:00,0,1.281757
415640,BNBUSDT,2023-08-29 15:00:00+00:00,0,1.2125312
446153,BNBUSDT,2024-07-12 11:15:00+00:00,8,1.1795979
457678,BNBUSDT,2024-11-09 12:30:00+00:00,4,1.1761068
406798,BNBUSDT,2023-05-29 12:30:00+00:00,0,1.1666138
444028,BNBUSDT,2024-06-20 08:00:00+00:00,0,1.1896323
441362,BNBUSDT,2024-05-23 13:30:00+00:00,4,1.1887401
454272,BNBUSDT,2024-10-05 01:00:00+00:00,1,1.174323
417314,BNBUSDT,2023-09-16 01:30:00+00:00,9,1.2507135
402143,BNBUSDT,2023-04-11 00:45:00+00:00,0,1.327783
411941,BNBUSDT,2023-07-22 02:15:00+00:00,1,1.3127606
412603,BNBUSDT,2023-07-28 23:45:00+00:00,8,1.1810299
430481,BNBUSDT,2024-01-31 05:15:00+00:00,2,1.268866
445860,BNBUSDT,2024-07-09 10:00:00+00:00,2,1.2018517
410139,BNBUSDT,2023-07-03 07:45:00+00:00,0,1.1921895
411346,BNBUSDT,2023-07-15 21:30:00+00:00,5,1.2460582
446344,BNBUSDT,2024-07-14 11:00:00+00:00,4,1.2557296
405912,BNBUSDT,2023-05-20 07:00:00+00:00,8,1.234857
414122,BNBUSDT,2023-08-13 19:30:00+00:00,0,1.183373
396137,BNBUSDT,2023-02-07 11:15:00+00:00,9,1.2091086
436356,BNBUSDT,2024-04-01 10:00:00+00:00,3,1.253634
450346,BNBUSDT,2024-08-25 03:30:00+00:00,7,1.2629247
396994,BNBUSDT,2023-02-16 09:30:00+00:00,9,1.286887
423156,BNBUSDT,2023-11-15 22:00:00+00:00,2,1.2771784
404218,BNBUSDT,2023-05-02 15:30:00+00:00,5,1.3249285
427631,BNBUSDT,2024-01-01 12:45:00+00:00,9,1.2235714
437314,BNBUSDT,2024-04-11 09:30:00+00:00,4,1.20423
426829,BNBUSDT,2023-12-24 04:15:00+00:00,3,1.2920368
438418,BNBUSDT,2024-04-22 21:30:00+00:00,8,1.2178028
395508,BNBUSDT,2023-01-31 22:00:00+00:00,4,1.273302
408964,BNBUSDT,2023-06-21 02:00:00+00:00,0,1.2123135
457860,BNBUSDT,2024-11-11 10:00:00+00:00,3,1.2566274
435635,BNBUSDT,2024-03-24 21:45:00+00:00,0,1.2741756
436035,BNBUSDT,2024-03-29 01:45:00+00:00,0,1.1363698
443166,BNBUSDT,2024-06-11 08:30:00+00:00,4,1.193032
439303,BNBUSDT,2024-05-02 02:45:00+00:00,4,1.2276218
404024,BNBUSDT,2023-04-30 15:00:00+00:00,0,1.2231076
408046,BNBUSDT,2023-06-11 12:30:00+00:00,1,1.3465468
412916,BNBUSDT,2023-08-01 06:00:00+00:00,3,1.3052084
432350,BNBUSDT,2024-02-19 16:30:00+00:00,0,1.2771173
432068,BNBUSDT,2024-02-16 18:00:00+00:00,4,1.2986304
444104,BNBUSDT,2024-06-21 03:00:00+00:00,4,1.2075456
441869,BNBUSDT,2024-05-28 20:15:00+00:00,3,1.2470957
412215,BNBUSDT,2023-07-24 22:45:00+00:00,2,1.229256
417768,BNBUSDT,2023-09-20 19:00:00+00:00,0,1.36642
439809,BNBUSDT,2024-05-07 09:15:00+00:00,0,1.1918952
412264,BNBUSDT,2023-07-25 11:00:00+00:00,3,1.2215824
453748,BNBUSDT,2024-09-29 14:00:00+00:00,3,1.2678373
426359,BNBUSDT,2023-12-19 06:45:00+00:00,8,1.1797466
408912,BNBUSDT,2023-06-20 13:00:00+00:00,3,1.1680949
449507,BNBUSDT,2024-08-16 09:45:00+00:00,1,1.2419944
407084,BNBUSDT,2023-06-01 12:00:00+00:00,1,1.3172178
459821,BNBUSDT,2024-12-01 20:15:00+00:00,4,1.199632
453859,BNBUSDT,2024-09-30 17:45:00+00:00,4,1.2243103
453644,BNBUSDT,2024-09-28 12:00:00+00:00,1,1.3798808
432544,BNBUSDT,2024-02-21 17:00:00+00:00,9,1.1896622
460910,BNBUSDT,2024-12-13 04:30:00+00:00,1,1.1810743
425697,BNBUSDT,2023-12-12 09:15:00+00:00,2,1.2374113
398998,BNBUSDT,2023-03-09 06:30:00+00:00,8,1.170557
420190,BNBUSDT,2023-10-16 00:30:00+00:00,0,1.2459375
448580,BNBUSDT,2024-08-06 18:00:00+00:00,3,1.3282245
437025,BNBUSDT,2024-04-08 09:15:00+00:00,0,1.1893327
448181,BNBUSDT,2024-08-02 14:15:00+00:00,4,1.141752
412068,BNBUSDT,2023-07-23 10:00:00+00:00,7,1.2149007
435467,BNBUSDT,2024-03-23 03:45:00+00:00,8,1.3125558
392894,BNBUSDT,2023-01-04 16:30:00+00:00,0,1.1264584
441497,BNBUSDT,2024-05-24 23:15:00+00:00,1,1.1609251
415571,BNBUSDT,2023-08-28 21:45:00+00:00,3,1.2185997
409857,BNBUSDT,2023-06-30 09:15:00+00:00,9,1.315953
422753,BNBUSDT,2023-11-11 17:15:00+00:00,0,1.2914257
411573,BNBUSDT,2023-07-18 06:15:00+00:00,4,1.3308308
420911,BNBUSDT,2023-10-23 12:45:00+00:00,2,1.2230976
443994,BNBUSDT,2024-06-19 23:30:00+00:00,2,1.2357589
444113,BNBUSDT,2024-06-21 05:15:00+00:00,2,1.2284094
416285,BNBUSDT,2023-09-05 08:15:00+00:00,1,1.2903966
400098,BNBUSDT,2023-03-20 17:30:00+00:00,5,1.116233
422396,BNBUSDT,2023-11-08 00:00:00+00:00,8,1.353703
460735,BNBUSDT,2024-12-11 08:45:00+00:00,1,1.3514332
460873,BNBUSDT,2024-12-12 19:15:00+00:00,3,1.2635556
416465,BNBUSDT,2023-09-07 05:15:00+00:00,1,1.2651318
448961,BNBUSDT,2024-08-10 17:15:00+00:00,0,1.1009905
446759,BNBUSDT,2024-07-18 18:45:00+00:00,7,1.257005
412005,BNBUSDT,2023-07-22 18:15:00+00:00,4,1.169493
431409,BNBUSDT,2024-02-09 21:15:00+00:00,2,1.1747187
439218,BNBUSDT,2024-05-01 05:30:00+00:00,2,1.2615179
448110,BNBUSDT,2024-08-01 20:30:00+00:00,3,1.2225366
399759,BNBUSDT,2023-03-17 04:45:00+00:00,1,1.1366782
424818,BNBUSDT,2023-12-03 05:30:00+00:00,4,1.2390282
453760,BNBUSDT,2024-09-29 17:00:00+00:00,6,1.3414766
451700,BNBUSDT,2024-09-08 06:00:00+00:00,2,1.2673916
458408,BNBUSDT,2024-11-17 03:00:00+00:00,7,1.2388589
452701,BNBUSDT,2024-09-18 16:15:00+00:00,7,1.2179102
431188,BNBUSDT,2024-02-07 14:00:00+00:00,8,1.2615291
437612,BNBUSDT,2024-04-14 12:00:00+00:00,8,1.2621878
397464,BNBUSDT,2023-02-21 07:00:00+00:00,1,1.2940536
458709,BNBUSDT,2024-11-20 06:15:00+00:00,3,1.3520132
406298,BNBUSDT,2023-05-24 07:30:00+00:00,7,1.3085765
421266,BNBUSDT,2023-10-27 05:30:00+00:00,0,1.2111961
423374,BNBUSDT,2023-11-18 04:30:00+00:00,8,1.1539409
444353,BNBUSDT,2024-06-23 17:15:00+00:00,4,1.2472183
460295,BNBUSDT,2024-12-06 18:45:00+00:00,6,1.4110376
403489,BNBUSDT,2023-04-25 01:15:00+00:00,8,1.2821532
430760,BNBUSDT,2024-02-03 03:00:00+00:00,9,1.3377349
443481,BNBUSDT,2024-06-14 15:15:00+00:00,4,1.1469066
413239,BNBUSDT,2023-08-04 14:45:00+00:00,0,1.2425745
424911,BNBUSDT,2023-12-04 04:45:00+00:00,5,1.2275594
456508,BNBUSDT,2024-10-28 08:00:00+00:00,0,1.2080337
437827,BNBUSDT,2024-04-16 17:45:00+00:00,3,1.1985649
412154,BNBUSDT,2023-07-24 07:30:00+00:00,3,1.1653796
449772,BNBUSDT,2024-08-19 04:00:00+00:00,3,1.2291336
447197,BNBUSDT,2024-07-23 08:15:00+00:00,4,1.1535597
406974,BNBUSDT,2023-05-31 08:30:00+00:00,7,1.242104
429386,BNBUSDT,2024-01-19 19:30:00+00:00,3,1.257407
414291,BNBUSDT,2023-08-15 13:45:00+00:00,3,1.2247417
442770,BNBUSDT,2024-06-07 05:30:00+00:00,3,1.1921147
457997,BNBUSDT,2024-11-12 20:15:00+00:00,3,1.2770724
431565,BNBUSDT,2024-02-11 12:15:00+00:00,4,1.3490721
408517,BNBUSDT,2023-06-16 10:15:00+00:00,8,1.191772
419249,BNBUSDT,2023-10-06 05:15:00+00:00,2,1.2998021
400034,BNBUSDT,2023-03-20 01:30:00+00:00,6,1.3072364
400121,BNBUSDT,2023-03-20 23:15:00+00:00,4,1.144431
409945,BNBUSDT,2023-07-01 07:15:00+00:00,1,1.2542583
447565,BNBUSDT,2024-07-27 04:15:00+00:00,0,1.1916958
409825,BNBUSDT,2023-06-30 01:15:00+00:00,4,1.2519032
408439,BNBUSDT,2023-06-15 14:45:00+00:00,2,1.3105555
448652,BNBUSDT,2024-08-07 12:00:00+00:00,2,1.2745866
431756,BNBUSDT,2024-02-13 12:00:00+00:00,3,1.2318285
415283,BNBUSDT,2023-08-25 21:45:00+00:00,1,1.2454594
398309,BNBUSDT,2023-03-02 02:15:00+00:00,4,1.1662822
404689,BNBUSDT,2023-05-07 13:15:00+00:00,1,1.2544938
396792,BNBUSDT,2023-02-14 07:00:00+00:00,2,1.1972213
432769,BNBUSDT,2024-02-24 01:15:00+00:00,6,1.2333872
452473,BNBUSDT,2024-09-16 07:15:00+00:00,3,1.3118799
452053,BNBUSDT,2024-09-11 22:15:00+00:00,8,1.2837957
428175,BNBUSDT,2024-01-07 04:45:00+00:00,9,1.1434662
415617,BNBUSDT,2023-08-29 09:15:00+00:00,2,1.3174113
398619,BNBUSDT,2023-03-05 07:45:00+00:00,2,1.1564391
408906,BNBUSDT,2023-06-20 11:30:00+00:00,2,1.3001943
414853,BNBUSDT,2023-08-21 10:15:00+00:00,4,1.139654
421402,BNBUSDT,2023-10-28 15:30:00+00:00,8,1.1656287
450173,BNBUSDT,2024-08-23 08:15:00+00:00,1,1.2270969
434236,BNBUSDT,2024-03-10 08:00:00+00:00,0,1.243492
400249,BNBUSDT,2023-03-22 07:15:00+00:00,0,1.2008622
445217,BNBUSDT,2024-07-02 17:15:00+00:00,4,1.2995013
452910,BNBUSDT,2024-09-20 20:30:00+00:00,6,1.217889
414412,BNBUSDT,2023-08-16 20:00:00+00:00,3,1.1736789
413874,BNBUSDT,2023-08-11 05:30:00+00:00,4,1.2374986
415410,BNBUSDT,2023-08-27 05:30:00+00:00,5,1.2467848
450274,BNBUSDT,2024-08-24 09:30:00+00:00,3,1.2242037
459113,BNBUSDT,2024-11-24 11:15:00+00:00,4,1.2076032
418103,BNBUSDT,2023-09-24 06:45:00+00:00,5,1.2745866
413344,BNBUSDT,2023-08-05 17:00:00+00:00,0,1.2150464
428018,BNBUSDT,2024-01-05 13:30:00+00:00,8,1.1740347
406116,BNBUSDT,2023-05-22 10:00:00+00:00,0,1.3421636
405919,BNBUSDT,2023-05-20 08:45:00+00:00,1,1.1492381
444907,BNBUSDT,2024-06-29 11:45:00+00:00,1,1.2424014
402909,BNBUSDT,2023-04-19 00:15:00+00:00,1,1.2655858
444297,BNBUSDT,2024-06-23 03:15:00+00:00,9,1.2288197
443310,BNBUSDT,2024-06-12 20:30:00+00:00,4,1.2049125
428038,BNBUSDT,2024-01-05 18:30:00+00:00,7,1.2246187
438831,BNBUSDT,2024-04-27 04:45:00+00:00,3,1.2053819
432599,BNBUSDT,2024-02-22 06:45:00+00:00,1,1.2650572
443080,BNBUSDT,2024-06-10 11:00:00+00:00,7,1.28072
427543,BNBUSDT,2023-12-31 14:45:00+00:00,7,1.317667
441911,BNBUSDT,2024-05-29 06:45:00+00:00,2,1.2405566
420073,BNBUSDT,2023-10-14 19:15:00+00:00,6,1.299446
458120,BNBUSDT,2024-11-14 03:00:00+00:00,1,1.2029045
425989,BNBUSDT,2023-12-15 10:15:00+00:00,7,1.2814009
414295,BNBUSDT,2023-08-15 14:45:00+00:00,5,1.194333
394840,BNBUSDT,2023-01-24 23:00:00+00:00,4,1.2726601
458196,BNBUSDT,2024-11-14 22:00:00+00:00,1,1.181679
461426,BNBUSDT,2024-12-18 13:30:00+00:00,2,1.2769578
409057,BNBUSDT,2023-06-22 01:15:00+00:00,0,1.2987621
431919,BNBUSDT,2024-02-15 04:45:00+00:00,9,1.1635126
408171,BNBUSDT,2023-06-12 19:45:00+00:00,2,1.2824326
450360,BNBUSDT,2024-08-25 07:00:00+00:00,2,1.2099844
452374,BNBUSDT,2024-09-15 06:30:00+00:00,1,1.2372472
422786,BNBUSDT,2023-11-12 01:30:00+00:00,4,1.159111
432631,BNBUSDT,2024-02-22 14:45:00+00:00,5,1.1755041
397550,BNBUSDT,2023-02-22 04:30:00+00:00,2,1.1094515
453691,BNBUSDT,2024-09-28 23:45:00+00:00,2,1.2123582
441510,BNBUSDT,2024-05-25 02:30:00+00:00,8,1.1471943
455555,BNBUSDT,2024-10-18 09:45:00+00:00,1,1.1007985
404229,BNBUSDT,2023-05-02 18:15:00+00:00,0,1.3131458
423932,BNBUSDT,2023-11-24 00:00:00+00:00,9,1.1279826
400198,BNBUSDT,2023-03-21 18:30:00+00:00,7,1.221091
457152,BNBUSDT,2024-11-04 01:00:00+00:00,4,1.2001933
457475,BNBUSDT,2024-11-07 09:45:00+00:00,2,1.3101505
413192,BNBUSDT,2023-08-04 03:00:00+00:00,9,1.338024
421562,BNBUSDT,2023-10-30 07:30:00+00:00,7,1.2314552
408469,BNBUSDT,2023-06-15 22:15:00+00:00,6,1.2818723
441167,BNBUSDT,2024-05-21 12:45:00+00:00,4,1.26058
454933,BNBUSDT,2024-10-11 22:15:00+00:00,9,1.2057487
461763,BNBUSDT,2024-12-22 01:45:00+00:00,2,1.1945293
457126,BNBUSDT,2024-11-03 18:30:00+00:00,3,1.2431364
444381,BNBUSDT,2024-06-24 00:15:00+00:00,4,1.2981458
402648,BNBUSDT,2023-04-16 07:00:00+00:00,2,1.1899304
454807,BNBUSDT,2024-10-10 14:45:00+00:00,4,1.3042281
442956,BNBUSDT,2024-06-09 04:00:00+00:00,4,1.2417574
419616,BNBUSDT,2023-10-10 01:00:00+00:00,2,1.1725645
403150,BNBUSDT,2023-04-21 12:30:00+00:00,8,1.2361583
450418,BNBUSDT,2024-08-25 21:30:00+00:00,6,1.2009571
462535,BNBUSDT,2024-12-30 02:45:00+00:00,3,1.2246876
422486,BNBUSDT,2023-11-08 22:30:00+00:00,7,1.264906
412650,BNBUSDT,2023-07-29 11:30:00+00:00,1,1.1530347
437618,BNBUSDT,2024-04-14 13:30:00+00:00,1,1.2285097
430306,BNBUSDT,2024-01-29 09:30:00+00:00,0,1.2095313
430012,BNBUSDT,2024-01-26 08:00:00+00:00,1,1.1203738
401558,BNBUSDT,2023-04-04 22:30:00+00:00,2,1.208871
455750,BNBUSDT,2024-10-20 10:30:00+00:00,8,1.1562942
404113,BNBUSDT,2023-05-01 13:15:00+00:00,2,1.2995315
458066,BNBUSDT,2024-11-13 13:30:00+00:00,0,1.2638994
397610,BNBUSDT,2023-02-22 19:30:00+00:00,3,1.2050588
426044,BNBUSDT,2023-12-16 00:00:00+00:00,4,1.2991571
450097,BNBUSDT,2024-08-22 13:15:00+00:00,9,1.3157114
395876,BNBUSDT,2023-02-04 18:00:00+00:00,5,1.180481
446128,BNBUSDT,2024-07-12 05:00:00+00:00,4,1.2704074
442831,BNBUSDT,2024-06-07 20:45:00+00:00,7,1.3741652
407962,BNBUSDT,2023-06-10 15:30:00+00:00,8,1.2593443
403006,BNBUSDT,2023-04-20 00:30:00+00:00,3,1.3404884
462556,BNBUSDT,2024-12-30 08:00:00+00:00,2,1.1553888
392690,BNBUSDT,2023-01-02 13:30:00+00:00,8,1.1570604
452704,BNBUSDT,2024-09-18 17:00:00+00:00,5,1.2672993
420285,BNBUSDT,2023-10-17 00:15:00+00:00,2,1.2647799
450018,BNBUSDT,2024-08-21 17:30:00+00:00,3,1.2593039
401175,BNBUSDT,2023-03-31 22:45:00+00:00,6,1.1571052
401952,BNBUSDT,2023-04-09 01:00:00+00:00,3,1.3257717
436120,BNBUSDT,2024-03-29 23:00:00+00:00,1,1.3327017
444791,BNBUSDT,2024-06-28 06:45:00+00:00,8,1.2731131
401212,BNBUSDT,2023-04-01 08:00:00+00:00,7,1.2757854
431034,BNBUSDT,2024-02-05 23:30:00+00:00,8,1.2377062
406032,BNBUSDT,2023-05-21 13:00:00+00:00,8,1.3666791
414840,BNBUSDT,2023-08-21 07:00:00+00:00,7,1.2200291
420478,BNBUSDT,2023-10-19 00:30:00+00:00,7,1.3929204
434664,BNBUSDT,2024-03-14 19:00:00+00:00,4,1.1479044
447068,BNBUSDT,2024-07-22 00:00:00+00:00,0,1.2518859
431925,BNBUSDT,2024-02-15 06:15:00+00:00,8,1.1527163
440948,BNBUSDT,2024-05-19 06:00:00+00:00,8,1.1440688
407238,BNBUSDT,2023-06-03 02:30:00+00:00,8,1.257788
447827,BNBUSDT,2024-07-29 21:45:00+00:00,3,1.282345
404532,BNBUSDT,2023-05-05 22:00:00+00:00,8,1.1812437
460034,BNBUSDT,2024-12-04 01:30:00+00:00,0,1.1974882
453308,BNBUSDT,2024-09-25 00:00:00+00:00,8,1.1648155
443412,BNBUSDT,2024-06-13 22:00:00+00:00,4,1.2183597
395579,BNBUSDT,2023-02-01 15:45:00+00:00,4,1.2312132
418396,BNBUSDT,2023-09-27 08:00:00+00:00,9,1.1873763
455283,BNBUSDT,2024-10-15 13:45:00+00:00,0,1.2319031
396109,BNBUSDT,2023-02-07 04:15:00+00:00,3,1.2393761
397389,BNBUSDT,2023-02-20 12:15:00+00:00,2,1.2919086
425182,BNBUSDT,2023-12-07 00:30:00+00:00,3,1.240134
459670,BNBUSDT,2024-11-30 06:30:00+00:00,0,1.2872957
437924,BNBUSDT,2024-04-17 18:00:00+00:00,5,1.3234855
445299,BNBUSDT,2024-07-03 13:45:00+00:00,4,1.2580488
417372,BNBUSDT,2023-09-16 16:00:00+00:00,1,1.2692984
460585,BNBUSDT,2024-12-09 19:15:00+00:00,3,1.2774072
431171,BNBUSDT,2024-02-07 09:45:00+00:00,0,1.1784755
405266,BNBUSDT,2023-05-13 13:30:00+00:00,5,1.330803
410539,BNBUSDT,2023-07-07 11:45:00+00:00,1,1.1358885
425292,BNBUSDT,2023-12-08 04:00:00+00:00,0,1.2105396
449035,BNBUSDT,2024-08-11 11:45:00+00:00,4,1.217412
439771,BNBUSDT,2024-05-06 23:45:00+00:00,2,1.2133107
421321,BNBUSDT,2023-10-27 19:15:00+00:00,7,1.3077259
418000,BNBUSDT,2023-09-23 05:00:00+00:00,8,1.3289213
457989,BNBUSDT,2024-11-12 18:15:00+00:00,3,1.1294922
450815,BNBUSDT,2024-08-30 00:45:00+00:00,3,1.1701701
440622,BNBUSDT,2024-05-15 20:30:00+00:00,9,1.1940109
456809,BNBUSDT,2024-10-31 11:15:00+00:00,7,1.3348243
434954,BNBUSDT,2024-03-17 19:30:00+00:00,6,1.2881194
431262,BNBUSDT,2024-02-08 08:30:00+00:00,9,1.1831292
406642,BNBUSDT,2023-05-27 21:30:00+00:00,0,1.2205232
449316,BNBUSDT,2024-08-14 10:00:00+00:00,2,1.2983749
442953,BNBUSDT,2024-06-09 03:15:00+00:00,7,1.1135789
459861,BNBUSDT,2024-12-02 06:15:00+00:00,4,1.2938768
448294,BNBUSDT,2024-08-03 18:30:00+00:00,4,1.2940911
396384,BNBUSDT,2023-02-10 01:00:00+00:00,7,1.3149867
400146,BNBUSDT,2023-03-21 05:30:00+00:00,3,1.1899488
455368,BNBUSDT,2024-10-16 11:00:00+00:00,1,1.1481004
395733,BNBUSDT,2023-02-03 06:15:00+00:00,1,1.2266412
446548,BNBUSDT,2024-07-16 14:00:00+00:00,4,1.2042075
447660,BNBUSDT,2024-07-28 04:00:00+00:00,2,1.2220246
430046,BNBUSDT,2024-01-26 16:30:00+00:00,9,1.2781231
416120,BNBUSDT,2023-09-03 15:00:00+00:00,5,1.2664478
454558,BNBUSDT,2024-10-08 00:30:00+00:00,4,1.1991711
397288,BNBUSDT,2023-02-19 11:00:00+00:00,3,1.1797587
434878,BNBUSDT,2024-03-17 00:30:00+00:00,3,1.2205302
401835,BNBUSDT,2023-04-07 19:45:00+00:00,2,1.2836328
439695,BNBUSDT,2024-05-06 04:45:00+00:00,8,1.1706818
418185,BNBUSDT,2023-09-25 03:15:00+00:00,3,1.3447988
460629,BNBUSDT,2024-12-10 06:15:00+00:00,2,1.2629623
447770,BNBUSDT,2024-07-29 07:30:00+00:00,8,1.2930497
434195,BNBUSDT,2024-03-09 21:45:00+00:00,6,1.0990793
415914,BNBUSDT,2023-09-01 11:30:00+00:00,3,1.376571
456983,BNBUSDT,2024-11-02 06:45:00+00:00,2,1.257333
418126,BNBUSDT,2023-09-24 12:30:00+00:00,9,1.2912505
456977,BNBUSDT,2024-11-02 05:15:00+00:00,1,1.2207899
439185,BNBUSDT,2024-04-30 21:15:00+00:00,0,1.2700216
425023,BNBUSDT,2023-12-05 08:45:00+00:00,4,1.0969789
408218,BNBUSDT,2023-06-13 07:30:00+00:00,9,1.1538048
429217,BNBUSDT,2024-01-18 01:15:00+00:00,8,1.1446437
456160,BNBUSDT,2024-10-24 17:00:00+00:00,8,1.1801426
441265,BNBUSDT,2024-05-22 13:15:00+00:00,4,1.2549812
453191,BNBUSDT,2024-09-23 18:45:00+00:00,0,1.1493485
428117,BNBUSDT,2024-01-06 14:15:00+00:00,1,1.1662933
440584,BNBUSDT,2024-05-15 11:00:00+00:00,2,1.2957586
439669,BNBUSDT,2024-05-05 22:15:00+00:00,8,1.1719867
429732,BNBUSDT,2024-01-23 10:00:00+00:00,4,1.149732
446079,BNBUSDT,2024-07-11 16:45:00+00:00,8,1.2634692
432628,BNBUSDT,2024-02-22 14:00:00+00:00,4,1.0680255
434154,BNBUSDT,2024-03-09 11:30:00+00:00,9,1.2119981
436309,BNBUSDT,2024-03-31 22:15:00+00:00,0,1.310029
410891,BNBUSDT,2023-07-11 03:45:00+00:00,0,1.2635967
439120,BNBUSDT,2024-04-30 05:00:00+00:00,9,1.3947024
409254,BNBUSDT,2023-06-24 02:30:00+00:00,3,1.2411225
443005,BNBUSDT,2024-06-09 16:15:00+00:00,4,1.2528968
396741,BNBUSDT,2023-02-13 18:15:00+00:00,3,1.1903244
403553,BNBUSDT,2023-04-25 17:15:00+00:00,2,1.3011811
441749,BNBUSDT,2024-05-27 14:15:00+00:00,0,1.3174103
394404,BNBUSDT,2023-01-20 10:00:00+00:00,3,1.3102462
428023,BNBUSDT,2024-01-05 14:45:00+00:00,4,1.1923066
402726,BNBUSDT,2023-04-17 02:30:00+00:00,5,1.2932967
461425,BNBUSDT,2024-12-18 13:15:00+00:00,2,1.287002
417415,BNBUSDT,2023-09-17 02:45:00+00:00,5,1.2107787
419810,BNBUSDT,2023-10-12 01:30:00+00:00,4,1.2232813
459931,BNBUSDT,2024-12-02 23:45:00+00:00,3,1.2472492
449092,BNBUSDT,2024-08-12 02:00:00+00:00,3,1.3876778
456256,BNBUSDT,2024-10-25 17:00:00+00:00,4,1.2211344
444085,BNBUSDT,2024-06-20 22:15:00+00:00,3,1.2307818
442444,BNBUSDT,2024-06-03 20:00:00+00:00,3,1.247422
409727,BNBUSDT,2023-06-29 00:45:00+00:00,3,1.27914
415061,BNBUSDT,2023-08-23 14:15:00+00:00,4,1.320405
424913,BNBUSDT,2023-12-04 05:15:00+00:00,5,1.2657315
441547,BNBUSDT,2024-05-25 11:45:00+00:00,0,1.21222
447508,BNBUSDT,2024-07-26 14:00:00+00:00,0,1.1839521
398168,BNBUSDT,2023-02-28 15:00:00+00:00,0,1.2169324
399289,BNBUSDT,2023-03-12 07:15:00+00:00,2,1.2747833
397541,BNBUSDT,2023-02-22 02:15:00+00:00,7,1.1354934
451730,BNBUSDT,2024-09-08 13:30:00+00:00,4,1.1857644
428424,BNBUSDT,2024-01-09 19:00:00+00:00,3,1.2021992
396360,BNBUSDT,2023-02-09 19:00:00+00:00,4,1.1798666
400935,BNBUSDT,2023-03-29 10:45:00+00:00,9,1.185818
428408,BNBUSDT,2024-01-09 15:00:00+00:00,4,1.230264
426614,BNBUSDT,2023-12-21 22:30:00+00:00,3,1.146557
461819,BNBUSDT,2024-12-22 15:45:00+00:00,4,1.2237431
414846,BNBUSDT,2023-08-21 08:30:00+00:00,3,1.2391411
455324,BNBUSDT,2024-10-16 00:00:00+00:00,9,1.2138298
418659,BNBUSDT,2023-09-30 01:45:00+00:00,4,1.2747706
410945,BNBUSDT,2023-07-11 17:15:00+00:00,0,1.2783993
409588,BNBUSDT,2023-06-27 14:00:00+00:00,5,1.1365997
433976,BNBUSDT,2024-03-07 15:00:00+00:00,0,1.2426256
416767,BNBUSDT,2023-09-10 08:45:00+00:00,7,1.2325933
404900,BNBUSDT,2023-05-09 18:00:00+00:00,4,1.2072033
428388,BNBUSDT,2024-01-09 10:00:00+00:00,4,1.242709
408556,BNBUSDT,2023-06-16 20:00:00+00:00,9,1.130933
397808,BNBUSDT,2023-02-24 21:00:00+00:00,3,1.26585
432020,BNBUSDT,2024-02-16 06:00:00+00:00,9,1.1402906
425389,BNBUSDT,2023-12-09 04:15:00+00:00,0,1.2311736
405991,BNBUSDT,2023-05-21 02:45:00+00:00,7,1.4400804
409649,BNBUSDT,2023-06-28 05:15:00+00:00,7,1.2461594
427866,BNBUSDT,2024-01-03 23:30:00+00:00,2,1.2737297
430083,BNBUSDT,2024-01-27 01:45:00+00:00,0,1.1702546
392646,BNBUSDT,2023-01-02 02:30:00+00:00,4,1.2242972
425673,BNBUSDT,2023-12-12 03:15:00+00:00,0,1.2600069
442182,BNBUSDT,2024-06-01 02:30:00+00:00,1,1.2247491
395856,BNBUSDT,2023-02-04 13:00:00+00:00,1,1.1630388
406810,BNBUSDT,2023-05-29 15:30:00+00:00,7,1.365349
445416,BNBUSDT,2024-07-04 19:00:00+00:00,6,1.3851168
458575,BNBUSDT,2024-11-18 20:45:00+00:00,6,1.3574978
449326,BNBUSDT,2024-08-14 12:30:00+00:00,0,1.2747723
427255,BNBUSDT,2023-12-28 14:45:00+00:00,4,1.1985159
398938,BNBUSDT,2023-03-08 15:30:00+00:00,0,1.2194859
457153,BNBUSDT,2024-11-04 01:15:00+00:00,4,1.1914402
439147,BNBUSDT,2024-04-30 11:45:00+00:00,4,1.2029105
455285,BNBUSDT,2024-10-15 14:15:00+00:00,0,1.2176667
427946,BNBUSDT,2024-01-04 19:30:00+00:00,9,1.2116821
407988,BNBUSDT,2023-06-10 22:00:00+00:00,9,1.2841477
392878,BNBUSDT,2023-01-04 12:30:00+00:00,1,1.3198298
410588,BNBUSDT,2023-07-08 00:00:00+00:00,6,1.1593933
447240,BNBUSDT,2024-07-23 19:00:00+00:00,8,1.1752052
430966,BNBUSDT,2024-02-05 06:30:00+00:00,0,1.2940785
450166,BNBUSDT,2024-08-23 06:30:00+00:00,8,1.1607208
457618,BNBUSDT,2024-11-08 21:30:00+00:00,3,1.2423804
401949,BNBUSDT,2023-04-09 00:15:00+00:00,3,1.2165973
404897,BNBUSDT,2023-05-09 17:15:00+00:00,4,1.2380413
397711,BNBUSDT,2023-02-23 20:45:00+00:00,3,1.1719844
454270,BNBUSDT,2024-10-05 00:30:00+00:00,1,1.196135
442548,BNBUSDT,2024-06-04 22:00:00+00:00,9,1.274235
427547,BNBUSDT,2023-12-31 15:45:00+00:00,3,1.4046218
443938,BNBUSDT,2024-06-19 09:30:00+00:00,2,1.1773
455978,BNBUSDT,2024-10-22 19:30:00+00:00,8,1.283728
402448,BNBUSDT,2023-04-14 05:00:00+00:00,0,1.2112134
406038,BNBUSDT,2023-05-21 14:30:00+00:00,8,1.2693368
420024,BNBUSDT,2023-10-14 07:00:00+00:00,2,1.2093947
408904,BNBUSDT,2023-06-20 11:00:00+00:00,2,1.2918164
420012,BNBUSDT,2023-10-14 04:00:00+00:00,1,1.2460711
402656,BNBUSDT,2023-04-16 09:00:00+00:00,1,1.1977555
453147,BNBUSDT,2024-09-23 07:45:00+00:00,8,1.1457564
425789,BNBUSDT,2023-12-13 08:15:00+00:00,3,1.2163522
449584,BNBUSDT,2024-08-17 05:00:00+00:00,1,1.1042812
401159,BNBUSDT,2023-03-31 18:45:00+00:00,8,1.2436588
407656,BNBUSDT,2023-06-07 11:00:00+00:00,4,1.2199048
448535,BNBUSDT,2024-08-06 06:45:00+00:00,1,1.2398885
416956,BNBUSDT,2023-09-12 08:00:00+00:00,9,1.2896118
458150,BNBUSDT,2024-11-14 10:30:00+00:00,2,1.287313
415740,BNBUSDT,2023-08-30 16:00:00+00:00,4,1.1948873
414237,BNBUSDT,2023-08-15 00:15:00+00:00,2,1.2206118
434920,BNBUSDT,2024-03-17 11:00:00+00:00,3,1.198003
445903,BNBUSDT,2024-07-09 20:45:00+00:00,9,1.1941122
444100,BNBUSDT,2024-06-21 02:00:00+00:00,4,1.2882404
460668,BNBUSDT,2024-12-10 16:00:00+00:00,4,1.2068319
451405,BNBUSDT,2024-09-05 04:15:00+00:00,4,1.1391008
418890,BNBUSDT,2023-10-02 11:30:00+00:00,1,1.231205
455189,BNBUSDT,2024-10-14 14:15:00+00:00,0,1.1449201
407666,BNBUSDT,2023-06-07 13:30:00+00:00,4,1.1605855
412927,BNBUSDT,2023-08-01 08:45:00+00:00,0,1.1851635
413842,BNBUSDT,2023-08-10 21:30:00+00:00,3,1.2206304
403246,BNBUSDT,2023-04-22 12:30:00+00:00,0,1.2193272
406463,BNBUSDT,2023-05-26 00:45:00+00:00,8,1.3057865
426977,BNBUSDT,2023-12-25 17:15:00+00:00,8,1.2220047
438143,BNBUSDT,2024-04-20 00:45:00+00:00,8,1.2880968
445950,BNBUSDT,2024-07-10 08:30:00+00:00,8,1.2448156
421956,BNBUSDT,2023-11-03 10:00:00+00:00,8,1.238735
449466,BNBUSDT,2024-08-15 23:30:00+00:00,3,1.2645687
396616,BNBUSDT,2023-02-12 11:00:00+00:00,0,1.2548391
449874,BNBUSDT,2024-08-20 05:30:00+00:00,9,1.3266087
439214,BNBUSDT,2024-05-01 04:30:00+00:00,2,1.2704473
419320,BNBUSDT,2023-10-06 23:00:00+00:00,9,1.2411969
444335,BNBUSDT,2024-06-23 12:45:00+00:00,1,1.2172648
412656,BNBUSDT,2023-07-29 13:00:00+00:00,5,1.2285644
399215,BNBUSDT,2023-03-11 12:45:00+00:00,9,1.2441359
405149,BNBUSDT,2023-05-12 08:15:00+00:00,1,1.2588892
455923,BNBUSDT,2024-10-22 05:45:00+00:00,3,1.1602905
411661,BNBUSDT,2023-07-19 04:15:00+00:00,0,1.2946304
413403,BNBUSDT,2023-08-06 07:45:00+00:00,9,1.1847618
407368,BNBUSDT,2023-06-04 11:00:00+00:00,9,1.4692543
407663,BNBUSDT,2023-06-07 12:45:00+00:00,4,1.263152
441238,BNBUSDT,2024-05-22 06:30:00+00:00,1,1.265181
434788,BNBUSDT,2024-03-16 02:00:00+00:00,1,1.4125695
397881,BNBUSDT,2023-02-25 15:15:00+00:00,1,1.191035
452859,BNBUSDT,2024-09-20 07:45:00+00:00,0,1.2805685
431378,BNBUSDT,2024-02-09 13:30:00+00:00,0,1.3734293
429684,BNBUSDT,2024-01-22 22:00:00+00:00,4,1.2172095
441040,BNBUSDT,2024-05-20 05:00:00+00:00,0,1.2596374
393237,BNBUSDT,2023-01-08 06:15:00+00:00,3,1.2713485
460427,BNBUSDT,2024-12-08 03:45:00+00:00,0,1.2826934
441254,BNBUSDT,2024-05-22 10:30:00+00:00,1,1.309954
446650,BNBUSDT,2024-07-17 15:30:00+00:00,3,1.1893195
449685,BNBUSDT,2024-08-18 06:15:00+00:00,0,1.2004491
428541,BNBUSDT,2024-01-11 00:15:00+00:00,0,1.4583511
456272,BNBUSDT,2024-10-25 21:00:00+00:00,7,1.2733643
406058,BNBUSDT,2023-05-21 19:30:00+00:00,8,1.2841449
411965,BNBUSDT,2023-07-22 08:15:00+00:00,8,1.1732382
458593,BNBUSDT,2024-11-19 01:15:00+00:00,2,1.292079
428690,BNBUSDT,2024-01-12 13:30:00+00:00,1,1.2669486
431793,BNBUSDT,2024-02-13 21:15:00+00:00,3,1.2653253
417035,BNBUSDT,2023-09-13 03:45:00+00:00,4,1.1672175
407336,BNBUSDT,2023-06-04 03:00:00+00:00,5,1.2382812
431708,BNBUSDT,2024-02-13 00:00:00+00:00,3,1.2646939
396218,BNBUSDT,2023-02-08 07:30:00+00:00,2,1.2011384
403099,BNBUSDT,2023-04-20 23:45:00+00:00,3,1.2017689
462183,BNBUSDT,2024-12-26 10:45:00+00:00,4,1.3503721
457670,BNBUSDT,2024-11-09 10:30:00+00:00,4,1.153491
416492,BNBUSDT,2023-09-07 12:00:00+00:00,4,1.2369674
448176,BNBUSDT,2024-08-02 13:00:00+00:00,5,1.2274262
446873,BNBUSDT,2024-07-19 23:15:00+00:00,9,1.1355392
456707,BNBUSDT,2024-10-30 09:45:00+00:00,4,1.2039728
428751,BNBUSDT,2024-01-13 04:45:00+00:00,1,1.2317688
406118,BNBUSDT,2023-05-22 10:30:00+00:00,9,1.4218714
406632,BNBUSDT,2023-05-27 19:00:00+00:00,7,1.3279178
452344,BNBUSDT,2024-09-14 23:00:00+00:00,6,1.1663783
436475,BNBUSDT,2024-04-02 15:45:00+00:00,7,1.1806706
453529,BNBUSDT,2024-09-27 07:15:00+00:00,9,1.2880123
394593,BNBUSDT,2023-01-22 09:15:00+00:00,1,1.2867432
428950,BNBUSDT,2024-01-15 06:30:00+00:00,0,1.3508389
406131,BNBUSDT,2023-05-22 13:45:00+00:00,0,1.1695201
395229,BNBUSDT,2023-01-29 00:15:00+00:00,8,1.2682567
427854,BNBUSDT,2024-01-03 20:30:00+00:00,8,1.2681577
440255,BNBUSDT,2024-05-12 00:45:00+00:00,8,1.1907389
451959,BNBUSDT,2024-09-10 22:45:00+00:00,8,1.211217
397731,BNBUSDT,2023-02-24 01:45:00+00:00,5,1.2793523
436953,BNBUSDT,2024-04-07 15:15:00+00:00,6,1.2765154
408738,BNBUSDT,2023-06-18 17:30:00+00:00,8,1.1222584
442675,BNBUSDT,2024-06-06 05:45:00+00:00,4,1.3354925
424973,BNBUSDT,2023-12-04 20:15:00+00:00,1,1.3471519
401931,BNBUSDT,2023-04-08 19:45:00+00:00,4,1.2183037
449582,BNBUSDT,2024-08-17 04:30:00+00:00,1,1.1407328
456609,BNBUSDT,2024-10-29 09:15:00+00:00,1,1.1780108
416998,BNBUSDT,2023-09-12 18:30:00+00:00,7,1.1833842
448869,BNBUSDT,2024-08-09 18:15:00+00:00,6,1.2260492
461533,BNBUSDT,2024-12-19 16:15:00+00:00,4,1.1971539
450775,BNBUSDT,2024-08-29 14:45:00+00:00,4,1.2041394
405150,BNBUSDT,2023-05-12 08:30:00+00:00,2,1.209999
432910,BNBUSDT,2024-02-25 12:30:00+00:00,0,1.2404613
447865,BNBUSDT,2024-07-30 07:15:00+00:00,3,1.1966864
444416,BNBUSDT,2024-06-24 09:00:00+00:00,3,1.222085
431118,BNBUSDT,2024-02-06 20:30:00+00:00,8,1.1949162
406620,BNBUSDT,2023-05-27 16:00:00+00:00,1,1.2876254
459842,BNBUSDT,2024-12-02 01:30:00+00:00,0,1.2157537
456005,BNBUSDT,2024-10-23 02:15:00+00:00,2,1.2253996
434877,BNBUSDT,2024-03-17 00:15:00+00:00,3,1.2399119
449424,BNBUSDT,2024-08-15 13:00:00+00:00,0,1.3062617
455178,BNBUSDT,2024-10-14 11:30:00+00:00,3,1.2519419
427646,BNBUSDT,2024-01-01 16:30:00+00:00,0,1.2500079
426698,BNBUSDT,2023-12-22 19:30:00+00:00,6,1.2437037
393337,BNBUSDT,2023-01-09 07:15:00+00:00,2,1.2595985
448287,BNBUSDT,2024-08-03 16:45:00+00:00,4,1.3428537
409820,BNBUSDT,2023-06-30 00:00:00+00:00,8,1.2559596
454972,BNBUSDT,2024-10-12 08:00:00+00:00,4,1.2360694
406292,BNBUSDT,2023-05-24 06:00:00+00:00,4,1.2423064
454456,BNBUSDT,2024-10-06 23:00:00+00:00,5,1.2503757
430267,BNBUSDT,2024-01-28 23:45:00+00:00,3,1.1817833
449095,BNBUSDT,2024-08-12 02:45:00+00:00,3,1.2942036
410614,BNBUSDT,2023-07-08 06:30:00+00:00,8,1.2359498
403331,BNBUSDT,2023-04-23 09:45:00+00:00,2,1.1681482
397306,BNBUSDT,2023-02-19 15:30:00+00:00,5,1.1831197
392942,BNBUSDT,2023-01-05 04:30:00+00:00,9,1.2044669
431442,BNBUSDT,2024-02-10 05:30:00+00:00,1,1.3835529
457883,BNBUSDT,2024-11-11 15:45:00+00:00,5,1.252452
457561,BNBUSDT,2024-11-08 07:15:00+00:00,2,1.2305965
445965,BNBUSDT,2024-07-10 12:15:00+00:00,0,1.2437212
393083,BNBUSDT,2023-01-06 15:45:00+00:00,0,1.2081438
401439,BNBUSDT,2023-04-03 16:45:00+00:00,7,1.1789627
419867,BNBUSDT,2023-10-12 15:45:00+00:00,0,1.2559924
432566,BNBUSDT,2024-02-21 22:30:00+00:00,3,1.2749957
405491,BNBUSDT,2023-05-15 21:45:00+00:00,3,1.2934734
435383,BNBUSDT,2024-03-22 06:45:00+00:00,0,1.1564924
440618,BNBUSDT,2024-05-15 19:30:00+00:00,9,1.2385634
458657,BNBUSDT,2024-11-19 17:15:00+00:00,3,1.2799631
451684,BNBUSDT,2024-09-08 02:00:00+00:00,3,1.1255667
410100,BNBUSDT,2023-07-02 22:00:00+00:00,3,1.2731236
459448,BNBUSDT,2024-11-27 23:00:00+00:00,0,1.1868719
393950,BNBUSDT,2023-01-15 16:30:00+00:00,0,1.2098306
402836,BNBUSDT,2023-04-18 06:00:00+00:00,0,1.1969078
452314,BNBUSDT,2024-09-14 15:30:00+00:00,6,1.1405632
421966,BNBUSDT,2023-11-03 12:30:00+00:00,7,1.348037
411794,BNBUSDT,2023-07-20 13:30:00+00:00,9,1.2823427
426455,BNBUSDT,2023-12-20 06:45:00+00:00,1,1.3318784
437085,BNBUSDT,2024-04-09 00:15:00+00:00,0,1.4307735
437466,BNBUSDT,2024-04-12 23:30:00+00:00,3,1.2716286
450344,BNBUSDT,2024-08-25 03:00:00+00:00,3,1.2687333
426612,BNBUSDT,2023-12-21 22:00:00+00:00,3,1.1753026
460790,BNBUSDT,2024-12-11 22:30:00+00:00,9,1.2731503
410476,BNBUSDT,2023-07-06 20:00:00+00:00,4,1.292971
419749,BNBUSDT,2023-10-11 10:15:00+00:00,0,1.1995862
433287,BNBUSDT,2024-02-29 10:45:00+00:00,8,1.2944186
444068,BNBUSDT,2024-06-20 18:00:00+00:00,7,1.1331382
396115,BNBUSDT,2023-02-07 05:45:00+00:00,0,1.2289093
454680,BNBUSDT,2024-10-09 07:00:00+00:00,0,1.2912582
411508,BNBUSDT,2023-07-17 14:00:00+00:00,0,1.2522451
417665,BNBUSDT,2023-09-19 17:15:00+00:00,7,1.1952833
435117,BNBUSDT,2024-03-19 12:15:00+00:00,3,1.2787256
417367,BNBUSDT,2023-09-16 14:45:00+00:00,8,1.1962131
398717,BNBUSDT,2023-03-06 08:15:00+00:00,4,1.1326102
451418,BNBUSDT,2024-09-05 07:30:00+00:00,3,1.33328
457672,BNBUSDT,2024-11-09 11:00:00+00:00,4,1.2155802
435974,BNBUSDT,2024-03-28 10:30:00+00:00,2,1.2654915
395024,BNBUSDT,2023-01-26 21:00:00+00:00,3,1.1492244
433116,BNBUSDT,2024-02-27 16:00:00+00:00,4,1.2476553
408530,BNBUSDT,2023-06-16 13:30:00+00:00,5,1.3431997
423627,BNBUSDT,2023-11-20 19:45:00+00:00,0,1.1379021
393288,BNBUSDT,2023-01-08 19:00:00+00:00,9,1.1794243
445719,BNBUSDT,2024-07-07 22:45:00+00:00,8,1.278121
448335,BNBUSDT,2024-08-04 04:45:00+00:00,8,1.1733643
450945,BNBUSDT,2024-08-31 09:15:00+00:00,8,1.1692202
440371,BNBUSDT,2024-05-13 05:45:00+00:00,7,1.2496241
409111,BNBUSDT,2023-06-22 14:45:00+00:00,4,1.0578426
438664,BNBUSDT,2024-04-25 11:00:00+00:00,4,1.2504318
461285,BNBUSDT,2024-12-17 02:15:00+00:00,8,1.2588357
401927,BNBUSDT,2023-04-08 18:45:00+00:00,4,1.1997179
453699,BNBUSDT,2024-09-29 01:45:00+00:00,2,1.13034
393967,BNBUSDT,2023-01-15 20:45:00+00:00,6,1.3815944
399858,BNBUSDT,2023-03-18 05:30:00+00:00,9,1.2987788
407827,BNBUSDT,2023-06-09 05:45:00+00:00,8,1.2274685
401421,BNBUSDT,2023-04-03 12:15:00+00:00,9,1.2187312
451994,BNBUSDT,2024-09-11 07:30:00+00:00,3,1.2196918
444620,BNBUSDT,2024-06-26 12:00:00+00:00,4,1.2954959
412147,BNBUSDT,2023-07-24 05:45:00+00:00,7,1.1851139
441769,BNBUSDT,2024-05-27 19:15:00+00:00,8,1.3033909
430133,BNBUSDT,2024-01-27 14:15:00+00:00,1,1.258616
438548,BNBUSDT,2024-04-24 06:00:00+00:00,2,1.2706885
395273,BNBUSDT,2023-01-29 11:15:00+00:00,0,1.1545684
398852,BNBUSDT,2023-03-07 18:00:00+00:00,0,1.1918434
437914,BNBUSDT,2024-04-17 15:30:00+00:00,7,1.092603
400575,BNBUSDT,2023-03-25 16:45:00+00:00,5,1.2471944
422992,BNBUSDT,2023-11-14 05:00:00+00:00,3,1.1837615
461793,BNBUSDT,2024-12-22 09:15:00+00:00,3,1.1724283
448941,BNBUSDT,2024-08-10 12:15:00+00:00,1,1.279395
419792,BNBUSDT,2023-10-11 21:00:00+00:00,3,1.082038
408847,BNBUSDT,2023-06-19 20:45:00+00:00,3,1.1498994
440824,BNBUSDT,2024-05-17 23:00:00+00:00,1,1.1661192
399963,BNBUSDT,2023-03-19 07:45:00+00:00,2,1.1790699
401830,BNBUSDT,2023-04-07 18:30:00+00:00,9,1.2750996
448414,BNBUSDT,2024-08-05 00:30:00+00:00,4,1.2446023
459409,BNBUSDT,2024-11-27 13:15:00+00:00,0,1.1450433
396697,BNBUSDT,2023-02-13 07:15:00+00:00,3,1.3001941
446372,BNBUSDT,2024-07-14 18:00:00+00:00,2,1.353959
444155,BNBUSDT,2024-06-21 15:45:00+00:00,4,1.145976
415491,BNBUSDT,2023-08-28 01:45:00+00:00,7,1.1690423
403743,BNBUSDT,2023-04-27 16:45:00+00:00,0,1.2102907
444783,BNBUSDT,2024-06-28 04:45:00+00:00,2,1.2596484
407924,BNBUSDT,2023-06-10 06:00:00+00:00,7,1.3596166
437414,BNBUSDT,2024-04-12 10:30:00+00:00,9,1.3375487
419020,BNBUSDT,2023-10-03 20:00:00+00:00,4,1.151629
419602,BNBUSDT,2023-10-09 21:30:00+00:00,6,1.2722745
412798,BNBUSDT,2023-07-31 00:30:00+00:00,3,1.3282658
429887,BNBUSDT,2024-01-25 00:45:00+00:00,3,1.2143892
440245,BNBUSDT,2024-05-11 22:15:00+00:00,6,1.2119453
453288,BNBUSDT,2024-09-24 19:00:00+00:00,8,1.2702525
455073,BNBUSDT,2024-10-13 09:15:00+00:00,5,1.1919067
406701,BNBUSDT,2023-05-28 12:15:00+00:00,2,1.3071399
400847,BNBUSDT,2023-03-28 12:45:00+00:00,5,1.2382593
450622,BNBUSDT,2024-08-28 00:30:00+00:00,4,1.3943763
437395,BNBUSDT,2024-04-12 05:45:00+00:00,0,1.2919307
444436,BNBUSDT,2024-06-24 14:00:00+00:00,3,1.2664351
395862,BNBUSDT,2023-02-04 14:30:00+00:00,1,1.4009104
418670,BNBUSDT,2023-09-30 04:30:00+00:00,1,1.2415464
403335,BNBUSDT,2023-04-23 10:45:00+00:00,2,1.2261415
425766,BNBUSDT,2023-12-13 02:30:00+00:00,4,1.2621025
435174,BNBUSDT,2024-03-20 02:30:00+00:00,3,1.275367
426583,BNBUSDT,2023-12-21 14:45:00+00:00,0,1.1626852
439784,BNBUSDT,2024-05-07 03:00:00+00:00,2,1.1845297
422135,BNBUSDT,2023-11-05 06:45:00+00:00,0,1.1839463
438464,BNBUSDT,2024-04-23 09:00:00+00:00,0,1.1827397
458802,BNBUSDT,2024-11-21 05:30:00+00:00,3,1.3855826
403222,BNBUSDT,2023-04-22 06:30:00+00:00,1,1.2806518
430054,BNBUSDT,2024-01-26 18:30:00+00:00,6,1.2088376
392877,BNBUSDT,2023-01-04 12:15:00+00:00,2,1.1925269
417685,BNBUSDT,2023-09-19 22:15:00+00:00,3,1.174722
423033,BNBUSDT,2023-11-14 15:15:00+00:00,7,1.1945734
438126,BNBUSDT,2024-04-19 20:30:00+00:00,1,1.2182641
420743,BNBUSDT,2023-10-21 18:45:00+00:00,0,1.1301057
404812,BNBUSDT,2023-05-08 20:00:00+00:00,4,1.1854944
435741,BNBUSDT,2024-03-26 00:15:00+00:00,8,1.243559
410331,BNBUSDT,2023-07-05 07:45:00+00:00,2,1.0582271
408488,BNBUSDT,2023-06-16 03:00:00+00:00,1,1.0582439
444909,BNBUSDT,2024-06-29 12:15:00+00:00,1,1.3029027
413523,BNBUSDT,2023-08-07 13:45:00+00:00,4,1.2759669
451367,BNBUSDT,2024-09-04 18:45:00+00:00,8,1.2891867
438706,BNBUSDT,2024-04-25 21:30:00+00:00,6,1.365145
396872,BNBUSDT,2023-02-15 03:00:00+00:00,2,1.1611316
422180,BNBUSDT,2023-11-05 18:00:00+00:00,3,1.237441
447462,BNBUSDT,2024-07-26 02:30:00+00:00,0,1.1794682
436517,BNBUSDT,2024-04-03 02:15:00+00:00,3,1.3983221
453912,BNBUSDT,2024-10-01 07:00:00+00:00,0,1.305208
406635,BNBUSDT,2023-05-27 19:45:00+00:00,6,1.2771554
415288,BNBUSDT,2023-08-25 23:00:00+00:00,9,1.296862
415910,BNBUSDT,2023-09-01 10:30:00+00:00,2,1.262795
451757,BNBUSDT,2024-09-08 20:15:00+00:00,3,1.2771983
417156,BNBUSDT,2023-09-14 10:00:00+00:00,1,1.1961561
411452,BNBUSDT,2023-07-17 00:00:00+00:00,7,1.2375382
400533,BNBUSDT,2023-03-25 06:15:00+00:00,2,1.2610584
419144,BNBUSDT,2023-10-05 03:00:00+00:00,2,1.1906168
456008,BNBUSDT,2024-10-23 03:00:00+00:00,2,1.3446102
397642,BNBUSDT,2023-02-23 03:30:00+00:00,9,1.1122153
411642,BNBUSDT,2023-07-18 23:30:00+00:00,1,1.2475377
449132,BNBUSDT,2024-08-12 12:00:00+00:00,0,1.2685895
454682,BNBUSDT,2024-10-09 07:30:00+00:00,3,1.2619256
461390,BNBUSDT,2024-12-18 04:30:00+00:00,7,1.2312102
418005,BNBUSDT,2023-09-23 06:15:00+00:00,1,1.1788327
396411,BNBUSDT,2023-02-10 07:45:00+00:00,1,1.2015681
406833,BNBUSDT,2023-05-29 21:15:00+00:00,3,1.381021
412881,BNBUSDT,2023-07-31 21:15:00+00:00,7,1.2419381
397657,BNBUSDT,2023-02-23 07:15:00+00:00,9,1.1960528
454461,BNBUSDT,2024-10-07 00:15:00+00:00,0,1.2581512
410214,BNBUSDT,2023-07-04 02:30:00+00:00,2,1.264625
411843,BNBUSDT,2023-07-21 01:45:00+00:00,9,1.2695253
403294,BNBUSDT,2023-04-23 00:30:00+00:00,6,1.1723869
398234,BNBUSDT,2023-03-01 07:30:00+00:00,9,1.2397445
414505,BNBUSDT,2023-08-17 19:15:00+00:00,3,1.3030651
453655,BNBUSDT,2024-09-28 14:45:00+00:00,1,1.2441106
434101,BNBUSDT,2024-03-08 22:15:00+00:00,8,1.2040806
444389,BNBUSDT,2024-06-24 02:15:00+00:00,7,1.2619319
409267,BNBUSDT,2023-06-24 05:45:00+00:00,3,1.2713045
422047,BNBUSDT,2023-11-04 08:45:00+00:00,0,1.1237799
437669,BNBUSDT,2024-04-15 02:15:00+00:00,8,1.3645753
398870,BNBUSDT,2023-03-07 22:30:00+00:00,4,1.3337339
458955,BNBUSDT,2024-11-22 19:45:00+00:00,4,1.3161882
413967,BNBUSDT,2023-08-12 04:45:00+00:00,8,1.1758356
428308,BNBUSDT,2024-01-08 14:00:00+00:00,3,1.2682513
461943,BNBUSDT,2024-12-23 22:45:00+00:00,0,1.3057997
413473,BNBUSDT,2023-08-07 01:15:00+00:00,5,1.3081535
454815,BNBUSDT,2024-10-10 16:45:00+00:00,7,1.1028643
447638,BNBUSDT,2024-07-27 22:30:00+00:00,3,1.3268476
394482,BNBUSDT,2023-01-21 05:30:00+00:00,8,1.2470826
433832,BNBUSDT,2024-03-06 03:00:00+00:00,2,1.2444328
444762,BNBUSDT,2024-06-27 23:30:00+00:00,6,1.1433432
438829,BNBUSDT,2024-04-27 04:15:00+00:00,8,1.245052
456105,BNBUSDT,2024-10-24 03:15:00+00:00,0,1.206763
444097,BNBUSDT,2024-06-21 01:15:00+00:00,4,1.3005756
444915,BNBUSDT,2024-06-29 13:45:00+00:00,9,1.269486
404127,BNBUSDT,2023-05-01 16:45:00+00:00,4,1.2338704
398920,BNBUSDT,2023-03-08 11:00:00+00:00,1,1.2092104
395283,BNBUSDT,2023-01-29 13:45:00+00:00,9,1.1145157
421964,BNBUSDT,2023-11-03 12:00:00+00:00,8,1.2272633
420845,BNBUSDT,2023-10-22 20:15:00+00:00,1,1.2809521
403973,BNBUSDT,2023-04-30 02:15:00+00:00,4,1.3218486
441427,BNBUSDT,2024-05-24 05:45:00+00:00,4,1.1104791
422371,BNBUSDT,2023-11-07 17:45:00+00:00,7,1.1412095
417614,BNBUSDT,2023-09-19 04:30:00+00:00,2,1.2385975
451673,BNBUSDT,2024-09-07 23:15:00+00:00,8,1.2834876
450041,BNBUSDT,2024-08-21 23:15:00+00:00,9,1.2870064
398356,BNBUSDT,2023-03-02 14:00:00+00:00,3,1.2326038
417104,BNBUSDT,2023-09-13 21:00:00+00:00,9,1.2746192
462456,BNBUSDT,2024-12-29 07:00:00+00:00,2,1.2488887
420953,BNBUSDT,2023-10-23 23:15:00+00:00,0,1.1016757
409236,BNBUSDT,2023-06-23 22:00:00+00:00,4,1.2795309
445740,BNBUSDT,2024-07-08 04:00:00+00:00,3,1.2486063
438003,BNBUSDT,2024-04-18 13:45:00+00:00,2,1.219237
417399,BNBUSDT,2023-09-16 22:45:00+00:00,1,1.2680148
456862,BNBUSDT,2024-11-01 00:30:00+00:00,3,1.1712298
430923,BNBUSDT,2024-02-04 19:45:00+00:00,5,1.1741357
440128,BNBUSDT,2024-05-10 17:00:00+00:00,4,1.1386503
393651,BNBUSDT,2023-01-12 13:45:00+00:00,5,1.22623
450400,BNBUSDT,2024-08-25 17:00:00+00:00,8,1.274558
414565,BNBUSDT,2023-08-18 10:15:00+00:00,8,1.2733452
448846,BNBUSDT,2024-08-09 12:30:00+00:00,3,1.3451973
394127,BNBUSDT,2023-01-17 12:45:00+00:00,9,1.2789509
425646,BNBUSDT,2023-12-11 20:30:00+00:00,5,1.311225
409569,BNBUSDT,2023-06-27 09:15:00+00:00,2,1.1634336
433606,BNBUSDT,2024-03-03 18:30:00+00:00,6,1.285811
419860,BNBUSDT,2023-10-12 14:00:00+00:00,0,1.2455907
418287,BNBUSDT,2023-09-26 04:45:00+00:00,1,1.3307691
451781,BNBUSDT,2024-09-09 02:15:00+00:00,9,1.224859
425217,BNBUSDT,2023-12-07 09:15:00+00:00,4,1.1923048
449730,BNBUSDT,2024-08-18 17:30:00+00:00,7,1.1671574
458381,BNBUSDT,2024-11-16 20:15:00+00:00,3,1.1942072
398986,BNBUSDT,2023-03-09 03:30:00+00:00,3,1.2702358
406396,BNBUSDT,2023-05-25 08:00:00+00:00,2,1.2687081
445196,BNBUSDT,2024-07-02 12:00:00+00:00,3,1.2339729
423677,BNBUSDT,2023-11-21 08:15:00+00:00,2,1.3161179
412222,BNBUSDT,2023-07-25 00:30:00+00:00,1,1.2734615
438396,BNBUSDT,2024-04-22 16:00:00+00:00,7,1.2083464
456812,BNBUSDT,2024-10-31 12:00:00+00:00,3,1.263025
412746,BNBUSDT,2023-07-30 11:30:00+00:00,3,1.3714241
462125,BNBUSDT,2024-12-25 20:15:00+00:00,3,1.2883371
393923,BNBUSDT,2023-01-15 09:45:00+00:00,4,1.2196212
441728,BNBUSDT,2024-05-27 09:00:00+00:00,5,1.1447741
408493,BNBUSDT,2023-06-16 04:15:00+00:00,1,1.0802865
459619,BNBUSDT,2024-11-29 17:45:00+00:00,4,1.2169476
403181,BNBUSDT,2023-04-21 20:15:00+00:00,4,1.2303427
457604,BNBUSDT,2024-11-08 18:00:00+00:00,4,1.2387825
410375,BNBUSDT,2023-07-05 18:45:00+00:00,3,1.155876
457820,BNBUSDT,2024-11-11 00:00:00+00:00,3,1.3184415
402522,BNBUSDT,2023-04-14 23:30:00+00:00,6,1.2513413
425157,BNBUSDT,2023-12-06 18:15:00+00:00,3,1.1883168
408395,BNBUSDT,2023-06-15 03:45:00+00:00,2,1.2600574
400364,BNBUSDT,2023-03-23 12:00:00+00:00,1,1.2776691
460617,BNBUSDT,2024-12-10 03:15:00+00:00,7,1.3231676
402438,BNBUSDT,2023-04-14 02:30:00+00:00,0,1.162007
455558,BNBUSDT,2024-10-18 10:30:00+00:00,9,1.2044102
409384,BNBUSDT,2023-06-25 11:00:00+00:00,2,1.256432
404871,BNBUSDT,2023-05-09 10:45:00+00:00,3,1.321826
448564,BNBUSDT,2024-08-06 14:00:00+00:00,2,1.2308471
428089,BNBUSDT,2024-01-06 07:15:00+00:00,7,1.2483737
417218,BNBUSDT,2023-09-15 01:30:00+00:00,7,1.3333479
434495,BNBUSDT,2024-03-13 00:45:00+00:00,2,1.3244537
429901,BNBUSDT,2024-01-25 04:15:00+00:00,4,1.2598007
424305,BNBUSDT,2023-11-27 21:15:00+00:00,4,1.1871853
399378,BNBUSDT,2023-03-13 05:30:00+00:00,9,1.2079281
459453,BNBUSDT,2024-11-28 00:15:00+00:00,9,1.2934868
439096,BNBUSDT,2024-04-29 23:00:00+00:00,0,1.2363112
432177,BNBUSDT,2024-02-17 21:15:00+00:00,8,1.3358469
438442,BNBUSDT,2024-04-23 03:30:00+00:00,8,1.2901597
439238,BNBUSDT,2024-05-01 10:30:00+00:00,2,1.2041265
455039,BNBUSDT,2024-10-13 00:45:00+00:00,6,1.2140648
462091,BNBUSDT,2024-12-25 11:45:00+00:00,0,1.2276158
437390,BNBUSDT,2024-04-12 04:30:00+00:00,0,1.113438
419907,BNBUSDT,2023-10-13 01:45:00+00:00,0,1.1029608
408634,BNBUSDT,2023-06-17 15:30:00+00:00,1,1.1954219
429734,BNBUSDT,2024-01-23 10:30:00+00:00,4,1.4253831
397254,BNBUSDT,2023-02-19 02:30:00+00:00,6,1.3049533
398551,BNBUSDT,2023-03-04 14:45:00+00:00,1,1.2561091
417440,BNBUSDT,2023-09-17 09:00:00+00:00,5,1.1706158
434880,BNBUSDT,2024-03-17 01:00:00+00:00,4,1.1369646
444026,BNBUSDT,2024-06-20 07:30:00+00:00,0,1.2453345
418616,BNBUSDT,2023-09-29 15:00:00+00:00,5,1.3024399
410493,BNBUSDT,2023-07-07 00:15:00+00:00,4,1.2151711
455779,BNBUSDT,2024-10-20 17:45:00+00:00,6,1.2130787
396901,BNBUSDT,2023-02-15 10:15:00+00:00,1,1.3158506
429879,BNBUSDT,2024-01-24 22:45:00+00:00,3,1.2168608
418157,BNBUSDT,2023-09-24 20:15:00+00:00,4,1.1525983
462010,BNBUSDT,2024-12-24 15:30:00+00:00,0,1.1780115
430861,BNBUSDT,2024-02-04 04:15:00+00:00,3,1.3099923
437028,BNBUSDT,2024-04-08 10:00:00+00:00,0,1.1310818
444679,BNBUSDT,2024-06-27 02:45:00+00:00,9,1.2898822
444556,BNBUSDT,2024-06-25 20:00:00+00:00,9,1.3003775
441600,BNBUSDT,2024-05-26 01:00:00+00:00,6,1.2898097
444729,BNBUSDT,2024-06-27 15:15:00+00:00,0,1.2231413
461535,BNBUSDT,2024-12-19 16:45:00+00:00,1,1.2949411
433773,BNBUSDT,2024-03-05 12:15:00+00:00,2,1.2838905
430005,BNBUSDT,2024-01-26 06:15:00+00:00,9,1.153466
439443,BNBUSDT,2024-05-03 13:45:00+00:00,0,1.2526438
418688,BNBUSDT,2023-09-30 09:00:00+00:00,1,1.2745596
425621,BNBUSDT,2023-12-11 14:15:00+00:00,0,1.2149489
436061,BNBUSDT,2024-03-29 08:15:00+00:00,0,1.2215451
438759,BNBUSDT,2024-04-26 10:45:00+00:00,4,1.1304697
458367,BNBUSDT,2024-11-16 16:45:00+00:00,3,1.2831079
455590,BNBUSDT,2024-10-18 18:30:00+00:00,6,1.1435494
526586,BTCUSDT,2023-02-03 07:45:00+00:00,8,1.1124454
557583,BTCUSDT,2023-12-23 05:00:00+00:00,4,1.2180746
558175,BTCUSDT,2023-12-29 09:00:00+00:00,4,1.1562245
558178,BTCUSDT,2023-12-29 09:45:00+00:00,5,1.2843432
562164,BTCUSDT,2024-02-08 22:15:00+00:00,6,1.2370979
583207,BTCUSDT,2024-09-15 03:00:00+00:00,1,1.2920665
557899,BTCUSDT,2023-12-26 12:00:00+00:00,2,1.2185677
579982,BTCUSDT,2024-08-12 12:45:00+00:00,0,1.321429
558160,BTCUSDT,2023-12-29 05:15:00+00:00,3,1.2674612
536182,BTCUSDT,2023-05-14 06:45:00+00:00,0,1.2295499
574764,BTCUSDT,2024-06-19 04:15:00+00:00,0,1.2495364
589511,BTCUSDT,2024-11-19 19:00:00+00:00,0,1.2545661
541070,BTCUSDT,2023-07-04 04:45:00+00:00,4,1.2012092
534426,BTCUSDT,2023-04-25 23:45:00+00:00,0,1.2752913
560960,BTCUSDT,2024-01-27 09:15:00+00:00,4,1.2283092
574153,BTCUSDT,2024-06-12 19:30:00+00:00,4,1.2321234
535824,BTCUSDT,2023-05-10 13:15:00+00:00,0,1.2975118
551900,BTCUSDT,2023-10-25 00:15:00+00:00,2,1.2781466
582078,BTCUSDT,2024-09-03 08:45:00+00:00,4,1.2261434
582186,BTCUSDT,2024-09-04 11:45:00+00:00,9,1.1896607
566639,BTCUSDT,2024-03-26 13:00:00+00:00,1,1.2679026
533794,BTCUSDT,2023-04-19 09:45:00+00:00,4,1.1291198
524283,BTCUSDT,2023-01-10 08:00:00+00:00,2,1.1974518
548079,BTCUSDT,2023-09-15 05:00:00+00:00,3,1.2035356
581895,BTCUSDT,2024-09-01 11:00:00+00:00,7,1.2582278
582533,BTCUSDT,2024-09-08 02:30:00+00:00,0,1.102411
540385,BTCUSDT,2023-06-27 01:30:00+00:00,0,1.2233361
535472,BTCUSDT,2023-05-06 21:15:00+00:00,3,1.3148243
568565,BTCUSDT,2024-04-15 14:30:00+00:00,4,1.1125437
553529,BTCUSDT,2023-11-10 23:30:00+00:00,5,1.3487091
535716,BTCUSDT,2023-05-09 10:15:00+00:00,3,1.2146248
532563,BTCUSDT,2023-04-06 14:00:00+00:00,7,1.217863
533830,BTCUSDT,2023-04-19 18:45:00+00:00,8,1.2134689
593413,BTCUSDT,2024-12-30 10:30:00+00:00,9,1.1641747
575317,BTCUSDT,2024-06-24 22:30:00+00:00,3,1.2836916
536278,BTCUSDT,2023-05-15 06:45:00+00:00,0,1.2193854
530318,BTCUSDT,2023-03-14 04:45:00+00:00,2,1.2378188
556320,BTCUSDT,2023-12-10 01:15:00+00:00,8,1.2811645
531775,BTCUSDT,2023-03-29 09:00:00+00:00,0,1.1044093
578838,BTCUSDT,2024-07-31 14:45:00+00:00,0,1.1463387
577515,BTCUSDT,2024-07-17 20:00:00+00:00,3,1.1310756
533346,BTCUSDT,2023-04-14 17:45:00+00:00,7,1.3266463
574724,BTCUSDT,2024-06-18 18:15:00+00:00,7,1.263163
572752,BTCUSDT,2024-05-29 05:15:00+00:00,2,1.2284405
564127,BTCUSDT,2024-02-29 09:00:00+00:00,9,1.2449661
592851,BTCUSDT,2024-12-24 14:00:00+00:00,0,1.1246622
592276,BTCUSDT,2024-12-18 14:15:00+00:00,2,1.2350401
534051,BTCUSDT,2023-04-22 02:00:00+00:00,1,1.2179171
543786,BTCUSDT,2023-08-01 11:45:00+00:00,2,1.2091538
583386,BTCUSDT,2024-09-16 23:45:00+00:00,1,1.2052271
571866,BTCUSDT,2024-05-19 23:45:00+00:00,3,1.2351438
528624,BTCUSDT,2023-02-24 13:15:00+00:00,4,1.2370301
555472,BTCUSDT,2023-12-01 05:15:00+00:00,0,1.2902882
537435,BTCUSDT,2023-05-27 08:00:00+00:00,8,1.2896049
541515,BTCUSDT,2023-07-08 20:00:00+00:00,4,1.2218714
570824,BTCUSDT,2024-05-09 03:15:00+00:00,3,1.2666463
578504,BTCUSDT,2024-07-28 03:15:00+00:00,1,1.3865087
563739,BTCUSDT,2024-02-25 08:00:00+00:00,3,1.2595145
586390,BTCUSDT,2024-10-18 06:45:00+00:00,9,1.1967685
557103,BTCUSDT,2023-12-18 05:00:00+00:00,3,1.2204442
526124,BTCUSDT,2023-01-29 12:15:00+00:00,0,1.2134839
560368,BTCUSDT,2024-01-21 05:15:00+00:00,1,1.2722498
586526,BTCUSDT,2024-10-19 16:45:00+00:00,7,1.2203697
570930,BTCUSDT,2024-05-10 05:45:00+00:00,2,1.1879138
529542,BTCUSDT,2023-03-06 02:45:00+00:00,4,1.240603
550370,BTCUSDT,2023-10-09 01:45:00+00:00,8,1.1766205
575832,BTCUSDT,2024-06-30 07:15:00+00:00,0,1.2270589
584536,BTCUSDT,2024-09-28 23:15:00+00:00,8,1.321939
528069,BTCUSDT,2023-02-18 18:30:00+00:00,0,1.1961813
555754,BTCUSDT,2023-12-04 03:45:00+00:00,0,1.2207332
578391,BTCUSDT,2024-07-26 23:00:00+00:00,9,1.1208359
557196,BTCUSDT,2023-12-19 04:15:00+00:00,9,1.2763196
567502,BTCUSDT,2024-04-04 12:45:00+00:00,0,1.2323016
555030,BTCUSDT,2023-11-26 14:45:00+00:00,4,1.2210889
578308,BTCUSDT,2024-07-26 02:15:00+00:00,9,1.2641271
539164,BTCUSDT,2023-06-14 08:15:00+00:00,2,1.1648356
534641,BTCUSDT,2023-04-28 05:30:00+00:00,1,1.1786505
568249,BTCUSDT,2024-04-12 07:30:00+00:00,9,1.1777457
583963,BTCUSDT,2024-09-23 00:00:00+00:00,9,1.237633
525035,BTCUSDT,2023-01-18 04:00:00+00:00,3,1.200682
543680,BTCUSDT,2023-07-31 09:15:00+00:00,2,1.2162759
574009,BTCUSDT,2024-06-11 07:30:00+00:00,7,1.390849
534090,BTCUSDT,2023-04-22 11:45:00+00:00,1,1.203992
555542,BTCUSDT,2023-12-01 22:45:00+00:00,8,1.204266
532662,BTCUSDT,2023-04-07 14:45:00+00:00,5,1.1082207
542166,BTCUSDT,2023-07-15 14:45:00+00:00,1,1.1318814
543999,BTCUSDT,2023-08-03 17:00:00+00:00,0,1.301857
577104,BTCUSDT,2024-07-13 13:15:00+00:00,0,1.0825615
551086,BTCUSDT,2023-10-16 12:45:00+00:00,9,1.2487339
541524,BTCUSDT,2023-07-08 22:15:00+00:00,6,1.2524397
530766,BTCUSDT,2023-03-18 20:45:00+00:00,6,1.2199459
580621,BTCUSDT,2024-08-19 04:30:00+00:00,3,1.1981381
559135,BTCUSDT,2024-01-08 09:00:00+00:00,2,1.2093072
523616,BTCUSDT,2023-01-03 09:15:00+00:00,0,1.2650658
555534,BTCUSDT,2023-12-01 20:45:00+00:00,9,1.2540524
577248,BTCUSDT,2024-07-15 01:15:00+00:00,0,1.0816602
590111,BTCUSDT,2024-11-26 01:00:00+00:00,7,1.243149
535034,BTCUSDT,2023-05-02 07:45:00+00:00,1,1.1358911
583950,BTCUSDT,2024-09-22 20:45:00+00:00,0,1.1144717
571617,BTCUSDT,2024-05-17 09:30:00+00:00,1,1.1193686
552138,BTCUSDT,2023-10-27 11:45:00+00:00,2,1.178351
564457,BTCUSDT,2024-03-03 19:30:00+00:00,0,1.2009416
533464,BTCUSDT,2023-04-15 23:15:00+00:00,6,1.2957993
591167,BTCUSDT,2024-12-07 01:00:00+00:00,8,1.2992477
585521,BTCUSDT,2024-10-09 05:30:00+00:00,3,1.1440649
580344,BTCUSDT,2024-08-16 07:15:00+00:00,9,1.2075651
540033,BTCUSDT,2023-06-23 09:30:00+00:00,8,1.1617124
564115,BTCUSDT,2024-02-29 06:00:00+00:00,1,1.3126897
538949,BTCUSDT,2023-06-12 02:30:00+00:00,4,1.1161507
562655,BTCUSDT,2024-02-14 01:00:00+00:00,8,1.2230961
566553,BTCUSDT,2024-03-25 15:30:00+00:00,0,1.0988693
537010,BTCUSDT,2023-05-22 21:45:00+00:00,3,1.2741847
583597,BTCUSDT,2024-09-19 04:30:00+00:00,8,1.2739326
574903,BTCUSDT,2024-06-20 15:00:00+00:00,4,1.1811022
555339,BTCUSDT,2023-11-29 20:00:00+00:00,3,1.124256
559259,BTCUSDT,2024-01-09 16:00:00+00:00,0,1.2534434
584250,BTCUSDT,2024-09-25 23:45:00+00:00,4,1.2999194
564634,BTCUSDT,2024-03-05 15:45:00+00:00,7,1.283692
589719,BTCUSDT,2024-11-21 23:00:00+00:00,9,1.166272
548995,BTCUSDT,2023-09-24 18:00:00+00:00,0,1.3077728
559837,BTCUSDT,2024-01-15 16:30:00+00:00,4,1.1672783
574258,BTCUSDT,2024-06-13 21:45:00+00:00,3,1.1937997
543280,BTCUSDT,2023-07-27 05:15:00+00:00,1,1.3784723
548113,BTCUSDT,2023-09-15 13:30:00+00:00,4,1.0655081
588928,BTCUSDT,2024-11-13 17:15:00+00:00,0,1.2452276
548989,BTCUSDT,2023-09-24 16:30:00+00:00,7,1.2996376
563360,BTCUSDT,2024-02-21 09:15:00+00:00,4,1.1107326
554943,BTCUSDT,2023-11-25 17:00:00+00:00,6,1.254778
531236,BTCUSDT,2023-03-23 18:15:00+00:00,0,1.2667153
540670,BTCUSDT,2023-06-30 00:45:00+00:00,3,1.1841853
568091,BTCUSDT,2024-04-10 16:00:00+00:00,5,1.2635912
552503,BTCUSDT,2023-10-31 07:00:00+00:00,7,1.2650859
577762,BTCUSDT,2024-07-20 09:45:00+00:00,1,1.2023003
525349,BTCUSDT,2023-01-21 10:30:00+00:00,5,1.3901929
576152,BTCUSDT,2024-07-03 15:15:00+00:00,7,1.2495971
546411,BTCUSDT,2023-08-28 20:00:00+00:00,4,1.0834944
561171,BTCUSDT,2024-01-29 14:00:00+00:00,4,1.1613287
586655,BTCUSDT,2024-10-21 01:00:00+00:00,9,1.2293493
582832,BTCUSDT,2024-09-11 05:15:00+00:00,4,1.1524462
530749,BTCUSDT,2023-03-18 16:30:00+00:00,4,1.1199598
532970,BTCUSDT,2023-04-10 19:45:00+00:00,9,1.1728115
592087,BTCUSDT,2024-12-16 15:00:00+00:00,0,1.2404597
561601,BTCUSDT,2024-02-03 01:30:00+00:00,3,1.2626143
536333,BTCUSDT,2023-05-15 20:30:00+00:00,8,1.1240311
553545,BTCUSDT,2023-11-11 03:30:00+00:00,8,1.3459239
534369,BTCUSDT,2023-04-25 09:30:00+00:00,3,1.2049476
568481,BTCUSDT,2024-04-14 17:30:00+00:00,4,1.1861463
567653,BTCUSDT,2024-04-06 02:30:00+00:00,8,1.172814
573548,BTCUSDT,2024-06-06 12:15:00+00:00,1,1.1884615
528109,BTCUSDT,2023-02-19 04:30:00+00:00,8,1.2857598
576686,BTCUSDT,2024-07-09 04:45:00+00:00,1,1.2355593
572891,BTCUSDT,2024-05-30 16:00:00+00:00,0,1.1483562
537813,BTCUSDT,2023-05-31 06:30:00+00:00,4,1.3310617
549156,BTCUSDT,2023-09-26 10:15:00+00:00,4,1.3162601
547494,BTCUSDT,2023-09-09 02:45:00+00:00,8,1.18139
591161,BTCUSDT,2024-12-06 23:30:00+00:00,4,1.282477
526684,BTCUSDT,2023-02-04 08:15:00+00:00,1,1.2496356
553696,BTCUSDT,2023-11-12 17:15:00+00:00,6,1.1956033
582515,BTCUSDT,2024-09-07 22:00:00+00:00,7,1.174303
532164,BTCUSDT,2023-04-02 10:15:00+00:00,5,1.2321495
530828,BTCUSDT,2023-03-19 12:15:00+00:00,0,1.2134585
537270,BTCUSDT,2023-05-25 14:45:00+00:00,0,1.1902262
562162,BTCUSDT,2024-02-08 21:45:00+00:00,0,1.217996
562423,BTCUSDT,2024-02-11 15:00:00+00:00,5,1.1382
583221,BTCUSDT,2024-09-15 06:30:00+00:00,2,1.2145642
533107,BTCUSDT,2023-04-12 06:00:00+00:00,2,1.2855716
578748,BTCUSDT,2024-07-30 16:15:00+00:00,5,1.2147481
559971,BTCUSDT,2024-01-17 02:00:00+00:00,8,1.1742779
526438,BTCUSDT,2023-02-01 18:45:00+00:00,5,1.2319009
567550,BTCUSDT,2024-04-05 00:45:00+00:00,3,1.3170013
584882,BTCUSDT,2024-10-02 13:45:00+00:00,4,1.1003398
578670,BTCUSDT,2024-07-29 20:45:00+00:00,3,1.2809277
560445,BTCUSDT,2024-01-22 00:30:00+00:00,4,1.234573
526957,BTCUSDT,2023-02-07 04:30:00+00:00,3,1.2597301
561049,BTCUSDT,2024-01-28 07:30:00+00:00,0,1.1973372
548074,BTCUSDT,2023-09-15 03:45:00+00:00,3,1.200729
524612,BTCUSDT,2023-01-13 18:15:00+00:00,0,1.1212313
567694,BTCUSDT,2024-04-06 12:45:00+00:00,8,1.2611977
523610,BTCUSDT,2023-01-03 07:45:00+00:00,2,1.2108333
583631,BTCUSDT,2024-09-19 13:00:00+00:00,0,1.0541166
585041,BTCUSDT,2024-10-04 05:30:00+00:00,9,1.159957
550301,BTCUSDT,2023-10-08 08:30:00+00:00,3,1.3089346
527202,BTCUSDT,2023-02-09 17:45:00+00:00,4,1.139885
548398,BTCUSDT,2023-09-18 12:45:00+00:00,0,1.0652039
585976,BTCUSDT,2024-10-13 23:15:00+00:00,6,1.2536174
542106,BTCUSDT,2023-07-14 23:45:00+00:00,3,1.2235904
552332,BTCUSDT,2023-10-29 12:15:00+00:00,0,1.2041681
531073,BTCUSDT,2023-03-22 01:30:00+00:00,3,1.2300566
526394,BTCUSDT,2023-02-01 07:45:00+00:00,2,1.1800425
588095,BTCUSDT,2024-11-05 01:00:00+00:00,3,1.214919
574198,BTCUSDT,2024-06-13 06:45:00+00:00,2,1.2610302
563634,BTCUSDT,2024-02-24 05:45:00+00:00,3,1.3332595
546677,BTCUSDT,2023-08-31 14:30:00+00:00,4,1.156721
548007,BTCUSDT,2023-09-14 11:00:00+00:00,1,1.1881438
562732,BTCUSDT,2024-02-14 20:15:00+00:00,0,1.127845
578525,BTCUSDT,2024-07-28 08:30:00+00:00,2,1.3065888
563361,BTCUSDT,2024-02-21 09:30:00+00:00,4,1.1561234
582271,BTCUSDT,2024-09-05 09:00:00+00:00,2,1.1923019
581810,BTCUSDT,2024-08-31 13:45:00+00:00,1,1.4192544
543964,BTCUSDT,2023-08-03 08:15:00+00:00,4,1.2663921
530229,BTCUSDT,2023-03-13 06:30:00+00:00,9,1.282899
553532,BTCUSDT,2023-11-11 00:15:00+00:00,6,1.2465141
589524,BTCUSDT,2024-11-19 22:15:00+00:00,8,1.3478489
579279,BTCUSDT,2024-08-05 05:00:00+00:00,7,1.2025641
548685,BTCUSDT,2023-09-21 12:30:00+00:00,4,1.224586
564635,BTCUSDT,2024-03-05 16:00:00+00:00,4,1.2750907
547961,BTCUSDT,2023-09-13 23:30:00+00:00,2,1.3074111
582168,BTCUSDT,2024-09-04 07:15:00+00:00,1,1.2683535
561857,BTCUSDT,2024-02-05 17:30:00+00:00,4,1.2648103
532251,BTCUSDT,2023-04-03 08:00:00+00:00,0,1.1884677
560167,BTCUSDT,2024-01-19 03:00:00+00:00,8,1.1814998
543468,BTCUSDT,2023-07-29 04:15:00+00:00,1,1.3005177
523794,BTCUSDT,2023-01-05 05:45:00+00:00,1,1.1889068
540393,BTCUSDT,2023-06-27 03:30:00+00:00,0,1.1939555
528842,BTCUSDT,2023-02-26 19:45:00+00:00,0,1.1415274
578730,BTCUSDT,2024-07-30 11:45:00+00:00,2,1.175862
566419,BTCUSDT,2024-03-24 06:00:00+00:00,1,1.2098315
533060,BTCUSDT,2023-04-11 18:15:00+00:00,9,1.3321491
523847,BTCUSDT,2023-01-05 19:00:00+00:00,5,1.2178868
548388,BTCUSDT,2023-09-18 10:15:00+00:00,0,1.134538
534612,BTCUSDT,2023-04-27 22:15:00+00:00,1,1.2738894
573109,BTCUSDT,2024-06-01 22:30:00+00:00,6,1.2611247
546792,BTCUSDT,2023-09-01 19:15:00+00:00,7,1.2830504
560654,BTCUSDT,2024-01-24 04:45:00+00:00,8,1.2280046
578294,BTCUSDT,2024-07-25 22:45:00+00:00,0,1.2198778
528326,BTCUSDT,2023-02-21 10:45:00+00:00,4,1.1254076
562965,BTCUSDT,2024-02-17 06:30:00+00:00,1,1.155728
569544,BTCUSDT,2024-04-25 19:15:00+00:00,0,1.1938158
584529,BTCUSDT,2024-09-28 21:30:00+00:00,4,1.2152745
575375,BTCUSDT,2024-06-25 13:00:00+00:00,2,1.2720613
547292,BTCUSDT,2023-09-07 00:15:00+00:00,2,1.2058767
555055,BTCUSDT,2023-11-26 21:00:00+00:00,0,1.2209544
582545,BTCUSDT,2024-09-08 05:30:00+00:00,0,1.1939483
546369,BTCUSDT,2023-08-28 09:30:00+00:00,3,1.114163
549708,BTCUSDT,2023-10-02 04:15:00+00:00,9,1.2663039
591569,BTCUSDT,2024-12-11 05:30:00+00:00,3,1.2397346
534773,BTCUSDT,2023-04-29 14:30:00+00:00,1,1.1629808
562246,BTCUSDT,2024-02-09 18:45:00+00:00,0,1.2224343
527446,BTCUSDT,2023-02-12 06:45:00+00:00,3,1.1975058
579740,BTCUSDT,2024-08-10 00:15:00+00:00,9,1.3553882
541752,BTCUSDT,2023-07-11 07:15:00+00:00,0,1.2316585
576045,BTCUSDT,2024-07-02 12:30:00+00:00,3,1.2771901
579750,BTCUSDT,2024-08-10 02:45:00+00:00,9,1.2700453
536596,BTCUSDT,2023-05-18 14:15:00+00:00,4,1.3649404
593143,BTCUSDT,2024-12-27 15:00:00+00:00,4,1.1585053
569749,BTCUSDT,2024-04-27 22:30:00+00:00,6,1.2003907
558213,BTCUSDT,2023-12-29 18:30:00+00:00,4,1.2201669
555220,BTCUSDT,2023-11-28 14:15:00+00:00,0,1.153649
566092,BTCUSDT,2024-03-20 20:15:00+00:00,0,1.1651657
527180,BTCUSDT,2023-02-09 12:15:00+00:00,2,1.2278043
564668,BTCUSDT,2024-03-06 00:15:00+00:00,3,1.2816705
562329,BTCUSDT,2024-02-10 15:30:00+00:00,1,1.2164828
528353,BTCUSDT,2023-02-21 17:30:00+00:00,4,1.2410753
565361,BTCUSDT,2024-03-13 05:30:00+00:00,1,1.236947
556454,BTCUSDT,2023-12-11 10:45:00+00:00,1,1.3736856
527214,BTCUSDT,2023-02-09 20:45:00+00:00,7,1.1515552
566088,BTCUSDT,2024-03-20 19:15:00+00:00,0,1.1227063
582968,BTCUSDT,2024-09-12 15:15:00+00:00,4,1.2475054
542148,BTCUSDT,2023-07-15 10:15:00+00:00,1,1.2546054
537752,BTCUSDT,2023-05-30 15:15:00+00:00,4,1.1534233
573192,BTCUSDT,2024-06-02 19:15:00+00:00,4,1.2419913
541053,BTCUSDT,2023-07-04 00:30:00+00:00,8,1.3619529
579686,BTCUSDT,2024-08-09 10:45:00+00:00,4,1.1707581
532687,BTCUSDT,2023-04-07 21:00:00+00:00,2,1.1903943
591797,BTCUSDT,2024-12-13 14:30:00+00:00,1,1.1922833
560062,BTCUSDT,2024-01-18 00:45:00+00:00,8,1.2765886
578371,BTCUSDT,2024-07-26 18:00:00+00:00,8,1.1375178
587554,BTCUSDT,2024-10-30 09:45:00+00:00,2,1.1904385
534118,BTCUSDT,2023-04-22 18:45:00+00:00,1,1.3335538
544096,BTCUSDT,2023-08-04 17:15:00+00:00,8,1.2562503
575914,BTCUSDT,2024-07-01 03:45:00+00:00,9,1.3724182
561607,BTCUSDT,2024-02-03 03:00:00+00:00,9,1.2550921
558285,BTCUSDT,2023-12-30 12:30:00+00:00,0,1.2777971
543375,BTCUSDT,2023-07-28 05:00:00+00:00,8,1.2362468
541857,BTCUSDT,2023-07-12 09:30:00+00:00,9,1.2526739
575423,BTCUSDT,2024-06-26 01:00:00+00:00,2,1.1864249
555414,BTCUSDT,2023-11-30 14:45:00+00:00,4,1.1653397
558751,BTCUSDT,2024-01-04 09:00:00+00:00,2,1.1045891
550972,BTCUSDT,2023-10-15 08:15:00+00:00,1,1.3943077
569134,BTCUSDT,2024-04-21 12:45:00+00:00,0,1.2122676
524352,BTCUSDT,2023-01-11 01:15:00+00:00,9,1.1874781
576873,BTCUSDT,2024-07-11 03:30:00+00:00,4,1.2420135
539706,BTCUSDT,2023-06-19 23:45:00+00:00,6,1.316385
593464,BTCUSDT,2024-12-30 23:15:00+00:00,8,1.321974
591086,BTCUSDT,2024-12-06 04:45:00+00:00,1,1.1217194
558153,BTCUSDT,2023-12-29 03:30:00+00:00,5,1.2760222
555503,BTCUSDT,2023-12-01 13:00:00+00:00,9,1.2961248
539583,BTCUSDT,2023-06-18 17:00:00+00:00,0,1.1236762
531360,BTCUSDT,2023-03-25 01:15:00+00:00,3,1.2836502
569478,BTCUSDT,2024-04-25 02:45:00+00:00,7,1.2387698
586389,BTCUSDT,2024-10-18 06:30:00+00:00,9,1.1932584
582341,BTCUSDT,2024-09-06 02:30:00+00:00,0,1.2713809
552438,BTCUSDT,2023-10-30 14:45:00+00:00,5,1.2136892
556449,BTCUSDT,2023-12-11 09:30:00+00:00,3,1.2146374
582404,BTCUSDT,2024-09-06 18:15:00+00:00,7,1.170417
550156,BTCUSDT,2023-10-06 20:15:00+00:00,5,1.2140484
579134,BTCUSDT,2024-08-03 16:45:00+00:00,4,1.2643138
552853,BTCUSDT,2023-11-03 22:30:00+00:00,6,1.2102603
568623,BTCUSDT,2024-04-16 05:00:00+00:00,4,1.2331529
555658,BTCUSDT,2023-12-03 03:45:00+00:00,8,1.1842949
523613,BTCUSDT,2023-01-03 08:30:00+00:00,2,1.2386986
582399,BTCUSDT,2024-09-06 17:00:00+00:00,8,1.2965556
530227,BTCUSDT,2023-03-13 06:00:00+00:00,9,1.3942686
526214,BTCUSDT,2023-01-30 10:45:00+00:00,4,1.2879213
561686,BTCUSDT,2024-02-03 22:45:00+00:00,6,1.2791432
524700,BTCUSDT,2023-01-14 16:15:00+00:00,1,1.2522532
579322,BTCUSDT,2024-08-05 15:45:00+00:00,0,1.2951992
525333,BTCUSDT,2023-01-21 06:30:00+00:00,1,1.149125
560134,BTCUSDT,2024-01-18 18:45:00+00:00,4,1.1134732
562147,BTCUSDT,2024-02-08 18:00:00+00:00,5,1.1625367
529583,BTCUSDT,2023-03-06 13:00:00+00:00,2,1.2026006
540742,BTCUSDT,2023-06-30 18:45:00+00:00,7,1.247626
578369,BTCUSDT,2024-07-26 17:30:00+00:00,5,1.2225828
540043,BTCUSDT,2023-06-23 12:00:00+00:00,1,1.1170721
535009,BTCUSDT,2023-05-02 01:30:00+00:00,3,1.1842015
537814,BTCUSDT,2023-05-31 06:45:00+00:00,7,1.2241154
549005,BTCUSDT,2023-09-24 20:30:00+00:00,7,1.2121459
572982,BTCUSDT,2024-05-31 14:45:00+00:00,4,1.1624893
532564,BTCUSDT,2023-04-06 14:15:00+00:00,7,1.150406
523769,BTCUSDT,2023-01-04 23:30:00+00:00,3,1.2511652
525157,BTCUSDT,2023-01-19 10:30:00+00:00,2,1.2592196
559339,BTCUSDT,2024-01-10 12:00:00+00:00,2,1.285522
548233,BTCUSDT,2023-09-16 19:30:00+00:00,6,1.2683945
590984,BTCUSDT,2024-12-05 03:15:00+00:00,0,1.182742
570635,BTCUSDT,2024-05-07 04:00:00+00:00,7,1.3155736
561408,BTCUSDT,2024-02-01 01:15:00+00:00,7,1.21984
585150,BTCUSDT,2024-10-05 08:45:00+00:00,1,1.1189585
543172,BTCUSDT,2023-07-26 02:15:00+00:00,4,1.2247889
583037,BTCUSDT,2024-09-13 08:30:00+00:00,1,1.1074339
579287,BTCUSDT,2024-08-05 07:00:00+00:00,7,1.3293781
586054,BTCUSDT,2024-10-14 18:45:00+00:00,9,1.1306777
546365,BTCUSDT,2023-08-28 08:30:00+00:00,4,1.1263596
583374,BTCUSDT,2024-09-16 20:45:00+00:00,7,1.1455637
584285,BTCUSDT,2024-09-26 08:30:00+00:00,1,1.1833912
592540,BTCUSDT,2024-12-21 08:15:00+00:00,0,1.1622659
548237,BTCUSDT,2023-09-16 20:30:00+00:00,6,1.2654186
580957,BTCUSDT,2024-08-22 16:30:00+00:00,4,1.1551187
555655,BTCUSDT,2023-12-03 03:00:00+00:00,5,1.2402756
551084,BTCUSDT,2023-10-16 12:15:00+00:00,8,1.2847508
532282,BTCUSDT,2023-04-03 15:45:00+00:00,4,1.2484833
544393,BTCUSDT,2023-08-07 19:30:00+00:00,3,1.2420238
570337,BTCUSDT,2024-05-04 01:30:00+00:00,0,1.2463623
537896,BTCUSDT,2023-06-01 03:15:00+00:00,4,1.1811961
552714,BTCUSDT,2023-11-02 11:45:00+00:00,1,1.2263348
576885,BTCUSDT,2024-07-11 06:30:00+00:00,9,1.2895796
541278,BTCUSDT,2023-07-06 08:45:00+00:00,0,1.1314642
528323,BTCUSDT,2023-02-21 10:00:00+00:00,4,1.2760884
569775,BTCUSDT,2024-04-28 05:00:00+00:00,9,1.1866636
583822,BTCUSDT,2024-09-21 12:45:00+00:00,1,1.2468948
536084,BTCUSDT,2023-05-13 06:15:00+00:00,2,1.2707082
566810,BTCUSDT,2024-03-28 07:45:00+00:00,3,1.2639419
543251,BTCUSDT,2023-07-26 22:00:00+00:00,0,1.2935437
539925,BTCUSDT,2023-06-22 06:30:00+00:00,4,1.2457794
540690,BTCUSDT,2023-06-30 05:45:00+00:00,0,1.3079756
534334,BTCUSDT,2023-04-25 00:45:00+00:00,2,1.2319905
528347,BTCUSDT,2023-02-21 16:00:00+00:00,7,1.1385232
575619,BTCUSDT,2024-06-28 02:00:00+00:00,0,1.2984036
577844,BTCUSDT,2024-07-21 06:15:00+00:00,8,1.290236
545596,BTCUSDT,2023-08-20 08:15:00+00:00,8,1.1613816
550849,BTCUSDT,2023-10-14 01:30:00+00:00,8,1.2547386
527886,BTCUSDT,2023-02-16 20:45:00+00:00,4,1.1721336
566259,BTCUSDT,2024-03-22 14:00:00+00:00,7,1.106401
563384,BTCUSDT,2024-02-21 15:15:00+00:00,4,1.1418667
566246,BTCUSDT,2024-03-22 10:45:00+00:00,4,1.179545
571112,BTCUSDT,2024-05-12 03:15:00+00:00,8,1.2128108
553368,BTCUSDT,2023-11-09 07:15:00+00:00,9,1.1918881
552917,BTCUSDT,2023-11-04 14:30:00+00:00,1,1.2099457
550069,BTCUSDT,2023-10-05 22:30:00+00:00,7,1.1796173
575161,BTCUSDT,2024-06-23 07:30:00+00:00,9,1.3579866
560009,BTCUSDT,2024-01-17 11:30:00+00:00,2,1.2502384
548541,BTCUSDT,2023-09-20 00:30:00+00:00,2,1.1925403
592506,BTCUSDT,2024-12-20 23:45:00+00:00,1,1.3031211
553562,BTCUSDT,2023-11-11 07:45:00+00:00,8,1.2441297
530510,BTCUSDT,2023-03-16 04:45:00+00:00,2,1.2160146
547337,BTCUSDT,2023-09-07 11:30:00+00:00,2,1.2114093
544314,BTCUSDT,2023-08-06 23:45:00+00:00,6,1.1842573
575780,BTCUSDT,2024-06-29 18:15:00+00:00,6,1.2252531
576849,BTCUSDT,2024-07-10 21:30:00+00:00,3,1.193953
535172,BTCUSDT,2023-05-03 18:15:00+00:00,0,1.2398487
576838,BTCUSDT,2024-07-10 18:45:00+00:00,7,1.208604
591675,BTCUSDT,2024-12-12 08:00:00+00:00,2,1.3370497
593212,BTCUSDT,2024-12-28 08:15:00+00:00,8,1.1528621
538086,BTCUSDT,2023-06-03 02:45:00+00:00,8,1.2713884
571488,BTCUSDT,2024-05-16 01:15:00+00:00,9,1.2528545
592986,BTCUSDT,2024-12-25 23:45:00+00:00,9,1.2134204
546246,BTCUSDT,2023-08-27 02:45:00+00:00,5,1.2613734
564308,BTCUSDT,2024-03-02 06:15:00+00:00,1,1.2928158
534276,BTCUSDT,2023-04-24 10:15:00+00:00,4,1.1189629
532061,BTCUSDT,2023-04-01 08:30:00+00:00,8,1.2410504
585814,BTCUSDT,2024-10-12 06:45:00+00:00,1,1.2057338
558112,BTCUSDT,2023-12-28 17:15:00+00:00,7,1.1316038
542654,BTCUSDT,2023-07-20 16:45:00+00:00,4,1.0892873
569519,BTCUSDT,2024-04-25 13:00:00+00:00,4,1.1538626
529856,BTCUSDT,2023-03-09 09:15:00+00:00,1,1.2477679
536010,BTCUSDT,2023-05-12 11:45:00+00:00,2,1.1806576
590940,BTCUSDT,2024-12-04 16:15:00+00:00,7,1.1470507
579955,BTCUSDT,2024-08-12 06:00:00+00:00,2,1.1778331
578773,BTCUSDT,2024-07-30 22:30:00+00:00,3,1.1677262
572480,BTCUSDT,2024-05-26 09:15:00+00:00,0,1.2691103
557538,BTCUSDT,2023-12-22 17:45:00+00:00,5,1.1135423
591431,BTCUSDT,2024-12-09 19:00:00+00:00,8,1.3118889
582472,BTCUSDT,2024-09-07 11:15:00+00:00,1,1.3219836
535297,BTCUSDT,2023-05-05 01:30:00+00:00,1,1.20109
526911,BTCUSDT,2023-02-06 17:00:00+00:00,0,1.2287486
530434,BTCUSDT,2023-03-15 09:45:00+00:00,2,1.2000376
540904,BTCUSDT,2023-07-02 11:15:00+00:00,1,1.2953943
579396,BTCUSDT,2024-08-06 10:15:00+00:00,2,1.2410876
556928,BTCUSDT,2023-12-16 09:15:00+00:00,1,1.2490969
574695,BTCUSDT,2024-06-18 11:00:00+00:00,2,1.1800289
525708,BTCUSDT,2023-01-25 04:15:00+00:00,3,1.2010411
531864,BTCUSDT,2023-03-30 07:15:00+00:00,3,1.2968314
588744,BTCUSDT,2024-11-11 19:15:00+00:00,0,1.1959885
540205,BTCUSDT,2023-06-25 04:30:00+00:00,0,1.1926061
585052,BTCUSDT,2024-10-04 08:15:00+00:00,1,1.1433662
526178,BTCUSDT,2023-01-30 01:45:00+00:00,8,1.2165654
551807,BTCUSDT,2023-10-24 01:00:00+00:00,0,1.1339548
582295,BTCUSDT,2024-09-05 15:00:00+00:00,4,1.1454626
561605,BTCUSDT,2024-02-03 02:30:00+00:00,9,1.1459997
590440,BTCUSDT,2024-11-29 11:15:00+00:00,1,1.1792139
571661,BTCUSDT,2024-05-17 20:30:00+00:00,8,1.2256237
557334,BTCUSDT,2023-12-20 14:45:00+00:00,0,1.1646416
552913,BTCUSDT,2023-11-04 13:30:00+00:00,8,1.1641954
528909,BTCUSDT,2023-02-27 12:30:00+00:00,3,1.1607167
536791,BTCUSDT,2023-05-20 15:00:00+00:00,1,1.1442318
570399,BTCUSDT,2024-05-04 17:00:00+00:00,8,1.1551225
585083,BTCUSDT,2024-10-04 16:00:00+00:00,0,1.1766022
525004,BTCUSDT,2023-01-17 20:15:00+00:00,3,1.1527601
563721,BTCUSDT,2024-02-25 03:30:00+00:00,4,1.2127335
576611,BTCUSDT,2024-07-08 10:00:00+00:00,0,1.2591188
589047,BTCUSDT,2024-11-14 23:00:00+00:00,4,1.2043092
536251,BTCUSDT,2023-05-15 00:00:00+00:00,3,1.2775959
565388,BTCUSDT,2024-03-13 12:15:00+00:00,2,1.2805526
586834,BTCUSDT,2024-10-22 21:45:00+00:00,8,1.238643
545850,BTCUSDT,2023-08-22 23:45:00+00:00,3,1.1921747
540459,BTCUSDT,2023-06-27 20:00:00+00:00,3,1.1808399
559986,BTCUSDT,2024-01-17 05:45:00+00:00,2,1.2303287
577218,BTCUSDT,2024-07-14 17:45:00+00:00,3,1.2084482
542257,BTCUSDT,2023-07-16 13:30:00+00:00,2,1.3133527
529027,BTCUSDT,2023-02-28 18:00:00+00:00,0,1.2507328
593132,BTCUSDT,2024-12-27 12:15:00+00:00,1,1.2898457
544152,BTCUSDT,2023-08-05 07:15:00+00:00,8,1.249959
576590,BTCUSDT,2024-07-08 04:45:00+00:00,3,1.2273558
588202,BTCUSDT,2024-11-06 03:45:00+00:00,0,1.2547286
582135,BTCUSDT,2024-09-03 23:00:00+00:00,8,1.2723076
555803,BTCUSDT,2023-12-04 16:00:00+00:00,4,1.1670398
545414,BTCUSDT,2023-08-18 10:45:00+00:00,8,1.2112992
560565,BTCUSDT,2024-01-23 06:30:00+00:00,1,1.1887156
540461,BTCUSDT,2023-06-27 20:30:00+00:00,7,1.3161709
557820,BTCUSDT,2023-12-25 16:15:00+00:00,0,1.1395644
580343,BTCUSDT,2024-08-16 07:00:00+00:00,9,1.1639102
530014,BTCUSDT,2023-03-11 00:45:00+00:00,0,1.1477066
587380,BTCUSDT,2024-10-28 14:15:00+00:00,0,1.1658316
590485,BTCUSDT,2024-11-29 22:30:00+00:00,6,1.3046901
578979,BTCUSDT,2024-08-02 02:00:00+00:00,8,1.2295566
568800,BTCUSDT,2024-04-18 01:15:00+00:00,9,1.1636046
555197,BTCUSDT,2023-11-28 08:30:00+00:00,2,1.20941
536537,BTCUSDT,2023-05-17 23:30:00+00:00,9,1.1705276
527493,BTCUSDT,2023-02-12 18:30:00+00:00,0,1.2205527
561538,BTCUSDT,2024-02-02 09:45:00+00:00,1,1.1990148
525082,BTCUSDT,2023-01-18 15:45:00+00:00,7,1.2896451
558476,BTCUSDT,2024-01-01 12:15:00+00:00,9,1.2114463
557003,BTCUSDT,2023-12-17 04:00:00+00:00,4,1.2474439
591061,BTCUSDT,2024-12-05 22:30:00+00:00,4,1.2131097
586490,BTCUSDT,2024-10-19 07:45:00+00:00,8,1.1607887
567267,BTCUSDT,2024-04-02 02:00:00+00:00,2,1.2375861
585635,BTCUSDT,2024-10-10 10:00:00+00:00,5,1.3297744
590859,BTCUSDT,2024-12-03 20:00:00+00:00,8,1.2179856
562177,BTCUSDT,2024-02-09 01:30:00+00:00,8,1.1605972
581991,BTCUSDT,2024-09-02 11:00:00+00:00,0,1.2922767
581405,BTCUSDT,2024-08-27 08:30:00+00:00,4,1.1795764
587735,BTCUSDT,2024-11-01 07:00:00+00:00,7,1.2637324
548241,BTCUSDT,2023-09-16 21:30:00+00:00,6,1.2656741
567213,BTCUSDT,2024-04-01 12:30:00+00:00,3,1.1341571
559915,BTCUSDT,2024-01-16 12:00:00+00:00,1,1.3435491
580694,BTCUSDT,2024-08-19 22:45:00+00:00,8,1.3043009
530677,BTCUSDT,2023-03-17 22:30:00+00:00,0,1.1515403
569467,BTCUSDT,2024-04-25 00:00:00+00:00,3,1.2340026
585914,BTCUSDT,2024-10-13 07:45:00+00:00,3,1.2654448
565028,BTCUSDT,2024-03-09 18:15:00+00:00,1,1.3335874
546837,BTCUSDT,2023-09-02 06:30:00+00:00,1,1.2161255
546221,BTCUSDT,2023-08-26 20:30:00+00:00,6,1.2928483
541809,BTCUSDT,2023-07-11 21:30:00+00:00,8,1.2241606
545457,BTCUSDT,2023-08-18 21:30:00+00:00,3,1.3792455
562539,BTCUSDT,2024-02-12 20:00:00+00:00,8,1.0984342
582043,BTCUSDT,2024-09-03 00:00:00+00:00,0,1.3002597
550099,BTCUSDT,2023-10-06 06:00:00+00:00,2,1.2084106
540877,BTCUSDT,2023-07-02 04:30:00+00:00,4,1.2798318
579589,BTCUSDT,2024-08-08 10:30:00+00:00,1,1.1810615
571461,BTCUSDT,2024-05-15 18:30:00+00:00,0,1.1777612
570180,BTCUSDT,2024-05-02 10:15:00+00:00,1,1.1189934
535766,BTCUSDT,2023-05-09 22:45:00+00:00,2,1.1891242
582604,BTCUSDT,2024-09-08 20:15:00+00:00,3,1.2709453
528923,BTCUSDT,2023-02-27 16:00:00+00:00,5,1.3104684
525913,BTCUSDT,2023-01-27 07:30:00+00:00,1,1.1933796
534050,BTCUSDT,2023-04-22 01:45:00+00:00,1,1.2066852
551385,BTCUSDT,2023-10-19 15:30:00+00:00,0,1.1524278
551272,BTCUSDT,2023-10-18 11:15:00+00:00,2,1.2766972
546619,BTCUSDT,2023-08-31 00:00:00+00:00,1,1.2270982
569306,BTCUSDT,2024-04-23 07:45:00+00:00,4,1.1577613
576351,BTCUSDT,2024-07-05 17:00:00+00:00,0,1.2825689
592646,BTCUSDT,2024-12-22 10:45:00+00:00,1,1.2210119
535045,BTCUSDT,2023-05-02 10:30:00+00:00,2,1.1384865
544848,BTCUSDT,2023-08-12 13:15:00+00:00,1,1.3117712
537529,BTCUSDT,2023-05-28 07:30:00+00:00,9,1.2105271
550394,BTCUSDT,2023-10-09 07:45:00+00:00,4,1.2174121
531838,BTCUSDT,2023-03-30 00:45:00+00:00,9,1.2499337
576606,BTCUSDT,2024-07-08 08:45:00+00:00,0,1.1658622
571952,BTCUSDT,2024-05-20 21:15:00+00:00,9,1.2616119
550817,BTCUSDT,2023-10-13 17:30:00+00:00,4,1.1339295
555300,BTCUSDT,2023-11-29 10:15:00+00:00,0,1.2392676
534236,BTCUSDT,2023-04-24 00:15:00+00:00,6,1.236588
576610,BTCUSDT,2024-07-08 09:45:00+00:00,0,1.1831305
541022,BTCUSDT,2023-07-03 16:45:00+00:00,0,1.1829945
538702,BTCUSDT,2023-06-09 12:45:00+00:00,9,1.1170721
549116,BTCUSDT,2023-09-26 00:15:00+00:00,8,1.4103849
540081,BTCUSDT,2023-06-23 21:30:00+00:00,8,1.2713691
557370,BTCUSDT,2023-12-20 23:45:00+00:00,3,1.2561251
540718,BTCUSDT,2023-06-30 12:45:00+00:00,0,1.1455239
592906,BTCUSDT,2024-12-25 03:45:00+00:00,2,1.2701747
528688,BTCUSDT,2023-02-25 05:15:00+00:00,8,1.2755371
577910,BTCUSDT,2024-07-21 22:45:00+00:00,3,1.3245775
540975,BTCUSDT,2023-07-03 05:00:00+00:00,3,1.3032382
547347,BTCUSDT,2023-09-07 14:00:00+00:00,4,1.1706119
589775,BTCUSDT,2024-11-22 13:00:00+00:00,2,1.2174768
523653,BTCUSDT,2023-01-03 18:30:00+00:00,4,1.2951003
575734,BTCUSDT,2024-06-29 06:45:00+00:00,2,1.3235549
547255,BTCUSDT,2023-09-06 15:00:00+00:00,4,1.1098926
560466,BTCUSDT,2024-01-22 05:45:00+00:00,7,1.306518
589353,BTCUSDT,2024-11-18 03:30:00+00:00,3,1.2224861
524663,BTCUSDT,2023-01-14 07:00:00+00:00,9,1.2665404
547014,BTCUSDT,2023-09-04 02:45:00+00:00,3,1.2153864
531819,BTCUSDT,2023-03-29 20:00:00+00:00,9,1.2343041
550938,BTCUSDT,2023-10-14 23:45:00+00:00,1,1.2875327
581910,BTCUSDT,2024-09-01 14:45:00+00:00,3,1.1945242
583696,BTCUSDT,2024-09-20 05:15:00+00:00,0,1.2949684
588958,BTCUSDT,2024-11-14 00:45:00+00:00,3,1.3048506
547465,BTCUSDT,2023-09-08 19:30:00+00:00,6,1.1826822
537242,BTCUSDT,2023-05-25 07:45:00+00:00,2,1.1617185
554345,BTCUSDT,2023-11-19 11:30:00+00:00,4,1.1367137
550019,BTCUSDT,2023-10-05 10:00:00+00:00,1,1.1896937
548163,BTCUSDT,2023-09-16 02:00:00+00:00,9,1.2943429
579637,BTCUSDT,2024-08-08 22:30:00+00:00,0,1.2105699
537886,BTCUSDT,2023-06-01 00:45:00+00:00,4,1.2151685
584318,BTCUSDT,2024-09-26 16:45:00+00:00,9,1.1178844
590195,BTCUSDT,2024-11-26 22:00:00+00:00,4,1.2657481
590409,BTCUSDT,2024-11-29 03:30:00+00:00,9,1.1298916
543431,BTCUSDT,2023-07-28 19:00:00+00:00,8,1.3244747
574752,BTCUSDT,2024-06-19 01:15:00+00:00,9,1.196259
589003,BTCUSDT,2024-11-14 12:00:00+00:00,9,1.2039905
529950,BTCUSDT,2023-03-10 08:45:00+00:00,2,1.2531433
557977,BTCUSDT,2023-12-27 07:30:00+00:00,3,1.1792142
550256,BTCUSDT,2023-10-07 21:15:00+00:00,1,1.1827908
547836,BTCUSDT,2023-09-12 16:15:00+00:00,9,1.2504448
572953,BTCUSDT,2024-05-31 07:30:00+00:00,2,1.1041014
525212,BTCUSDT,2023-01-20 00:15:00+00:00,9,1.2728802
528030,BTCUSDT,2023-02-18 08:45:00+00:00,8,1.2308618
578024,BTCUSDT,2024-07-23 03:15:00+00:00,3,1.0974548
575225,BTCUSDT,2024-06-23 23:30:00+00:00,4,1.1546544
584678,BTCUSDT,2024-09-30 10:45:00+00:00,4,1.1110339
535882,BTCUSDT,2023-05-11 03:45:00+00:00,2,1.2003428
524072,BTCUSDT,2023-01-08 03:15:00+00:00,8,1.2790976
567633,BTCUSDT,2024-04-05 21:30:00+00:00,1,1.2347053
550419,BTCUSDT,2023-10-09 14:00:00+00:00,3,1.1814827
574365,BTCUSDT,2024-06-15 00:30:00+00:00,9,1.2114835
564472,BTCUSDT,2024-03-03 23:15:00+00:00,5,1.243134
557266,BTCUSDT,2023-12-19 21:45:00+00:00,3,1.1074436
550890,BTCUSDT,2023-10-14 11:45:00+00:00,1,1.3790402
589717,BTCUSDT,2024-11-21 22:30:00+00:00,9,1.2304226
542613,BTCUSDT,2023-07-20 06:30:00+00:00,0,1.194693
593349,BTCUSDT,2024-12-29 18:30:00+00:00,7,1.1594412
551592,BTCUSDT,2023-10-21 19:15:00+00:00,0,1.2247441
547463,BTCUSDT,2023-09-08 19:00:00+00:00,6,1.2751701
583561,BTCUSDT,2024-09-18 19:30:00+00:00,0,1.1679826
582544,BTCUSDT,2024-09-08 05:15:00+00:00,9,1.0939217
533638,BTCUSDT,2023-04-17 18:45:00+00:00,3,1.1070197
583417,BTCUSDT,2024-09-17 07:30:00+00:00,1,1.2365285
550640,BTCUSDT,2023-10-11 21:15:00+00:00,3,1.2287526
591794,BTCUSDT,2024-12-13 13:45:00+00:00,1,1.1938711
585299,BTCUSDT,2024-10-06 22:00:00+00:00,4,1.2045761
542272,BTCUSDT,2023-07-16 17:15:00+00:00,6,1.3098794
567147,BTCUSDT,2024-03-31 20:00:00+00:00,0,1.1770765
593276,BTCUSDT,2024-12-29 00:15:00+00:00,9,1.2616371
580467,BTCUSDT,2024-08-17 14:00:00+00:00,5,1.1666968
540492,BTCUSDT,2023-06-28 04:15:00+00:00,2,1.1712772
562756,BTCUSDT,2024-02-15 02:15:00+00:00,0,1.201233
585994,BTCUSDT,2024-10-14 03:45:00+00:00,0,1.1456858
535015,BTCUSDT,2023-05-02 03:00:00+00:00,2,1.1805364
556053,BTCUSDT,2023-12-07 06:30:00+00:00,2,1.2436472
537410,BTCUSDT,2023-05-27 01:45:00+00:00,1,1.2014338
590161,BTCUSDT,2024-11-26 13:30:00+00:00,4,1.3200366
560446,BTCUSDT,2024-01-22 00:45:00+00:00,4,1.161976
568500,BTCUSDT,2024-04-14 22:15:00+00:00,0,1.2110124
539987,BTCUSDT,2023-06-22 22:00:00+00:00,8,1.1687162
580814,BTCUSDT,2024-08-21 04:45:00+00:00,1,1.1883801
565149,BTCUSDT,2024-03-11 00:30:00+00:00,4,1.1753511
544062,BTCUSDT,2023-08-04 08:45:00+00:00,1,1.2920687
558519,BTCUSDT,2024-01-01 23:00:00+00:00,9,1.2737751
523557,BTCUSDT,2023-01-02 18:30:00+00:00,3,1.3914146
544694,BTCUSDT,2023-08-10 22:45:00+00:00,6,1.2391323
530470,BTCUSDT,2023-03-15 18:45:00+00:00,3,1.1461395
576132,BTCUSDT,2024-07-03 10:15:00+00:00,4,1.1352746
553653,BTCUSDT,2023-11-12 06:30:00+00:00,0,1.2461891
547223,BTCUSDT,2023-09-06 07:00:00+00:00,8,1.2902534
569661,BTCUSDT,2024-04-27 00:30:00+00:00,4,1.2326169
534460,BTCUSDT,2023-04-26 08:15:00+00:00,1,1.1710206
551664,BTCUSDT,2023-10-22 13:15:00+00:00,2,1.2498845
537846,BTCUSDT,2023-05-31 14:45:00+00:00,4,1.1007384
584684,BTCUSDT,2024-09-30 12:15:00+00:00,4,1.2290057
552513,BTCUSDT,2023-10-31 09:30:00+00:00,3,1.234463
576805,BTCUSDT,2024-07-10 10:30:00+00:00,8,1.251391
545874,BTCUSDT,2023-08-23 05:45:00+00:00,2,1.3386229
588168,BTCUSDT,2024-11-05 19:15:00+00:00,9,1.2749298
560704,BTCUSDT,2024-01-24 17:15:00+00:00,3,1.2887046
579002,BTCUSDT,2024-08-02 07:45:00+00:00,5,1.3226975
556509,BTCUSDT,2023-12-12 00:30:00+00:00,0,1.2500966
551039,BTCUSDT,2023-10-16 01:00:00+00:00,8,1.1910961
573945,BTCUSDT,2024-06-10 15:30:00+00:00,0,1.0897573
545903,BTCUSDT,2023-08-23 13:00:00+00:00,4,1.1861867
573533,BTCUSDT,2024-06-06 08:30:00+00:00,1,1.1969105
558516,BTCUSDT,2024-01-01 22:15:00+00:00,9,1.2224315
542739,BTCUSDT,2023-07-21 14:00:00+00:00,1,1.2806175
554466,BTCUSDT,2023-11-20 17:45:00+00:00,0,1.1990055
562341,BTCUSDT,2024-02-10 18:30:00+00:00,6,1.1950731
591726,BTCUSDT,2024-12-12 20:45:00+00:00,4,1.2432659
551569,BTCUSDT,2023-10-21 13:30:00+00:00,5,1.2769719
589416,BTCUSDT,2024-11-18 19:15:00+00:00,4,1.2042075
527510,BTCUSDT,2023-02-12 22:45:00+00:00,4,1.1810379
541427,BTCUSDT,2023-07-07 22:00:00+00:00,6,1.2704337
535803,BTCUSDT,2023-05-10 08:00:00+00:00,4,1.175652
578946,BTCUSDT,2024-08-01 17:45:00+00:00,4,1.0959824
531504,BTCUSDT,2023-03-26 13:15:00+00:00,9,1.2244332
534432,BTCUSDT,2023-04-26 01:15:00+00:00,9,1.2462082
563950,BTCUSDT,2024-02-27 12:45:00+00:00,0,1.165291
570717,BTCUSDT,2024-05-08 00:30:00+00:00,7,1.252593
525051,BTCUSDT,2023-01-18 08:00:00+00:00,1,1.2345451
574469,BTCUSDT,2024-06-16 02:30:00+00:00,1,1.2301185
589177,BTCUSDT,2024-11-16 07:30:00+00:00,1,1.1839768
552195,BTCUSDT,2023-10-28 02:00:00+00:00,1,1.2103698
542964,BTCUSDT,2023-07-23 22:15:00+00:00,8,1.2218834
575212,BTCUSDT,2024-06-23 20:15:00+00:00,7,1.2430005
553287,BTCUSDT,2023-11-08 11:00:00+00:00,1,1.2155854
590489,BTCUSDT,2024-11-29 23:30:00+00:00,3,1.1896938
587992,BTCUSDT,2024-11-03 23:15:00+00:00,6,1.3224379
535919,BTCUSDT,2023-05-11 13:00:00+00:00,7,1.2674866
523931,BTCUSDT,2023-01-06 16:00:00+00:00,0,1.2327572
589739,BTCUSDT,2024-11-22 04:00:00+00:00,0,1.1577312
525881,BTCUSDT,2023-01-26 23:30:00+00:00,2,1.2317755
590798,BTCUSDT,2024-12-03 04:45:00+00:00,2,1.1924493
561841,BTCUSDT,2024-02-05 13:30:00+00:00,0,1.0860006
583506,BTCUSDT,2024-09-18 05:45:00+00:00,2,1.2155917
535426,BTCUSDT,2023-05-06 09:45:00+00:00,1,1.2664126
550138,BTCUSDT,2023-10-06 15:45:00+00:00,0,1.1568092
536730,BTCUSDT,2023-05-19 23:45:00+00:00,1,1.1535636
529910,BTCUSDT,2023-03-09 22:45:00+00:00,7,1.1719795
571808,BTCUSDT,2024-05-19 09:15:00+00:00,2,1.1920075
566903,BTCUSDT,2024-03-29 07:00:00+00:00,1,1.2407632
550598,BTCUSDT,2023-10-11 10:45:00+00:00,0,1.1551033
531559,BTCUSDT,2023-03-27 03:00:00+00:00,8,1.1225277
584980,BTCUSDT,2024-10-03 14:15:00+00:00,4,1.2699512
552941,BTCUSDT,2023-11-04 20:30:00+00:00,6,1.1916088
571215,BTCUSDT,2024-05-13 05:00:00+00:00,4,1.2615318
589260,BTCUSDT,2024-11-17 04:15:00+00:00,1,1.2000434
547407,BTCUSDT,2023-09-08 05:00:00+00:00,9,1.2257698
562863,BTCUSDT,2024-02-16 05:00:00+00:00,1,1.2219282
569783,BTCUSDT,2024-04-28 07:00:00+00:00,9,1.1952771
562334,BTCUSDT,2024-02-10 16:45:00+00:00,6,1.1332438
570034,BTCUSDT,2024-04-30 21:45:00+00:00,3,1.1824169
546000,BTCUSDT,2023-08-24 13:15:00+00:00,8,1.1809545
565405,BTCUSDT,2024-03-13 16:30:00+00:00,3,1.1025459
525735,BTCUSDT,2023-01-25 11:00:00+00:00,4,1.238235
571387,BTCUSDT,2024-05-15 00:00:00+00:00,2,1.220691
553091,BTCUSDT,2023-11-06 10:00:00+00:00,0,1.1571293
563067,BTCUSDT,2024-02-18 08:00:00+00:00,1,1.2463459
542610,BTCUSDT,2023-07-20 05:45:00+00:00,0,1.1677986
589910,BTCUSDT,2024-11-23 22:45:00+00:00,7,1.2714881
533034,BTCUSDT,2023-04-11 11:45:00+00:00,2,1.1444632
560118,BTCUSDT,2024-01-18 14:45:00+00:00,7,1.1967632
591709,BTCUSDT,2024-12-12 16:30:00+00:00,0,1.1741096
561190,BTCUSDT,2024-01-29 18:45:00+00:00,3,1.205764
547057,BTCUSDT,2023-09-04 13:30:00+00:00,4,1.2518623
588915,BTCUSDT,2024-11-13 14:00:00+00:00,0,1.1549205
592355,BTCUSDT,2024-12-19 10:00:00+00:00,1,1.2308319
571055,BTCUSDT,2024-05-11 13:00:00+00:00,1,1.1076627
526955,BTCUSDT,2023-02-07 04:00:00+00:00,3,1.1944603
558097,BTCUSDT,2023-12-28 13:30:00+00:00,4,1.0486183
567275,BTCUSDT,2024-04-02 04:00:00+00:00,4,1.2221072
538265,BTCUSDT,2023-06-04 23:30:00+00:00,4,1.3124695
584642,BTCUSDT,2024-09-30 01:45:00+00:00,4,1.1454514
591172,BTCUSDT,2024-12-07 02:15:00+00:00,1,1.1649437
565837,BTCUSDT,2024-03-18 04:30:00+00:00,3,1.2301562
547991,BTCUSDT,2023-09-14 07:00:00+00:00,1,1.2515304
580075,BTCUSDT,2024-08-13 12:00:00+00:00,2,1.2410294
534359,BTCUSDT,2023-04-25 07:00:00+00:00,2,1.1086488
539509,BTCUSDT,2023-06-17 22:30:00+00:00,6,1.1573901
570205,BTCUSDT,2024-05-02 16:30:00+00:00,9,1.2472895
540414,BTCUSDT,2023-06-27 08:45:00+00:00,2,1.1753814
547300,BTCUSDT,2023-09-07 02:15:00+00:00,2,1.1748992
531676,BTCUSDT,2023-03-28 08:15:00+00:00,2,1.2139878
549581,BTCUSDT,2023-09-30 20:30:00+00:00,0,1.2012545
584428,BTCUSDT,2024-09-27 20:15:00+00:00,8,1.2692719
579646,BTCUSDT,2024-08-09 00:45:00+00:00,1,1.303036
530755,BTCUSDT,2023-03-18 18:00:00+00:00,5,1.2503709
562456,BTCUSDT,2024-02-11 23:15:00+00:00,8,1.2027004
570159,BTCUSDT,2024-05-02 05:00:00+00:00,2,1.27162
582147,BTCUSDT,2024-09-04 02:00:00+00:00,4,1.3543481
530106,BTCUSDT,2023-03-11 23:45:00+00:00,1,1.1876689
552735,BTCUSDT,2023-11-02 17:00:00+00:00,4,1.2147393
564170,BTCUSDT,2024-02-29 19:45:00+00:00,4,1.351501
569480,BTCUSDT,2024-04-25 03:15:00+00:00,2,1.2657639
530311,BTCUSDT,2023-03-14 03:00:00+00:00,2,1.247217
548269,BTCUSDT,2023-09-17 04:30:00+00:00,2,1.2525886
531672,BTCUSDT,2023-03-28 07:15:00+00:00,2,1.1756622
586212,BTCUSDT,2024-10-16 10:15:00+00:00,1,1.1696258
546385,BTCUSDT,2023-08-28 13:30:00+00:00,0,1.2620336
570189,BTCUSDT,2024-05-02 12:30:00+00:00,0,1.2067802
545227,BTCUSDT,2023-08-16 12:00:00+00:00,2,1.2577138
542460,BTCUSDT,2023-07-18 16:15:00+00:00,3,1.1946307
591498,BTCUSDT,2024-12-10 11:45:00+00:00,1,1.2797139
576350,BTCUSDT,2024-07-05 16:45:00+00:00,0,1.2578982
591346,BTCUSDT,2024-12-08 21:45:00+00:00,3,1.2599372
554034,BTCUSDT,2023-11-16 05:45:00+00:00,2,1.1546314
590245,BTCUSDT,2024-11-27 10:30:00+00:00,1,1.2174219
552817,BTCUSDT,2023-11-03 13:30:00+00:00,3,1.2613357
577793,BTCUSDT,2024-07-20 17:30:00+00:00,0,1.1823553
541952,BTCUSDT,2023-07-13 09:15:00+00:00,0,1.2640616
579078,BTCUSDT,2024-08-03 02:45:00+00:00,1,1.1868345
558836,BTCUSDT,2024-01-05 06:15:00+00:00,3,1.2437255
553644,BTCUSDT,2023-11-12 04:15:00+00:00,6,1.4029993
581428,BTCUSDT,2024-08-27 14:15:00+00:00,7,1.0763743
529895,BTCUSDT,2023-03-09 19:00:00+00:00,4,1.1339295
555493,BTCUSDT,2023-12-01 10:30:00+00:00,0,1.2571995
565369,BTCUSDT,2024-03-13 07:30:00+00:00,0,1.3049031
589741,BTCUSDT,2024-11-22 04:30:00+00:00,1,1.1751614
576776,BTCUSDT,2024-07-10 03:15:00+00:00,2,1.2742459
590038,BTCUSDT,2024-11-25 06:45:00+00:00,1,1.1534195
588722,BTCUSDT,2024-11-11 13:45:00+00:00,5,1.2401718
584717,BTCUSDT,2024-09-30 20:30:00+00:00,3,1.1116174
567470,BTCUSDT,2024-04-04 04:45:00+00:00,4,1.2320307
524006,BTCUSDT,2023-01-07 10:45:00+00:00,8,1.2013795
557676,BTCUSDT,2023-12-24 04:15:00+00:00,0,1.1968577
533686,BTCUSDT,2023-04-18 06:45:00+00:00,0,1.215567
588822,BTCUSDT,2024-11-12 14:45:00+00:00,3,1.2817647
583148,BTCUSDT,2024-09-14 12:15:00+00:00,1,1.2637672
531100,BTCUSDT,2023-03-22 08:15:00+00:00,2,1.1897033
569564,BTCUSDT,2024-04-26 00:15:00+00:00,8,1.184292
560230,BTCUSDT,2024-01-19 18:45:00+00:00,0,1.2019931
556609,BTCUSDT,2023-12-13 01:30:00+00:00,4,1.2213976
576986,BTCUSDT,2024-07-12 07:45:00+00:00,2,1.2581123
559798,BTCUSDT,2024-01-15 06:45:00+00:00,3,1.2067401
579413,BTCUSDT,2024-08-06 14:30:00+00:00,0,1.2125163
538533,BTCUSDT,2023-06-07 18:30:00+00:00,3,1.2200257
585820,BTCUSDT,2024-10-12 08:15:00+00:00,1,1.2341942
576174,BTCUSDT,2024-07-03 20:45:00+00:00,4,1.1639291
573174,BTCUSDT,2024-06-02 14:45:00+00:00,0,1.3711617
526408,BTCUSDT,2023-02-01 11:15:00+00:00,2,1.1814342
562181,BTCUSDT,2024-02-09 02:30:00+00:00,0,1.1720158
548842,BTCUSDT,2023-09-23 03:45:00+00:00,8,1.1608896
538713,BTCUSDT,2023-06-09 15:30:00+00:00,4,1.2338375
567250,BTCUSDT,2024-04-01 21:45:00+00:00,3,1.3205076
528746,BTCUSDT,2023-02-25 19:45:00+00:00,4,1.2821122
570188,BTCUSDT,2024-05-02 12:15:00+00:00,0,1.2238816
575353,BTCUSDT,2024-06-25 07:30:00+00:00,8,1.2080848
568639,BTCUSDT,2024-04-16 09:00:00+00:00,3,1.2541274
584591,BTCUSDT,2024-09-29 13:00:00+00:00,0,1.2069812
563008,BTCUSDT,2024-02-17 17:15:00+00:00,3,1.2508863
578473,BTCUSDT,2024-07-27 19:30:00+00:00,4,1.2442155
534654,BTCUSDT,2023-04-28 08:45:00+00:00,4,1.0875434
543014,BTCUSDT,2023-07-24 10:45:00+00:00,4,1.1625307
526816,BTCUSDT,2023-02-05 17:15:00+00:00,7,1.1129471
559187,BTCUSDT,2024-01-08 22:00:00+00:00,9,1.1901144
565674,BTCUSDT,2024-03-16 11:45:00+00:00,4,1.2139137
580120,BTCUSDT,2024-08-13 23:15:00+00:00,2,1.2920803
541699,BTCUSDT,2023-07-10 18:00:00+00:00,6,1.1636404
593383,BTCUSDT,2024-12-30 03:00:00+00:00,3,1.2280492
585022,BTCUSDT,2024-10-04 00:45:00+00:00,8,1.3507072
563879,BTCUSDT,2024-02-26 19:00:00+00:00,9,1.2381655
585151,BTCUSDT,2024-10-05 09:00:00+00:00,1,1.2414833
572855,BTCUSDT,2024-05-30 07:00:00+00:00,4,1.2109804
548322,BTCUSDT,2023-09-17 17:45:00+00:00,5,1.2743821
590875,BTCUSDT,2024-12-04 00:00:00+00:00,3,1.2383692
546026,BTCUSDT,2023-08-24 19:45:00+00:00,7,1.2902895
574496,BTCUSDT,2024-06-16 09:15:00+00:00,5,1.2106725
593369,BTCUSDT,2024-12-29 23:30:00+00:00,3,1.2971994
581702,BTCUSDT,2024-08-30 10:45:00+00:00,9,1.3091605
576953,BTCUSDT,2024-07-11 23:30:00+00:00,7,1.2329494
568059,BTCUSDT,2024-04-10 08:00:00+00:00,2,1.2149934
531332,BTCUSDT,2023-03-24 18:15:00+00:00,4,1.2302628
570942,BTCUSDT,2024-05-10 08:45:00+00:00,2,1.273268
592918,BTCUSDT,2024-12-25 06:45:00+00:00,2,1.2144542
537707,BTCUSDT,2023-05-30 04:00:00+00:00,9,1.2257658
523704,BTCUSDT,2023-01-04 07:15:00+00:00,9,1.214605
588441,BTCUSDT,2024-11-08 15:30:00+00:00,5,1.1163224
560813,BTCUSDT,2024-01-25 20:30:00+00:00,3,1.1524827
531520,BTCUSDT,2023-03-26 17:15:00+00:00,4,1.2200521
532135,BTCUSDT,2023-04-02 03:00:00+00:00,8,1.1983495
563042,BTCUSDT,2024-02-18 01:45:00+00:00,8,1.2504866
553754,BTCUSDT,2023-11-13 07:45:00+00:00,3,1.276682
574977,BTCUSDT,2024-06-21 09:30:00+00:00,4,1.2765765
535558,BTCUSDT,2023-05-07 18:45:00+00:00,8,1.1180766
587632,BTCUSDT,2024-10-31 05:15:00+00:00,2,1.1672465
539814,BTCUSDT,2023-06-21 02:45:00+00:00,9,1.2661622
569185,BTCUSDT,2024-04-22 01:30:00+00:00,8,1.4263693
569599,BTCUSDT,2024-04-26 09:00:00+00:00,1,1.1714809
537187,BTCUSDT,2023-05-24 18:00:00+00:00,7,1.1450131
554746,BTCUSDT,2023-11-23 15:45:00+00:00,4,1.1896021
588521,BTCUSDT,2024-11-09 11:30:00+00:00,1,1.2134652
559754,BTCUSDT,2024-01-14 19:45:00+00:00,4,1.1724997
571485,BTCUSDT,2024-05-16 00:30:00+00:00,9,1.2242856
529360,BTCUSDT,2023-03-04 05:15:00+00:00,8,1.2716763
564497,BTCUSDT,2024-03-04 05:30:00+00:00,8,1.2995074
588363,BTCUSDT,2024-11-07 20:00:00+00:00,9,1.2823272
590695,BTCUSDT,2024-12-02 03:00:00+00:00,5,1.2080439
580999,BTCUSDT,2024-08-23 03:00:00+00:00,1,1.1161944
583388,BTCUSDT,2024-09-17 00:15:00+00:00,9,1.1994829
577663,BTCUSDT,2024-07-19 09:00:00+00:00,4,1.2341036
540878,BTCUSDT,2023-07-02 04:45:00+00:00,4,1.2319213
547150,BTCUSDT,2023-09-05 12:45:00+00:00,0,1.1872032
572869,BTCUSDT,2024-05-30 10:30:00+00:00,3,1.2477977
587095,BTCUSDT,2024-10-25 15:00:00+00:00,0,1.1140342
584320,BTCUSDT,2024-09-26 17:15:00+00:00,0,1.0894305
560799,BTCUSDT,2024-01-25 17:00:00+00:00,7,1.1033982
549594,BTCUSDT,2023-09-30 23:45:00+00:00,4,1.1952494
572019,BTCUSDT,2024-05-21 14:00:00+00:00,4,1.1517239
549157,BTCUSDT,2023-09-26 10:30:00+00:00,4,1.1852541
558225,BTCUSDT,2023-12-29 21:30:00+00:00,7,1.2720112
548182,BTCUSDT,2023-09-16 06:45:00+00:00,8,1.3242822
582034,BTCUSDT,2024-09-02 21:45:00+00:00,0,1.2547599
573868,BTCUSDT,2024-06-09 20:15:00+00:00,6,1.2079831
583457,BTCUSDT,2024-09-17 17:30:00+00:00,9,1.2489811
572499,BTCUSDT,2024-05-26 14:00:00+00:00,3,1.2460444
566781,BTCUSDT,2024-03-28 00:30:00+00:00,0,1.2042208
524145,BTCUSDT,2023-01-08 21:30:00+00:00,0,1.2388681
541490,BTCUSDT,2023-07-08 13:45:00+00:00,1,1.1007985
578671,BTCUSDT,2024-07-29 21:00:00+00:00,3,1.135548
549568,BTCUSDT,2023-09-30 17:15:00+00:00,0,1.2480586
561209,BTCUSDT,2024-01-29 23:30:00+00:00,9,1.1863579
560796,BTCUSDT,2024-01-25 16:15:00+00:00,4,1.1280516
589705,BTCUSDT,2024-11-21 19:30:00+00:00,0,1.2944611
585274,BTCUSDT,2024-10-06 15:45:00+00:00,0,1.085488
535848,BTCUSDT,2023-05-10 19:15:00+00:00,5,1.3711876
572635,BTCUSDT,2024-05-28 00:00:00+00:00,3,1.3004388
584870,BTCUSDT,2024-10-02 10:45:00+00:00,4,1.2240373
528005,BTCUSDT,2023-02-18 02:30:00+00:00,6,1.2886785
570687,BTCUSDT,2024-05-07 17:00:00+00:00,7,1.2268056
528738,BTCUSDT,2023-02-25 17:45:00+00:00,6,1.2734749
578503,BTCUSDT,2024-07-28 03:00:00+00:00,1,1.3674382
542594,BTCUSDT,2023-07-20 01:45:00+00:00,3,1.172196
545054,BTCUSDT,2023-08-14 16:45:00+00:00,0,1.1139477
553500,BTCUSDT,2023-11-10 16:15:00+00:00,9,1.3480449
573585,BTCUSDT,2024-06-06 21:30:00+00:00,4,1.3297749
590991,BTCUSDT,2024-12-05 05:00:00+00:00,0,1.1790911
590096,BTCUSDT,2024-11-25 21:15:00+00:00,7,1.2417438
566917,BTCUSDT,2024-03-29 10:30:00+00:00,4,1.1733986
571477,BTCUSDT,2024-05-15 22:30:00+00:00,9,1.2103728
565358,BTCUSDT,2024-03-13 04:45:00+00:00,1,1.2440801
525650,BTCUSDT,2023-01-24 13:45:00+00:00,7,1.2909682
542429,BTCUSDT,2023-07-18 08:30:00+00:00,3,1.1941813
585195,BTCUSDT,2024-10-05 20:00:00+00:00,4,1.2573683
571844,BTCUSDT,2024-05-19 18:15:00+00:00,4,1.2093446
530862,BTCUSDT,2023-03-19 20:45:00+00:00,8,1.1829983
540968,BTCUSDT,2023-07-03 03:15:00+00:00,3,1.3418044
528101,BTCUSDT,2023-02-19 02:30:00+00:00,6,1.2795098
526976,BTCUSDT,2023-02-07 09:15:00+00:00,0,1.1803629
588164,BTCUSDT,2024-11-05 18:15:00+00:00,5,1.3850467
575795,BTCUSDT,2024-06-29 22:00:00+00:00,6,1.3280863
527310,BTCUSDT,2023-02-10 20:45:00+00:00,3,1.2637787
541660,BTCUSDT,2023-07-10 08:15:00+00:00,5,1.2441736
552169,BTCUSDT,2023-10-27 19:30:00+00:00,4,1.3326346
563137,BTCUSDT,2024-02-19 01:30:00+00:00,6,1.3680885
572656,BTCUSDT,2024-05-28 05:15:00+00:00,4,1.2799449
564655,BTCUSDT,2024-03-05 21:00:00+00:00,7,1.3102565
562895,BTCUSDT,2024-02-16 13:00:00+00:00,0,1.1352496
559981,BTCUSDT,2024-01-17 04:30:00+00:00,2,1.1476206
565562,BTCUSDT,2024-03-15 07:45:00+00:00,3,1.2288392
569180,BTCUSDT,2024-04-22 00:15:00+00:00,0,1.2398902
569701,BTCUSDT,2024-04-27 10:30:00+00:00,2,1.2522601
590290,BTCUSDT,2024-11-27 21:45:00+00:00,9,1.3536756
575099,BTCUSDT,2024-06-22 16:00:00+00:00,1,1.2897941
588261,BTCUSDT,2024-11-06 18:30:00+00:00,9,1.178899
539373,BTCUSDT,2023-06-16 12:30:00+00:00,8,1.2915953
549270,BTCUSDT,2023-09-27 14:45:00+00:00,4,1.2946821
551105,BTCUSDT,2023-10-16 17:30:00+00:00,8,1.4052203
558645,BTCUSDT,2024-01-03 06:30:00+00:00,2,1.2000484
523899,BTCUSDT,2023-01-06 08:00:00+00:00,1,1.147845
585379,BTCUSDT,2024-10-07 18:00:00+00:00,6,1.2606734
545177,BTCUSDT,2023-08-15 23:30:00+00:00,3,1.2891376
526702,BTCUSDT,2023-02-04 12:45:00+00:00,1,1.1796093
575519,BTCUSDT,2024-06-27 01:00:00+00:00,3,1.2136593
547987,BTCUSDT,2023-09-14 06:00:00+00:00,3,1.30645
546931,BTCUSDT,2023-09-03 06:00:00+00:00,3,1.2310679
539021,BTCUSDT,2023-06-12 20:30:00+00:00,3,1.1463853
576315,BTCUSDT,2024-07-05 08:00:00+00:00,3,1.2504103
591924,BTCUSDT,2024-12-14 22:15:00+00:00,7,1.2945626
524422,BTCUSDT,2023-01-11 18:45:00+00:00,0,1.194397
529461,BTCUSDT,2023-03-05 06:30:00+00:00,8,1.2600117
540125,BTCUSDT,2023-06-24 08:30:00+00:00,8,1.1805161
541127,BTCUSDT,2023-07-04 19:00:00+00:00,2,1.2221364
561943,BTCUSDT,2024-02-06 15:00:00+00:00,3,1.1318091
529280,BTCUSDT,2023-03-03 09:15:00+00:00,1,1.2714349
537472,BTCUSDT,2023-05-27 17:15:00+00:00,8,1.1756389
566736,BTCUSDT,2024-03-27 13:15:00+00:00,0,1.1196762
562459,BTCUSDT,2024-02-12 00:00:00+00:00,5,1.2429787
559855,BTCUSDT,2024-01-15 21:00:00+00:00,6,1.2950362
583504,BTCUSDT,2024-09-18 05:15:00+00:00,3,1.23776
553328,BTCUSDT,2023-11-08 21:15:00+00:00,0,1.2749102
536220,BTCUSDT,2023-05-14 16:15:00+00:00,0,1.260512
523894,BTCUSDT,2023-01-06 06:45:00+00:00,4,1.2535903
551752,BTCUSDT,2023-10-23 11:15:00+00:00,9,1.2854737
530183,BTCUSDT,2023-03-12 19:00:00+00:00,0,1.0891317
558810,BTCUSDT,2024-01-04 23:45:00+00:00,9,1.198339
541972,BTCUSDT,2023-07-13 14:15:00+00:00,4,1.334852
571156,BTCUSDT,2024-05-12 14:15:00+00:00,5,1.2763946
589066,BTCUSDT,2024-11-15 03:45:00+00:00,3,1.1734816
536874,BTCUSDT,2023-05-21 11:45:00+00:00,4,1.2599286
587479,BTCUSDT,2024-10-29 15:00:00+00:00,0,1.1981788
533504,BTCUSDT,2023-04-16 09:15:00+00:00,8,1.2425436
550219,BTCUSDT,2023-10-07 12:00:00+00:00,1,1.1789184
537902,BTCUSDT,2023-06-01 04:45:00+00:00,8,1.2611635
547375,BTCUSDT,2023-09-07 21:00:00+00:00,0,1.13956
567466,BTCUSDT,2024-04-04 03:45:00+00:00,2,1.1230037
539303,BTCUSDT,2023-06-15 19:00:00+00:00,0,1.1153134
557272,BTCUSDT,2023-12-19 23:15:00+00:00,2,1.2468958
562917,BTCUSDT,2024-02-16 18:30:00+00:00,7,1.1927241
532823,BTCUSDT,2023-04-09 07:00:00+00:00,4,1.2740366
554420,BTCUSDT,2023-11-20 06:15:00+00:00,5,1.1355573
573475,BTCUSDT,2024-06-05 18:00:00+00:00,0,1.1171039
590863,BTCUSDT,2024-12-03 21:00:00+00:00,3,1.2482144
569020,BTCUSDT,2024-04-20 08:15:00+00:00,2,1.280556
570556,BTCUSDT,2024-05-06 08:15:00+00:00,0,1.2225982
534174,BTCUSDT,2023-04-23 08:45:00+00:00,0,1.2065836
563595,BTCUSDT,2024-02-23 20:00:00+00:00,6,1.1585156
545199,BTCUSDT,2023-08-16 05:00:00+00:00,2,1.1996804
566140,BTCUSDT,2024-03-21 08:15:00+00:00,3,1.2250384
573296,BTCUSDT,2024-06-03 21:15:00+00:00,7,1.3263215
549531,BTCUSDT,2023-09-30 08:00:00+00:00,1,1.235424
572271,BTCUSDT,2024-05-24 05:00:00+00:00,2,1.1429677
559370,BTCUSDT,2024-01-10 19:45:00+00:00,0,1.2211853
529220,BTCUSDT,2023-03-02 18:15:00+00:00,3,1.1381522
542441,BTCUSDT,2023-07-18 11:30:00+00:00,3,1.1932383
586426,BTCUSDT,2024-10-18 15:45:00+00:00,0,1.1453406
539577,BTCUSDT,2023-06-18 15:30:00+00:00,3,1.1772051
538495,BTCUSDT,2023-06-07 09:00:00+00:00,2,1.252258
592989,BTCUSDT,2024-12-26 00:30:00+00:00,9,1.2675151
577772,BTCUSDT,2024-07-20 12:15:00+00:00,1,1.1883241
524518,BTCUSDT,2023-01-12 18:45:00+00:00,0,1.2503402
568909,BTCUSDT,2024-04-19 04:30:00+00:00,3,1.4049029
530432,BTCUSDT,2023-03-15 09:15:00+00:00,2,1.2782352
568027,BTCUSDT,2024-04-10 00:00:00+00:00,2,1.2294794
550321,BTCUSDT,2023-10-08 13:30:00+00:00,5,1.233997
575835,BTCUSDT,2024-06-30 08:00:00+00:00,0,1.1507769
578544,BTCUSDT,2024-07-28 13:15:00+00:00,1,1.2621012
550153,BTCUSDT,2023-10-06 19:30:00+00:00,0,1.1506058
552294,BTCUSDT,2023-10-29 02:45:00+00:00,1,1.2531383
590542,BTCUSDT,2024-11-30 12:45:00+00:00,8,1.1930679
578897,BTCUSDT,2024-08-01 05:30:00+00:00,3,1.3009934
562573,BTCUSDT,2024-02-13 04:30:00+00:00,8,1.1827518
532239,BTCUSDT,2023-04-03 05:00:00+00:00,4,1.2439426
567020,BTCUSDT,2024-03-30 12:15:00+00:00,1,1.1657012
582937,BTCUSDT,2024-09-12 07:30:00+00:00,9,1.1888541
575552,BTCUSDT,2024-06-27 09:15:00+00:00,2,1.2034576
564767,BTCUSDT,2024-03-07 01:00:00+00:00,8,1.2789098
576863,BTCUSDT,2024-07-11 01:00:00+00:00,3,1.1785392
577545,BTCUSDT,2024-07-18 03:30:00+00:00,1,1.1740144
585890,BTCUSDT,2024-10-13 01:45:00+00:00,4,1.2272123
576354,BTCUSDT,2024-07-05 17:45:00+00:00,9,1.2510898
592785,BTCUSDT,2024-12-23 21:30:00+00:00,3,1.2405916
559118,BTCUSDT,2024-01-08 04:45:00+00:00,3,1.2614981
544746,BTCUSDT,2023-08-11 11:45:00+00:00,1,1.1870975
589198,BTCUSDT,2024-11-16 12:45:00+00:00,4,1.1612937
561704,BTCUSDT,2024-02-04 03:15:00+00:00,2,1.2031296
554953,BTCUSDT,2023-11-25 19:30:00+00:00,1,1.314074
525994,BTCUSDT,2023-01-28 03:45:00+00:00,1,1.2082686
580991,BTCUSDT,2024-08-23 01:00:00+00:00,9,1.1777972
582460,BTCUSDT,2024-09-07 08:15:00+00:00,1,1.2450255
557017,BTCUSDT,2023-12-17 07:30:00+00:00,7,1.2657773
589961,BTCUSDT,2024-11-24 11:30:00+00:00,4,1.1905048
526606,BTCUSDT,2023-02-03 12:45:00+00:00,3,1.2850746
536287,BTCUSDT,2023-05-15 09:00:00+00:00,9,1.2673742
525192,BTCUSDT,2023-01-19 19:15:00+00:00,0,1.1909208
569612,BTCUSDT,2024-04-26 12:15:00+00:00,1,1.15182
564654,BTCUSDT,2024-03-05 20:45:00+00:00,7,1.1522335
526418,BTCUSDT,2023-02-01 13:45:00+00:00,0,1.2321129
588252,BTCUSDT,2024-11-06 16:15:00+00:00,5,1.2085215
525117,BTCUSDT,2023-01-19 00:30:00+00:00,2,1.2694306
539096,BTCUSDT,2023-06-13 15:15:00+00:00,4,1.0620309
563256,BTCUSDT,2024-02-20 07:15:00+00:00,3,1.2756668
555830,BTCUSDT,2023-12-04 22:45:00+00:00,0,1.1673397
534016,BTCUSDT,2023-04-21 17:15:00+00:00,4,1.1681339
572719,BTCUSDT,2024-05-28 21:00:00+00:00,3,1.273043
589532,BTCUSDT,2024-11-20 00:15:00+00:00,8,1.3563707
590421,BTCUSDT,2024-11-29 06:30:00+00:00,8,1.273043
558612,BTCUSDT,2024-01-02 22:15:00+00:00,3,1.1852086
578862,BTCUSDT,2024-07-31 20:45:00+00:00,4,1.0238385
524558,BTCUSDT,2023-01-13 04:45:00+00:00,3,1.2194724
524044,BTCUSDT,2023-01-07 20:15:00+00:00,1,1.3806587
552747,BTCUSDT,2023-11-02 20:00:00+00:00,3,1.1166397
524282,BTCUSDT,2023-01-10 07:45:00+00:00,1,1.198436
581268,BTCUSDT,2024-08-25 22:15:00+00:00,0,1.1709428
581403,BTCUSDT,2024-08-27 08:00:00+00:00,2,1.1724772
567751,BTCUSDT,2024-04-07 03:00:00+00:00,9,1.25634
679143,DOGEUSDT,2023-09-17 11:15:00+00:00,8,1.1921546
673590,DOGEUSDT,2023-07-21 15:00:00+00:00,0,1.306199
660281,DOGEUSDT,2023-03-04 23:45:00+00:00,3,1.1887656
662332,DOGEUSDT,2023-03-26 08:30:00+00:00,2,1.2398319
719657,DOGEUSDT,2024-11-12 11:45:00+00:00,4,1.3393407
656283,DOGEUSDT,2023-01-22 08:15:00+00:00,2,1.1478357
723046,DOGEUSDT,2024-12-17 19:00:00+00:00,4,1.2099271
695211,DOGEUSDT,2024-03-02 20:15:00+00:00,6,1.2041522
704308,DOGEUSDT,2024-06-05 14:30:00+00:00,7,1.2119359
719796,DOGEUSDT,2024-11-13 22:30:00+00:00,3,1.3168353
717500,DOGEUSDT,2024-10-21 00:30:00+00:00,0,1.2181534
688493,DOGEUSDT,2023-12-23 20:45:00+00:00,8,1.1620028
720633,DOGEUSDT,2024-11-22 15:45:00+00:00,0,1.1087885
684833,DOGEUSDT,2023-11-15 17:45:00+00:00,4,1.2929355
698413,DOGEUSDT,2024-04-05 04:45:00+00:00,4,1.1344663
702362,DOGEUSDT,2024-05-16 08:00:00+00:00,9,1.2816197
689336,DOGEUSDT,2024-01-01 15:30:00+00:00,0,1.2654735
713680,DOGEUSDT,2024-09-11 05:30:00+00:00,4,1.2073963
721448,DOGEUSDT,2024-12-01 03:30:00+00:00,7,1.213626
690167,DOGEUSDT,2024-01-10 07:15:00+00:00,2,1.3021817
664362,DOGEUSDT,2023-04-16 12:00:00+00:00,4,1.2341142
666740,DOGEUSDT,2023-05-11 06:30:00+00:00,2,1.2974921
682094,DOGEUSDT,2023-10-18 05:00:00+00:00,3,1.3363678
675551,DOGEUSDT,2023-08-11 01:15:00+00:00,1,1.3004493
710756,DOGEUSDT,2024-08-11 18:30:00+00:00,7,1.3105164
703616,DOGEUSDT,2024-05-29 09:30:00+00:00,4,1.1888871
715485,DOGEUSDT,2024-09-30 00:45:00+00:00,4,1.2528291
701826,DOGEUSDT,2024-05-10 18:00:00+00:00,7,1.1481022
670073,DOGEUSDT,2023-06-14 23:45:00+00:00,3,1.350781
671717,DOGEUSDT,2023-07-02 02:45:00+00:00,4,1.1819824
691574,DOGEUSDT,2024-01-24 23:00:00+00:00,1,1.2519614
664529,DOGEUSDT,2023-04-18 05:45:00+00:00,0,1.1199732
677159,DOGEUSDT,2023-08-27 19:15:00+00:00,9,1.3284277
661853,DOGEUSDT,2023-03-21 08:45:00+00:00,4,1.2440733
655045,DOGEUSDT,2023-01-09 10:45:00+00:00,0,1.1241193
710869,DOGEUSDT,2024-08-12 22:45:00+00:00,3,1.2326585
685829,DOGEUSDT,2023-11-26 02:45:00+00:00,4,1.1234794
711408,DOGEUSDT,2024-08-18 13:30:00+00:00,0,1.1831695
668460,DOGEUSDT,2023-05-29 04:30:00+00:00,4,1.1590152
657264,DOGEUSDT,2023-02-01 13:30:00+00:00,4,1.1623324
719748,DOGEUSDT,2024-11-13 10:30:00+00:00,3,1.1533972
720271,DOGEUSDT,2024-11-18 21:15:00+00:00,0,1.2549117
710383,DOGEUSDT,2024-08-07 21:15:00+00:00,7,1.2921304
692882,DOGEUSDT,2024-02-07 14:00:00+00:00,9,1.2226475
707674,DOGEUSDT,2024-07-10 16:00:00+00:00,5,1.322088
715810,DOGEUSDT,2024-10-03 10:00:00+00:00,3,1.2936664
708281,DOGEUSDT,2024-07-16 23:45:00+00:00,2,1.3251166
721174,DOGEUSDT,2024-11-28 07:00:00+00:00,8,1.1164367
682859,DOGEUSDT,2023-10-26 04:15:00+00:00,0,1.3616238
673484,DOGEUSDT,2023-07-20 12:30:00+00:00,9,1.235685
657407,DOGEUSDT,2023-02-03 01:15:00+00:00,4,1.2037964
685891,DOGEUSDT,2023-11-26 18:15:00+00:00,3,1.2630814
665426,DOGEUSDT,2023-04-27 14:00:00+00:00,2,1.1879171
698228,DOGEUSDT,2024-04-03 06:30:00+00:00,3,1.2619908
687431,DOGEUSDT,2023-12-12 19:15:00+00:00,3,1.1791276
691461,DOGEUSDT,2024-01-23 18:45:00+00:00,7,1.2498987
700638,DOGEUSDT,2024-04-28 09:00:00+00:00,2,1.151332
672571,DOGEUSDT,2023-07-11 00:15:00+00:00,8,1.310189
674123,DOGEUSDT,2023-07-27 04:15:00+00:00,3,1.1793325
669436,DOGEUSDT,2023-06-08 08:30:00+00:00,1,1.2499844
699183,DOGEUSDT,2024-04-13 05:15:00+00:00,3,1.2616001
697402,DOGEUSDT,2024-03-25 16:00:00+00:00,0,1.144007
675253,DOGEUSDT,2023-08-07 22:45:00+00:00,6,1.385928
711812,DOGEUSDT,2024-08-22 18:30:00+00:00,7,1.2657413
681222,DOGEUSDT,2023-10-09 03:00:00+00:00,3,1.4075474
655742,DOGEUSDT,2023-01-16 17:00:00+00:00,3,1.2312276
695762,DOGEUSDT,2024-03-08 14:00:00+00:00,0,1.0478998
718131,DOGEUSDT,2024-10-27 14:15:00+00:00,0,1.153787
664991,DOGEUSDT,2023-04-23 01:15:00+00:00,3,1.4016383
712906,DOGEUSDT,2024-09-03 04:00:00+00:00,2,1.2054
696240,DOGEUSDT,2024-03-13 13:30:00+00:00,4,1.1463361
668494,DOGEUSDT,2023-05-29 13:00:00+00:00,2,1.331837
690336,DOGEUSDT,2024-01-12 01:30:00+00:00,4,1.174048
715465,DOGEUSDT,2024-09-29 19:45:00+00:00,1,1.2445946
674514,DOGEUSDT,2023-07-31 06:00:00+00:00,1,1.2465663
687103,DOGEUSDT,2023-12-09 09:15:00+00:00,4,1.2170268
705500,DOGEUSDT,2024-06-18 00:30:00+00:00,4,1.2650708
679792,DOGEUSDT,2023-09-24 05:30:00+00:00,9,1.273393
695668,DOGEUSDT,2024-03-07 14:30:00+00:00,0,1.2146941
669847,DOGEUSDT,2023-06-12 15:15:00+00:00,3,1.3237934
718929,DOGEUSDT,2024-11-04 21:45:00+00:00,4,1.2521269
689450,DOGEUSDT,2024-01-02 20:00:00+00:00,7,1.1590542
680646,DOGEUSDT,2023-10-03 03:00:00+00:00,1,1.3517293
694118,DOGEUSDT,2024-02-20 11:00:00+00:00,2,1.2857661
680501,DOGEUSDT,2023-10-01 14:45:00+00:00,4,1.1455451
675844,DOGEUSDT,2023-08-14 02:30:00+00:00,7,1.2649328
655586,DOGEUSDT,2023-01-15 02:00:00+00:00,8,1.1506205
656161,DOGEUSDT,2023-01-21 01:45:00+00:00,9,1.2411321
683415,DOGEUSDT,2023-10-31 23:15:00+00:00,2,1.1421608
661589,DOGEUSDT,2023-03-18 14:45:00+00:00,4,1.1640737
691143,DOGEUSDT,2024-01-20 11:15:00+00:00,9,1.2735424
712444,DOGEUSDT,2024-08-29 08:30:00+00:00,2,1.2973504
677257,DOGEUSDT,2023-08-28 19:45:00+00:00,4,1.3288339
705243,DOGEUSDT,2024-06-15 08:15:00+00:00,1,1.1818597
664654,DOGEUSDT,2023-04-19 13:00:00+00:00,3,1.4114405
674487,DOGEUSDT,2023-07-30 23:15:00+00:00,4,1.2622576
674360,DOGEUSDT,2023-07-29 15:30:00+00:00,5,1.1481488
699455,DOGEUSDT,2024-04-16 01:15:00+00:00,5,1.2170575
673120,DOGEUSDT,2023-07-16 17:30:00+00:00,6,1.167259
674868,DOGEUSDT,2023-08-03 22:30:00+00:00,4,1.1415777
658063,DOGEUSDT,2023-02-09 21:15:00+00:00,7,1.0699235
661027,DOGEUSDT,2023-03-12 18:15:00+00:00,0,1.226997
689444,DOGEUSDT,2024-01-02 18:30:00+00:00,3,1.1993147
684889,DOGEUSDT,2023-11-16 07:45:00+00:00,0,1.2048494
665432,DOGEUSDT,2023-04-27 15:30:00+00:00,5,1.2390552
674161,DOGEUSDT,2023-07-27 13:45:00+00:00,4,1.1961539
681002,DOGEUSDT,2023-10-06 20:00:00+00:00,9,1.2686783
665411,DOGEUSDT,2023-04-27 10:15:00+00:00,2,1.2630851
699237,DOGEUSDT,2024-04-13 18:45:00+00:00,4,1.3109815
687115,DOGEUSDT,2023-12-09 12:15:00+00:00,8,1.2836592
670312,DOGEUSDT,2023-06-17 11:30:00+00:00,2,1.2591311
716149,DOGEUSDT,2024-10-06 22:45:00+00:00,5,1.2524756
713173,DOGEUSDT,2024-09-05 22:45:00+00:00,6,1.1877099
711839,DOGEUSDT,2024-08-23 01:15:00+00:00,0,1.2444102
706051,DOGEUSDT,2024-06-23 18:15:00+00:00,7,1.221066
714366,DOGEUSDT,2024-09-18 09:00:00+00:00,2,1.2056894
695319,DOGEUSDT,2024-03-03 23:15:00+00:00,9,1.2730881
681506,DOGEUSDT,2023-10-12 02:00:00+00:00,8,1.3693951
663631,DOGEUSDT,2023-04-08 21:15:00+00:00,4,1.2402202
669058,DOGEUSDT,2023-06-04 10:00:00+00:00,0,1.2097118
667130,DOGEUSDT,2023-05-15 08:00:00+00:00,9,1.2270285
665128,DOGEUSDT,2023-04-24 11:30:00+00:00,2,1.2703193
713697,DOGEUSDT,2024-09-11 09:45:00+00:00,3,1.3268008
657936,DOGEUSDT,2023-02-08 13:30:00+00:00,5,1.275547
720806,DOGEUSDT,2024-11-24 11:00:00+00:00,4,1.2164174
680786,DOGEUSDT,2023-10-04 14:00:00+00:00,4,1.1411536
672899,DOGEUSDT,2023-07-14 10:15:00+00:00,8,1.1439887
693959,DOGEUSDT,2024-02-18 19:15:00+00:00,0,1.1558301
722039,DOGEUSDT,2024-12-07 07:15:00+00:00,0,1.3045737
718429,DOGEUSDT,2024-10-30 16:45:00+00:00,4,1.2226689
716469,DOGEUSDT,2024-10-10 06:45:00+00:00,2,1.2423369
664228,DOGEUSDT,2023-04-15 02:30:00+00:00,1,1.245152
711583,DOGEUSDT,2024-08-20 09:15:00+00:00,9,1.2149283
720463,DOGEUSDT,2024-11-20 21:15:00+00:00,3,1.185548
671194,DOGEUSDT,2023-06-26 16:00:00+00:00,6,1.1922117
702126,DOGEUSDT,2024-05-13 21:00:00+00:00,8,1.3548088
711025,DOGEUSDT,2024-08-14 13:45:00+00:00,4,1.1111302
692904,DOGEUSDT,2024-02-07 19:30:00+00:00,9,1.240636
705096,DOGEUSDT,2024-06-13 19:30:00+00:00,3,1.1068349
707948,DOGEUSDT,2024-07-13 12:30:00+00:00,5,1.2597243
656151,DOGEUSDT,2023-01-20 23:15:00+00:00,0,1.148152
703997,DOGEUSDT,2024-06-02 08:45:00+00:00,4,1.1078533
676182,DOGEUSDT,2023-08-17 15:00:00+00:00,4,1.2434877
707922,DOGEUSDT,2024-07-13 06:00:00+00:00,0,1.1621654
656520,DOGEUSDT,2023-01-24 19:30:00+00:00,3,1.349229
714970,DOGEUSDT,2024-09-24 16:00:00+00:00,8,1.1554264
714317,DOGEUSDT,2024-09-17 20:45:00+00:00,7,1.2310098
680872,DOGEUSDT,2023-10-05 11:30:00+00:00,1,1.2246766
691976,DOGEUSDT,2024-01-29 03:30:00+00:00,3,1.1814193
673953,DOGEUSDT,2023-07-25 09:45:00+00:00,9,1.2795185
670987,DOGEUSDT,2023-06-24 12:15:00+00:00,2,1.3187106
677737,DOGEUSDT,2023-09-02 19:45:00+00:00,8,1.3303038
674869,DOGEUSDT,2023-08-03 22:45:00+00:00,4,1.2136717
656639,DOGEUSDT,2023-01-26 01:15:00+00:00,9,1.321199
716997,DOGEUSDT,2024-10-15 18:45:00+00:00,0,1.2981572
660093,DOGEUSDT,2023-03-03 00:45:00+00:00,8,1.2745267
703531,DOGEUSDT,2024-05-28 12:15:00+00:00,2,1.2558228
688281,DOGEUSDT,2023-12-21 15:45:00+00:00,4,1.1031419
723974,DOGEUSDT,2024-12-27 11:00:00+00:00,5,1.2560304
689863,DOGEUSDT,2024-01-07 03:15:00+00:00,3,1.360149
699578,DOGEUSDT,2024-04-17 08:00:00+00:00,4,1.2268656
690768,DOGEUSDT,2024-01-16 13:30:00+00:00,9,1.2869697
687997,DOGEUSDT,2023-12-18 16:45:00+00:00,3,1.2233816
714590,DOGEUSDT,2024-09-20 17:00:00+00:00,4,1.1845713
696258,DOGEUSDT,2024-03-13 18:00:00+00:00,3,1.2641605
691294,DOGEUSDT,2024-01-22 01:00:00+00:00,7,1.2452294
675748,DOGEUSDT,2023-08-13 02:30:00+00:00,8,1.187658
664212,DOGEUSDT,2023-04-14 22:30:00+00:00,6,1.2777228
678451,DOGEUSDT,2023-09-10 06:15:00+00:00,3,1.404846
668676,DOGEUSDT,2023-05-31 10:30:00+00:00,2,1.3289558
719099,DOGEUSDT,2024-11-06 16:15:00+00:00,4,1.3336544
681238,DOGEUSDT,2023-10-09 07:00:00+00:00,4,1.4944361
673616,DOGEUSDT,2023-07-21 21:30:00+00:00,6,1.3111134
715487,DOGEUSDT,2024-09-30 01:15:00+00:00,4,1.2422577
703962,DOGEUSDT,2024-06-02 00:00:00+00:00,8,1.1528463
669521,DOGEUSDT,2023-06-09 05:45:00+00:00,8,1.1941595
699355,DOGEUSDT,2024-04-15 00:15:00+00:00,0,1.3924057
658906,DOGEUSDT,2023-02-18 16:00:00+00:00,0,1.2258987
658707,DOGEUSDT,2023-02-16 14:15:00+00:00,4,1.1220431
689314,DOGEUSDT,2024-01-01 10:00:00+00:00,3,1.2858073
677915,DOGEUSDT,2023-09-04 16:15:00+00:00,7,1.159924
682739,DOGEUSDT,2023-10-24 22:15:00+00:00,1,1.2144097
713091,DOGEUSDT,2024-09-05 02:15:00+00:00,8,1.2899615
666895,DOGEUSDT,2023-05-12 21:15:00+00:00,6,1.2474546
669572,DOGEUSDT,2023-06-09 18:30:00+00:00,8,1.3661287
665927,DOGEUSDT,2023-05-02 19:15:00+00:00,0,1.2583151
722435,DOGEUSDT,2024-12-11 10:15:00+00:00,1,1.3430963
695577,DOGEUSDT,2024-03-06 15:45:00+00:00,2,1.2416785
716991,DOGEUSDT,2024-10-15 17:15:00+00:00,5,1.2915275
708133,DOGEUSDT,2024-07-15 10:45:00+00:00,2,1.1517903
675777,DOGEUSDT,2023-08-13 09:45:00+00:00,2,1.1775709
666153,DOGEUSDT,2023-05-05 03:45:00+00:00,2,1.248412
682298,DOGEUSDT,2023-10-20 08:00:00+00:00,8,1.2974533
656081,DOGEUSDT,2023-01-20 05:45:00+00:00,4,1.2619324
708874,DOGEUSDT,2024-07-23 04:00:00+00:00,2,1.2875651
682861,DOGEUSDT,2023-10-26 04:45:00+00:00,3,1.2176117
698576,DOGEUSDT,2024-04-06 21:30:00+00:00,5,1.2506082
659903,DOGEUSDT,2023-03-01 01:15:00+00:00,3,1.1904471
670411,DOGEUSDT,2023-06-18 12:15:00+00:00,2,1.2409906
675277,DOGEUSDT,2023-08-08 04:45:00+00:00,2,1.2706499
685275,DOGEUSDT,2023-11-20 08:15:00+00:00,3,1.2823608
692084,DOGEUSDT,2024-01-30 06:30:00+00:00,2,1.1919678
669145,DOGEUSDT,2023-06-05 07:45:00+00:00,3,1.2656324
718428,DOGEUSDT,2024-10-30 16:30:00+00:00,4,1.2686106
721250,DOGEUSDT,2024-11-29 02:00:00+00:00,1,1.1555411
709199,DOGEUSDT,2024-07-26 13:15:00+00:00,8,1.1772337
659999,DOGEUSDT,2023-03-02 01:15:00+00:00,2,1.2641537
703573,DOGEUSDT,2024-05-28 22:45:00+00:00,3,1.2932805
689267,DOGEUSDT,2023-12-31 22:15:00+00:00,4,1.2737758
688322,DOGEUSDT,2023-12-22 02:00:00+00:00,8,1.1388998
678246,DOGEUSDT,2023-09-08 03:00:00+00:00,8,1.245164
724160,DOGEUSDT,2024-12-29 09:30:00+00:00,5,1.2092595
668788,DOGEUSDT,2023-06-01 14:30:00+00:00,5,1.2193663
667958,DOGEUSDT,2023-05-23 23:00:00+00:00,3,1.1804595
697062,DOGEUSDT,2024-03-22 03:00:00+00:00,9,1.2405924
657378,DOGEUSDT,2023-02-02 18:00:00+00:00,3,1.31531
666150,DOGEUSDT,2023-05-05 03:00:00+00:00,0,1.3498815
677673,DOGEUSDT,2023-09-02 03:45:00+00:00,1,1.2351675
715821,DOGEUSDT,2024-10-03 12:45:00+00:00,7,1.3048453
661503,DOGEUSDT,2023-03-17 17:15:00+00:00,6,1.2776325
696773,DOGEUSDT,2024-03-19 02:45:00+00:00,4,1.1474217
678891,DOGEUSDT,2023-09-14 20:15:00+00:00,0,1.2373034
672734,DOGEUSDT,2023-07-12 17:00:00+00:00,4,1.1909088
679218,DOGEUSDT,2023-09-18 06:00:00+00:00,3,1.2525795
655444,DOGEUSDT,2023-01-13 14:30:00+00:00,8,1.2025445
668019,DOGEUSDT,2023-05-24 14:15:00+00:00,4,1.2743552
657596,DOGEUSDT,2023-02-05 00:30:00+00:00,4,1.2349283
679909,DOGEUSDT,2023-09-25 10:45:00+00:00,3,1.33954
671104,DOGEUSDT,2023-06-25 17:30:00+00:00,3,1.1794163
721726,DOGEUSDT,2024-12-04 01:00:00+00:00,5,1.2667136
667593,DOGEUSDT,2023-05-20 03:45:00+00:00,1,1.2487023
718183,DOGEUSDT,2024-10-28 03:15:00+00:00,9,1.377843
719852,DOGEUSDT,2024-11-14 12:30:00+00:00,4,1.1836646
710437,DOGEUSDT,2024-08-08 10:45:00+00:00,1,1.1573626
657090,DOGEUSDT,2023-01-30 18:00:00+00:00,5,1.3561269
656770,DOGEUSDT,2023-01-27 10:00:00+00:00,5,1.2931297
708602,DOGEUSDT,2024-07-20 08:00:00+00:00,0,1.3039285
667637,DOGEUSDT,2023-05-20 14:45:00+00:00,1,1.2230579
676549,DOGEUSDT,2023-08-21 10:45:00+00:00,7,1.1850957
704451,DOGEUSDT,2024-06-07 02:15:00+00:00,3,1.2032715
707777,DOGEUSDT,2024-07-11 17:45:00+00:00,7,1.3771241
702750,DOGEUSDT,2024-05-20 09:00:00+00:00,8,1.2461832
723982,DOGEUSDT,2024-12-27 13:00:00+00:00,1,1.3946671
715264,DOGEUSDT,2024-09-27 17:30:00+00:00,9,1.2472755
688449,DOGEUSDT,2023-12-23 09:45:00+00:00,2,1.2817194
665957,DOGEUSDT,2023-05-03 02:45:00+00:00,4,1.2077348
656977,DOGEUSDT,2023-01-29 13:45:00+00:00,0,1.1923091
723290,DOGEUSDT,2024-12-20 08:00:00+00:00,2,1.3426071
677849,DOGEUSDT,2023-09-03 23:45:00+00:00,4,1.232344
662405,DOGEUSDT,2023-03-27 02:45:00+00:00,4,1.2294986
695618,DOGEUSDT,2024-03-07 02:00:00+00:00,0,1.222989
675458,DOGEUSDT,2023-08-10 02:00:00+00:00,0,1.1906093
695489,DOGEUSDT,2024-03-05 17:45:00+00:00,4,1.0798638
721589,DOGEUSDT,2024-12-02 14:45:00+00:00,0,1.2092882
691596,DOGEUSDT,2024-01-25 04:30:00+00:00,2,1.2574923
696212,DOGEUSDT,2024-03-13 06:30:00+00:00,1,1.2520803
717710,DOGEUSDT,2024-10-23 05:00:00+00:00,3,1.2166028
712000,DOGEUSDT,2024-08-24 17:30:00+00:00,0,1.2132752
723981,DOGEUSDT,2024-12-27 12:45:00+00:00,9,1.3076296
715482,DOGEUSDT,2024-09-30 00:00:00+00:00,4,1.221038
659080,DOGEUSDT,2023-02-20 11:30:00+00:00,1,1.1797087
674205,DOGEUSDT,2023-07-28 00:45:00+00:00,3,1.1877664
663086,DOGEUSDT,2023-04-03 05:00:00+00:00,1,1.3861018
720158,DOGEUSDT,2024-11-17 17:00:00+00:00,5,1.2009571
716309,DOGEUSDT,2024-10-08 14:45:00+00:00,4,1.1403105
715655,DOGEUSDT,2024-10-01 19:15:00+00:00,7,1.1307266
676327,DOGEUSDT,2023-08-19 03:15:00+00:00,1,1.1669018
657873,DOGEUSDT,2023-02-07 21:45:00+00:00,9,1.3355924
673658,DOGEUSDT,2023-07-22 08:00:00+00:00,1,1.229674
706902,DOGEUSDT,2024-07-02 15:00:00+00:00,4,1.1400361
703297,DOGEUSDT,2024-05-26 01:45:00+00:00,0,1.2492579
686747,DOGEUSDT,2023-12-05 16:15:00+00:00,0,1.2143273
682910,DOGEUSDT,2023-10-26 17:00:00+00:00,4,1.2450216
693747,DOGEUSDT,2024-02-16 14:15:00+00:00,0,1.2776024
659726,DOGEUSDT,2023-02-27 05:00:00+00:00,7,1.1548547
695478,DOGEUSDT,2024-03-05 15:00:00+00:00,5,1.2451006
676815,DOGEUSDT,2023-08-24 05:15:00+00:00,1,1.286835
670135,DOGEUSDT,2023-06-15 15:15:00+00:00,3,1.339645
679188,DOGEUSDT,2023-09-17 22:30:00+00:00,3,1.3657368
699552,DOGEUSDT,2024-04-17 01:30:00+00:00,8,1.1567988
681003,DOGEUSDT,2023-10-06 20:15:00+00:00,5,1.2600957
720654,DOGEUSDT,2024-11-22 21:00:00+00:00,6,1.2680582
709753,DOGEUSDT,2024-08-01 07:45:00+00:00,3,1.3153342
655368,DOGEUSDT,2023-01-12 19:30:00+00:00,3,1.1488527
714499,DOGEUSDT,2024-09-19 18:15:00+00:00,0,1.1566768
683977,DOGEUSDT,2023-11-06 19:45:00+00:00,9,1.1145157
678517,DOGEUSDT,2023-09-10 22:45:00+00:00,3,1.2666249
666742,DOGEUSDT,2023-05-11 07:00:00+00:00,2,1.3069378
658587,DOGEUSDT,2023-02-15 08:15:00+00:00,9,1.2775158
681634,DOGEUSDT,2023-10-13 10:00:00+00:00,1,1.258196
667062,DOGEUSDT,2023-05-14 15:00:00+00:00,6,1.265284
689959,DOGEUSDT,2024-01-08 03:15:00+00:00,7,1.1521633
711915,DOGEUSDT,2024-08-23 20:15:00+00:00,9,1.2058368
680524,DOGEUSDT,2023-10-01 20:30:00+00:00,4,1.2545785
715814,DOGEUSDT,2024-10-03 11:00:00+00:00,1,1.2582754
698679,DOGEUSDT,2024-04-07 23:15:00+00:00,3,1.2858571
715546,DOGEUSDT,2024-09-30 16:00:00+00:00,4,1.1655443
714482,DOGEUSDT,2024-09-19 14:00:00+00:00,5,1.1991514
654368,DOGEUSDT,2023-01-02 09:30:00+00:00,9,1.3203328
704791,DOGEUSDT,2024-06-10 15:15:00+00:00,0,1.1160498
657247,DOGEUSDT,2023-02-01 09:15:00+00:00,4,1.3015002
689079,DOGEUSDT,2023-12-29 23:15:00+00:00,3,1.3289913
688666,DOGEUSDT,2023-12-25 16:00:00+00:00,0,1.1185447
693497,DOGEUSDT,2024-02-13 23:45:00+00:00,2,1.2124342
716032,DOGEUSDT,2024-10-05 17:30:00+00:00,4,1.2323385
694042,DOGEUSDT,2024-02-19 16:00:00+00:00,0,1.135283
675955,DOGEUSDT,2023-08-15 06:15:00+00:00,2,1.256627
719313,DOGEUSDT,2024-11-08 21:45:00+00:00,0,1.195287
715060,DOGEUSDT,2024-09-25 14:30:00+00:00,5,1.2383803
663988,DOGEUSDT,2023-04-12 14:30:00+00:00,0,1.2063833
708045,DOGEUSDT,2024-07-14 12:45:00+00:00,4,1.1648172
666659,DOGEUSDT,2023-05-10 10:15:00+00:00,2,1.3009992
669173,DOGEUSDT,2023-06-05 14:45:00+00:00,4,1.1361322
656246,DOGEUSDT,2023-01-21 23:00:00+00:00,4,1.2675058
696487,DOGEUSDT,2024-03-16 03:15:00+00:00,8,1.2427998
692340,DOGEUSDT,2024-02-01 22:30:00+00:00,8,1.3003162
700647,DOGEUSDT,2024-04-28 11:15:00+00:00,1,1.3930513
695213,DOGEUSDT,2024-03-02 20:45:00+00:00,3,1.313597
658483,DOGEUSDT,2023-02-14 06:15:00+00:00,1,1.2664971
664688,DOGEUSDT,2023-04-19 21:30:00+00:00,7,1.1917316
664056,DOGEUSDT,2023-04-13 07:30:00+00:00,1,1.1664363
655944,DOGEUSDT,2023-01-18 19:30:00+00:00,8,1.3044337
711841,DOGEUSDT,2024-08-23 01:45:00+00:00,0,1.3843937
700778,DOGEUSDT,2024-04-29 20:00:00+00:00,4,1.2291229
678675,DOGEUSDT,2023-09-12 14:15:00+00:00,0,1.2361195
694615,DOGEUSDT,2024-02-25 15:15:00+00:00,0,1.1863695
711710,DOGEUSDT,2024-08-21 17:00:00+00:00,3,1.104585
713321,DOGEUSDT,2024-09-07 11:45:00+00:00,9,1.2821528
709171,DOGEUSDT,2024-07-26 06:15:00+00:00,9,1.3559676
675706,DOGEUSDT,2023-08-12 16:00:00+00:00,8,1.2070137
698361,DOGEUSDT,2024-04-04 15:45:00+00:00,2,1.2118931
697217,DOGEUSDT,2024-03-23 17:45:00+00:00,0,1.1878601
681905,DOGEUSDT,2023-10-16 05:45:00+00:00,0,1.2431628
683982,DOGEUSDT,2023-11-06 21:00:00+00:00,5,1.2367023
688919,DOGEUSDT,2023-12-28 07:15:00+00:00,4,1.172681
702156,DOGEUSDT,2024-05-14 04:30:00+00:00,1,1.2818457
688924,DOGEUSDT,2023-12-28 08:30:00+00:00,8,1.263291
709078,DOGEUSDT,2024-07-25 07:00:00+00:00,3,1.1712977
688073,DOGEUSDT,2023-12-19 11:45:00+00:00,2,1.2500899
659434,DOGEUSDT,2023-02-24 04:00:00+00:00,1,1.1586044
705600,DOGEUSDT,2024-06-19 01:30:00+00:00,0,1.3139889
719040,DOGEUSDT,2024-11-06 01:30:00+00:00,0,1.2534887
701643,DOGEUSDT,2024-05-08 20:15:00+00:00,4,1.1632837
700824,DOGEUSDT,2024-04-30 07:30:00+00:00,2,1.1881716
709865,DOGEUSDT,2024-08-02 11:45:00+00:00,1,1.188919
664758,DOGEUSDT,2023-04-20 15:00:00+00:00,4,1.171949
675170,DOGEUSDT,2023-08-07 02:00:00+00:00,3,1.1681048
681130,DOGEUSDT,2023-10-08 04:00:00+00:00,1,1.296233
721262,DOGEUSDT,2024-11-29 05:00:00+00:00,1,1.1931854
697105,DOGEUSDT,2024-03-22 13:45:00+00:00,4,1.1154772
706490,DOGEUSDT,2024-06-28 08:00:00+00:00,2,1.338766
662847,DOGEUSDT,2023-03-31 17:15:00+00:00,0,1.2278194
669518,DOGEUSDT,2023-06-09 05:00:00+00:00,3,1.2626213
659637,DOGEUSDT,2023-02-26 06:45:00+00:00,2,1.1982732
692524,DOGEUSDT,2024-02-03 20:30:00+00:00,6,1.2738614
691209,DOGEUSDT,2024-01-21 03:45:00+00:00,8,1.342173
717544,DOGEUSDT,2024-10-21 11:30:00+00:00,4,1.1565151
697358,DOGEUSDT,2024-03-25 05:00:00+00:00,3,1.2445707
714000,DOGEUSDT,2024-09-14 13:30:00+00:00,4,1.2526779
677971,DOGEUSDT,2023-09-05 06:15:00+00:00,0,1.1848346
712468,DOGEUSDT,2024-08-29 14:30:00+00:00,0,1.2659802
699027,DOGEUSDT,2024-04-11 14:15:00+00:00,4,1.1641871
655541,DOGEUSDT,2023-01-14 14:45:00+00:00,3,1.3028198
700122,DOGEUSDT,2024-04-23 00:00:00+00:00,6,1.2838421
673823,DOGEUSDT,2023-07-24 01:15:00+00:00,7,1.1734501
689446,DOGEUSDT,2024-01-02 19:00:00+00:00,3,1.219406
701693,DOGEUSDT,2024-05-09 08:45:00+00:00,4,1.2665434
720157,DOGEUSDT,2024-11-17 16:45:00+00:00,8,1.189965
705420,DOGEUSDT,2024-06-17 04:30:00+00:00,4,1.1447312
654878,DOGEUSDT,2023-01-07 17:00:00+00:00,5,1.3503836
705224,DOGEUSDT,2024-06-15 03:30:00+00:00,1,1.1774458
656603,DOGEUSDT,2023-01-25 16:15:00+00:00,5,1.226682
690115,DOGEUSDT,2024-01-09 18:15:00+00:00,0,1.2959343
715872,DOGEUSDT,2024-10-04 01:30:00+00:00,0,1.1968558
675810,DOGEUSDT,2023-08-13 18:00:00+00:00,3,1.2641389
706744,DOGEUSDT,2024-06-30 23:30:00+00:00,9,1.2439184
662244,DOGEUSDT,2023-03-25 10:30:00+00:00,1,1.250479
685678,DOGEUSDT,2023-11-24 13:00:00+00:00,5,1.2663133
673013,DOGEUSDT,2023-07-15 14:45:00+00:00,8,1.295492
718398,DOGEUSDT,2024-10-30 09:00:00+00:00,4,1.1997501
682250,DOGEUSDT,2023-10-19 20:00:00+00:00,9,1.2046077
655110,DOGEUSDT,2023-01-10 03:00:00+00:00,4,1.26307
687846,DOGEUSDT,2023-12-17 03:00:00+00:00,8,1.0901471
654499,DOGEUSDT,2023-01-03 18:15:00+00:00,4,1.1851636
705357,DOGEUSDT,2024-06-16 12:45:00+00:00,7,1.1954987
712708,DOGEUSDT,2024-09-01 02:30:00+00:00,4,1.1947675
695446,DOGEUSDT,2024-03-05 07:00:00+00:00,8,1.2151675
722541,DOGEUSDT,2024-12-12 12:45:00+00:00,1,1.1916709
712010,DOGEUSDT,2024-08-24 20:00:00+00:00,0,1.1812892
699620,DOGEUSDT,2024-04-17 18:30:00+00:00,3,1.2461112
713752,DOGEUSDT,2024-09-11 23:30:00+00:00,2,1.3516939
660706,DOGEUSDT,2023-03-09 10:00:00+00:00,2,1.1806937
669752,DOGEUSDT,2023-06-11 15:30:00+00:00,8,1.1178651
705079,DOGEUSDT,2024-06-13 15:15:00+00:00,4,1.1481614
656416,DOGEUSDT,2023-01-23 17:30:00+00:00,3,1.2056775
665188,DOGEUSDT,2023-04-25 02:30:00+00:00,2,1.1768545
661777,DOGEUSDT,2023-03-20 13:45:00+00:00,4,1.1453389
664141,DOGEUSDT,2023-04-14 04:45:00+00:00,9,1.2434549
668699,DOGEUSDT,2023-05-31 16:15:00+00:00,3,1.2338942
667058,DOGEUSDT,2023-05-14 14:00:00+00:00,0,1.2733325
673416,DOGEUSDT,2023-07-19 19:30:00+00:00,0,1.3190897
707755,DOGEUSDT,2024-07-11 12:15:00+00:00,9,1.3828588
722885,DOGEUSDT,2024-12-16 02:45:00+00:00,5,1.229313
689006,DOGEUSDT,2023-12-29 05:00:00+00:00,3,1.2258658
710305,DOGEUSDT,2024-08-07 01:45:00+00:00,0,1.3287276
684571,DOGEUSDT,2023-11-13 00:15:00+00:00,8,1.2530134
666997,DOGEUSDT,2023-05-13 22:45:00+00:00,8,1.3436409
722155,DOGEUSDT,2024-12-08 12:15:00+00:00,3,1.2951024
698148,DOGEUSDT,2024-04-02 10:30:00+00:00,3,1.2494144
716948,DOGEUSDT,2024-10-15 06:30:00+00:00,4,1.1917723
717310,DOGEUSDT,2024-10-19 01:00:00+00:00,0,1.3042214
672295,DOGEUSDT,2023-07-08 03:15:00+00:00,8,1.3122412
674135,DOGEUSDT,2023-07-27 07:15:00+00:00,2,1.2163373
700387,DOGEUSDT,2024-04-25 18:15:00+00:00,9,1.1799927
684946,DOGEUSDT,2023-11-16 22:00:00+00:00,6,1.2110959
718536,DOGEUSDT,2024-10-31 19:30:00+00:00,7,1.2313777
684446,DOGEUSDT,2023-11-11 17:00:00+00:00,8,1.1303334
668233,DOGEUSDT,2023-05-26 19:45:00+00:00,1,1.3016019
713427,DOGEUSDT,2024-09-08 14:15:00+00:00,4,1.2024119
723159,DOGEUSDT,2024-12-18 23:15:00+00:00,4,1.2160091
670542,DOGEUSDT,2023-06-19 21:00:00+00:00,3,1.3007413
664352,DOGEUSDT,2023-04-16 09:30:00+00:00,8,1.2677836
719812,DOGEUSDT,2024-11-14 02:30:00+00:00,2,1.2069378
708873,DOGEUSDT,2024-07-23 03:45:00+00:00,2,1.2348408
674931,DOGEUSDT,2023-08-04 14:15:00+00:00,5,1.1395185
696859,DOGEUSDT,2024-03-20 00:15:00+00:00,4,1.2826707
677204,DOGEUSDT,2023-08-28 06:30:00+00:00,4,1.2195646
692252,DOGEUSDT,2024-02-01 00:30:00+00:00,3,1.2957286
671055,DOGEUSDT,2023-06-25 05:15:00+00:00,0,1.3034018
678586,DOGEUSDT,2023-09-11 16:00:00+00:00,3,1.1904471
667449,DOGEUSDT,2023-05-18 15:45:00+00:00,4,1.134843
678890,DOGEUSDT,2023-09-14 20:00:00+00:00,0,1.1799589
713528,DOGEUSDT,2024-09-09 15:30:00+00:00,0,1.2914625
690310,DOGEUSDT,2024-01-11 19:00:00+00:00,8,1.1579977
679831,DOGEUSDT,2023-09-24 15:15:00+00:00,0,1.2187328
655319,DOGEUSDT,2023-01-12 07:15:00+00:00,8,1.4060951
679512,DOGEUSDT,2023-09-21 07:30:00+00:00,2,1.2656962
696035,DOGEUSDT,2024-03-11 10:15:00+00:00,0,1.269889
695163,DOGEUSDT,2024-03-02 08:15:00+00:00,0,1.2629825
705327,DOGEUSDT,2024-06-16 05:15:00+00:00,4,1.2113084
699289,DOGEUSDT,2024-04-14 07:45:00+00:00,3,1.3287389
707165,DOGEUSDT,2024-07-05 08:45:00+00:00,4,1.2985617
670214,DOGEUSDT,2023-06-16 11:00:00+00:00,2,1.162075
684723,DOGEUSDT,2023-11-14 14:15:00+00:00,3,1.2074546
714474,DOGEUSDT,2024-09-19 12:00:00+00:00,1,1.3513144
655393,DOGEUSDT,2023-01-13 01:45:00+00:00,8,1.2243509
693295,DOGEUSDT,2024-02-11 21:15:00+00:00,4,1.1881632
700706,DOGEUSDT,2024-04-29 02:00:00+00:00,4,1.2140808
714311,DOGEUSDT,2024-09-17 19:15:00+00:00,8,1.2920917
690175,DOGEUSDT,2024-01-10 09:15:00+00:00,2,1.1442671
714692,DOGEUSDT,2024-09-21 18:30:00+00:00,8,1.3076004
655243,DOGEUSDT,2023-01-11 12:15:00+00:00,2,1.0845942
699222,DOGEUSDT,2024-04-13 15:00:00+00:00,8,1.1553366
655174,DOGEUSDT,2023-01-10 19:00:00+00:00,6,1.2246865
669203,DOGEUSDT,2023-06-05 22:15:00+00:00,3,1.3620054
654548,DOGEUSDT,2023-01-04 06:30:00+00:00,9,1.3742565
675111,DOGEUSDT,2023-08-06 11:15:00+00:00,4,1.1991055
716609,DOGEUSDT,2024-10-11 17:45:00+00:00,0,1.3143481
685531,DOGEUSDT,2023-11-23 00:15:00+00:00,9,1.3795592
675831,DOGEUSDT,2023-08-13 23:15:00+00:00,4,1.2252762
688276,DOGEUSDT,2023-12-21 14:30:00+00:00,4,1.1679547
717194,DOGEUSDT,2024-10-17 20:00:00+00:00,0,1.1855111
660941,DOGEUSDT,2023-03-11 20:45:00+00:00,0,1.1488433
704002,DOGEUSDT,2024-06-02 10:00:00+00:00,7,1.1275407
695837,DOGEUSDT,2024-03-09 08:45:00+00:00,5,1.2362466
678377,DOGEUSDT,2023-09-09 11:45:00+00:00,1,1.282884
659579,DOGEUSDT,2023-02-25 16:15:00+00:00,5,1.2377205
672720,DOGEUSDT,2023-07-12 13:30:00+00:00,7,1.2359341
667073,DOGEUSDT,2023-05-14 17:45:00+00:00,7,1.2450995
682753,DOGEUSDT,2023-10-25 01:45:00+00:00,1,1.2023363
692642,DOGEUSDT,2024-02-05 02:00:00+00:00,4,1.1423945
709998,DOGEUSDT,2024-08-03 21:00:00+00:00,7,1.1068958
701824,DOGEUSDT,2024-05-10 17:30:00+00:00,4,1.0419595
691454,DOGEUSDT,2024-01-23 17:00:00+00:00,5,1.3602998
690636,DOGEUSDT,2024-01-15 04:30:00+00:00,3,1.2521772
688143,DOGEUSDT,2023-12-20 05:15:00+00:00,9,1.1942937
716054,DOGEUSDT,2024-10-05 23:00:00+00:00,0,1.2071514
667135,DOGEUSDT,2023-05-15 09:15:00+00:00,9,1.273091
719832,DOGEUSDT,2024-11-14 07:30:00+00:00,1,1.3316082
676971,DOGEUSDT,2023-08-25 20:15:00+00:00,6,1.2631962
707389,DOGEUSDT,2024-07-07 16:45:00+00:00,3,1.2368498
691636,DOGEUSDT,2024-01-25 14:30:00+00:00,3,1.3612976
654382,DOGEUSDT,2023-01-02 13:00:00+00:00,9,1.2405441
675858,DOGEUSDT,2023-08-14 06:00:00+00:00,3,1.1492456
679563,DOGEUSDT,2023-09-21 20:15:00+00:00,2,1.2180467
680477,DOGEUSDT,2023-10-01 08:45:00+00:00,1,1.2474365
670853,DOGEUSDT,2023-06-23 02:45:00+00:00,1,1.1815476
667430,DOGEUSDT,2023-05-18 11:00:00+00:00,3,1.2703247
661720,DOGEUSDT,2023-03-19 23:30:00+00:00,8,1.167611
662760,DOGEUSDT,2023-03-30 19:30:00+00:00,1,1.2818751
712562,DOGEUSDT,2024-08-30 14:00:00+00:00,4,1.2141087
684267,DOGEUSDT,2023-11-09 20:15:00+00:00,3,1.2526225
713804,DOGEUSDT,2024-09-12 12:30:00+00:00,1,1.2905
660391,DOGEUSDT,2023-03-06 03:15:00+00:00,7,1.1431098
667026,DOGEUSDT,2023-05-14 06:00:00+00:00,3,1.282717
671542,DOGEUSDT,2023-06-30 07:00:00+00:00,9,1.3725138
691141,DOGEUSDT,2024-01-20 10:45:00+00:00,9,1.2274292
680035,DOGEUSDT,2023-09-26 18:15:00+00:00,7,1.069531
706838,DOGEUSDT,2024-07-01 23:00:00+00:00,4,1.150195
688242,DOGEUSDT,2023-12-21 06:00:00+00:00,2,1.2045537
690979,DOGEUSDT,2024-01-18 18:15:00+00:00,4,1.1902981
686225,DOGEUSDT,2023-11-30 05:45:00+00:00,9,1.1402906
677659,DOGEUSDT,2023-09-02 00:15:00+00:00,9,1.2750797
662415,DOGEUSDT,2023-03-27 05:15:00+00:00,5,1.245555
685619,DOGEUSDT,2023-11-23 22:15:00+00:00,9,1.2037542
656928,DOGEUSDT,2023-01-29 01:30:00+00:00,0,1.1661185
659465,DOGEUSDT,2023-02-24 11:45:00+00:00,8,1.2220644
703908,DOGEUSDT,2024-06-01 10:30:00+00:00,1,1.2035673
695518,DOGEUSDT,2024-03-06 01:00:00+00:00,3,1.2511762
664006,DOGEUSDT,2023-04-12 19:00:00+00:00,9,1.2788646
696441,DOGEUSDT,2024-03-15 15:45:00+00:00,3,1.3261592
702498,DOGEUSDT,2024-05-17 18:00:00+00:00,0,1.298383
691904,DOGEUSDT,2024-01-28 09:30:00+00:00,8,1.2870421
703717,DOGEUSDT,2024-05-30 10:45:00+00:00,3,1.4100655
686641,DOGEUSDT,2023-12-04 13:45:00+00:00,4,1.245182
714558,DOGEUSDT,2024-09-20 09:00:00+00:00,8,1.2382313
673955,DOGEUSDT,2023-07-25 10:15:00+00:00,9,1.2064986
676037,DOGEUSDT,2023-08-16 02:45:00+00:00,2,1.3553241
712596,DOGEUSDT,2024-08-30 22:30:00+00:00,6,1.2769074
682375,DOGEUSDT,2023-10-21 03:15:00+00:00,4,1.1932238
704807,DOGEUSDT,2024-06-10 19:15:00+00:00,8,1.1694225
721052,DOGEUSDT,2024-11-27 00:30:00+00:00,0,1.1944224
704315,DOGEUSDT,2024-06-05 16:15:00+00:00,0,1.188169
724169,DOGEUSDT,2024-12-29 11:45:00+00:00,2,1.2171606
700825,DOGEUSDT,2024-04-30 07:45:00+00:00,2,1.1719735
710236,DOGEUSDT,2024-08-06 08:30:00+00:00,2,1.2526146
660502,DOGEUSDT,2023-03-07 07:00:00+00:00,8,1.2271093
712517,DOGEUSDT,2024-08-30 02:45:00+00:00,9,1.1211624
665164,DOGEUSDT,2023-04-24 20:30:00+00:00,3,1.2785398
659018,DOGEUSDT,2023-02-19 20:00:00+00:00,8,1.2265443
675153,DOGEUSDT,2023-08-06 21:45:00+00:00,9,1.1752735
686081,DOGEUSDT,2023-11-28 17:45:00+00:00,0,1.1154759
691396,DOGEUSDT,2024-01-23 02:30:00+00:00,2,1.1685205
716144,DOGEUSDT,2024-10-06 21:30:00+00:00,8,1.2643676
669513,DOGEUSDT,2023-06-09 03:45:00+00:00,1,1.2571927
715879,DOGEUSDT,2024-10-04 03:15:00+00:00,1,1.2175404
673954,DOGEUSDT,2023-07-25 10:00:00+00:00,9,1.1308067
694668,DOGEUSDT,2024-02-26 04:30:00+00:00,7,1.2206751
674845,DOGEUSDT,2023-08-03 16:45:00+00:00,0,1.1791036
687122,DOGEUSDT,2023-12-09 14:00:00+00:00,4,1.2051247
701247,DOGEUSDT,2024-05-04 17:15:00+00:00,8,1.1465734
682245,DOGEUSDT,2023-10-19 18:45:00+00:00,0,1.2194545
688474,DOGEUSDT,2023-12-23 16:00:00+00:00,6,1.231702
657863,DOGEUSDT,2023-02-07 19:15:00+00:00,7,1.1984925
697310,DOGEUSDT,2024-03-24 17:00:00+00:00,7,1.1703341
669965,DOGEUSDT,2023-06-13 20:45:00+00:00,3,1.3091733
696727,DOGEUSDT,2024-03-18 15:15:00+00:00,4,1.136524
680843,DOGEUSDT,2023-10-05 04:15:00+00:00,2,1.2026534
662820,DOGEUSDT,2023-03-31 10:30:00+00:00,1,1.1747938
678270,DOGEUSDT,2023-09-08 09:00:00+00:00,2,1.2889965
679194,DOGEUSDT,2023-09-18 00:00:00+00:00,7,1.3226463
685090,DOGEUSDT,2023-11-18 10:00:00+00:00,1,1.2599152
716281,DOGEUSDT,2024-10-08 07:45:00+00:00,4,1.1246811
670728,DOGEUSDT,2023-06-21 19:30:00+00:00,9,1.2549828
663683,DOGEUSDT,2023-04-09 10:15:00+00:00,7,1.1583731
698645,DOGEUSDT,2024-04-07 14:45:00+00:00,0,1.1377825
681022,DOGEUSDT,2023-10-07 01:00:00+00:00,0,1.173827
689299,DOGEUSDT,2024-01-01 06:15:00+00:00,4,1.260815
703161,DOGEUSDT,2024-05-24 15:45:00+00:00,0,1.3357285
716896,DOGEUSDT,2024-10-14 17:30:00+00:00,2,1.3019158
712339,DOGEUSDT,2024-08-28 06:15:00+00:00,2,1.2735093
688408,DOGEUSDT,2023-12-22 23:30:00+00:00,1,1.1339773
692479,DOGEUSDT,2024-02-03 09:15:00+00:00,4,1.1967134
709619,DOGEUSDT,2024-07-30 22:15:00+00:00,3,1.2293061
720316,DOGEUSDT,2024-11-19 08:30:00+00:00,4,1.1862123
676095,DOGEUSDT,2023-08-16 17:15:00+00:00,3,1.1897552
709250,DOGEUSDT,2024-07-27 02:00:00+00:00,8,1.2278441
723564,DOGEUSDT,2024-12-23 04:30:00+00:00,3,1.3466872
703190,DOGEUSDT,2024-05-24 23:00:00+00:00,1,1.2865397
673311,DOGEUSDT,2023-07-18 17:15:00+00:00,7,1.1484748
691441,DOGEUSDT,2024-01-23 13:45:00+00:00,7,1.2963805
688364,DOGEUSDT,2023-12-22 12:30:00+00:00,2,1.2541895
667434,DOGEUSDT,2023-05-18 12:00:00+00:00,1,1.194457
656708,DOGEUSDT,2023-01-26 18:30:00+00:00,5,1.142644
678530,DOGEUSDT,2023-09-11 02:00:00+00:00,8,1.1845964
655926,DOGEUSDT,2023-01-18 15:00:00+00:00,0,1.1729416
671179,DOGEUSDT,2023-06-26 12:15:00+00:00,2,1.1579931
692820,DOGEUSDT,2024-02-06 22:30:00+00:00,9,1.3041649
686364,DOGEUSDT,2023-12-01 16:30:00+00:00,3,1.2588818
699429,DOGEUSDT,2024-04-15 18:45:00+00:00,3,1.3120934
687518,DOGEUSDT,2023-12-13 17:00:00+00:00,4,1.279609
690559,DOGEUSDT,2024-01-14 09:15:00+00:00,0,1.234503
656670,DOGEUSDT,2023-01-26 09:00:00+00:00,8,1.2051116
692228,DOGEUSDT,2024-01-31 18:30:00+00:00,0,1.2711139
712717,DOGEUSDT,2024-09-01 04:45:00+00:00,7,1.1830577
660266,DOGEUSDT,2023-03-04 20:00:00+00:00,7,1.0644381
712773,DOGEUSDT,2024-09-01 18:45:00+00:00,3,1.2478405
655375,DOGEUSDT,2023-01-12 21:15:00+00:00,0,1.1826408
671759,DOGEUSDT,2023-07-02 13:15:00+00:00,2,1.1697524
687336,DOGEUSDT,2023-12-11 19:30:00+00:00,7,1.3389926
692312,DOGEUSDT,2024-02-01 15:30:00+00:00,1,1.4042628
669393,DOGEUSDT,2023-06-07 21:45:00+00:00,4,1.1566497
681486,DOGEUSDT,2023-10-11 21:00:00+00:00,3,1.2129447
661017,DOGEUSDT,2023-03-12 15:45:00+00:00,4,1.1944294
691217,DOGEUSDT,2024-01-21 05:45:00+00:00,8,1.2515244
716263,DOGEUSDT,2024-10-08 03:15:00+00:00,7,1.240111
700981,DOGEUSDT,2024-05-01 22:45:00+00:00,8,1.2514471
672580,DOGEUSDT,2023-07-11 02:30:00+00:00,8,1.3188169
691291,DOGEUSDT,2024-01-22 00:15:00+00:00,2,1.3275797
719573,DOGEUSDT,2024-11-11 14:45:00+00:00,9,1.2886641
691347,DOGEUSDT,2024-01-22 14:15:00+00:00,0,1.2075381
666085,DOGEUSDT,2023-05-04 10:45:00+00:00,1,1.1784074
682489,DOGEUSDT,2023-10-22 07:45:00+00:00,4,1.197159
654475,DOGEUSDT,2023-01-03 12:15:00+00:00,4,1.2050946
677994,DOGEUSDT,2023-09-05 12:00:00+00:00,9,1.224199
662425,DOGEUSDT,2023-03-27 07:45:00+00:00,2,1.2643049
670970,DOGEUSDT,2023-06-24 08:00:00+00:00,2,1.3032078
671149,DOGEUSDT,2023-06-26 04:45:00+00:00,7,1.1780765
707073,DOGEUSDT,2024-07-04 09:45:00+00:00,4,1.29308
686726,DOGEUSDT,2023-12-05 11:00:00+00:00,2,1.2598557
678087,DOGEUSDT,2023-09-06 11:15:00+00:00,7,1.3614721
678799,DOGEUSDT,2023-09-13 21:15:00+00:00,9,1.3927548
713036,DOGEUSDT,2024-09-04 12:30:00+00:00,8,1.3492749
658281,DOGEUSDT,2023-02-12 03:45:00+00:00,8,1.226122
659952,DOGEUSDT,2023-03-01 13:30:00+00:00,4,1.1848574
714259,DOGEUSDT,2024-09-17 06:15:00+00:00,0,1.2832297
682113,DOGEUSDT,2023-10-18 09:45:00+00:00,9,1.3580297
677013,DOGEUSDT,2023-08-26 06:45:00+00:00,1,1.2340337
700160,DOGEUSDT,2024-04-23 09:30:00+00:00,3,1.2118946
702670,DOGEUSDT,2024-05-19 13:00:00+00:00,7,1.1075071
682224,DOGEUSDT,2023-10-19 13:30:00+00:00,1,1.1545907
712319,DOGEUSDT,2024-08-28 01:15:00+00:00,7,1.2800916
656824,DOGEUSDT,2023-01-27 23:30:00+00:00,6,1.2232989
714816,DOGEUSDT,2024-09-23 01:30:00+00:00,0,1.3535075
708293,DOGEUSDT,2024-07-17 02:45:00+00:00,3,1.2444838
658310,DOGEUSDT,2023-02-12 11:00:00+00:00,0,1.3638217
665485,DOGEUSDT,2023-04-28 04:45:00+00:00,1,1.2532586
713047,DOGEUSDT,2024-09-04 15:15:00+00:00,0,1.2268672
687239,DOGEUSDT,2023-12-10 19:15:00+00:00,0,1.2930869
705837,DOGEUSDT,2024-06-21 12:45:00+00:00,4,1.1999081
679609,DOGEUSDT,2023-09-22 07:45:00+00:00,1,1.1769407
664013,DOGEUSDT,2023-04-12 20:45:00+00:00,1,1.3009408
682153,DOGEUSDT,2023-10-18 19:45:00+00:00,7,1.2402912
717899,DOGEUSDT,2024-10-25 04:15:00+00:00,8,1.21176
715385,DOGEUSDT,2024-09-28 23:45:00+00:00,8,1.1124996
723570,DOGEUSDT,2024-12-23 06:00:00+00:00,3,1.2251567
682155,DOGEUSDT,2023-10-18 20:15:00+00:00,4,1.1875198
665127,DOGEUSDT,2023-04-24 11:15:00+00:00,2,1.1681607
718405,DOGEUSDT,2024-10-30 10:45:00+00:00,2,1.3360535
701846,DOGEUSDT,2024-05-10 23:00:00+00:00,8,1.178229
676435,DOGEUSDT,2023-08-20 06:15:00+00:00,8,1.2758763
692954,DOGEUSDT,2024-02-08 08:00:00+00:00,1,1.2055308
711883,DOGEUSDT,2024-08-23 12:15:00+00:00,4,1.177758
717964,DOGEUSDT,2024-10-25 20:30:00+00:00,3,1.2323294
722924,DOGEUSDT,2024-12-16 12:30:00+00:00,7,1.2348732
682692,DOGEUSDT,2023-10-24 10:30:00+00:00,3,1.3044047
702709,DOGEUSDT,2024-05-19 22:45:00+00:00,3,1.211412
665346,DOGEUSDT,2023-04-26 18:00:00+00:00,8,1.2801914
680860,DOGEUSDT,2023-10-05 08:30:00+00:00,1,1.2466458
703344,DOGEUSDT,2024-05-26 13:30:00+00:00,4,1.1301785
712570,DOGEUSDT,2024-08-30 16:00:00+00:00,4,1.1820886
675654,DOGEUSDT,2023-08-12 03:00:00+00:00,0,1.1980836
667244,DOGEUSDT,2023-05-16 12:30:00+00:00,2,1.303786
671818,DOGEUSDT,2023-07-03 04:00:00+00:00,2,1.1685127
668539,DOGEUSDT,2023-05-30 00:15:00+00:00,2,1.2644147
662262,DOGEUSDT,2023-03-25 15:00:00+00:00,8,1.1863818
707641,DOGEUSDT,2024-07-10 07:45:00+00:00,2,1.2855052
660516,DOGEUSDT,2023-03-07 10:30:00+00:00,7,1.2244171
687807,DOGEUSDT,2023-12-16 17:15:00+00:00,5,1.2231224
674197,DOGEUSDT,2023-07-27 22:45:00+00:00,3,1.1535547
670674,DOGEUSDT,2023-06-21 06:00:00+00:00,0,1.1829294
675692,DOGEUSDT,2023-08-12 12:30:00+00:00,1,1.2012393
692472,DOGEUSDT,2024-02-03 07:30:00+00:00,8,1.2498472
678543,DOGEUSDT,2023-09-11 05:15:00+00:00,3,1.2580197
707336,DOGEUSDT,2024-07-07 03:30:00+00:00,4,1.2523518
657395,DOGEUSDT,2023-02-02 22:15:00+00:00,4,1.2219273
712342,DOGEUSDT,2024-08-28 07:00:00+00:00,2,1.2262167
686243,DOGEUSDT,2023-11-30 10:15:00+00:00,0,1.1723652
718804,DOGEUSDT,2024-11-03 14:30:00+00:00,4,1.0918914
701803,DOGEUSDT,2024-05-10 12:15:00+00:00,5,1.3068928
655607,DOGEUSDT,2023-01-15 07:15:00+00:00,2,1.185569
681651,DOGEUSDT,2023-10-13 14:15:00+00:00,0,1.3817983
655359,DOGEUSDT,2023-01-12 17:15:00+00:00,3,1.1732613
690203,DOGEUSDT,2024-01-10 16:15:00+00:00,2,1.3574742
706491,DOGEUSDT,2024-06-28 08:15:00+00:00,8,1.326839
677360,DOGEUSDT,2023-08-29 21:30:00+00:00,8,1.2193396
721943,DOGEUSDT,2024-12-06 07:15:00+00:00,1,1.1788211
711950,DOGEUSDT,2024-08-24 05:00:00+00:00,8,1.2407769
698086,DOGEUSDT,2024-04-01 19:00:00+00:00,3,1.1598257
719432,DOGEUSDT,2024-11-10 03:30:00+00:00,9,1.142224
699910,DOGEUSDT,2024-04-20 19:00:00+00:00,0,1.3873347
690272,DOGEUSDT,2024-01-11 09:30:00+00:00,1,1.1968467
709609,DOGEUSDT,2024-07-30 19:45:00+00:00,7,1.1262895
661878,DOGEUSDT,2023-03-21 15:00:00+00:00,0,1.2708657
711220,DOGEUSDT,2024-08-16 14:30:00+00:00,4,1.1965803
655924,DOGEUSDT,2023-01-18 14:30:00+00:00,0,1.183101
690060,DOGEUSDT,2024-01-09 04:30:00+00:00,8,1.2624758
701025,DOGEUSDT,2024-05-02 09:45:00+00:00,1,1.2371169
661797,DOGEUSDT,2023-03-20 18:45:00+00:00,4,1.136307
684445,DOGEUSDT,2023-11-11 16:45:00+00:00,5,1.1620489
686627,DOGEUSDT,2023-12-04 10:15:00+00:00,4,1.2151124
682575,DOGEUSDT,2023-10-23 05:15:00+00:00,0,1.1726294
657251,DOGEUSDT,2023-02-01 10:15:00+00:00,2,1.3124241
680415,DOGEUSDT,2023-09-30 17:15:00+00:00,0,1.271622
696195,DOGEUSDT,2024-03-13 02:15:00+00:00,1,1.1400329
719749,DOGEUSDT,2024-11-13 10:45:00+00:00,1,1.2682315
710041,DOGEUSDT,2024-08-04 07:45:00+00:00,8,1.1829585
708798,DOGEUSDT,2024-07-22 09:00:00+00:00,4,1.222014
660053,DOGEUSDT,2023-03-02 14:45:00+00:00,4,1.1353521
715611,DOGEUSDT,2024-10-01 08:15:00+00:00,1,1.2459742
660454,DOGEUSDT,2023-03-06 19:00:00+00:00,9,1.3172759
712514,DOGEUSDT,2024-08-30 02:00:00+00:00,0,1.2468112
716233,DOGEUSDT,2024-10-07 19:45:00+00:00,4,1.1145043
665274,DOGEUSDT,2023-04-26 00:00:00+00:00,9,1.1959914
686527,DOGEUSDT,2023-12-03 09:15:00+00:00,1,1.2879807
683203,DOGEUSDT,2023-10-29 18:15:00+00:00,0,1.1425246
705392,DOGEUSDT,2024-06-16 21:30:00+00:00,3,1.294809
688014,DOGEUSDT,2023-12-18 21:00:00+00:00,9,1.2297208
712007,DOGEUSDT,2024-08-24 19:15:00+00:00,0,1.1593183
661225,DOGEUSDT,2023-03-14 19:45:00+00:00,4,1.1307137
714341,DOGEUSDT,2024-09-18 02:45:00+00:00,2,1.1990666
691570,DOGEUSDT,2024-01-24 22:00:00+00:00,1,1.2643635
696163,DOGEUSDT,2024-03-12 18:15:00+00:00,7,1.2371293
700433,DOGEUSDT,2024-04-26 05:45:00+00:00,3,1.2102814
701257,DOGEUSDT,2024-05-04 19:45:00+00:00,6,1.1779739
682386,DOGEUSDT,2023-10-21 06:00:00+00:00,1,1.2579668
684751,DOGEUSDT,2023-11-14 21:15:00+00:00,3,1.2956963
660817,DOGEUSDT,2023-03-10 13:45:00+00:00,3,1.263856
676137,DOGEUSDT,2023-08-17 03:45:00+00:00,3,1.2515837
684146,DOGEUSDT,2023-11-08 14:00:00+00:00,8,1.2181118
720667,DOGEUSDT,2024-11-23 00:15:00+00:00,0,1.3283216
655833,DOGEUSDT,2023-01-17 15:45:00+00:00,4,1.1290944
689363,DOGEUSDT,2024-01-01 22:15:00+00:00,9,1.2493887
706078,DOGEUSDT,2024-06-24 01:00:00+00:00,8,1.3067075
696759,DOGEUSDT,2024-03-18 23:15:00+00:00,0,1.2190307
665623,DOGEUSDT,2023-04-29 15:15:00+00:00,5,1.2066832
672196,DOGEUSDT,2023-07-07 02:30:00+00:00,1,1.2537494
687371,DOGEUSDT,2023-12-12 04:15:00+00:00,0,1.3204396
713044,DOGEUSDT,2024-09-04 14:30:00+00:00,5,1.2350647
662300,DOGEUSDT,2023-03-26 00:30:00+00:00,3,1.3249663
658100,DOGEUSDT,2023-02-10 06:30:00+00:00,1,1.2438288
687678,DOGEUSDT,2023-12-15 09:00:00+00:00,1,1.2482455
720947,DOGEUSDT,2024-11-25 22:15:00+00:00,7,1.1342609
673601,DOGEUSDT,2023-07-21 17:45:00+00:00,8,1.341055
673390,DOGEUSDT,2023-07-19 13:00:00+00:00,0,1.2282678
694388,DOGEUSDT,2024-02-23 06:30:00+00:00,2,1.3012353
676775,DOGEUSDT,2023-08-23 19:15:00+00:00,9,1.205867
673668,DOGEUSDT,2023-07-22 10:30:00+00:00,4,1.088609
690282,DOGEUSDT,2024-01-11 12:00:00+00:00,0,1.3063083
712147,DOGEUSDT,2024-08-26 06:15:00+00:00,7,1.3391259
711908,DOGEUSDT,2024-08-23 18:30:00+00:00,0,1.2051945
704853,DOGEUSDT,2024-06-11 06:45:00+00:00,7,1.3242743
671777,DOGEUSDT,2023-07-02 17:45:00+00:00,0,1.2595892
659707,DOGEUSDT,2023-02-27 00:15:00+00:00,7,1.3006281
699666,DOGEUSDT,2024-04-18 06:00:00+00:00,2,1.184602
680901,DOGEUSDT,2023-10-05 18:45:00+00:00,5,1.2882326
710058,DOGEUSDT,2024-08-04 12:00:00+00:00,3,1.2617692
712380,DOGEUSDT,2024-08-28 16:30:00+00:00,4,1.2241689
660518,DOGEUSDT,2023-03-07 11:00:00+00:00,7,1.1173117
723495,DOGEUSDT,2024-12-22 11:15:00+00:00,1,1.2323941
699833,DOGEUSDT,2024-04-19 23:45:00+00:00,0,1.337096
661069,DOGEUSDT,2023-03-13 04:45:00+00:00,8,1.2924132
664441,DOGEUSDT,2023-04-17 07:45:00+00:00,0,1.3600168
704425,DOGEUSDT,2024-06-06 19:45:00+00:00,4,1.0866029
681121,DOGEUSDT,2023-10-08 01:45:00+00:00,0,1.1072848
713281,DOGEUSDT,2024-09-07 01:45:00+00:00,6,1.31609
667992,DOGEUSDT,2023-05-24 07:30:00+00:00,7,1.3217993
701291,DOGEUSDT,2024-05-05 04:15:00+00:00,8,1.2095758
654965,DOGEUSDT,2023-01-08 14:45:00+00:00,0,1.2622348
657177,DOGEUSDT,2023-01-31 15:45:00+00:00,1,1.3064195
660509,DOGEUSDT,2023-03-07 08:45:00+00:00,2,1.2837294
707323,DOGEUSDT,2024-07-07 00:15:00+00:00,8,1.3097341
662313,DOGEUSDT,2023-03-26 03:45:00+00:00,1,1.3243923
665593,DOGEUSDT,2023-04-29 07:45:00+00:00,8,1.2302939
710718,DOGEUSDT,2024-08-11 09:00:00+00:00,9,1.3334327
689867,DOGEUSDT,2024-01-07 04:15:00+00:00,9,1.2366027
691408,DOGEUSDT,2024-01-23 05:30:00+00:00,2,1.1830707
684679,DOGEUSDT,2023-11-14 03:15:00+00:00,1,1.1828595
716238,DOGEUSDT,2024-10-07 21:00:00+00:00,8,1.2252043
696733,DOGEUSDT,2024-03-18 16:45:00+00:00,4,1.2648263
668378,DOGEUSDT,2023-05-28 08:00:00+00:00,1,1.254655
723157,DOGEUSDT,2024-12-18 22:45:00+00:00,4,1.2802918
686593,DOGEUSDT,2023-12-04 01:45:00+00:00,0,1.1260508
720944,DOGEUSDT,2024-11-25 21:30:00+00:00,7,1.1403865
668836,DOGEUSDT,2023-06-02 02:30:00+00:00,6,1.1816893
716199,DOGEUSDT,2024-10-07 11:15:00+00:00,4,1.1626405
678346,DOGEUSDT,2023-09-09 04:00:00+00:00,8,1.3489351
655215,DOGEUSDT,2023-01-11 05:15:00+00:00,8,1.1364853
688587,DOGEUSDT,2023-12-24 20:15:00+00:00,3,1.2278017
717517,DOGEUSDT,2024-10-21 04:45:00+00:00,9,1.1911836
667506,DOGEUSDT,2023-05-19 06:00:00+00:00,3,1.3064829
708461,DOGEUSDT,2024-07-18 20:45:00+00:00,3,1.2796775
688640,DOGEUSDT,2023-12-25 09:30:00+00:00,2,1.1834493
692888,DOGEUSDT,2024-02-07 15:30:00+00:00,0,1.1913354
698482,DOGEUSDT,2024-04-05 22:00:00+00:00,1,1.243447
713196,DOGEUSDT,2024-09-06 04:30:00+00:00,2,1.2012167
710557,DOGEUSDT,2024-08-09 16:45:00+00:00,4,1.2652973
714632,DOGEUSDT,2024-09-21 03:30:00+00:00,1,1.1443079
689919,DOGEUSDT,2024-01-07 17:15:00+00:00,4,1.1884649
719193,DOGEUSDT,2024-11-07 15:45:00+00:00,5,1.2267623
692979,DOGEUSDT,2024-02-08 14:15:00+00:00,0,1.1862524
705022,DOGEUSDT,2024-06-13 01:00:00+00:00,3,1.289044
692245,DOGEUSDT,2024-01-31 22:45:00+00:00,3,1.1790978
712057,DOGEUSDT,2024-08-25 07:45:00+00:00,7,1.2087345
702815,DOGEUSDT,2024-05-21 01:15:00+00:00,9,1.2323558
659294,DOGEUSDT,2023-02-22 17:00:00+00:00,4,1.3840593
680486,DOGEUSDT,2023-10-01 11:00:00+00:00,0,1.1354482
686341,DOGEUSDT,2023-12-01 10:45:00+00:00,9,1.2045264
661114,DOGEUSDT,2023-03-13 16:00:00+00:00,0,1.1584108
676446,DOGEUSDT,2023-08-20 09:00:00+00:00,1,1.1683761
691218,DOGEUSDT,2024-01-21 06:00:00+00:00,8,1.2479047
694525,DOGEUSDT,2024-02-24 16:45:00+00:00,0,1.2432114
674818,DOGEUSDT,2023-08-03 10:00:00+00:00,4,1.236798
660891,DOGEUSDT,2023-03-11 08:15:00+00:00,4,1.2058461
708566,DOGEUSDT,2024-07-19 23:00:00+00:00,1,1.2388042
658182,DOGEUSDT,2023-02-11 03:00:00+00:00,3,1.2276776
714761,DOGEUSDT,2024-09-22 11:45:00+00:00,4,1.2657907
694713,DOGEUSDT,2024-02-26 15:45:00+00:00,0,1.08932
686650,DOGEUSDT,2023-12-04 16:00:00+00:00,3,1.1881258
664017,DOGEUSDT,2023-04-12 21:45:00+00:00,1,1.2699094
694173,DOGEUSDT,2024-02-21 00:45:00+00:00,2,1.2304277
657349,DOGEUSDT,2023-02-02 10:45:00+00:00,1,1.2210046
691468,DOGEUSDT,2024-01-23 20:30:00+00:00,2,1.3356699
704276,DOGEUSDT,2024-06-05 06:30:00+00:00,9,1.2040025
695002,DOGEUSDT,2024-02-29 16:00:00+00:00,0,1.141802
689972,DOGEUSDT,2024-01-08 06:30:00+00:00,3,1.2286353
702646,DOGEUSDT,2024-05-19 07:00:00+00:00,4,1.1228875
705461,DOGEUSDT,2024-06-17 14:45:00+00:00,5,1.247635
665477,DOGEUSDT,2023-04-28 02:45:00+00:00,2,1.2812735
700037,DOGEUSDT,2024-04-22 02:45:00+00:00,4,1.2867465
693597,DOGEUSDT,2024-02-15 00:45:00+00:00,0,1.2807975
675807,DOGEUSDT,2023-08-13 17:15:00+00:00,3,1.2574188
710599,DOGEUSDT,2024-08-10 03:15:00+00:00,1,1.2210711
707270,DOGEUSDT,2024-07-06 11:00:00+00:00,9,1.1706158
668117,DOGEUSDT,2023-05-25 14:45:00+00:00,5,1.197679
660562,DOGEUSDT,2023-03-07 22:00:00+00:00,8,1.3284323
677759,DOGEUSDT,2023-09-03 01:15:00+00:00,6,1.3314441
656439,DOGEUSDT,2023-01-23 23:15:00+00:00,1,1.2135265
659065,DOGEUSDT,2023-02-20 07:45:00+00:00,1,1.2046391
709546,DOGEUSDT,2024-07-30 04:00:00+00:00,3,1.1900685
715453,DOGEUSDT,2024-09-29 16:45:00+00:00,4,1.198237
658829,DOGEUSDT,2023-02-17 20:45:00+00:00,0,1.2286632
692328,DOGEUSDT,2024-02-01 19:30:00+00:00,9,1.2944032
669292,DOGEUSDT,2023-06-06 20:30:00+00:00,9,1.3397712
666021,DOGEUSDT,2023-05-03 18:45:00+00:00,0,1.1688455
703710,DOGEUSDT,2024-05-30 09:00:00+00:00,4,1.1682067
672365,DOGEUSDT,2023-07-08 20:45:00+00:00,4,1.1983587
719619,DOGEUSDT,2024-11-12 02:15:00+00:00,0,1.2852409
671523,DOGEUSDT,2023-06-30 02:15:00+00:00,9,1.3227448
674125,DOGEUSDT,2023-07-27 04:45:00+00:00,3,1.2289802
690174,DOGEUSDT,2024-01-10 09:00:00+00:00,2,1.2025639
698972,DOGEUSDT,2024-04-11 00:30:00+00:00,8,1.2354124
714370,DOGEUSDT,2024-09-18 10:00:00+00:00,4,1.0748911
701539,DOGEUSDT,2024-05-07 18:15:00+00:00,7,1.1663854
715408,DOGEUSDT,2024-09-29 05:30:00+00:00,3,1.2152531
693917,DOGEUSDT,2024-02-18 08:45:00+00:00,1,1.1669694
715001,DOGEUSDT,2024-09-24 23:45:00+00:00,9,1.3592902
692161,DOGEUSDT,2024-01-31 01:45:00+00:00,4,1.3157192
696552,DOGEUSDT,2024-03-16 19:30:00+00:00,7,1.2380217
718430,DOGEUSDT,2024-10-30 17:00:00+00:00,4,1.1972035
722530,DOGEUSDT,2024-12-12 10:00:00+00:00,8,1.2359661
719258,DOGEUSDT,2024-11-08 08:00:00+00:00,0,1.1869577
711986,DOGEUSDT,2024-08-24 14:00:00+00:00,8,1.1724789
682767,DOGEUSDT,2023-10-25 05:15:00+00:00,8,1.1213294
679758,DOGEUSDT,2023-09-23 21:00:00+00:00,8,1.2274672
689920,DOGEUSDT,2024-01-07 17:30:00+00:00,4,1.1590332
665680,DOGEUSDT,2023-04-30 05:30:00+00:00,3,1.1934487
711126,DOGEUSDT,2024-08-15 15:00:00+00:00,0,1.1834103
693945,DOGEUSDT,2024-02-18 15:45:00+00:00,6,1.2402678
669311,DOGEUSDT,2023-06-07 01:15:00+00:00,2,1.3345736
722485,DOGEUSDT,2024-12-11 22:45:00+00:00,9,1.359257
716129,DOGEUSDT,2024-10-06 17:45:00+00:00,5,1.3050169
706107,DOGEUSDT,2024-06-24 08:15:00+00:00,4,1.1596514
662268,DOGEUSDT,2023-03-25 16:30:00+00:00,6,1.2790428
689091,DOGEUSDT,2023-12-30 02:15:00+00:00,3,1.3389802
708801,DOGEUSDT,2024-07-22 09:45:00+00:00,2,1.2570609
669805,DOGEUSDT,2023-06-12 04:45:00+00:00,3,1.1927829
701589,DOGEUSDT,2024-05-08 06:45:00+00:00,4,1.1466919
689901,DOGEUSDT,2024-01-07 12:45:00+00:00,5,1.3085973
695634,DOGEUSDT,2024-03-07 06:00:00+00:00,4,1.2415797
709579,DOGEUSDT,2024-07-30 12:15:00+00:00,2,1.302681
720709,DOGEUSDT,2024-11-23 10:45:00+00:00,9,1.1854341
697665,DOGEUSDT,2024-03-28 09:45:00+00:00,0,1.1566179
674731,DOGEUSDT,2023-08-02 12:15:00+00:00,3,1.3144724
716234,DOGEUSDT,2024-10-07 20:00:00+00:00,3,1.2091103
671974,DOGEUSDT,2023-07-04 19:00:00+00:00,4,1.1645349
709326,DOGEUSDT,2024-07-27 21:00:00+00:00,7,1.2749951
715855,DOGEUSDT,2024-10-03 21:15:00+00:00,6,1.2700665
704820,DOGEUSDT,2024-06-10 22:30:00+00:00,3,1.2333255
699119,DOGEUSDT,2024-04-12 13:15:00+00:00,4,1.2456073
679244,DOGEUSDT,2023-09-18 12:30:00+00:00,0,1.0985308
717360,DOGEUSDT,2024-10-19 13:30:00+00:00,2,1.1916898
703554,DOGEUSDT,2024-05-28 18:00:00+00:00,3,1.2717512
713337,DOGEUSDT,2024-09-07 15:45:00+00:00,0,1.2658612
671665,DOGEUSDT,2023-07-01 13:45:00+00:00,8,1.2831932
681820,DOGEUSDT,2023-10-15 08:30:00+00:00,1,1.2924696
655209,DOGEUSDT,2023-01-11 03:45:00+00:00,4,1.1553142
669576,DOGEUSDT,2023-06-09 19:30:00+00:00,8,1.3533918
702821,DOGEUSDT,2024-05-21 02:45:00+00:00,9,1.2225218
666351,DOGEUSDT,2023-05-07 05:15:00+00:00,2,1.1816295
707094,DOGEUSDT,2024-07-04 15:00:00+00:00,3,1.2830355
721066,DOGEUSDT,2024-11-27 04:00:00+00:00,2,1.1792321
718121,DOGEUSDT,2024-10-27 11:45:00+00:00,5,1.193261
698716,DOGEUSDT,2024-04-08 08:30:00+00:00,0,1.1506037
722136,DOGEUSDT,2024-12-08 07:30:00+00:00,1,1.2932763
709903,DOGEUSDT,2024-08-02 21:15:00+00:00,7,1.231269
705241,DOGEUSDT,2024-06-15 07:45:00+00:00,1,1.1404583
685253,DOGEUSDT,2023-11-20 02:45:00+00:00,0,1.2472452
708528,DOGEUSDT,2024-07-19 13:30:00+00:00,1,1.1568767
699730,DOGEUSDT,2024-04-18 22:00:00+00:00,0,1.2724125
657884,DOGEUSDT,2023-02-08 00:30:00+00:00,0,1.3185142
713014,DOGEUSDT,2024-09-04 07:00:00+00:00,2,1.3327005
677808,DOGEUSDT,2023-09-03 13:30:00+00:00,4,1.2105203
694205,DOGEUSDT,2024-02-21 08:45:00+00:00,2,1.1154509
709032,DOGEUSDT,2024-07-24 19:30:00+00:00,7,1.2396467
695919,DOGEUSDT,2024-03-10 05:15:00+00:00,3,1.2781472
723755,DOGEUSDT,2024-12-25 04:15:00+00:00,2,1.2008699
707844,DOGEUSDT,2024-07-12 10:30:00+00:00,4,1.1903714
655823,DOGEUSDT,2023-01-17 13:15:00+00:00,2,1.2342746
686924,DOGEUSDT,2023-12-07 12:30:00+00:00,2,1.2663145
672051,DOGEUSDT,2023-07-05 14:15:00+00:00,2,1.2881701
712148,DOGEUSDT,2024-08-26 06:30:00+00:00,7,1.3121513
669373,DOGEUSDT,2023-06-07 16:45:00+00:00,4,1.3101541
720823,DOGEUSDT,2024-11-24 15:15:00+00:00,7,1.1717664
709304,DOGEUSDT,2024-07-27 15:30:00+00:00,4,1.3257387
655925,DOGEUSDT,2023-01-18 14:45:00+00:00,0,1.2256627
694274,DOGEUSDT,2024-02-22 02:00:00+00:00,4,1.2724351
705692,DOGEUSDT,2024-06-20 00:30:00+00:00,7,1.2266212
714966,DOGEUSDT,2024-09-24 15:00:00+00:00,4,1.1264819
668868,DOGEUSDT,2023-06-02 10:30:00+00:00,2,1.3433619
665162,DOGEUSDT,2023-04-24 20:00:00+00:00,3,1.2510238
684703,DOGEUSDT,2023-11-14 09:15:00+00:00,1,1.21072
679794,DOGEUSDT,2023-09-24 06:00:00+00:00,9,1.2772092
711090,DOGEUSDT,2024-08-15 06:00:00+00:00,2,1.2699422
695364,DOGEUSDT,2024-03-04 10:30:00+00:00,2,1.2035577
687942,DOGEUSDT,2023-12-18 03:00:00+00:00,7,1.1258985
672516,DOGEUSDT,2023-07-10 10:30:00+00:00,3,1.2546854
670413,DOGEUSDT,2023-06-18 12:45:00+00:00,4,1.2602417
697270,DOGEUSDT,2024-03-24 07:00:00+00:00,9,1.218501
715579,DOGEUSDT,2024-10-01 00:15:00+00:00,4,1.2338463
699243,DOGEUSDT,2024-04-13 20:15:00+00:00,4,1.1482667
722718,DOGEUSDT,2024-12-14 09:00:00+00:00,1,1.1066172
675243,DOGEUSDT,2023-08-07 20:15:00+00:00,3,1.2943803
717090,DOGEUSDT,2024-10-16 18:00:00+00:00,3,1.1766485
705087,DOGEUSDT,2024-06-13 17:15:00+00:00,3,1.2400323
699675,DOGEUSDT,2024-04-18 08:15:00+00:00,4,1.2598474
666678,DOGEUSDT,2023-05-10 15:00:00+00:00,0,1.3051244
665878,DOGEUSDT,2023-05-02 07:00:00+00:00,2,1.1788087
690285,DOGEUSDT,2024-01-11 12:45:00+00:00,0,1.2460107
720684,DOGEUSDT,2024-11-23 04:30:00+00:00,0,1.2292259
687962,DOGEUSDT,2023-12-18 08:00:00+00:00,4,1.1538892
708309,DOGEUSDT,2024-07-17 06:45:00+00:00,9,1.216534
689011,DOGEUSDT,2023-12-29 06:15:00+00:00,3,1.3282783
714710,DOGEUSDT,2024-09-21 23:00:00+00:00,0,1.2099696
700230,DOGEUSDT,2024-04-24 03:00:00+00:00,3,1.2452239
686055,DOGEUSDT,2023-11-28 11:15:00+00:00,2,1.1976926
655940,DOGEUSDT,2023-01-18 18:30:00+00:00,4,1.3185077
678425,DOGEUSDT,2023-09-09 23:45:00+00:00,2,1.3505341
716612,DOGEUSDT,2024-10-11 18:30:00+00:00,0,1.2994388
691188,DOGEUSDT,2024-01-20 22:30:00+00:00,0,1.2764678
699874,DOGEUSDT,2024-04-20 10:00:00+00:00,4,1.3436323
693266,DOGEUSDT,2024-02-11 14:00:00+00:00,4,1.2158712
689942,DOGEUSDT,2024-01-07 23:00:00+00:00,4,1.2123163
718671,DOGEUSDT,2024-11-02 05:15:00+00:00,8,1.1882472
689330,DOGEUSDT,2024-01-01 14:00:00+00:00,1,1.2758878
721496,DOGEUSDT,2024-12-01 15:30:00+00:00,3,1.2311186
709102,DOGEUSDT,2024-07-25 13:00:00+00:00,4,1.1105952
701580,DOGEUSDT,2024-05-08 04:30:00+00:00,2,1.2152326
694278,DOGEUSDT,2024-02-22 03:00:00+00:00,8,1.3317505
665118,DOGEUSDT,2023-04-24 09:00:00+00:00,4,1.2605335
716792,DOGEUSDT,2024-10-13 15:30:00+00:00,7,1.195615
706118,DOGEUSDT,2024-06-24 11:00:00+00:00,1,1.2599189
685646,DOGEUSDT,2023-11-24 05:00:00+00:00,9,1.1926697
668195,DOGEUSDT,2023-05-26 10:15:00+00:00,1,1.2068299
677609,DOGEUSDT,2023-09-01 11:45:00+00:00,1,1.2167041
685004,DOGEUSDT,2023-11-17 12:30:00+00:00,2,1.2615288
704024,DOGEUSDT,2024-06-02 15:30:00+00:00,7,1.2572442
691575,DOGEUSDT,2024-01-24 23:15:00+00:00,1,1.2359107
693258,DOGEUSDT,2024-02-11 12:00:00+00:00,9,1.2528594
716993,DOGEUSDT,2024-10-15 17:45:00+00:00,5,1.3591908
706792,DOGEUSDT,2024-07-01 11:30:00+00:00,4,1.1455531
717455,DOGEUSDT,2024-10-20 13:15:00+00:00,4,1.1560969
718649,DOGEUSDT,2024-11-01 23:45:00+00:00,1,1.171614
660036,DOGEUSDT,2023-03-02 10:30:00+00:00,4,1.2990158
707733,DOGEUSDT,2024-07-11 06:45:00+00:00,9,1.2112713
658554,DOGEUSDT,2023-02-15 00:00:00+00:00,9,1.2390898
702805,DOGEUSDT,2024-05-20 22:45:00+00:00,0,1.2239099
717302,DOGEUSDT,2024-10-18 23:00:00+00:00,9,1.2355756
660855,DOGEUSDT,2023-03-10 23:15:00+00:00,9,1.2119112
681466,DOGEUSDT,2023-10-11 16:00:00+00:00,4,1.0949271
669453,DOGEUSDT,2023-06-08 12:45:00+00:00,5,1.2853881
690068,DOGEUSDT,2024-01-09 06:30:00+00:00,3,1.236565
682373,DOGEUSDT,2023-10-21 02:45:00+00:00,8,1.2327594
718614,DOGEUSDT,2024-11-01 15:00:00+00:00,0,1.1799927
678106,DOGEUSDT,2023-09-06 16:00:00+00:00,4,1.1384206
713873,DOGEUSDT,2024-09-13 05:45:00+00:00,0,1.2673991
686660,DOGEUSDT,2023-12-04 18:30:00+00:00,3,1.2413564
679793,DOGEUSDT,2023-09-24 05:45:00+00:00,9,1.3159171
662552,DOGEUSDT,2023-03-28 15:30:00+00:00,6,1.196377
705250,DOGEUSDT,2024-06-15 10:00:00+00:00,2,1.1831408
671139,DOGEUSDT,2023-06-26 02:15:00+00:00,4,1.2308718
658372,DOGEUSDT,2023-02-13 02:30:00+00:00,7,1.1081014
689717,DOGEUSDT,2024-01-05 14:45:00+00:00,4,1.1868366
677532,DOGEUSDT,2023-08-31 16:30:00+00:00,4,1.1182041
714989,DOGEUSDT,2024-09-24 20:45:00+00:00,0,1.3009999
667200,DOGEUSDT,2023-05-16 01:30:00+00:00,4,1.2588023
716653,DOGEUSDT,2024-10-12 04:45:00+00:00,8,1.3189179
707151,DOGEUSDT,2024-07-05 05:15:00+00:00,3,1.425209
701908,DOGEUSDT,2024-05-11 14:30:00+00:00,1,1.2578251
687143,DOGEUSDT,2023-12-09 19:15:00+00:00,6,1.3018433
804733,ETHUSDT,2023-07-24 17:00:00+00:00,7,1.2615235
817668,ETHUSDT,2023-12-06 10:45:00+00:00,1,1.1139995
811789,ETHUSDT,2023-10-06 05:00:00+00:00,1,1.3253096
796897,ETHUSDT,2023-05-04 02:00:00+00:00,9,1.2722982
785312,ETHUSDT,2023-01-03 09:45:00+00:00,9,1.1425385
798517,ETHUSDT,2023-05-20 23:00:00+00:00,6,1.2890046
824641,ETHUSDT,2024-02-17 02:00:00+00:00,8,1.2182987
830522,ETHUSDT,2024-04-18 08:15:00+00:00,4,1.2130669
804235,ETHUSDT,2023-07-19 12:30:00+00:00,2,1.2230188
842654,ETHUSDT,2024-08-22 17:15:00+00:00,3,1.1704063
821971,ETHUSDT,2024-01-20 06:30:00+00:00,1,1.1854148
815931,ETHUSDT,2023-11-18 08:30:00+00:00,1,1.2203218
846909,ETHUSDT,2024-10-06 01:00:00+00:00,3,1.2671041
831331,ETHUSDT,2024-04-26 18:30:00+00:00,5,1.3373705
824350,ETHUSDT,2024-02-14 01:15:00+00:00,8,1.2100949
812628,ETHUSDT,2023-10-14 22:45:00+00:00,6,1.2900268
819616,ETHUSDT,2023-12-26 17:45:00+00:00,4,1.1905749
806403,ETHUSDT,2023-08-11 02:30:00+00:00,8,1.1965445
805932,ETHUSDT,2023-08-06 04:45:00+00:00,1,1.250009
838831,ETHUSDT,2024-07-13 21:30:00+00:00,1,1.2909156
805386,ETHUSDT,2023-07-31 12:15:00+00:00,1,1.314306
816543,ETHUSDT,2023-11-24 17:30:00+00:00,4,1.300195
789224,ETHUSDT,2023-02-13 03:45:00+00:00,3,1.2108928
821091,ETHUSDT,2024-01-11 02:30:00+00:00,9,1.1961485
822990,ETHUSDT,2024-01-30 21:15:00+00:00,9,1.0873469
837950,ETHUSDT,2024-07-04 17:15:00+00:00,3,1.2375237
813799,ETHUSDT,2023-10-27 03:30:00+00:00,8,1.2876711
842872,ETHUSDT,2024-08-24 23:45:00+00:00,8,1.2779737
809254,ETHUSDT,2023-09-09 19:15:00+00:00,8,1.238443
828277,ETHUSDT,2024-03-25 23:00:00+00:00,8,1.1467829
815061,ETHUSDT,2023-11-09 07:00:00+00:00,9,1.129375
822566,ETHUSDT,2024-01-26 11:15:00+00:00,0,1.2207801
841898,ETHUSDT,2024-08-14 20:15:00+00:00,3,1.2884405
816675,ETHUSDT,2023-11-26 02:30:00+00:00,4,1.1895556
841362,ETHUSDT,2024-08-09 06:15:00+00:00,1,1.245447
807868,ETHUSDT,2023-08-26 08:45:00+00:00,4,1.1810877
839903,ETHUSDT,2024-07-25 01:30:00+00:00,7,1.1800126
852600,ETHUSDT,2024-12-04 07:45:00+00:00,0,1.2615423
803109,ETHUSDT,2023-07-07 19:00:00+00:00,4,1.1980102
845405,ETHUSDT,2024-09-20 09:00:00+00:00,9,1.2377799
802440,ETHUSDT,2023-06-30 19:45:00+00:00,3,1.2420243
795874,ETHUSDT,2023-04-23 10:15:00+00:00,2,1.2151694
820707,ETHUSDT,2024-01-07 02:30:00+00:00,3,1.3494949
816630,ETHUSDT,2023-11-25 15:15:00+00:00,2,1.2065992
854302,ETHUSDT,2024-12-22 01:15:00+00:00,3,1.2331355
812293,ETHUSDT,2023-10-11 11:00:00+00:00,3,1.2897023
818076,ETHUSDT,2023-12-10 16:45:00+00:00,6,1.2368442
834192,ETHUSDT,2024-05-26 13:45:00+00:00,8,1.1415734
820793,ETHUSDT,2024-01-08 00:00:00+00:00,4,1.2308718
832414,ETHUSDT,2024-05-08 01:15:00+00:00,3,1.2384799
820738,ETHUSDT,2024-01-07 10:15:00+00:00,4,1.229502
853056,ETHUSDT,2024-12-09 01:45:00+00:00,4,1.155404
854349,ETHUSDT,2024-12-22 13:00:00+00:00,9,1.3230317
826344,ETHUSDT,2024-03-05 19:45:00+00:00,4,1.213226
811358,ETHUSDT,2023-10-01 17:15:00+00:00,7,1.1389123
846268,ETHUSDT,2024-09-29 08:45:00+00:00,4,1.22889
852102,ETHUSDT,2024-11-29 03:15:00+00:00,9,1.1927733
793134,ETHUSDT,2023-03-25 21:15:00+00:00,4,1.375045
791091,ETHUSDT,2023-03-04 14:30:00+00:00,1,1.1347557
810345,ETHUSDT,2023-09-21 04:00:00+00:00,1,1.2739639
813528,ETHUSDT,2023-10-24 07:45:00+00:00,8,1.2906697
801161,ETHUSDT,2023-06-17 12:00:00+00:00,8,1.3383423
796434,ETHUSDT,2023-04-29 06:15:00+00:00,1,1.2958308
822390,ETHUSDT,2024-01-24 15:15:00+00:00,5,1.2062285
825100,ETHUSDT,2024-02-21 20:45:00+00:00,8,1.2068346
786891,ETHUSDT,2023-01-19 20:30:00+00:00,0,1.2208002
844105,ETHUSDT,2024-09-06 20:00:00+00:00,7,1.2333281
797053,ETHUSDT,2023-05-05 17:00:00+00:00,0,1.203723
805407,ETHUSDT,2023-07-31 17:30:00+00:00,8,1.2686073
831876,ETHUSDT,2024-05-02 10:45:00+00:00,1,1.2724104
812697,ETHUSDT,2023-10-15 16:00:00+00:00,3,1.1163704
815643,ETHUSDT,2023-11-15 08:30:00+00:00,1,1.2778571
830603,ETHUSDT,2024-04-19 04:30:00+00:00,3,1.3522676
797832,ETHUSDT,2023-05-13 19:45:00+00:00,7,1.3087913
790731,ETHUSDT,2023-02-28 20:30:00+00:00,4,1.2170961
837052,ETHUSDT,2024-06-25 08:45:00+00:00,2,1.2204373
826867,ETHUSDT,2024-03-11 06:30:00+00:00,2,1.2351865
830143,ETHUSDT,2024-04-14 09:30:00+00:00,2,1.3001974
850355,ETHUSDT,2024-11-10 22:30:00+00:00,5,1.3570045
828681,ETHUSDT,2024-03-30 04:00:00+00:00,4,1.2524873
845250,ETHUSDT,2024-09-18 18:15:00+00:00,0,1.1699215
825744,ETHUSDT,2024-02-28 13:45:00+00:00,9,1.2297931
835835,ETHUSDT,2024-06-12 16:30:00+00:00,5,1.2709932
844451,ETHUSDT,2024-09-10 10:30:00+00:00,2,1.2188916
826948,ETHUSDT,2024-03-12 02:45:00+00:00,2,1.2216824
813611,ETHUSDT,2023-10-25 04:30:00+00:00,1,1.2234005
790998,ETHUSDT,2023-03-03 15:15:00+00:00,1,1.3469802
836745,ETHUSDT,2024-06-22 04:00:00+00:00,1,1.201509
844627,ETHUSDT,2024-09-12 06:30:00+00:00,8,1.1394203
803831,ETHUSDT,2023-07-15 07:30:00+00:00,1,1.2422794
846453,ETHUSDT,2024-10-01 07:00:00+00:00,0,1.1980791
842538,ETHUSDT,2024-08-21 12:15:00+00:00,2,1.2735718
848932,ETHUSDT,2024-10-27 02:45:00+00:00,8,1.2566944
852539,ETHUSDT,2024-12-03 16:30:00+00:00,3,1.3219835
823663,ETHUSDT,2024-02-06 21:30:00+00:00,9,1.2170409
808075,ETHUSDT,2023-08-28 12:30:00+00:00,0,1.177661
801726,ETHUSDT,2023-06-23 09:15:00+00:00,1,1.1285752
826688,ETHUSDT,2024-03-09 09:45:00+00:00,2,1.303182
788236,ETHUSDT,2023-02-02 20:45:00+00:00,6,1.3407133
795562,ETHUSDT,2023-04-20 04:15:00+00:00,3,1.138797
789571,ETHUSDT,2023-02-16 18:30:00+00:00,3,1.1630448
788910,ETHUSDT,2023-02-09 21:15:00+00:00,7,1.1511494
851041,ETHUSDT,2024-11-18 02:00:00+00:00,3,1.1155107
811803,ETHUSDT,2023-10-06 08:30:00+00:00,0,1.2076632
827474,ETHUSDT,2024-03-17 14:15:00+00:00,1,1.2632529
847244,ETHUSDT,2024-10-09 12:45:00+00:00,7,1.138602
790723,ETHUSDT,2023-02-28 18:30:00+00:00,0,1.2229028
827475,ETHUSDT,2024-03-17 14:30:00+00:00,5,1.2881879
809061,ETHUSDT,2023-09-07 19:00:00+00:00,0,1.2516239
836415,ETHUSDT,2024-06-18 17:30:00+00:00,7,1.1175152
853959,ETHUSDT,2024-12-18 11:30:00+00:00,3,1.2971139
840321,ETHUSDT,2024-07-29 10:00:00+00:00,0,1.0453751
805803,ETHUSDT,2023-08-04 20:30:00+00:00,8,1.3427149
789477,ETHUSDT,2023-02-15 19:00:00+00:00,0,1.1856936
825729,ETHUSDT,2024-02-28 10:00:00+00:00,0,1.0865854
841035,ETHUSDT,2024-08-05 20:30:00+00:00,8,1.3550469
813044,ETHUSDT,2023-10-19 06:45:00+00:00,3,1.2240479
844985,ETHUSDT,2024-09-16 00:00:00+00:00,7,1.1473855
811514,ETHUSDT,2023-10-03 08:15:00+00:00,2,1.228427
798040,ETHUSDT,2023-05-15 23:45:00+00:00,2,1.3387512
800964,ETHUSDT,2023-06-15 10:45:00+00:00,2,1.1856337
814084,ETHUSDT,2023-10-30 02:45:00+00:00,4,1.1617419
805272,ETHUSDT,2023-07-30 07:45:00+00:00,8,1.4077132
828558,ETHUSDT,2024-03-28 21:15:00+00:00,1,1.2216939
805022,ETHUSDT,2023-07-27 17:15:00+00:00,4,1.2315465
806884,ETHUSDT,2023-08-16 02:45:00+00:00,1,1.3326964
790292,ETHUSDT,2023-02-24 06:45:00+00:00,1,1.2402163
795533,ETHUSDT,2023-04-19 21:00:00+00:00,3,1.2939225
848394,ETHUSDT,2024-10-21 12:15:00+00:00,4,1.2326257
834387,ETHUSDT,2024-05-28 14:30:00+00:00,4,1.1491436
806135,ETHUSDT,2023-08-08 07:30:00+00:00,2,1.1768465
829380,ETHUSDT,2024-04-06 10:45:00+00:00,1,1.1864502
849744,ETHUSDT,2024-11-04 13:45:00+00:00,0,1.2297968
807351,ETHUSDT,2023-08-20 23:30:00+00:00,5,1.1454631
843307,ETHUSDT,2024-08-29 12:30:00+00:00,0,1.1683433
785920,ETHUSDT,2023-01-09 17:45:00+00:00,0,1.1920749
845551,ETHUSDT,2024-09-21 21:30:00+00:00,6,1.2093514
815432,ETHUSDT,2023-11-13 03:45:00+00:00,7,1.2212507
836029,ETHUSDT,2024-06-14 17:00:00+00:00,4,1.0885483
796047,ETHUSDT,2023-04-25 05:30:00+00:00,4,1.2204669
803721,ETHUSDT,2023-07-14 04:00:00+00:00,9,1.1624573
813794,ETHUSDT,2023-10-27 02:15:00+00:00,4,1.2632186
821661,ETHUSDT,2024-01-17 01:00:00+00:00,9,1.396299
841891,ETHUSDT,2024-08-14 18:30:00+00:00,3,1.287181
791123,ETHUSDT,2023-03-04 22:30:00+00:00,3,1.2992766
831038,ETHUSDT,2024-04-23 17:15:00+00:00,3,1.377468
791546,ETHUSDT,2023-03-09 08:15:00+00:00,2,1.2400796
851732,ETHUSDT,2024-11-25 06:45:00+00:00,1,1.3037684
850650,ETHUSDT,2024-11-14 00:15:00+00:00,3,1.1568893
805150,ETHUSDT,2023-07-29 01:15:00+00:00,8,1.1133393
800458,ETHUSDT,2023-06-10 04:15:00+00:00,4,1.2429483
812232,ETHUSDT,2023-10-10 19:45:00+00:00,7,1.1440227
831901,ETHUSDT,2024-05-02 17:00:00+00:00,3,1.291959
819990,ETHUSDT,2023-12-30 15:15:00+00:00,5,1.2308756
800062,ETHUSDT,2023-06-06 01:15:00+00:00,2,1.1812377
844772,ETHUSDT,2024-09-13 18:45:00+00:00,0,1.2416315
797979,ETHUSDT,2023-05-15 08:30:00+00:00,9,1.2434973
785268,ETHUSDT,2023-01-02 22:45:00+00:00,6,1.2678578
787554,ETHUSDT,2023-01-26 18:15:00+00:00,8,1.2392371
834002,ETHUSDT,2024-05-24 14:15:00+00:00,2,1.2341362
840023,ETHUSDT,2024-07-26 07:30:00+00:00,9,1.1819468
806602,ETHUSDT,2023-08-13 04:15:00+00:00,1,1.2428164
854390,ETHUSDT,2024-12-22 23:15:00+00:00,3,1.2455295
813842,ETHUSDT,2023-10-27 14:15:00+00:00,4,1.2415661
816934,ETHUSDT,2023-11-28 19:15:00+00:00,0,1.2542758
855055,ETHUSDT,2024-12-29 21:30:00+00:00,3,1.1265329
805409,ETHUSDT,2023-07-31 18:00:00+00:00,3,1.1946236
835021,ETHUSDT,2024-06-04 05:00:00+00:00,3,1.1795659
853503,ETHUSDT,2024-12-13 17:30:00+00:00,5,1.2266699
825461,ETHUSDT,2024-02-25 15:00:00+00:00,0,1.0650384
836094,ETHUSDT,2024-06-15 09:15:00+00:00,1,1.2645494
815129,ETHUSDT,2023-11-10 00:00:00+00:00,0,1.1438344
809196,ETHUSDT,2023-09-09 04:45:00+00:00,8,1.2936516
850311,ETHUSDT,2024-11-10 11:30:00+00:00,9,1.3034123
820420,ETHUSDT,2024-01-04 02:45:00+00:00,1,1.2967147
814874,ETHUSDT,2023-11-07 08:15:00+00:00,3,1.1703013
796744,ETHUSDT,2023-05-02 11:45:00+00:00,2,1.2309624
823712,ETHUSDT,2024-02-07 09:45:00+00:00,0,1.16604
836790,ETHUSDT,2024-06-22 15:15:00+00:00,1,1.1660377
816136,ETHUSDT,2023-11-20 11:45:00+00:00,9,1.249512
787937,ETHUSDT,2023-01-30 18:00:00+00:00,7,1.273576
824364,ETHUSDT,2024-02-14 04:45:00+00:00,2,1.2341717
832974,ETHUSDT,2024-05-13 21:15:00+00:00,6,1.300602
849104,ETHUSDT,2024-10-28 21:45:00+00:00,0,1.1924968
851427,ETHUSDT,2024-11-22 02:30:00+00:00,1,1.1514515
806919,ETHUSDT,2023-08-16 11:30:00+00:00,2,1.2629097
787731,ETHUSDT,2023-01-28 14:30:00+00:00,1,1.2674636
843044,ETHUSDT,2024-08-26 18:45:00+00:00,7,1.0982584
810606,ETHUSDT,2023-09-23 21:15:00+00:00,6,1.3471595
832964,ETHUSDT,2024-05-13 18:45:00+00:00,3,1.2820473
821491,ETHUSDT,2024-01-15 06:30:00+00:00,3,1.2165926
847253,ETHUSDT,2024-10-09 15:00:00+00:00,5,1.2015659
835920,ETHUSDT,2024-06-13 13:45:00+00:00,0,1.2144854
846359,ETHUSDT,2024-09-30 07:30:00+00:00,0,1.0933292
796388,ETHUSDT,2023-04-28 18:45:00+00:00,7,1.247788
816552,ETHUSDT,2023-11-24 19:45:00+00:00,8,1.2528514
830982,ETHUSDT,2024-04-23 03:15:00+00:00,4,1.1599363
841853,ETHUSDT,2024-08-14 09:00:00+00:00,2,1.2527666
850010,ETHUSDT,2024-11-07 08:15:00+00:00,9,1.3080928
832631,ETHUSDT,2024-05-10 07:30:00+00:00,0,1.1109246
845699,ETHUSDT,2024-09-23 10:30:00+00:00,5,1.2114192
846549,ETHUSDT,2024-10-02 07:00:00+00:00,2,1.1861125
847031,ETHUSDT,2024-10-07 07:30:00+00:00,8,1.1325907
818360,ETHUSDT,2023-12-13 15:45:00+00:00,0,1.1169245
809066,ETHUSDT,2023-09-07 20:15:00+00:00,0,1.2349752
787675,ETHUSDT,2023-01-28 00:30:00+00:00,8,1.3165673
813081,ETHUSDT,2023-10-19 16:00:00+00:00,0,1.2209707
791572,ETHUSDT,2023-03-09 14:45:00+00:00,0,1.1900014
827155,ETHUSDT,2024-03-14 06:30:00+00:00,1,1.2449481
824090,ETHUSDT,2024-02-11 08:15:00+00:00,9,1.176836
834949,ETHUSDT,2024-06-03 11:00:00+00:00,8,1.2041509
838597,ETHUSDT,2024-07-11 11:00:00+00:00,0,1.3175212
851192,ETHUSDT,2024-11-19 15:45:00+00:00,4,1.2193723
813462,ETHUSDT,2023-10-23 15:15:00+00:00,0,1.1850935
847876,ETHUSDT,2024-10-16 02:45:00+00:00,1,1.2635831
790403,ETHUSDT,2023-02-25 10:30:00+00:00,8,1.2301553
853059,ETHUSDT,2024-12-09 02:30:00+00:00,4,1.1909621
845061,ETHUSDT,2024-09-16 19:00:00+00:00,7,1.3133912
803877,ETHUSDT,2023-07-15 19:00:00+00:00,6,1.3218272
788586,ETHUSDT,2023-02-06 12:15:00+00:00,5,1.2354761
817156,ETHUSDT,2023-12-01 02:45:00+00:00,0,1.1567916
810729,ETHUSDT,2023-09-25 04:00:00+00:00,3,1.206718
831225,ETHUSDT,2024-04-25 16:00:00+00:00,0,1.2396281
796371,ETHUSDT,2023-04-28 14:30:00+00:00,4,1.1467528
806628,ETHUSDT,2023-08-13 10:45:00+00:00,0,1.310639
845919,ETHUSDT,2024-09-25 17:30:00+00:00,4,1.1481397
833495,ETHUSDT,2024-05-19 07:30:00+00:00,4,1.1371275
805741,ETHUSDT,2023-08-04 05:00:00+00:00,1,1.1819952
854167,ETHUSDT,2024-12-20 15:30:00+00:00,0,1.17404
851180,ETHUSDT,2024-11-19 12:45:00+00:00,1,1.2642249
822592,ETHUSDT,2024-01-26 17:45:00+00:00,0,1.1669612
835493,ETHUSDT,2024-06-09 03:00:00+00:00,4,1.1240258
828032,ETHUSDT,2024-03-23 09:45:00+00:00,1,1.318635
804367,ETHUSDT,2023-07-20 21:30:00+00:00,3,1.2171925
852731,ETHUSDT,2024-12-05 16:30:00+00:00,4,1.3149234
808792,ETHUSDT,2023-09-04 23:45:00+00:00,5,1.40096
791395,ETHUSDT,2023-03-07 18:30:00+00:00,7,1.2385539
851930,ETHUSDT,2024-11-27 08:15:00+00:00,9,1.2998154
811252,ETHUSDT,2023-09-30 14:45:00+00:00,0,1.2386372
789732,ETHUSDT,2023-02-18 10:45:00+00:00,8,1.333272
837524,ETHUSDT,2024-06-30 06:45:00+00:00,3,1.2044963
833539,ETHUSDT,2024-05-19 18:30:00+00:00,3,1.2271494
836705,ETHUSDT,2024-06-21 18:00:00+00:00,7,1.2621671
853068,ETHUSDT,2024-12-09 04:45:00+00:00,7,1.3286484
831597,ETHUSDT,2024-04-29 13:00:00+00:00,3,1.2956406
844149,ETHUSDT,2024-09-07 07:00:00+00:00,1,1.3129934
820899,ETHUSDT,2024-01-09 02:30:00+00:00,8,1.2231098
788766,ETHUSDT,2023-02-08 09:15:00+00:00,2,1.2691133
840350,ETHUSDT,2024-07-29 17:15:00+00:00,4,1.163639
822548,ETHUSDT,2024-01-26 06:45:00+00:00,8,1.1471106
809705,ETHUSDT,2023-09-14 12:00:00+00:00,1,1.2208914
787550,ETHUSDT,2023-01-26 17:15:00+00:00,4,1.2162011
822097,ETHUSDT,2024-01-21 14:00:00+00:00,5,1.203259
824870,ETHUSDT,2024-02-19 11:15:00+00:00,4,1.1470745
805316,ETHUSDT,2023-07-30 18:45:00+00:00,8,1.3200059
810879,ETHUSDT,2023-09-26 17:30:00+00:00,3,1.242541
794510,ETHUSDT,2023-04-09 05:15:00+00:00,8,1.2500112
795931,ETHUSDT,2023-04-24 00:30:00+00:00,7,1.2857825
785205,ETHUSDT,2023-01-02 07:00:00+00:00,0,1.4317291
820743,ETHUSDT,2024-01-07 11:30:00+00:00,5,1.2100427
842165,ETHUSDT,2024-08-17 15:00:00+00:00,1,1.1594315
814243,ETHUSDT,2023-10-31 18:30:00+00:00,3,1.2048239
835879,ETHUSDT,2024-06-13 03:30:00+00:00,4,1.126111
792765,ETHUSDT,2023-03-22 01:00:00+00:00,4,1.2359269
838956,ETHUSDT,2024-07-15 04:45:00+00:00,0,1.0990164
847481,ETHUSDT,2024-10-12 00:00:00+00:00,8,1.2437425
816201,ETHUSDT,2023-11-21 04:00:00+00:00,1,1.1882133
789979,ETHUSDT,2023-02-21 00:30:00+00:00,8,1.2080623
789042,ETHUSDT,2023-02-11 06:15:00+00:00,1,1.2709453
830230,ETHUSDT,2024-04-15 07:15:00+00:00,0,1.2620162
846547,ETHUSDT,2024-10-02 06:30:00+00:00,2,1.2098079
799178,ETHUSDT,2023-05-27 20:15:00+00:00,1,1.2042173
816054,ETHUSDT,2023-11-19 15:15:00+00:00,3,1.2061833
816700,ETHUSDT,2023-11-26 08:45:00+00:00,0,1.1788608
796680,ETHUSDT,2023-05-01 19:45:00+00:00,7,1.0488559
817794,ETHUSDT,2023-12-07 18:15:00+00:00,0,1.1653734
807600,ETHUSDT,2023-08-23 13:45:00+00:00,8,1.3188628
785399,ETHUSDT,2023-01-04 07:30:00+00:00,9,1.3096514
789643,ETHUSDT,2023-02-17 12:30:00+00:00,3,1.3681451
834216,ETHUSDT,2024-05-26 19:45:00+00:00,9,1.2513185
796248,ETHUSDT,2023-04-27 07:45:00+00:00,4,1.2046094
831949,ETHUSDT,2024-05-03 05:00:00+00:00,1,1.2434884
791092,ETHUSDT,2023-03-04 14:45:00+00:00,7,1.2065992
836004,ETHUSDT,2024-06-14 10:45:00+00:00,9,1.195706
816923,ETHUSDT,2023-11-28 16:30:00+00:00,0,1.2196686
848618,ETHUSDT,2024-10-23 20:15:00+00:00,3,1.2587209
812060,ETHUSDT,2023-10-09 00:45:00+00:00,4,1.269562
849368,ETHUSDT,2024-10-31 15:45:00+00:00,4,1.2508341
824330,ETHUSDT,2024-02-13 20:15:00+00:00,7,1.3223044
841002,ETHUSDT,2024-08-05 12:15:00+00:00,4,1.1852553
851470,ETHUSDT,2024-11-22 13:15:00+00:00,4,1.1783025
790189,ETHUSDT,2023-02-23 05:00:00+00:00,1,1.3768555
825193,ETHUSDT,2024-02-22 20:00:00+00:00,6,1.1848414
837627,ETHUSDT,2024-07-01 08:30:00+00:00,5,1.2587821
829118,ETHUSDT,2024-04-03 17:15:00+00:00,0,1.1502514
818946,ETHUSDT,2023-12-19 18:15:00+00:00,7,1.1983651
792762,ETHUSDT,2023-03-22 00:15:00+00:00,3,1.3439252
851291,ETHUSDT,2024-11-20 16:30:00+00:00,4,1.2907449
791026,ETHUSDT,2023-03-03 22:15:00+00:00,8,1.341235
795800,ETHUSDT,2023-04-22 15:45:00+00:00,0,1.2073166
833649,ETHUSDT,2024-05-20 22:00:00+00:00,0,1.1064298
790544,ETHUSDT,2023-02-26 21:45:00+00:00,0,1.2397808
801759,ETHUSDT,2023-06-23 17:30:00+00:00,0,1.1588944
804168,ETHUSDT,2023-07-18 19:45:00+00:00,7,1.2134928
800447,ETHUSDT,2023-06-10 01:30:00+00:00,0,1.2942473
820934,ETHUSDT,2024-01-09 11:15:00+00:00,2,1.1672947
848399,ETHUSDT,2024-10-21 13:30:00+00:00,7,1.131283
800603,ETHUSDT,2023-06-11 16:30:00+00:00,3,1.2195749
808457,ETHUSDT,2023-09-01 12:00:00+00:00,1,1.2485541
838235,ETHUSDT,2024-07-07 16:30:00+00:00,8,1.2645211
811923,ETHUSDT,2023-10-07 14:30:00+00:00,1,1.2707435
818270,ETHUSDT,2023-12-12 17:15:00+00:00,4,1.1468145
803425,ETHUSDT,2023-07-11 02:00:00+00:00,3,1.2375724
843292,ETHUSDT,2024-08-29 08:45:00+00:00,1,1.2558112
818310,ETHUSDT,2023-12-13 03:15:00+00:00,4,1.2143729
847699,ETHUSDT,2024-10-14 06:30:00+00:00,0,1.2002857
835275,ETHUSDT,2024-06-06 20:30:00+00:00,4,1.1794654
795089,ETHUSDT,2023-04-15 06:00:00+00:00,3,1.2827642
845559,ETHUSDT,2024-09-21 23:30:00+00:00,0,1.149078
839104,ETHUSDT,2024-07-16 17:45:00+00:00,0,1.1407449
814932,ETHUSDT,2023-11-07 22:45:00+00:00,4,1.2721751
816159,ETHUSDT,2023-11-20 17:30:00+00:00,7,1.2504925
835777,ETHUSDT,2024-06-12 02:00:00+00:00,4,1.2404143
806511,ETHUSDT,2023-08-12 05:30:00+00:00,8,1.2462298
790345,ETHUSDT,2023-02-24 20:00:00+00:00,3,1.2315943
830186,ETHUSDT,2024-04-14 20:15:00+00:00,6,1.3026726
851456,ETHUSDT,2024-11-22 09:45:00+00:00,8,1.181081
806106,ETHUSDT,2023-08-08 00:15:00+00:00,9,1.2666984
805147,ETHUSDT,2023-07-29 00:30:00+00:00,6,1.172021
792305,ETHUSDT,2023-03-17 06:00:00+00:00,9,1.1623564
834894,ETHUSDT,2024-06-02 21:15:00+00:00,3,1.2966334
853121,ETHUSDT,2024-12-09 18:00:00+00:00,4,1.236287
820205,ETHUSDT,2024-01-01 21:00:00+00:00,0,1.1450416
796216,ETHUSDT,2023-04-26 23:45:00+00:00,3,1.2335044
818006,ETHUSDT,2023-12-09 23:15:00+00:00,8,1.2364299
798405,ETHUSDT,2023-05-19 19:00:00+00:00,6,1.2490361
801071,ETHUSDT,2023-06-16 13:30:00+00:00,5,1.2290343
794254,ETHUSDT,2023-04-06 13:15:00+00:00,4,1.225676
802400,ETHUSDT,2023-06-30 09:45:00+00:00,9,1.2980233
838215,ETHUSDT,2024-07-07 11:30:00+00:00,3,1.2485757
854022,ETHUSDT,2024-12-19 03:15:00+00:00,3,1.3206557
845031,ETHUSDT,2024-09-16 11:30:00+00:00,1,1.2955351
806338,ETHUSDT,2023-08-10 10:15:00+00:00,2,1.2895651
804468,ETHUSDT,2023-07-21 22:45:00+00:00,8,1.2635092
837551,ETHUSDT,2024-06-30 13:30:00+00:00,5,1.2719316
841403,ETHUSDT,2024-08-09 16:30:00+00:00,4,1.2861264
829381,ETHUSDT,2024-04-06 11:00:00+00:00,1,1.1845185
818095,ETHUSDT,2023-12-10 21:30:00+00:00,0,1.1842085
793807,ETHUSDT,2023-04-01 21:30:00+00:00,3,1.3040099
788712,ETHUSDT,2023-02-07 19:45:00+00:00,0,1.2126148
842736,ETHUSDT,2024-08-23 13:45:00+00:00,4,1.1124738
829556,ETHUSDT,2024-04-08 06:45:00+00:00,5,1.1425213
813123,ETHUSDT,2023-10-20 02:30:00+00:00,0,1.2269267
803045,ETHUSDT,2023-07-07 03:00:00+00:00,1,1.2899412
820756,ETHUSDT,2024-01-07 14:45:00+00:00,0,1.2181814
821561,ETHUSDT,2024-01-16 00:00:00+00:00,8,1.1678206
822294,ETHUSDT,2024-01-23 15:15:00+00:00,3,1.3157752
839584,ETHUSDT,2024-07-21 17:45:00+00:00,0,1.2121427
805378,ETHUSDT,2023-07-31 10:15:00+00:00,1,1.3310964
802373,ETHUSDT,2023-06-30 03:00:00+00:00,0,1.1817565
810469,ETHUSDT,2023-09-22 11:00:00+00:00,1,1.2186483
808362,ETHUSDT,2023-08-31 12:15:00+00:00,0,1.4043988
803347,ETHUSDT,2023-07-10 06:30:00+00:00,4,1.2330148
812613,ETHUSDT,2023-10-14 19:00:00+00:00,1,1.308539
810881,ETHUSDT,2023-09-26 18:00:00+00:00,7,1.1986855
830915,ETHUSDT,2024-04-22 10:30:00+00:00,8,1.2157048
816757,ETHUSDT,2023-11-26 23:00:00+00:00,3,1.2066737
795369,ETHUSDT,2023-04-18 04:00:00+00:00,2,1.1195091
800390,ETHUSDT,2023-06-09 11:15:00+00:00,1,1.185523
798406,ETHUSDT,2023-05-19 19:15:00+00:00,6,1.2531585
814930,ETHUSDT,2023-11-07 22:15:00+00:00,4,1.2266905
795981,ETHUSDT,2023-04-24 13:00:00+00:00,3,1.256589
836277,ETHUSDT,2024-06-17 07:00:00+00:00,4,1.1759872
854307,ETHUSDT,2024-12-22 02:30:00+00:00,3,1.3322955
828807,ETHUSDT,2024-03-31 11:30:00+00:00,4,1.2639464
797772,ETHUSDT,2023-05-13 04:45:00+00:00,1,1.2686583
833572,ETHUSDT,2024-05-20 02:45:00+00:00,0,1.173652
816694,ETHUSDT,2023-11-26 07:15:00+00:00,0,1.1980824
804115,ETHUSDT,2023-07-18 06:30:00+00:00,2,1.2022028
846817,ETHUSDT,2024-10-05 02:00:00+00:00,8,1.2501853
833110,ETHUSDT,2024-05-15 07:15:00+00:00,2,1.3192927
810820,ETHUSDT,2023-09-26 02:45:00+00:00,0,1.2837605
788451,ETHUSDT,2023-02-05 02:30:00+00:00,8,1.2123711
811809,ETHUSDT,2023-10-06 10:00:00+00:00,1,1.2496519
828628,ETHUSDT,2024-03-29 14:45:00+00:00,1,1.1939152
787207,ETHUSDT,2023-01-23 03:30:00+00:00,3,1.2103441
849925,ETHUSDT,2024-11-06 11:00:00+00:00,1,1.2833186
852921,ETHUSDT,2024-12-07 16:00:00+00:00,5,1.156273
786550,ETHUSDT,2023-01-16 07:15:00+00:00,2,1.2081641
833241,ETHUSDT,2024-05-16 16:00:00+00:00,4,1.2479851
809493,ETHUSDT,2023-09-12 07:00:00+00:00,2,1.3985785
799408,ETHUSDT,2023-05-30 05:45:00+00:00,2,1.1963212
832221,ETHUSDT,2024-05-06 01:00:00+00:00,3,1.1641213
838656,ETHUSDT,2024-07-12 01:45:00+00:00,4,1.2137855
810092,ETHUSDT,2023-09-18 12:45:00+00:00,0,1.1132302
819794,ETHUSDT,2023-12-28 14:15:00+00:00,5,1.1968486
841411,ETHUSDT,2024-08-09 18:30:00+00:00,6,1.2004004
806095,ETHUSDT,2023-08-07 21:30:00+00:00,3,1.2332388
821048,ETHUSDT,2024-01-10 15:45:00+00:00,0,1.2419021
838770,ETHUSDT,2024-07-13 06:15:00+00:00,1,1.2734824
848303,ETHUSDT,2024-10-20 13:30:00+00:00,5,1.2246494
785799,ETHUSDT,2023-01-08 11:30:00+00:00,8,1.1667686
820729,ETHUSDT,2024-01-07 08:00:00+00:00,3,1.2904891
807871,ETHUSDT,2023-08-26 09:30:00+00:00,4,1.2711846
796002,ETHUSDT,2023-04-24 18:15:00+00:00,8,1.2910519
854754,ETHUSDT,2024-12-26 18:15:00+00:00,4,1.0998789
807319,ETHUSDT,2023-08-20 15:30:00+00:00,4,1.2393055
833454,ETHUSDT,2024-05-18 21:15:00+00:00,6,1.1867086
847376,ETHUSDT,2024-10-10 21:45:00+00:00,3,1.2166845
800204,ETHUSDT,2023-06-07 12:45:00+00:00,2,1.3209994
835921,ETHUSDT,2024-06-13 14:00:00+00:00,7,1.242123
848637,ETHUSDT,2024-10-24 01:00:00+00:00,0,1.1832621
825079,ETHUSDT,2024-02-21 15:30:00+00:00,3,1.1903182
828109,ETHUSDT,2024-03-24 05:00:00+00:00,4,1.3143454
820077,ETHUSDT,2023-12-31 13:00:00+00:00,5,1.1539878
851126,ETHUSDT,2024-11-18 23:15:00+00:00,6,1.2447665
839300,ETHUSDT,2024-07-18 18:45:00+00:00,7,1.1662352
854929,ETHUSDT,2024-12-28 14:00:00+00:00,5,1.120777
836121,ETHUSDT,2024-06-15 16:00:00+00:00,0,1.1981668
789689,ETHUSDT,2023-02-18 00:00:00+00:00,8,1.210395
847355,ETHUSDT,2024-10-10 16:30:00+00:00,5,1.2794888
827298,ETHUSDT,2024-03-15 18:15:00+00:00,6,1.2509336
846395,ETHUSDT,2024-09-30 16:30:00+00:00,4,1.1323168
806873,ETHUSDT,2023-08-16 00:00:00+00:00,3,1.3270887
834669,ETHUSDT,2024-05-31 13:00:00+00:00,0,1.1696734
815466,ETHUSDT,2023-11-13 12:15:00+00:00,4,1.1938318
844730,ETHUSDT,2024-09-13 08:15:00+00:00,1,1.247652
818599,ETHUSDT,2023-12-16 03:30:00+00:00,3,1.1795079
841614,ETHUSDT,2024-08-11 21:15:00+00:00,4,1.1578803
804255,ETHUSDT,2023-07-19 17:30:00+00:00,5,1.2316422
843134,ETHUSDT,2024-08-27 17:15:00+00:00,7,1.1179273
793775,ETHUSDT,2023-04-01 13:30:00+00:00,1,1.2530369
833783,ETHUSDT,2024-05-22 07:30:00+00:00,2,1.1553265
809279,ETHUSDT,2023-09-10 01:30:00+00:00,4,1.2217737
818343,ETHUSDT,2023-12-13 11:30:00+00:00,9,1.2368594
795184,ETHUSDT,2023-04-16 05:45:00+00:00,3,1.2602501
841140,ETHUSDT,2024-08-06 22:45:00+00:00,4,1.214816
798811,ETHUSDT,2023-05-24 00:30:00+00:00,2,1.219858
803150,ETHUSDT,2023-07-08 05:15:00+00:00,8,1.1654824
809331,ETHUSDT,2023-09-10 14:30:00+00:00,7,1.2556435
818489,ETHUSDT,2023-12-15 00:00:00+00:00,0,1.264618
845757,ETHUSDT,2024-09-24 01:00:00+00:00,4,1.2610358
843454,ETHUSDT,2024-08-31 01:15:00+00:00,9,1.1603615
809562,ETHUSDT,2023-09-13 00:15:00+00:00,2,1.2935876
809552,ETHUSDT,2023-09-12 21:45:00+00:00,3,1.2406199
788563,ETHUSDT,2023-02-06 06:30:00+00:00,3,1.3009934
794661,ETHUSDT,2023-04-10 19:00:00+00:00,0,1.3038489
844971,ETHUSDT,2024-09-15 20:30:00+00:00,7,0.9920231
853028,ETHUSDT,2024-12-08 18:45:00+00:00,4,1.3127825
827742,ETHUSDT,2024-03-20 09:15:00+00:00,3,1.2653102
799951,ETHUSDT,2023-06-04 21:30:00+00:00,0,1.2454115
844857,ETHUSDT,2024-09-14 16:00:00+00:00,6,1.1593466
813281,ETHUSDT,2023-10-21 18:00:00+00:00,0,1.0814618
854969,ETHUSDT,2024-12-29 00:00:00+00:00,9,1.232965
840079,ETHUSDT,2024-07-26 21:30:00+00:00,6,1.1852432
790983,ETHUSDT,2023-03-03 11:30:00+00:00,2,1.2604539
848823,ETHUSDT,2024-10-25 23:30:00+00:00,7,1.2186158
824989,ETHUSDT,2024-02-20 17:00:00+00:00,4,1.1683016
806423,ETHUSDT,2023-08-11 07:30:00+00:00,3,1.1755303
834879,ETHUSDT,2024-06-02 17:30:00+00:00,4,1.1449455
818390,ETHUSDT,2023-12-13 23:15:00+00:00,9,1.175836
821046,ETHUSDT,2024-01-10 15:15:00+00:00,0,1.2276257
815273,ETHUSDT,2023-11-11 12:00:00+00:00,1,1.1713638
790350,ETHUSDT,2023-02-24 21:15:00+00:00,3,1.3307651
808861,ETHUSDT,2023-09-05 17:00:00+00:00,9,1.243817
832541,ETHUSDT,2024-05-09 09:00:00+00:00,2,1.2764264
808645,ETHUSDT,2023-09-03 11:00:00+00:00,9,1.2809176
851953,ETHUSDT,2024-11-27 14:00:00+00:00,0,1.2753376
798385,ETHUSDT,2023-05-19 14:00:00+00:00,1,1.1973307
802567,ETHUSDT,2023-07-02 03:30:00+00:00,7,1.1973164
853222,ETHUSDT,2024-12-10 19:15:00+00:00,3,1.2923269
798057,ETHUSDT,2023-05-16 04:00:00+00:00,3,1.31202
814002,ETHUSDT,2023-10-29 06:15:00+00:00,3,1.1839633
799677,ETHUSDT,2023-06-02 01:00:00+00:00,5,1.3361981
833516,ETHUSDT,2024-05-19 12:45:00+00:00,7,1.1291825
805813,ETHUSDT,2023-08-04 23:00:00+00:00,3,1.314131
788748,ETHUSDT,2023-02-08 04:45:00+00:00,2,1.1959344
816509,ETHUSDT,2023-11-24 09:00:00+00:00,0,1.2433879
792506,ETHUSDT,2023-03-19 08:15:00+00:00,8,1.2694869
785292,ETHUSDT,2023-01-03 04:45:00+00:00,2,1.2168957
795220,ETHUSDT,2023-04-16 14:45:00+00:00,7,1.2934046
851144,ETHUSDT,2024-11-19 03:45:00+00:00,8,1.25077
804826,ETHUSDT,2023-07-25 16:15:00+00:00,0,1.21716
825622,ETHUSDT,2024-02-27 07:15:00+00:00,9,1.2025974
832043,ETHUSDT,2024-05-04 04:30:00+00:00,1,1.1900465
837545,ETHUSDT,2024-06-30 12:00:00+00:00,8,1.3065358
845319,ETHUSDT,2024-09-19 11:30:00+00:00,2,1.2455869
791859,ETHUSDT,2023-03-12 14:30:00+00:00,4,1.2281551
817108,ETHUSDT,2023-11-30 14:45:00+00:00,4,1.1320568
799068,ETHUSDT,2023-05-26 16:45:00+00:00,0,1.2053435
827524,ETHUSDT,2024-03-18 02:45:00+00:00,8,1.2430673
788467,ETHUSDT,2023-02-05 06:30:00+00:00,2,1.1638559
789104,ETHUSDT,2023-02-11 21:45:00+00:00,1,1.2084147
812366,ETHUSDT,2023-10-12 05:15:00+00:00,2,1.282635
846308,ETHUSDT,2024-09-29 18:45:00+00:00,6,1.2225491
804907,ETHUSDT,2023-07-26 12:30:00+00:00,1,1.1241763
808229,ETHUSDT,2023-08-30 03:00:00+00:00,2,1.303052
834765,ETHUSDT,2024-06-01 13:00:00+00:00,9,1.1820707
817631,ETHUSDT,2023-12-06 01:30:00+00:00,0,1.312964
802838,ETHUSDT,2023-07-04 23:15:00+00:00,3,1.1873314
853605,ETHUSDT,2024-12-14 19:00:00+00:00,4,1.2861125
846096,ETHUSDT,2024-09-27 13:45:00+00:00,4,1.1320435
824415,ETHUSDT,2024-02-14 17:30:00+00:00,5,1.2219781
814014,ETHUSDT,2023-10-29 09:15:00+00:00,0,1.175271
823426,ETHUSDT,2024-02-04 10:15:00+00:00,5,1.2387967
805106,ETHUSDT,2023-07-28 14:15:00+00:00,0,1.0988728
832034,ETHUSDT,2024-05-04 02:15:00+00:00,4,1.1671093
797531,ETHUSDT,2023-05-10 16:30:00+00:00,0,1.1391971
798861,ETHUSDT,2023-05-24 13:00:00+00:00,2,1.3241146
850680,ETHUSDT,2024-11-14 07:45:00+00:00,2,1.1664007
804465,ETHUSDT,2023-07-21 22:00:00+00:00,8,1.2562503
840312,ETHUSDT,2024-07-29 07:45:00+00:00,9,1.3626682
827505,ETHUSDT,2024-03-17 22:00:00+00:00,9,1.3306735
850530,ETHUSDT,2024-11-12 18:15:00+00:00,7,1.2237014
797313,ETHUSDT,2023-05-08 10:00:00+00:00,8,1.2323345
804335,ETHUSDT,2023-07-20 13:30:00+00:00,9,1.2705778
802058,ETHUSDT,2023-06-26 20:15:00+00:00,4,1.3184794
833224,ETHUSDT,2024-05-16 11:45:00+00:00,2,1.1942211
813856,ETHUSDT,2023-10-27 17:45:00+00:00,4,1.0803939
824209,ETHUSDT,2024-02-12 14:00:00+00:00,3,1.2138386
815797,ETHUSDT,2023-11-16 23:00:00+00:00,3,1.1943667
842323,ETHUSDT,2024-08-19 06:30:00+00:00,4,1.1866177
832481,ETHUSDT,2024-05-08 18:00:00+00:00,8,1.2451729
802463,ETHUSDT,2023-07-01 01:30:00+00:00,8,1.088583
820536,ETHUSDT,2024-01-05 07:45:00+00:00,0,1.1480342
818612,ETHUSDT,2023-12-16 06:45:00+00:00,8,1.1854942
831207,ETHUSDT,2024-04-25 11:30:00+00:00,4,1.2757151
822314,ETHUSDT,2024-01-23 20:15:00+00:00,3,1.3002926
848882,ETHUSDT,2024-10-26 14:15:00+00:00,8,1.160541
853506,ETHUSDT,2024-12-13 18:15:00+00:00,5,1.2697132
828487,ETHUSDT,2024-03-28 03:30:00+00:00,4,1.2045866
814122,ETHUSDT,2023-10-30 12:15:00+00:00,0,1.2192451
841599,ETHUSDT,2024-08-11 17:30:00+00:00,3,1.2517246
837122,ETHUSDT,2024-06-26 02:15:00+00:00,0,1.2183185
834584,ETHUSDT,2024-05-30 15:45:00+00:00,0,1.1473241
819641,ETHUSDT,2023-12-27 00:00:00+00:00,3,1.2139595
800546,ETHUSDT,2023-06-11 02:15:00+00:00,1,1.199046
801337,ETHUSDT,2023-06-19 08:00:00+00:00,2,1.174937
816391,ETHUSDT,2023-11-23 03:30:00+00:00,3,1.2308452
809423,ETHUSDT,2023-09-11 13:30:00+00:00,3,1.2082807
833038,ETHUSDT,2024-05-14 13:15:00+00:00,4,1.2269264
803978,ETHUSDT,2023-07-16 20:15:00+00:00,4,1.167733
817881,ETHUSDT,2023-12-08 16:00:00+00:00,4,1.0836014
847612,ETHUSDT,2024-10-13 08:45:00+00:00,1,1.3385956
831156,ETHUSDT,2024-04-24 22:45:00+00:00,3,1.2819082
822127,ETHUSDT,2024-01-21 21:30:00+00:00,4,1.2197134
854183,ETHUSDT,2024-12-20 19:30:00+00:00,9,1.2102882
846998,ETHUSDT,2024-10-06 23:15:00+00:00,4,1.231545
802015,ETHUSDT,2023-06-26 09:30:00+00:00,3,1.3002545
821017,ETHUSDT,2024-01-10 08:00:00+00:00,2,1.2414634
838363,ETHUSDT,2024-07-09 00:30:00+00:00,2,1.3456905
845765,ETHUSDT,2024-09-24 03:00:00+00:00,7,1.1965827
798529,ETHUSDT,2023-05-21 02:00:00+00:00,7,1.3954586
803263,ETHUSDT,2023-07-09 09:30:00+00:00,2,1.2168522
799602,ETHUSDT,2023-06-01 06:15:00+00:00,2,1.2799945
848789,ETHUSDT,2024-10-25 15:00:00+00:00,5,1.2069019
796339,ETHUSDT,2023-04-28 06:30:00+00:00,1,1.1595769
790331,ETHUSDT,2023-02-24 16:30:00+00:00,4,1.0560477
848719,ETHUSDT,2024-10-24 21:30:00+00:00,0,1.1768346
800940,ETHUSDT,2023-06-15 04:45:00+00:00,2,1.3365712
832377,ETHUSDT,2024-05-07 16:00:00+00:00,7,1.1658969
791486,ETHUSDT,2023-03-08 17:15:00+00:00,0,1.2132602
810666,ETHUSDT,2023-09-24 12:15:00+00:00,0,1.2432001
853818,ETHUSDT,2024-12-17 00:15:00+00:00,4,1.1639291
845456,ETHUSDT,2024-09-20 21:45:00+00:00,6,1.1681925
842235,ETHUSDT,2024-08-18 08:30:00+00:00,3,1.2642074
835075,ETHUSDT,2024-06-04 18:30:00+00:00,0,1.1288521
790447,ETHUSDT,2023-02-25 21:30:00+00:00,4,1.0833085
840560,ETHUSDT,2024-07-31 21:45:00+00:00,4,1.1804138
827681,ETHUSDT,2024-03-19 18:00:00+00:00,5,1.2834461
839403,ETHUSDT,2024-07-19 20:30:00+00:00,9,1.2386413
821632,ETHUSDT,2024-01-16 17:45:00+00:00,0,1.1886381
833892,ETHUSDT,2024-05-23 10:45:00+00:00,0,1.2045318
815308,ETHUSDT,2023-11-11 20:45:00+00:00,8,1.1729753
790147,ETHUSDT,2023-02-22 18:30:00+00:00,3,1.2044214
826769,ETHUSDT,2024-03-10 06:00:00+00:00,9,1.1707246
793455,ETHUSDT,2023-03-29 05:30:00+00:00,9,1.2072036
840421,ETHUSDT,2024-07-30 11:00:00+00:00,2,1.1923128
832598,ETHUSDT,2024-05-09 23:15:00+00:00,0,1.2003409
809311,ETHUSDT,2023-09-10 09:30:00+00:00,3,1.215922
820514,ETHUSDT,2024-01-05 02:15:00+00:00,4,1.2088177
796056,ETHUSDT,2023-04-25 07:45:00+00:00,4,1.1295458
818962,ETHUSDT,2023-12-19 22:15:00+00:00,3,1.2776479
836240,ETHUSDT,2024-06-16 21:45:00+00:00,7,1.2144659
819509,ETHUSDT,2023-12-25 15:00:00+00:00,0,1.181321
802923,ETHUSDT,2023-07-05 20:30:00+00:00,6,1.123282
791309,ETHUSDT,2023-03-06 21:00:00+00:00,8,1.1803712
794889,ETHUSDT,2023-04-13 04:00:00+00:00,9,1.1837817
819219,ETHUSDT,2023-12-22 14:30:00+00:00,4,1.1929144
786482,ETHUSDT,2023-01-15 14:15:00+00:00,2,1.2759643
787064,ETHUSDT,2023-01-21 15:45:00+00:00,0,1.1871122
842663,ETHUSDT,2024-08-22 19:30:00+00:00,7,1.207954
843386,ETHUSDT,2024-08-30 08:15:00+00:00,2,1.2057837
825749,ETHUSDT,2024-02-28 15:00:00+00:00,5,1.2776808
835931,ETHUSDT,2024-06-13 16:30:00+00:00,4,1.1192075
837874,ETHUSDT,2024-07-03 22:15:00+00:00,3,1.2177154
846877,ETHUSDT,2024-10-05 17:00:00+00:00,4,1.2716908
795943,ETHUSDT,2023-04-24 03:30:00+00:00,8,1.2620059
852260,ETHUSDT,2024-11-30 18:45:00+00:00,6,1.1779735
802890,ETHUSDT,2023-07-05 12:15:00+00:00,4,1.1337401
828944,ETHUSDT,2024-04-01 21:45:00+00:00,3,1.3107289
796169,ETHUSDT,2023-04-26 12:00:00+00:00,0,1.2608933
824223,ETHUSDT,2024-02-12 17:30:00+00:00,0,1.2334808
803781,ETHUSDT,2023-07-14 19:00:00+00:00,4,1.2019622
851110,ETHUSDT,2024-11-18 19:15:00+00:00,6,1.3273185
785530,ETHUSDT,2023-01-05 16:15:00+00:00,4,1.156605
817824,ETHUSDT,2023-12-08 01:45:00+00:00,9,1.1593695
803501,ETHUSDT,2023-07-11 21:00:00+00:00,2,1.224631
831409,ETHUSDT,2024-04-27 14:00:00+00:00,1,1.230552
839616,ETHUSDT,2024-07-22 01:45:00+00:00,0,1.321803
837415,ETHUSDT,2024-06-29 03:30:00+00:00,1,1.156763
851607,ETHUSDT,2024-11-23 23:30:00+00:00,8,1.2676601
811878,ETHUSDT,2023-10-07 03:15:00+00:00,1,1.2732018
845264,ETHUSDT,2024-09-18 21:45:00+00:00,0,1.1966825
850821,ETHUSDT,2024-11-15 19:00:00+00:00,7,1.2506044
818645,ETHUSDT,2023-12-16 15:00:00+00:00,1,1.2120694
791331,ETHUSDT,2023-03-07 02:30:00+00:00,0,1.2210679
836294,ETHUSDT,2024-06-17 11:15:00+00:00,3,1.1590861
844193,ETHUSDT,2024-09-07 18:00:00+00:00,4,1.197842
838839,ETHUSDT,2024-07-13 23:30:00+00:00,0,1.2037652
843109,ETHUSDT,2024-08-27 11:00:00+00:00,4,1.1757259
836667,ETHUSDT,2024-06-21 08:30:00+00:00,4,1.0407447
819211,ETHUSDT,2023-12-22 12:30:00+00:00,9,1.1797873
821406,ETHUSDT,2024-01-14 09:15:00+00:00,3,1.3006499
789700,ETHUSDT,2023-02-18 02:45:00+00:00,1,1.258003
828120,ETHUSDT,2024-03-24 07:45:00+00:00,3,1.2316253
820480,ETHUSDT,2024-01-04 17:45:00+00:00,0,1.2309152
801555,ETHUSDT,2023-06-21 14:30:00+00:00,0,1.1544793
820884,ETHUSDT,2024-01-08 22:45:00+00:00,8,1.2845485
849850,ETHUSDT,2024-11-05 16:15:00+00:00,5,1.2728463
850306,ETHUSDT,2024-11-10 10:15:00+00:00,9,1.2005538
807978,ETHUSDT,2023-08-27 12:15:00+00:00,5,1.2325851
822780,ETHUSDT,2024-01-28 16:45:00+00:00,3,1.2495816
853891,ETHUSDT,2024-12-17 18:30:00+00:00,4,1.1864529
834777,ETHUSDT,2024-06-01 16:00:00+00:00,0,1.2227598
841661,ETHUSDT,2024-08-12 09:00:00+00:00,5,1.3090671
789055,ETHUSDT,2023-02-11 09:30:00+00:00,1,1.1452962
817173,ETHUSDT,2023-12-01 07:00:00+00:00,9,1.288177
832505,ETHUSDT,2024-05-09 00:00:00+00:00,3,1.1577786
848198,ETHUSDT,2024-10-19 11:15:00+00:00,1,1.3121624
791749,ETHUSDT,2023-03-11 11:00:00+00:00,2,1.1799681
789754,ETHUSDT,2023-02-18 16:15:00+00:00,6,1.2635674
846905,ETHUSDT,2024-10-06 00:00:00+00:00,3,1.2111368
817582,ETHUSDT,2023-12-05 13:15:00+00:00,3,1.2082571
841626,ETHUSDT,2024-08-12 00:15:00+00:00,3,1.1954656
791570,ETHUSDT,2023-03-09 14:15:00+00:00,0,1.1702594
807462,ETHUSDT,2023-08-22 03:15:00+00:00,2,1.3852899
823792,ETHUSDT,2024-02-08 05:45:00+00:00,8,1.1349107
795994,ETHUSDT,2023-04-24 16:15:00+00:00,4,1.1014346
820444,ETHUSDT,2024-01-04 08:45:00+00:00,2,1.1494607
817368,ETHUSDT,2023-12-03 07:45:00+00:00,3,1.16649
852840,ETHUSDT,2024-12-06 19:45:00+00:00,9,1.2142591
816172,ETHUSDT,2023-11-20 20:45:00+00:00,6,1.2119842
839025,ETHUSDT,2024-07-15 22:00:00+00:00,9,1.2181574
788576,ETHUSDT,2023-02-06 09:45:00+00:00,3,1.2554127
828210,ETHUSDT,2024-03-25 06:15:00+00:00,0,1.2752601
787715,ETHUSDT,2023-01-28 10:30:00+00:00,4,1.2032213
822367,ETHUSDT,2024-01-24 09:30:00+00:00,1,1.1261075
840489,ETHUSDT,2024-07-31 04:00:00+00:00,1,1.2432252
791041,ETHUSDT,2023-03-04 02:00:00+00:00,3,1.3919443
831014,ETHUSDT,2024-04-23 11:15:00+00:00,3,1.1434244
804178,ETHUSDT,2023-07-18 22:15:00+00:00,9,1.2972131
851570,ETHUSDT,2024-11-23 14:15:00+00:00,0,1.1594756
848061,ETHUSDT,2024-10-18 01:00:00+00:00,7,1.2304189
851577,ETHUSDT,2024-11-23 16:00:00+00:00,0,1.2359998
836660,ETHUSDT,2024-06-21 06:45:00+00:00,2,1.2183816
845032,ETHUSDT,2024-09-16 11:45:00+00:00,2,1.3091972
815437,ETHUSDT,2023-11-13 05:00:00+00:00,4,1.2151504
791799,ETHUSDT,2023-03-11 23:30:00+00:00,1,1.2738657
822552,ETHUSDT,2024-01-26 07:45:00+00:00,4,1.2082876
785185,ETHUSDT,2023-01-02 02:00:00+00:00,4,1.1765047
792137,ETHUSDT,2023-03-15 12:00:00+00:00,4,1.2248124
818370,ETHUSDT,2023-12-13 18:15:00+00:00,0,1.2557164
803495,ETHUSDT,2023-07-11 19:30:00+00:00,3,1.19715
828838,ETHUSDT,2024-03-31 19:15:00+00:00,0,1.1225821
852136,ETHUSDT,2024-11-29 11:45:00+00:00,0,1.2044102
807704,ETHUSDT,2023-08-24 15:45:00+00:00,4,1.1569629
842923,ETHUSDT,2024-08-25 12:30:00+00:00,2,1.2226719
854149,ETHUSDT,2024-12-20 11:00:00+00:00,4,1.3174505
835032,ETHUSDT,2024-06-04 07:45:00+00:00,2,1.2708887
804659,ETHUSDT,2023-07-23 22:30:00+00:00,8,1.2365689
837000,ETHUSDT,2024-06-24 19:45:00+00:00,3,1.1093634
792090,ETHUSDT,2023-03-15 00:15:00+00:00,3,1.2546883
804014,ETHUSDT,2023-07-17 05:15:00+00:00,0,1.1995336
845614,ETHUSDT,2024-09-22 13:15:00+00:00,5,1.2681653
853094,ETHUSDT,2024-12-09 11:15:00+00:00,7,1.1525964
835197,ETHUSDT,2024-06-06 01:00:00+00:00,2,1.317947
849660,ETHUSDT,2024-11-03 16:45:00+00:00,5,1.3280509
815737,ETHUSDT,2023-11-16 08:00:00+00:00,2,1.2649152
835242,ETHUSDT,2024-06-06 12:15:00+00:00,1,1.2318356
836148,ETHUSDT,2024-06-15 22:45:00+00:00,1,1.1759516
821629,ETHUSDT,2024-01-16 17:00:00+00:00,0,1.2221173
785624,ETHUSDT,2023-01-06 15:45:00+00:00,0,1.181716
799787,ETHUSDT,2023-06-03 04:30:00+00:00,8,1.2987419
800457,ETHUSDT,2023-06-10 04:00:00+00:00,4,1.2142657
805299,ETHUSDT,2023-07-30 14:30:00+00:00,5,1.1856973
795913,ETHUSDT,2023-04-23 20:00:00+00:00,7,1.2071016
809620,ETHUSDT,2023-09-13 14:45:00+00:00,0,1.0770953
821366,ETHUSDT,2024-01-13 23:15:00+00:00,0,1.1400039
830688,ETHUSDT,2024-04-20 01:45:00+00:00,8,1.2224724
809820,ETHUSDT,2023-09-15 16:45:00+00:00,7,1.3063982
810937,ETHUSDT,2023-09-27 08:00:00+00:00,2,1.2178415
836542,ETHUSDT,2024-06-20 01:15:00+00:00,6,1.2405088
838938,ETHUSDT,2024-07-15 00:15:00+00:00,0,1.4195814
801504,ETHUSDT,2023-06-21 01:45:00+00:00,0,1.222936
828520,ETHUSDT,2024-03-28 11:45:00+00:00,2,1.2871504
785503,ETHUSDT,2023-01-05 09:30:00+00:00,4,1.1629188
848056,ETHUSDT,2024-10-17 23:45:00+00:00,3,1.2179204
804021,ETHUSDT,2023-07-17 07:00:00+00:00,3,1.3143058
814617,ETHUSDT,2023-11-04 16:00:00+00:00,4,1.1746566
840679,ETHUSDT,2024-08-02 03:30:00+00:00,4,1.3238645
787333,ETHUSDT,2023-01-24 11:00:00+00:00,2,1.3016648
805421,ETHUSDT,2023-07-31 21:00:00+00:00,7,1.161341
840105,ETHUSDT,2024-07-27 04:00:00+00:00,8,1.2025609
815004,ETHUSDT,2023-11-08 16:45:00+00:00,0,1.1407449
839356,ETHUSDT,2024-07-19 08:45:00+00:00,4,1.1638714
830786,ETHUSDT,2024-04-21 02:15:00+00:00,1,1.1224332
816170,ETHUSDT,2023-11-20 20:15:00+00:00,8,1.1951282
805070,ETHUSDT,2023-07-28 05:15:00+00:00,1,1.1858233
791115,ETHUSDT,2023-03-04 20:30:00+00:00,7,1.049319
801461,ETHUSDT,2023-06-20 15:00:00+00:00,4,1.2841659
806924,ETHUSDT,2023-08-16 12:45:00+00:00,5,1.1827048
804094,ETHUSDT,2023-07-18 01:15:00+00:00,1,1.2086065
797509,ETHUSDT,2023-05-10 11:00:00+00:00,2,1.157059
787851,ETHUSDT,2023-01-29 20:30:00+00:00,0,1.2412689
792528,ETHUSDT,2023-03-19 13:45:00+00:00,2,1.1930664
854808,ETHUSDT,2024-12-27 07:45:00+00:00,4,1.2188157
798877,ETHUSDT,2023-05-24 17:00:00+00:00,4,1.2392929
794873,ETHUSDT,2023-04-13 00:00:00+00:00,0,1.1965048
827081,ETHUSDT,2024-03-13 12:00:00+00:00,2,1.2988969
801639,ETHUSDT,2023-06-22 11:30:00+00:00,4,1.2150024
785266,ETHUSDT,2023-01-02 22:15:00+00:00,6,1.3039258
788588,ETHUSDT,2023-02-06 12:45:00+00:00,5,1.2168565
789821,ETHUSDT,2023-02-19 09:00:00+00:00,2,1.1370114
806728,ETHUSDT,2023-08-14 11:45:00+00:00,2,1.243417
826989,ETHUSDT,2024-03-12 13:00:00+00:00,3,1.296062
829202,ETHUSDT,2024-04-04 14:15:00+00:00,0,1.2888436
788508,ETHUSDT,2023-02-05 16:45:00+00:00,7,1.0577482
798224,ETHUSDT,2023-05-17 21:45:00+00:00,9,1.3014716
826959,ETHUSDT,2024-03-12 05:30:00+00:00,2,1.1498137
802654,ETHUSDT,2023-07-03 01:15:00+00:00,6,1.2500119
848638,ETHUSDT,2024-10-24 01:15:00+00:00,0,1.2039188
836421,ETHUSDT,2024-06-18 19:00:00+00:00,7,1.1943979
815816,ETHUSDT,2023-11-17 03:45:00+00:00,1,1.2053773
790316,ETHUSDT,2023-02-24 12:45:00+00:00,4,1.2761735
852902,ETHUSDT,2024-12-07 11:15:00+00:00,1,1.3206564
821678,ETHUSDT,2024-01-17 05:15:00+00:00,2,1.2844408
805765,ETHUSDT,2023-08-04 11:00:00+00:00,1,1.1307142
846421,ETHUSDT,2024-09-30 23:00:00+00:00,3,1.2224389
836881,ETHUSDT,2024-06-23 14:00:00+00:00,7,1.2490731
812377,ETHUSDT,2023-10-12 08:00:00+00:00,2,1.1911532
828381,ETHUSDT,2024-03-27 01:00:00+00:00,0,1.1464636
854837,ETHUSDT,2024-12-27 15:00:00+00:00,4,1.2095364
817311,ETHUSDT,2023-12-02 17:30:00+00:00,6,1.1620038
790993,ETHUSDT,2023-03-03 14:00:00+00:00,1,1.2597123
830432,ETHUSDT,2024-04-17 09:45:00+00:00,2,1.1835938
831668,ETHUSDT,2024-04-30 06:45:00+00:00,7,1.2774819
833594,ETHUSDT,2024-05-20 08:15:00+00:00,5,1.2476665
795526,ETHUSDT,2023-04-19 19:15:00+00:00,8,1.2206438
816120,ETHUSDT,2023-11-20 07:45:00+00:00,3,1.0949812
838312,ETHUSDT,2024-07-08 11:45:00+00:00,0,1.1863439
846834,ETHUSDT,2024-10-05 06:15:00+00:00,1,1.2451811
846198,ETHUSDT,2024-09-28 15:15:00+00:00,7,1.2270187
809531,ETHUSDT,2023-09-12 16:30:00+00:00,5,1.3120669
847079,ETHUSDT,2024-10-07 19:30:00+00:00,4,1.1841435
837237,ETHUSDT,2024-06-27 07:00:00+00:00,8,1.2090708
810349,ETHUSDT,2023-09-21 05:00:00+00:00,3,1.1992756
819931,ETHUSDT,2023-12-30 00:30:00+00:00,1,1.2785882
788628,ETHUSDT,2023-02-06 22:45:00+00:00,4,1.1236248
854777,ETHUSDT,2024-12-27 00:00:00+00:00,3,1.3400289
831963,ETHUSDT,2024-05-03 08:30:00+00:00,4,1.1882033
827039,ETHUSDT,2024-03-13 01:30:00+00:00,1,1.356819
852785,ETHUSDT,2024-12-06 06:00:00+00:00,1,1.3475536
809122,ETHUSDT,2023-09-08 10:15:00+00:00,4,1.0667746
812665,ETHUSDT,2023-10-15 08:00:00+00:00,1,1.2475994
820734,ETHUSDT,2024-01-07 09:15:00+00:00,4,1.1557313
833354,ETHUSDT,2024-05-17 20:15:00+00:00,8,1.2551074
849298,ETHUSDT,2024-10-30 22:15:00+00:00,3,1.1633018
818819,ETHUSDT,2023-12-18 10:30:00+00:00,4,1.1845546
822128,ETHUSDT,2024-01-21 21:45:00+00:00,4,1.1389681
795580,ETHUSDT,2023-04-20 08:45:00+00:00,2,1.1414658
842800,ETHUSDT,2024-08-24 05:45:00+00:00,1,1.2687291
785575,ETHUSDT,2023-01-06 03:30:00+00:00,3,1.1769873
817233,ETHUSDT,2023-12-01 22:00:00+00:00,6,1.1655933
844160,ETHUSDT,2024-09-07 09:45:00+00:00,9,1.3913124
849486,ETHUSDT,2024-11-01 21:15:00+00:00,3,1.1964252
818398,ETHUSDT,2023-12-14 01:15:00+00:00,9,1.1853421
855085,ETHUSDT,2024-12-30 05:00:00+00:00,9,1.2101938
827802,ETHUSDT,2024-03-21 00:15:00+00:00,9,1.2763834
855033,ETHUSDT,2024-12-29 16:00:00+00:00,7,1.2724748
799538,ETHUSDT,2023-05-31 14:15:00+00:00,4,1.143611
811471,ETHUSDT,2023-10-02 21:30:00+00:00,7,1.2593285
805169,ETHUSDT,2023-07-29 06:00:00+00:00,8,1.2608365
834945,ETHUSDT,2024-06-03 10:00:00+00:00,2,1.2584385
851885,ETHUSDT,2024-11-26 21:00:00+00:00,5,1.2893305
834288,ETHUSDT,2024-05-27 13:45:00+00:00,5,1.1137016
785502,ETHUSDT,2023-01-05 09:15:00+00:00,4,1.14343
821959,ETHUSDT,2024-01-20 03:30:00+00:00,8,1.175937
838793,ETHUSDT,2024-07-13 12:00:00+00:00,1,1.1790718
846900,ETHUSDT,2024-10-05 22:45:00+00:00,0,1.180834
853276,ETHUSDT,2024-12-11 08:45:00+00:00,0,1.3331401
788575,ETHUSDT,2023-02-06 09:30:00+00:00,3,1.2007756
821167,ETHUSDT,2024-01-11 21:30:00+00:00,0,1.2164032
826452,ETHUSDT,2024-03-06 22:45:00+00:00,8,1.1286457
817570,ETHUSDT,2023-12-05 10:15:00+00:00,2,1.2906233
828198,ETHUSDT,2024-03-25 03:15:00+00:00,8,1.2367845
788989,ETHUSDT,2023-02-10 17:00:00+00:00,7,1.2624115
818306,ETHUSDT,2023-12-13 02:15:00+00:00,7,1.223246
845507,ETHUSDT,2024-09-21 10:30:00+00:00,8,1.1909382
827281,ETHUSDT,2024-03-15 14:00:00+00:00,0,1.2579131
838131,ETHUSDT,2024-07-06 14:30:00+00:00,5,1.1950394
802298,ETHUSDT,2023-06-29 08:15:00+00:00,1,1.1831617
797848,ETHUSDT,2023-05-13 23:45:00+00:00,6,1.3675497
853120,ETHUSDT,2024-12-09 17:45:00+00:00,4,1.1983027
809823,ETHUSDT,2023-09-15 17:30:00+00:00,7,1.2189682
822639,ETHUSDT,2024-01-27 05:30:00+00:00,8,1.1793365
838090,ETHUSDT,2024-07-06 04:15:00+00:00,1,1.2835343
832706,ETHUSDT,2024-05-11 02:15:00+00:00,8,1.2145847
810486,ETHUSDT,2023-09-22 15:15:00+00:00,5,1.2162098
821398,ETHUSDT,2024-01-14 07:15:00+00:00,2,1.2474089
805702,ETHUSDT,2023-08-03 19:15:00+00:00,9,1.2931173
836179,ETHUSDT,2024-06-16 06:30:00+00:00,8,1.2482227
800622,ETHUSDT,2023-06-11 21:15:00+00:00,9,1.124966
791804,ETHUSDT,2023-03-12 00:45:00+00:00,8,1.2159606
809550,ETHUSDT,2023-09-12 21:15:00+00:00,3,1.2094513
804195,ETHUSDT,2023-07-19 02:30:00+00:00,2,1.2375106
820248,ETHUSDT,2024-01-02 07:45:00+00:00,9,1.2628139
800394,ETHUSDT,2023-06-09 12:15:00+00:00,0,1.2318202
852624,ETHUSDT,2024-12-04 13:45:00+00:00,4,1.1940156
789708,ETHUSDT,2023-02-18 04:45:00+00:00,1,1.1469947
828715,ETHUSDT,2024-03-30 12:30:00+00:00,0,1.2133673
824215,ETHUSDT,2024-02-12 15:30:00+00:00,0,1.1777314
842535,ETHUSDT,2024-08-21 11:30:00+00:00,2,1.207462
824564,ETHUSDT,2024-02-16 06:45:00+00:00,1,1.2378887
813261,ETHUSDT,2023-10-21 13:00:00+00:00,1,1.2347205
819649,ETHUSDT,2023-12-27 02:00:00+00:00,1,1.1719036
843795,ETHUSDT,2024-09-03 14:30:00+00:00,4,1.2043403
830408,ETHUSDT,2024-04-17 03:45:00+00:00,2,1.3357508
800767,ETHUSDT,2023-06-13 09:30:00+00:00,2,1.2380716
797695,ETHUSDT,2023-05-12 09:30:00+00:00,1,1.3077863
795073,ETHUSDT,2023-04-15 02:00:00+00:00,8,1.2793112
819334,ETHUSDT,2023-12-23 19:15:00+00:00,0,1.1048293
852117,ETHUSDT,2024-11-29 07:00:00+00:00,4,1.2240373
816393,ETHUSDT,2023-11-23 04:00:00+00:00,2,1.2639912
835739,ETHUSDT,2024-06-11 16:30:00+00:00,4,1.1134402
813661,ETHUSDT,2023-10-25 17:00:00+00:00,4,1.291664
813170,ETHUSDT,2023-10-20 14:15:00+00:00,4,1.2461412
823519,ETHUSDT,2024-02-05 09:30:00+00:00,0,1.1232415
819598,ETHUSDT,2023-12-26 13:15:00+00:00,2,1.3265436
826619,ETHUSDT,2024-03-08 16:30:00+00:00,4,1.0868268
819410,ETHUSDT,2023-12-24 14:15:00+00:00,0,1.184319
821188,ETHUSDT,2024-01-12 02:45:00+00:00,1,1.1393695
811033,ETHUSDT,2023-09-28 08:00:00+00:00,0,1.253876
837660,ETHUSDT,2024-07-01 16:45:00+00:00,6,1.115298
820586,ETHUSDT,2024-01-05 20:15:00+00:00,3,1.1997918
848978,ETHUSDT,2024-10-27 14:15:00+00:00,0,1.255488
811061,ETHUSDT,2023-09-28 15:00:00+00:00,9,1.2562442
837367,ETHUSDT,2024-06-28 15:30:00+00:00,4,1.1457268
812113,ETHUSDT,2023-10-09 14:00:00+00:00,3,1.1407063
792033,ETHUSDT,2023-03-14 10:00:00+00:00,3,1.2215439
816840,ETHUSDT,2023-11-27 19:45:00+00:00,4,1.1192838
794183,ETHUSDT,2023-04-05 19:30:00+00:00,0,1.1602963
823109,ETHUSDT,2024-02-01 03:00:00+00:00,1,1.2601149
790117,ETHUSDT,2023-02-22 11:00:00+00:00,3,1.206358
810307,ETHUSDT,2023-09-20 18:30:00+00:00,9,1.2356116
805778,ETHUSDT,2023-08-04 14:15:00+00:00,5,1.2123048
800350,ETHUSDT,2023-06-09 01:15:00+00:00,8,1.271308
803910,ETHUSDT,2023-07-16 03:15:00+00:00,7,1.3245571
806912,ETHUSDT,2023-08-16 09:45:00+00:00,3,1.2913351
819762,ETHUSDT,2023-12-28 06:15:00+00:00,8,1.3293424
787642,ETHUSDT,2023-01-27 16:15:00+00:00,4,1.2105249
819246,ETHUSDT,2023-12-22 21:15:00+00:00,8,1.2546583
841850,ETHUSDT,2024-08-14 08:15:00+00:00,9,1.2641397
817039,ETHUSDT,2023-11-29 21:30:00+00:00,7,1.2772738
842284,ETHUSDT,2024-08-18 20:45:00+00:00,6,1.2230588
847734,ETHUSDT,2024-10-14 15:15:00+00:00,0,1.1230367
813796,ETHUSDT,2023-10-27 02:45:00+00:00,4,1.2691287
804494,ETHUSDT,2023-07-22 05:15:00+00:00,8,1.189828
819627,ETHUSDT,2023-12-26 20:30:00+00:00,3,1.2001921
846366,ETHUSDT,2024-09-30 09:15:00+00:00,5,1.2890108
853465,ETHUSDT,2024-12-13 08:00:00+00:00,8,1.1888142
793456,ETHUSDT,2023-03-29 05:45:00+00:00,9,1.1518943
833327,ETHUSDT,2024-05-17 13:30:00+00:00,0,1.249037
830149,ETHUSDT,2024-04-14 11:00:00+00:00,8,1.2372509
825186,ETHUSDT,2024-02-22 18:15:00+00:00,3,1.1896776
816298,ETHUSDT,2023-11-22 04:15:00+00:00,3,1.2207258
814760,ETHUSDT,2023-11-06 03:45:00+00:00,8,1.3517567
816872,ETHUSDT,2023-11-28 03:45:00+00:00,2,1.1965601
836060,ETHUSDT,2024-06-15 00:45:00+00:00,1,1.1791704
849490,ETHUSDT,2024-11-01 22:15:00+00:00,3,1.2428174
838165,ETHUSDT,2024-07-06 23:00:00+00:00,9,1.2944902
803351,ETHUSDT,2023-07-10 07:30:00+00:00,4,1.1362697
788711,ETHUSDT,2023-02-07 19:30:00+00:00,0,1.2432895
787780,ETHUSDT,2023-01-29 02:45:00+00:00,0,1.3291086
793938,ETHUSDT,2023-04-03 06:15:00+00:00,3,1.2528291
853897,ETHUSDT,2024-12-17 20:00:00+00:00,3,1.3161899
825612,ETHUSDT,2024-02-27 04:45:00+00:00,0,1.3223529
797227,ETHUSDT,2023-05-07 12:30:00+00:00,5,1.2658507
808788,ETHUSDT,2023-09-04 22:45:00+00:00,4,1.2193238
787904,ETHUSDT,2023-01-30 09:45:00+00:00,4,1.1250172
824964,ETHUSDT,2024-02-20 10:45:00+00:00,4,1.4214109
843967,ETHUSDT,2024-09-05 09:30:00+00:00,4,1.1937091
793182,ETHUSDT,2023-03-26 09:15:00+00:00,0,1.16271
850759,ETHUSDT,2024-11-15 03:30:00+00:00,3,1.1352974
793728,ETHUSDT,2023-04-01 01:45:00+00:00,9,1.272586
788013,ETHUSDT,2023-01-31 13:00:00+00:00,2,1.2383676
812893,ETHUSDT,2023-10-17 17:00:00+00:00,3,1.1980301
852810,ETHUSDT,2024-12-06 12:15:00+00:00,1,1.2962273
790746,ETHUSDT,2023-03-01 00:15:00+00:00,7,1.4314984
786081,ETHUSDT,2023-01-11 10:00:00+00:00,1,1.1858082
820476,ETHUSDT,2024-01-04 16:45:00+00:00,0,1.3152527
832885,ETHUSDT,2024-05-12 23:00:00+00:00,6,1.3470179
832815,ETHUSDT,2024-05-12 05:30:00+00:00,3,1.2272049
811585,ETHUSDT,2023-10-04 02:00:00+00:00,4,1.260596
839958,ETHUSDT,2024-07-25 15:15:00+00:00,5,1.1639245
811189,ETHUSDT,2023-09-29 23:00:00+00:00,6,1.1284792
855103,ETHUSDT,2024-12-30 09:30:00+00:00,3,1.2904899
786625,ETHUSDT,2023-01-17 02:00:00+00:00,4,1.1644017
837437,ETHUSDT,2024-06-29 09:00:00+00:00,1,1.2150004
829943,ETHUSDT,2024-04-12 07:30:00+00:00,1,1.2180711
801698,ETHUSDT,2023-06-23 02:15:00+00:00,4,1.1391565
843948,ETHUSDT,2024-09-05 04:45:00+00:00,4,1.1770046
825778,ETHUSDT,2024-02-28 22:15:00+00:00,3,1.211444
828143,ETHUSDT,2024-03-24 13:30:00+00:00,9,1.2049043
791066,ETHUSDT,2023-03-04 08:15:00+00:00,8,1.1599921
788260,ETHUSDT,2023-02-03 02:45:00+00:00,7,1.324067
791629,ETHUSDT,2023-03-10 05:00:00+00:00,4,1.306338
825088,ETHUSDT,2024-02-21 17:45:00+00:00,7,1.1712723
789557,ETHUSDT,2023-02-16 15:00:00+00:00,5,1.1988566
824029,ETHUSDT,2024-02-10 17:00:00+00:00,6,1.1122829
820731,ETHUSDT,2024-01-07 08:30:00+00:00,5,1.1824306
795934,ETHUSDT,2023-04-24 01:15:00+00:00,0,1.2373904
851060,ETHUSDT,2024-11-18 06:45:00+00:00,0,1.1819216
836598,ETHUSDT,2024-06-20 15:15:00+00:00,4,1.3035983
850204,ETHUSDT,2024-11-09 08:45:00+00:00,1,1.3203056
791333,ETHUSDT,2023-03-07 03:00:00+00:00,0,1.1329142
797107,ETHUSDT,2023-05-06 06:30:00+00:00,8,1.178975
797824,ETHUSDT,2023-05-13 17:45:00+00:00,7,1.179321
803092,ETHUSDT,2023-07-07 14:45:00+00:00,0,1.2020564
845013,ETHUSDT,2024-09-16 07:00:00+00:00,3,1.1401454
839826,ETHUSDT,2024-07-24 06:15:00+00:00,3,1.1717509
808537,ETHUSDT,2023-09-02 08:00:00+00:00,1,1.2323221
828383,ETHUSDT,2024-03-27 01:30:00+00:00,0,1.2590945
838126,ETHUSDT,2024-07-06 13:15:00+00:00,1,1.1936622
821677,ETHUSDT,2024-01-17 05:00:00+00:00,2,1.2918823
845197,ETHUSDT,2024-09-18 05:00:00+00:00,3,1.3288211
792588,ETHUSDT,2023-03-20 04:45:00+00:00,7,1.3344913
801971,ETHUSDT,2023-06-25 22:30:00+00:00,3,1.1587707
802419,ETHUSDT,2023-06-30 14:30:00+00:00,4,1.1052716
795424,ETHUSDT,2023-04-18 17:45:00+00:00,4,1.1101613
847075,ETHUSDT,2024-10-07 18:30:00+00:00,4,1.2773813
795267,ETHUSDT,2023-04-17 02:30:00+00:00,8,1.2608728
845226,ETHUSDT,2024-09-18 12:15:00+00:00,2,1.1717049
836301,ETHUSDT,2024-06-17 13:00:00+00:00,7,1.2357966
796184,ETHUSDT,2023-04-26 15:45:00+00:00,9,1.2042612
825115,ETHUSDT,2024-02-22 00:30:00+00:00,0,1.2031275
792560,ETHUSDT,2023-03-19 21:45:00+00:00,8,1.2969276
812242,ETHUSDT,2023-10-10 22:15:00+00:00,3,1.2785182
840930,ETHUSDT,2024-08-04 18:15:00+00:00,7,1.1381487
833871,ETHUSDT,2024-05-23 05:30:00+00:00,0,1.2014422
813104,ETHUSDT,2023-10-19 21:45:00+00:00,9,1.2606889
833963,ETHUSDT,2024-05-24 04:30:00+00:00,1,1.3293718
819179,ETHUSDT,2023-12-22 04:30:00+00:00,9,1.1686667
823563,ETHUSDT,2024-02-05 20:30:00+00:00,7,1.2238133
801922,ETHUSDT,2023-06-25 10:15:00+00:00,9,1.2586013
848544,ETHUSDT,2024-10-23 01:45:00+00:00,2,1.3005624
827262,ETHUSDT,2024-03-15 09:15:00+00:00,7,1.1932997
805278,ETHUSDT,2023-07-30 09:15:00+00:00,7,1.2963926
846467,ETHUSDT,2024-10-01 10:30:00+00:00,2,1.2197855
795375,ETHUSDT,2023-04-18 05:30:00+00:00,3,1.1966295
812738,ETHUSDT,2023-10-16 02:15:00+00:00,9,1.2495371
835750,ETHUSDT,2024-06-11 19:15:00+00:00,3,1.2642572
827303,ETHUSDT,2024-03-15 19:30:00+00:00,0,1.1068993
825024,ETHUSDT,2024-02-21 01:45:00+00:00,2,1.2173309
827518,ETHUSDT,2024-03-18 01:15:00+00:00,4,1.212776
808150,ETHUSDT,2023-08-29 07:15:00+00:00,2,1.185569
828389,ETHUSDT,2024-03-27 03:00:00+00:00,9,1.2163289
852464,ETHUSDT,2024-12-02 21:45:00+00:00,3,1.1837654
801630,ETHUSDT,2023-06-22 09:15:00+00:00,2,1.1716717
830494,ETHUSDT,2024-04-18 01:15:00+00:00,9,1.2563428
807015,ETHUSDT,2023-08-17 11:30:00+00:00,4,1.2123221
804552,ETHUSDT,2023-07-22 19:45:00+00:00,5,1.3285446
787648,ETHUSDT,2023-01-27 17:45:00+00:00,6,1.2349256
822933,ETHUSDT,2024-01-30 07:00:00+00:00,4,1.2020532
803315,ETHUSDT,2023-07-09 22:30:00+00:00,4,1.1968439
809983,ETHUSDT,2023-09-17 09:30:00+00:00,9,1.1177417
842592,ETHUSDT,2024-08-22 01:45:00+00:00,8,1.223375
841988,ETHUSDT,2024-08-15 18:45:00+00:00,4,1.2127432
811680,ETHUSDT,2023-10-05 01:45:00+00:00,2,1.3012037
785482,ETHUSDT,2023-01-05 04:15:00+00:00,2,1.266777
840968,ETHUSDT,2024-08-05 03:45:00+00:00,7,1.2917417
826612,ETHUSDT,2024-03-08 14:45:00+00:00,0,1.095981
787924,ETHUSDT,2023-01-30 14:45:00+00:00,3,1.2197697
852514,ETHUSDT,2024-12-03 10:15:00+00:00,2,1.2666786
823133,ETHUSDT,2024-02-01 09:00:00+00:00,1,1.2289788
797566,ETHUSDT,2023-05-11 01:15:00+00:00,4,1.2466779
818229,ETHUSDT,2023-12-12 07:00:00+00:00,4,1.1983109
786101,ETHUSDT,2023-01-11 15:00:00+00:00,4,1.1167009
796049,ETHUSDT,2023-04-25 06:00:00+00:00,4,1.1870831
799779,ETHUSDT,2023-06-03 02:30:00+00:00,8,1.2065039
944359,LINKUSDT,2023-10-24 03:45:00+00:00,2,1.2527804
952063,LINKUSDT,2024-01-12 09:45:00+00:00,1,1.1986876
981985,LINKUSDT,2024-11-19 02:15:00+00:00,2,1.2785525
985646,LINKUSDT,2024-12-27 05:30:00+00:00,4,1.226428
925695,LINKUSDT,2023-04-12 17:45:00+00:00,9,1.3386077
950703,LINKUSDT,2023-12-29 05:45:00+00:00,3,1.2413324
930833,LINKUSDT,2023-06-05 06:15:00+00:00,7,1.2847747
945598,LINKUSDT,2023-11-06 01:30:00+00:00,0,1.3369673
951044,LINKUSDT,2024-01-01 19:00:00+00:00,0,1.1659715
978363,LINKUSDT,2024-10-12 08:45:00+00:00,1,1.2479174
965249,LINKUSDT,2024-05-28 18:15:00+00:00,0,1.2474207
946614,LINKUSDT,2023-11-16 15:30:00+00:00,4,1.1536863
952749,LINKUSDT,2024-01-19 13:15:00+00:00,9,1.1927788
960720,LINKUSDT,2024-04-11 14:00:00+00:00,4,1.1890005
981476,LINKUSDT,2024-11-13 19:00:00+00:00,8,1.3051906
953943,LINKUSDT,2024-01-31 23:45:00+00:00,9,1.3564582
928194,LINKUSDT,2023-05-08 18:30:00+00:00,4,1.0964416
922924,LINKUSDT,2023-03-14 21:00:00+00:00,8,1.1440303
928388,LINKUSDT,2023-05-10 19:00:00+00:00,3,1.2432771
965344,LINKUSDT,2024-05-29 18:00:00+00:00,8,1.1853837
974307,LINKUSDT,2024-08-31 02:45:00+00:00,1,1.2076716
940451,LINKUSDT,2023-09-13 10:45:00+00:00,1,1.1806116
957652,LINKUSDT,2024-03-10 15:00:00+00:00,4,1.2308282
985199,LINKUSDT,2024-12-22 13:45:00+00:00,2,1.2454302
923125,LINKUSDT,2023-03-16 23:15:00+00:00,1,1.1864268
974452,LINKUSDT,2024-09-01 15:00:00+00:00,7,1.1753356
927547,LINKUSDT,2023-05-02 00:45:00+00:00,3,1.2247618
972139,LINKUSDT,2024-08-08 12:45:00+00:00,0,1.1319788
950740,LINKUSDT,2023-12-29 15:00:00+00:00,0,1.2514656
976185,LINKUSDT,2024-09-19 16:15:00+00:00,9,1.2980617
959572,LINKUSDT,2024-03-30 15:00:00+00:00,8,1.2296811
984085,LINKUSDT,2024-12-10 23:15:00+00:00,3,1.2716004
955255,LINKUSDT,2024-02-14 15:45:00+00:00,4,1.1387215
936388,LINKUSDT,2023-08-02 03:00:00+00:00,0,1.2058151
923418,LINKUSDT,2023-03-20 00:30:00+00:00,4,1.1772078
921783,LINKUSDT,2023-03-02 23:45:00+00:00,8,1.2449664
972363,LINKUSDT,2024-08-10 20:45:00+00:00,6,1.1193049
923803,LINKUSDT,2023-03-24 00:45:00+00:00,9,1.2135909
957586,LINKUSDT,2024-03-09 22:30:00+00:00,3,1.1516508
969304,LINKUSDT,2024-07-10 00:00:00+00:00,2,1.3011755
924370,LINKUSDT,2023-03-29 22:30:00+00:00,6,1.3178674
962546,LINKUSDT,2024-04-30 14:30:00+00:00,7,1.238687
973066,LINKUSDT,2024-08-18 04:30:00+00:00,8,1.1870979
969654,LINKUSDT,2024-07-13 15:30:00+00:00,5,1.1590097
930010,LINKUSDT,2023-05-27 16:30:00+00:00,5,1.1713423
951276,LINKUSDT,2024-01-04 05:00:00+00:00,1,1.2667096
959476,LINKUSDT,2024-03-29 15:00:00+00:00,0,1.2578039
961683,LINKUSDT,2024-04-21 14:45:00+00:00,5,1.1845438
951139,LINKUSDT,2024-01-02 18:45:00+00:00,7,1.1524253
947557,LINKUSDT,2023-11-26 11:15:00+00:00,9,1.2119423
921576,LINKUSDT,2023-02-28 20:00:00+00:00,4,1.1491535
930836,LINKUSDT,2023-06-05 07:00:00+00:00,7,1.2724559
936153,LINKUSDT,2023-07-30 16:15:00+00:00,7,1.2850097
977233,LINKUSDT,2024-09-30 14:15:00+00:00,7,1.2359129
985535,LINKUSDT,2024-12-26 01:45:00+00:00,7,1.200699
966421,LINKUSDT,2024-06-09 23:15:00+00:00,9,1.2113211
965390,LINKUSDT,2024-05-30 05:30:00+00:00,9,1.228082
935880,LINKUSDT,2023-07-27 20:00:00+00:00,3,1.208583
921619,LINKUSDT,2023-03-01 06:45:00+00:00,1,1.2103769
929559,LINKUSDT,2023-05-22 23:45:00+00:00,2,1.2253027
965680,LINKUSDT,2024-06-02 06:00:00+00:00,8,1.3573672
923881,LINKUSDT,2023-03-24 20:15:00+00:00,8,1.229227
930239,LINKUSDT,2023-05-30 01:45:00+00:00,9,1.3185488
944040,LINKUSDT,2023-10-20 20:00:00+00:00,6,1.2492404
937182,LINKUSDT,2023-08-10 09:30:00+00:00,2,1.2005942
922137,LINKUSDT,2023-03-06 16:15:00+00:00,0,1.2195733
961359,LINKUSDT,2024-04-18 05:45:00+00:00,3,1.2788097
963669,LINKUSDT,2024-05-12 07:15:00+00:00,1,1.2812647
958444,LINKUSDT,2024-03-18 21:00:00+00:00,3,1.325991
922443,LINKUSDT,2023-03-09 20:45:00+00:00,4,1.0519353
957953,LINKUSDT,2024-03-13 18:15:00+00:00,7,1.1494336
971340,LINKUSDT,2024-07-31 05:00:00+00:00,8,1.2201983
961337,LINKUSDT,2024-04-18 00:15:00+00:00,2,1.2402432
962766,LINKUSDT,2024-05-02 21:30:00+00:00,0,1.220223
973914,LINKUSDT,2024-08-27 00:30:00+00:00,7,1.2422261
944723,LINKUSDT,2023-10-27 22:45:00+00:00,6,1.220766
932746,LINKUSDT,2023-06-25 04:30:00+00:00,0,1.1974148
984108,LINKUSDT,2024-12-11 05:00:00+00:00,1,1.2293023
974855,LINKUSDT,2024-09-05 19:45:00+00:00,7,1.2518429
926981,LINKUSDT,2023-04-26 03:15:00+00:00,2,1.2543931
938710,LINKUSDT,2023-08-26 07:30:00+00:00,8,1.1361624
983529,LINKUSDT,2024-12-05 04:15:00+00:00,3,1.2701546
928458,LINKUSDT,2023-05-11 12:30:00+00:00,3,1.190736
941711,LINKUSDT,2023-09-26 13:45:00+00:00,4,1.2541318
978898,LINKUSDT,2024-10-17 22:30:00+00:00,3,1.2185645
964452,LINKUSDT,2024-05-20 11:00:00+00:00,3,1.2612933
920395,LINKUSDT,2023-02-16 12:45:00+00:00,5,1.2459271
919859,LINKUSDT,2023-02-10 22:45:00+00:00,8,1.3583598
952031,LINKUSDT,2024-01-12 01:45:00+00:00,2,1.2248358
920442,LINKUSDT,2023-02-17 00:30:00+00:00,7,1.2750485
975590,LINKUSDT,2024-09-13 11:30:00+00:00,0,1.2547961
939717,LINKUSDT,2023-09-05 19:15:00+00:00,9,1.2255112
976035,LINKUSDT,2024-09-18 02:45:00+00:00,3,1.2651572
926146,LINKUSDT,2023-04-17 10:30:00+00:00,4,1.1778058
954265,LINKUSDT,2024-02-04 08:15:00+00:00,7,1.1667838
927598,LINKUSDT,2023-05-02 13:30:00+00:00,7,1.2792691
954899,LINKUSDT,2024-02-10 22:45:00+00:00,9,1.2656311
970891,LINKUSDT,2024-07-26 12:45:00+00:00,8,1.2640266
956916,LINKUSDT,2024-03-02 23:00:00+00:00,8,1.1665133
983059,LINKUSDT,2024-11-30 06:45:00+00:00,0,1.1909441
972639,LINKUSDT,2024-08-13 17:45:00+00:00,0,1.1657369
978965,LINKUSDT,2024-10-18 15:15:00+00:00,5,1.3436236
983709,LINKUSDT,2024-12-07 01:15:00+00:00,8,1.3713484
961866,LINKUSDT,2024-04-23 12:30:00+00:00,7,1.1840622
943542,LINKUSDT,2023-10-15 15:30:00+00:00,4,1.2509003
945121,LINKUSDT,2023-11-01 02:15:00+00:00,2,1.2180145
919263,LINKUSDT,2023-02-04 17:45:00+00:00,0,1.2326515
920877,LINKUSDT,2023-02-21 13:15:00+00:00,7,1.2246962
924322,LINKUSDT,2023-03-29 10:30:00+00:00,9,1.3252892
982613,LINKUSDT,2024-11-25 15:15:00+00:00,4,1.1701101
934707,LINKUSDT,2023-07-15 14:45:00+00:00,8,1.2880758
923499,LINKUSDT,2023-03-20 20:45:00+00:00,3,1.2599275
935232,LINKUSDT,2023-07-21 02:00:00+00:00,9,1.1796896
929758,LINKUSDT,2023-05-25 01:30:00+00:00,4,1.2686199
940025,LINKUSDT,2023-09-09 00:15:00+00:00,8,1.2402239
959151,LINKUSDT,2024-03-26 05:45:00+00:00,1,1.2991097
942819,LINKUSDT,2023-10-08 02:45:00+00:00,5,1.3230233
939081,LINKUSDT,2023-08-30 04:15:00+00:00,2,1.26386
922052,LINKUSDT,2023-03-05 19:00:00+00:00,1,1.3316731
917069,LINKUSDT,2023-01-12 21:15:00+00:00,0,1.158878
960520,LINKUSDT,2024-04-09 12:00:00+00:00,3,1.2072415
929342,LINKUSDT,2023-05-20 17:30:00+00:00,6,1.2957557
929600,LINKUSDT,2023-05-23 10:00:00+00:00,2,1.2190877
935653,LINKUSDT,2023-07-25 11:15:00+00:00,3,1.3479416
918188,LINKUSDT,2023-01-24 13:00:00+00:00,2,1.2048322
952103,LINKUSDT,2024-01-12 19:45:00+00:00,7,1.283812
985997,LINKUSDT,2024-12-30 21:15:00+00:00,3,1.4159768
950433,LINKUSDT,2023-12-26 10:15:00+00:00,7,1.3073592
970139,LINKUSDT,2024-07-18 16:45:00+00:00,4,1.1501797
955331,LINKUSDT,2024-02-15 10:45:00+00:00,3,1.2414805
935336,LINKUSDT,2023-07-22 04:00:00+00:00,1,1.2026294
958034,LINKUSDT,2024-03-14 14:30:00+00:00,8,1.2972019
952669,LINKUSDT,2024-01-18 17:15:00+00:00,4,1.0211071
930732,LINKUSDT,2023-06-04 05:00:00+00:00,3,1.375811
970017,LINKUSDT,2024-07-17 10:15:00+00:00,1,1.1616905
947460,LINKUSDT,2023-11-25 11:00:00+00:00,5,1.2642411
932334,LINKUSDT,2023-06-20 21:30:00+00:00,9,1.2897738
948195,LINKUSDT,2023-12-03 02:45:00+00:00,6,1.18205
927285,LINKUSDT,2023-04-29 07:15:00+00:00,1,1.2709082
937708,LINKUSDT,2023-08-15 21:00:00+00:00,4,1.266506
969858,LINKUSDT,2024-07-15 18:30:00+00:00,0,1.3148878
984037,LINKUSDT,2024-12-10 11:15:00+00:00,2,1.4025378
949060,LINKUSDT,2023-12-12 03:00:00+00:00,0,1.2802767
917425,LINKUSDT,2023-01-16 14:15:00+00:00,4,1.3050833
981387,LINKUSDT,2024-11-12 20:45:00+00:00,3,1.3071504
963071,LINKUSDT,2024-05-06 01:45:00+00:00,3,1.1728503
963675,LINKUSDT,2024-05-12 08:45:00+00:00,5,1.2751883
957427,LINKUSDT,2024-03-08 06:45:00+00:00,1,1.2596006
918773,LINKUSDT,2023-01-30 15:15:00+00:00,3,1.2499527
973094,LINKUSDT,2024-08-18 11:30:00+00:00,0,1.1924744
954479,LINKUSDT,2024-02-06 13:45:00+00:00,4,1.1884693
935792,LINKUSDT,2023-07-26 22:00:00+00:00,0,1.2810322
980603,LINKUSDT,2024-11-04 16:45:00+00:00,4,1.1150522
977599,LINKUSDT,2024-10-04 09:45:00+00:00,1,1.3048145
945616,LINKUSDT,2023-11-06 06:00:00+00:00,0,1.2432349
953552,LINKUSDT,2024-01-27 22:00:00+00:00,6,1.1414764
972360,LINKUSDT,2024-08-10 20:00:00+00:00,6,1.2081925
952179,LINKUSDT,2024-01-13 14:45:00+00:00,1,1.1591551
982254,LINKUSDT,2024-11-21 21:30:00+00:00,2,1.2676839
959055,LINKUSDT,2024-03-25 05:45:00+00:00,0,1.1691496
969049,LINKUSDT,2024-07-07 08:15:00+00:00,7,1.2801524
971242,LINKUSDT,2024-07-30 04:30:00+00:00,3,1.2341121
929157,LINKUSDT,2023-05-18 19:15:00+00:00,7,1.0392923
969233,LINKUSDT,2024-07-09 06:15:00+00:00,3,1.3177071
925255,LINKUSDT,2023-04-08 03:45:00+00:00,9,1.3145001
943023,LINKUSDT,2023-10-10 05:45:00+00:00,1,1.2652019
982997,LINKUSDT,2024-11-29 15:15:00+00:00,0,1.2362168
946327,LINKUSDT,2023-11-13 15:45:00+00:00,3,1.154027
922210,LINKUSDT,2023-03-07 10:30:00+00:00,4,1.2308416
948477,LINKUSDT,2023-12-06 01:15:00+00:00,0,1.2260374
953031,LINKUSDT,2024-01-22 11:45:00+00:00,4,1.27906
933483,LINKUSDT,2023-07-02 20:45:00+00:00,3,1.3069688
963612,LINKUSDT,2024-05-11 17:00:00+00:00,4,1.158441
949881,LINKUSDT,2023-12-20 16:15:00+00:00,0,1.221581
936738,LINKUSDT,2023-08-05 18:30:00+00:00,6,1.2530842
929317,LINKUSDT,2023-05-20 11:15:00+00:00,2,1.3427776
982556,LINKUSDT,2024-11-25 01:00:00+00:00,8,1.3740617
957194,LINKUSDT,2024-03-05 20:30:00+00:00,7,1.1733711
957320,LINKUSDT,2024-03-07 04:00:00+00:00,2,1.1395754
940577,LINKUSDT,2023-09-14 18:15:00+00:00,0,1.2607294
943209,LINKUSDT,2023-10-12 04:15:00+00:00,4,1.2034876
976592,LINKUSDT,2024-09-23 22:00:00+00:00,6,1.3408778
962127,LINKUSDT,2024-04-26 05:45:00+00:00,3,1.2802579
953326,LINKUSDT,2024-01-25 13:30:00+00:00,4,1.1781007
947857,LINKUSDT,2023-11-29 14:15:00+00:00,5,1.2782133
968999,LINKUSDT,2024-07-06 19:45:00+00:00,9,1.328175
945824,LINKUSDT,2023-11-08 10:00:00+00:00,2,1.2717785
964599,LINKUSDT,2024-05-21 23:45:00+00:00,1,1.1517588
957970,LINKUSDT,2024-03-13 22:30:00+00:00,0,1.2343564
966169,LINKUSDT,2024-06-07 08:15:00+00:00,9,1.2004094
980618,LINKUSDT,2024-11-04 20:30:00+00:00,3,1.2441386
929737,LINKUSDT,2023-05-24 20:15:00+00:00,3,1.3013946
960346,LINKUSDT,2024-04-07 16:30:00+00:00,5,1.2660334
933191,LINKUSDT,2023-06-29 19:45:00+00:00,7,1.3129115
960991,LINKUSDT,2024-04-14 09:45:00+00:00,2,1.2419659
927593,LINKUSDT,2023-05-02 12:15:00+00:00,2,1.254096
945358,LINKUSDT,2023-11-03 13:30:00+00:00,5,1.2918094
940185,LINKUSDT,2023-09-10 16:15:00+00:00,4,1.1695763
985374,LINKUSDT,2024-12-24 09:30:00+00:00,5,1.2872018
962556,LINKUSDT,2024-04-30 17:00:00+00:00,7,1.1098963
926421,LINKUSDT,2023-04-20 07:15:00+00:00,2,1.2139124
954024,LINKUSDT,2024-02-01 20:00:00+00:00,9,1.1414202
917759,LINKUSDT,2023-01-20 01:45:00+00:00,9,1.1826735
923449,LINKUSDT,2023-03-20 08:15:00+00:00,0,1.2165114
916898,LINKUSDT,2023-01-11 02:30:00+00:00,3,1.2279553
927907,LINKUSDT,2023-05-05 18:45:00+00:00,9,1.1871271
917779,LINKUSDT,2023-01-20 06:45:00+00:00,8,1.2616096
949156,LINKUSDT,2023-12-13 03:00:00+00:00,4,1.3848938
949526,LINKUSDT,2023-12-16 23:30:00+00:00,7,1.192579
945185,LINKUSDT,2023-11-01 18:15:00+00:00,0,1.1996262
933285,LINKUSDT,2023-06-30 19:15:00+00:00,0,1.1924433
976435,LINKUSDT,2024-09-22 06:45:00+00:00,5,1.3495584
985025,LINKUSDT,2024-12-20 18:15:00+00:00,9,1.1531473
923236,LINKUSDT,2023-03-18 03:00:00+00:00,9,1.2381382
943603,LINKUSDT,2023-10-16 06:45:00+00:00,0,1.1515882
947371,LINKUSDT,2023-11-24 12:45:00+00:00,1,1.165411
965505,LINKUSDT,2024-05-31 10:15:00+00:00,1,1.2194018
931969,LINKUSDT,2023-06-17 02:15:00+00:00,4,1.2320911
940284,LINKUSDT,2023-09-11 17:00:00+00:00,4,1.1809095
955296,LINKUSDT,2024-02-15 02:00:00+00:00,4,1.2377943
980401,LINKUSDT,2024-11-02 14:15:00+00:00,4,1.1750598
983929,LINKUSDT,2024-12-09 08:15:00+00:00,4,1.1824269
976873,LINKUSDT,2024-09-26 20:15:00+00:00,8,1.2397662
932399,LINKUSDT,2023-06-21 13:45:00+00:00,1,1.163414
938817,LINKUSDT,2023-08-27 10:15:00+00:00,0,1.2041316
925553,LINKUSDT,2023-04-11 06:15:00+00:00,9,1.261335
920985,LINKUSDT,2023-02-22 16:15:00+00:00,4,1.1205381
949411,LINKUSDT,2023-12-15 18:45:00+00:00,6,1.1494578
974356,LINKUSDT,2024-08-31 15:00:00+00:00,8,1.2251874
941551,LINKUSDT,2023-09-24 21:45:00+00:00,8,1.2857502
941579,LINKUSDT,2023-09-25 04:45:00+00:00,0,1.304995
975196,LINKUSDT,2024-09-09 09:00:00+00:00,0,1.1289897
919740,LINKUSDT,2023-02-09 17:00:00+00:00,4,1.265491
958778,LINKUSDT,2024-03-22 08:30:00+00:00,1,1.2397697
983864,LINKUSDT,2024-12-08 16:00:00+00:00,8,1.2291065
985249,LINKUSDT,2024-12-23 02:15:00+00:00,7,1.2187641
969044,LINKUSDT,2024-07-07 07:00:00+00:00,2,1.2303736
930049,LINKUSDT,2023-05-28 02:15:00+00:00,0,1.2358173
969587,LINKUSDT,2024-07-12 22:45:00+00:00,9,1.1574428
940097,LINKUSDT,2023-09-09 18:15:00+00:00,7,1.3098323
964425,LINKUSDT,2024-05-20 04:15:00+00:00,0,1.2201701
980945,LINKUSDT,2024-11-08 06:15:00+00:00,9,1.2671399
922657,LINKUSDT,2023-03-12 02:15:00+00:00,8,1.1980735
939550,LINKUSDT,2023-09-04 01:30:00+00:00,9,1.2003435
972271,LINKUSDT,2024-08-09 21:45:00+00:00,6,1.220274
955946,LINKUSDT,2024-02-21 20:30:00+00:00,3,1.238714
963354,LINKUSDT,2024-05-09 00:30:00+00:00,3,1.2898977
922254,LINKUSDT,2023-03-07 21:30:00+00:00,4,1.2815742
941686,LINKUSDT,2023-09-26 07:30:00+00:00,4,1.2504383
920911,LINKUSDT,2023-02-21 21:45:00+00:00,4,1.1504967
969074,LINKUSDT,2024-07-07 14:30:00+00:00,4,1.17641
974539,LINKUSDT,2024-09-02 12:45:00+00:00,8,1.3551484
921962,LINKUSDT,2023-03-04 20:30:00+00:00,7,1.2102368
928101,LINKUSDT,2023-05-07 19:15:00+00:00,4,1.1070222
945123,LINKUSDT,2023-11-01 02:45:00+00:00,2,1.1333692
956119,LINKUSDT,2024-02-23 15:45:00+00:00,5,1.2249763
979036,LINKUSDT,2024-10-19 09:00:00+00:00,8,1.2130767
975782,LINKUSDT,2024-09-15 11:30:00+00:00,4,1.3588775
927232,LINKUSDT,2023-04-28 18:00:00+00:00,7,1.2259305
972304,LINKUSDT,2024-08-10 06:00:00+00:00,1,1.3114232
972711,LINKUSDT,2024-08-14 11:45:00+00:00,5,1.2906616
920851,LINKUSDT,2023-02-21 06:45:00+00:00,8,1.2683773
937589,LINKUSDT,2023-08-14 15:15:00+00:00,0,1.1525563
959926,LINKUSDT,2024-04-03 07:30:00+00:00,2,1.1699609
950006,LINKUSDT,2023-12-21 23:30:00+00:00,0,1.1901106
948192,LINKUSDT,2023-12-03 02:00:00+00:00,5,1.1873388
944123,LINKUSDT,2023-10-21 16:45:00+00:00,0,1.2431742
978563,LINKUSDT,2024-10-14 10:45:00+00:00,1,1.3000497
927771,LINKUSDT,2023-05-04 08:45:00+00:00,2,1.2358928
963699,LINKUSDT,2024-05-12 14:45:00+00:00,9,1.1499782
935034,LINKUSDT,2023-07-19 00:30:00+00:00,1,1.2878834
920975,LINKUSDT,2023-02-22 13:45:00+00:00,0,1.1771966
921185,LINKUSDT,2023-02-24 18:15:00+00:00,7,1.26987
967854,LINKUSDT,2024-06-24 21:30:00+00:00,0,1.1425358
928475,LINKUSDT,2023-05-11 16:45:00+00:00,7,1.1752548
947615,LINKUSDT,2023-11-27 01:45:00+00:00,0,1.0816514
979985,LINKUSDT,2024-10-29 06:15:00+00:00,9,1.3907219
964371,LINKUSDT,2024-05-19 14:45:00+00:00,5,1.2253332
927701,LINKUSDT,2023-05-03 15:15:00+00:00,4,1.3536426
949470,LINKUSDT,2023-12-16 09:30:00+00:00,5,1.1682483
949000,LINKUSDT,2023-12-11 12:00:00+00:00,3,1.2545005
929374,LINKUSDT,2023-05-21 01:30:00+00:00,0,1.3334116
964460,LINKUSDT,2024-05-20 13:00:00+00:00,4,1.2653711
918407,LINKUSDT,2023-01-26 19:45:00+00:00,5,1.3035852
954100,LINKUSDT,2024-02-02 15:00:00+00:00,5,1.1932498
941383,LINKUSDT,2023-09-23 03:45:00+00:00,9,1.2805647
916892,LINKUSDT,2023-01-11 01:00:00+00:00,9,1.3302512
984428,LINKUSDT,2024-12-14 13:00:00+00:00,4,1.2178178
948071,LINKUSDT,2023-12-01 19:45:00+00:00,6,1.2001812
982580,LINKUSDT,2024-11-25 07:00:00+00:00,3,1.3461523
948360,LINKUSDT,2023-12-04 20:00:00+00:00,1,1.3678157
934427,LINKUSDT,2023-07-12 16:45:00+00:00,5,1.183575
958596,LINKUSDT,2024-03-20 11:00:00+00:00,1,1.2293127
932466,LINKUSDT,2023-06-22 06:30:00+00:00,9,1.2664063
931705,LINKUSDT,2023-06-14 08:15:00+00:00,2,1.165077
962499,LINKUSDT,2024-04-30 02:45:00+00:00,4,1.1395977
948065,LINKUSDT,2023-12-01 18:15:00+00:00,0,1.2254019
967762,LINKUSDT,2024-06-23 22:30:00+00:00,7,1.2279223
918805,LINKUSDT,2023-01-30 23:15:00+00:00,3,1.2055707
958787,LINKUSDT,2024-03-22 10:45:00+00:00,8,1.3446279
985606,LINKUSDT,2024-12-26 19:30:00+00:00,2,1.2085596
953874,LINKUSDT,2024-01-31 06:30:00+00:00,9,1.1882017
947813,LINKUSDT,2023-11-29 03:15:00+00:00,1,1.2310512
945665,LINKUSDT,2023-11-06 18:15:00+00:00,6,1.2840209
919864,LINKUSDT,2023-02-11 00:00:00+00:00,8,1.2818139
980804,LINKUSDT,2024-11-06 19:00:00+00:00,3,1.2713853
943324,LINKUSDT,2023-10-13 09:00:00+00:00,1,1.2346972
970241,LINKUSDT,2024-07-19 18:15:00+00:00,9,1.2823646
925971,LINKUSDT,2023-04-15 14:45:00+00:00,0,1.2104146
933200,LINKUSDT,2023-06-29 22:00:00+00:00,6,1.2789686
976979,LINKUSDT,2024-09-27 22:45:00+00:00,6,1.3497416
943234,LINKUSDT,2023-10-12 10:30:00+00:00,4,1.1475929
976607,LINKUSDT,2024-09-24 01:45:00+00:00,4,1.3630257
952681,LINKUSDT,2024-01-18 20:15:00+00:00,7,1.013212
944478,LINKUSDT,2023-10-25 09:30:00+00:00,8,1.2407613
956082,LINKUSDT,2024-02-23 06:30:00+00:00,2,1.3915367
966858,LINKUSDT,2024-06-14 12:30:00+00:00,1,1.2897753
959899,LINKUSDT,2024-04-03 00:45:00+00:00,4,1.2568808
958974,LINKUSDT,2024-03-24 09:30:00+00:00,5,1.246585
932071,LINKUSDT,2023-06-18 03:45:00+00:00,1,1.2375337
947455,LINKUSDT,2023-11-25 09:45:00+00:00,0,1.199798
947106,LINKUSDT,2023-11-21 18:30:00+00:00,7,1.0151262
937429,LINKUSDT,2023-08-12 23:15:00+00:00,0,1.2560457
957430,LINKUSDT,2024-03-08 07:30:00+00:00,1,1.212595
923944,LINKUSDT,2023-03-25 12:00:00+00:00,1,1.2207596
970432,LINKUSDT,2024-07-21 18:00:00+00:00,7,1.3014411
966714,LINKUSDT,2024-06-13 00:30:00+00:00,3,1.2461554
942751,LINKUSDT,2023-10-07 09:45:00+00:00,2,1.1690966
952342,LINKUSDT,2024-01-15 07:30:00+00:00,8,1.2230603
960749,LINKUSDT,2024-04-11 21:15:00+00:00,0,1.206761
978215,LINKUSDT,2024-10-10 19:45:00+00:00,5,1.1789705
933207,LINKUSDT,2023-06-29 23:45:00+00:00,3,1.1826735
937738,LINKUSDT,2023-08-16 04:30:00+00:00,2,1.1887156
950064,LINKUSDT,2023-12-22 14:00:00+00:00,0,1.2302881
980537,LINKUSDT,2024-11-04 00:15:00+00:00,6,1.2067415
946675,LINKUSDT,2023-11-17 06:45:00+00:00,1,1.2234987
972940,LINKUSDT,2024-08-16 21:00:00+00:00,6,1.2593653
975643,LINKUSDT,2024-09-14 00:45:00+00:00,9,1.2312183
953275,LINKUSDT,2024-01-25 00:45:00+00:00,0,1.2873865
965966,LINKUSDT,2024-06-05 05:30:00+00:00,9,1.2410896
968091,LINKUSDT,2024-06-27 08:45:00+00:00,5,1.2064114
924746,LINKUSDT,2023-04-02 20:30:00+00:00,7,1.2061937
948358,LINKUSDT,2023-12-04 19:30:00+00:00,6,1.2838156
950953,LINKUSDT,2023-12-31 20:15:00+00:00,7,1.1714277
946059,LINKUSDT,2023-11-10 20:45:00+00:00,8,1.2015418
950707,LINKUSDT,2023-12-29 06:45:00+00:00,1,1.1921275
922453,LINKUSDT,2023-03-09 23:15:00+00:00,7,1.2938064
973681,LINKUSDT,2024-08-24 14:15:00+00:00,2,1.2147491
985479,LINKUSDT,2024-12-25 11:45:00+00:00,2,1.2163664
968176,LINKUSDT,2024-06-28 06:00:00+00:00,8,1.2940524
956450,LINKUSDT,2024-02-27 02:30:00+00:00,0,1.408414
916936,LINKUSDT,2023-01-11 12:00:00+00:00,2,1.2153236
966116,LINKUSDT,2024-06-06 19:00:00+00:00,4,1.1383299
952296,LINKUSDT,2024-01-14 20:00:00+00:00,4,1.1818938
959426,LINKUSDT,2024-03-29 02:30:00+00:00,4,1.23189
955144,LINKUSDT,2024-02-13 12:00:00+00:00,2,1.178593
959430,LINKUSDT,2024-03-29 03:30:00+00:00,8,1.264322
944563,LINKUSDT,2023-10-26 06:45:00+00:00,2,1.186907
962247,LINKUSDT,2024-04-27 11:45:00+00:00,1,1.2163523
943924,LINKUSDT,2023-10-19 15:00:00+00:00,0,1.1839544
941322,LINKUSDT,2023-09-22 12:30:00+00:00,0,1.1815258
933073,LINKUSDT,2023-06-28 14:15:00+00:00,2,1.2216471
936070,LINKUSDT,2023-07-29 19:30:00+00:00,0,1.2048126
959353,LINKUSDT,2024-03-28 08:15:00+00:00,1,1.3052038
950960,LINKUSDT,2023-12-31 22:00:00+00:00,4,1.1933944
969657,LINKUSDT,2024-07-13 16:15:00+00:00,0,1.1905164
936259,LINKUSDT,2023-07-31 18:45:00+00:00,7,1.3047365
965804,LINKUSDT,2024-06-03 13:00:00+00:00,0,1.2618533
968666,LINKUSDT,2024-07-03 08:30:00+00:00,0,1.3908957
975286,LINKUSDT,2024-09-10 07:30:00+00:00,0,1.2294018
943221,LINKUSDT,2023-10-12 07:15:00+00:00,1,1.2355126
927002,LINKUSDT,2023-04-26 08:30:00+00:00,0,1.1695265
959286,LINKUSDT,2024-03-27 15:30:00+00:00,4,1.1453516
983402,LINKUSDT,2024-12-03 20:30:00+00:00,6,1.2660245
957393,LINKUSDT,2024-03-07 22:15:00+00:00,1,1.1538656
977168,LINKUSDT,2024-09-29 22:00:00+00:00,5,1.1772351
951862,LINKUSDT,2024-01-10 07:30:00+00:00,1,1.1408565
947585,LINKUSDT,2023-11-26 18:15:00+00:00,3,1.2808838
941820,LINKUSDT,2023-09-27 17:00:00+00:00,8,1.2626526
982821,LINKUSDT,2024-11-27 19:15:00+00:00,3,1.2317654
924855,LINKUSDT,2023-04-03 23:45:00+00:00,8,1.3882047
951920,LINKUSDT,2024-01-10 22:00:00+00:00,0,1.1566135
953840,LINKUSDT,2024-01-30 22:00:00+00:00,9,1.2746396
978120,LINKUSDT,2024-10-09 20:00:00+00:00,4,1.2860548
923522,LINKUSDT,2023-03-21 02:30:00+00:00,3,1.1763855
945591,LINKUSDT,2023-11-05 23:45:00+00:00,0,1.3967589
961135,LINKUSDT,2024-04-15 21:45:00+00:00,7,1.3036045
979921,LINKUSDT,2024-10-28 14:15:00+00:00,4,1.307749
973057,LINKUSDT,2024-08-18 02:15:00+00:00,4,1.1909621
938881,LINKUSDT,2023-08-28 02:15:00+00:00,4,1.3458605
958805,LINKUSDT,2024-03-22 15:15:00+00:00,7,1.2967746
983211,LINKUSDT,2024-12-01 20:45:00+00:00,4,1.1911026
954626,LINKUSDT,2024-02-08 02:30:00+00:00,9,1.1603653
975761,LINKUSDT,2024-09-15 06:15:00+00:00,2,1.2293855
970936,LINKUSDT,2024-07-27 00:00:00+00:00,6,1.235398
949292,LINKUSDT,2023-12-14 13:00:00+00:00,0,1.2586707
919520,LINKUSDT,2023-02-07 10:00:00+00:00,0,1.2717319
967812,LINKUSDT,2024-06-24 11:00:00+00:00,3,1.3090339
938608,LINKUSDT,2023-08-25 06:00:00+00:00,8,1.1659244
983722,LINKUSDT,2024-12-07 04:30:00+00:00,0,1.2580843
923321,LINKUSDT,2023-03-19 00:15:00+00:00,4,1.271609
941031,LINKUSDT,2023-09-19 11:45:00+00:00,2,1.2565446
926454,LINKUSDT,2023-04-20 15:30:00+00:00,2,1.1336453
954481,LINKUSDT,2024-02-06 14:15:00+00:00,4,1.2145183
923118,LINKUSDT,2023-03-16 21:30:00+00:00,6,1.2436553
925822,LINKUSDT,2023-04-14 01:30:00+00:00,0,1.2173142
926624,LINKUSDT,2023-04-22 10:00:00+00:00,8,1.1469278
940892,LINKUSDT,2023-09-18 01:00:00+00:00,3,1.37443
926629,LINKUSDT,2023-04-22 11:15:00+00:00,1,1.1710867
975376,LINKUSDT,2024-09-11 06:00:00+00:00,7,1.3236957
926060,LINKUSDT,2023-04-16 13:00:00+00:00,1,1.2381815
919231,LINKUSDT,2023-02-04 09:45:00+00:00,1,1.3371246
937482,LINKUSDT,2023-08-13 12:30:00+00:00,5,1.2177464
965648,LINKUSDT,2024-06-01 22:00:00+00:00,8,1.2382913
984494,LINKUSDT,2024-12-15 05:30:00+00:00,3,1.2106287
931494,LINKUSDT,2023-06-12 03:30:00+00:00,7,1.2070814
958813,LINKUSDT,2024-03-22 17:15:00+00:00,7,1.2426019
924110,LINKUSDT,2023-03-27 05:30:00+00:00,2,1.2408898
978759,LINKUSDT,2024-10-16 11:45:00+00:00,0,1.22899
985282,LINKUSDT,2024-12-23 10:30:00+00:00,3,1.2898954
964569,LINKUSDT,2024-05-21 16:15:00+00:00,7,1.2531517
955685,LINKUSDT,2024-02-19 03:15:00+00:00,8,1.1804912
955228,LINKUSDT,2024-02-14 09:00:00+00:00,0,1.1733778
961836,LINKUSDT,2024-04-23 05:00:00+00:00,4,1.2225441
963848,LINKUSDT,2024-05-14 04:00:00+00:00,2,1.2718256
953974,LINKUSDT,2024-02-01 07:30:00+00:00,0,1.2758212
955683,LINKUSDT,2024-02-19 02:45:00+00:00,8,1.219612
974881,LINKUSDT,2024-09-06 02:15:00+00:00,0,1.2269024
957920,LINKUSDT,2024-03-13 10:00:00+00:00,1,1.2682315
927392,LINKUSDT,2023-04-30 10:00:00+00:00,0,1.1750573
927160,LINKUSDT,2023-04-28 00:00:00+00:00,9,1.1514566
933284,LINKUSDT,2023-06-30 19:00:00+00:00,0,1.2896091
950779,LINKUSDT,2023-12-30 00:45:00+00:00,1,1.2403792
937431,LINKUSDT,2023-08-12 23:45:00+00:00,3,1.3512496
940141,LINKUSDT,2023-09-10 05:15:00+00:00,7,1.336127
962698,LINKUSDT,2024-05-02 04:30:00+00:00,9,1.2512398
974531,LINKUSDT,2024-09-02 10:45:00+00:00,0,1.1462241
981474,LINKUSDT,2024-11-13 18:30:00+00:00,8,1.2886094
935947,LINKUSDT,2023-07-28 12:45:00+00:00,1,1.2101929
962818,LINKUSDT,2024-05-03 10:30:00+00:00,1,1.2136744
972992,LINKUSDT,2024-08-17 10:00:00+00:00,1,1.087086
962900,LINKUSDT,2024-05-04 07:00:00+00:00,3,1.1582764
985744,LINKUSDT,2024-12-28 06:00:00+00:00,1,1.3163644
964064,LINKUSDT,2024-05-16 10:00:00+00:00,1,1.3112633
965947,LINKUSDT,2024-06-05 00:45:00+00:00,0,1.2214725
967086,LINKUSDT,2024-06-16 21:30:00+00:00,6,1.1764698
956747,LINKUSDT,2024-03-01 04:45:00+00:00,1,1.2375287
969098,LINKUSDT,2024-07-07 20:30:00+00:00,3,1.2631729
985657,LINKUSDT,2024-12-27 08:15:00+00:00,5,1.3860468
946275,LINKUSDT,2023-11-13 02:45:00+00:00,7,1.188552
931920,LINKUSDT,2023-06-16 14:00:00+00:00,4,1.2575222
966586,LINKUSDT,2024-06-11 16:30:00+00:00,7,1.0545415
967332,LINKUSDT,2024-06-19 11:00:00+00:00,1,1.3263401
976615,LINKUSDT,2024-09-24 03:45:00+00:00,2,1.3041034
936829,LINKUSDT,2023-08-06 17:15:00+00:00,3,1.1896478
928210,LINKUSDT,2023-05-08 22:30:00+00:00,3,1.1877396
955107,LINKUSDT,2024-02-13 02:45:00+00:00,2,1.3420854
961348,LINKUSDT,2024-04-18 03:00:00+00:00,2,1.2317699
948851,LINKUSDT,2023-12-09 22:45:00+00:00,8,1.1788214
961231,LINKUSDT,2024-04-16 21:45:00+00:00,9,1.1729119
973748,LINKUSDT,2024-08-25 07:00:00+00:00,1,1.346739
949423,LINKUSDT,2023-12-15 21:45:00+00:00,8,1.1772385
918063,LINKUSDT,2023-01-23 05:45:00+00:00,8,1.1707327
924070,LINKUSDT,2023-03-26 19:30:00+00:00,6,1.356155
924845,LINKUSDT,2023-04-03 21:15:00+00:00,4,1.1126244
943855,LINKUSDT,2023-10-18 21:45:00+00:00,7,1.265471
945640,LINKUSDT,2023-11-06 12:00:00+00:00,6,1.2649114
957447,LINKUSDT,2024-03-08 11:45:00+00:00,5,1.179575
943825,LINKUSDT,2023-10-18 14:15:00+00:00,2,1.3117105
979986,LINKUSDT,2024-10-29 06:30:00+00:00,9,1.2730657
919496,LINKUSDT,2023-02-07 04:00:00+00:00,3,1.2065687
923826,LINKUSDT,2023-03-24 06:30:00+00:00,2,1.1811541
966071,LINKUSDT,2024-06-06 07:45:00+00:00,1,1.3488765
939963,LINKUSDT,2023-09-08 08:45:00+00:00,4,1.3090926
966076,LINKUSDT,2024-06-06 09:00:00+00:00,7,1.3524333
969238,LINKUSDT,2024-07-09 07:30:00+00:00,2,1.364944
962389,LINKUSDT,2024-04-28 23:15:00+00:00,4,1.22311
967697,LINKUSDT,2024-06-23 06:15:00+00:00,8,1.2455041
985308,LINKUSDT,2024-12-23 17:00:00+00:00,5,1.2409403
932937,LINKUSDT,2023-06-27 04:15:00+00:00,0,1.2977524
943466,LINKUSDT,2023-10-14 20:30:00+00:00,8,1.2919226
977099,LINKUSDT,2024-09-29 04:45:00+00:00,2,1.3820395
980934,LINKUSDT,2024-11-08 03:30:00+00:00,2,1.2439505
945197,LINKUSDT,2023-11-01 21:15:00+00:00,0,1.192914
972192,LINKUSDT,2024-08-09 02:00:00+00:00,8,1.3244165
916578,LINKUSDT,2023-01-07 18:30:00+00:00,6,1.1653763
975378,LINKUSDT,2024-09-11 06:30:00+00:00,3,1.3178217
934967,LINKUSDT,2023-07-18 07:45:00+00:00,3,1.2887028
957846,LINKUSDT,2024-03-12 15:30:00+00:00,5,1.3370719
974416,LINKUSDT,2024-09-01 06:00:00+00:00,7,1.2142522
950969,LINKUSDT,2024-01-01 00:15:00+00:00,3,1.2264142
954310,LINKUSDT,2024-02-04 19:30:00+00:00,7,1.2623212
933051,LINKUSDT,2023-06-28 08:45:00+00:00,4,1.1346682
945278,LINKUSDT,2023-11-02 17:30:00+00:00,8,1.2876459
969583,LINKUSDT,2024-07-12 21:45:00+00:00,8,1.2182343
943223,LINKUSDT,2023-10-12 07:45:00+00:00,1,1.2228147
932687,LINKUSDT,2023-06-24 13:45:00+00:00,2,1.3059449
917784,LINKUSDT,2023-01-20 08:00:00+00:00,1,1.2203852
954337,LINKUSDT,2024-02-05 02:15:00+00:00,4,1.2704071
965779,LINKUSDT,2024-06-03 06:45:00+00:00,0,1.1831806
933969,LINKUSDT,2023-07-07 22:15:00+00:00,2,1.1850764
916850,LINKUSDT,2023-01-10 14:30:00+00:00,5,1.1862347
960167,LINKUSDT,2024-04-05 19:45:00+00:00,8,1.1919997
984634,LINKUSDT,2024-12-16 16:30:00+00:00,7,1.2602124
934453,LINKUSDT,2023-07-12 23:15:00+00:00,3,1.4304255
965187,LINKUSDT,2024-05-28 02:45:00+00:00,4,1.1665074
973832,LINKUSDT,2024-08-26 04:00:00+00:00,1,1.3117703
970694,LINKUSDT,2024-07-24 11:30:00+00:00,1,1.2178116
964229,LINKUSDT,2024-05-18 03:15:00+00:00,1,1.2176195
970481,LINKUSDT,2024-07-22 06:15:00+00:00,7,1.2539904
978828,LINKUSDT,2024-10-17 05:00:00+00:00,2,1.1687489
922166,LINKUSDT,2023-03-06 23:30:00+00:00,7,1.1971163
949424,LINKUSDT,2023-12-15 22:00:00+00:00,7,1.2310917
979215,LINKUSDT,2024-10-21 05:45:00+00:00,5,1.2102314
956479,LINKUSDT,2024-02-27 09:45:00+00:00,1,1.218022
977153,LINKUSDT,2024-09-29 18:15:00+00:00,0,1.224182
956850,LINKUSDT,2024-03-02 06:30:00+00:00,0,1.2552259
983665,LINKUSDT,2024-12-06 14:15:00+00:00,7,1.2358226
957422,LINKUSDT,2024-03-08 05:30:00+00:00,4,1.2013721
942482,LINKUSDT,2023-10-04 14:30:00+00:00,4,1.20333
951617,LINKUSDT,2024-01-07 18:15:00+00:00,3,1.2960482
952256,LINKUSDT,2024-01-14 10:00:00+00:00,0,1.1870546
973321,LINKUSDT,2024-08-20 20:15:00+00:00,0,1.3473938
933598,LINKUSDT,2023-07-04 01:30:00+00:00,3,1.2006007
931609,LINKUSDT,2023-06-13 08:15:00+00:00,1,1.2091361
969319,LINKUSDT,2024-07-10 03:45:00+00:00,1,1.251063
954183,LINKUSDT,2024-02-03 11:45:00+00:00,1,1.2038317
923743,LINKUSDT,2023-03-23 09:45:00+00:00,0,1.2901235
942394,LINKUSDT,2023-10-03 16:30:00+00:00,7,1.2452435
935999,LINKUSDT,2023-07-29 01:45:00+00:00,1,1.2291855
942705,LINKUSDT,2023-10-06 22:15:00+00:00,9,1.2761602
935306,LINKUSDT,2023-07-21 20:30:00+00:00,6,1.2520219
938529,LINKUSDT,2023-08-24 10:15:00+00:00,2,1.2440826
940711,LINKUSDT,2023-09-16 03:45:00+00:00,8,1.3304058
935641,LINKUSDT,2023-07-25 08:15:00+00:00,4,1.1322433
976469,LINKUSDT,2024-09-22 15:15:00+00:00,7,1.1183803
963631,LINKUSDT,2024-05-11 21:45:00+00:00,3,1.2364699
918847,LINKUSDT,2023-01-31 09:45:00+00:00,2,1.2483218
931724,LINKUSDT,2023-06-14 13:00:00+00:00,2,1.2871785
984573,LINKUSDT,2024-12-16 01:15:00+00:00,0,1.2518247
969108,LINKUSDT,2024-07-07 23:00:00+00:00,4,1.1957885
941868,LINKUSDT,2023-09-28 05:00:00+00:00,8,1.1949059
937873,LINKUSDT,2023-08-17 14:15:00+00:00,4,1.2627654
920803,LINKUSDT,2023-02-20 18:45:00+00:00,3,1.3244988
966165,LINKUSDT,2024-06-07 07:15:00+00:00,1,1.1853815
943264,LINKUSDT,2023-10-12 18:00:00+00:00,4,1.1679797
951434,LINKUSDT,2024-01-05 20:30:00+00:00,8,1.1222198
947446,LINKUSDT,2023-11-25 07:30:00+00:00,9,1.2843784
983855,LINKUSDT,2024-12-08 13:45:00+00:00,0,1.3090088
943258,LINKUSDT,2023-10-12 16:30:00+00:00,4,1.173374
971065,LINKUSDT,2024-07-28 08:15:00+00:00,1,1.286538
954107,LINKUSDT,2024-02-02 16:45:00+00:00,0,1.2294538
979361,LINKUSDT,2024-10-22 18:15:00+00:00,9,1.3036246
970584,LINKUSDT,2024-07-23 08:00:00+00:00,2,1.2676244
918707,LINKUSDT,2023-01-29 22:45:00+00:00,6,1.4232333
959992,LINKUSDT,2024-04-04 00:00:00+00:00,2,1.272246
945070,LINKUSDT,2023-10-31 13:30:00+00:00,4,1.2217531
980757,LINKUSDT,2024-11-06 07:15:00+00:00,9,1.4289582
960799,LINKUSDT,2024-04-12 09:45:00+00:00,4,1.2315938
952036,LINKUSDT,2024-01-12 03:00:00+00:00,1,1.2409469
916522,LINKUSDT,2023-01-07 04:30:00+00:00,1,1.2999378
921473,LINKUSDT,2023-02-27 18:15:00+00:00,8,1.2614601
945951,LINKUSDT,2023-11-09 17:45:00+00:00,8,1.2006456
963044,LINKUSDT,2024-05-05 19:00:00+00:00,8,1.3389981
971858,LINKUSDT,2024-08-05 14:30:00+00:00,0,1.2025962
917988,LINKUSDT,2023-01-22 11:00:00+00:00,8,1.3423431
938893,LINKUSDT,2023-08-28 05:15:00+00:00,3,1.2810184
968485,LINKUSDT,2024-07-01 11:15:00+00:00,5,1.1544037
944269,LINKUSDT,2023-10-23 05:15:00+00:00,9,1.1960571
930562,LINKUSDT,2023-06-02 10:30:00+00:00,4,1.2767855
945110,LINKUSDT,2023-10-31 23:30:00+00:00,2,1.1932871
964129,LINKUSDT,2024-05-17 02:15:00+00:00,9,1.2239178
979049,LINKUSDT,2024-10-19 12:15:00+00:00,7,1.265037
960622,LINKUSDT,2024-04-10 13:30:00+00:00,4,1.1546321
931043,LINKUSDT,2023-06-07 10:45:00+00:00,4,1.1484975
975316,LINKUSDT,2024-09-10 15:00:00+00:00,5,1.2710022
921358,LINKUSDT,2023-02-26 13:30:00+00:00,5,1.2480658
964779,LINKUSDT,2024-05-23 20:45:00+00:00,5,1.285103
978525,LINKUSDT,2024-10-14 01:15:00+00:00,5,1.3722261
952354,LINKUSDT,2024-01-15 10:30:00+00:00,0,1.1811031
955551,LINKUSDT,2024-02-17 17:45:00+00:00,0,1.2509358
949055,LINKUSDT,2023-12-12 01:45:00+00:00,1,1.271012
972478,LINKUSDT,2024-08-12 01:30:00+00:00,7,1.4962535
919876,LINKUSDT,2023-02-11 03:00:00+00:00,1,1.2139857
933340,LINKUSDT,2023-07-01 09:00:00+00:00,1,1.2705859
981345,LINKUSDT,2024-11-12 10:15:00+00:00,4,1.295985
982319,LINKUSDT,2024-11-22 13:45:00+00:00,4,1.1404026
959641,LINKUSDT,2024-03-31 08:15:00+00:00,1,1.3218961
959128,LINKUSDT,2024-03-26 00:00:00+00:00,8,1.1710281
981388,LINKUSDT,2024-11-12 21:00:00+00:00,2,1.2276267
982208,LINKUSDT,2024-11-21 10:00:00+00:00,2,1.2774918
919635,LINKUSDT,2023-02-08 14:45:00+00:00,0,1.2837135
980855,LINKUSDT,2024-11-07 07:45:00+00:00,8,1.3907661
929268,LINKUSDT,2023-05-19 23:00:00+00:00,1,1.1759617
976770,LINKUSDT,2024-09-25 18:30:00+00:00,4,1.2467681
953125,LINKUSDT,2024-01-23 11:15:00+00:00,4,1.263962
956560,LINKUSDT,2024-02-28 06:00:00+00:00,3,1.2622833
946233,LINKUSDT,2023-11-12 16:15:00+00:00,1,1.2735786
941598,LINKUSDT,2023-09-25 09:30:00+00:00,3,1.2577186
965196,LINKUSDT,2024-05-28 05:00:00+00:00,4,1.3012923
978647,LINKUSDT,2024-10-15 07:45:00+00:00,9,1.3794926
965998,LINKUSDT,2024-06-05 13:30:00+00:00,5,1.2704682
926868,LINKUSDT,2023-04-24 23:00:00+00:00,2,1.1209217
971258,LINKUSDT,2024-07-30 08:30:00+00:00,2,1.1919748
944158,LINKUSDT,2023-10-22 01:30:00+00:00,0,1.2763983
968247,LINKUSDT,2024-06-28 23:45:00+00:00,7,1.4822712
979543,LINKUSDT,2024-10-24 15:45:00+00:00,0,1.1661847
983498,LINKUSDT,2024-12-04 20:30:00+00:00,3,1.3767003
979281,LINKUSDT,2024-10-21 22:15:00+00:00,3,1.2534163
924918,LINKUSDT,2023-04-04 15:30:00+00:00,8,1.1801913
935809,LINKUSDT,2023-07-27 02:15:00+00:00,0,1.2142721
979633,LINKUSDT,2024-10-25 14:15:00+00:00,0,1.2302802
928233,LINKUSDT,2023-05-09 04:15:00+00:00,2,1.2765541
984627,LINKUSDT,2024-12-16 14:45:00+00:00,5,1.1658499
918417,LINKUSDT,2023-01-26 22:15:00+00:00,1,1.1771314
919019,LINKUSDT,2023-02-02 04:45:00+00:00,9,1.1707246
936712,LINKUSDT,2023-08-05 12:00:00+00:00,1,1.2044727
970701,LINKUSDT,2024-07-24 13:15:00+00:00,0,1.2260687
985226,LINKUSDT,2024-12-22 20:30:00+00:00,4,1.2154192
979580,LINKUSDT,2024-10-25 01:00:00+00:00,0,1.2658285
977743,LINKUSDT,2024-10-05 21:45:00+00:00,5,1.3442599
924428,LINKUSDT,2023-03-30 13:00:00+00:00,1,1.1297156
918590,LINKUSDT,2023-01-28 17:30:00+00:00,7,1.2835443
964295,LINKUSDT,2024-05-18 19:45:00+00:00,8,1.3337772
970723,LINKUSDT,2024-07-24 18:45:00+00:00,4,1.2113163
984601,LINKUSDT,2024-12-16 08:15:00+00:00,0,1.2638433
949543,LINKUSDT,2023-12-17 03:45:00+00:00,7,1.1949241
941206,LINKUSDT,2023-09-21 07:30:00+00:00,1,1.2888818
963986,LINKUSDT,2024-05-15 14:30:00+00:00,9,1.2369587
955475,LINKUSDT,2024-02-16 22:45:00+00:00,2,1.2418302
977470,LINKUSDT,2024-10-03 01:30:00+00:00,3,1.4233484
970625,LINKUSDT,2024-07-23 18:15:00+00:00,7,1.2463977
971329,LINKUSDT,2024-07-31 02:15:00+00:00,9,1.2405142
929389,LINKUSDT,2023-05-21 05:15:00+00:00,8,1.2982019
921477,LINKUSDT,2023-02-27 19:15:00+00:00,4,1.097641
980409,LINKUSDT,2024-11-02 16:15:00+00:00,1,1.2106296
971331,LINKUSDT,2024-07-31 02:45:00+00:00,9,1.2533302
944519,LINKUSDT,2023-10-25 19:45:00+00:00,8,1.2968524
980845,LINKUSDT,2024-11-07 05:15:00+00:00,9,1.2196324
956409,LINKUSDT,2024-02-26 16:15:00+00:00,0,1.1322578
947118,LINKUSDT,2023-11-21 21:30:00+00:00,3,1.2247832
946206,LINKUSDT,2023-11-12 09:30:00+00:00,1,1.2777696
929484,LINKUSDT,2023-05-22 05:00:00+00:00,3,1.3401804
976757,LINKUSDT,2024-09-25 15:15:00+00:00,0,1.1960627
938585,LINKUSDT,2023-08-25 00:15:00+00:00,3,1.2722936
975867,LINKUSDT,2024-09-16 08:45:00+00:00,0,1.2017083
949569,LINKUSDT,2023-12-17 10:15:00+00:00,3,1.1861535
938329,LINKUSDT,2023-08-22 08:15:00+00:00,0,1.2780969
919703,LINKUSDT,2023-02-09 07:45:00+00:00,0,1.2964468
976298,LINKUSDT,2024-09-20 20:30:00+00:00,8,1.2096784
963053,LINKUSDT,2024-05-05 21:15:00+00:00,8,1.2830461
979477,LINKUSDT,2024-10-23 23:15:00+00:00,3,1.2996843
968569,LINKUSDT,2024-07-02 08:15:00+00:00,9,1.264088
954439,LINKUSDT,2024-02-06 03:45:00+00:00,2,1.2746141
927579,LINKUSDT,2023-05-02 08:45:00+00:00,1,1.165372
936200,LINKUSDT,2023-07-31 04:00:00+00:00,6,1.3546975
947338,LINKUSDT,2023-11-24 04:30:00+00:00,2,1.18104
984657,LINKUSDT,2024-12-16 22:15:00+00:00,8,1.2857847
918181,LINKUSDT,2023-01-24 11:15:00+00:00,2,1.1491249
939450,LINKUSDT,2023-09-03 00:30:00+00:00,0,1.2857809
936180,LINKUSDT,2023-07-30 23:00:00+00:00,7,1.2794756
942478,LINKUSDT,2023-10-04 13:30:00+00:00,2,1.1854675
985630,LINKUSDT,2024-12-27 01:30:00+00:00,6,1.3083631
969429,LINKUSDT,2024-07-11 07:15:00+00:00,3,1.2442473
918464,LINKUSDT,2023-01-27 10:00:00+00:00,2,1.1315695
961759,LINKUSDT,2024-04-22 09:45:00+00:00,8,1.3051815
975489,LINKUSDT,2024-09-12 10:15:00+00:00,1,1.1437256
941787,LINKUSDT,2023-09-27 08:45:00+00:00,1,1.2058805
966481,LINKUSDT,2024-06-10 14:15:00+00:00,4,1.1252097
974840,LINKUSDT,2024-09-05 16:00:00+00:00,4,1.24191
944934,LINKUSDT,2023-10-30 03:30:00+00:00,5,1.1495327
927100,LINKUSDT,2023-04-27 09:00:00+00:00,2,1.1884834
979582,LINKUSDT,2024-10-25 01:30:00+00:00,0,1.1659516
926128,LINKUSDT,2023-04-17 06:00:00+00:00,0,1.3040787
965845,LINKUSDT,2024-06-03 23:15:00+00:00,2,1.318327
942406,LINKUSDT,2023-10-03 19:30:00+00:00,3,1.3793309
975023,LINKUSDT,2024-09-07 13:45:00+00:00,1,1.3959782
939734,LINKUSDT,2023-09-05 23:30:00+00:00,9,1.2048502
916968,LINKUSDT,2023-01-11 20:00:00+00:00,0,1.1129909
932835,LINKUSDT,2023-06-26 02:45:00+00:00,6,1.3093655
922978,LINKUSDT,2023-03-15 10:30:00+00:00,4,1.247557
943395,LINKUSDT,2023-10-14 02:45:00+00:00,9,1.361483
950310,LINKUSDT,2023-12-25 03:30:00+00:00,3,1.2312039
949335,LINKUSDT,2023-12-14 23:45:00+00:00,9,1.2599835
968493,LINKUSDT,2024-07-01 13:15:00+00:00,2,1.2366643
953144,LINKUSDT,2024-01-23 16:00:00+00:00,3,1.1760728
982010,LINKUSDT,2024-11-19 08:30:00+00:00,2,1.193449
919340,LINKUSDT,2023-02-05 13:00:00+00:00,4,1.1561782
958466,LINKUSDT,2024-03-19 02:30:00+00:00,4,1.3276125
957580,LINKUSDT,2024-03-09 21:00:00+00:00,8,1.3380954
957836,LINKUSDT,2024-03-12 13:00:00+00:00,3,1.2018869
945820,LINKUSDT,2023-11-08 09:00:00+00:00,9,1.1712507
980148,LINKUSDT,2024-10-30 23:00:00+00:00,0,1.1191317
985543,LINKUSDT,2024-12-26 03:45:00+00:00,4,1.2713783
979426,LINKUSDT,2024-10-23 10:30:00+00:00,2,1.3028668
959706,LINKUSDT,2024-04-01 00:30:00+00:00,0,1.2857027
958632,LINKUSDT,2024-03-20 20:00:00+00:00,0,1.2157149
972349,LINKUSDT,2024-08-10 17:15:00+00:00,8,1.1979352
959255,LINKUSDT,2024-03-27 07:45:00+00:00,2,1.2881844
924541,LINKUSDT,2023-03-31 17:15:00+00:00,5,1.1894182
969114,LINKUSDT,2024-07-08 00:30:00+00:00,4,1.3290203
924910,LINKUSDT,2023-04-04 13:30:00+00:00,1,1.1979843
941741,LINKUSDT,2023-09-26 21:15:00+00:00,7,1.3722306
960856,LINKUSDT,2024-04-13 00:00:00+00:00,3,1.3971784
984913,LINKUSDT,2024-12-19 14:15:00+00:00,2,1.2395025
963471,LINKUSDT,2024-05-10 05:45:00+00:00,2,1.1167843
919684,LINKUSDT,2023-02-09 03:00:00+00:00,4,1.3389896
947441,LINKUSDT,2023-11-25 06:15:00+00:00,1,1.2583294
943062,LINKUSDT,2023-10-10 15:30:00+00:00,7,1.2161914
946760,LINKUSDT,2023-11-18 04:00:00+00:00,8,1.2337433
976396,LINKUSDT,2024-09-21 21:00:00+00:00,6,1.2574301
977829,LINKUSDT,2024-10-06 19:15:00+00:00,9,1.2566673
981132,LINKUSDT,2024-11-10 05:00:00+00:00,0,1.2024667
935172,LINKUSDT,2023-07-20 11:00:00+00:00,0,1.2693257
949471,LINKUSDT,2023-12-16 09:45:00+00:00,5,1.1965096
979774,LINKUSDT,2024-10-27 01:30:00+00:00,8,1.1425898
950224,LINKUSDT,2023-12-24 06:00:00+00:00,4,1.257241
918214,LINKUSDT,2023-01-24 19:30:00+00:00,3,1.315641
952725,LINKUSDT,2024-01-19 07:15:00+00:00,0,1.2185464
938706,LINKUSDT,2023-08-26 06:30:00+00:00,8,1.2784909
925224,LINKUSDT,2023-04-07 20:00:00+00:00,9,1.3243483
949700,LINKUSDT,2023-12-18 19:00:00+00:00,6,1.2905011
925351,LINKUSDT,2023-04-09 03:45:00+00:00,6,1.3750583
918603,LINKUSDT,2023-01-28 20:45:00+00:00,8,1.1950616
965978,LINKUSDT,2024-06-05 08:30:00+00:00,9,1.304245
946872,LINKUSDT,2023-11-19 08:00:00+00:00,9,1.3325325
922991,LINKUSDT,2023-03-15 13:45:00+00:00,3,1.2273403
935603,LINKUSDT,2023-07-24 22:45:00+00:00,2,1.2762033
985430,LINKUSDT,2024-12-24 23:30:00+00:00,9,1.2660902
918253,LINKUSDT,2023-01-25 05:15:00+00:00,3,1.1959966
965193,LINKUSDT,2024-05-28 04:15:00+00:00,4,1.1711562
939184,LINKUSDT,2023-08-31 06:00:00+00:00,1,1.2895429
934526,LINKUSDT,2023-07-13 17:30:00+00:00,0,1.2644905
928840,LINKUSDT,2023-05-15 12:00:00+00:00,4,1.1914881
979038,LINKUSDT,2024-10-19 09:30:00+00:00,8,1.2528352
946446,LINKUSDT,2023-11-14 21:30:00+00:00,3,1.3744252
976707,LINKUSDT,2024-09-25 02:45:00+00:00,9,1.1919546
950882,LINKUSDT,2023-12-31 02:30:00+00:00,7,1.217529
921714,LINKUSDT,2023-03-02 06:30:00+00:00,4,1.3129063
962286,LINKUSDT,2024-04-27 21:30:00+00:00,6,1.3279154
971103,LINKUSDT,2024-07-28 17:45:00+00:00,8,1.4229566
968415,LINKUSDT,2024-06-30 17:45:00+00:00,0,1.1154457
929279,LINKUSDT,2023-05-20 01:45:00+00:00,8,1.208962
929954,LINKUSDT,2023-05-27 02:30:00+00:00,8,1.3046639
927165,LINKUSDT,2023-04-28 01:15:00+00:00,8,1.232271
968484,LINKUSDT,2024-07-01 11:00:00+00:00,5,1.1112432
927399,LINKUSDT,2023-04-30 11:45:00+00:00,5,1.1459649
948417,LINKUSDT,2023-12-05 10:15:00+00:00,2,1.2089809
919944,LINKUSDT,2023-02-11 20:00:00+00:00,8,1.2163552
966176,LINKUSDT,2024-06-07 10:00:00+00:00,8,1.203694
953501,LINKUSDT,2024-01-27 09:15:00+00:00,1,1.3136322
923618,LINKUSDT,2023-03-22 02:30:00+00:00,9,1.2634653
979248,LINKUSDT,2024-10-21 14:00:00+00:00,4,1.2055185
928311,LINKUSDT,2023-05-09 23:45:00+00:00,1,1.274909
972216,LINKUSDT,2024-08-09 08:00:00+00:00,1,1.2342211
977713,LINKUSDT,2024-10-05 14:15:00+00:00,4,1.2342603
931178,LINKUSDT,2023-06-08 20:30:00+00:00,9,1.1981204
937692,LINKUSDT,2023-08-15 17:00:00+00:00,4,1.1477274
972201,LINKUSDT,2024-08-09 04:15:00+00:00,2,1.2492731
926081,LINKUSDT,2023-04-16 18:15:00+00:00,3,1.2592974
947819,LINKUSDT,2023-11-29 04:45:00+00:00,3,1.25107
946827,LINKUSDT,2023-11-18 20:45:00+00:00,9,1.199022
922470,LINKUSDT,2023-03-10 03:30:00+00:00,3,1.1699951
981586,LINKUSDT,2024-11-14 22:30:00+00:00,8,1.3655081
962366,LINKUSDT,2024-04-28 17:30:00+00:00,8,1.24405
926481,LINKUSDT,2023-04-20 22:15:00+00:00,3,1.1141099
941428,LINKUSDT,2023-09-23 15:00:00+00:00,5,1.1825882
970556,LINKUSDT,2024-07-23 01:00:00+00:00,3,1.3287276
972450,LINKUSDT,2024-08-11 18:30:00+00:00,7,1.2166437
954290,LINKUSDT,2024-02-04 14:30:00+00:00,0,1.1517159
930233,LINKUSDT,2023-05-30 00:15:00+00:00,0,1.2263649
922718,LINKUSDT,2023-03-12 17:30:00+00:00,0,1.1843312
933075,LINKUSDT,2023-06-28 14:45:00+00:00,3,1.1037462
925680,LINKUSDT,2023-04-12 14:00:00+00:00,0,1.2610486
969053,LINKUSDT,2024-07-07 09:15:00+00:00,7,1.2391391
931467,LINKUSDT,2023-06-11 20:45:00+00:00,0,1.1587375
965136,LINKUSDT,2024-05-27 14:00:00+00:00,0,1.2926216
939325,LINKUSDT,2023-09-01 17:15:00+00:00,4,1.093066
918018,LINKUSDT,2023-01-22 18:30:00+00:00,9,1.1999078
938079,LINKUSDT,2023-08-19 17:45:00+00:00,5,1.3074505
916230,LINKUSDT,2023-01-04 03:30:00+00:00,0,1.1452615
969096,LINKUSDT,2024-07-07 20:00:00+00:00,3,1.1879524
959381,LINKUSDT,2024-03-28 15:15:00+00:00,4,1.2375144
971725,LINKUSDT,2024-08-04 05:15:00+00:00,2,1.1961645
985719,LINKUSDT,2024-12-27 23:45:00+00:00,4,1.3447008
985896,LINKUSDT,2024-12-29 20:00:00+00:00,8,1.2261515
951089,LINKUSDT,2024-01-02 06:15:00+00:00,9,1.3405098
935033,LINKUSDT,2023-07-19 00:15:00+00:00,2,1.2499411
939502,LINKUSDT,2023-09-03 13:30:00+00:00,5,1.2208637
980515,LINKUSDT,2024-11-03 18:45:00+00:00,7,1.210431
985635,LINKUSDT,2024-12-27 02:45:00+00:00,0,1.2541742
952130,LINKUSDT,2024-01-13 02:30:00+00:00,3,1.1934487
974114,LINKUSDT,2024-08-29 02:30:00+00:00,1,1.1832135
977326,LINKUSDT,2024-10-01 13:30:00+00:00,4,1.1149719
977832,LINKUSDT,2024-10-06 20:00:00+00:00,4,1.1241935
944405,LINKUSDT,2023-10-24 15:15:00+00:00,2,1.3118813
964179,LINKUSDT,2024-05-17 14:45:00+00:00,4,1.2777408
971948,LINKUSDT,2024-08-06 13:00:00+00:00,2,1.159437
985315,LINKUSDT,2024-12-23 18:45:00+00:00,3,1.2532257
922855,LINKUSDT,2023-03-14 03:45:00+00:00,2,1.1876345
926478,LINKUSDT,2023-04-20 21:30:00+00:00,3,1.2541176
956295,LINKUSDT,2024-02-25 11:45:00+00:00,1,1.185296
975884,LINKUSDT,2024-09-16 13:00:00+00:00,4,1.1473082
959781,LINKUSDT,2024-04-01 19:15:00+00:00,3,1.1814827
932780,LINKUSDT,2023-06-25 13:00:00+00:00,8,1.2932677
934181,LINKUSDT,2023-07-10 03:15:00+00:00,5,1.295656
934407,LINKUSDT,2023-07-12 11:45:00+00:00,9,1.1820707
951113,LINKUSDT,2024-01-02 12:15:00+00:00,4,1.2227079
954554,LINKUSDT,2024-02-07 08:30:00+00:00,0,1.1740111
959742,LINKUSDT,2024-04-01 09:30:00+00:00,7,1.2634288
958447,LINKUSDT,2024-03-18 21:45:00+00:00,3,1.3114858
979864,LINKUSDT,2024-10-28 00:00:00+00:00,7,1.3253856
926254,LINKUSDT,2023-04-18 13:30:00+00:00,9,1.2106905
948807,LINKUSDT,2023-12-09 11:45:00+00:00,8,1.2848817
957327,LINKUSDT,2024-03-07 05:45:00+00:00,4,1.2734601
981840,LINKUSDT,2024-11-17 14:00:00+00:00,4,1.3087766
968619,LINKUSDT,2024-07-02 20:45:00+00:00,0,1.2476906
942202,LINKUSDT,2023-10-01 16:30:00+00:00,4,1.2420919
967349,LINKUSDT,2024-06-19 15:15:00+00:00,5,1.2896231
949583,LINKUSDT,2023-12-17 13:45:00+00:00,4,1.1011782
953070,LINKUSDT,2024-01-22 21:30:00+00:00,7,1.2298529
954984,LINKUSDT,2024-02-11 20:00:00+00:00,6,1.2328014
965801,LINKUSDT,2024-06-03 12:15:00+00:00,0,1.3149866
943968,LINKUSDT,2023-10-20 02:00:00+00:00,3,1.2009542
921889,LINKUSDT,2023-03-04 02:15:00+00:00,4,1.3676233
955620,LINKUSDT,2024-02-18 11:00:00+00:00,5,1.281779
916428,LINKUSDT,2023-01-06 05:00:00+00:00,7,1.3038747
970736,LINKUSDT,2024-07-24 22:00:00+00:00,4,1.2563308
951746,LINKUSDT,2024-01-09 02:30:00+00:00,8,1.2205393
971634,LINKUSDT,2024-08-03 06:30:00+00:00,1,1.3365897
943546,LINKUSDT,2023-10-15 16:30:00+00:00,5,1.2330875
918914,LINKUSDT,2023-02-01 02:30:00+00:00,3,1.2697177
967872,LINKUSDT,2024-06-25 02:00:00+00:00,9,1.3163397
921243,LINKUSDT,2023-02-25 08:45:00+00:00,1,1.1989462
942368,LINKUSDT,2023-10-03 10:00:00+00:00,2,1.180799
968685,LINKUSDT,2024-07-03 13:15:00+00:00,4,1.1015564
945769,LINKUSDT,2023-11-07 20:15:00+00:00,3,1.2891653
927600,LINKUSDT,2023-05-02 14:00:00+00:00,4,1.2823282
955924,LINKUSDT,2024-02-21 15:00:00+00:00,7,1.0632243
965577,LINKUSDT,2024-06-01 04:15:00+00:00,1,1.2381327
985903,LINKUSDT,2024-12-29 21:45:00+00:00,7,1.1900363
959195,LINKUSDT,2024-03-26 16:45:00+00:00,4,1.1946551
927098,LINKUSDT,2023-04-27 08:30:00+00:00,2,1.2450787
964941,LINKUSDT,2024-05-25 13:15:00+00:00,2,1.1899527
963505,LINKUSDT,2024-05-10 14:15:00+00:00,4,1.1189843
939900,LINKUSDT,2023-09-07 17:00:00+00:00,0,1.4253889
958782,LINKUSDT,2024-03-22 09:30:00+00:00,2,1.1903173
959018,LINKUSDT,2024-03-24 20:30:00+00:00,0,1.2098294
961634,LINKUSDT,2024-04-21 02:30:00+00:00,0,1.1707858
977624,LINKUSDT,2024-10-04 16:00:00+00:00,0,1.1801765
944582,LINKUSDT,2023-10-26 11:30:00+00:00,4,1.2810546
954795,LINKUSDT,2024-02-09 20:45:00+00:00,6,1.1695648
925037,LINKUSDT,2023-04-05 21:15:00+00:00,2,1.2160085
946082,LINKUSDT,2023-11-11 02:30:00+00:00,4,1.3777863
967790,LINKUSDT,2024-06-24 05:30:00+00:00,4,1.2006372
959796,LINKUSDT,2024-04-01 23:00:00+00:00,3,1.2005574
938015,LINKUSDT,2023-08-19 01:45:00+00:00,4,1.2708751
939517,LINKUSDT,2023-09-03 17:15:00+00:00,3,1.2049662
951644,LINKUSDT,2024-01-08 01:00:00+00:00,4,1.3215476
973604,LINKUSDT,2024-08-23 19:00:00+00:00,0,1.3451957
969337,LINKUSDT,2024-07-10 08:15:00+00:00,4,1.2179157
924034,LINKUSDT,2023-03-26 10:30:00+00:00,0,1.2859353
934261,LINKUSDT,2023-07-10 23:15:00+00:00,8,1.2096943
984718,LINKUSDT,2024-12-17 13:30:00+00:00,3,1.1792296
922109,LINKUSDT,2023-03-06 09:15:00+00:00,3,1.1954507
960490,LINKUSDT,2024-04-09 04:30:00+00:00,4,1.1487796
972406,LINKUSDT,2024-08-11 07:30:00+00:00,8,1.1970882
973230,LINKUSDT,2024-08-19 21:30:00+00:00,6,1.1722281
950120,LINKUSDT,2023-12-23 04:00:00+00:00,8,1.2345574
940092,LINKUSDT,2023-09-09 17:00:00+00:00,7,1.2006898
964914,LINKUSDT,2024-05-25 06:30:00+00:00,1,1.2309684
984263,LINKUSDT,2024-12-12 19:45:00+00:00,4,1.2338778
937723,LINKUSDT,2023-08-16 00:45:00+00:00,2,1.2915262
974184,LINKUSDT,2024-08-29 20:00:00+00:00,4,1.2744573
938076,LINKUSDT,2023-08-19 17:00:00+00:00,0,1.3226182
952594,LINKUSDT,2024-01-17 22:30:00+00:00,7,1.2497272
936514,LINKUSDT,2023-08-03 10:30:00+00:00,1,1.2498316
940589,LINKUSDT,2023-09-14 21:15:00+00:00,9,1.2249576
968996,LINKUSDT,2024-07-06 19:00:00+00:00,0,1.1586336
954461,LINKUSDT,2024-02-06 09:15:00+00:00,1,1.2360779
972171,LINKUSDT,2024-08-08 20:45:00+00:00,9,1.2051195
980996,LINKUSDT,2024-11-08 19:00:00+00:00,0,1.1897483
957649,LINKUSDT,2024-03-10 14:15:00+00:00,4,1.123925
971108,LINKUSDT,2024-07-28 19:00:00+00:00,7,1.288201
924278,LINKUSDT,2023-03-28 23:30:00+00:00,9,1.2284911
939773,LINKUSDT,2023-09-06 09:15:00+00:00,1,1.3561698
980309,LINKUSDT,2024-11-01 15:15:00+00:00,0,1.2626851
973614,LINKUSDT,2024-08-23 21:30:00+00:00,0,1.2793714
920240,LINKUSDT,2023-02-14 22:00:00+00:00,9,1.2186556
981651,LINKUSDT,2024-11-15 14:45:00+00:00,4,1.2788455
927282,LINKUSDT,2023-04-29 06:30:00+00:00,1,1.3279871
971041,LINKUSDT,2024-07-28 02:15:00+00:00,8,1.3241506
976772,LINKUSDT,2024-09-25 19:00:00+00:00,4,1.228244
961492,LINKUSDT,2024-04-19 15:00:00+00:00,5,1.2256835
984672,LINKUSDT,2024-12-17 02:00:00+00:00,3,1.2508763
976692,LINKUSDT,2024-09-24 23:00:00+00:00,0,1.2960688
955873,LINKUSDT,2024-02-21 02:15:00+00:00,2,1.428493
932339,LINKUSDT,2023-06-20 22:45:00+00:00,0,1.1747267
928330,LINKUSDT,2023-05-10 04:30:00+00:00,2,1.1956536
952230,LINKUSDT,2024-01-14 03:30:00+00:00,0,1.1445134
926318,LINKUSDT,2023-04-19 05:30:00+00:00,2,1.304584
942795,LINKUSDT,2023-10-07 20:45:00+00:00,3,1.2550478
972517,LINKUSDT,2024-08-12 11:15:00+00:00,0,1.1530368
973369,LINKUSDT,2024-08-21 08:15:00+00:00,2,1.2251718
916976,LINKUSDT,2023-01-11 22:00:00+00:00,3,1.2455692
985070,LINKUSDT,2024-12-21 05:30:00+00:00,9,1.2546259
932321,LINKUSDT,2023-06-20 18:15:00+00:00,0,1.1882225
931408,LINKUSDT,2023-06-11 06:00:00+00:00,1,1.2332344
928325,LINKUSDT,2023-05-10 03:15:00+00:00,2,1.156176
953250,LINKUSDT,2024-01-24 18:30:00+00:00,7,1.2365538
924194,LINKUSDT,2023-03-28 02:30:00+00:00,4,1.1496586
945930,LINKUSDT,2023-11-09 12:30:00+00:00,0,1.1688348
975614,LINKUSDT,2024-09-13 17:30:00+00:00,0,1.2631526
973920,LINKUSDT,2024-08-27 02:00:00+00:00,2,1.2508819
944264,LINKUSDT,2023-10-23 04:00:00+00:00,9,1.2387929
963879,LINKUSDT,2024-05-14 11:45:00+00:00,2,1.247459
970919,LINKUSDT,2024-07-26 19:45:00+00:00,9,1.1923913
983844,LINKUSDT,2024-12-08 11:00:00+00:00,9,1.2960651
929235,LINKUSDT,2023-05-19 14:45:00+00:00,1,1.2615571
953670,LINKUSDT,2024-01-29 03:30:00+00:00,0,1.1328865
935047,LINKUSDT,2023-07-19 03:45:00+00:00,1,1.1614711
949124,LINKUSDT,2023-12-12 19:00:00+00:00,3,1.2523836
926043,LINKUSDT,2023-04-16 08:45:00+00:00,2,1.1801395
971092,LINKUSDT,2024-07-28 15:00:00+00:00,8,1.3091063
978249,LINKUSDT,2024-10-11 04:15:00+00:00,1,1.2762073
925282,LINKUSDT,2023-04-08 10:30:00+00:00,8,1.1304542
963808,LINKUSDT,2024-05-13 18:00:00+00:00,7,1.1582123
985504,LINKUSDT,2024-12-25 18:00:00+00:00,1,1.292763
951131,LINKUSDT,2024-01-02 16:45:00+00:00,4,1.2252322
976993,LINKUSDT,2024-09-28 02:15:00+00:00,1,1.2775798
955269,LINKUSDT,2024-02-14 19:15:00+00:00,3,1.1569165
945332,LINKUSDT,2023-11-03 07:00:00+00:00,1,1.2079382
954504,LINKUSDT,2024-02-06 20:00:00+00:00,7,1.1701206
936856,LINKUSDT,2023-08-07 00:00:00+00:00,6,1.2740513
932516,LINKUSDT,2023-06-22 19:00:00+00:00,3,1.2483599
981537,LINKUSDT,2024-11-14 10:15:00+00:00,8,1.127695
935406,LINKUSDT,2023-07-22 21:30:00+00:00,1,1.3489869
955482,LINKUSDT,2024-02-17 00:30:00+00:00,3,1.2669086
931301,LINKUSDT,2023-06-10 03:15:00+00:00,4,1.1468266
940640,LINKUSDT,2023-09-15 10:00:00+00:00,8,1.1744173
933233,LINKUSDT,2023-06-30 06:15:00+00:00,9,1.2874486
959180,LINKUSDT,2024-03-26 13:00:00+00:00,9,1.2993524
964934,LINKUSDT,2024-05-25 11:30:00+00:00,1,1.1365118
929318,LINKUSDT,2023-05-20 11:30:00+00:00,2,1.3266089
934817,LINKUSDT,2023-07-16 18:15:00+00:00,8,1.2546242
972052,LINKUSDT,2024-08-07 15:00:00+00:00,4,1.2523676
929525,LINKUSDT,2023-05-22 15:15:00+00:00,8,1.356699
930118,LINKUSDT,2023-05-28 19:30:00+00:00,0,1.2218696
923895,LINKUSDT,2023-03-24 23:45:00+00:00,8,1.1761595
922475,LINKUSDT,2023-03-10 04:45:00+00:00,3,1.2570035
923412,LINKUSDT,2023-03-19 23:00:00+00:00,8,1.1843389
943990,LINKUSDT,2023-10-20 07:30:00+00:00,9,1.2347656
951361,LINKUSDT,2024-01-05 02:15:00+00:00,4,1.2307281
976130,LINKUSDT,2024-09-19 02:30:00+00:00,1,1.4034225
961705,LINKUSDT,2024-04-21 20:15:00+00:00,3,1.1348213
936978,LINKUSDT,2023-08-08 06:30:00+00:00,2,1.2984623
957274,LINKUSDT,2024-03-06 16:30:00+00:00,1,1.3405055
938224,LINKUSDT,2023-08-21 06:00:00+00:00,5,1.2562869
941685,LINKUSDT,2023-09-26 07:15:00+00:00,9,1.238642
943285,LINKUSDT,2023-10-12 23:15:00+00:00,3,1.2332308
948929,LINKUSDT,2023-12-10 18:15:00+00:00,5,1.2837154
930746,LINKUSDT,2023-06-04 08:30:00+00:00,0,1.1296736
976786,LINKUSDT,2024-09-25 22:30:00+00:00,7,1.237956
964258,LINKUSDT,2024-05-18 10:30:00+00:00,8,1.1469278
976151,LINKUSDT,2024-09-19 07:45:00+00:00,1,1.2822767
916381,LINKUSDT,2023-01-05 17:15:00+00:00,0,1.2410165
980417,LINKUSDT,2024-11-02 18:15:00+00:00,7,1.2456099
934796,LINKUSDT,2023-07-16 13:00:00+00:00,2,1.1972244
920746,LINKUSDT,2023-02-20 04:30:00+00:00,9,1.4707294
923352,LINKUSDT,2023-03-19 08:00:00+00:00,8,1.2722136
960230,LINKUSDT,2024-04-06 11:30:00+00:00,0,1.2425596
942623,LINKUSDT,2023-10-06 01:45:00+00:00,3,1.2688783
972416,LINKUSDT,2024-08-11 10:00:00+00:00,5,1.1740587
985453,LINKUSDT,2024-12-25 05:15:00+00:00,1,1.2369248
938482,LINKUSDT,2023-08-23 22:30:00+00:00,4,1.2016557
975731,LINKUSDT,2024-09-14 22:45:00+00:00,6,1.3117613
947657,LINKUSDT,2023-11-27 12:15:00+00:00,7,1.2580545
923882,LINKUSDT,2023-03-24 20:30:00+00:00,8,1.2188969
975491,LINKUSDT,2024-09-12 10:45:00+00:00,1,1.1715741
985835,LINKUSDT,2024-12-29 04:45:00+00:00,8,1.229599
924587,LINKUSDT,2023-04-01 04:45:00+00:00,1,1.2027411
946074,LINKUSDT,2023-11-11 00:30:00+00:00,0,1.2188928
948739,LINKUSDT,2023-12-08 18:45:00+00:00,8,1.2559142
983337,LINKUSDT,2024-12-03 04:15:00+00:00,2,1.2463716
949315,LINKUSDT,2023-12-14 18:45:00+00:00,0,1.3639606
949176,LINKUSDT,2023-12-13 08:00:00+00:00,0,1.2421161
967585,LINKUSDT,2024-06-22 02:15:00+00:00,3,1.2602706
969011,LINKUSDT,2024-07-06 22:45:00+00:00,9,1.242438
978019,LINKUSDT,2024-10-08 18:45:00+00:00,7,1.2777181
959590,LINKUSDT,2024-03-30 19:30:00+00:00,4,1.2361667
963818,LINKUSDT,2024-05-13 20:30:00+00:00,9,1.2696435
923098,LINKUSDT,2023-03-16 16:30:00+00:00,1,1.2130622
926384,LINKUSDT,2023-04-19 22:00:00+00:00,4,1.1913426
953716,LINKUSDT,2024-01-29 15:00:00+00:00,4,1.2333962
975747,LINKUSDT,2024-09-15 02:45:00+00:00,2,1.276162
962963,LINKUSDT,2024-05-04 22:45:00+00:00,8,1.1353905
957724,LINKUSDT,2024-03-11 09:00:00+00:00,5,1.1502959
964072,LINKUSDT,2024-05-16 12:00:00+00:00,1,1.3046212
926819,LINKUSDT,2023-04-24 10:45:00+00:00,0,1.2079186
973020,LINKUSDT,2024-08-17 17:00:00+00:00,5,1.2265472
1113428,LTCUSDT,2024-11-25 07:15:00+00:00,2,1.2030396
1075562,LTCUSDT,2023-10-27 20:45:00+00:00,3,1.3738626
1092045,LTCUSDT,2024-04-16 13:30:00+00:00,2,1.3204926
1085446,LTCUSDT,2024-02-07 19:45:00+00:00,9,1.21523
1096807,LTCUSDT,2024-06-05 04:00:00+00:00,9,1.2059339
1083654,LTCUSDT,2024-01-20 03:45:00+00:00,1,1.2210711
1090110,LTCUSDT,2024-03-27 09:45:00+00:00,4,1.2691432
1103736,LTCUSDT,2024-08-16 08:15:00+00:00,7,1.3877764
1068101,LTCUSDT,2023-08-11 03:30:00+00:00,3,1.2832897
1105837,LTCUSDT,2024-09-07 05:30:00+00:00,3,1.3356051
1095148,LTCUSDT,2024-05-18 21:15:00+00:00,6,1.1733683
1108481,LTCUSDT,2024-10-04 18:30:00+00:00,0,1.2158087
1083350,LTCUSDT,2024-01-16 23:45:00+00:00,6,1.5130806
1062739,LTCUSDT,2023-06-16 07:00:00+00:00,1,1.1873724
1107127,LTCUSDT,2024-09-20 16:00:00+00:00,4,1.1241949
1096400,LTCUSDT,2024-05-31 22:15:00+00:00,6,1.1637387
1060657,LTCUSDT,2023-05-25 14:30:00+00:00,1,1.2025698
1091650,LTCUSDT,2024-04-12 10:45:00+00:00,4,1.2189455
1107264,LTCUSDT,2024-09-22 02:15:00+00:00,7,1.2683287
1059070,LTCUSDT,2023-05-09 01:45:00+00:00,3,1.2788311
1072905,LTCUSDT,2023-09-30 04:30:00+00:00,1,1.2080247
1075874,LTCUSDT,2023-10-31 02:45:00+00:00,2,1.2181814
1049898,LTCUSDT,2023-02-02 12:45:00+00:00,2,1.2560122
1104300,LTCUSDT,2024-08-22 05:15:00+00:00,1,1.3299564
1112108,LTCUSDT,2024-11-11 13:15:00+00:00,2,1.2992972
1103809,LTCUSDT,2024-08-17 02:30:00+00:00,1,1.2253867
1072317,LTCUSDT,2023-09-24 01:30:00+00:00,4,1.3702888
1093277,LTCUSDT,2024-04-29 09:30:00+00:00,3,1.2617086
1112716,LTCUSDT,2024-11-17 21:15:00+00:00,8,1.2308869
1090136,LTCUSDT,2024-03-27 16:15:00+00:00,4,1.2344135
1078639,LTCUSDT,2023-11-28 22:00:00+00:00,8,1.2441432
1053809,LTCUSDT,2023-03-15 06:30:00+00:00,2,1.2153702
1048080,LTCUSDT,2023-01-14 14:15:00+00:00,6,1.2736636
1091786,LTCUSDT,2024-04-13 20:45:00+00:00,4,1.1647161
1106508,LTCUSDT,2024-09-14 05:15:00+00:00,1,1.1705397
1064329,LTCUSDT,2023-07-02 20:30:00+00:00,6,1.3045498
1108754,LTCUSDT,2024-10-07 14:45:00+00:00,0,1.3089051
1090271,LTCUSDT,2024-03-29 02:00:00+00:00,8,1.2507112
1054245,LTCUSDT,2023-03-19 19:30:00+00:00,0,1.2112868
1064734,LTCUSDT,2023-07-07 01:45:00+00:00,1,1.1659743
1055037,LTCUSDT,2023-03-28 01:30:00+00:00,4,1.2433767
1083295,LTCUSDT,2024-01-16 10:00:00+00:00,3,1.2110915
1101261,LTCUSDT,2024-07-21 13:30:00+00:00,9,1.3222518
1095306,LTCUSDT,2024-05-20 12:45:00+00:00,2,1.231069
1067029,LTCUSDT,2023-07-30 23:30:00+00:00,3,1.255039
1051937,LTCUSDT,2023-02-23 18:30:00+00:00,4,1.1625952
1088891,LTCUSDT,2024-03-14 17:00:00+00:00,3,1.2532196
1069945,LTCUSDT,2023-08-30 08:30:00+00:00,2,1.2128795
1052691,LTCUSDT,2023-03-03 15:00:00+00:00,1,1.3069093
1091504,LTCUSDT,2024-04-10 22:15:00+00:00,1,1.1999817
1083527,LTCUSDT,2024-01-18 20:00:00+00:00,4,1.1468449
1077742,LTCUSDT,2023-11-19 13:45:00+00:00,8,1.3061388
1071575,LTCUSDT,2023-09-16 08:00:00+00:00,8,1.2530398
1078347,LTCUSDT,2023-11-25 21:00:00+00:00,5,1.1049392
1108219,LTCUSDT,2024-10-02 01:00:00+00:00,3,1.181413
1068911,LTCUSDT,2023-08-19 14:00:00+00:00,8,1.2706931
1067365,LTCUSDT,2023-08-03 11:30:00+00:00,2,1.2301558
1093721,LTCUSDT,2024-05-04 00:30:00+00:00,6,1.3269378
1074241,LTCUSDT,2023-10-14 02:30:00+00:00,1,1.3038281
1052307,LTCUSDT,2023-02-27 15:00:00+00:00,0,1.1626158
1115790,LTCUSDT,2024-12-19 21:45:00+00:00,3,1.286042
1069004,LTCUSDT,2023-08-20 13:15:00+00:00,2,1.2338837
1095808,LTCUSDT,2024-05-25 18:15:00+00:00,6,1.2582362
1112323,LTCUSDT,2024-11-13 19:00:00+00:00,9,1.3216465
1061549,LTCUSDT,2023-06-03 21:30:00+00:00,7,1.1410669
1107547,LTCUSDT,2024-09-25 01:00:00+00:00,9,1.2779723
1104673,LTCUSDT,2024-08-26 02:30:00+00:00,4,1.1944507
1107907,LTCUSDT,2024-09-28 19:00:00+00:00,8,1.2915717
1048060,LTCUSDT,2023-01-14 09:15:00+00:00,7,1.3700938
1095531,LTCUSDT,2024-05-22 21:00:00+00:00,8,1.3275977
1090886,LTCUSDT,2024-04-04 11:45:00+00:00,2,1.315037
1047015,LTCUSDT,2023-01-03 12:00:00+00:00,2,1.1754737
1082264,LTCUSDT,2024-01-05 16:15:00+00:00,3,1.2385483
1051792,LTCUSDT,2023-02-22 06:15:00+00:00,3,1.2299072
1086580,LTCUSDT,2024-02-19 15:15:00+00:00,3,1.2456038
1070302,LTCUSDT,2023-09-03 01:45:00+00:00,9,1.1850173
1099693,LTCUSDT,2024-07-05 05:30:00+00:00,7,1.4134623
1065712,LTCUSDT,2023-07-17 06:15:00+00:00,4,1.2845296
1080880,LTCUSDT,2023-12-22 06:15:00+00:00,4,1.207467
1102119,LTCUSDT,2024-07-30 12:00:00+00:00,2,1.3198516
1060236,LTCUSDT,2023-05-21 05:15:00+00:00,8,1.1839081
1086290,LTCUSDT,2024-02-16 14:45:00+00:00,4,1.1893729
1052795,LTCUSDT,2023-03-04 17:00:00+00:00,5,1.2004884
1053599,LTCUSDT,2023-03-13 02:00:00+00:00,0,1.343971
1054475,LTCUSDT,2023-03-22 05:00:00+00:00,3,1.3337815
1108542,LTCUSDT,2024-10-05 09:45:00+00:00,1,1.3063581
1106191,LTCUSDT,2024-09-10 22:00:00+00:00,9,1.1986562
1065542,LTCUSDT,2023-07-15 11:45:00+00:00,8,1.2198243
1071076,LTCUSDT,2023-09-11 03:15:00+00:00,0,1.2555183
1088648,LTCUSDT,2024-03-12 04:15:00+00:00,4,1.330209
1080527,LTCUSDT,2023-12-18 14:00:00+00:00,3,1.2248019
1080845,LTCUSDT,2023-12-21 21:30:00+00:00,1,1.1287478
1116829,LTCUSDT,2024-12-30 17:30:00+00:00,7,1.278943
1085900,LTCUSDT,2024-02-12 13:15:00+00:00,3,1.2698563
1078185,LTCUSDT,2023-11-24 04:30:00+00:00,8,1.1836655
1080829,LTCUSDT,2023-12-21 17:30:00+00:00,3,1.2054577
1068414,LTCUSDT,2023-08-14 09:45:00+00:00,2,1.2647432
1077851,LTCUSDT,2023-11-20 17:00:00+00:00,7,1.1306674
1055771,LTCUSDT,2023-04-04 17:00:00+00:00,9,1.2884187
1108567,LTCUSDT,2024-10-05 16:00:00+00:00,0,1.216017
1053257,LTCUSDT,2023-03-09 12:30:00+00:00,1,1.2931218
1065648,LTCUSDT,2023-07-16 14:15:00+00:00,5,1.1590677
1111226,LTCUSDT,2024-11-02 08:45:00+00:00,3,1.2740788
1068357,LTCUSDT,2023-08-13 19:30:00+00:00,0,1.2413496
1047110,LTCUSDT,2023-01-04 11:45:00+00:00,2,1.2266209
1047180,LTCUSDT,2023-01-05 05:15:00+00:00,0,1.2526293
1089025,LTCUSDT,2024-03-16 02:30:00+00:00,1,1.3534863
1060162,LTCUSDT,2023-05-20 10:45:00+00:00,1,1.2619928
1116793,LTCUSDT,2024-12-30 08:30:00+00:00,0,1.2546451
1066045,LTCUSDT,2023-07-20 17:30:00+00:00,7,1.2125168
1049708,LTCUSDT,2023-01-31 13:15:00+00:00,2,1.1635298
1071897,LTCUSDT,2023-09-19 16:30:00+00:00,5,1.2146125
1104858,LTCUSDT,2024-08-28 00:45:00+00:00,4,1.2438482
1055077,LTCUSDT,2023-03-28 11:30:00+00:00,5,1.290804
1072581,LTCUSDT,2023-09-26 19:30:00+00:00,3,1.3023629
1069788,LTCUSDT,2023-08-28 17:15:00+00:00,0,1.2532126
1062952,LTCUSDT,2023-06-18 12:15:00+00:00,0,1.3362681
1111015,LTCUSDT,2024-10-31 04:00:00+00:00,2,1.3180966
1073350,LTCUSDT,2023-10-04 19:45:00+00:00,7,1.1610131
1067597,LTCUSDT,2023-08-05 21:30:00+00:00,9,1.1930541
1096199,LTCUSDT,2024-05-29 20:00:00+00:00,4,1.2316062
1075362,LTCUSDT,2023-10-25 18:45:00+00:00,8,1.2039331
1106456,LTCUSDT,2024-09-13 16:15:00+00:00,0,1.1747805
1071065,LTCUSDT,2023-09-11 00:30:00+00:00,8,1.2698992
1114497,LTCUSDT,2024-12-06 10:30:00+00:00,4,1.1973449
1109661,LTCUSDT,2024-10-17 01:30:00+00:00,1,1.1842588
1056261,LTCUSDT,2023-04-09 19:30:00+00:00,0,1.2175837
1078485,LTCUSDT,2023-11-27 07:30:00+00:00,7,1.2583319
1086476,LTCUSDT,2024-02-18 13:15:00+00:00,4,1.1503656
1069551,LTCUSDT,2023-08-26 06:00:00+00:00,8,1.2427582
1090288,LTCUSDT,2024-03-29 06:15:00+00:00,3,1.2330393
1072787,LTCUSDT,2023-09-28 23:00:00+00:00,3,1.3144797
1067478,LTCUSDT,2023-08-04 15:45:00+00:00,1,1.2816154
1056781,LTCUSDT,2023-04-15 05:30:00+00:00,3,1.2273067
1086604,LTCUSDT,2024-02-19 21:15:00+00:00,3,1.2328761
1095882,LTCUSDT,2024-05-26 12:45:00+00:00,3,1.2384568
1052218,LTCUSDT,2023-02-26 16:45:00+00:00,5,1.1892661
1048209,LTCUSDT,2023-01-15 22:30:00+00:00,4,1.1544805
1057172,LTCUSDT,2023-04-19 07:15:00+00:00,4,1.271919
1105626,LTCUSDT,2024-09-05 00:45:00+00:00,1,1.2428247
1075538,LTCUSDT,2023-10-27 14:45:00+00:00,5,1.3241229
1071172,LTCUSDT,2023-09-12 03:15:00+00:00,0,1.167547
1072644,LTCUSDT,2023-09-27 11:15:00+00:00,0,1.0790645
1058836,LTCUSDT,2023-05-06 15:15:00+00:00,4,1.297897
1053761,LTCUSDT,2023-03-14 18:30:00+00:00,4,1.2009537
1071214,LTCUSDT,2023-09-12 13:45:00+00:00,1,1.2714126
1097934,LTCUSDT,2024-06-16 21:45:00+00:00,8,1.2485802
1109884,LTCUSDT,2024-10-19 09:15:00+00:00,1,1.2686981
1096546,LTCUSDT,2024-06-02 10:45:00+00:00,4,1.2381004
1111343,LTCUSDT,2024-11-03 14:00:00+00:00,7,1.0840005
1051739,LTCUSDT,2023-02-21 17:00:00+00:00,4,1.163489
1070023,LTCUSDT,2023-08-31 04:00:00+00:00,2,1.1476281
1078988,LTCUSDT,2023-12-02 13:15:00+00:00,8,1.2545459
1059959,LTCUSDT,2023-05-18 08:00:00+00:00,4,1.2663026
1081756,LTCUSDT,2023-12-31 09:15:00+00:00,0,1.2865038
1090001,LTCUSDT,2024-03-26 06:30:00+00:00,1,1.2224299
1072729,LTCUSDT,2023-09-28 08:30:00+00:00,1,1.3300112
1063474,LTCUSDT,2023-06-23 22:45:00+00:00,8,1.1989602
1089902,LTCUSDT,2024-03-25 05:45:00+00:00,3,1.2727113
1085688,LTCUSDT,2024-02-10 08:15:00+00:00,1,1.232556
1058391,LTCUSDT,2023-05-02 00:00:00+00:00,3,1.169282
1059369,LTCUSDT,2023-05-12 04:30:00+00:00,4,1.2582091
1096229,LTCUSDT,2024-05-30 03:30:00+00:00,2,1.2705685
1088683,LTCUSDT,2024-03-12 13:00:00+00:00,3,1.2613335
1099921,LTCUSDT,2024-07-07 14:30:00+00:00,4,1.2055185
1073135,LTCUSDT,2023-10-02 14:00:00+00:00,5,1.2814293
1087932,LTCUSDT,2024-03-04 17:15:00+00:00,4,1.20155
1072931,LTCUSDT,2023-09-30 11:00:00+00:00,1,1.1453542
1069888,LTCUSDT,2023-08-29 18:15:00+00:00,9,1.343281
1115963,LTCUSDT,2024-12-21 17:00:00+00:00,7,1.1912072
1091256,LTCUSDT,2024-04-08 08:15:00+00:00,0,1.214163
1051568,LTCUSDT,2023-02-19 22:15:00+00:00,3,1.1712904
1057654,LTCUSDT,2023-04-24 07:45:00+00:00,4,1.3333559
1102933,LTCUSDT,2024-08-07 23:30:00+00:00,3,1.264254
1103368,LTCUSDT,2024-08-12 12:15:00+00:00,9,1.2890648
1089383,LTCUSDT,2024-03-19 20:00:00+00:00,9,1.1932397
1107316,LTCUSDT,2024-09-22 15:15:00+00:00,4,1.2234898
1049460,LTCUSDT,2023-01-28 23:15:00+00:00,0,1.225211
1059479,LTCUSDT,2023-05-13 08:00:00+00:00,1,1.1350417
1108951,LTCUSDT,2024-10-09 16:00:00+00:00,5,1.182537
1066119,LTCUSDT,2023-07-21 12:00:00+00:00,1,1.2356833
1060728,LTCUSDT,2023-05-26 08:15:00+00:00,5,1.2381588
1108292,LTCUSDT,2024-10-02 19:15:00+00:00,4,1.0877379
1076499,LTCUSDT,2023-11-06 15:00:00+00:00,0,1.2425061
1098709,LTCUSDT,2024-06-24 23:30:00+00:00,3,1.1816274
1052542,LTCUSDT,2023-03-02 01:45:00+00:00,4,1.1189723
1065143,LTCUSDT,2023-07-11 08:00:00+00:00,0,1.2213877
1105692,LTCUSDT,2024-09-05 17:15:00+00:00,7,1.3260478
1061128,LTCUSDT,2023-05-30 12:15:00+00:00,0,1.2914343
1088452,LTCUSDT,2024-03-10 03:15:00+00:00,8,1.1254882
1085834,LTCUSDT,2024-02-11 20:45:00+00:00,7,1.1543932
1103591,LTCUSDT,2024-08-14 20:00:00+00:00,5,1.3187646
1074117,LTCUSDT,2023-10-12 19:30:00+00:00,7,1.2322034
1092079,LTCUSDT,2024-04-16 22:00:00+00:00,9,1.2100129
1086194,LTCUSDT,2024-02-15 14:45:00+00:00,0,1.2531021
1082074,LTCUSDT,2024-01-03 16:45:00+00:00,3,1.4217345
1086493,LTCUSDT,2024-02-18 17:30:00+00:00,0,1.0963931
1095815,LTCUSDT,2024-05-25 20:00:00+00:00,6,1.2250248
1085868,LTCUSDT,2024-02-12 05:15:00+00:00,4,1.2321352
1070944,LTCUSDT,2023-09-09 18:15:00+00:00,9,1.3255924
1084957,LTCUSDT,2024-02-02 17:30:00+00:00,6,1.1638784
1094899,LTCUSDT,2024-05-16 07:00:00+00:00,1,1.2914728
1082808,LTCUSDT,2024-01-11 08:15:00+00:00,1,1.3473026
1089259,LTCUSDT,2024-03-18 13:00:00+00:00,3,1.2587607
1060791,LTCUSDT,2023-05-27 00:00:00+00:00,8,1.3017467
1065696,LTCUSDT,2023-07-17 02:15:00+00:00,3,1.2507914
1094048,LTCUSDT,2024-05-07 10:15:00+00:00,3,1.2689407
1080147,LTCUSDT,2023-12-14 15:00:00+00:00,4,1.1280265
1086426,LTCUSDT,2024-02-18 00:45:00+00:00,8,1.2346193
1102920,LTCUSDT,2024-08-07 20:15:00+00:00,3,1.2316674
1090944,LTCUSDT,2024-04-05 02:15:00+00:00,3,1.3115478
1077489,LTCUSDT,2023-11-16 22:30:00+00:00,3,1.0893347
1086162,LTCUSDT,2024-02-15 06:45:00+00:00,4,1.1892002
1061309,LTCUSDT,2023-06-01 09:30:00+00:00,9,1.2496357
1060738,LTCUSDT,2023-05-26 10:45:00+00:00,1,1.3121853
1105671,LTCUSDT,2024-09-05 12:00:00+00:00,8,1.4091935
1080072,LTCUSDT,2023-12-13 20:15:00+00:00,9,1.2067826
1056442,LTCUSDT,2023-04-11 16:45:00+00:00,7,1.2305807
1115637,LTCUSDT,2024-12-18 07:30:00+00:00,4,1.1874756
1097119,LTCUSDT,2024-06-08 10:00:00+00:00,1,1.3032674
1110764,LTCUSDT,2024-10-28 13:15:00+00:00,4,1.2530361
1114154,LTCUSDT,2024-12-02 20:45:00+00:00,0,1.1593753
1064262,LTCUSDT,2023-07-02 03:45:00+00:00,8,1.2991276
1081849,LTCUSDT,2024-01-01 08:30:00+00:00,3,1.2599316
1052610,LTCUSDT,2023-03-02 18:45:00+00:00,3,1.2865988
1050735,LTCUSDT,2023-02-11 06:00:00+00:00,1,1.2447189
1055059,LTCUSDT,2023-03-28 07:00:00+00:00,1,1.298539
1108543,LTCUSDT,2024-10-05 10:00:00+00:00,1,1.3039281
1064943,LTCUSDT,2023-07-09 06:00:00+00:00,8,1.29814
1088314,LTCUSDT,2024-03-08 16:45:00+00:00,4,1.2400466
1052987,LTCUSDT,2023-03-06 17:00:00+00:00,0,1.2309837
1067101,LTCUSDT,2023-07-31 17:30:00+00:00,2,1.3848279
1068241,LTCUSDT,2023-08-12 14:30:00+00:00,8,1.2656183
1106055,LTCUSDT,2024-09-09 12:00:00+00:00,2,1.1561282
1084021,LTCUSDT,2024-01-23 23:30:00+00:00,1,1.1765617
1110478,LTCUSDT,2024-10-25 13:45:00+00:00,0,1.2860934
1102376,LTCUSDT,2024-08-02 04:15:00+00:00,8,1.2706974
1081528,LTCUSDT,2023-12-29 00:15:00+00:00,0,1.3169914
1115696,LTCUSDT,2024-12-18 22:15:00+00:00,4,1.2717936
1115525,LTCUSDT,2024-12-17 03:30:00+00:00,2,1.2786101
1113163,LTCUSDT,2024-11-22 13:00:00+00:00,0,1.1754286
1095850,LTCUSDT,2024-05-26 04:45:00+00:00,5,1.151932
1068098,LTCUSDT,2023-08-11 02:45:00+00:00,8,1.2460418
1096813,LTCUSDT,2024-06-05 05:30:00+00:00,9,1.2113807
1081994,LTCUSDT,2024-01-02 20:45:00+00:00,7,1.2950659
1104808,LTCUSDT,2024-08-27 12:15:00+00:00,2,1.2086378
1094540,LTCUSDT,2024-05-12 13:15:00+00:00,7,1.2603282
1051885,LTCUSDT,2023-02-23 05:30:00+00:00,2,1.3469176
1113010,LTCUSDT,2024-11-20 22:45:00+00:00,3,1.2515973
1106541,LTCUSDT,2024-09-14 13:30:00+00:00,0,1.1327106
1067142,LTCUSDT,2023-08-01 03:45:00+00:00,4,1.2626804
1091942,LTCUSDT,2024-04-15 11:45:00+00:00,4,1.2485728
1059633,LTCUSDT,2023-05-14 22:30:00+00:00,0,1.3423936
1080945,LTCUSDT,2023-12-22 22:30:00+00:00,9,1.2880322
1084899,LTCUSDT,2024-02-02 03:00:00+00:00,0,1.3955677
1096425,LTCUSDT,2024-06-01 04:30:00+00:00,3,1.2874357
1075250,LTCUSDT,2023-10-24 14:45:00+00:00,5,1.323631
1088447,LTCUSDT,2024-03-10 02:00:00+00:00,6,1.2793362
1111983,LTCUSDT,2024-11-10 06:00:00+00:00,0,1.2881522
1047542,LTCUSDT,2023-01-08 23:45:00+00:00,0,1.2656064
1070736,LTCUSDT,2023-09-07 14:15:00+00:00,4,1.200997
1095171,LTCUSDT,2024-05-19 03:00:00+00:00,0,1.2543101
1085721,LTCUSDT,2024-02-10 16:30:00+00:00,6,1.216643
1114310,LTCUSDT,2024-12-04 11:45:00+00:00,2,1.2818768
1078685,LTCUSDT,2023-11-29 09:30:00+00:00,0,1.3027157
1085651,LTCUSDT,2024-02-09 23:00:00+00:00,8,1.2475786
1090634,LTCUSDT,2024-04-01 20:45:00+00:00,3,1.2593662
1049060,LTCUSDT,2023-01-24 19:15:00+00:00,3,1.1442513
1083202,LTCUSDT,2024-01-15 10:45:00+00:00,2,1.251063
1062022,LTCUSDT,2023-06-08 19:45:00+00:00,8,1.3076004
1063808,LTCUSDT,2023-06-27 10:15:00+00:00,0,1.128851
1063829,LTCUSDT,2023-06-27 15:30:00+00:00,4,1.1228657
1071865,LTCUSDT,2023-09-19 08:30:00+00:00,9,1.223569
1056704,LTCUSDT,2023-04-14 10:15:00+00:00,8,1.0938126
1076232,LTCUSDT,2023-11-03 20:15:00+00:00,1,1.2983029
1090795,LTCUSDT,2024-04-03 13:00:00+00:00,2,1.1863288
1060247,LTCUSDT,2023-05-21 08:00:00+00:00,0,1.0980741
1086206,LTCUSDT,2024-02-15 17:45:00+00:00,4,1.198024
1051620,LTCUSDT,2023-02-20 11:15:00+00:00,2,1.2011609
1068522,LTCUSDT,2023-08-15 12:45:00+00:00,4,1.2418447
1060944,LTCUSDT,2023-05-28 14:15:00+00:00,1,1.2313616
1071598,LTCUSDT,2023-09-16 13:45:00+00:00,8,1.3356521
1088322,LTCUSDT,2024-03-08 18:45:00+00:00,8,1.3155137
1082834,LTCUSDT,2024-01-11 14:45:00+00:00,0,1.2020994
1070390,LTCUSDT,2023-09-03 23:45:00+00:00,8,1.1760566
1049813,LTCUSDT,2023-02-01 15:30:00+00:00,4,1.1627738
1074962,LTCUSDT,2023-10-21 14:45:00+00:00,0,1.0601795
1072049,LTCUSDT,2023-09-21 06:30:00+00:00,4,1.2548289
1081697,LTCUSDT,2023-12-30 18:30:00+00:00,8,1.1623893
1105040,LTCUSDT,2024-08-29 22:15:00+00:00,5,1.4504129
1110636,LTCUSDT,2024-10-27 05:15:00+00:00,1,1.2253082
1047496,LTCUSDT,2023-01-08 12:15:00+00:00,1,1.2426529
1056557,LTCUSDT,2023-04-12 21:30:00+00:00,1,1.2408323
1071538,LTCUSDT,2023-09-15 22:45:00+00:00,0,1.1236541
1078902,LTCUSDT,2023-12-01 15:45:00+00:00,5,1.2499297
1105863,LTCUSDT,2024-09-07 12:00:00+00:00,8,1.4594886
1112929,LTCUSDT,2024-11-20 02:30:00+00:00,3,1.2818017
1101711,LTCUSDT,2024-07-26 06:00:00+00:00,1,1.1686505
1070922,LTCUSDT,2023-09-09 12:45:00+00:00,1,1.3294588
1074797,LTCUSDT,2023-10-19 21:30:00+00:00,0,1.2732029
1081160,LTCUSDT,2023-12-25 04:15:00+00:00,3,1.2521818
1104634,LTCUSDT,2024-08-25 16:45:00+00:00,4,1.2396208
1100065,LTCUSDT,2024-07-09 02:30:00+00:00,1,1.1858006
1084975,LTCUSDT,2024-02-02 22:00:00+00:00,6,1.3833995
1047451,LTCUSDT,2023-01-08 01:00:00+00:00,4,1.1786819
1060593,LTCUSDT,2023-05-24 22:30:00+00:00,3,1.1529593
1070312,LTCUSDT,2023-09-03 04:15:00+00:00,9,1.1591674
1057763,LTCUSDT,2023-04-25 11:00:00+00:00,0,1.1979843
1085453,LTCUSDT,2024-02-07 21:30:00+00:00,9,1.2260494
1105480,LTCUSDT,2024-09-03 12:15:00+00:00,2,1.2077088
1102266,LTCUSDT,2024-08-01 00:45:00+00:00,3,1.3176192
1053484,LTCUSDT,2023-03-11 21:15:00+00:00,8,1.2029145
1093243,LTCUSDT,2024-04-29 01:00:00+00:00,9,1.3100245
1097575,LTCUSDT,2024-06-13 04:00:00+00:00,4,1.3985234
1091675,LTCUSDT,2024-04-12 17:00:00+00:00,7,1.0983433
1072550,LTCUSDT,2023-09-26 11:45:00+00:00,2,1.2656704
1079991,LTCUSDT,2023-12-13 00:00:00+00:00,0,1.1299618
1087013,LTCUSDT,2024-02-24 03:30:00+00:00,3,1.3262284
1095907,LTCUSDT,2024-05-26 19:00:00+00:00,4,1.3739879
1109282,LTCUSDT,2024-10-13 02:45:00+00:00,4,1.1046937
1086486,LTCUSDT,2024-02-18 15:45:00+00:00,8,1.1363214
1101817,LTCUSDT,2024-07-27 08:30:00+00:00,1,1.2789776
1101600,LTCUSDT,2024-07-25 02:15:00+00:00,7,1.2719941
1067115,LTCUSDT,2023-07-31 21:00:00+00:00,7,1.3349929
1087340,LTCUSDT,2024-02-27 13:15:00+00:00,4,1.2287389
1108124,LTCUSDT,2024-10-01 01:15:00+00:00,3,1.3684199
1113905,LTCUSDT,2024-11-30 06:30:00+00:00,3,1.2739888
1090393,LTCUSDT,2024-03-30 08:30:00+00:00,2,1.267903
1061411,LTCUSDT,2023-06-02 11:00:00+00:00,1,1.2007016
1075728,LTCUSDT,2023-10-29 14:15:00+00:00,5,1.2320408
1060398,LTCUSDT,2023-05-22 21:45:00+00:00,3,1.2555529
1086560,LTCUSDT,2024-02-19 10:15:00+00:00,5,1.3002752
1070968,LTCUSDT,2023-09-10 00:15:00+00:00,8,1.1914876
1073029,LTCUSDT,2023-10-01 11:30:00+00:00,0,1.0384306
1109786,LTCUSDT,2024-10-18 08:45:00+00:00,8,1.2967474
1055115,LTCUSDT,2023-03-28 21:00:00+00:00,3,1.2764317
1073099,LTCUSDT,2023-10-02 05:00:00+00:00,8,1.2365348
1058451,LTCUSDT,2023-05-02 15:00:00+00:00,5,1.2801839
1094064,LTCUSDT,2024-05-07 14:15:00+00:00,0,1.3105558
1112116,LTCUSDT,2024-11-11 15:15:00+00:00,0,1.2579472
1070449,LTCUSDT,2023-09-04 14:30:00+00:00,4,1.1314676
1087780,LTCUSDT,2024-03-03 03:15:00+00:00,8,1.2466252
1059098,LTCUSDT,2023-05-09 08:45:00+00:00,1,1.1867912
1105291,LTCUSDT,2024-09-01 13:00:00+00:00,2,1.2456404
1051850,LTCUSDT,2023-02-22 20:45:00+00:00,3,1.3168808
1089222,LTCUSDT,2024-03-18 03:45:00+00:00,2,1.2797949
1092171,LTCUSDT,2024-04-17 21:00:00+00:00,6,1.3709693
1055428,LTCUSDT,2023-04-01 03:15:00+00:00,0,1.1860874
1100115,LTCUSDT,2024-07-09 15:00:00+00:00,4,1.2673385
1053805,LTCUSDT,2023-03-15 05:30:00+00:00,9,1.2704252
1097901,LTCUSDT,2024-06-16 13:30:00+00:00,4,1.0992007
1073917,LTCUSDT,2023-10-10 17:30:00+00:00,3,1.3810104
1089973,LTCUSDT,2024-03-25 23:30:00+00:00,8,1.1667376
1072077,LTCUSDT,2023-09-21 13:30:00+00:00,3,1.247821
1086332,LTCUSDT,2024-02-17 01:15:00+00:00,8,1.303305
1112412,LTCUSDT,2024-11-14 17:15:00+00:00,5,1.2672974
1107080,LTCUSDT,2024-09-20 04:15:00+00:00,0,1.1331097
1057894,LTCUSDT,2023-04-26 19:45:00+00:00,4,1.107466
1115738,LTCUSDT,2024-12-19 08:45:00+00:00,2,1.2818505
1055608,LTCUSDT,2023-04-03 00:15:00+00:00,3,1.1785684
1092648,LTCUSDT,2024-04-22 20:15:00+00:00,0,1.1884958
1056438,LTCUSDT,2023-04-11 15:45:00+00:00,3,1.2805511
1092026,LTCUSDT,2024-04-16 08:45:00+00:00,3,1.3273778
1095567,LTCUSDT,2024-05-23 06:00:00+00:00,2,1.2382298
1063096,LTCUSDT,2023-06-20 00:15:00+00:00,6,1.2201704
1051681,LTCUSDT,2023-02-21 02:30:00+00:00,0,1.2070538
1110040,LTCUSDT,2024-10-21 00:15:00+00:00,3,1.305557
1066838,LTCUSDT,2023-07-28 23:45:00+00:00,1,1.1628003
1049637,LTCUSDT,2023-01-30 19:30:00+00:00,4,1.1492506
1093237,LTCUSDT,2024-04-28 23:30:00+00:00,4,1.1929283
1055945,LTCUSDT,2023-04-06 12:30:00+00:00,3,1.2909074
1062804,LTCUSDT,2023-06-16 23:15:00+00:00,6,1.2964429
1105354,LTCUSDT,2024-09-02 04:45:00+00:00,7,1.2174653
1059527,LTCUSDT,2023-05-13 20:00:00+00:00,6,1.269596
1090293,LTCUSDT,2024-03-29 07:30:00+00:00,9,1.2544156
1067293,LTCUSDT,2023-08-02 17:30:00+00:00,4,1.1182973
1079219,LTCUSDT,2023-12-04 23:00:00+00:00,2,1.2331954
1102497,LTCUSDT,2024-08-03 10:30:00+00:00,1,1.2730241
1057416,LTCUSDT,2023-04-21 20:15:00+00:00,4,1.25396
1108265,LTCUSDT,2024-10-02 12:30:00+00:00,4,1.2055814
1108996,LTCUSDT,2024-10-10 03:15:00+00:00,3,1.1791996
1060759,LTCUSDT,2023-05-26 16:00:00+00:00,0,1.1388685
1092267,LTCUSDT,2024-04-18 21:00:00+00:00,1,1.19138
1051028,LTCUSDT,2023-02-14 07:15:00+00:00,1,1.158269
1090482,LTCUSDT,2024-03-31 06:45:00+00:00,8,1.2252829
1105190,LTCUSDT,2024-08-31 11:45:00+00:00,1,1.3346498
1072861,LTCUSDT,2023-09-29 17:30:00+00:00,6,1.2372382
1095248,LTCUSDT,2024-05-19 22:15:00+00:00,4,1.2332811
1105367,LTCUSDT,2024-09-02 08:00:00+00:00,4,1.2850566
1112758,LTCUSDT,2024-11-18 07:45:00+00:00,9,1.1784723
1071320,LTCUSDT,2023-09-13 16:15:00+00:00,9,1.2716025
1095223,LTCUSDT,2024-05-19 16:00:00+00:00,3,1.222461
1081428,LTCUSDT,2023-12-27 23:15:00+00:00,1,1.3433318
1103444,LTCUSDT,2024-08-13 07:15:00+00:00,9,1.3666276
1051398,LTCUSDT,2023-02-18 03:45:00+00:00,0,1.2370936
1090912,LTCUSDT,2024-04-04 18:15:00+00:00,3,1.2282047
1077444,LTCUSDT,2023-11-16 11:15:00+00:00,5,1.2115026
1052857,LTCUSDT,2023-03-05 08:30:00+00:00,2,1.1358273
1092646,LTCUSDT,2024-04-22 19:45:00+00:00,6,1.2485768
1102517,LTCUSDT,2024-08-03 15:30:00+00:00,4,1.1395239
1089052,LTCUSDT,2024-03-16 09:15:00+00:00,1,1.2579226
1090071,LTCUSDT,2024-03-27 00:00:00+00:00,9,1.2246805
1068044,LTCUSDT,2023-08-10 13:15:00+00:00,7,1.326515
1074439,LTCUSDT,2023-10-16 04:00:00+00:00,0,1.3105541
1084292,LTCUSDT,2024-01-26 19:15:00+00:00,9,1.2087245
1091009,LTCUSDT,2024-04-05 18:30:00+00:00,6,1.269474
1062074,LTCUSDT,2023-06-09 08:45:00+00:00,1,1.1047473
1115518,LTCUSDT,2024-12-17 01:45:00+00:00,4,1.2163599
1082147,LTCUSDT,2024-01-04 11:00:00+00:00,2,1.3046622
1103632,LTCUSDT,2024-08-15 06:15:00+00:00,2,1.200672
1075738,LTCUSDT,2023-10-29 16:45:00+00:00,0,1.1545402
1065065,LTCUSDT,2023-07-10 12:30:00+00:00,0,1.2437431
1103005,LTCUSDT,2024-08-08 17:30:00+00:00,9,1.3447812
1079094,LTCUSDT,2023-12-03 15:45:00+00:00,8,1.2611685
1055394,LTCUSDT,2023-03-31 18:45:00+00:00,8,1.2727765
1051224,LTCUSDT,2023-02-16 08:15:00+00:00,4,1.2580891
1069843,LTCUSDT,2023-08-29 07:00:00+00:00,4,1.1611738
1092072,LTCUSDT,2024-04-16 20:15:00+00:00,3,1.1063607
1054211,LTCUSDT,2023-03-19 11:00:00+00:00,2,1.2523931
1083226,LTCUSDT,2024-01-15 16:45:00+00:00,3,1.2626934
1082439,LTCUSDT,2024-01-07 12:00:00+00:00,4,1.2211075
1096405,LTCUSDT,2024-05-31 23:30:00+00:00,8,1.246749
1116462,LTCUSDT,2024-12-26 21:45:00+00:00,3,1.2408488
1088232,LTCUSDT,2024-03-07 20:15:00+00:00,0,1.3433648
1049909,LTCUSDT,2023-02-02 15:30:00+00:00,4,1.138294
1106157,LTCUSDT,2024-09-10 13:30:00+00:00,3,1.2253879
1103051,LTCUSDT,2024-08-09 05:00:00+00:00,4,1.2813625
1049209,LTCUSDT,2023-01-26 08:30:00+00:00,2,1.1591369
1094624,LTCUSDT,2024-05-13 10:15:00+00:00,0,1.322692
1092753,LTCUSDT,2024-04-23 22:30:00+00:00,2,1.2417915
1089459,LTCUSDT,2024-03-20 15:00:00+00:00,1,1.2625966
1054234,LTCUSDT,2023-03-19 16:45:00+00:00,0,1.0493346
1065982,LTCUSDT,2023-07-20 01:45:00+00:00,3,1.1577704
1090718,LTCUSDT,2024-04-02 17:45:00+00:00,0,1.306442
1115294,LTCUSDT,2024-12-14 17:45:00+00:00,7,1.1829959
1098771,LTCUSDT,2024-06-25 15:00:00+00:00,0,1.2875149
1066434,LTCUSDT,2023-07-24 18:45:00+00:00,3,1.2981217
1062513,LTCUSDT,2023-06-13 22:30:00+00:00,2,1.2599566
1116379,LTCUSDT,2024-12-26 01:00:00+00:00,9,1.2746396
1102852,LTCUSDT,2024-08-07 03:15:00+00:00,3,1.2526587
1051943,LTCUSDT,2023-02-23 20:00:00+00:00,6,1.1556771
1075364,LTCUSDT,2023-10-25 19:15:00+00:00,4,1.2309977
1056822,LTCUSDT,2023-04-15 15:45:00+00:00,1,1.1576996
1105026,LTCUSDT,2024-08-29 18:45:00+00:00,4,1.1077228
1068293,LTCUSDT,2023-08-13 03:30:00+00:00,4,1.3823241
1055302,LTCUSDT,2023-03-30 19:45:00+00:00,3,1.2319764
1058261,LTCUSDT,2023-04-30 15:30:00+00:00,0,1.1389185
1058142,LTCUSDT,2023-04-29 09:45:00+00:00,1,1.1718489
1092833,LTCUSDT,2024-04-24 18:30:00+00:00,3,1.2329863
1079690,LTCUSDT,2023-12-09 20:45:00+00:00,3,1.1690034
1085863,LTCUSDT,2024-02-12 04:00:00+00:00,8,1.3471833
1108842,LTCUSDT,2024-10-08 12:45:00+00:00,2,1.3881303
1051720,LTCUSDT,2023-02-21 12:15:00+00:00,4,1.1484735
1084354,LTCUSDT,2024-01-27 10:45:00+00:00,3,1.2866105
1108122,LTCUSDT,2024-10-01 00:45:00+00:00,5,1.383821
1106368,LTCUSDT,2024-09-12 18:15:00+00:00,9,1.2264205
1096506,LTCUSDT,2024-06-02 00:45:00+00:00,7,1.3513147
1083710,LTCUSDT,2024-01-20 17:45:00+00:00,1,1.2290397
1066508,LTCUSDT,2023-07-25 13:15:00+00:00,2,1.1481073
1052287,LTCUSDT,2023-02-27 10:00:00+00:00,3,1.2263806
1112729,LTCUSDT,2024-11-18 00:30:00+00:00,1,1.251113
1096127,LTCUSDT,2024-05-29 02:00:00+00:00,2,1.2122169
1049771,LTCUSDT,2023-02-01 05:00:00+00:00,9,1.1806096
1109067,LTCUSDT,2024-10-10 21:00:00+00:00,3,1.303356
1112871,LTCUSDT,2024-11-19 12:00:00+00:00,2,1.2472438
1048166,LTCUSDT,2023-01-15 11:45:00+00:00,0,1.1675808
1058964,LTCUSDT,2023-05-07 23:15:00+00:00,6,1.2694178
1075190,LTCUSDT,2023-10-23 23:45:00+00:00,9,1.1513665
1074958,LTCUSDT,2023-10-21 13:45:00+00:00,0,1.1232661
1089254,LTCUSDT,2024-03-18 11:45:00+00:00,1,1.3152629
1062006,LTCUSDT,2023-06-08 15:45:00+00:00,0,1.1719513
1069351,LTCUSDT,2023-08-24 04:00:00+00:00,1,1.2486004
1098070,LTCUSDT,2024-06-18 07:45:00+00:00,2,1.3202254
1085726,LTCUSDT,2024-02-10 17:45:00+00:00,1,1.2002553
1097592,LTCUSDT,2024-06-13 08:15:00+00:00,1,1.251907
1100468,LTCUSDT,2024-07-13 07:15:00+00:00,0,1.193469
1092248,LTCUSDT,2024-04-18 16:15:00+00:00,3,1.3974677
1091678,LTCUSDT,2024-04-12 17:45:00+00:00,7,1.0480492
1055688,LTCUSDT,2023-04-03 20:15:00+00:00,7,1.320694
1116842,LTCUSDT,2024-12-30 20:45:00+00:00,3,1.2560339
1076782,LTCUSDT,2023-11-09 13:45:00+00:00,4,1.2879163
1084247,LTCUSDT,2024-01-26 08:00:00+00:00,8,1.221756
1062401,LTCUSDT,2023-06-12 18:30:00+00:00,7,1.2125971
1062948,LTCUSDT,2023-06-18 11:15:00+00:00,8,1.2601895
1103110,LTCUSDT,2024-08-09 19:45:00+00:00,6,1.2505031
1048375,LTCUSDT,2023-01-17 16:00:00+00:00,4,1.1748058
1111457,LTCUSDT,2024-11-04 18:30:00+00:00,8,1.1629705
1096525,LTCUSDT,2024-06-02 05:30:00+00:00,5,1.2308974
1056015,LTCUSDT,2023-04-07 06:00:00+00:00,4,1.2892585
1062570,LTCUSDT,2023-06-14 12:45:00+00:00,2,1.1641337
1116120,LTCUSDT,2024-12-23 08:15:00+00:00,8,1.1800538
1066332,LTCUSDT,2023-07-23 17:15:00+00:00,3,1.1162493
1073398,LTCUSDT,2023-10-05 07:45:00+00:00,4,1.2481731
1076862,LTCUSDT,2023-11-10 09:45:00+00:00,1,1.2156451
1059222,LTCUSDT,2023-05-10 15:45:00+00:00,0,1.1577473
1096835,LTCUSDT,2024-06-05 11:00:00+00:00,5,1.2909493
1090813,LTCUSDT,2024-04-03 17:30:00+00:00,4,1.2355063
1099598,LTCUSDT,2024-07-04 05:45:00+00:00,3,1.3912525
1104853,LTCUSDT,2024-08-27 23:30:00+00:00,4,1.3290406
1099119,LTCUSDT,2024-06-29 06:00:00+00:00,1,1.196968
1074166,LTCUSDT,2023-10-13 07:45:00+00:00,0,1.2125368
1071527,LTCUSDT,2023-09-15 20:00:00+00:00,9,1.1974912
1056858,LTCUSDT,2023-04-16 00:45:00+00:00,6,1.1960266
1100796,LTCUSDT,2024-07-16 17:15:00+00:00,9,1.2505714
1078587,LTCUSDT,2023-11-28 09:00:00+00:00,2,1.2409889
1091450,LTCUSDT,2024-04-10 08:45:00+00:00,4,1.1989832
1111045,LTCUSDT,2024-10-31 11:30:00+00:00,0,1.24114
1086473,LTCUSDT,2024-02-18 12:30:00+00:00,2,1.2582692
1113958,LTCUSDT,2024-11-30 19:45:00+00:00,6,1.2366098
1067905,LTCUSDT,2023-08-09 02:30:00+00:00,7,1.2359254
1054975,LTCUSDT,2023-03-27 10:00:00+00:00,3,1.1961776
1054666,LTCUSDT,2023-03-24 04:45:00+00:00,1,1.0921197
1114458,LTCUSDT,2024-12-06 00:45:00+00:00,3,1.3321123
1091752,LTCUSDT,2024-04-13 12:15:00+00:00,2,1.2268047
1100072,LTCUSDT,2024-07-09 04:15:00+00:00,1,1.292563
1063702,LTCUSDT,2023-06-26 07:45:00+00:00,5,1.2461002
1071884,LTCUSDT,2023-09-19 13:15:00+00:00,4,1.1409647
1056973,LTCUSDT,2023-04-17 05:30:00+00:00,3,1.2907326
1109929,LTCUSDT,2024-10-19 20:30:00+00:00,6,1.3274553
1107457,LTCUSDT,2024-09-24 02:30:00+00:00,4,1.3322656
1050695,LTCUSDT,2023-02-10 20:00:00+00:00,0,1.1485302
1099279,LTCUSDT,2024-06-30 22:00:00+00:00,1,1.2685186
1110075,LTCUSDT,2024-10-21 09:00:00+00:00,4,1.1374266
1067855,LTCUSDT,2023-08-08 14:00:00+00:00,7,1.2341932
1071048,LTCUSDT,2023-09-10 20:15:00+00:00,3,1.2269183
1094881,LTCUSDT,2024-05-16 02:30:00+00:00,1,1.2694038
1108362,LTCUSDT,2024-10-03 12:45:00+00:00,7,1.2496434
1070999,LTCUSDT,2023-09-10 08:00:00+00:00,7,1.3217133
1108261,LTCUSDT,2024-10-02 11:30:00+00:00,4,1.27415
1089964,LTCUSDT,2024-03-25 21:15:00+00:00,8,1.2474027
1049395,LTCUSDT,2023-01-28 07:00:00+00:00,5,1.2805996
1077246,LTCUSDT,2023-11-14 09:45:00+00:00,2,1.1890655
1100457,LTCUSDT,2024-07-13 04:30:00+00:00,9,1.2331268
1072335,LTCUSDT,2023-09-24 06:00:00+00:00,4,1.2633057
1087181,LTCUSDT,2024-02-25 21:30:00+00:00,7,1.2847708
1069886,LTCUSDT,2023-08-29 17:45:00+00:00,0,1.307405
1077021,LTCUSDT,2023-11-12 01:30:00+00:00,4,1.2331938
1062447,LTCUSDT,2023-06-13 06:00:00+00:00,9,1.2362498
1068703,LTCUSDT,2023-08-17 10:00:00+00:00,2,1.181553
1091642,LTCUSDT,2024-04-12 08:45:00+00:00,2,1.2059206
1049202,LTCUSDT,2023-01-26 06:45:00+00:00,0,1.259604
1115362,LTCUSDT,2024-12-15 10:45:00+00:00,1,1.2985591
1054748,LTCUSDT,2023-03-25 01:15:00+00:00,3,1.2921357
1090965,LTCUSDT,2024-04-05 07:30:00+00:00,9,1.2197813
1066618,LTCUSDT,2023-07-26 16:45:00+00:00,4,1.0909292
1113593,LTCUSDT,2024-11-27 00:30:00+00:00,0,1.1898179
1085702,LTCUSDT,2024-02-10 11:45:00+00:00,4,1.1310586
1109651,LTCUSDT,2024-10-16 23:00:00+00:00,2,1.3221692
1083990,LTCUSDT,2024-01-23 15:45:00+00:00,3,1.2446126
1092160,LTCUSDT,2024-04-17 18:15:00+00:00,0,1.1812818
1089090,LTCUSDT,2024-03-16 18:45:00+00:00,7,1.2113568
1078476,LTCUSDT,2023-11-27 05:15:00+00:00,8,1.272328
1086382,LTCUSDT,2024-02-17 13:45:00+00:00,4,1.1193775
1067847,LTCUSDT,2023-08-08 12:00:00+00:00,0,1.1971359
1114115,LTCUSDT,2024-12-02 11:00:00+00:00,4,1.2169915
1071938,LTCUSDT,2023-09-20 02:45:00+00:00,4,1.1854042
1116238,LTCUSDT,2024-12-24 13:45:00+00:00,0,1.1617887
1088920,LTCUSDT,2024-03-15 00:15:00+00:00,6,1.3696507
1063227,LTCUSDT,2023-06-21 09:00:00+00:00,9,1.2371955
1050504,LTCUSDT,2023-02-08 20:15:00+00:00,7,1.2251158
1076694,LTCUSDT,2023-11-08 15:45:00+00:00,4,1.2060605
1059620,LTCUSDT,2023-05-14 19:15:00+00:00,8,1.332709
1105868,LTCUSDT,2024-09-07 13:15:00+00:00,2,1.4351574
1073074,LTCUSDT,2023-10-01 22:45:00+00:00,0,1.1827115
1068099,LTCUSDT,2023-08-11 03:00:00+00:00,8,1.1979316
1116366,LTCUSDT,2024-12-25 21:45:00+00:00,7,1.2172366
1108796,LTCUSDT,2024-10-08 01:15:00+00:00,3,1.3441919
1052837,LTCUSDT,2023-03-05 03:30:00+00:00,0,1.2707709
1106821,LTCUSDT,2024-09-17 11:30:00+00:00,2,1.2957586
1095267,LTCUSDT,2024-05-20 03:00:00+00:00,0,1.208663
1072349,LTCUSDT,2023-09-24 09:30:00+00:00,3,1.2323024
1115339,LTCUSDT,2024-12-15 05:00:00+00:00,5,1.3428781
1060399,LTCUSDT,2023-05-22 22:00:00+00:00,2,1.246158
1064600,LTCUSDT,2023-07-05 16:15:00+00:00,7,1.0313814
1105289,LTCUSDT,2024-09-01 12:30:00+00:00,5,1.2698011
1080087,LTCUSDT,2023-12-14 00:00:00+00:00,9,1.1961485
1074032,LTCUSDT,2023-10-11 22:15:00+00:00,8,1.2679243
1114798,LTCUSDT,2024-12-09 13:45:00+00:00,3,1.1605623
1112452,LTCUSDT,2024-11-15 03:15:00+00:00,1,1.2314633
1068684,LTCUSDT,2023-08-17 05:15:00+00:00,9,1.31207
1095086,LTCUSDT,2024-05-18 05:45:00+00:00,2,1.2760001
1077280,LTCUSDT,2023-11-14 18:15:00+00:00,4,1.2772279
1082558,LTCUSDT,2024-01-08 17:45:00+00:00,6,1.2526515
1107140,LTCUSDT,2024-09-20 19:15:00+00:00,3,1.2573303
1072126,LTCUSDT,2023-09-22 01:45:00+00:00,0,1.108213
1073412,LTCUSDT,2023-10-05 11:15:00+00:00,0,1.1458254
1110951,LTCUSDT,2024-10-30 12:00:00+00:00,7,1.1083348
1109885,LTCUSDT,2024-10-19 09:30:00+00:00,1,1.2264544
1093621,LTCUSDT,2024-05-02 23:30:00+00:00,8,1.2273601
1100110,LTCUSDT,2024-07-09 13:45:00+00:00,2,1.1987536
1072216,LTCUSDT,2023-09-23 00:15:00+00:00,0,1.1975057
1086532,LTCUSDT,2024-02-19 03:15:00+00:00,9,1.2703454
1114959,LTCUSDT,2024-12-11 06:00:00+00:00,3,1.1684263
1081472,LTCUSDT,2023-12-28 10:15:00+00:00,9,1.2463723
1066539,LTCUSDT,2023-07-25 21:00:00+00:00,3,1.186913
1096453,LTCUSDT,2024-06-01 11:30:00+00:00,1,1.2773058
1075113,LTCUSDT,2023-10-23 04:30:00+00:00,0,1.2222476
1050489,LTCUSDT,2023-02-08 16:30:00+00:00,4,1.0669552
1070714,LTCUSDT,2023-09-07 08:45:00+00:00,1,1.1016953
1052224,LTCUSDT,2023-02-26 18:15:00+00:00,6,1.2533098
1055676,LTCUSDT,2023-04-03 17:15:00+00:00,4,1.2975843
1094517,LTCUSDT,2024-05-12 07:30:00+00:00,4,1.2310249
1098176,LTCUSDT,2024-06-19 10:15:00+00:00,2,1.2410259
1089685,LTCUSDT,2024-03-22 23:30:00+00:00,3,1.263475
1070956,LTCUSDT,2023-09-09 21:15:00+00:00,5,1.1435015
1114819,LTCUSDT,2024-12-09 19:00:00+00:00,8,1.2214637
1048826,LTCUSDT,2023-01-22 08:45:00+00:00,1,1.1536059
1095141,LTCUSDT,2024-05-18 19:30:00+00:00,6,1.1193049
1053386,LTCUSDT,2023-03-10 20:45:00+00:00,6,1.2604471
1100270,LTCUSDT,2024-07-11 05:45:00+00:00,9,1.2292858
1098415,LTCUSDT,2024-06-21 22:00:00+00:00,3,1.4621928
1059901,LTCUSDT,2023-05-17 17:30:00+00:00,0,1.1498071
1055230,LTCUSDT,2023-03-30 01:45:00+00:00,4,1.2236181
1065856,LTCUSDT,2023-07-18 18:15:00+00:00,5,1.233392
1113588,LTCUSDT,2024-11-26 23:15:00+00:00,3,1.1982664
1069172,LTCUSDT,2023-08-22 07:15:00+00:00,2,1.222939
1054509,LTCUSDT,2023-03-22 13:30:00+00:00,2,1.2190638
1060211,LTCUSDT,2023-05-20 23:00:00+00:00,8,1.3476577
1084577,LTCUSDT,2024-01-29 18:30:00+00:00,0,1.2087215
1068957,LTCUSDT,2023-08-20 01:30:00+00:00,6,1.289497
1100982,LTCUSDT,2024-07-18 15:45:00+00:00,4,1.145507
1093453,LTCUSDT,2024-05-01 05:30:00+00:00,3,1.2578621
1114852,LTCUSDT,2024-12-10 03:15:00+00:00,7,1.3459384
1070649,LTCUSDT,2023-09-06 16:30:00+00:00,4,1.1844096
1092105,LTCUSDT,2024-04-17 04:30:00+00:00,2,1.267874
1065522,LTCUSDT,2023-07-15 06:45:00+00:00,8,1.2234532
1071678,LTCUSDT,2023-09-17 09:45:00+00:00,3,1.267062
1063646,LTCUSDT,2023-06-25 17:45:00+00:00,7,1.2812868
1070789,LTCUSDT,2023-09-08 03:30:00+00:00,9,1.2825843
1108262,LTCUSDT,2024-10-02 11:45:00+00:00,4,1.3182037
1051602,LTCUSDT,2023-02-20 06:45:00+00:00,2,1.2246051
1087270,LTCUSDT,2024-02-26 19:45:00+00:00,9,1.120313
1108748,LTCUSDT,2024-10-07 13:15:00+00:00,7,1.3814147
1065027,LTCUSDT,2023-07-10 03:00:00+00:00,3,1.352694
1099050,LTCUSDT,2024-06-28 12:45:00+00:00,4,1.2807173
1075669,LTCUSDT,2023-10-28 23:30:00+00:00,3,1.2273057
1051086,LTCUSDT,2023-02-14 21:45:00+00:00,9,1.2798339
1089892,LTCUSDT,2024-03-25 03:15:00+00:00,5,1.1929138
1067485,LTCUSDT,2023-08-04 17:30:00+00:00,6,1.3099616
1068944,LTCUSDT,2023-08-19 22:15:00+00:00,6,1.2957813
1114397,LTCUSDT,2024-12-05 09:30:00+00:00,1,1.2443956
1112760,LTCUSDT,2024-11-18 08:15:00+00:00,9,1.2726301
1087193,LTCUSDT,2024-02-26 00:30:00+00:00,8,1.1522769
1059567,LTCUSDT,2023-05-14 06:00:00+00:00,3,1.3383428
1104136,LTCUSDT,2024-08-20 12:15:00+00:00,4,1.4131615
1056191,LTCUSDT,2023-04-09 02:00:00+00:00,0,1.1294984
1071402,LTCUSDT,2023-09-14 12:45:00+00:00,5,1.2149056
1092832,LTCUSDT,2024-04-24 18:15:00+00:00,7,1.2765268
1074904,LTCUSDT,2023-10-21 00:15:00+00:00,8,1.2090411
1113395,LTCUSDT,2024-11-24 23:00:00+00:00,6,1.3041434
1069103,LTCUSDT,2023-08-21 14:00:00+00:00,3,1.1065238
1102070,LTCUSDT,2024-07-29 23:45:00+00:00,2,1.1371955
1085999,LTCUSDT,2024-02-13 14:00:00+00:00,4,1.3135127
1056504,LTCUSDT,2023-04-12 08:15:00+00:00,3,1.1701674
1099362,LTCUSDT,2024-07-01 18:45:00+00:00,0,1.2156675
1109824,LTCUSDT,2024-10-18 18:15:00+00:00,4,1.2819195
1073003,LTCUSDT,2023-10-01 05:00:00+00:00,8,1.159959
1091858,LTCUSDT,2024-04-14 14:45:00+00:00,8,1.2448162
1086488,LTCUSDT,2024-02-18 16:15:00+00:00,5,1.205196
1064123,LTCUSDT,2023-06-30 17:00:00+00:00,0,1.2153832
1070543,LTCUSDT,2023-09-05 14:00:00+00:00,4,1.185461
1052351,LTCUSDT,2023-02-28 02:00:00+00:00,1,1.1952847
1107744,LTCUSDT,2024-09-27 02:15:00+00:00,9,1.340054
1087462,LTCUSDT,2024-02-28 19:45:00+00:00,4,1.2322514
1057242,LTCUSDT,2023-04-20 00:45:00+00:00,4,1.3029538
1065030,LTCUSDT,2023-07-10 03:45:00+00:00,7,1.2304366
1092790,LTCUSDT,2024-04-24 07:45:00+00:00,9,1.2171406
1091399,LTCUSDT,2024-04-09 20:00:00+00:00,3,1.2136613
1100464,LTCUSDT,2024-07-13 06:15:00+00:00,0,1.153574
1113031,LTCUSDT,2024-11-21 04:00:00+00:00,3,1.3079659
1092752,LTCUSDT,2024-04-23 22:15:00+00:00,2,1.2036333
1068493,LTCUSDT,2023-08-15 05:30:00+00:00,4,1.1804615
1054079,LTCUSDT,2023-03-18 02:00:00+00:00,0,1.2299964
1091138,LTCUSDT,2024-04-07 02:45:00+00:00,0,1.2961541
1053982,LTCUSDT,2023-03-17 01:45:00+00:00,0,1.2366251
1055359,LTCUSDT,2023-03-31 10:00:00+00:00,4,1.1664293
1076732,LTCUSDT,2023-11-09 01:15:00+00:00,3,1.3047354
1055131,LTCUSDT,2023-03-29 01:00:00+00:00,9,1.2467475
1110209,LTCUSDT,2024-10-22 18:30:00+00:00,7,1.1949016
1092677,LTCUSDT,2024-04-23 03:30:00+00:00,4,1.217433
1047943,LTCUSDT,2023-01-13 04:00:00+00:00,1,1.1418244
1055099,LTCUSDT,2023-03-28 17:00:00+00:00,7,1.1996431
1082500,LTCUSDT,2024-01-08 03:15:00+00:00,7,1.3115796
1115572,LTCUSDT,2024-12-17 15:15:00+00:00,4,1.2301825
1111293,LTCUSDT,2024-11-03 01:30:00+00:00,4,1.2691854
1090330,LTCUSDT,2024-03-29 16:45:00+00:00,9,1.2598553
1079074,LTCUSDT,2023-12-03 10:45:00+00:00,1,1.2120869
1087489,LTCUSDT,2024-02-29 02:30:00+00:00,1,1.4028603
1076007,LTCUSDT,2023-11-01 12:00:00+00:00,2,1.2923554
1090518,LTCUSDT,2024-03-31 15:45:00+00:00,0,1.1987524
1113393,LTCUSDT,2024-11-24 22:30:00+00:00,6,1.3682297
1090093,LTCUSDT,2024-03-27 05:30:00+00:00,9,1.3270084
1086900,LTCUSDT,2024-02-22 23:15:00+00:00,4,1.1652296
1108236,LTCUSDT,2024-10-02 05:15:00+00:00,9,1.2174832
1047492,LTCUSDT,2023-01-08 11:15:00+00:00,1,1.1163304
1054972,LTCUSDT,2023-03-27 09:15:00+00:00,3,1.2396971
1072080,LTCUSDT,2023-09-21 14:15:00+00:00,3,1.2704551
1096677,LTCUSDT,2024-06-03 19:30:00+00:00,3,1.2789657
1112055,LTCUSDT,2024-11-11 00:00:00+00:00,3,1.2719753
1061119,LTCUSDT,2023-05-30 10:00:00+00:00,0,1.131914
1066560,LTCUSDT,2023-07-26 02:15:00+00:00,8,1.2066275
1051179,LTCUSDT,2023-02-15 21:00:00+00:00,0,1.2241364
1109499,LTCUSDT,2024-10-15 09:00:00+00:00,3,1.2482263
1079209,LTCUSDT,2023-12-04 20:30:00+00:00,4,1.2299794
1086230,LTCUSDT,2024-02-15 23:45:00+00:00,6,1.2646849
1100671,LTCUSDT,2024-07-15 10:00:00+00:00,5,1.221089
1116553,LTCUSDT,2024-12-27 20:30:00+00:00,3,1.3280584
1114364,LTCUSDT,2024-12-05 01:15:00+00:00,4,1.3150994
1050193,LTCUSDT,2023-02-05 14:30:00+00:00,4,1.3516353
1068191,LTCUSDT,2023-08-12 02:00:00+00:00,9,1.3876082
1091710,LTCUSDT,2024-04-13 01:45:00+00:00,8,1.2851446
1048341,LTCUSDT,2023-01-17 07:30:00+00:00,2,1.2258673
1061834,LTCUSDT,2023-06-06 20:45:00+00:00,0,1.2835344
1097026,LTCUSDT,2024-06-07 10:45:00+00:00,3,1.2648485
1058227,LTCUSDT,2023-04-30 07:00:00+00:00,3,1.1842326
1066322,LTCUSDT,2023-07-23 14:45:00+00:00,4,1.1427826
1075184,LTCUSDT,2023-10-23 22:15:00+00:00,9,1.2554511
1065699,LTCUSDT,2023-07-17 03:00:00+00:00,8,1.2455442
1051219,LTCUSDT,2023-02-16 07:00:00+00:00,2,1.2154909
1092377,LTCUSDT,2024-04-20 00:30:00+00:00,1,1.2603303
1115647,LTCUSDT,2024-12-18 10:00:00+00:00,2,1.3562526
1085716,LTCUSDT,2024-02-10 15:15:00+00:00,3,1.2954994
1104603,LTCUSDT,2024-08-25 09:00:00+00:00,4,1.3314742
1058597,LTCUSDT,2023-05-04 03:30:00+00:00,2,1.3464108
1086026,LTCUSDT,2024-02-13 20:45:00+00:00,3,1.219022
1080890,LTCUSDT,2023-12-22 08:45:00+00:00,3,1.3538892
1069311,LTCUSDT,2023-08-23 18:00:00+00:00,0,1.1926438
1086930,LTCUSDT,2024-02-23 06:45:00+00:00,1,1.2641975
1076237,LTCUSDT,2023-11-03 21:30:00+00:00,1,1.178494
1074456,LTCUSDT,2023-10-16 08:15:00+00:00,0,1.356149
1063244,LTCUSDT,2023-06-21 13:15:00+00:00,2,1.2195325
1072342,LTCUSDT,2023-09-24 07:45:00+00:00,2,1.2371546
1109229,LTCUSDT,2024-10-12 13:30:00+00:00,9,1.1840624
1048643,LTCUSDT,2023-01-20 11:00:00+00:00,0,1.302879
1075693,LTCUSDT,2023-10-29 05:30:00+00:00,3,1.2868497
1100717,LTCUSDT,2024-07-15 21:30:00+00:00,0,1.2678593
1052783,LTCUSDT,2023-03-04 14:00:00+00:00,5,1.2466431
1098606,LTCUSDT,2024-06-23 21:45:00+00:00,4,1.3663865
1070841,LTCUSDT,2023-09-08 16:30:00+00:00,8,1.2092316
1094498,LTCUSDT,2024-05-12 02:45:00+00:00,2,1.2458715
1059624,LTCUSDT,2023-05-14 20:15:00+00:00,8,1.247415
1105882,LTCUSDT,2024-09-07 16:45:00+00:00,4,1.4086498
1051214,LTCUSDT,2023-02-16 05:45:00+00:00,1,1.2770369
1099111,LTCUSDT,2024-06-29 04:00:00+00:00,1,1.3028921
1110386,LTCUSDT,2024-10-24 14:45:00+00:00,0,1.1588532
1088624,LTCUSDT,2024-03-11 22:15:00+00:00,9,1.290199
1070857,LTCUSDT,2023-09-08 20:30:00+00:00,2,1.1476074
1105331,LTCUSDT,2024-09-01 23:00:00+00:00,4,1.213842
1048298,LTCUSDT,2023-01-16 20:45:00+00:00,6,1.2067401
1084797,LTCUSDT,2024-02-01 01:30:00+00:00,7,1.2888275
1071353,LTCUSDT,2023-09-14 00:30:00+00:00,0,1.2524486
1078016,LTCUSDT,2023-11-22 10:15:00+00:00,2,1.2832657
1091395,LTCUSDT,2024-04-09 19:00:00+00:00,3,1.1775465
1073621,LTCUSDT,2023-10-07 15:30:00+00:00,8,1.2857859
1103755,LTCUSDT,2024-08-16 13:00:00+00:00,4,1.3198068
1055610,LTCUSDT,2023-04-03 00:45:00+00:00,3,1.2754009
1096577,LTCUSDT,2024-06-02 18:30:00+00:00,4,1.3160291
1098468,LTCUSDT,2024-06-22 11:15:00+00:00,0,1.2851429
1105661,LTCUSDT,2024-09-05 09:30:00+00:00,1,1.3396195
1114305,LTCUSDT,2024-12-04 10:30:00+00:00,2,1.2182734
1049681,LTCUSDT,2023-01-31 06:30:00+00:00,2,1.252999
1080725,LTCUSDT,2023-12-20 15:30:00+00:00,0,1.1628395
1054122,LTCUSDT,2023-03-18 12:45:00+00:00,0,1.1910586
1058004,LTCUSDT,2023-04-27 23:15:00+00:00,6,1.1606983
1092098,LTCUSDT,2024-04-17 02:45:00+00:00,2,1.1492277
1050799,LTCUSDT,2023-02-11 22:00:00+00:00,0,1.2079912
1066474,LTCUSDT,2023-07-25 04:45:00+00:00,2,1.1393751
1100730,LTCUSDT,2024-07-16 00:45:00+00:00,9,1.2408838
1099506,LTCUSDT,2024-07-03 06:45:00+00:00,3,1.3574009
1109977,LTCUSDT,2024-10-20 08:30:00+00:00,4,1.2790432
1093681,LTCUSDT,2024-05-03 14:30:00+00:00,0,1.1255809
1113983,LTCUSDT,2024-12-01 02:00:00+00:00,4,1.2328756
1061711,LTCUSDT,2023-06-05 14:00:00+00:00,4,1.1547273
1059806,LTCUSDT,2023-05-16 17:45:00+00:00,2,1.2480519
1099044,LTCUSDT,2024-06-28 11:15:00+00:00,0,1.1518041
1069344,LTCUSDT,2023-08-24 02:15:00+00:00,3,1.2400044
1051314,LTCUSDT,2023-02-17 06:45:00+00:00,2,1.1812239
1090942,LTCUSDT,2024-04-05 01:45:00+00:00,1,1.2389631
1114217,LTCUSDT,2024-12-03 12:30:00+00:00,2,1.2128557
1114550,LTCUSDT,2024-12-06 23:45:00+00:00,5,1.3004541
1095833,LTCUSDT,2024-05-26 00:30:00+00:00,3,1.2575761
1068946,LTCUSDT,2023-08-19 22:45:00+00:00,8,1.3289028
1051956,LTCUSDT,2023-02-23 23:15:00+00:00,1,1.2816488
1092581,LTCUSDT,2024-04-22 03:30:00+00:00,0,1.1457626
1073141,LTCUSDT,2023-10-02 15:30:00+00:00,8,1.2439556
1115971,LTCUSDT,2024-12-21 19:00:00+00:00,3,1.3367432
1097367,LTCUSDT,2024-06-11 00:00:00+00:00,3,1.3525878
1111130,LTCUSDT,2024-11-01 08:45:00+00:00,1,1.258391
1079204,LTCUSDT,2023-12-04 19:15:00+00:00,6,1.1937982
1050872,LTCUSDT,2023-02-12 16:15:00+00:00,5,1.1679331
1075639,LTCUSDT,2023-10-28 16:00:00+00:00,6,1.1926628
1049687,LTCUSDT,2023-01-31 08:00:00+00:00,9,1.2070388
1049499,LTCUSDT,2023-01-29 09:00:00+00:00,5,1.2326305
1107812,LTCUSDT,2024-09-27 19:15:00+00:00,6,1.2075468
1081212,LTCUSDT,2023-12-25 17:15:00+00:00,5,1.2217625
1065557,LTCUSDT,2023-07-15 15:30:00+00:00,8,1.2282538
1097855,LTCUSDT,2024-06-16 02:00:00+00:00,0,1.1853354
1101011,LTCUSDT,2024-07-18 23:00:00+00:00,3,1.2551885
1051231,LTCUSDT,2023-02-16 10:00:00+00:00,1,1.2515943
1084909,LTCUSDT,2024-02-02 05:30:00+00:00,8,1.1727184
1070335,LTCUSDT,2023-09-03 10:00:00+00:00,2,1.2173305
1114186,LTCUSDT,2024-12-03 04:45:00+00:00,1,1.28546
1076069,LTCUSDT,2023-11-02 03:30:00+00:00,0,1.3856947
1051856,LTCUSDT,2023-02-22 22:15:00+00:00,1,1.186257
1067567,LTCUSDT,2023-08-05 14:00:00+00:00,5,1.1770668
1047318,LTCUSDT,2023-01-06 15:45:00+00:00,0,1.1825346
1072145,LTCUSDT,2023-09-22 06:30:00+00:00,8,1.2213472
1066195,LTCUSDT,2023-07-22 07:00:00+00:00,8,1.1855509
1080680,LTCUSDT,2023-12-20 04:15:00+00:00,2,1.1866614
1109425,LTCUSDT,2024-10-14 14:30:00+00:00,0,1.1776178
1105506,LTCUSDT,2024-09-03 18:45:00+00:00,3,1.2786717
1105971,LTCUSDT,2024-09-08 15:00:00+00:00,4,1.1634307
1077930,LTCUSDT,2023-11-21 12:45:00+00:00,0,1.2222707
1068344,LTCUSDT,2023-08-13 16:15:00+00:00,7,1.1717396
1087698,LTCUSDT,2024-03-02 06:45:00+00:00,9,1.2640263
1100386,LTCUSDT,2024-07-12 10:45:00+00:00,5,1.315547
1098853,LTCUSDT,2024-06-26 11:30:00+00:00,0,1.3254035
1081983,LTCUSDT,2024-01-02 18:00:00+00:00,4,1.2825435
1112438,LTCUSDT,2024-11-14 23:45:00+00:00,4,1.3955543
1108565,LTCUSDT,2024-10-05 15:30:00+00:00,0,1.2341349
1101383,LTCUSDT,2024-07-22 20:00:00+00:00,0,1.3848723
1063121,LTCUSDT,2023-06-20 06:30:00+00:00,4,1.2496666
1071323,LTCUSDT,2023-09-13 17:00:00+00:00,9,1.2644175
1083280,LTCUSDT,2024-01-16 06:15:00+00:00,4,1.207998
1059779,LTCUSDT,2023-05-16 11:00:00+00:00,2,1.3314993
1099163,LTCUSDT,2024-06-29 17:00:00+00:00,0,1.2213945
1085806,LTCUSDT,2024-02-11 13:45:00+00:00,3,1.1965109
1101936,LTCUSDT,2024-07-28 14:15:00+00:00,8,1.368634
1070458,LTCUSDT,2023-09-04 16:45:00+00:00,3,1.181706
1091198,LTCUSDT,2024-04-07 17:45:00+00:00,4,1.1708578
1069923,LTCUSDT,2023-08-30 03:00:00+00:00,2,1.3677036
1108641,LTCUSDT,2024-10-06 10:30:00+00:00,0,1.1699088
1047420,LTCUSDT,2023-01-07 17:15:00+00:00,6,1.2846286
1063564,LTCUSDT,2023-06-24 21:15:00+00:00,7,1.376749
1052293,LTCUSDT,2023-02-27 11:30:00+00:00,5,1.1964098
1076807,LTCUSDT,2023-11-09 20:00:00+00:00,3,1.3450917
1097535,LTCUSDT,2024-06-12 18:00:00+00:00,0,1.2470288
1087937,LTCUSDT,2024-03-04 18:30:00+00:00,7,1.1415657
1069295,LTCUSDT,2023-08-23 14:00:00+00:00,5,1.3464065
1114563,LTCUSDT,2024-12-07 03:00:00+00:00,8,1.2941898
1065565,LTCUSDT,2023-07-15 17:30:00+00:00,1,1.3019606
1067948,LTCUSDT,2023-08-09 13:15:00+00:00,5,1.2782362
1094649,LTCUSDT,2024-05-13 16:30:00+00:00,6,1.271346
1109382,LTCUSDT,2024-10-14 03:45:00+00:00,0,1.2226311
1064324,LTCUSDT,2023-07-02 19:15:00+00:00,6,1.1590043
1072443,LTCUSDT,2023-09-25 09:00:00+00:00,5,1.3245881
1050862,LTCUSDT,2023-02-12 13:45:00+00:00,4,1.2080455
1101285,LTCUSDT,2024-07-21 19:30:00+00:00,5,1.265703
1050693,LTCUSDT,2023-02-10 19:30:00+00:00,0,1.2167933
1099284,LTCUSDT,2024-06-30 23:15:00+00:00,0,1.2470099
1088341,LTCUSDT,2024-03-08 23:30:00+00:00,1,1.2192721
1084130,LTCUSDT,2024-01-25 02:45:00+00:00,2,1.34939
1069908,LTCUSDT,2023-08-29 23:15:00+00:00,2,1.2565558
1087783,LTCUSDT,2024-03-03 04:00:00+00:00,8,1.2484899
1095952,LTCUSDT,2024-05-27 06:15:00+00:00,5,1.2430378
1059453,LTCUSDT,2023-05-13 01:30:00+00:00,9,1.164715
1087886,LTCUSDT,2024-03-04 05:45:00+00:00,3,1.3979466
1084146,LTCUSDT,2024-01-25 06:45:00+00:00,1,1.3619606
1115471,LTCUSDT,2024-12-16 14:00:00+00:00,7,1.2189108
1065646,LTCUSDT,2023-07-16 13:45:00+00:00,2,1.2032292
1112268,LTCUSDT,2024-11-13 05:15:00+00:00,4,1.2076788
1052703,LTCUSDT,2023-03-03 18:00:00+00:00,0,1.2910095
1082093,LTCUSDT,2024-01-03 21:30:00+00:00,1,1.3006635
1080806,LTCUSDT,2023-12-21 11:45:00+00:00,1,1.2715838
1071562,LTCUSDT,2023-09-16 04:45:00+00:00,0,1.3450825
1065833,LTCUSDT,2023-07-18 12:30:00+00:00,7,1.2398239
1086472,LTCUSDT,2024-02-18 12:15:00+00:00,1,1.3338957
1056446,LTCUSDT,2023-04-11 17:45:00+00:00,2,1.1391071
1055899,LTCUSDT,2023-04-06 01:00:00+00:00,4,1.1721412
1053061,LTCUSDT,2023-03-07 11:30:00+00:00,4,1.152656
1090520,LTCUSDT,2024-03-31 16:15:00+00:00,0,1.1966584
1112962,LTCUSDT,2024-11-20 10:45:00+00:00,1,1.2321618
1079353,LTCUSDT,2023-12-06 08:30:00+00:00,0,1.2657765
1101838,LTCUSDT,2024-07-27 13:45:00+00:00,0,1.1732068
1107161,LTCUSDT,2024-09-21 00:30:00+00:00,6,1.2394615
1090121,LTCUSDT,2024-03-27 12:30:00+00:00,1,1.1996483
1111349,LTCUSDT,2024-11-03 15:30:00+00:00,4,1.2954117
1054936,LTCUSDT,2023-03-27 00:15:00+00:00,7,1.2308681
1079418,LTCUSDT,2023-12-07 00:45:00+00:00,1,1.2861819
1091932,LTCUSDT,2024-04-15 09:15:00+00:00,1,1.2501112
1059448,LTCUSDT,2023-05-13 00:15:00+00:00,9,1.2880975
1088267,LTCUSDT,2024-03-08 05:00:00+00:00,1,1.1384362
1100424,LTCUSDT,2024-07-12 20:15:00+00:00,6,1.1345599
1055792,LTCUSDT,2023-04-04 22:15:00+00:00,2,1.2265209
1077711,LTCUSDT,2023-11-19 06:00:00+00:00,3,1.3035967
1103972,LTCUSDT,2024-08-18 19:15:00+00:00,7,1.3875804
1088961,LTCUSDT,2024-03-15 10:30:00+00:00,5,1.2643569
1051385,LTCUSDT,2023-02-18 00:30:00+00:00,9,1.2529637
1086102,LTCUSDT,2024-02-14 15:45:00+00:00,5,1.2579623
1078515,LTCUSDT,2023-11-27 15:00:00+00:00,7,1.0635153
1067848,LTCUSDT,2023-08-08 12:15:00+00:00,0,1.1836838
1067019,LTCUSDT,2023-07-30 21:00:00+00:00,4,1.2586132
1048714,LTCUSDT,2023-01-21 04:45:00+00:00,9,1.2322793
1056225,LTCUSDT,2023-04-09 10:30:00+00:00,7,1.2701204
1107613,LTCUSDT,2024-09-25 17:30:00+00:00,0,1.3523643
1092409,LTCUSDT,2024-04-20 08:30:00+00:00,0,1.130059
1086157,LTCUSDT,2024-02-15 05:30:00+00:00,3,1.3365226
1083600,LTCUSDT,2024-01-19 14:15:00+00:00,0,1.1608979
1062752,LTCUSDT,2023-06-16 10:15:00+00:00,2,1.0957
1090959,LTCUSDT,2024-04-05 06:00:00+00:00,2,1.1438419
1066251,LTCUSDT,2023-07-22 21:00:00+00:00,8,1.1936721
1081954,LTCUSDT,2024-01-02 10:45:00+00:00,3,1.1776168
1076467,LTCUSDT,2023-11-06 07:00:00+00:00,8,1.2501609
1099271,LTCUSDT,2024-06-30 20:00:00+00:00,3,1.272823
1090248,LTCUSDT,2024-03-28 20:15:00+00:00,7,1.3372414
1111773,LTCUSDT,2024-11-08 01:30:00+00:00,9,1.2363769
1061569,LTCUSDT,2023-06-04 02:30:00+00:00,8,1.1371342
1073604,LTCUSDT,2023-10-07 11:15:00+00:00,8,1.2345413
1066797,LTCUSDT,2023-07-28 13:30:00+00:00,2,1.1959687
1081579,LTCUSDT,2023-12-29 13:00:00+00:00,1,1.3360971
1054958,LTCUSDT,2023-03-27 05:45:00+00:00,5,1.2453954
1090263,LTCUSDT,2024-03-29 00:00:00+00:00,3,1.3148223
1113529,LTCUSDT,2024-11-26 08:30:00+00:00,4,1.175722
1103035,LTCUSDT,2024-08-09 01:00:00+00:00,6,1.4429703
1068781,LTCUSDT,2023-08-18 05:30:00+00:00,1,1.4302216
1049931,LTCUSDT,2023-02-02 21:00:00+00:00,1,1.3215823
1064941,LTCUSDT,2023-07-09 05:30:00+00:00,8,1.2122573
1059632,LTCUSDT,2023-05-14 22:15:00+00:00,8,1.3321704
1069601,LTCUSDT,2023-08-26 18:30:00+00:00,3,1.3539497
1061905,LTCUSDT,2023-06-07 14:30:00+00:00,7,1.1841203
1116761,LTCUSDT,2024-12-30 00:30:00+00:00,3,1.152172
1071807,LTCUSDT,2023-09-18 18:00:00+00:00,4,1.2528111
1050542,LTCUSDT,2023-02-09 05:45:00+00:00,1,1.3410268
1076783,LTCUSDT,2023-11-09 14:00:00+00:00,5,1.2612302
1078047,LTCUSDT,2023-11-22 18:00:00+00:00,3,1.3190558
1083607,LTCUSDT,2024-01-19 16:00:00+00:00,0,1.2057208
1064841,LTCUSDT,2023-07-08 04:30:00+00:00,8,1.2321988
1078032,LTCUSDT,2023-11-22 14:15:00+00:00,2,1.2500662
1059918,LTCUSDT,2023-05-17 21:45:00+00:00,9,1.2068886
1081123,LTCUSDT,2023-12-24 19:00:00+00:00,0,1.1323382
1075263,LTCUSDT,2023-10-24 18:00:00+00:00,8,1.2867644
1048231,LTCUSDT,2023-01-16 04:00:00+00:00,7,1.2850623
1097907,LTCUSDT,2024-06-16 15:00:00+00:00,4,1.1721971
1081945,LTCUSDT,2024-01-02 08:30:00+00:00,3,1.3163134
1095258,LTCUSDT,2024-05-20 00:45:00+00:00,0,1.1492661
1084776,LTCUSDT,2024-01-31 20:15:00+00:00,4,1.114125
1089042,LTCUSDT,2024-03-16 06:45:00+00:00,8,1.2493595
1066587,LTCUSDT,2023-07-26 09:00:00+00:00,2,1.1661336
1080910,LTCUSDT,2023-12-22 13:45:00+00:00,5,1.2909404
1074927,LTCUSDT,2023-10-21 06:00:00+00:00,1,1.3090786
1089985,LTCUSDT,2024-03-26 02:30:00+00:00,3,1.2602748
1095734,LTCUSDT,2024-05-24 23:45:00+00:00,8,1.2186708
1104491,LTCUSDT,2024-08-24 05:00:00+00:00,7,1.3064511
1050421,LTCUSDT,2023-02-07 23:30:00+00:00,0,1.1967353
1069213,LTCUSDT,2023-08-22 17:30:00+00:00,7,1.227325
1111258,LTCUSDT,2024-11-02 16:45:00+00:00,4,1.2550576
1072298,LTCUSDT,2023-09-23 20:45:00+00:00,6,1.3066888
1073077,LTCUSDT,2023-10-01 23:30:00+00:00,0,1.2830582
1096887,LTCUSDT,2024-06-06 00:00:00+00:00,0,1.2044717
1065851,LTCUSDT,2023-07-18 17:00:00+00:00,4,1.1745006
1106972,LTCUSDT,2024-09-19 01:15:00+00:00,0,1.3442353
1083872,LTCUSDT,2024-01-22 10:15:00+00:00,4,1.2326857
1071288,LTCUSDT,2023-09-13 08:15:00+00:00,0,1.4818283
1094574,LTCUSDT,2024-05-12 21:45:00+00:00,4,1.1021868
1058333,LTCUSDT,2023-05-01 09:30:00+00:00,2,1.3125709
1082510,LTCUSDT,2024-01-08 05:45:00+00:00,3,1.2712201
1115356,LTCUSDT,2024-12-15 09:15:00+00:00,5,1.2122053
1086147,LTCUSDT,2024-02-15 03:00:00+00:00,9,1.3043616
1057628,LTCUSDT,2023-04-24 01:15:00+00:00,0,1.3213892
1079841,LTCUSDT,2023-12-11 10:30:00+00:00,2,1.1831425
1075061,LTCUSDT,2023-10-22 15:30:00+00:00,5,1.2048197
1101662,LTCUSDT,2024-07-25 17:45:00+00:00,0,1.2521515
1084240,LTCUSDT,2024-01-26 06:15:00+00:00,8,1.1649823
1082316,LTCUSDT,2024-01-06 05:15:00+00:00,2,1.1726136
1078294,LTCUSDT,2023-11-25 07:45:00+00:00,8,1.2040946
1059112,LTCUSDT,2023-05-09 12:15:00+00:00,1,1.154305
1097378,LTCUSDT,2024-06-11 02:45:00+00:00,4,1.2753732
1069816,LTCUSDT,2023-08-29 00:15:00+00:00,3,1.2549067
1104553,LTCUSDT,2024-08-24 20:30:00+00:00,8,1.1854323
1095126,LTCUSDT,2024-05-18 15:45:00+00:00,5,1.3412489
1064917,LTCUSDT,2023-07-08 23:30:00+00:00,3,1.224694
1054934,LTCUSDT,2023-03-26 23:45:00+00:00,2,1.3193401
1072682,LTCUSDT,2023-09-27 20:45:00+00:00,7,1.2566601
1047910,LTCUSDT,2023-01-12 19:45:00+00:00,0,1.2390193
1114596,LTCUSDT,2024-12-07 11:15:00+00:00,0,1.228785
1072536,LTCUSDT,2023-09-26 08:15:00+00:00,8,1.288191
1061073,LTCUSDT,2023-05-29 22:30:00+00:00,7,1.3353392
1079008,LTCUSDT,2023-12-02 18:15:00+00:00,0,1.3096849
1072887,LTCUSDT,2023-09-30 00:00:00+00:00,8,1.233457
1093531,LTCUSDT,2024-05-02 01:00:00+00:00,9,1.2619503
1093412,LTCUSDT,2024-04-30 19:15:00+00:00,7,1.2509885
1111483,LTCUSDT,2024-11-05 01:00:00+00:00,3,1.1119416
1064225,LTCUSDT,2023-07-01 18:30:00+00:00,2,1.2839903
1050207,LTCUSDT,2023-02-05 18:00:00+00:00,7,1.1383854
1114693,LTCUSDT,2024-12-08 11:30:00+00:00,5,1.4017901
1098722,LTCUSDT,2024-06-25 02:45:00+00:00,1,1.251865
1075984,LTCUSDT,2023-11-01 06:15:00+00:00,4,1.2324104
1105034,LTCUSDT,2024-08-29 20:45:00+00:00,4,1.3224666
1065574,LTCUSDT,2023-07-15 19:45:00+00:00,6,1.2279514
1049054,LTCUSDT,2023-01-24 17:45:00+00:00,7,1.1165385
1068615,LTCUSDT,2023-08-16 12:00:00+00:00,2,1.3262799
1087823,LTCUSDT,2024-03-03 14:00:00+00:00,1,1.3233923
1086526,LTCUSDT,2024-02-19 01:45:00+00:00,6,1.2033983
1097831,LTCUSDT,2024-06-15 20:00:00+00:00,0,1.254354
1065334,LTCUSDT,2023-07-13 07:45:00+00:00,0,1.1854327
1085956,LTCUSDT,2024-02-13 03:15:00+00:00,4,1.1760472
1069606,LTCUSDT,2023-08-26 19:45:00+00:00,3,1.3080369
1101281,LTCUSDT,2024-07-21 18:30:00+00:00,4,1.1595244
1060402,LTCUSDT,2023-05-22 22:45:00+00:00,2,1.194068
1064366,LTCUSDT,2023-07-03 05:45:00+00:00,8,1.2624758
1210626,SOLUSDT,2023-12-10 19:00:00+00:00,5,1.2419347
1234821,SOLUSDT,2024-08-18 19:45:00+00:00,9,1.254796
1212358,SOLUSDT,2023-12-28 20:00:00+00:00,3,1.1825887
1234580,SOLUSDT,2024-08-16 07:30:00+00:00,1,1.0951777
1226046,SOLUSDT,2024-05-19 10:00:00+00:00,4,1.1557446
1234171,SOLUSDT,2024-08-12 01:15:00+00:00,3,1.2561371
1197541,SOLUSDT,2023-07-27 11:45:00+00:00,1,1.2196871
1182168,SOLUSDT,2023-02-17 08:30:00+00:00,2,1.1770645
1244406,SOLUSDT,2024-11-26 16:00:00+00:00,7,1.2487543
1196728,SOLUSDT,2023-07-19 00:30:00+00:00,1,1.2149416
1180359,SOLUSDT,2023-01-29 12:15:00+00:00,2,1.1430631
1182402,SOLUSDT,2023-02-19 19:00:00+00:00,5,1.2562287
1194795,SOLUSDT,2023-06-28 21:15:00+00:00,3,1.1921713
1193482,SOLUSDT,2023-06-15 05:00:00+00:00,1,1.2654834
1183510,SOLUSDT,2023-03-03 08:00:00+00:00,1,1.181246
1217734,SOLUSDT,2024-02-22 20:00:00+00:00,8,1.3298464
1235738,SOLUSDT,2024-08-28 09:00:00+00:00,4,1.2428509
1235077,SOLUSDT,2024-08-21 11:45:00+00:00,2,1.2291322
1181436,SOLUSDT,2023-02-09 17:30:00+00:00,4,1.171488
1191347,SOLUSDT,2023-05-23 23:15:00+00:00,3,1.183041
1225413,SOLUSDT,2024-05-12 19:45:00+00:00,8,1.2535527
1209285,SOLUSDT,2023-11-26 19:45:00+00:00,3,1.1989115
1234633,SOLUSDT,2024-08-16 20:45:00+00:00,6,1.1572368
1202204,SOLUSDT,2023-09-14 01:30:00+00:00,0,1.1944268
1214958,SOLUSDT,2024-01-24 22:00:00+00:00,1,1.2196842
1210137,SOLUSDT,2023-12-05 16:45:00+00:00,0,1.1640776
1219511,SOLUSDT,2024-03-12 08:15:00+00:00,7,1.2785945
1205305,SOLUSDT,2023-10-16 08:45:00+00:00,0,1.342662
1232751,SOLUSDT,2024-07-28 06:15:00+00:00,8,1.2676162
1213509,SOLUSDT,2024-01-09 19:45:00+00:00,4,1.115025
1182588,SOLUSDT,2023-02-21 17:30:00+00:00,5,1.2775629
1221610,SOLUSDT,2024-04-03 05:00:00+00:00,3,1.2669722
1231786,SOLUSDT,2024-07-18 05:00:00+00:00,2,1.2388777
1228874,SOLUSDT,2024-06-17 21:00:00+00:00,7,1.2362789
1212959,SOLUSDT,2024-01-04 02:15:00+00:00,2,1.2342771
1243092,SOLUSDT,2024-11-12 23:30:00+00:00,2,1.2557955
1214397,SOLUSDT,2024-01-19 01:45:00+00:00,4,1.2463485
1231354,SOLUSDT,2024-07-13 17:00:00+00:00,4,1.2058396
1187085,SOLUSDT,2023-04-09 13:45:00+00:00,2,1.1942589
1225066,SOLUSDT,2024-05-09 05:00:00+00:00,2,1.1889553
1195143,SOLUSDT,2023-07-02 12:15:00+00:00,4,1.1470575
1236696,SOLUSDT,2024-09-07 08:30:00+00:00,1,1.2680764
1219361,SOLUSDT,2024-03-10 18:45:00+00:00,3,1.2489562
1182103,SOLUSDT,2023-02-16 16:15:00+00:00,7,1.2771479
1217619,SOLUSDT,2024-02-21 15:15:00+00:00,4,1.042211
1197160,SOLUSDT,2023-07-23 12:30:00+00:00,8,1.1106488
1189357,SOLUSDT,2023-05-03 05:45:00+00:00,2,1.3077229
1223365,SOLUSDT,2024-04-21 11:45:00+00:00,5,1.169696
1183113,SOLUSDT,2023-02-27 04:45:00+00:00,7,1.2488987
1191342,SOLUSDT,2023-05-23 22:00:00+00:00,9,1.2605798
1184157,SOLUSDT,2023-03-10 01:45:00+00:00,3,1.2914387
1192616,SOLUSDT,2023-06-06 04:30:00+00:00,2,1.2621424
1201719,SOLUSDT,2023-09-09 00:15:00+00:00,1,1.3388647
1221308,SOLUSDT,2024-03-31 01:30:00+00:00,3,1.2158294
1186566,SOLUSDT,2023-04-04 04:00:00+00:00,2,1.1462421
1196770,SOLUSDT,2023-07-19 11:00:00+00:00,2,1.1814342
1210533,SOLUSDT,2023-12-09 19:45:00+00:00,3,1.2846395
1244963,SOLUSDT,2024-12-02 11:15:00+00:00,7,1.2206905
1222470,SOLUSDT,2024-04-12 04:00:00+00:00,1,1.3084543
1225211,SOLUSDT,2024-05-10 17:15:00+00:00,4,1.1906635
1191127,SOLUSDT,2023-05-21 16:15:00+00:00,7,1.2224281
1205563,SOLUSDT,2023-10-19 01:15:00+00:00,3,1.1833397
1228774,SOLUSDT,2024-06-16 20:00:00+00:00,9,1.1654048
1202246,SOLUSDT,2023-09-14 12:00:00+00:00,1,1.1757461
1207945,SOLUSDT,2023-11-12 20:45:00+00:00,3,1.212386
1191929,SOLUSDT,2023-05-30 00:45:00+00:00,2,1.2094399
1227637,SOLUSDT,2024-06-04 23:45:00+00:00,0,1.2312434
1233011,SOLUSDT,2024-07-30 23:15:00+00:00,3,1.233961
1243513,SOLUSDT,2024-11-17 08:45:00+00:00,9,1.2760494
1243387,SOLUSDT,2024-11-16 01:15:00+00:00,9,1.1772808
1215149,SOLUSDT,2024-01-26 21:45:00+00:00,8,1.1572455
1222353,SOLUSDT,2024-04-10 22:45:00+00:00,0,1.2178733
1219781,SOLUSDT,2024-03-15 03:45:00+00:00,9,1.2680268
1195296,SOLUSDT,2023-07-04 02:30:00+00:00,3,1.4178532
1236168,SOLUSDT,2024-09-01 20:30:00+00:00,0,1.1514754
1237337,SOLUSDT,2024-09-14 00:45:00+00:00,9,1.2134563
1179285,SOLUSDT,2023-01-18 07:45:00+00:00,2,1.2119107
1191652,SOLUSDT,2023-05-27 03:30:00+00:00,0,1.2290527
1247499,SOLUSDT,2024-12-28 21:15:00+00:00,8,1.375253
1196485,SOLUSDT,2023-07-16 11:45:00+00:00,1,1.2830404
1178797,SOLUSDT,2023-01-13 05:45:00+00:00,1,1.3862767
1215063,SOLUSDT,2024-01-26 00:15:00+00:00,4,1.2304673
1210880,SOLUSDT,2023-12-13 10:30:00+00:00,2,1.3318663
1184258,SOLUSDT,2023-03-11 03:00:00+00:00,9,1.2267627
1211247,SOLUSDT,2023-12-17 06:15:00+00:00,7,1.2343785
1209669,SOLUSDT,2023-11-30 19:45:00+00:00,3,1.1297951
1201397,SOLUSDT,2023-09-05 15:45:00+00:00,0,1.1268584
1228679,SOLUSDT,2024-06-15 20:15:00+00:00,8,1.2535471
1225539,SOLUSDT,2024-05-14 03:15:00+00:00,2,1.2982192
1187329,SOLUSDT,2023-04-12 02:45:00+00:00,4,1.1948045
1218258,SOLUSDT,2024-02-28 07:00:00+00:00,1,1.1977601
1179085,SOLUSDT,2023-01-16 05:45:00+00:00,3,1.3543354
1232623,SOLUSDT,2024-07-26 22:15:00+00:00,6,1.238084
1230929,SOLUSDT,2024-07-09 06:45:00+00:00,1,1.1578175
1191128,SOLUSDT,2023-05-21 16:30:00+00:00,7,1.2414558
1206354,SOLUSDT,2023-10-27 07:00:00+00:00,3,1.1825488
1192491,SOLUSDT,2023-06-04 21:15:00+00:00,8,1.1600955
1186789,SOLUSDT,2023-04-06 11:45:00+00:00,1,1.3261725
1213554,SOLUSDT,2024-01-10 07:00:00+00:00,2,1.158221
1182967,SOLUSDT,2023-02-25 16:15:00+00:00,3,1.4735829
1236536,SOLUSDT,2024-09-05 16:30:00+00:00,4,1.2323345
1213913,SOLUSDT,2024-01-14 00:45:00+00:00,8,1.2035316
1213844,SOLUSDT,2024-01-13 07:30:00+00:00,1,1.2543216
1179018,SOLUSDT,2023-01-15 13:00:00+00:00,0,1.3120397
1220413,SOLUSDT,2024-03-21 17:45:00+00:00,4,1.1599417
1195963,SOLUSDT,2023-07-11 01:15:00+00:00,8,1.2064441
1215153,SOLUSDT,2024-01-26 22:45:00+00:00,8,1.1915396
1209381,SOLUSDT,2023-11-27 19:45:00+00:00,7,1.1938106
1206213,SOLUSDT,2023-10-25 19:45:00+00:00,8,1.2407938
1209623,SOLUSDT,2023-11-30 08:15:00+00:00,8,1.1793365
1245100,SOLUSDT,2024-12-03 21:30:00+00:00,0,1.2047329
1239205,SOLUSDT,2024-10-03 11:45:00+00:00,2,1.231987
1238106,SOLUSDT,2024-09-22 01:00:00+00:00,0,1.3296415
1225276,SOLUSDT,2024-05-11 09:30:00+00:00,8,1.2094306
1215412,SOLUSDT,2024-01-29 15:30:00+00:00,5,1.1465561
1212751,SOLUSDT,2024-01-01 22:15:00+00:00,8,1.286333
1208444,SOLUSDT,2023-11-18 01:30:00+00:00,8,1.2299886
1232606,SOLUSDT,2024-07-26 18:00:00+00:00,9,1.1129453
1213377,SOLUSDT,2024-01-08 10:45:00+00:00,5,1.1979411
1236264,SOLUSDT,2024-09-02 20:30:00+00:00,3,1.2278038
1201828,SOLUSDT,2023-09-10 03:30:00+00:00,4,1.1825572
1243695,SOLUSDT,2024-11-19 06:15:00+00:00,2,1.2415543
1237922,SOLUSDT,2024-09-20 03:00:00+00:00,3,1.2737098
1240891,SOLUSDT,2024-10-21 01:15:00+00:00,9,1.1554425
1217147,SOLUSDT,2024-02-16 17:15:00+00:00,4,1.197386
1213090,SOLUSDT,2024-01-05 11:00:00+00:00,4,1.0800759
1184442,SOLUSDT,2023-03-13 01:00:00+00:00,0,1.0905687
1177881,SOLUSDT,2023-01-03 16:45:00+00:00,0,1.2541053
1214649,SOLUSDT,2024-01-21 16:45:00+00:00,8,1.289205
1186413,SOLUSDT,2023-04-02 13:45:00+00:00,4,1.2078929
1221271,SOLUSDT,2024-03-30 16:15:00+00:00,8,1.1623893
1232312,SOLUSDT,2024-07-23 16:30:00+00:00,7,1.243426
1198277,SOLUSDT,2023-08-04 03:45:00+00:00,1,1.1880324
1217889,SOLUSDT,2024-02-24 10:45:00+00:00,1,1.3286805
1187154,SOLUSDT,2023-04-10 07:00:00+00:00,2,1.3755126
1234128,SOLUSDT,2024-08-11 14:30:00+00:00,4,1.2483687
1243090,SOLUSDT,2024-11-12 23:00:00+00:00,1,1.1683277
1201220,SOLUSDT,2023-09-03 19:30:00+00:00,5,1.1656809
1211054,SOLUSDT,2023-12-15 06:00:00+00:00,1,1.3027672
1234632,SOLUSDT,2024-08-16 20:30:00+00:00,6,1.175764
1184201,SOLUSDT,2023-03-10 12:45:00+00:00,0,1.3834981
1192122,SOLUSDT,2023-06-01 01:00:00+00:00,5,1.3918968
1197824,SOLUSDT,2023-07-30 10:30:00+00:00,7,1.2185456
1195614,SOLUSDT,2023-07-07 10:00:00+00:00,1,1.2396576
1218659,SOLUSDT,2024-03-03 11:15:00+00:00,3,1.3356936
1232119,SOLUSDT,2024-07-21 16:15:00+00:00,0,1.1014558
1219914,SOLUSDT,2024-03-16 13:00:00+00:00,2,1.262231
1180798,SOLUSDT,2023-02-03 02:00:00+00:00,3,1.3337296
1220665,SOLUSDT,2024-03-24 08:45:00+00:00,3,1.2650095
1246984,SOLUSDT,2024-12-23 12:30:00+00:00,2,1.2622259
1240405,SOLUSDT,2024-10-15 23:45:00+00:00,1,1.2950085
1243056,SOLUSDT,2024-11-12 14:30:00+00:00,7,1.2547085
1210618,SOLUSDT,2023-12-10 17:00:00+00:00,6,1.2756023
1221056,SOLUSDT,2024-03-28 10:30:00+00:00,2,1.1568679
1197826,SOLUSDT,2023-07-30 11:00:00+00:00,7,1.2951533
1230189,SOLUSDT,2024-07-01 13:45:00+00:00,5,1.2669995
1217722,SOLUSDT,2024-02-22 17:00:00+00:00,7,1.1906621
1180299,SOLUSDT,2023-01-28 21:15:00+00:00,4,1.2667092
1206733,SOLUSDT,2023-10-31 05:45:00+00:00,9,1.2402275
1209212,SOLUSDT,2023-11-26 01:30:00+00:00,8,1.1243095
1244720,SOLUSDT,2024-11-29 22:30:00+00:00,0,1.2407091
1189686,SOLUSDT,2023-05-06 16:00:00+00:00,4,1.3321248
1220655,SOLUSDT,2024-03-24 06:15:00+00:00,8,1.2545731
1187127,SOLUSDT,2023-04-10 00:15:00+00:00,0,1.3139592
1181012,SOLUSDT,2023-02-05 07:30:00+00:00,3,1.1739651
1236021,SOLUSDT,2024-08-31 07:45:00+00:00,8,1.215889
1221696,SOLUSDT,2024-04-04 02:30:00+00:00,4,1.1442472
1210578,SOLUSDT,2023-12-10 07:00:00+00:00,2,1.2235632
1199034,SOLUSDT,2023-08-12 01:00:00+00:00,0,1.2984146
1239255,SOLUSDT,2024-10-04 00:15:00+00:00,1,1.2662029
1233009,SOLUSDT,2024-07-30 22:45:00+00:00,3,1.1922953
1209686,SOLUSDT,2023-12-01 00:00:00+00:00,8,1.2767476
1188884,SOLUSDT,2023-04-28 07:30:00+00:00,0,1.1618516
1200761,SOLUSDT,2023-08-30 00:45:00+00:00,9,1.1911825
1209882,SOLUSDT,2023-12-03 01:00:00+00:00,0,1.1159514
1220395,SOLUSDT,2024-03-21 13:15:00+00:00,1,1.19906
1205678,SOLUSDT,2023-10-20 06:00:00+00:00,0,1.2440246
1191118,SOLUSDT,2023-05-21 14:00:00+00:00,4,1.294862
1239736,SOLUSDT,2024-10-09 00:30:00+00:00,2,1.2207689
1214996,SOLUSDT,2024-01-25 07:30:00+00:00,3,1.2067077
1245011,SOLUSDT,2024-12-02 23:15:00+00:00,3,1.1636714
1222956,SOLUSDT,2024-04-17 05:30:00+00:00,0,1.1379406
1208407,SOLUSDT,2023-11-17 16:15:00+00:00,4,1.2007593
1208376,SOLUSDT,2023-11-17 08:30:00+00:00,1,1.2690861
1192677,SOLUSDT,2023-06-06 19:45:00+00:00,0,1.3099877
1235249,SOLUSDT,2024-08-23 06:45:00+00:00,9,1.2135595
1229713,SOLUSDT,2024-06-26 14:45:00+00:00,0,1.2884059
1226362,SOLUSDT,2024-05-22 17:00:00+00:00,0,1.2097243
1212503,SOLUSDT,2023-12-30 08:15:00+00:00,7,1.3009282
1215438,SOLUSDT,2024-01-29 22:00:00+00:00,9,1.2505004
1221843,SOLUSDT,2024-04-05 15:15:00+00:00,0,1.3440539
1226807,SOLUSDT,2024-05-27 08:15:00+00:00,5,1.2137991
1202381,SOLUSDT,2023-09-15 21:45:00+00:00,7,1.2426019
1211617,SOLUSDT,2023-12-21 02:45:00+00:00,0,1.387345
1182229,SOLUSDT,2023-02-17 23:45:00+00:00,8,1.2437541
1198230,SOLUSDT,2023-08-03 16:00:00+00:00,4,1.2635224
1210641,SOLUSDT,2023-12-10 22:45:00+00:00,0,1.2865512
1189024,SOLUSDT,2023-04-29 18:30:00+00:00,4,1.2463775
1231491,SOLUSDT,2024-07-15 03:15:00+00:00,0,1.1850187
1205132,SOLUSDT,2023-10-14 13:30:00+00:00,6,1.3070695
1244248,SOLUSDT,2024-11-25 00:30:00+00:00,6,1.3332564
1206723,SOLUSDT,2023-10-31 03:15:00+00:00,0,1.2879195
1223107,SOLUSDT,2024-04-18 19:15:00+00:00,5,1.221813
1221039,SOLUSDT,2024-03-28 06:15:00+00:00,1,1.2894465
1234325,SOLUSDT,2024-08-13 15:45:00+00:00,2,1.2424941
1223302,SOLUSDT,2024-04-20 20:00:00+00:00,9,1.2034644
1183653,SOLUSDT,2023-03-04 19:45:00+00:00,7,1.0203761
1241906,SOLUSDT,2024-10-31 15:00:00+00:00,4,1.1859336
1186728,SOLUSDT,2023-04-05 20:30:00+00:00,3,1.2752372
1242404,SOLUSDT,2024-11-05 19:30:00+00:00,9,1.3182328
1229094,SOLUSDT,2024-06-20 04:00:00+00:00,4,1.1577424
1202948,SOLUSDT,2023-09-21 19:30:00+00:00,6,1.2881109
1208368,SOLUSDT,2023-11-17 06:30:00+00:00,1,1.3157864
1189891,SOLUSDT,2023-05-08 19:15:00+00:00,4,1.3257903
1204934,SOLUSDT,2023-10-12 12:00:00+00:00,3,1.2120817
1221325,SOLUSDT,2024-03-31 05:45:00+00:00,1,1.2762234
1214754,SOLUSDT,2024-01-22 19:00:00+00:00,7,1.1709079
1209841,SOLUSDT,2023-12-02 14:45:00+00:00,1,1.1845415
1242930,SOLUSDT,2024-11-11 07:00:00+00:00,4,1.286341
1204437,SOLUSDT,2023-10-07 07:45:00+00:00,2,1.2473983
1213169,SOLUSDT,2024-01-06 06:45:00+00:00,4,1.2556676
1221681,SOLUSDT,2024-04-03 22:45:00+00:00,3,1.1108038
1240037,SOLUSDT,2024-10-12 03:45:00+00:00,8,1.1544967
1193051,SOLUSDT,2023-06-10 17:15:00+00:00,1,1.3464808
1213138,SOLUSDT,2024-01-05 23:00:00+00:00,6,1.2093287
1213544,SOLUSDT,2024-01-10 04:30:00+00:00,2,1.2396723
1239677,SOLUSDT,2024-10-08 09:45:00+00:00,2,1.2113808
1190811,SOLUSDT,2023-05-18 09:15:00+00:00,1,1.2329588
1186011,SOLUSDT,2023-03-29 09:15:00+00:00,9,1.2403196
1219910,SOLUSDT,2024-03-16 12:00:00+00:00,5,1.2271273
1213822,SOLUSDT,2024-01-13 02:00:00+00:00,3,1.2620672
1209937,SOLUSDT,2023-12-03 14:45:00+00:00,4,1.2065312
1200245,SOLUSDT,2023-08-24 15:45:00+00:00,4,1.0928075
1188284,SOLUSDT,2023-04-22 01:30:00+00:00,8,1.2577357
1213588,SOLUSDT,2024-01-10 15:30:00+00:00,4,1.1780108
1182055,SOLUSDT,2023-02-16 04:15:00+00:00,2,1.2002047
1189567,SOLUSDT,2023-05-05 10:15:00+00:00,3,1.2089078
1228678,SOLUSDT,2024-06-15 20:00:00+00:00,8,1.1219803
1243806,SOLUSDT,2024-11-20 10:00:00+00:00,1,1.3642426
1242715,SOLUSDT,2024-11-09 01:15:00+00:00,1,1.3480399
1225553,SOLUSDT,2024-05-14 06:45:00+00:00,7,1.3647083
1197999,SOLUSDT,2023-08-01 06:15:00+00:00,3,1.1390196
1229248,SOLUSDT,2024-06-21 18:30:00+00:00,4,1.2344558
1210918,SOLUSDT,2023-12-13 20:00:00+00:00,0,1.2060274
1205549,SOLUSDT,2023-10-18 21:45:00+00:00,4,1.1627346
1211866,SOLUSDT,2023-12-23 17:00:00+00:00,5,1.2258158
1242942,SOLUSDT,2024-11-11 10:00:00+00:00,3,1.1821288
1196475,SOLUSDT,2023-07-16 09:15:00+00:00,1,1.1875964
1230336,SOLUSDT,2024-07-03 02:30:00+00:00,4,1.1759781
1228666,SOLUSDT,2024-06-15 17:00:00+00:00,5,1.2388394
1237793,SOLUSDT,2024-09-18 18:45:00+00:00,0,1.3812609
1222487,SOLUSDT,2024-04-12 08:15:00+00:00,2,1.2151316
1184282,SOLUSDT,2023-03-11 09:00:00+00:00,5,1.395844
1246879,SOLUSDT,2024-12-22 10:15:00+00:00,1,1.2053202
1236278,SOLUSDT,2024-09-03 00:00:00+00:00,1,1.2135636
1218839,SOLUSDT,2024-03-05 08:15:00+00:00,4,1.2572436
1246002,SOLUSDT,2024-12-13 07:00:00+00:00,4,1.2499362
1187838,SOLUSDT,2023-04-17 10:00:00+00:00,4,1.1859617
1220319,SOLUSDT,2024-03-20 18:15:00+00:00,0,1.1710111
1235523,SOLUSDT,2024-08-26 03:15:00+00:00,8,1.2434878
1211193,SOLUSDT,2023-12-16 16:45:00+00:00,0,1.1076783
1204797,SOLUSDT,2023-10-11 01:45:00+00:00,9,1.2797008
1189905,SOLUSDT,2023-05-08 22:45:00+00:00,3,1.1766591
1196351,SOLUSDT,2023-07-15 02:15:00+00:00,0,1.2889051
1199476,SOLUSDT,2023-08-16 15:30:00+00:00,2,1.1710083
1234453,SOLUSDT,2024-08-14 23:45:00+00:00,2,1.263688
1192685,SOLUSDT,2023-06-06 21:45:00+00:00,9,1.2830869
1230075,SOLUSDT,2024-06-30 09:15:00+00:00,0,1.201176
1207718,SOLUSDT,2023-11-10 12:00:00+00:00,0,1.1142855
1182069,SOLUSDT,2023-02-16 07:45:00+00:00,4,1.1900924
1230649,SOLUSDT,2024-07-06 08:45:00+00:00,1,1.2537435
1224929,SOLUSDT,2024-05-07 18:45:00+00:00,7,1.0795403
1221798,SOLUSDT,2024-04-05 04:00:00+00:00,8,1.3626394
1191974,SOLUSDT,2023-05-30 12:00:00+00:00,0,1.1581519
1220590,SOLUSDT,2024-03-23 14:00:00+00:00,5,1.2183336
1242148,SOLUSDT,2024-11-03 03:30:00+00:00,4,1.2712036
1240756,SOLUSDT,2024-10-19 15:30:00+00:00,0,1.1831486
1200971,SOLUSDT,2023-09-01 05:15:00+00:00,1,1.2551377
1204247,SOLUSDT,2023-10-05 08:15:00+00:00,8,1.2332193
1226196,SOLUSDT,2024-05-20 23:30:00+00:00,0,1.1390791
1204653,SOLUSDT,2023-10-09 13:45:00+00:00,7,1.2997205
1224893,SOLUSDT,2024-05-07 09:45:00+00:00,0,1.1283036
1225869,SOLUSDT,2024-05-17 13:45:00+00:00,4,1.1729931
1225866,SOLUSDT,2024-05-17 13:00:00+00:00,5,1.3506173
1237689,SOLUSDT,2024-09-17 16:45:00+00:00,7,1.387771
1195647,SOLUSDT,2023-07-07 18:15:00+00:00,9,1.2787721
1209388,SOLUSDT,2023-11-27 21:30:00+00:00,3,1.2631837
1241526,SOLUSDT,2024-10-27 16:00:00+00:00,0,1.2335854
1194675,SOLUSDT,2023-06-27 15:15:00+00:00,4,1.2133551
1190934,SOLUSDT,2023-05-19 16:00:00+00:00,5,1.2564827
1235246,SOLUSDT,2024-08-23 06:00:00+00:00,0,1.2064714
1200793,SOLUSDT,2023-08-30 08:45:00+00:00,2,1.1106898
1193366,SOLUSDT,2023-06-14 00:00:00+00:00,1,1.1907189
1221136,SOLUSDT,2024-03-29 06:30:00+00:00,3,1.2872705
1229345,SOLUSDT,2024-06-22 18:45:00+00:00,6,1.2181265
1213020,SOLUSDT,2024-01-04 17:30:00+00:00,0,1.1412631
1179277,SOLUSDT,2023-01-18 05:45:00+00:00,3,1.2278284
1241532,SOLUSDT,2024-10-27 17:30:00+00:00,0,1.1500156
1206364,SOLUSDT,2023-10-27 09:30:00+00:00,0,1.0875446
1210143,SOLUSDT,2023-12-05 18:15:00+00:00,0,1.1310624
1232989,SOLUSDT,2024-07-30 17:45:00+00:00,4,1.1360769
1238963,SOLUSDT,2024-09-30 23:15:00+00:00,7,1.2960243
1181784,SOLUSDT,2023-02-13 08:30:00+00:00,4,1.2901186
1207780,SOLUSDT,2023-11-11 03:30:00+00:00,8,1.2190298
1199310,SOLUSDT,2023-08-14 22:00:00+00:00,3,1.3096528
1201894,SOLUSDT,2023-09-10 20:00:00+00:00,3,1.3509263
1215520,SOLUSDT,2024-01-30 18:30:00+00:00,8,1.1702864
1209362,SOLUSDT,2023-11-27 15:00:00+00:00,7,1.0356859
1212685,SOLUSDT,2024-01-01 05:45:00+00:00,8,1.3635931
1241341,SOLUSDT,2024-10-25 17:45:00+00:00,4,1.1982833
1210291,SOLUSDT,2023-12-07 07:15:00+00:00,1,1.2405015
1244341,SOLUSDT,2024-11-25 23:45:00+00:00,4,1.3625805
1209842,SOLUSDT,2023-12-02 15:00:00+00:00,4,1.1623365
1196554,SOLUSDT,2023-07-17 05:00:00+00:00,9,1.2769399
1187289,SOLUSDT,2023-04-11 16:45:00+00:00,0,1.4215897
1189854,SOLUSDT,2023-05-08 10:00:00+00:00,1,1.218794
1225223,SOLUSDT,2024-05-10 20:15:00+00:00,7,1.3488863
1243934,SOLUSDT,2024-11-21 18:00:00+00:00,0,1.147521
1214040,SOLUSDT,2024-01-15 08:30:00+00:00,2,1.2104745
1226443,SOLUSDT,2024-05-23 13:15:00+00:00,4,1.1812212
1197136,SOLUSDT,2023-07-23 06:30:00+00:00,2,1.3100227
1232647,SOLUSDT,2024-07-27 04:15:00+00:00,1,1.2048807
1218785,SOLUSDT,2024-03-04 18:45:00+00:00,4,1.2518394
1203982,SOLUSDT,2023-10-02 14:00:00+00:00,2,1.2013606
1228893,SOLUSDT,2024-06-18 01:45:00+00:00,4,1.1026267
1192074,SOLUSDT,2023-05-31 13:00:00+00:00,2,1.1846346
1188681,SOLUSDT,2023-04-26 04:45:00+00:00,9,1.2438402
1228473,SOLUSDT,2024-06-13 16:45:00+00:00,4,1.244993
1227911,SOLUSDT,2024-06-07 20:15:00+00:00,7,1.3923104
1188765,SOLUSDT,2023-04-27 01:45:00+00:00,3,1.3235387
1245790,SOLUSDT,2024-12-11 02:00:00+00:00,4,1.3462985
1213758,SOLUSDT,2024-01-12 10:00:00+00:00,8,1.1440917
1184297,SOLUSDT,2023-03-11 12:45:00+00:00,9,1.2907859
1242010,SOLUSDT,2024-11-01 17:00:00+00:00,4,1.2403805
1206880,SOLUSDT,2023-11-01 18:30:00+00:00,0,1.1027442
1208153,SOLUSDT,2023-11-15 00:45:00+00:00,0,1.2320279
1201749,SOLUSDT,2023-09-09 07:45:00+00:00,8,1.1648933
1217319,SOLUSDT,2024-02-18 12:15:00+00:00,0,1.1565455
1182160,SOLUSDT,2023-02-17 06:30:00+00:00,1,1.2026999
1238300,SOLUSDT,2024-09-24 01:30:00+00:00,2,1.3227227
1186313,SOLUSDT,2023-04-01 12:45:00+00:00,8,1.2106317
1188159,SOLUSDT,2023-04-20 18:15:00+00:00,4,1.1524473
1218419,SOLUSDT,2024-02-29 23:15:00+00:00,4,1.231983
1192455,SOLUSDT,2023-06-04 12:15:00+00:00,0,1.1306304
1196757,SOLUSDT,2023-07-19 07:45:00+00:00,2,1.1346302
1191614,SOLUSDT,2023-05-26 18:00:00+00:00,9,1.2788808
1243784,SOLUSDT,2024-11-20 04:30:00+00:00,7,1.257539
1246205,SOLUSDT,2024-12-15 09:45:00+00:00,1,1.3168314
1181684,SOLUSDT,2023-02-12 07:30:00+00:00,0,1.153066
1202721,SOLUSDT,2023-09-19 10:45:00+00:00,0,1.1707747
1197045,SOLUSDT,2023-07-22 07:45:00+00:00,9,1.1620392
1207534,SOLUSDT,2023-11-08 14:00:00+00:00,2,1.224678
1186846,SOLUSDT,2023-04-07 02:00:00+00:00,8,1.2111628
1206140,SOLUSDT,2023-10-25 01:30:00+00:00,0,1.1144673
1224863,SOLUSDT,2024-05-07 02:15:00+00:00,0,1.1765797
1181251,SOLUSDT,2023-02-07 19:15:00+00:00,7,1.2153871
1243189,SOLUSDT,2024-11-13 23:45:00+00:00,3,1.1927935
1205128,SOLUSDT,2023-10-14 12:30:00+00:00,4,1.2119676
1223129,SOLUSDT,2024-04-19 00:45:00+00:00,2,1.3562326
1240077,SOLUSDT,2024-10-12 13:45:00+00:00,1,1.2423128
1208894,SOLUSDT,2023-11-22 18:00:00+00:00,5,1.1471921
1233388,SOLUSDT,2024-08-03 21:30:00+00:00,7,1.2077473
1204316,SOLUSDT,2023-10-06 01:30:00+00:00,1,1.2016555
1178066,SOLUSDT,2023-01-05 15:00:00+00:00,5,1.1855351
1213026,SOLUSDT,2024-01-04 19:00:00+00:00,9,1.1642897
1242589,SOLUSDT,2024-11-07 17:45:00+00:00,0,1.2794814
1179614,SOLUSDT,2023-01-21 18:00:00+00:00,6,1.1757653
1180641,SOLUSDT,2023-02-01 10:45:00+00:00,3,1.1843537
1243815,SOLUSDT,2024-11-20 12:15:00+00:00,5,1.3751433
1208818,SOLUSDT,2023-11-21 23:00:00+00:00,7,1.1865301
1203616,SOLUSDT,2023-09-28 18:30:00+00:00,0,1.1521578
1246192,SOLUSDT,2024-12-15 06:30:00+00:00,8,1.1857488
1196761,SOLUSDT,2023-07-19 08:45:00+00:00,2,1.2305698
1232001,SOLUSDT,2024-07-20 10:45:00+00:00,2,1.2684708
1240370,SOLUSDT,2024-10-15 15:00:00+00:00,4,1.2209299
1207460,SOLUSDT,2023-11-07 19:30:00+00:00,0,1.250489
1194186,SOLUSDT,2023-06-22 13:00:00+00:00,1,1.2559427
1236219,SOLUSDT,2024-09-02 09:15:00+00:00,3,1.2285886
1228043,SOLUSDT,2024-06-09 05:15:00+00:00,8,1.1944647
1217717,SOLUSDT,2024-02-22 15:45:00+00:00,5,1.2505993
1230249,SOLUSDT,2024-07-02 04:45:00+00:00,0,1.2498512
1213234,SOLUSDT,2024-01-06 23:00:00+00:00,4,1.1902556
1229845,SOLUSDT,2024-06-27 23:45:00+00:00,1,1.1863309
1187403,SOLUSDT,2023-04-12 21:15:00+00:00,1,1.1129287
1227278,SOLUSDT,2024-06-01 06:00:00+00:00,1,1.1662868
1235617,SOLUSDT,2024-08-27 02:45:00+00:00,2,1.2560202
1205724,SOLUSDT,2023-10-20 17:30:00+00:00,7,1.2817715
1226920,SOLUSDT,2024-05-28 12:30:00+00:00,0,1.2301962
1180484,SOLUSDT,2023-01-30 19:30:00+00:00,4,1.1067172
1229385,SOLUSDT,2024-06-23 04:45:00+00:00,9,1.2393845
1195460,SOLUSDT,2023-07-05 19:30:00+00:00,3,1.1280127
1188609,SOLUSDT,2023-04-25 10:45:00+00:00,2,1.3394905
1179161,SOLUSDT,2023-01-17 00:45:00+00:00,4,1.1936575
1197966,SOLUSDT,2023-07-31 22:00:00+00:00,4,1.1404258
1179545,SOLUSDT,2023-01-21 00:45:00+00:00,9,1.3580354
1203303,SOLUSDT,2023-09-25 12:15:00+00:00,5,1.3159983
1220121,SOLUSDT,2024-03-18 16:45:00+00:00,5,1.1861787
1177944,SOLUSDT,2023-01-04 08:30:00+00:00,0,1.1789308
1238215,SOLUSDT,2024-09-23 04:15:00+00:00,3,1.3530312
1216730,SOLUSDT,2024-02-12 09:00:00+00:00,3,1.1859396
1228217,SOLUSDT,2024-06-11 00:45:00+00:00,3,1.271374
1189010,SOLUSDT,2023-04-29 15:00:00+00:00,0,1.2415552
1239199,SOLUSDT,2024-10-03 10:15:00+00:00,4,1.262081
1216570,SOLUSDT,2024-02-10 17:00:00+00:00,1,1.1937487
1216932,SOLUSDT,2024-02-14 11:30:00+00:00,1,1.2315423
1197571,SOLUSDT,2023-07-27 19:15:00+00:00,7,1.159723
1208161,SOLUSDT,2023-11-15 02:45:00+00:00,2,1.1789491
1204162,SOLUSDT,2023-10-04 11:00:00+00:00,1,1.3055362
1198552,SOLUSDT,2023-08-07 00:30:00+00:00,7,1.3390603
1191801,SOLUSDT,2023-05-28 16:45:00+00:00,6,1.2234517
1196681,SOLUSDT,2023-07-18 12:45:00+00:00,7,1.229048
1201546,SOLUSDT,2023-09-07 05:00:00+00:00,1,1.2040492
1232721,SOLUSDT,2024-07-27 22:45:00+00:00,3,1.2877977
1215608,SOLUSDT,2024-01-31 16:30:00+00:00,0,1.2014232
1195208,SOLUSDT,2023-07-03 04:30:00+00:00,2,1.2594788
1231485,SOLUSDT,2024-07-15 01:45:00+00:00,0,1.0419317
1189304,SOLUSDT,2023-05-02 16:30:00+00:00,0,1.1524658
1246950,SOLUSDT,2024-12-23 04:00:00+00:00,0,1.2560635
1233748,SOLUSDT,2024-08-07 15:30:00+00:00,4,1.1853805
1200626,SOLUSDT,2023-08-28 15:00:00+00:00,0,1.2909346
1181466,SOLUSDT,2023-02-10 01:00:00+00:00,7,1.2252938
1219388,SOLUSDT,2024-03-11 01:30:00+00:00,4,1.1799558
1245949,SOLUSDT,2024-12-12 17:45:00+00:00,0,1.124759
1184164,SOLUSDT,2023-03-10 03:30:00+00:00,1,1.2413293
1238223,SOLUSDT,2024-09-23 06:15:00+00:00,1,1.3512349
1180919,SOLUSDT,2023-02-04 08:15:00+00:00,1,1.2271043
1244082,SOLUSDT,2024-11-23 07:00:00+00:00,1,1.2638638
1241285,SOLUSDT,2024-10-25 03:45:00+00:00,4,1.3177707
1234142,SOLUSDT,2024-08-11 18:00:00+00:00,7,1.2570491
1206726,SOLUSDT,2023-10-31 04:00:00+00:00,1,1.2681541
1182045,SOLUSDT,2023-02-16 01:45:00+00:00,9,1.2793752
1226500,SOLUSDT,2024-05-24 03:30:00+00:00,8,1.1646138
1231807,SOLUSDT,2024-07-18 10:15:00+00:00,2,1.1899378
1193648,SOLUSDT,2023-06-16 22:30:00+00:00,9,1.2457491
1188797,SOLUSDT,2023-04-27 09:45:00+00:00,2,1.2288285
1237383,SOLUSDT,2024-09-14 12:15:00+00:00,1,1.2544279
1224635,SOLUSDT,2024-05-04 17:15:00+00:00,8,1.1016535
1227552,SOLUSDT,2024-06-04 02:30:00+00:00,2,1.318724
1181133,SOLUSDT,2023-02-06 13:45:00+00:00,2,1.3042498
1204779,SOLUSDT,2023-10-10 21:15:00+00:00,3,1.1579378
1231523,SOLUSDT,2024-07-15 11:15:00+00:00,4,1.1848642
1233957,SOLUSDT,2024-08-09 19:45:00+00:00,3,1.1790495
1216673,SOLUSDT,2024-02-11 18:45:00+00:00,4,1.1491141
1211511,SOLUSDT,2023-12-20 00:15:00+00:00,8,1.2964091
1233185,SOLUSDT,2024-08-01 18:45:00+00:00,7,1.0696478
1240328,SOLUSDT,2024-10-15 04:30:00+00:00,8,1.2309104
1212149,SOLUSDT,2023-12-26 15:45:00+00:00,4,1.1080847
1199067,SOLUSDT,2023-08-12 09:15:00+00:00,1,1.2636698
1228122,SOLUSDT,2024-06-10 01:00:00+00:00,4,1.2631718
1207479,SOLUSDT,2023-11-08 00:15:00+00:00,8,1.2635134
1226762,SOLUSDT,2024-05-26 21:00:00+00:00,3,1.163925
1218463,SOLUSDT,2024-03-01 10:15:00+00:00,1,1.2131946
1219670,SOLUSDT,2024-03-14 00:00:00+00:00,9,1.2429
1178597,SOLUSDT,2023-01-11 03:45:00+00:00,4,1.2727777
1230815,SOLUSDT,2024-07-08 02:15:00+00:00,7,1.1910374
1201824,SOLUSDT,2023-09-10 02:30:00+00:00,4,1.1671047
1198290,SOLUSDT,2023-08-04 07:00:00+00:00,1,1.2053773
1191344,SOLUSDT,2023-05-23 22:30:00+00:00,1,1.225661
1228314,SOLUSDT,2024-06-12 01:00:00+00:00,2,1.3429228
1221613,SOLUSDT,2024-04-03 05:45:00+00:00,1,1.2978702
1201802,SOLUSDT,2023-09-09 21:00:00+00:00,8,1.251316
1233636,SOLUSDT,2024-08-06 11:30:00+00:00,2,1.2248352
1217522,SOLUSDT,2024-02-20 15:00:00+00:00,4,1.1914225
1215926,SOLUSDT,2024-02-04 00:00:00+00:00,6,1.1550736
1232960,SOLUSDT,2024-07-30 10:30:00+00:00,2,1.2435919
1211636,SOLUSDT,2023-12-21 07:30:00+00:00,0,1.1871079
1241922,SOLUSDT,2024-10-31 19:00:00+00:00,7,1.1363481
1213661,SOLUSDT,2024-01-11 09:45:00+00:00,1,1.2180814
1222619,SOLUSDT,2024-04-13 17:15:00+00:00,4,1.2467347
1221122,SOLUSDT,2024-03-29 03:00:00+00:00,9,1.1867186
1211970,SOLUSDT,2023-12-24 19:00:00+00:00,9,1.1803606
1238575,SOLUSDT,2024-09-26 22:15:00+00:00,9,1.2699702
1208116,SOLUSDT,2023-11-14 15:30:00+00:00,3,1.2316567
1196091,SOLUSDT,2023-07-12 09:15:00+00:00,1,1.1809967
1224838,SOLUSDT,2024-05-06 20:00:00+00:00,5,1.2566391
1195916,SOLUSDT,2023-07-10 13:30:00+00:00,2,1.2266247
1206943,SOLUSDT,2023-11-02 10:15:00+00:00,1,1.263219
1214339,SOLUSDT,2024-01-18 11:15:00+00:00,4,1.1232663
1179972,SOLUSDT,2023-01-25 11:30:00+00:00,2,1.3426458
1194384,SOLUSDT,2023-06-24 14:30:00+00:00,8,1.2413046
1243904,SOLUSDT,2024-11-21 10:30:00+00:00,9,1.3658749
1194097,SOLUSDT,2023-06-21 14:45:00+00:00,3,1.2761672
1208003,SOLUSDT,2023-11-13 11:15:00+00:00,4,1.1326221
1210540,SOLUSDT,2023-12-09 21:30:00+00:00,3,1.2445087
1206981,SOLUSDT,2023-11-02 19:45:00+00:00,3,1.1761479
1234028,SOLUSDT,2024-08-10 13:30:00+00:00,2,1.1685132
1239245,SOLUSDT,2024-10-03 21:45:00+00:00,6,1.1164544
1223028,SOLUSDT,2024-04-17 23:30:00+00:00,8,1.3031104
1222885,SOLUSDT,2024-04-16 11:45:00+00:00,4,1.2478778
1206732,SOLUSDT,2023-10-31 05:30:00+00:00,9,1.2787647
1184349,SOLUSDT,2023-03-12 01:45:00+00:00,8,1.2391862
1243593,SOLUSDT,2024-11-18 04:45:00+00:00,0,1.1926806
1223191,SOLUSDT,2024-04-19 16:15:00+00:00,6,1.1715592
1183643,SOLUSDT,2023-03-04 17:15:00+00:00,8,1.2399104
1226998,SOLUSDT,2024-05-29 08:00:00+00:00,8,1.1692283
1244841,SOLUSDT,2024-12-01 04:45:00+00:00,7,1.2758313
1238142,SOLUSDT,2024-09-22 10:00:00+00:00,4,1.1196631
1186919,SOLUSDT,2023-04-07 20:15:00+00:00,1,1.1913484
1200110,SOLUSDT,2023-08-23 06:00:00+00:00,2,1.2954433
1242346,SOLUSDT,2024-11-05 05:00:00+00:00,1,1.269685
1220024,SOLUSDT,2024-03-17 16:30:00+00:00,0,1.2040079
1223784,SOLUSDT,2024-04-25 20:30:00+00:00,4,1.2053695
1190389,SOLUSDT,2023-05-13 23:45:00+00:00,6,1.3262612
1192968,SOLUSDT,2023-06-09 20:30:00+00:00,7,1.1660777
1231490,SOLUSDT,2024-07-15 03:00:00+00:00,0,1.2358464
1184404,SOLUSDT,2023-03-12 15:30:00+00:00,4,1.172986
1204145,SOLUSDT,2023-10-04 06:45:00+00:00,2,1.3060523
1240187,SOLUSDT,2024-10-13 17:15:00+00:00,5,1.3556529
1204690,SOLUSDT,2023-10-09 23:00:00+00:00,2,1.2386112
1202475,SOLUSDT,2023-09-16 21:15:00+00:00,1,1.1328136
1190373,SOLUSDT,2023-05-13 19:45:00+00:00,3,1.2333921
1188046,SOLUSDT,2023-04-19 14:00:00+00:00,3,1.2667359
1220241,SOLUSDT,2024-03-19 22:45:00+00:00,4,1.1698076
1230212,SOLUSDT,2024-07-01 19:30:00+00:00,8,1.151261
1206417,SOLUSDT,2023-10-27 22:45:00+00:00,7,1.2280145
1227958,SOLUSDT,2024-06-08 08:00:00+00:00,1,1.1925302
1243088,SOLUSDT,2024-11-12 22:30:00+00:00,2,1.2365974
1238928,SOLUSDT,2024-09-30 14:30:00+00:00,3,1.3453841
1200085,SOLUSDT,2023-08-22 23:45:00+00:00,3,1.2246301
1239789,SOLUSDT,2024-10-09 13:45:00+00:00,4,1.2041633
1200993,SOLUSDT,2023-09-01 10:45:00+00:00,2,1.2225189
1228976,SOLUSDT,2024-06-18 22:30:00+00:00,3,1.1795871
1228317,SOLUSDT,2024-06-12 01:45:00+00:00,4,1.3719349
1198535,SOLUSDT,2023-08-06 20:15:00+00:00,3,1.2858816
1184202,SOLUSDT,2023-03-10 13:00:00+00:00,5,1.2969049
1236217,SOLUSDT,2024-09-02 08:45:00+00:00,3,1.2770257
1203757,SOLUSDT,2023-09-30 05:45:00+00:00,8,1.1534357
1195275,SOLUSDT,2023-07-03 21:15:00+00:00,7,1.2076143
1207398,SOLUSDT,2023-11-07 04:00:00+00:00,8,1.3171061
1210420,SOLUSDT,2023-12-08 15:30:00+00:00,5,1.1447587
1208392,SOLUSDT,2023-11-17 12:30:00+00:00,4,1.2856176
1214706,SOLUSDT,2024-01-22 07:00:00+00:00,3,1.1494101
1189629,SOLUSDT,2023-05-06 01:45:00+00:00,0,1.2491755
1179057,SOLUSDT,2023-01-15 22:45:00+00:00,7,1.2557402
1209392,SOLUSDT,2023-11-27 22:30:00+00:00,3,1.2309844
1222751,SOLUSDT,2024-04-15 02:15:00+00:00,8,1.3108114
1205278,SOLUSDT,2023-10-16 02:00:00+00:00,0,1.160971
1238253,SOLUSDT,2024-09-23 13:45:00+00:00,3,1.2206764
1247353,SOLUSDT,2024-12-27 08:45:00+00:00,5,1.2439382
1221703,SOLUSDT,2024-04-04 04:15:00+00:00,4,1.1820382
1226029,SOLUSDT,2024-05-19 05:45:00+00:00,0,1.2734824
1181039,SOLUSDT,2023-02-05 14:15:00+00:00,4,1.3039051
1230961,SOLUSDT,2024-07-09 14:45:00+00:00,3,1.2624663
1223053,SOLUSDT,2024-04-18 05:45:00+00:00,3,1.2131577
1224485,SOLUSDT,2024-05-03 03:45:00+00:00,0,1.1469073
1217950,SOLUSDT,2024-02-25 02:00:00+00:00,8,1.1841283
1214251,SOLUSDT,2024-01-17 13:15:00+00:00,0,1.1590157
1231919,SOLUSDT,2024-07-19 14:15:00+00:00,0,1.2446918
1195845,SOLUSDT,2023-07-09 19:45:00+00:00,3,1.2246722
1195620,SOLUSDT,2023-07-07 11:30:00+00:00,0,1.1944325
1202295,SOLUSDT,2023-09-15 00:15:00+00:00,8,1.2249464
1221559,SOLUSDT,2024-04-02 16:15:00+00:00,7,1.2926139
1234262,SOLUSDT,2024-08-13 00:00:00+00:00,0,1.3092253
1231489,SOLUSDT,2024-07-15 02:45:00+00:00,0,1.1342871
1209286,SOLUSDT,2023-11-26 20:00:00+00:00,3,1.1440696
1197782,SOLUSDT,2023-07-30 00:00:00+00:00,8,1.1695442
1219163,SOLUSDT,2024-03-08 17:15:00+00:00,5,1.3286988
1195824,SOLUSDT,2023-07-09 14:30:00+00:00,4,1.1572301
1214113,SOLUSDT,2024-01-16 02:45:00+00:00,3,1.2021759
1206090,SOLUSDT,2023-10-24 13:00:00+00:00,0,1.2132654
1193633,SOLUSDT,2023-06-16 18:45:00+00:00,0,1.190468
1210107,SOLUSDT,2023-12-05 09:15:00+00:00,2,1.2741075
1191290,SOLUSDT,2023-05-23 09:00:00+00:00,8,1.1995707
1189545,SOLUSDT,2023-05-05 04:45:00+00:00,1,1.1761405
1194763,SOLUSDT,2023-06-28 13:15:00+00:00,0,1.1496371
1194660,SOLUSDT,2023-06-27 11:30:00+00:00,2,1.2463487
1205399,SOLUSDT,2023-10-17 08:15:00+00:00,1,1.1803683
1208997,SOLUSDT,2023-11-23 19:45:00+00:00,7,1.2267259
1178512,SOLUSDT,2023-01-10 06:30:00+00:00,3,1.3073064
1205340,SOLUSDT,2023-10-16 17:30:00+00:00,8,1.3865067
1219249,SOLUSDT,2024-03-09 14:45:00+00:00,1,1.238855
1206165,SOLUSDT,2023-10-25 07:45:00+00:00,4,1.2227376
1227912,SOLUSDT,2024-06-07 20:30:00+00:00,7,1.4754833
1232218,SOLUSDT,2024-07-22 17:00:00+00:00,8,1.2268443
1217511,SOLUSDT,2024-02-20 12:15:00+00:00,3,1.1744498
1191105,SOLUSDT,2023-05-21 10:45:00+00:00,5,1.1905401
1228369,SOLUSDT,2024-06-12 14:45:00+00:00,9,1.2227418
1222068,SOLUSDT,2024-04-07 23:30:00+00:00,3,1.1965461
1216772,SOLUSDT,2024-02-12 19:30:00+00:00,9,1.1624882
1244510,SOLUSDT,2024-11-27 18:00:00+00:00,9,1.2408539
1217751,SOLUSDT,2024-02-23 00:15:00+00:00,4,1.1792934
1228944,SOLUSDT,2024-06-18 14:30:00+00:00,5,1.218333
1237384,SOLUSDT,2024-09-14 12:30:00+00:00,1,1.266971
1231265,SOLUSDT,2024-07-12 18:45:00+00:00,9,1.2387321
1182178,SOLUSDT,2023-02-17 11:00:00+00:00,8,1.1043215
1212746,SOLUSDT,2024-01-01 21:00:00+00:00,9,1.2317578
1183597,SOLUSDT,2023-03-04 05:45:00+00:00,4,1.3559
1184524,SOLUSDT,2023-03-13 21:30:00+00:00,2,1.2554656
1238489,SOLUSDT,2024-09-26 00:45:00+00:00,4,1.3024774
1198401,SOLUSDT,2023-08-05 10:45:00+00:00,1,1.2407843
1237263,SOLUSDT,2024-09-13 06:15:00+00:00,2,1.2902353
1228257,SOLUSDT,2024-06-11 10:45:00+00:00,3,1.2295506
1234305,SOLUSDT,2024-08-13 10:45:00+00:00,2,1.152763
1223388,SOLUSDT,2024-04-21 17:30:00+00:00,4,1.1366813
1184489,SOLUSDT,2023-03-13 12:45:00+00:00,4,1.2867941
1198369,SOLUSDT,2023-08-05 02:45:00+00:00,1,1.1805437
1196384,SOLUSDT,2023-07-15 10:30:00+00:00,9,1.2040715
1225438,SOLUSDT,2024-05-13 02:00:00+00:00,7,1.1606358
1237111,SOLUSDT,2024-09-11 16:15:00+00:00,5,1.1817577
1231910,SOLUSDT,2024-07-19 12:00:00+00:00,6,1.3480113
1181778,SOLUSDT,2023-02-13 07:00:00+00:00,3,1.3039395
1246144,SOLUSDT,2024-12-14 18:30:00+00:00,7,1.11782
1247581,SOLUSDT,2024-12-29 17:45:00+00:00,7,1.2393454
1194400,SOLUSDT,2023-06-24 18:30:00+00:00,4,1.2873796
1178872,SOLUSDT,2023-01-14 00:30:00+00:00,0,1.2612801
1193162,SOLUSDT,2023-06-11 21:00:00+00:00,0,1.2729335
1223042,SOLUSDT,2024-04-18 03:00:00+00:00,1,1.261415
1204757,SOLUSDT,2023-10-10 15:45:00+00:00,7,1.1869413
1203666,SOLUSDT,2023-09-29 07:00:00+00:00,9,1.2313297
1230906,SOLUSDT,2024-07-09 01:00:00+00:00,2,1.2611467
1204688,SOLUSDT,2023-10-09 22:30:00+00:00,8,1.2798952
1235618,SOLUSDT,2024-08-27 03:00:00+00:00,2,1.1945553
1181595,SOLUSDT,2023-02-11 09:15:00+00:00,1,1.2532295
1213207,SOLUSDT,2024-01-06 16:15:00+00:00,5,1.177797
1194809,SOLUSDT,2023-06-29 00:45:00+00:00,3,1.2636932
1211933,SOLUSDT,2023-12-24 09:45:00+00:00,6,1.2645568
1184134,SOLUSDT,2023-03-09 20:00:00+00:00,4,1.2334789
1185325,SOLUSDT,2023-03-22 05:45:00+00:00,1,1.1363463
1243251,SOLUSDT,2024-11-14 15:15:00+00:00,4,1.2255595
1197664,SOLUSDT,2023-07-28 18:30:00+00:00,9,1.2145897
1245760,SOLUSDT,2024-12-10 18:30:00+00:00,4,1.2600272
1236341,SOLUSDT,2024-09-03 15:45:00+00:00,4,1.0812256
1188310,SOLUSDT,2023-04-22 08:00:00+00:00,8,1.1355194
1219343,SOLUSDT,2024-03-10 14:15:00+00:00,4,1.2001948
1190760,SOLUSDT,2023-05-17 20:30:00+00:00,0,1.193918
1231475,SOLUSDT,2024-07-14 23:15:00+00:00,0,1.2737029
1244637,SOLUSDT,2024-11-29 01:45:00+00:00,6,1.1736346
1199328,SOLUSDT,2023-08-15 02:30:00+00:00,8,1.1908661
1192692,SOLUSDT,2023-06-06 23:30:00+00:00,9,1.3240963
1214139,SOLUSDT,2024-01-16 09:15:00+00:00,0,1.2330452
1239177,SOLUSDT,2024-10-03 04:45:00+00:00,1,1.2159469
1209321,SOLUSDT,2023-11-27 04:45:00+00:00,5,1.2992141
1241279,SOLUSDT,2024-10-25 02:15:00+00:00,8,1.290299
1192348,SOLUSDT,2023-06-03 09:30:00+00:00,1,1.1975255
1179801,SOLUSDT,2023-01-23 16:45:00+00:00,5,1.1366868
1192964,SOLUSDT,2023-06-09 19:30:00+00:00,7,1.1328034
1188708,SOLUSDT,2023-04-26 11:30:00+00:00,0,1.1890187
1189208,SOLUSDT,2023-05-01 16:30:00+00:00,4,1.2205683
1239315,SOLUSDT,2024-10-04 15:15:00+00:00,0,1.177217
1245402,SOLUSDT,2024-12-07 01:00:00+00:00,8,1.282073
1179998,SOLUSDT,2023-01-25 18:00:00+00:00,3,1.266549
1197818,SOLUSDT,2023-07-30 09:00:00+00:00,1,1.25816
1190055,SOLUSDT,2023-05-10 12:15:00+00:00,1,1.2009606
1247007,SOLUSDT,2024-12-23 18:15:00+00:00,0,1.1947404
1223051,SOLUSDT,2024-04-18 05:15:00+00:00,2,1.177105
1209397,SOLUSDT,2023-11-27 23:45:00+00:00,3,1.1904182
1233664,SOLUSDT,2024-08-06 18:30:00+00:00,9,1.1973307
1229523,SOLUSDT,2024-06-24 15:15:00+00:00,5,1.294066
1185520,SOLUSDT,2023-03-24 06:30:00+00:00,8,1.223069
1178651,SOLUSDT,2023-01-11 17:15:00+00:00,7,1.1676892
1214170,SOLUSDT,2024-01-16 17:00:00+00:00,6,1.346847
1185291,SOLUSDT,2023-03-21 21:15:00+00:00,4,1.228221
1220133,SOLUSDT,2024-03-18 19:45:00+00:00,3,1.2561717
1208918,SOLUSDT,2023-11-23 00:00:00+00:00,9,1.2090976
1231667,SOLUSDT,2024-07-16 23:15:00+00:00,9,1.36118
1246473,SOLUSDT,2024-12-18 04:45:00+00:00,4,1.3716695
1198699,SOLUSDT,2023-08-08 13:15:00+00:00,0,1.1630636
1240995,SOLUSDT,2024-10-22 03:15:00+00:00,2,1.2975246
1244024,SOLUSDT,2024-11-22 16:30:00+00:00,8,1.3047616
1227551,SOLUSDT,2024-06-04 02:15:00+00:00,1,1.2264714
1179411,SOLUSDT,2023-01-19 15:15:00+00:00,3,1.2736313
1221117,SOLUSDT,2024-03-29 01:45:00+00:00,9,1.1736251
1243725,SOLUSDT,2024-11-19 13:45:00+00:00,7,1.2253879
1179993,SOLUSDT,2023-01-25 16:45:00+00:00,8,1.3103414
1241534,SOLUSDT,2024-10-27 18:00:00+00:00,5,1.2145892
1246737,SOLUSDT,2024-12-20 22:45:00+00:00,1,1.1691065
1180890,SOLUSDT,2023-02-04 01:00:00+00:00,6,1.2440306
1226148,SOLUSDT,2024-05-20 11:30:00+00:00,9,1.1739498
1205865,SOLUSDT,2023-10-22 04:45:00+00:00,1,1.1846862
1231908,SOLUSDT,2024-07-19 11:30:00+00:00,9,1.2863243
1203587,SOLUSDT,2023-09-28 11:15:00+00:00,4,1.3155175
1202513,SOLUSDT,2023-09-17 06:45:00+00:00,2,1.226413
1244518,SOLUSDT,2024-11-27 20:00:00+00:00,8,1.2031126
1218869,SOLUSDT,2024-03-05 15:45:00+00:00,0,1.2367465
1189840,SOLUSDT,2023-05-08 06:30:00+00:00,3,1.2697467
1221814,SOLUSDT,2024-04-05 08:00:00+00:00,7,1.380307
1193071,SOLUSDT,2023-06-10 22:15:00+00:00,9,1.2952198
1228423,SOLUSDT,2024-06-13 04:15:00+00:00,1,1.321361
1218750,SOLUSDT,2024-03-04 10:00:00+00:00,0,1.277231
1246348,SOLUSDT,2024-12-16 21:30:00+00:00,8,1.2265434
1183665,SOLUSDT,2023-03-04 22:45:00+00:00,3,1.2157362
1209409,SOLUSDT,2023-11-28 02:45:00+00:00,2,1.2268798
1177823,SOLUSDT,2023-01-03 02:15:00+00:00,2,1.3873991
1197492,SOLUSDT,2023-07-26 23:30:00+00:00,9,1.202237
1200579,SOLUSDT,2023-08-28 03:15:00+00:00,4,1.2707325
1238067,SOLUSDT,2024-09-21 15:15:00+00:00,5,1.2613741
1183685,SOLUSDT,2023-03-05 03:45:00+00:00,9,1.2897849
1205781,SOLUSDT,2023-10-21 07:45:00+00:00,0,1.2554212
1243956,SOLUSDT,2024-11-21 23:30:00+00:00,9,1.3492585
1195664,SOLUSDT,2023-07-07 22:30:00+00:00,6,1.2580822
1229188,SOLUSDT,2024-06-21 03:30:00+00:00,4,1.3080336
1231758,SOLUSDT,2024-07-17 22:00:00+00:00,7,1.2472621
1196658,SOLUSDT,2023-07-18 07:00:00+00:00,4,1.1098851
1245267,SOLUSDT,2024-12-05 15:15:00+00:00,9,1.1752324
1228488,SOLUSDT,2024-06-13 20:30:00+00:00,7,1.1795703
1183127,SOLUSDT,2023-02-27 08:15:00+00:00,2,1.2120913
1220863,SOLUSDT,2024-03-26 10:15:00+00:00,1,1.2499608
1182150,SOLUSDT,2023-02-17 04:00:00+00:00,3,1.2055641
1198109,SOLUSDT,2023-08-02 09:45:00+00:00,2,1.1938748
1199942,SOLUSDT,2023-08-21 12:00:00+00:00,3,1.1813296
1232279,SOLUSDT,2024-07-23 08:15:00+00:00,2,1.2294292
1217961,SOLUSDT,2024-02-25 04:45:00+00:00,7,1.1377659
1235737,SOLUSDT,2024-08-28 08:45:00+00:00,4,1.1783664
1195407,SOLUSDT,2023-07-05 06:15:00+00:00,2,1.2496325
1205937,SOLUSDT,2023-10-22 22:45:00+00:00,0,1.2415516
1199941,SOLUSDT,2023-08-21 11:45:00+00:00,3,1.1635475
1234857,SOLUSDT,2024-08-19 04:45:00+00:00,3,1.4178249
1183742,SOLUSDT,2023-03-05 18:00:00+00:00,4,1.2163097
1182585,SOLUSDT,2023-02-21 16:45:00+00:00,4,1.2165804
1199742,SOLUSDT,2023-08-19 10:00:00+00:00,1,1.3284329
1214591,SOLUSDT,2024-01-21 02:15:00+00:00,8,1.2216419
1245646,SOLUSDT,2024-12-09 14:00:00+00:00,3,1.167659
1207353,SOLUSDT,2023-11-06 16:45:00+00:00,5,1.1778346
1190486,SOLUSDT,2023-05-15 00:00:00+00:00,3,1.3320538
1212488,SOLUSDT,2023-12-30 04:30:00+00:00,8,1.1926556
1241560,SOLUSDT,2024-10-28 00:30:00+00:00,8,1.2269582
1217622,SOLUSDT,2024-02-21 16:00:00+00:00,3,1.1335121
1180229,SOLUSDT,2023-01-28 03:45:00+00:00,1,1.1872437
1207250,SOLUSDT,2023-11-05 15:00:00+00:00,4,1.2187115
1230093,SOLUSDT,2024-06-30 13:45:00+00:00,5,1.2268131
1185886,SOLUSDT,2023-03-28 02:00:00+00:00,2,1.1974261
1197395,SOLUSDT,2023-07-25 23:15:00+00:00,2,1.1568432
1246409,SOLUSDT,2024-12-17 12:45:00+00:00,0,1.1829294
1216174,SOLUSDT,2024-02-06 14:00:00+00:00,4,1.1159354
1180572,SOLUSDT,2023-01-31 17:30:00+00:00,0,1.2317895
1229654,SOLUSDT,2024-06-26 00:00:00+00:00,4,1.2870318
1197154,SOLUSDT,2023-07-23 11:00:00+00:00,2,1.1562506
1186602,SOLUSDT,2023-04-04 13:00:00+00:00,0,1.2471505
1195508,SOLUSDT,2023-07-06 07:30:00+00:00,9,1.2578015
1199868,SOLUSDT,2023-08-20 17:30:00+00:00,4,1.160087
1204789,SOLUSDT,2023-10-10 23:45:00+00:00,1,1.2631304
1189559,SOLUSDT,2023-05-05 08:15:00+00:00,1,1.3081073
1220722,SOLUSDT,2024-03-24 23:00:00+00:00,0,1.1736991
1215671,SOLUSDT,2024-02-01 08:15:00+00:00,3,1.1889254
1245044,SOLUSDT,2024-12-03 07:30:00+00:00,4,1.19716
1224193,SOLUSDT,2024-04-30 02:45:00+00:00,8,1.1938738
1220926,SOLUSDT,2024-03-27 02:00:00+00:00,2,1.1043339
1239121,SOLUSDT,2024-10-02 14:45:00+00:00,5,1.1821976
1237291,SOLUSDT,2024-09-13 13:15:00+00:00,4,1.200686
1191381,SOLUSDT,2023-05-24 07:45:00+00:00,7,1.2544384
1223268,SOLUSDT,2024-04-20 11:30:00+00:00,8,1.2348919
1238621,SOLUSDT,2024-09-27 09:45:00+00:00,2,1.1914692
1232771,SOLUSDT,2024-07-28 11:15:00+00:00,1,1.2667389
1231486,SOLUSDT,2024-07-15 02:00:00+00:00,9,1.0810165
1207963,SOLUSDT,2023-11-13 01:15:00+00:00,0,1.2663106
1186485,SOLUSDT,2023-04-03 07:45:00+00:00,3,1.362372
1187086,SOLUSDT,2023-04-09 14:00:00+00:00,6,1.2000674
1223172,SOLUSDT,2024-04-19 11:30:00+00:00,9,1.2664247
1244294,SOLUSDT,2024-11-25 12:00:00+00:00,4,1.2182986
1180344,SOLUSDT,2023-01-29 08:30:00+00:00,1,1.2458076
1197770,SOLUSDT,2023-07-29 21:00:00+00:00,0,1.1634207
1207135,SOLUSDT,2023-11-04 10:15:00+00:00,9,1.2428489
1234426,SOLUSDT,2024-08-14 17:00:00+00:00,4,1.0965079
1187126,SOLUSDT,2023-04-10 00:00:00+00:00,8,1.2126377
1185083,SOLUSDT,2023-03-19 17:15:00+00:00,0,1.1075616
1222362,SOLUSDT,2024-04-11 01:00:00+00:00,2,1.2576433
1190946,SOLUSDT,2023-05-19 19:00:00+00:00,6,1.1997918
1233898,SOLUSDT,2024-08-09 05:00:00+00:00,4,1.2816246
1207114,SOLUSDT,2023-11-04 05:00:00+00:00,0,1.3376263
1182729,SOLUSDT,2023-02-23 04:45:00+00:00,1,1.2170386
1188589,SOLUSDT,2023-04-25 05:45:00+00:00,4,1.2241478
1181236,SOLUSDT,2023-02-07 15:30:00+00:00,4,1.136216
1197562,SOLUSDT,2023-07-27 17:00:00+00:00,2,1.2670571
1183172,SOLUSDT,2023-02-27 19:30:00+00:00,8,1.3798327
1202714,SOLUSDT,2023-09-19 09:00:00+00:00,0,1.1447573
1194389,SOLUSDT,2023-06-24 15:45:00+00:00,4,1.256547
1217779,SOLUSDT,2024-02-23 07:15:00+00:00,3,1.196588
1219577,SOLUSDT,2024-03-13 00:45:00+00:00,9,1.3502538
1221994,SOLUSDT,2024-04-07 05:00:00+00:00,3,1.3296132
1192881,SOLUSDT,2023-06-08 22:45:00+00:00,6,1.2877972
1185852,SOLUSDT,2023-03-27 17:30:00+00:00,4,1.1922027
1181581,SOLUSDT,2023-02-11 05:45:00+00:00,1,1.2293177
1194413,SOLUSDT,2023-06-24 21:45:00+00:00,7,1.2386067
1215359,SOLUSDT,2024-01-29 02:15:00+00:00,0,1.1247551
1223224,SOLUSDT,2024-04-20 00:30:00+00:00,8,1.3229913
1190053,SOLUSDT,2023-05-10 11:45:00+00:00,1,1.2485482
1209913,SOLUSDT,2023-12-03 08:45:00+00:00,2,1.1627635
1245311,SOLUSDT,2024-12-06 02:15:00+00:00,0,1.3166327
1189817,SOLUSDT,2023-05-08 00:45:00+00:00,4,1.2383316
1229308,SOLUSDT,2024-06-22 09:30:00+00:00,8,1.2090014
1229402,SOLUSDT,2024-06-23 09:00:00+00:00,2,1.3125345
1189052,SOLUSDT,2023-04-30 01:30:00+00:00,7,1.2739354
1201803,SOLUSDT,2023-09-09 21:15:00+00:00,6,1.3327454
1213682,SOLUSDT,2024-01-11 15:00:00+00:00,9,1.2098266
1213364,SOLUSDT,2024-01-08 07:30:00+00:00,3,1.2309442
1236869,SOLUSDT,2024-09-09 03:45:00+00:00,5,1.1681147
1216456,SOLUSDT,2024-02-09 12:30:00+00:00,5,1.2047372
1237891,SOLUSDT,2024-09-19 19:15:00+00:00,9,1.2348888
1182232,SOLUSDT,2023-02-18 00:30:00+00:00,9,1.2355955
1220430,SOLUSDT,2024-03-21 22:00:00+00:00,3,1.1296248
1199089,SOLUSDT,2023-08-12 14:45:00+00:00,1,1.1702828
1193322,SOLUSDT,2023-06-13 13:00:00+00:00,4,1.2163261
1228041,SOLUSDT,2024-06-09 04:45:00+00:00,1,1.2580377
1246690,SOLUSDT,2024-12-20 11:00:00+00:00,7,1.2694052
1242644,SOLUSDT,2024-11-08 07:30:00+00:00,0,1.2742985
1204670,SOLUSDT,2023-10-09 18:00:00+00:00,5,1.2879722
1187710,SOLUSDT,2023-04-16 02:00:00+00:00,0,1.2853491
1218532,SOLUSDT,2024-03-02 03:30:00+00:00,1,1.1057857
1207558,SOLUSDT,2023-11-08 20:00:00+00:00,7,1.213186
1205646,SOLUSDT,2023-10-19 22:00:00+00:00,9,1.289349
1202387,SOLUSDT,2023-09-15 23:15:00+00:00,0,1.2357324
1226831,SOLUSDT,2024-05-27 14:15:00+00:00,0,1.2426664
1215070,SOLUSDT,2024-01-26 02:00:00+00:00,4,1.1841369
1198717,SOLUSDT,2023-08-08 17:45:00+00:00,0,1.2517421
1227586,SOLUSDT,2024-06-04 11:00:00+00:00,3,1.1744622
1181096,SOLUSDT,2023-02-06 04:30:00+00:00,8,1.2200894
1229390,SOLUSDT,2024-06-23 06:00:00+00:00,8,1.2729915
1236738,SOLUSDT,2024-09-07 19:00:00+00:00,9,1.2885655
1193552,SOLUSDT,2023-06-15 22:30:00+00:00,3,1.2453161
1240177,SOLUSDT,2024-10-13 14:45:00+00:00,4,1.1672939
1234527,SOLUSDT,2024-08-15 18:15:00+00:00,4,1.1877427
1185180,SOLUSDT,2023-03-20 17:30:00+00:00,4,1.2473927
1190224,SOLUSDT,2023-05-12 06:30:00+00:00,4,1.2221671
1229268,SOLUSDT,2024-06-21 23:30:00+00:00,6,1.2380742
1247128,SOLUSDT,2024-12-25 00:30:00+00:00,3,1.2178175
1196090,SOLUSDT,2023-07-12 09:00:00+00:00,1,1.1488034
1225025,SOLUSDT,2024-05-08 18:45:00+00:00,5,1.2273254
1226250,SOLUSDT,2024-05-21 13:00:00+00:00,4,1.2288078
1210125,SOLUSDT,2023-12-05 13:45:00+00:00,2,1.2333218
1203841,SOLUSDT,2023-10-01 02:45:00+00:00,8,1.1824031
1214795,SOLUSDT,2024-01-23 05:15:00+00:00,3,1.170216
1214257,SOLUSDT,2024-01-17 14:45:00+00:00,4,1.2373214
1239523,SOLUSDT,2024-10-06 19:15:00+00:00,9,1.235387
1198311,SOLUSDT,2023-08-04 12:15:00+00:00,9,1.2405295
1226939,SOLUSDT,2024-05-28 17:15:00+00:00,4,1.1908914
1178040,SOLUSDT,2023-01-05 08:30:00+00:00,8,1.2945343
1219930,SOLUSDT,2024-03-16 17:00:00+00:00,6,1.2834482
1219000,SOLUSDT,2024-03-07 00:30:00+00:00,2,1.2080964
1234202,SOLUSDT,2024-08-12 09:00:00+00:00,5,1.2009398
1185133,SOLUSDT,2023-03-20 05:45:00+00:00,9,1.308687
1217353,SOLUSDT,2024-02-18 20:45:00+00:00,8,1.2437043
1207673,SOLUSDT,2023-11-10 00:45:00+00:00,0,1.1975155
1234038,SOLUSDT,2024-08-10 16:00:00+00:00,6,1.2855291
1240315,SOLUSDT,2024-10-15 01:15:00+00:00,0,1.2486016
1207553,SOLUSDT,2023-11-08 18:45:00+00:00,3,1.1761472
1214815,SOLUSDT,2024-01-23 10:15:00+00:00,4,1.2338135
1214461,SOLUSDT,2024-01-19 17:45:00+00:00,3,1.3481995
1225324,SOLUSDT,2024-05-11 21:30:00+00:00,6,1.1832516
1226435,SOLUSDT,2024-05-23 11:15:00+00:00,4,1.0769255
1245359,SOLUSDT,2024-12-06 14:15:00+00:00,3,1.2442555
1181213,SOLUSDT,2023-02-07 09:45:00+00:00,0,1.2661977
1210255,SOLUSDT,2023-12-06 22:15:00+00:00,6,1.244953
1202366,SOLUSDT,2023-09-15 18:00:00+00:00,7,1.0747637
1225067,SOLUSDT,2024-05-09 05:15:00+00:00,9,1.2817926
1206814,SOLUSDT,2023-11-01 02:00:00+00:00,0,1.2457217
1182035,SOLUSDT,2023-02-15 23:15:00+00:00,0,1.1875854
1182030,SOLUSDT,2023-02-15 22:00:00+00:00,0,1.2788844
1195157,SOLUSDT,2023-07-02 15:45:00+00:00,0,1.2448517
1238474,SOLUSDT,2024-09-25 21:00:00+00:00,8,1.3294281
1215728,SOLUSDT,2024-02-01 22:30:00+00:00,2,1.2700024
1184372,SOLUSDT,2023-03-12 07:30:00+00:00,1,1.2022613
1194673,SOLUSDT,2023-06-27 14:45:00+00:00,5,1.2178422
1195965,SOLUSDT,2023-07-11 01:45:00+00:00,9,1.3430959
1189718,SOLUSDT,2023-05-07 00:00:00+00:00,2,1.1973505
1186398,SOLUSDT,2023-04-02 10:00:00+00:00,1,1.2033334
1200463,SOLUSDT,2023-08-26 22:15:00+00:00,6,1.0708685
1217097,SOLUSDT,2024-02-16 04:45:00+00:00,2,1.2605522
1212789,SOLUSDT,2024-01-02 07:45:00+00:00,0,1.2114377
1225125,SOLUSDT,2024-05-09 19:45:00+00:00,9,1.1795006
1230256,SOLUSDT,2024-07-02 06:30:00+00:00,2,1.1959344
1213124,SOLUSDT,2024-01-05 19:30:00+00:00,3,1.2014462
1235243,SOLUSDT,2024-08-23 05:15:00+00:00,9,1.2325462
1198492,SOLUSDT,2023-08-06 09:30:00+00:00,0,1.2964958
1185535,SOLUSDT,2023-03-24 10:15:00+00:00,4,1.2670294
1218667,SOLUSDT,2024-03-03 13:15:00+00:00,2,1.3300682
1237743,SOLUSDT,2024-09-18 06:15:00+00:00,2,1.1963732
1212799,SOLUSDT,2024-01-02 10:15:00+00:00,0,1.2661717
1212548,SOLUSDT,2023-12-30 19:30:00+00:00,6,1.141037
1180331,SOLUSDT,2023-01-29 05:15:00+00:00,8,1.254781
1239409,SOLUSDT,2024-10-05 14:45:00+00:00,8,1.3477086
1212614,SOLUSDT,2023-12-31 12:00:00+00:00,9,1.3455486
1235222,SOLUSDT,2024-08-23 00:00:00+00:00,1,1.1729175
1220006,SOLUSDT,2024-03-17 12:00:00+00:00,3,1.3178084
1213298,SOLUSDT,2024-01-07 15:00:00+00:00,0,1.2764693
1183664,SOLUSDT,2023-03-04 22:30:00+00:00,3,1.2704477
1229888,SOLUSDT,2024-06-28 10:30:00+00:00,1,1.2322046
1234256,SOLUSDT,2024-08-12 22:30:00+00:00,3,1.14273
1201393,SOLUSDT,2023-09-05 14:45:00+00:00,0,1.1796261
1196479,SOLUSDT,2023-07-16 10:15:00+00:00,0,1.1955042
1207143,SOLUSDT,2023-11-04 12:15:00+00:00,4,1.2596918
1192564,SOLUSDT,2023-06-05 15:30:00+00:00,4,1.2337565
1228185,SOLUSDT,2024-06-10 16:45:00+00:00,0,1.1239579
1223386,SOLUSDT,2024-04-21 17:00:00+00:00,7,1.1641024
1193693,SOLUSDT,2023-06-17 09:45:00+00:00,9,1.2902961
1231537,SOLUSDT,2024-07-15 14:45:00+00:00,5,1.2025535
1225784,SOLUSDT,2024-05-16 16:30:00+00:00,4,1.2217778
1242094,SOLUSDT,2024-11-02 14:00:00+00:00,4,1.1993197
1220191,SOLUSDT,2024-03-19 10:15:00+00:00,4,1.2506937
1219145,SOLUSDT,2024-03-08 12:45:00+00:00,0,1.1267055
1220524,SOLUSDT,2024-03-22 21:30:00+00:00,7,1.2033346
1245113,SOLUSDT,2024-12-04 00:45:00+00:00,0,1.2438024
1196919,SOLUSDT,2023-07-21 00:15:00+00:00,7,1.3266333
1219033,SOLUSDT,2024-03-07 08:45:00+00:00,9,1.2666674
1209199,SOLUSDT,2023-11-25 22:15:00+00:00,8,1.2358242
1197880,SOLUSDT,2023-07-31 00:30:00+00:00,3,1.1954656
1211765,SOLUSDT,2023-12-22 15:45:00+00:00,5,1.1433856
1221372,SOLUSDT,2024-03-31 17:30:00+00:00,6,1.1589998
1243243,SOLUSDT,2024-11-14 13:15:00+00:00,8,1.2776717
1240779,SOLUSDT,2024-10-19 21:15:00+00:00,0,1.2406399
1233969,SOLUSDT,2024-08-09 22:45:00+00:00,0,1.197008
1208973,SOLUSDT,2023-11-23 13:45:00+00:00,2,1.1466926
1215219,SOLUSDT,2024-01-27 15:15:00+00:00,1,1.2457952
1219240,SOLUSDT,2024-03-09 12:30:00+00:00,8,1.3404016
1209488,SOLUSDT,2023-11-28 22:30:00+00:00,9,1.292852
1188877,SOLUSDT,2023-04-28 05:45:00+00:00,9,1.1643289
1243007,SOLUSDT,2024-11-12 02:15:00+00:00,3,1.2402279
1213988,SOLUSDT,2024-01-14 19:30:00+00:00,8,1.1579487
1191473,SOLUSDT,2023-05-25 06:45:00+00:00,1,1.2917355
1200496,SOLUSDT,2023-08-27 06:30:00+00:00,1,1.2144606
1194031,SOLUSDT,2023-06-20 22:15:00+00:00,9,1.1446477
1222847,SOLUSDT,2024-04-16 02:15:00+00:00,2,1.2592865
1195169,SOLUSDT,2023-07-02 18:45:00+00:00,6,1.2242463
1225363,SOLUSDT,2024-05-12 07:15:00+00:00,5,1.1400713
1238932,SOLUSDT,2024-09-30 15:30:00+00:00,7,1.2665793
1211867,SOLUSDT,2023-12-23 17:15:00+00:00,0,1.1576978
1198825,SOLUSDT,2023-08-09 20:45:00+00:00,2,1.2415191
1231391,SOLUSDT,2024-07-14 02:15:00+00:00,0,1.1847291
1216887,SOLUSDT,2024-02-14 00:15:00+00:00,8,1.2200472
1225875,SOLUSDT,2024-05-17 15:15:00+00:00,5,1.1198286
1212363,SOLUSDT,2023-12-28 21:15:00+00:00,6,1.2015641
1241949,SOLUSDT,2024-11-01 01:45:00+00:00,4,1.1794654
1219198,SOLUSDT,2024-03-09 02:00:00+00:00,3,1.2486563
1199955,SOLUSDT,2023-08-21 15:15:00+00:00,7,1.2867855
1197821,SOLUSDT,2023-07-30 09:45:00+00:00,2,1.182527
1201388,SOLUSDT,2023-09-05 13:30:00+00:00,9,1.1978267
1245722,SOLUSDT,2024-12-10 09:00:00+00:00,2,1.2068026
1190375,SOLUSDT,2023-05-13 20:15:00+00:00,6,1.193329
1209255,SOLUSDT,2023-11-26 12:15:00+00:00,4,1.1756757
1180502,SOLUSDT,2023-01-31 00:00:00+00:00,3,1.1780388
1234953,SOLUSDT,2024-08-20 04:45:00+00:00,9,1.2933391
1224843,SOLUSDT,2024-05-06 21:15:00+00:00,0,1.139782
1185650,SOLUSDT,2023-03-25 15:00:00+00:00,7,1.2203697
1236879,SOLUSDT,2024-09-09 06:15:00+00:00,4,1.2696465
1247430,SOLUSDT,2024-12-28 04:00:00+00:00,1,1.2841738
1186170,SOLUSDT,2023-03-31 01:00:00+00:00,8,1.2713028
1186500,SOLUSDT,2023-04-03 11:30:00+00:00,9,1.2972094
1191889,SOLUSDT,2023-05-29 14:45:00+00:00,2,1.167022
1209897,SOLUSDT,2023-12-03 04:45:00+00:00,8,1.1970882
1193435,SOLUSDT,2023-06-14 17:15:00+00:00,3,1.2216495
1183221,SOLUSDT,2023-02-28 07:45:00+00:00,2,1.1811945
1204975,SOLUSDT,2023-10-12 22:15:00+00:00,6,1.296741
1208165,SOLUSDT,2023-11-15 03:45:00+00:00,8,1.1971703
1183739,SOLUSDT,2023-03-05 17:15:00+00:00,6,1.2119526
1183502,SOLUSDT,2023-03-03 06:00:00+00:00,3,1.263736
1190606,SOLUSDT,2023-05-16 06:00:00+00:00,3,1.1647267
1215348,SOLUSDT,2024-01-28 23:30:00+00:00,3,1.333647
1211815,SOLUSDT,2023-12-23 04:15:00+00:00,4,1.2369795
1217594,SOLUSDT,2024-02-21 09:00:00+00:00,2,1.0932254
1220867,SOLUSDT,2024-03-26 11:15:00+00:00,2,1.2200296
1189650,SOLUSDT,2023-05-06 07:00:00+00:00,1,1.286183
1236176,SOLUSDT,2024-09-01 22:30:00+00:00,4,1.1348662
1239396,SOLUSDT,2024-10-05 11:30:00+00:00,2,1.2654384
1180988,SOLUSDT,2023-02-05 01:30:00+00:00,4,1.1779991
1216535,SOLUSDT,2024-02-10 08:15:00+00:00,8,1.2441995
1181738,SOLUSDT,2023-02-12 21:00:00+00:00,9,1.2474433
1219830,SOLUSDT,2024-03-15 16:00:00+00:00,0,1.1936221
1184652,SOLUSDT,2023-03-15 05:30:00+00:00,1,1.2252035
1218783,SOLUSDT,2024-03-04 18:15:00+00:00,7,1.1119606
1199229,SOLUSDT,2023-08-14 01:45:00+00:00,3,1.2589405
1234300,SOLUSDT,2024-08-13 09:30:00+00:00,2,1.2116764
1246200,SOLUSDT,2024-12-15 08:30:00+00:00,4,1.1217163
1242475,SOLUSDT,2024-11-06 13:15:00+00:00,3,1.3287568
1205570,SOLUSDT,2023-10-19 03:00:00+00:00,8,1.1755569
1209707,SOLUSDT,2023-12-01 05:15:00+00:00,3,1.3730476
1202669,SOLUSDT,2023-09-18 21:45:00+00:00,3,1.2940274
1246930,SOLUSDT,2024-12-22 23:00:00+00:00,5,1.3478165
1184917,SOLUSDT,2023-03-17 23:45:00+00:00,0,1.2257916
1200161,SOLUSDT,2023-08-23 18:45:00+00:00,9,1.2676315
1194665,SOLUSDT,2023-06-27 12:45:00+00:00,0,1.2513717
1241199,SOLUSDT,2024-10-24 06:15:00+00:00,9,1.1932509
1186991,SOLUSDT,2023-04-08 14:15:00+00:00,4,1.2225392
1243757,SOLUSDT,2024-11-19 21:45:00+00:00,4,1.2556988
1196232,SOLUSDT,2023-07-13 20:30:00+00:00,9,1.1613921
1226474,SOLUSDT,2024-05-23 21:00:00+00:00,5,1.2950852
1201236,SOLUSDT,2023-09-03 23:30:00+00:00,1,1.2666222
1198536,SOLUSDT,2023-08-06 20:30:00+00:00,6,1.255975
1219310,SOLUSDT,2024-03-10 06:00:00+00:00,9,1.1893438
1225684,SOLUSDT,2024-05-15 15:30:00+00:00,0,1.1352991
1242338,SOLUSDT,2024-11-05 03:00:00+00:00,3,1.2292922
1189462,SOLUSDT,2023-05-04 08:00:00+00:00,2,1.2418785
1185951,SOLUSDT,2023-03-28 18:15:00+00:00,8,1.3048613
1246581,SOLUSDT,2024-12-19 07:45:00+00:00,1,1.3903776
1226613,SOLUSDT,2024-05-25 07:45:00+00:00,1,1.2026854
1218441,SOLUSDT,2024-03-01 04:45:00+00:00,0,1.2879366
1229563,SOLUSDT,2024-06-25 01:15:00+00:00,9,1.3387674
1239378,SOLUSDT,2024-10-05 07:00:00+00:00,3,1.1701787
1184919,SOLUSDT,2023-03-18 00:15:00+00:00,0,1.263152
1218625,SOLUSDT,2024-03-03 02:45:00+00:00,4,1.3068013
1189993,SOLUSDT,2023-05-09 20:45:00+00:00,7,1.1687407
1214580,SOLUSDT,2024-01-20 23:30:00+00:00,6,1.1681031
1232102,SOLUSDT,2024-07-21 12:00:00+00:00,1,1.1853358
1244749,SOLUSDT,2024-11-30 05:45:00+00:00,1,1.348491
1177914,SOLUSDT,2023-01-04 01:00:00+00:00,0,1.1608275
1233559,SOLUSDT,2024-08-05 16:15:00+00:00,3,1.253263
1178513,SOLUSDT,2023-01-10 06:45:00+00:00,3,1.2420635
1224575,SOLUSDT,2024-05-04 02:15:00+00:00,4,1.1852945
1196150,SOLUSDT,2023-07-13 00:00:00+00:00,3,1.3095882
1208060,SOLUSDT,2023-11-14 01:30:00+00:00,3,1.1005166
1225521,SOLUSDT,2024-05-13 22:45:00+00:00,8,1.3572465
1201854,SOLUSDT,2023-09-10 10:00:00+00:00,7,1.229461
1375162,TRXUSDT,2024-11-25 17:15:00+00:00,7,1.0574082
1329026,TRXUSDT,2023-08-03 03:15:00+00:00,7,1.3470292
1335058,TRXUSDT,2023-10-04 23:15:00+00:00,9,1.2905387
1375620,TRXUSDT,2024-11-30 11:45:00+00:00,4,1.2611113
1345308,TRXUSDT,2024-01-19 17:45:00+00:00,5,1.3884909
1337504,TRXUSDT,2023-10-30 10:45:00+00:00,0,1.3043281
1329776,TRXUSDT,2023-08-10 22:45:00+00:00,9,1.2303029
1369444,TRXUSDT,2024-09-27 03:45:00+00:00,0,1.1334265
1308899,TRXUSDT,2023-01-05 11:30:00+00:00,9,1.265207
1334049,TRXUSDT,2023-09-24 11:00:00+00:00,0,1.2893903
1377962,TRXUSDT,2024-12-24 21:15:00+00:00,8,1.3560734
1329610,TRXUSDT,2023-08-09 05:15:00+00:00,7,1.220298
1314627,TRXUSDT,2023-03-06 03:30:00+00:00,3,1.2649467
1370767,TRXUSDT,2024-10-10 22:30:00+00:00,7,1.2042878
1373684,TRXUSDT,2024-11-10 07:45:00+00:00,0,1.160891
1349227,TRXUSDT,2024-02-29 13:30:00+00:00,4,1.2859402
1368566,TRXUSDT,2024-09-18 00:15:00+00:00,7,1.3479958
1351976,TRXUSDT,2024-03-29 04:45:00+00:00,0,1.2601186
1315808,TRXUSDT,2023-03-18 10:45:00+00:00,1,1.2825935
1322059,TRXUSDT,2023-05-22 13:30:00+00:00,9,1.2644434
1311571,TRXUSDT,2023-02-02 07:30:00+00:00,1,1.2470387
1362251,TRXUSDT,2024-07-14 05:30:00+00:00,4,1.2421749
1350243,TRXUSDT,2024-03-11 03:30:00+00:00,5,1.2129352
1368925,TRXUSDT,2024-09-21 18:00:00+00:00,9,1.216458
1336145,TRXUSDT,2023-10-16 07:00:00+00:00,9,1.3469723
1326216,TRXUSDT,2023-07-04 20:45:00+00:00,7,1.3278624
1366243,TRXUSDT,2024-08-24 19:30:00+00:00,6,1.2073361
1325505,TRXUSDT,2023-06-27 11:00:00+00:00,0,1.2108173
1363778,TRXUSDT,2024-07-30 03:15:00+00:00,7,1.2897938
1374005,TRXUSDT,2024-11-13 16:00:00+00:00,0,1.3137228
1335151,TRXUSDT,2023-10-05 22:30:00+00:00,3,1.2584589
1339253,TRXUSDT,2023-11-17 16:00:00+00:00,4,1.2051798
1357457,TRXUSDT,2024-05-25 07:00:00+00:00,8,1.2820628
1324316,TRXUSDT,2023-06-15 01:45:00+00:00,3,1.3366593
1314362,TRXUSDT,2023-03-03 09:15:00+00:00,2,1.2752181
1318282,TRXUSDT,2023-04-13 05:15:00+00:00,1,1.2189289
1311804,TRXUSDT,2023-02-04 17:45:00+00:00,5,1.2164505
1366876,TRXUSDT,2024-08-31 09:45:00+00:00,8,1.3235236
1375639,TRXUSDT,2024-11-30 16:30:00+00:00,5,1.1852707
1354902,TRXUSDT,2024-04-28 16:15:00+00:00,8,1.2647179
1335891,TRXUSDT,2023-10-13 15:30:00+00:00,4,1.328459
1349902,TRXUSDT,2024-03-07 14:15:00+00:00,4,1.2587947
1352837,TRXUSDT,2024-04-07 04:00:00+00:00,3,1.2640634
1371913,TRXUSDT,2024-10-22 21:00:00+00:00,3,1.3697525
1375184,TRXUSDT,2024-11-25 22:45:00+00:00,7,1.2125214
1328803,TRXUSDT,2023-07-31 19:30:00+00:00,3,1.2065634
1340355,TRXUSDT,2023-11-29 03:30:00+00:00,2,1.257021
1356475,TRXUSDT,2024-05-15 01:30:00+00:00,8,1.370188
1370428,TRXUSDT,2024-10-07 09:45:00+00:00,5,1.3058511
1332982,TRXUSDT,2023-09-13 08:15:00+00:00,2,1.2823384
1353856,TRXUSDT,2024-04-17 18:45:00+00:00,3,1.3569568
1309268,TRXUSDT,2023-01-09 07:45:00+00:00,8,1.2815595
1374696,TRXUSDT,2024-11-20 20:45:00+00:00,3,1.1665771
1343726,TRXUSDT,2024-01-03 06:15:00+00:00,2,1.1756492
1333228,TRXUSDT,2023-09-15 21:45:00+00:00,8,1.2199312
1360521,TRXUSDT,2024-06-26 05:00:00+00:00,9,1.2805364
1347866,TRXUSDT,2024-02-15 09:15:00+00:00,0,1.1980791
1346596,TRXUSDT,2024-02-02 03:45:00+00:00,0,1.0773784
1315850,TRXUSDT,2023-03-18 21:15:00+00:00,3,1.2058364
1338141,TRXUSDT,2023-11-06 02:00:00+00:00,3,1.2131456
1327100,TRXUSDT,2023-07-14 01:45:00+00:00,0,1.3327161
1316913,TRXUSDT,2023-03-29 23:00:00+00:00,6,1.339693
1345050,TRXUSDT,2024-01-17 01:15:00+00:00,1,1.2107414
1367584,TRXUSDT,2024-09-07 18:45:00+00:00,5,1.2214972
1338161,TRXUSDT,2023-11-06 07:00:00+00:00,4,1.3269845
1354139,TRXUSDT,2024-04-20 17:30:00+00:00,0,1.2268966
1348827,TRXUSDT,2024-02-25 09:30:00+00:00,7,1.2381011
1323470,TRXUSDT,2023-06-06 06:15:00+00:00,2,1.1605164
1367742,TRXUSDT,2024-09-09 10:15:00+00:00,1,1.2542922
1353781,TRXUSDT,2024-04-17 00:00:00+00:00,1,1.5226892
1338132,TRXUSDT,2023-11-05 23:45:00+00:00,5,1.1623214
1362941,TRXUSDT,2024-07-21 10:00:00+00:00,3,1.3016092
1316809,TRXUSDT,2023-03-28 21:00:00+00:00,6,1.3000675
1346817,TRXUSDT,2024-02-04 11:00:00+00:00,0,1.1336234
1349901,TRXUSDT,2024-03-07 14:00:00+00:00,2,1.279037
1339140,TRXUSDT,2023-11-16 11:45:00+00:00,5,1.2550335
1364653,TRXUSDT,2024-08-08 06:00:00+00:00,9,1.1688719
1345897,TRXUSDT,2024-01-25 21:00:00+00:00,3,1.2105619
1363398,TRXUSDT,2024-07-26 04:15:00+00:00,9,1.1894783
1324406,TRXUSDT,2023-06-16 00:15:00+00:00,8,1.259748
1357223,TRXUSDT,2024-05-22 20:30:00+00:00,3,1.2694306
1318785,TRXUSDT,2023-04-18 11:00:00+00:00,0,1.3163642
1366819,TRXUSDT,2024-08-30 19:30:00+00:00,7,1.2560103
1350269,TRXUSDT,2024-03-11 10:00:00+00:00,0,1.138409
1342154,TRXUSDT,2023-12-17 21:15:00+00:00,8,1.246263
1314958,TRXUSDT,2023-03-09 14:15:00+00:00,0,1.1345422
1351459,TRXUSDT,2024-03-23 19:30:00+00:00,6,1.1729362
1355307,TRXUSDT,2024-05-02 21:30:00+00:00,1,1.3490618
1331118,TRXUSDT,2023-08-24 22:15:00+00:00,3,1.2966908
1325843,TRXUSDT,2023-06-30 23:30:00+00:00,6,1.2783047
1360104,TRXUSDT,2024-06-21 20:45:00+00:00,6,1.2554775
1310587,TRXUSDT,2023-01-23 01:30:00+00:00,3,1.2525293
1363595,TRXUSDT,2024-07-28 05:30:00+00:00,4,1.1795832
1343879,TRXUSDT,2024-01-04 20:30:00+00:00,6,1.2439455
1320045,TRXUSDT,2023-05-01 14:00:00+00:00,5,1.2085265
1357076,TRXUSDT,2024-05-21 07:45:00+00:00,3,1.2479969
1325222,TRXUSDT,2023-06-24 12:15:00+00:00,1,1.2272162
1364801,TRXUSDT,2024-08-09 19:00:00+00:00,6,1.3472077
1333715,TRXUSDT,2023-09-20 23:30:00+00:00,3,1.1897289
1358199,TRXUSDT,2024-06-02 00:30:00+00:00,4,1.2950598
1365794,TRXUSDT,2024-08-20 03:15:00+00:00,9,1.2045491
1335040,TRXUSDT,2023-10-04 18:45:00+00:00,3,1.2306489
1349428,TRXUSDT,2024-03-02 15:45:00+00:00,5,1.1471729
1345652,TRXUSDT,2024-01-23 07:45:00+00:00,2,1.2486515
1314417,TRXUSDT,2023-03-03 23:00:00+00:00,1,1.2794439
1316195,TRXUSDT,2023-03-22 11:30:00+00:00,2,1.27391
1377571,TRXUSDT,2024-12-20 19:30:00+00:00,1,1.4127443
1359604,TRXUSDT,2024-06-16 15:45:00+00:00,5,1.180493
1314867,TRXUSDT,2023-03-08 15:30:00+00:00,5,1.183227
1369020,TRXUSDT,2024-09-22 17:45:00+00:00,5,1.2978729
1314175,TRXUSDT,2023-03-01 10:30:00+00:00,9,1.2681216
1358670,TRXUSDT,2024-06-06 22:15:00+00:00,2,1.2528287
1318184,TRXUSDT,2023-04-12 04:45:00+00:00,3,1.3453506
1319512,TRXUSDT,2023-04-26 00:45:00+00:00,8,1.2991658
1370510,TRXUSDT,2024-10-08 06:15:00+00:00,4,1.2653433
1309317,TRXUSDT,2023-01-09 20:00:00+00:00,2,1.2635294
1338346,TRXUSDT,2023-11-08 05:15:00+00:00,3,1.2999136
1350541,TRXUSDT,2024-03-14 06:00:00+00:00,4,1.0998335
1333514,TRXUSDT,2023-09-18 21:15:00+00:00,3,1.2072053
1326923,TRXUSDT,2023-07-12 05:30:00+00:00,3,1.2279776
1313236,TRXUSDT,2023-02-19 15:45:00+00:00,5,1.1580887
1374761,TRXUSDT,2024-11-21 13:00:00+00:00,0,1.2598788
1318103,TRXUSDT,2023-04-11 08:30:00+00:00,4,1.3705418
1375634,TRXUSDT,2024-11-30 15:15:00+00:00,7,1.3181994
1360147,TRXUSDT,2024-06-22 07:30:00+00:00,1,1.2841896
1356482,TRXUSDT,2024-05-15 03:15:00+00:00,1,1.2750018
1372836,TRXUSDT,2024-11-01 11:45:00+00:00,3,1.228288
1338096,TRXUSDT,2023-11-05 14:45:00+00:00,4,1.1524881
1361665,TRXUSDT,2024-07-08 03:00:00+00:00,3,1.3389318
1376369,TRXUSDT,2024-12-08 07:00:00+00:00,8,1.1969465
1373003,TRXUSDT,2024-11-03 05:30:00+00:00,7,1.2489684
1345192,TRXUSDT,2024-01-18 12:45:00+00:00,4,1.0780965
1345862,TRXUSDT,2024-01-25 12:15:00+00:00,0,1.1608398
1357750,TRXUSDT,2024-05-28 08:15:00+00:00,7,1.3417908
1341411,TRXUSDT,2023-12-10 03:30:00+00:00,1,1.2867229
1369778,TRXUSDT,2024-09-30 15:15:00+00:00,0,1.3401412
1334302,TRXUSDT,2023-09-27 02:15:00+00:00,0,1.1735271
1372371,TRXUSDT,2024-10-27 15:30:00+00:00,5,1.2535015
1373607,TRXUSDT,2024-11-09 12:30:00+00:00,2,1.2858454
1342320,TRXUSDT,2023-12-19 14:45:00+00:00,4,1.1387118
1320230,TRXUSDT,2023-05-03 12:15:00+00:00,4,1.1246172
1368343,TRXUSDT,2024-09-15 16:30:00+00:00,0,1.2350448
1359065,TRXUSDT,2024-06-11 01:00:00+00:00,0,1.192492
1347843,TRXUSDT,2024-02-15 03:30:00+00:00,0,1.3374265
1359918,TRXUSDT,2024-06-19 22:15:00+00:00,8,1.3465075
1371834,TRXUSDT,2024-10-22 01:15:00+00:00,4,1.21723
1371895,TRXUSDT,2024-10-22 16:30:00+00:00,0,1.3118918
1360129,TRXUSDT,2024-06-22 03:00:00+00:00,8,1.2390273
1378499,TRXUSDT,2024-12-30 11:30:00+00:00,7,1.1260177
1321723,TRXUSDT,2023-05-19 01:30:00+00:00,8,1.170128
1317811,TRXUSDT,2023-04-08 07:30:00+00:00,9,1.246348
1371647,TRXUSDT,2024-10-20 02:30:00+00:00,4,1.3471924
1332236,TRXUSDT,2023-09-05 13:45:00+00:00,5,1.1731321
1336953,TRXUSDT,2023-10-24 17:00:00+00:00,4,1.272914
1347805,TRXUSDT,2024-02-14 18:00:00+00:00,4,1.2070993
1334024,TRXUSDT,2023-09-24 04:45:00+00:00,3,1.2487003
1333670,TRXUSDT,2023-09-20 12:15:00+00:00,1,1.3241384
1370776,TRXUSDT,2024-10-11 00:45:00+00:00,7,1.2513932
1372425,TRXUSDT,2024-10-28 05:00:00+00:00,7,1.3137686
1366961,TRXUSDT,2024-09-01 07:00:00+00:00,3,1.2795044
1365248,TRXUSDT,2024-08-14 10:45:00+00:00,0,1.4052486
1346893,TRXUSDT,2024-02-05 06:00:00+00:00,0,1.2190516
1364246,TRXUSDT,2024-08-04 00:15:00+00:00,6,1.2425327
1312888,TRXUSDT,2023-02-16 00:45:00+00:00,8,1.3388314
1375553,TRXUSDT,2024-11-29 19:00:00+00:00,8,1.2894984
1363301,TRXUSDT,2024-07-25 04:00:00+00:00,5,1.2585405
1328653,TRXUSDT,2023-07-30 06:00:00+00:00,8,1.312734
1363246,TRXUSDT,2024-07-24 14:15:00+00:00,3,1.317818
1318397,TRXUSDT,2023-04-14 10:00:00+00:00,1,1.1497842
1358083,TRXUSDT,2024-05-31 19:30:00+00:00,6,1.1966485
1329839,TRXUSDT,2023-08-11 14:30:00+00:00,3,1.2435642
1321069,TRXUSDT,2023-05-12 06:00:00+00:00,7,1.3276395
1342020,TRXUSDT,2023-12-16 11:45:00+00:00,9,1.2367871
1316463,TRXUSDT,2023-03-25 06:30:00+00:00,8,1.2716049
1342661,TRXUSDT,2023-12-23 04:00:00+00:00,8,1.131759
1358251,TRXUSDT,2024-06-02 13:30:00+00:00,0,1.2097641
1361277,TRXUSDT,2024-07-04 02:00:00+00:00,4,1.3266064
1328489,TRXUSDT,2023-07-28 13:00:00+00:00,0,1.2216043
1353771,TRXUSDT,2024-04-16 21:30:00+00:00,9,1.3013309
1314763,TRXUSDT,2023-03-07 13:30:00+00:00,3,1.1876467
1342448,TRXUSDT,2023-12-20 22:45:00+00:00,4,1.2012564
1378048,TRXUSDT,2024-12-25 18:45:00+00:00,5,1.3240093
1361549,TRXUSDT,2024-07-06 22:00:00+00:00,8,1.300058
1332671,TRXUSDT,2023-09-10 02:30:00+00:00,4,1.2484735
1355956,TRXUSDT,2024-05-09 15:45:00+00:00,9,1.1931624
1359509,TRXUSDT,2024-06-15 16:00:00+00:00,2,1.3401469
1316004,TRXUSDT,2023-03-20 11:45:00+00:00,9,1.2401655
1352909,TRXUSDT,2024-04-07 22:00:00+00:00,7,1.1649736
1325839,TRXUSDT,2023-06-30 22:30:00+00:00,1,1.2681924
1363402,TRXUSDT,2024-07-26 05:15:00+00:00,1,1.2361794
1343836,TRXUSDT,2024-01-04 09:45:00+00:00,2,1.1689498
1358079,TRXUSDT,2024-05-31 18:30:00+00:00,6,1.221633
1365359,TRXUSDT,2024-08-15 14:30:00+00:00,4,1.1662152
1336766,TRXUSDT,2023-10-22 18:15:00+00:00,7,1.2685636
1375203,TRXUSDT,2024-11-26 03:30:00+00:00,3,1.2065347
1324227,TRXUSDT,2023-06-14 03:30:00+00:00,1,1.1686778
1365320,TRXUSDT,2024-08-15 04:45:00+00:00,9,1.2659051
1374646,TRXUSDT,2024-11-20 08:15:00+00:00,3,1.2326375
1345142,TRXUSDT,2024-01-18 00:15:00+00:00,1,1.2456563
1330954,TRXUSDT,2023-08-23 05:15:00+00:00,0,1.2811949
1354171,TRXUSDT,2024-04-21 01:30:00+00:00,0,1.2309371
1340304,TRXUSDT,2023-11-28 14:45:00+00:00,0,1.3109931
1313404,TRXUSDT,2023-02-21 09:45:00+00:00,4,1.2465771
1365910,TRXUSDT,2024-08-21 08:15:00+00:00,0,1.200104
1371178,TRXUSDT,2024-10-15 05:15:00+00:00,7,1.3968966
1355466,TRXUSDT,2024-05-04 13:15:00+00:00,9,1.2782662
1319204,TRXUSDT,2023-04-22 19:45:00+00:00,3,1.2025758
1349556,TRXUSDT,2024-03-03 23:45:00+00:00,2,1.3499899
1352636,TRXUSDT,2024-04-05 01:45:00+00:00,6,1.2483008
1378457,TRXUSDT,2024-12-30 01:00:00+00:00,3,1.294934
1343016,TRXUSDT,2023-12-26 20:45:00+00:00,3,1.3819529
1333573,TRXUSDT,2023-09-19 12:00:00+00:00,2,1.2003409
1308795,TRXUSDT,2023-01-04 09:30:00+00:00,4,1.1554447
1318418,TRXUSDT,2023-04-14 15:15:00+00:00,4,1.0953081
1356591,TRXUSDT,2024-05-16 06:30:00+00:00,4,1.2518641
1365347,TRXUSDT,2024-08-15 11:30:00+00:00,5,1.3260423
1358350,TRXUSDT,2024-06-03 14:15:00+00:00,2,1.166456
1373815,TRXUSDT,2024-11-11 16:30:00+00:00,0,1.1089277
1376535,TRXUSDT,2024-12-10 00:30:00+00:00,3,1.3626682
1326829,TRXUSDT,2023-07-11 06:00:00+00:00,3,1.2131058
1329820,TRXUSDT,2023-08-11 09:45:00+00:00,8,1.1195655
1355242,TRXUSDT,2024-05-02 05:15:00+00:00,0,1.0654957
1367979,TRXUSDT,2024-09-11 21:30:00+00:00,4,1.3533787
1332633,TRXUSDT,2023-09-09 17:00:00+00:00,0,1.1553338
1314724,TRXUSDT,2023-03-07 03:45:00+00:00,4,1.1757667
1338416,TRXUSDT,2023-11-08 22:45:00+00:00,8,1.276521
1349532,TRXUSDT,2024-03-03 17:45:00+00:00,6,1.2230943
1311001,TRXUSDT,2023-01-27 09:00:00+00:00,0,1.1336917
1308609,TRXUSDT,2023-01-02 11:00:00+00:00,0,1.2277753
1319616,TRXUSDT,2023-04-27 02:45:00+00:00,8,1.2674711
1329889,TRXUSDT,2023-08-12 03:00:00+00:00,1,1.3795084
1321775,TRXUSDT,2023-05-19 14:30:00+00:00,0,1.1993257
1368480,TRXUSDT,2024-09-17 02:45:00+00:00,1,1.2576009
1361025,TRXUSDT,2024-07-01 11:00:00+00:00,0,1.3131391
1356712,TRXUSDT,2024-05-17 12:45:00+00:00,0,1.2682515
1315107,TRXUSDT,2023-03-11 03:30:00+00:00,8,1.1836964
1326119,TRXUSDT,2023-07-03 20:30:00+00:00,6,1.2532349
1371125,TRXUSDT,2024-10-14 16:00:00+00:00,7,1.293744
1376483,TRXUSDT,2024-12-09 11:30:00+00:00,7,1.1849668
1319350,TRXUSDT,2023-04-24 08:15:00+00:00,3,1.1727164
1330866,TRXUSDT,2023-08-22 07:15:00+00:00,2,1.2907748
1356415,TRXUSDT,2024-05-14 10:30:00+00:00,7,1.2446301
1319429,TRXUSDT,2023-04-25 04:00:00+00:00,4,1.2702777
1315938,TRXUSDT,2023-03-19 19:15:00+00:00,0,1.1733525
1352586,TRXUSDT,2024-04-04 13:15:00+00:00,0,1.0865854
1337740,TRXUSDT,2023-11-01 21:45:00+00:00,0,1.178664
1348516,TRXUSDT,2024-02-22 03:45:00+00:00,8,1.145139
1335946,TRXUSDT,2023-10-14 05:15:00+00:00,2,1.2239275
1360810,TRXUSDT,2024-06-29 05:15:00+00:00,0,1.2316079
1338475,TRXUSDT,2023-11-09 13:30:00+00:00,2,1.1867385
1354443,TRXUSDT,2024-04-23 21:30:00+00:00,9,1.3811364
1310735,TRXUSDT,2023-01-24 14:30:00+00:00,4,1.262471
1376580,TRXUSDT,2024-12-10 11:45:00+00:00,2,1.39652
1366334,TRXUSDT,2024-08-25 18:15:00+00:00,8,1.3143771
1342037,TRXUSDT,2023-12-16 16:00:00+00:00,8,1.2761514
1338565,TRXUSDT,2023-11-10 12:00:00+00:00,0,1.1679119
1353772,TRXUSDT,2024-04-16 21:45:00+00:00,9,1.3069361
1353992,TRXUSDT,2024-04-19 04:45:00+00:00,5,1.5266732
1363857,TRXUSDT,2024-07-30 23:00:00+00:00,3,1.4528573
1310182,TRXUSDT,2023-01-18 20:15:00+00:00,3,1.2865808
1314765,TRXUSDT,2023-03-07 14:00:00+00:00,7,1.2374061
1362085,TRXUSDT,2024-07-12 12:00:00+00:00,0,1.1582668
1354383,TRXUSDT,2024-04-23 06:30:00+00:00,0,1.2358153
1349059,TRXUSDT,2024-02-27 19:30:00+00:00,5,1.2792376
1322710,TRXUSDT,2023-05-29 08:15:00+00:00,4,1.1803916
1312385,TRXUSDT,2023-02-10 19:00:00+00:00,6,1.2893187
1343525,TRXUSDT,2024-01-01 04:00:00+00:00,7,1.2513069
1376007,TRXUSDT,2024-12-04 12:30:00+00:00,2,1.2631028
1366261,TRXUSDT,2024-08-25 00:00:00+00:00,8,1.2837899
1317497,TRXUSDT,2023-04-05 01:00:00+00:00,0,1.2492166
1344305,TRXUSDT,2024-01-09 07:00:00+00:00,1,1.3451712
1351385,TRXUSDT,2024-03-23 01:00:00+00:00,3,1.3154222
1374533,TRXUSDT,2024-11-19 04:00:00+00:00,0,1.3076317
1351471,TRXUSDT,2024-03-23 22:30:00+00:00,1,1.2637417
1328269,TRXUSDT,2023-07-26 06:00:00+00:00,2,1.1792996
1371502,TRXUSDT,2024-10-18 14:15:00+00:00,7,1.2590232
1365342,TRXUSDT,2024-08-15 10:15:00+00:00,8,1.2255402
1311242,TRXUSDT,2023-01-29 21:15:00+00:00,3,1.2848972
1366372,TRXUSDT,2024-08-26 03:45:00+00:00,8,1.2559655
1362142,TRXUSDT,2024-07-13 02:15:00+00:00,0,1.2692082
1369473,TRXUSDT,2024-09-27 11:00:00+00:00,0,1.2711906
1361295,TRXUSDT,2024-07-04 06:30:00+00:00,3,1.5291717
1348838,TRXUSDT,2024-02-25 12:15:00+00:00,4,1.2621976
1332467,TRXUSDT,2023-09-07 23:30:00+00:00,6,1.2471546
1342922,TRXUSDT,2023-12-25 21:15:00+00:00,7,1.1364117
1374681,TRXUSDT,2024-11-20 17:00:00+00:00,7,1.1215209
1369623,TRXUSDT,2024-09-29 00:30:00+00:00,1,1.3204415
1318032,TRXUSDT,2023-04-10 14:45:00+00:00,4,1.1379262
1325895,TRXUSDT,2023-07-01 12:30:00+00:00,9,1.3041626
1352199,TRXUSDT,2024-03-31 12:30:00+00:00,5,1.1907477
1320354,TRXUSDT,2023-05-04 19:15:00+00:00,6,1.2471443
1374242,TRXUSDT,2024-11-16 03:15:00+00:00,1,1.3212466
1335347,TRXUSDT,2023-10-07 23:30:00+00:00,3,1.3056102
1309694,TRXUSDT,2023-01-13 18:15:00+00:00,0,1.3192122
1362325,TRXUSDT,2024-07-15 00:00:00+00:00,6,1.2748104
1317263,TRXUSDT,2023-04-02 14:30:00+00:00,5,1.205196
1358880,TRXUSDT,2024-06-09 02:45:00+00:00,4,1.2075005
1324203,TRXUSDT,2023-06-13 21:30:00+00:00,2,1.1768473
1309410,TRXUSDT,2023-01-10 19:15:00+00:00,0,1.1900209
1377938,TRXUSDT,2024-12-24 15:15:00+00:00,0,1.1761466
1351135,TRXUSDT,2024-03-20 10:30:00+00:00,1,1.2000096
1332257,TRXUSDT,2023-09-05 19:00:00+00:00,6,1.2857246
1372340,TRXUSDT,2024-10-27 07:45:00+00:00,9,1.2635797
1335789,TRXUSDT,2023-10-12 14:00:00+00:00,7,1.2225925
1370216,TRXUSDT,2024-10-05 04:45:00+00:00,4,1.2574843
1357287,TRXUSDT,2024-05-23 12:30:00+00:00,4,1.3646675
1368010,TRXUSDT,2024-09-12 05:15:00+00:00,9,1.3327101
1358245,TRXUSDT,2024-06-02 12:00:00+00:00,0,1.1237799
1374115,TRXUSDT,2024-11-14 19:30:00+00:00,3,1.2972561
1355266,TRXUSDT,2024-05-02 11:15:00+00:00,9,1.3226802
1340873,TRXUSDT,2023-12-04 13:00:00+00:00,8,1.3004194
1351218,TRXUSDT,2024-03-21 07:15:00+00:00,2,1.1984816
1328833,TRXUSDT,2023-08-01 03:00:00+00:00,4,1.1654123
1362101,TRXUSDT,2024-07-12 16:00:00+00:00,9,1.1677574
1375957,TRXUSDT,2024-12-04 00:00:00+00:00,0,1.2174171
1360905,TRXUSDT,2024-06-30 05:00:00+00:00,7,1.1731735
1309582,TRXUSDT,2023-01-12 14:15:00+00:00,0,1.2315177
1327790,TRXUSDT,2023-07-21 06:15:00+00:00,8,1.2285477
1368648,TRXUSDT,2024-09-18 20:45:00+00:00,8,1.2341155
1317696,TRXUSDT,2023-04-07 02:45:00+00:00,2,1.2123058
1335380,TRXUSDT,2023-10-08 07:45:00+00:00,4,1.2283092
1373603,TRXUSDT,2024-11-09 11:30:00+00:00,0,1.2597637
1354861,TRXUSDT,2024-04-28 06:00:00+00:00,1,1.2730306
1353591,TRXUSDT,2024-04-15 00:30:00+00:00,0,1.3581538
1345019,TRXUSDT,2024-01-16 17:30:00+00:00,3,1.4013106
1318742,TRXUSDT,2023-04-18 00:15:00+00:00,1,1.210002
1364079,TRXUSDT,2024-08-02 06:30:00+00:00,3,1.2329494
1363090,TRXUSDT,2024-07-22 23:15:00+00:00,7,1.1734957
1353078,TRXUSDT,2024-04-09 16:15:00+00:00,4,1.4075907
1319816,TRXUSDT,2023-04-29 04:45:00+00:00,0,1.1497381
1362861,TRXUSDT,2024-07-20 14:00:00+00:00,3,1.3655624
1312584,TRXUSDT,2023-02-12 20:45:00+00:00,8,1.0886378
1355869,TRXUSDT,2024-05-08 18:00:00+00:00,3,1.288674
1335341,TRXUSDT,2023-10-07 22:00:00+00:00,0,1.1295451
1333574,TRXUSDT,2023-09-19 12:15:00+00:00,2,1.1609337
1342359,TRXUSDT,2023-12-20 00:30:00+00:00,1,1.2649015
1376579,TRXUSDT,2024-12-10 11:30:00+00:00,1,1.4541758
1365158,TRXUSDT,2024-08-13 12:15:00+00:00,0,1.3827484
1347148,TRXUSDT,2024-02-07 21:45:00+00:00,8,1.2692792
1313179,TRXUSDT,2023-02-19 01:30:00+00:00,8,1.2635908
1370507,TRXUSDT,2024-10-08 05:30:00+00:00,2,1.2639621
1373544,TRXUSDT,2024-11-08 20:45:00+00:00,7,1.1445669
1327028,TRXUSDT,2023-07-13 07:45:00+00:00,3,1.2938194
1324434,TRXUSDT,2023-06-16 07:15:00+00:00,4,1.15965
1345993,TRXUSDT,2024-01-26 21:00:00+00:00,4,1.2007238
1335968,TRXUSDT,2023-10-14 10:45:00+00:00,3,1.285171
1349094,TRXUSDT,2024-02-28 04:15:00+00:00,2,1.2166176
1338372,TRXUSDT,2023-11-08 11:45:00+00:00,9,1.2845932
1329318,TRXUSDT,2023-08-06 04:15:00+00:00,6,1.2501923
1333768,TRXUSDT,2023-09-21 12:45:00+00:00,3,1.287795
1328291,TRXUSDT,2023-07-26 11:30:00+00:00,2,1.2324266
1359945,TRXUSDT,2024-06-20 05:00:00+00:00,0,1.2395672
1320818,TRXUSDT,2023-05-09 15:15:00+00:00,2,1.2738322
1360380,TRXUSDT,2024-06-24 17:45:00+00:00,4,1.3783218
1331890,TRXUSDT,2023-09-01 23:15:00+00:00,8,1.2951471
1366279,TRXUSDT,2024-08-25 04:30:00+00:00,4,1.347086
1341629,TRXUSDT,2023-12-12 10:00:00+00:00,2,1.2868202
1343600,TRXUSDT,2024-01-01 22:45:00+00:00,8,1.1780088
1311761,TRXUSDT,2023-02-04 07:00:00+00:00,8,1.1692225
1322645,TRXUSDT,2023-05-28 16:00:00+00:00,4,1.1616417
1354316,TRXUSDT,2024-04-22 13:45:00+00:00,3,1.2608684
1325642,TRXUSDT,2023-06-28 21:15:00+00:00,3,1.2166944
1347245,TRXUSDT,2024-02-08 22:00:00+00:00,2,1.1917896
1334282,TRXUSDT,2023-09-26 21:15:00+00:00,4,1.2172033
1317389,TRXUSDT,2023-04-03 22:00:00+00:00,6,1.1589819
1325087,TRXUSDT,2023-06-23 02:30:00+00:00,3,1.1969284
1365936,TRXUSDT,2024-08-21 14:45:00+00:00,4,1.1780995
1370184,TRXUSDT,2024-10-04 20:45:00+00:00,6,1.252349
1340390,TRXUSDT,2023-11-29 12:15:00+00:00,9,1.1863445
1358493,TRXUSDT,2024-06-05 02:00:00+00:00,0,1.2385445
1318806,TRXUSDT,2023-04-18 16:15:00+00:00,9,1.2511058
1347849,TRXUSDT,2024-02-15 05:00:00+00:00,9,1.3461672
1365628,TRXUSDT,2024-08-18 09:45:00+00:00,1,1.3394217
1359656,TRXUSDT,2024-06-17 04:45:00+00:00,8,1.3199692
1343584,TRXUSDT,2024-01-01 18:45:00+00:00,0,1.2051108
1358330,TRXUSDT,2024-06-03 09:15:00+00:00,3,1.1759679
1309519,TRXUSDT,2023-01-11 22:30:00+00:00,9,1.2821786
1329224,TRXUSDT,2023-08-05 04:45:00+00:00,4,1.34763
1347470,TRXUSDT,2024-02-11 06:15:00+00:00,9,1.1728652
1309433,TRXUSDT,2023-01-11 01:00:00+00:00,9,1.2860823
1352851,TRXUSDT,2024-04-07 07:30:00+00:00,0,1.1582546
1325280,TRXUSDT,2023-06-25 02:45:00+00:00,0,1.2283947
1321999,TRXUSDT,2023-05-21 22:30:00+00:00,3,1.1731528
1329582,TRXUSDT,2023-08-08 22:15:00+00:00,9,1.3379151
1365954,TRXUSDT,2024-08-21 19:15:00+00:00,7,1.1929998
1309220,TRXUSDT,2023-01-08 19:45:00+00:00,9,1.2337663
1337792,TRXUSDT,2023-11-02 10:45:00+00:00,1,1.1692967
1371007,TRXUSDT,2024-10-13 10:30:00+00:00,0,1.1384491
1311520,TRXUSDT,2023-02-01 18:45:00+00:00,3,1.1785623
1349923,TRXUSDT,2024-03-07 19:30:00+00:00,0,1.3043315
1325207,TRXUSDT,2023-06-24 08:30:00+00:00,2,1.2480385
1374589,TRXUSDT,2024-11-19 18:00:00+00:00,3,1.279228
1365857,TRXUSDT,2024-08-20 19:00:00+00:00,0,1.2394221
1342018,TRXUSDT,2023-12-16 11:15:00+00:00,9,1.2305844
1369316,TRXUSDT,2024-09-25 19:45:00+00:00,3,1.3447878
1376977,TRXUSDT,2024-12-14 15:00:00+00:00,4,1.276458
1325108,TRXUSDT,2023-06-23 07:45:00+00:00,2,1.2187757
1373538,TRXUSDT,2024-11-08 19:15:00+00:00,7,1.2057663
1313411,TRXUSDT,2023-02-21 11:30:00+00:00,4,1.0921417
1320679,TRXUSDT,2023-05-08 04:30:00+00:00,7,1.3249534
1369452,TRXUSDT,2024-09-27 05:45:00+00:00,0,1.3236649
1322257,TRXUSDT,2023-05-24 15:00:00+00:00,7,1.1716372
1309345,TRXUSDT,2023-01-10 03:00:00+00:00,4,1.2639449
1347242,TRXUSDT,2024-02-08 21:15:00+00:00,2,1.279276
1338926,TRXUSDT,2023-11-14 06:15:00+00:00,1,1.2118946
1344972,TRXUSDT,2024-01-16 05:45:00+00:00,3,1.2931219
1353188,TRXUSDT,2024-04-10 19:45:00+00:00,2,1.2239597
1314899,TRXUSDT,2023-03-08 23:30:00+00:00,7,1.2657477
1311446,TRXUSDT,2023-02-01 00:15:00+00:00,3,1.2413007
1346655,TRXUSDT,2024-02-02 18:30:00+00:00,7,1.1915319
1358371,TRXUSDT,2024-06-03 19:30:00+00:00,3,1.2659682
1316185,TRXUSDT,2023-03-22 09:00:00+00:00,4,1.231861
1373182,TRXUSDT,2024-11-05 02:15:00+00:00,7,1.26955
1338850,TRXUSDT,2023-11-13 11:15:00+00:00,9,1.1176224
1350594,TRXUSDT,2024-03-14 19:15:00+00:00,7,1.1949487
1329407,TRXUSDT,2023-08-07 02:30:00+00:00,5,1.3101534
1312673,TRXUSDT,2023-02-13 19:00:00+00:00,9,1.21768
1311669,TRXUSDT,2023-02-03 08:00:00+00:00,2,1.130916
1372219,TRXUSDT,2024-10-26 01:30:00+00:00,1,1.2326487
1344315,TRXUSDT,2024-01-09 09:30:00+00:00,4,1.2852467
1328479,TRXUSDT,2023-07-28 10:30:00+00:00,8,1.1887126
1322804,TRXUSDT,2023-05-30 07:45:00+00:00,2,1.1603452
1344455,TRXUSDT,2024-01-10 20:30:00+00:00,7,1.3514153
1373280,TRXUSDT,2024-11-06 02:45:00+00:00,0,1.1420653
1353461,TRXUSDT,2024-04-13 16:00:00+00:00,4,1.1620289
1332133,TRXUSDT,2023-09-04 12:00:00+00:00,4,1.2044213
1341700,TRXUSDT,2023-12-13 03:45:00+00:00,4,1.1641333
1354065,TRXUSDT,2024-04-19 23:00:00+00:00,1,1.2519886
1348186,TRXUSDT,2024-02-18 17:15:00+00:00,3,1.2638378
1370708,TRXUSDT,2024-10-10 07:45:00+00:00,2,1.2123278
1362292,TRXUSDT,2024-07-14 15:45:00+00:00,7,1.3585559
1325930,TRXUSDT,2023-07-01 21:15:00+00:00,6,1.3329314
1317087,TRXUSDT,2023-03-31 18:30:00+00:00,9,1.2689273
1330280,TRXUSDT,2023-08-16 04:45:00+00:00,9,1.1915162
1364226,TRXUSDT,2024-08-03 19:15:00+00:00,8,1.385003
1376459,TRXUSDT,2024-12-09 05:30:00+00:00,4,1.3228337
1350262,TRXUSDT,2024-03-11 08:15:00+00:00,7,1.257518
1334000,TRXUSDT,2023-09-23 22:45:00+00:00,4,1.2010025
1325401,TRXUSDT,2023-06-26 09:00:00+00:00,0,1.1853645
1347786,TRXUSDT,2024-02-14 13:15:00+00:00,9,1.2054613
1312633,TRXUSDT,2023-02-13 09:00:00+00:00,4,1.300751
1351899,TRXUSDT,2024-03-28 09:30:00+00:00,1,1.2433954
1377441,TRXUSDT,2024-12-19 11:00:00+00:00,1,1.3341123
1326626,TRXUSDT,2023-07-09 03:15:00+00:00,9,1.2145565
1336034,TRXUSDT,2023-10-15 03:15:00+00:00,7,1.3113885
1337137,TRXUSDT,2023-10-26 15:00:00+00:00,4,1.2220134
1317841,TRXUSDT,2023-04-08 15:00:00+00:00,0,1.2411876
1378258,TRXUSDT,2024-12-27 23:15:00+00:00,8,1.2652457
1320882,TRXUSDT,2023-05-10 07:15:00+00:00,1,1.2704374
1319615,TRXUSDT,2023-04-27 02:30:00+00:00,8,1.265364
1341896,TRXUSDT,2023-12-15 04:45:00+00:00,2,1.1217607
1350029,TRXUSDT,2024-03-08 22:00:00+00:00,8,1.2112331
1315343,TRXUSDT,2023-03-13 14:30:00+00:00,0,1.1927171
1370379,TRXUSDT,2024-10-06 21:30:00+00:00,2,1.3722774
1369551,TRXUSDT,2024-09-28 06:30:00+00:00,4,1.225468
1378229,TRXUSDT,2024-12-27 16:00:00+00:00,4,1.1640027
1317786,TRXUSDT,2023-04-08 01:15:00+00:00,8,1.2359518
1367473,TRXUSDT,2024-09-06 15:00:00+00:00,4,1.1956112
1319743,TRXUSDT,2023-04-28 10:30:00+00:00,0,1.2003118
1359985,TRXUSDT,2024-06-20 15:00:00+00:00,4,1.2975664
1376169,TRXUSDT,2024-12-06 05:00:00+00:00,1,1.2493627
1368149,TRXUSDT,2024-09-13 16:00:00+00:00,7,1.4008844
1346769,TRXUSDT,2024-02-03 23:00:00+00:00,6,1.2924137
1319929,TRXUSDT,2023-04-30 09:00:00+00:00,5,1.2989128
1320584,TRXUSDT,2023-05-07 04:45:00+00:00,2,1.1603829
1319160,TRXUSDT,2023-04-22 08:45:00+00:00,1,1.1736816
1310763,TRXUSDT,2023-01-24 21:30:00+00:00,7,1.2554872
1351966,TRXUSDT,2024-03-29 02:15:00+00:00,6,1.3318964
1319065,TRXUSDT,2023-04-21 09:00:00+00:00,1,1.2197334
1311389,TRXUSDT,2023-01-31 10:00:00+00:00,4,1.2540553
1344290,TRXUSDT,2024-01-09 03:15:00+00:00,2,1.2509843
1366299,TRXUSDT,2024-08-25 09:30:00+00:00,2,1.3020744
1334286,TRXUSDT,2023-09-26 22:15:00+00:00,7,1.1435022
1315221,TRXUSDT,2023-03-12 08:00:00+00:00,2,1.2608137
1348029,TRXUSDT,2024-02-17 02:00:00+00:00,9,1.2715592
1334051,TRXUSDT,2023-09-24 11:30:00+00:00,5,1.247383
1339820,TRXUSDT,2023-11-23 13:45:00+00:00,1,1.1666507
1318047,TRXUSDT,2023-04-10 18:30:00+00:00,0,1.1394304
1336765,TRXUSDT,2023-10-22 18:00:00+00:00,7,1.2361934
1344174,TRXUSDT,2024-01-07 22:15:00+00:00,7,1.3151963
1333441,TRXUSDT,2023-09-18 03:00:00+00:00,0,1.1428585
1356774,TRXUSDT,2024-05-18 04:15:00+00:00,3,1.2601244
1329268,TRXUSDT,2023-08-05 15:45:00+00:00,6,1.3110027
1343370,TRXUSDT,2023-12-30 13:15:00+00:00,3,1.2948687
1320611,TRXUSDT,2023-05-07 11:30:00+00:00,0,1.172158
1318614,TRXUSDT,2023-04-16 16:15:00+00:00,5,1.1879815
1367312,TRXUSDT,2024-09-04 22:45:00+00:00,6,1.2382674
1375354,TRXUSDT,2024-11-27 17:15:00+00:00,4,1.2413961
1341756,TRXUSDT,2023-12-13 17:45:00+00:00,6,1.2216649
1362462,TRXUSDT,2024-07-16 10:15:00+00:00,3,1.2830985
1340940,TRXUSDT,2023-12-05 05:45:00+00:00,2,1.2633903
1360722,TRXUSDT,2024-06-28 07:15:00+00:00,1,1.2518063
1318968,TRXUSDT,2023-04-20 08:45:00+00:00,1,1.2581978
1348995,TRXUSDT,2024-02-27 03:30:00+00:00,0,1.2012407
1366265,TRXUSDT,2024-08-25 01:00:00+00:00,8,1.2092366
1369741,TRXUSDT,2024-09-30 06:00:00+00:00,7,1.322247
1355582,TRXUSDT,2024-05-05 18:15:00+00:00,7,1.2252735
1377861,TRXUSDT,2024-12-23 20:00:00+00:00,1,1.2247858
1348637,TRXUSDT,2024-02-23 10:00:00+00:00,5,1.2814262
1333029,TRXUSDT,2023-09-13 20:00:00+00:00,4,1.3909272
1337351,TRXUSDT,2023-10-28 20:30:00+00:00,6,1.2287467
1335592,TRXUSDT,2023-10-10 12:45:00+00:00,2,1.1241758
1353445,TRXUSDT,2024-04-13 12:00:00+00:00,1,1.2389488
1368502,TRXUSDT,2024-09-17 08:15:00+00:00,1,1.2297859
1347882,TRXUSDT,2024-02-15 13:15:00+00:00,4,1.1611539
1322016,TRXUSDT,2023-05-22 02:45:00+00:00,8,1.2521636
1341518,TRXUSDT,2023-12-11 06:15:00+00:00,3,1.253245
1358454,TRXUSDT,2024-06-04 16:15:00+00:00,0,1.3170884
1321404,TRXUSDT,2023-05-15 17:45:00+00:00,3,1.1679661
1345233,TRXUSDT,2024-01-18 23:00:00+00:00,3,1.0616497
1319022,TRXUSDT,2023-04-20 22:15:00+00:00,3,1.1304173
1322303,TRXUSDT,2023-05-25 02:30:00+00:00,2,1.3024611
1309146,TRXUSDT,2023-01-08 01:15:00+00:00,3,1.2850093
1367354,TRXUSDT,2024-09-05 09:15:00+00:00,2,1.2709206
1324556,TRXUSDT,2023-06-17 13:45:00+00:00,2,1.1776047
1340206,TRXUSDT,2023-11-27 14:15:00+00:00,7,1.2134911
1342763,TRXUSDT,2023-12-24 05:30:00+00:00,8,1.1384584
1374460,TRXUSDT,2024-11-18 09:45:00+00:00,7,1.1930476
1350189,TRXUSDT,2024-03-10 14:00:00+00:00,7,1.1847786
1339174,TRXUSDT,2023-11-16 20:15:00+00:00,7,1.1524582
1333816,TRXUSDT,2023-09-22 00:45:00+00:00,3,1.2409385
1367474,TRXUSDT,2024-09-06 15:15:00+00:00,4,1.2434087
1322455,TRXUSDT,2023-05-26 16:30:00+00:00,3,1.2912167
1314918,TRXUSDT,2023-03-09 04:15:00+00:00,3,1.1675726
1363191,TRXUSDT,2024-07-24 00:30:00+00:00,1,1.3063245
1323277,TRXUSDT,2023-06-04 06:00:00+00:00,2,1.2446306
1331399,TRXUSDT,2023-08-27 20:30:00+00:00,8,1.2611141
1362383,TRXUSDT,2024-07-15 14:30:00+00:00,7,1.23891
1317251,TRXUSDT,2023-04-02 11:30:00+00:00,2,1.3287573
1345070,TRXUSDT,2024-01-17 06:15:00+00:00,4,1.1779869
1340526,TRXUSDT,2023-11-30 22:15:00+00:00,1,1.3800966
1340059,TRXUSDT,2023-11-26 01:30:00+00:00,0,1.1744363
1327108,TRXUSDT,2023-07-14 03:45:00+00:00,8,1.1307502
1370868,TRXUSDT,2024-10-11 23:45:00+00:00,8,1.2297703
1313656,TRXUSDT,2023-02-24 00:45:00+00:00,8,1.2003646
1349416,TRXUSDT,2024-03-02 12:45:00+00:00,2,1.2501105
1342229,TRXUSDT,2023-12-18 16:00:00+00:00,3,1.2941371
1318893,TRXUSDT,2023-04-19 14:00:00+00:00,3,1.2143052
1365429,TRXUSDT,2024-08-16 08:00:00+00:00,0,1.195302
1314725,TRXUSDT,2023-03-07 04:00:00+00:00,2,1.2154537
1329114,TRXUSDT,2023-08-04 01:15:00+00:00,3,1.2951326
1352579,TRXUSDT,2024-04-04 11:30:00+00:00,1,1.1661967
1353994,TRXUSDT,2024-04-19 05:15:00+00:00,3,1.4041348
1348642,TRXUSDT,2024-02-23 11:15:00+00:00,1,1.2683231
1322770,TRXUSDT,2023-05-29 23:15:00+00:00,4,1.2410753
1364267,TRXUSDT,2024-08-04 05:30:00+00:00,0,1.2285465
1308605,TRXUSDT,2023-01-02 10:00:00+00:00,0,1.3546962
1327782,TRXUSDT,2023-07-21 04:15:00+00:00,1,1.2544256
1315047,TRXUSDT,2023-03-10 12:30:00+00:00,1,1.2883979
1327178,TRXUSDT,2023-07-14 21:15:00+00:00,7,1.4592593
1336214,TRXUSDT,2023-10-17 00:15:00+00:00,2,1.2312703
1321030,TRXUSDT,2023-05-11 20:15:00+00:00,7,0.9671487
1314584,TRXUSDT,2023-03-05 16:45:00+00:00,6,1.2665225
1321306,TRXUSDT,2023-05-14 17:15:00+00:00,4,1.0870125
1365280,TRXUSDT,2024-08-14 18:45:00+00:00,3,1.3162805
1356297,TRXUSDT,2024-05-13 05:00:00+00:00,4,1.2374064
1345619,TRXUSDT,2024-01-22 23:30:00+00:00,3,1.2395909
1373506,TRXUSDT,2024-11-08 11:15:00+00:00,0,1.2865335
1316881,TRXUSDT,2023-03-29 15:00:00+00:00,4,1.1154026
1348179,TRXUSDT,2024-02-18 15:30:00+00:00,1,1.2820355
1311653,TRXUSDT,2023-02-03 04:00:00+00:00,3,1.1496558
1311161,TRXUSDT,2023-01-29 01:00:00+00:00,6,1.4123452
1355614,TRXUSDT,2024-05-06 02:15:00+00:00,3,1.246792
1336416,TRXUSDT,2023-10-19 02:45:00+00:00,4,1.3314887
1331634,TRXUSDT,2023-08-30 07:15:00+00:00,2,1.269124
1329097,TRXUSDT,2023-08-03 21:00:00+00:00,4,1.1208321
1334545,TRXUSDT,2023-09-29 15:00:00+00:00,5,1.2583675
1320391,TRXUSDT,2023-05-05 04:30:00+00:00,9,1.132814
1344003,TRXUSDT,2024-01-06 03:30:00+00:00,8,1.2212623
1321617,TRXUSDT,2023-05-17 23:00:00+00:00,9,1.2826852
1361974,TRXUSDT,2024-07-11 08:15:00+00:00,9,1.2555728
1317064,TRXUSDT,2023-03-31 12:45:00+00:00,0,1.1712451
1358059,TRXUSDT,2024-05-31 13:30:00+00:00,5,1.2526773
1374519,TRXUSDT,2024-11-19 00:30:00+00:00,3,1.233662
1360502,TRXUSDT,2024-06-26 00:15:00+00:00,0,1.2665058
1324373,TRXUSDT,2023-06-15 16:00:00+00:00,2,1.3652524
1320865,TRXUSDT,2023-05-10 03:00:00+00:00,1,1.2326436
1320803,TRXUSDT,2023-05-09 11:30:00+00:00,1,1.2205938
1353183,TRXUSDT,2024-04-10 18:30:00+00:00,3,1.3018165
1315439,TRXUSDT,2023-03-14 14:30:00+00:00,0,1.2138566
1309564,TRXUSDT,2023-01-12 09:45:00+00:00,1,1.2633834
1361599,TRXUSDT,2024-07-07 10:30:00+00:00,5,1.2530769
1330063,TRXUSDT,2023-08-13 22:30:00+00:00,4,1.1461753
1315074,TRXUSDT,2023-03-10 19:15:00+00:00,6,1.2747282
1361251,TRXUSDT,2024-07-03 19:30:00+00:00,4,1.284465
1377994,TRXUSDT,2024-12-25 05:15:00+00:00,1,1.1322707
1351891,TRXUSDT,2024-03-28 07:30:00+00:00,3,1.2348516
1340892,TRXUSDT,2023-12-04 17:45:00+00:00,3,1.2839332
1364233,TRXUSDT,2024-08-03 21:00:00+00:00,9,1.3181845
1343910,TRXUSDT,2024-01-05 04:15:00+00:00,8,1.2241634
1330945,TRXUSDT,2023-08-23 03:00:00+00:00,9,1.297122
1334393,TRXUSDT,2023-09-28 01:00:00+00:00,0,1.1980388
1357083,TRXUSDT,2024-05-21 09:30:00+00:00,1,1.2218623
1312406,TRXUSDT,2023-02-11 00:15:00+00:00,8,1.2681113
1349303,TRXUSDT,2024-03-01 08:30:00+00:00,8,1.1788146
1356186,TRXUSDT,2024-05-12 01:15:00+00:00,9,1.3027247
1357583,TRXUSDT,2024-05-26 14:30:00+00:00,7,1.2263523
1311002,TRXUSDT,2023-01-27 09:15:00+00:00,0,1.1972278
1324407,TRXUSDT,2023-06-16 00:30:00+00:00,8,1.1874005
1368310,TRXUSDT,2024-09-15 08:15:00+00:00,4,1.2398134
1348389,TRXUSDT,2024-02-20 20:00:00+00:00,3,1.2749707
1332967,TRXUSDT,2023-09-13 04:30:00+00:00,2,1.216697
1322513,TRXUSDT,2023-05-27 07:00:00+00:00,0,1.3332931
1364326,TRXUSDT,2024-08-04 20:15:00+00:00,3,1.3483728
1378393,TRXUSDT,2024-12-29 09:00:00+00:00,9,1.2591283
1363182,TRXUSDT,2024-07-23 22:15:00+00:00,0,1.2141973
1369915,TRXUSDT,2024-10-02 01:30:00+00:00,3,1.3265133
1313713,TRXUSDT,2023-02-24 15:00:00+00:00,4,1.1548388
1362570,TRXUSDT,2024-07-17 13:15:00+00:00,2,1.2720048
1374216,TRXUSDT,2024-11-15 20:45:00+00:00,6,1.2705814
1351821,TRXUSDT,2024-03-27 14:00:00+00:00,7,1.2327019
1368970,TRXUSDT,2024-09-22 05:15:00+00:00,2,1.3662083
1309004,TRXUSDT,2023-01-06 13:45:00+00:00,0,1.2110728
1376636,TRXUSDT,2024-12-11 01:45:00+00:00,8,1.2495703
1360012,TRXUSDT,2024-06-20 21:45:00+00:00,6,1.2280561
1315432,TRXUSDT,2023-03-14 12:45:00+00:00,0,1.2132709
1378276,TRXUSDT,2024-12-28 03:45:00+00:00,1,1.1907951
1352386,TRXUSDT,2024-04-02 11:15:00+00:00,4,1.2530422
1325161,TRXUSDT,2023-06-23 21:00:00+00:00,9,1.2080632
1342960,TRXUSDT,2023-12-26 06:45:00+00:00,4,1.415161
1343142,TRXUSDT,2023-12-28 04:15:00+00:00,5,1.2951572
1342961,TRXUSDT,2023-12-26 07:00:00+00:00,4,1.2067839
1367054,TRXUSDT,2024-09-02 06:15:00+00:00,5,1.2148525
1371981,TRXUSDT,2024-10-23 14:00:00+00:00,3,1.2097795
1358851,TRXUSDT,2024-06-08 19:30:00+00:00,0,1.2179831
1352310,TRXUSDT,2024-04-01 16:15:00+00:00,4,1.17257
1374615,TRXUSDT,2024-11-20 00:30:00+00:00,2,1.3364908
1320156,TRXUSDT,2023-05-02 17:45:00+00:00,0,1.2659456
1310701,TRXUSDT,2023-01-24 06:00:00+00:00,8,1.1735598
1311136,TRXUSDT,2023-01-28 18:45:00+00:00,7,1.2321882
1352674,TRXUSDT,2024-04-05 11:15:00+00:00,4,1.1248403
1311871,TRXUSDT,2023-02-05 10:30:00+00:00,0,1.0552453
1359592,TRXUSDT,2024-06-16 12:45:00+00:00,5,1.2274328
1359889,TRXUSDT,2024-06-19 15:00:00+00:00,4,1.2101731
1339128,TRXUSDT,2023-11-16 08:45:00+00:00,4,1.1251307
1359386,TRXUSDT,2024-06-14 09:15:00+00:00,3,1.2856153
1310095,TRXUSDT,2023-01-17 22:30:00+00:00,2,1.2756807
1310522,TRXUSDT,2023-01-22 09:15:00+00:00,1,1.1552664
1314453,TRXUSDT,2023-03-04 08:00:00+00:00,1,1.2205625
1324522,TRXUSDT,2023-06-17 05:15:00+00:00,1,1.2429922
1313342,TRXUSDT,2023-02-20 18:15:00+00:00,3,1.2724402
1363771,TRXUSDT,2024-07-30 01:30:00+00:00,1,1.3388236
1349990,TRXUSDT,2024-03-08 12:15:00+00:00,0,1.2809669
1310377,TRXUSDT,2023-01-20 21:00:00+00:00,0,1.2415805
1332457,TRXUSDT,2023-09-07 21:00:00+00:00,8,1.2258483
1359991,TRXUSDT,2024-06-20 16:30:00+00:00,4,1.2419742
1335413,TRXUSDT,2023-10-08 16:00:00+00:00,3,1.3399022
1345487,TRXUSDT,2024-01-21 14:30:00+00:00,8,1.2390049
1337692,TRXUSDT,2023-11-01 09:45:00+00:00,0,1.0534153
1356776,TRXUSDT,2024-05-18 04:45:00+00:00,1,1.3297184
1332070,TRXUSDT,2023-09-03 20:15:00+00:00,3,1.199189
1313790,TRXUSDT,2023-02-25 10:15:00+00:00,1,1.2330179
1349688,TRXUSDT,2024-03-05 08:45:00+00:00,7,1.1742524
1351163,TRXUSDT,2024-03-20 17:30:00+00:00,5,1.195512
1373043,TRXUSDT,2024-11-03 15:30:00+00:00,4,1.257574
1341072,TRXUSDT,2023-12-06 14:45:00+00:00,8,1.2202579
1327810,TRXUSDT,2023-07-21 11:15:00+00:00,3,1.3049781
1344282,TRXUSDT,2024-01-09 01:15:00+00:00,4,1.3822876
1326536,TRXUSDT,2023-07-08 04:45:00+00:00,9,1.1281617
1369590,TRXUSDT,2024-09-28 16:15:00+00:00,0,1.2243266
1333515,TRXUSDT,2023-09-18 21:30:00+00:00,3,1.1967043
1374956,TRXUSDT,2024-11-23 13:45:00+00:00,0,1.2177072
1331500,TRXUSDT,2023-08-28 21:45:00+00:00,7,1.3365487
1320781,TRXUSDT,2023-05-09 06:00:00+00:00,0,1.2620721
1314738,TRXUSDT,2023-03-07 07:15:00+00:00,3,1.2080183
1336030,TRXUSDT,2023-10-15 02:15:00+00:00,3,1.422589
1356605,TRXUSDT,2024-05-16 10:00:00+00:00,2,1.3141091
1372412,TRXUSDT,2024-10-28 01:45:00+00:00,8,1.4301631
1341424,TRXUSDT,2023-12-10 06:45:00+00:00,0,1.2528107
1352785,TRXUSDT,2024-04-06 15:00:00+00:00,0,1.2436599
1345410,TRXUSDT,2024-01-20 19:15:00+00:00,6,1.159146
1353524,TRXUSDT,2024-04-14 07:45:00+00:00,3,1.2805609
1334220,TRXUSDT,2023-09-26 05:45:00+00:00,1,1.280899
1364987,TRXUSDT,2024-08-11 17:30:00+00:00,3,1.1626333
1329016,TRXUSDT,2023-08-03 00:45:00+00:00,4,1.2703087
1376226,TRXUSDT,2024-12-06 19:15:00+00:00,6,1.1875759
1359568,TRXUSDT,2024-06-16 06:45:00+00:00,1,1.2360417
1337846,TRXUSDT,2023-11-03 00:15:00+00:00,4,1.3134757
1372392,TRXUSDT,2024-10-27 20:45:00+00:00,7,1.3725309
1311064,TRXUSDT,2023-01-28 00:45:00+00:00,9,1.3450893
1369667,TRXUSDT,2024-09-29 11:30:00+00:00,0,1.1414952
1367017,TRXUSDT,2024-09-01 21:00:00+00:00,3,1.1935909
1324446,TRXUSDT,2023-06-16 10:15:00+00:00,3,1.2613789
1325024,TRXUSDT,2023-06-22 10:45:00+00:00,1,1.2997017
1323638,TRXUSDT,2023-06-08 00:15:00+00:00,9,1.2661661
1343141,TRXUSDT,2023-12-28 04:00:00+00:00,9,1.2718596
1328808,TRXUSDT,2023-07-31 20:45:00+00:00,7,1.1940055
1337051,TRXUSDT,2023-10-25 17:30:00+00:00,0,1.1174316
1309226,TRXUSDT,2023-01-08 21:15:00+00:00,0,1.2873918
1344631,TRXUSDT,2024-01-12 16:30:00+00:00,4,1.124603
1359087,TRXUSDT,2024-06-11 06:30:00+00:00,3,1.2749045
1346770,TRXUSDT,2024-02-03 23:15:00+00:00,6,1.214464
1324712,TRXUSDT,2023-06-19 04:45:00+00:00,2,1.2654475
1333342,TRXUSDT,2023-09-17 02:15:00+00:00,4,1.1816697
1377101,TRXUSDT,2024-12-15 22:00:00+00:00,4,1.0994921
1357561,TRXUSDT,2024-05-26 09:00:00+00:00,8,1.2229114
1342016,TRXUSDT,2023-12-16 10:45:00+00:00,9,1.29682
1332115,TRXUSDT,2023-09-04 07:30:00+00:00,5,1.1594808
1370162,TRXUSDT,2024-10-04 15:15:00+00:00,5,1.1893556
1344493,TRXUSDT,2024-01-11 06:00:00+00:00,4,1.2621218
1331146,TRXUSDT,2023-08-25 05:15:00+00:00,4,1.3299527
1313979,TRXUSDT,2023-02-27 09:30:00+00:00,4,1.1103462
1333968,TRXUSDT,2023-09-23 14:45:00+00:00,1,1.1527044
1311188,TRXUSDT,2023-01-29 07:45:00+00:00,1,1.2026842
1328586,TRXUSDT,2023-07-29 13:15:00+00:00,0,1.123612
1337869,TRXUSDT,2023-11-03 06:00:00+00:00,3,1.2344592
1347176,TRXUSDT,2024-02-08 04:45:00+00:00,0,1.2177848
1325157,TRXUSDT,2023-06-23 20:00:00+00:00,9,1.2463104
1347981,TRXUSDT,2024-02-16 14:00:00+00:00,0,1.2088846
1351243,TRXUSDT,2024-03-21 13:30:00+00:00,1,1.2487344
1321807,TRXUSDT,2023-05-19 22:30:00+00:00,7,1.2268579
1349332,TRXUSDT,2024-03-01 15:45:00+00:00,4,1.1878929
1326450,TRXUSDT,2023-07-07 07:15:00+00:00,9,1.2565626
1318892,TRXUSDT,2023-04-19 13:45:00+00:00,7,1.2581534
1331602,TRXUSDT,2023-08-29 23:15:00+00:00,2,1.196346
1358026,TRXUSDT,2024-05-31 05:15:00+00:00,1,1.2565864
1357414,TRXUSDT,2024-05-24 20:15:00+00:00,3,1.3747749
1346489,TRXUSDT,2024-02-01 01:00:00+00:00,3,1.3598708
1378202,TRXUSDT,2024-12-27 09:15:00+00:00,9,1.294585
1362280,TRXUSDT,2024-07-14 12:45:00+00:00,4,1.3103416
1320185,TRXUSDT,2023-05-03 01:00:00+00:00,7,1.2513977
1348609,TRXUSDT,2024-02-23 03:00:00+00:00,7,1.2756302
1364259,TRXUSDT,2024-08-04 03:30:00+00:00,0,1.2790071
1335272,TRXUSDT,2023-10-07 04:45:00+00:00,8,1.2283206
1356808,TRXUSDT,2024-05-18 12:45:00+00:00,8,1.2151314
1368596,TRXUSDT,2024-09-18 07:45:00+00:00,1,1.2941031
1339708,TRXUSDT,2023-11-22 09:45:00+00:00,2,1.344423
1340211,TRXUSDT,2023-11-27 15:30:00+00:00,7,1.2158383
1310525,TRXUSDT,2023-01-22 10:00:00+00:00,1,1.2818801
1356920,TRXUSDT,2024-05-19 16:45:00+00:00,3,1.3358934
1311062,TRXUSDT,2023-01-28 00:15:00+00:00,9,1.2573671
1340319,TRXUSDT,2023-11-28 18:30:00+00:00,9,1.4032182
1364708,TRXUSDT,2024-08-08 19:45:00+00:00,9,1.1848414
1374346,TRXUSDT,2024-11-17 05:15:00+00:00,1,1.301919
1323944,TRXUSDT,2023-06-11 04:45:00+00:00,1,1.2263627
1327360,TRXUSDT,2023-07-16 18:45:00+00:00,8,1.3227336
1348049,TRXUSDT,2024-02-17 07:00:00+00:00,0,1.2280453
1328368,TRXUSDT,2023-07-27 06:45:00+00:00,2,1.1434749
1308834,TRXUSDT,2023-01-04 19:15:00+00:00,7,1.1816423
1354173,TRXUSDT,2024-04-21 02:00:00+00:00,1,1.1797541
1348245,TRXUSDT,2024-02-19 08:00:00+00:00,1,1.3981686
1324487,TRXUSDT,2023-06-16 20:30:00+00:00,6,1.2992256
1364501,TRXUSDT,2024-08-06 16:00:00+00:00,2,1.2821232
1325230,TRXUSDT,2023-06-24 14:15:00+00:00,1,1.1217494
1320446,TRXUSDT,2023-05-05 18:15:00+00:00,0,1.209461
1327076,TRXUSDT,2023-07-13 19:45:00+00:00,9,1.1992189
1328047,TRXUSDT,2023-07-23 22:30:00+00:00,8,1.3192849
1339122,TRXUSDT,2023-11-16 07:15:00+00:00,1,1.2465991
1376314,TRXUSDT,2024-12-07 17:15:00+00:00,6,1.1699587
1315393,TRXUSDT,2023-03-14 03:00:00+00:00,2,1.2064375
1340197,TRXUSDT,2023-11-27 12:00:00+00:00,7,1.253822
1359920,TRXUSDT,2024-06-19 22:45:00+00:00,8,1.4037808
1363464,TRXUSDT,2024-07-26 20:45:00+00:00,6,1.2015022
1347552,TRXUSDT,2024-02-12 02:45:00+00:00,4,1.0860835
1311480,TRXUSDT,2023-02-01 08:45:00+00:00,4,1.1833719
1317701,TRXUSDT,2023-04-07 04:00:00+00:00,1,1.1865181
1345658,TRXUSDT,2024-01-23 09:15:00+00:00,4,1.243777
1311343,TRXUSDT,2023-01-30 22:30:00+00:00,8,1.259991
1326153,TRXUSDT,2023-07-04 05:00:00+00:00,3,1.2931529
1345550,TRXUSDT,2024-01-22 06:15:00+00:00,3,1.1871828
1342141,TRXUSDT,2023-12-17 18:00:00+00:00,3,1.1854621
1377412,TRXUSDT,2024-12-19 03:45:00+00:00,3,1.23877
1350756,TRXUSDT,2024-03-16 11:45:00+00:00,5,1.221007
1346948,TRXUSDT,2024-02-05 19:45:00+00:00,7,1.2290785
1329084,TRXUSDT,2023-08-03 17:45:00+00:00,9,1.2637932
1333032,TRXUSDT,2023-09-13 20:45:00+00:00,2,1.3927187
1375126,TRXUSDT,2024-11-25 08:15:00+00:00,1,1.2562553
1357699,TRXUSDT,2024-05-27 19:30:00+00:00,6,1.3033246
1309973,TRXUSDT,2023-01-16 16:00:00+00:00,3,1.3185661
1350138,TRXUSDT,2024-03-10 01:15:00+00:00,6,1.1843299
1362059,TRXUSDT,2024-07-12 05:30:00+00:00,0,1.2365088
1358048,TRXUSDT,2024-05-31 10:45:00+00:00,1,1.2829822
1330656,TRXUSDT,2023-08-20 02:45:00+00:00,0,1.2790439
1320503,TRXUSDT,2023-05-06 08:30:00+00:00,4,1.3693309
1345055,TRXUSDT,2024-01-17 02:30:00+00:00,2,1.2295656
1328209,TRXUSDT,2023-07-25 15:00:00+00:00,0,1.1843841
1342084,TRXUSDT,2023-12-17 03:45:00+00:00,9,1.2053219
1363340,TRXUSDT,2024-07-25 13:45:00+00:00,2,1.4443661
1327816,TRXUSDT,2023-07-21 12:45:00+00:00,1,1.2457871
1312108,TRXUSDT,2023-02-07 21:45:00+00:00,9,1.329837
1348526,TRXUSDT,2024-02-22 06:15:00+00:00,3,1.2095178
1358703,TRXUSDT,2024-06-07 06:30:00+00:00,2,1.2422448
1364160,TRXUSDT,2024-08-03 02:45:00+00:00,3,1.3246725
1318378,TRXUSDT,2023-04-14 05:15:00+00:00,9,1.2057934
1332741,TRXUSDT,2023-09-10 20:00:00+00:00,3,1.1738002
1332197,TRXUSDT,2023-09-05 04:00:00+00:00,4,1.1889651
1353380,TRXUSDT,2024-04-12 19:45:00+00:00,4,1.1217945
1372580,TRXUSDT,2024-10-29 19:45:00+00:00,9,1.244713
1362838,TRXUSDT,2024-07-20 08:15:00+00:00,1,1.2175276
1326439,TRXUSDT,2023-07-07 04:30:00+00:00,3,1.4141862
1343181,TRXUSDT,2023-12-28 14:00:00+00:00,5,1.2934437
1326824,TRXUSDT,2023-07-11 04:45:00+00:00,3,1.1203233
1337419,TRXUSDT,2023-10-29 13:30:00+00:00,0,1.2257258
1313226,TRXUSDT,2023-02-19 13:15:00+00:00,0,1.1571293
1352164,TRXUSDT,2024-03-31 03:45:00+00:00,5,1.2801286
1361728,TRXUSDT,2024-07-08 18:45:00+00:00,3,1.281653
1348444,TRXUSDT,2024-02-21 09:45:00+00:00,4,1.2168409
1368707,TRXUSDT,2024-09-19 11:30:00+00:00,9,1.2455368
1311407,TRXUSDT,2023-01-31 14:30:00+00:00,3,1.2389873
1311241,TRXUSDT,2023-01-29 21:00:00+00:00,3,1.3138347
1323217,TRXUSDT,2023-06-03 15:00:00+00:00,4,1.3644838
1327389,TRXUSDT,2023-07-17 02:00:00+00:00,3,1.2771606
1369705,TRXUSDT,2024-09-29 21:00:00+00:00,9,1.298262
1330523,TRXUSDT,2023-08-18 17:30:00+00:00,2,1.4015536
1334740,TRXUSDT,2023-10-01 15:45:00+00:00,8,1.2161791
1326051,TRXUSDT,2023-07-03 03:30:00+00:00,3,1.3324612
1344287,TRXUSDT,2024-01-09 02:30:00+00:00,2,1.2821745
1343891,TRXUSDT,2024-01-04 23:30:00+00:00,8,1.1370118
1313388,TRXUSDT,2023-02-21 05:45:00+00:00,3,1.2039912
1373262,TRXUSDT,2024-11-05 22:15:00+00:00,7,1.2571214
1334295,TRXUSDT,2023-09-27 00:30:00+00:00,0,1.1751459
1353710,TRXUSDT,2024-04-16 06:15:00+00:00,3,1.2906576
1366793,TRXUSDT,2024-08-30 13:00:00+00:00,9,1.2571465
1344980,TRXUSDT,2024-01-16 07:45:00+00:00,1,1.2320737
1351828,TRXUSDT,2024-03-27 15:45:00+00:00,4,1.0688505
1342017,TRXUSDT,2023-12-16 11:00:00+00:00,2,1.2263733
1313171,TRXUSDT,2023-02-18 23:30:00+00:00,2,1.2135528
1370995,TRXUSDT,2024-10-13 07:30:00+00:00,5,1.2088894
1362807,TRXUSDT,2024-07-20 00:30:00+00:00,1,1.4659061
1337455,TRXUSDT,2023-10-29 22:30:00+00:00,5,1.1729511
1335663,TRXUSDT,2023-10-11 06:30:00+00:00,4,1.2157663
1317952,TRXUSDT,2023-04-09 18:45:00+00:00,0,1.2829415
1365219,TRXUSDT,2024-08-14 03:30:00+00:00,0,1.2205738
1327069,TRXUSDT,2023-07-13 18:00:00+00:00,0,1.1950775
1343169,TRXUSDT,2023-12-28 11:00:00+00:00,0,1.2114686
1319858,TRXUSDT,2023-04-29 15:15:00+00:00,8,1.2261372
1338684,TRXUSDT,2023-11-11 17:45:00+00:00,0,1.2732971
1361128,TRXUSDT,2024-07-02 12:45:00+00:00,2,1.2749791
1313358,TRXUSDT,2023-02-20 22:15:00+00:00,2,1.2180305
1319413,TRXUSDT,2023-04-25 00:00:00+00:00,2,1.2178211
1322188,TRXUSDT,2023-05-23 21:45:00+00:00,1,1.2440562
1351633,TRXUSDT,2024-03-25 15:00:00+00:00,0,1.307779
1374347,TRXUSDT,2024-11-17 05:30:00+00:00,1,1.3130971
1331895,TRXUSDT,2023-09-02 00:30:00+00:00,8,1.2767125
1316769,TRXUSDT,2023-03-28 11:00:00+00:00,2,1.1946211
1328981,TRXUSDT,2023-08-02 16:00:00+00:00,4,1.2140746
1357422,TRXUSDT,2024-05-24 22:15:00+00:00,1,1.3330057
1365516,TRXUSDT,2024-08-17 05:45:00+00:00,0,1.2331991
1332712,TRXUSDT,2023-09-10 12:45:00+00:00,2,1.2374135
1378369,TRXUSDT,2024-12-29 03:00:00+00:00,8,1.2539684
1354284,TRXUSDT,2024-04-22 05:45:00+00:00,3,1.2051508
1331046,TRXUSDT,2023-08-24 04:15:00+00:00,1,1.2602654
1377157,TRXUSDT,2024-12-16 12:00:00+00:00,4,1.1638585
1343189,TRXUSDT,2023-12-28 16:00:00+00:00,4,1.1853153
1362026,TRXUSDT,2024-07-11 21:15:00+00:00,0,1.1414202
1348547,TRXUSDT,2024-02-22 11:30:00+00:00,9,1.3463347
1355513,TRXUSDT,2024-05-05 01:00:00+00:00,4,1.118154
1336964,TRXUSDT,2023-10-24 19:45:00+00:00,3,1.2448114
1335508,TRXUSDT,2023-10-09 15:45:00+00:00,7,1.3195413
1313846,TRXUSDT,2023-02-26 00:15:00+00:00,3,1.2701862
1370732,TRXUSDT,2024-10-10 13:45:00+00:00,1,1.2179432
1332760,TRXUSDT,2023-09-11 00:45:00+00:00,4,1.3033909
1326547,TRXUSDT,2023-07-08 07:30:00+00:00,8,1.2010087
1328049,TRXUSDT,2023-07-23 23:00:00+00:00,8,1.3266568
1359277,TRXUSDT,2024-06-13 06:00:00+00:00,1,1.2449013
1375739,TRXUSDT,2024-12-01 17:30:00+00:00,4,1.1824406
1311948,TRXUSDT,2023-02-06 05:45:00+00:00,4,1.1851723
1369545,TRXUSDT,2024-09-28 05:00:00+00:00,1,1.2707727
1339015,TRXUSDT,2023-11-15 04:30:00+00:00,2,1.2200738
1315980,TRXUSDT,2023-03-20 05:45:00+00:00,8,1.2610433
1329230,TRXUSDT,2023-08-05 06:15:00+00:00,8,1.3025464
1366179,TRXUSDT,2024-08-24 03:30:00+00:00,0,1.2082298
1355063,TRXUSDT,2024-04-30 08:30:00+00:00,0,1.306462
1324918,TRXUSDT,2023-06-21 08:15:00+00:00,4,1.2248781
1370698,TRXUSDT,2024-10-10 05:15:00+00:00,2,1.289631
1376372,TRXUSDT,2024-12-08 07:45:00+00:00,8,1.1757592
1320566,TRXUSDT,2023-05-07 00:15:00+00:00,6,1.2026294
1341390,TRXUSDT,2023-12-09 22:15:00+00:00,6,1.1890273
1321631,TRXUSDT,2023-05-18 02:30:00+00:00,0,1.3166593
1348646,TRXUSDT,2024-02-23 12:15:00+00:00,1,1.321017
1373008,TRXUSDT,2024-11-03 06:45:00+00:00,3,1.409841
1323846,TRXUSDT,2023-06-10 04:15:00+00:00,7,1.3126771
1319091,TRXUSDT,2023-04-21 15:30:00+00:00,0,1.3030909
1374949,TRXUSDT,2024-11-23 12:00:00+00:00,0,1.3144345
1372958,TRXUSDT,2024-11-02 18:15:00+00:00,7,1.1375529
1361606,TRXUSDT,2024-07-07 12:15:00+00:00,4,1.3415605
1375056,TRXUSDT,2024-11-24 14:45:00+00:00,7,1.1260172
1330244,TRXUSDT,2023-08-15 19:45:00+00:00,4,1.2539755
1331172,TRXUSDT,2023-08-25 11:45:00+00:00,1,1.2381729
1312119,TRXUSDT,2023-02-08 00:30:00+00:00,0,1.1691484
1315069,TRXUSDT,2023-03-10 18:00:00+00:00,8,1.2806379
1356158,TRXUSDT,2024-05-11 18:15:00+00:00,3,1.1682218
1337357,TRXUSDT,2023-10-28 22:00:00+00:00,6,1.2108037
1329353,TRXUSDT,2023-08-06 13:00:00+00:00,4,1.2423068
1360977,TRXUSDT,2024-06-30 23:00:00+00:00,4,1.2397721
1377289,TRXUSDT,2024-12-17 21:00:00+00:00,2,1.1977723
1341196,TRXUSDT,2023-12-07 21:45:00+00:00,9,1.3431726
1360789,TRXUSDT,2024-06-29 00:00:00+00:00,4,1.2910261
1346888,TRXUSDT,2024-02-05 04:45:00+00:00,0,1.1615176
1350482,TRXUSDT,2024-03-13 15:15:00+00:00,7,1.3703105
1359973,TRXUSDT,2024-06-20 12:00:00+00:00,9,1.2784365
1360544,TRXUSDT,2024-06-26 10:45:00+00:00,0,1.216618
1375081,TRXUSDT,2024-11-24 21:00:00+00:00,9,1.2745422
1354776,TRXUSDT,2024-04-27 08:45:00+00:00,5,1.3169022
1344218,TRXUSDT,2024-01-08 09:15:00+00:00,0,1.3298734
1334543,TRXUSDT,2023-09-29 14:30:00+00:00,8,1.1421595
1368594,TRXUSDT,2024-09-18 07:15:00+00:00,1,1.2726613
1311443,TRXUSDT,2023-01-31 23:30:00+00:00,7,1.3563759
1312946,TRXUSDT,2023-02-16 15:15:00+00:00,7,1.225978
1357442,TRXUSDT,2024-05-25 03:15:00+00:00,4,1.3215504
1312132,TRXUSDT,2023-02-08 03:45:00+00:00,2,1.1915371
1353277,TRXUSDT,2024-04-11 18:00:00+00:00,3,1.2833644
1313859,TRXUSDT,2023-02-26 03:30:00+00:00,1,1.3069081
1312123,TRXUSDT,2023-02-08 01:30:00+00:00,2,1.3487849
1358819,TRXUSDT,2024-06-08 11:30:00+00:00,4,1.3035415
1323032,TRXUSDT,2023-06-01 16:45:00+00:00,9,1.1937306
1347164,TRXUSDT,2024-02-08 01:45:00+00:00,8,1.2611476
1350921,TRXUSDT,2024-03-18 05:00:00+00:00,3,1.2820637
1323122,TRXUSDT,2023-06-02 15:15:00+00:00,5,1.1182263
1330109,TRXUSDT,2023-08-14 10:00:00+00:00,3,1.3623174
1338115,TRXUSDT,2023-11-05 19:30:00+00:00,7,1.1334629
1354263,TRXUSDT,2024-04-22 00:30:00+00:00,9,1.2298703
1327656,TRXUSDT,2023-07-19 20:45:00+00:00,9,1.3204206
1363568,TRXUSDT,2024-07-27 22:45:00+00:00,8,1.279166
1371718,TRXUSDT,2024-10-20 20:15:00+00:00,1,1.4919902
1312145,TRXUSDT,2023-02-08 07:00:00+00:00,2,1.2417408
1329099,TRXUSDT,2023-08-03 21:30:00+00:00,8,1.2776059
1362502,TRXUSDT,2024-07-16 20:15:00+00:00,8,1.1865547
1322785,TRXUSDT,2023-05-30 03:00:00+00:00,2,1.237893
1319621,TRXUSDT,2023-04-27 04:00:00+00:00,1,1.2731469
1324913,TRXUSDT,2023-06-21 07:00:00+00:00,2,1.231783
1316539,TRXUSDT,2023-03-26 01:30:00+00:00,0,1.1242322
1324783,TRXUSDT,2023-06-19 22:30:00+00:00,9,1.2877678
1348036,TRXUSDT,2024-02-17 03:45:00+00:00,9,1.2369229
1344345,TRXUSDT,2024-01-09 17:00:00+00:00,7,1.0850475
1368769,TRXUSDT,2024-09-20 03:00:00+00:00,0,1.2941548
1324475,TRXUSDT,2023-06-16 17:30:00+00:00,0,1.1801605
1332830,TRXUSDT,2023-09-11 18:15:00+00:00,3,1.1753416
1377533,TRXUSDT,2024-12-20 10:00:00+00:00,4,1.2939327
1332746,TRXUSDT,2023-09-10 21:15:00+00:00,3,1.1355898
1371157,TRXUSDT,2024-10-15 00:00:00+00:00,8,1.2618153
1371388,TRXUSDT,2024-10-17 09:45:00+00:00,0,1.1604755
1329305,TRXUSDT,2023-08-06 01:00:00+00:00,6,1.1652614
1315182,TRXUSDT,2023-03-11 22:15:00+00:00,9,1.3319528
1326759,TRXUSDT,2023-07-10 12:30:00+00:00,3,1.1689606
1311213,TRXUSDT,2023-01-29 14:00:00+00:00,6,1.2426721
1331469,TRXUSDT,2023-08-28 14:00:00+00:00,7,1.3169128
1367205,TRXUSDT,2024-09-03 20:00:00+00:00,3,1.2329358
1366084,TRXUSDT,2024-08-23 03:45:00+00:00,1,1.1842487
1318994,TRXUSDT,2023-04-20 15:15:00+00:00,4,1.1920741
1332547,TRXUSDT,2023-09-08 19:30:00+00:00,0,1.1918968
1341142,TRXUSDT,2023-12-07 08:15:00+00:00,8,1.1675012
1315127,TRXUSDT,2023-03-11 08:30:00+00:00,7,1.2799773
1344606,TRXUSDT,2024-01-12 10:15:00+00:00,2,1.1798435
1343728,TRXUSDT,2024-01-03 06:45:00+00:00,2,1.2000484
1373552,TRXUSDT,2024-11-08 22:45:00+00:00,6,1.0799251
1372246,TRXUSDT,2024-10-26 08:15:00+00:00,1,1.2440745
1336608,TRXUSDT,2023-10-21 02:45:00+00:00,8,1.1933953
1317545,TRXUSDT,2023-04-05 13:00:00+00:00,0,1.2630838
1357778,TRXUSDT,2024-05-28 15:15:00+00:00,4,1.2950708
1362447,TRXUSDT,2024-07-16 06:30:00+00:00,4,1.2107285
1341722,TRXUSDT,2023-12-13 09:15:00+00:00,2,1.1581445
1346493,TRXUSDT,2024-02-01 02:00:00+00:00,7,1.2797862
1357296,TRXUSDT,2024-05-23 14:45:00+00:00,7,1.1705704
1353355,TRXUSDT,2024-04-12 13:30:00+00:00,4,1.165213
1324563,TRXUSDT,2023-06-17 15:30:00+00:00,8,1.1837431
1327497,TRXUSDT,2023-07-18 05:00:00+00:00,9,1.2459066
1334086,TRXUSDT,2023-09-24 20:15:00+00:00,4,1.1857203
1327400,TRXUSDT,2023-07-17 04:45:00+00:00,0,1.2207224
1324515,TRXUSDT,2023-06-17 03:30:00+00:00,1,1.1916823
1333553,TRXUSDT,2023-09-19 07:00:00+00:00,2,1.204351
1352843,TRXUSDT,2024-04-07 05:30:00+00:00,9,1.2898568
1348917,TRXUSDT,2024-02-26 08:00:00+00:00,5,1.2937169
1335728,TRXUSDT,2023-10-11 22:45:00+00:00,1,1.3028165
1328222,TRXUSDT,2023-07-25 18:15:00+00:00,9,1.3196936
1366792,TRXUSDT,2024-08-30 12:45:00+00:00,5,1.260561
1317414,TRXUSDT,2023-04-04 04:15:00+00:00,0,1.1903278
1329175,TRXUSDT,2023-08-04 16:30:00+00:00,5,1.2141196
1315201,TRXUSDT,2023-03-12 03:00:00+00:00,9,1.2147231
1351002,TRXUSDT,2024-03-19 01:15:00+00:00,4,1.2858245
1316221,TRXUSDT,2023-03-22 18:00:00+00:00,4,1.162641
1326059,TRXUSDT,2023-07-03 05:30:00+00:00,0,1.2423104
1315178,TRXUSDT,2023-03-11 21:15:00+00:00,0,1.1350751
1325644,TRXUSDT,2023-06-28 21:45:00+00:00,3,1.1854479
1377904,TRXUSDT,2024-12-24 06:45:00+00:00,3,1.2639762
1369698,TRXUSDT,2024-09-29 19:15:00+00:00,9,1.2492203
1328069,TRXUSDT,2023-07-24 04:00:00+00:00,4,1.1588454
1333577,TRXUSDT,2023-09-19 13:00:00+00:00,4,1.183644
1349858,TRXUSDT,2024-03-07 03:15:00+00:00,2,1.1980602
1319841,TRXUSDT,2023-04-29 11:00:00+00:00,8,1.1859404
1311847,TRXUSDT,2023-02-05 04:30:00+00:00,3,1.2367665
1337120,TRXUSDT,2023-10-26 10:45:00+00:00,2,1.3291669
1332486,TRXUSDT,2023-09-08 04:15:00+00:00,9,1.2159936
1348583,TRXUSDT,2024-02-22 20:30:00+00:00,3,1.1427777
1335346,TRXUSDT,2023-10-07 23:15:00+00:00,3,1.192211
1377031,TRXUSDT,2024-12-15 04:30:00+00:00,1,1.1699767
1337636,TRXUSDT,2023-10-31 19:45:00+00:00,3,1.1006386
1342499,TRXUSDT,2023-12-21 11:30:00+00:00,0,1.2707105
1331288,TRXUSDT,2023-08-26 16:45:00+00:00,4,1.3019583
1311970,TRXUSDT,2023-02-06 11:15:00+00:00,2,1.2280322
1345157,TRXUSDT,2024-01-18 04:00:00+00:00,9,1.2485455
1328421,TRXUSDT,2023-07-27 20:00:00+00:00,8,1.2321123
1330979,TRXUSDT,2023-08-23 11:30:00+00:00,9,1.1096503
1334313,TRXUSDT,2023-09-27 05:00:00+00:00,9,1.1385759
1370411,TRXUSDT,2024-10-07 05:30:00+00:00,3,1.3278996
1370361,TRXUSDT,2024-10-06 17:00:00+00:00,5,1.1599954
1366331,TRXUSDT,2024-08-25 17:30:00+00:00,9,1.2648032
1365833,TRXUSDT,2024-08-20 13:00:00+00:00,0,1.222936
1311603,TRXUSDT,2023-02-02 15:30:00+00:00,5,1.205292
1323118,TRXUSDT,2023-06-02 14:15:00+00:00,5,1.2021574
1465130,XRPUSDT,2023-09-26 21:30:00+00:00,4,1.1265355
1446000,XRPUSDT,2023-03-11 15:00:00+00:00,1,1.1365855
1449775,XRPUSDT,2023-04-19 22:45:00+00:00,3,1.2292055
1493223,XRPUSDT,2024-07-15 12:45:00+00:00,5,1.1754922
1460700,XRPUSDT,2023-08-11 18:00:00+00:00,5,1.2123867
1492148,XRPUSDT,2024-07-04 08:00:00+00:00,4,1.2925775
1469075,XRPUSDT,2023-11-06 23:45:00+00:00,2,1.2679396
1449037,XRPUSDT,2023-04-12 06:15:00+00:00,3,1.3293295
1452279,XRPUSDT,2023-05-16 00:45:00+00:00,8,1.2648351
1466075,XRPUSDT,2023-10-06 17:45:00+00:00,3,1.2785025
1474182,XRPUSDT,2023-12-30 04:30:00+00:00,1,1.1726483
1452762,XRPUSDT,2023-05-21 01:30:00+00:00,0,1.243134
1475073,XRPUSDT,2024-01-08 11:15:00+00:00,1,1.2327741
1488860,XRPUSDT,2024-05-31 02:00:00+00:00,1,1.2679976
1504327,XRPUSDT,2024-11-08 04:45:00+00:00,8,1.1499763
1488139,XRPUSDT,2024-05-23 13:45:00+00:00,0,1.320914
1470534,XRPUSDT,2023-11-22 04:30:00+00:00,3,1.3014416
1455495,XRPUSDT,2023-06-18 12:45:00+00:00,0,1.1899947
1439938,XRPUSDT,2023-01-07 11:30:00+00:00,1,1.229746
1504237,XRPUSDT,2024-11-07 06:15:00+00:00,9,1.3072579
1496979,XRPUSDT,2024-08-23 15:45:00+00:00,5,1.401595
1462825,XRPUSDT,2023-09-02 21:15:00+00:00,6,1.2337625
1500610,XRPUSDT,2024-09-30 11:30:00+00:00,4,1.2120444
1458066,XRPUSDT,2023-07-15 07:30:00+00:00,2,1.242928
1480798,XRPUSDT,2024-03-08 02:30:00+00:00,8,1.2183747
1483292,XRPUSDT,2024-04-03 02:00:00+00:00,3,1.2671608
1458892,XRPUSDT,2023-07-23 22:00:00+00:00,4,1.1993531
1476516,XRPUSDT,2024-01-23 12:00:00+00:00,7,1.3274316
1444567,XRPUSDT,2023-02-24 16:45:00+00:00,4,1.1071521
1464455,XRPUSDT,2023-09-19 20:45:00+00:00,9,1.2366769
1482441,XRPUSDT,2024-03-25 05:15:00+00:00,3,1.2272823
1474451,XRPUSDT,2024-01-01 23:45:00+00:00,0,1.2165028
1465613,XRPUSDT,2023-10-01 22:15:00+00:00,3,1.2210667
1480473,XRPUSDT,2024-03-04 17:15:00+00:00,4,1.1373996
1490673,XRPUSDT,2024-06-18 23:15:00+00:00,3,1.3497732
1462271,XRPUSDT,2023-08-28 02:45:00+00:00,3,1.2992549
1464537,XRPUSDT,2023-09-20 17:15:00+00:00,0,1.1161697
1485479,XRPUSDT,2024-04-25 20:45:00+00:00,9,1.4196917
1507464,XRPUSDT,2024-12-10 21:00:00+00:00,0,1.243836
1469495,XRPUSDT,2023-11-11 08:45:00+00:00,0,1.3441195
1452479,XRPUSDT,2023-05-18 02:45:00+00:00,1,1.2571367
1491706,XRPUSDT,2024-06-29 17:30:00+00:00,3,1.3346359
1498725,XRPUSDT,2024-09-10 20:15:00+00:00,3,1.1232649
1490776,XRPUSDT,2024-06-20 01:00:00+00:00,3,1.2986889
1461621,XRPUSDT,2023-08-21 08:15:00+00:00,4,1.0684234
1496167,XRPUSDT,2024-08-15 04:45:00+00:00,4,1.0785694
1482474,XRPUSDT,2024-03-25 13:30:00+00:00,7,1.1649889
1494138,XRPUSDT,2024-07-25 01:30:00+00:00,4,1.2014259
1477303,XRPUSDT,2024-01-31 16:45:00+00:00,3,1.1502514
1480287,XRPUSDT,2024-03-02 18:45:00+00:00,6,1.2333131
1440165,XRPUSDT,2023-01-09 20:15:00+00:00,4,1.1392565
1474742,XRPUSDT,2024-01-05 00:30:00+00:00,2,1.132595
1467644,XRPUSDT,2023-10-23 02:00:00+00:00,0,1.2178755
1463809,XRPUSDT,2023-09-13 03:15:00+00:00,2,1.313492
1495038,XRPUSDT,2024-08-03 10:30:00+00:00,8,1.2429446
1495068,XRPUSDT,2024-08-03 18:00:00+00:00,4,1.186872
1506853,XRPUSDT,2024-12-04 12:15:00+00:00,2,1.2432857
1493810,XRPUSDT,2024-07-21 15:30:00+00:00,3,1.1200032
1506531,XRPUSDT,2024-12-01 03:45:00+00:00,8,1.243861
1452536,XRPUSDT,2023-05-18 17:00:00+00:00,8,1.3775145
1452817,XRPUSDT,2023-05-21 15:15:00+00:00,7,1.2093459
1500771,XRPUSDT,2024-10-02 03:45:00+00:00,2,1.3464966
1449989,XRPUSDT,2023-04-22 04:15:00+00:00,9,1.3018545
1497376,XRPUSDT,2024-08-27 19:00:00+00:00,9,1.2955368
1508047,XRPUSDT,2024-12-16 22:45:00+00:00,3,1.2421366
1494811,XRPUSDT,2024-08-01 01:45:00+00:00,3,1.3224103
1445151,XRPUSDT,2023-03-02 18:45:00+00:00,3,1.2800504
1477817,XRPUSDT,2024-02-06 01:15:00+00:00,2,1.2372502
1467792,XRPUSDT,2023-10-24 15:00:00+00:00,9,1.3079951
1501262,XRPUSDT,2024-10-07 06:30:00+00:00,4,1.1942002
1489076,XRPUSDT,2024-06-02 08:00:00+00:00,4,1.1259577
1490770,XRPUSDT,2024-06-19 23:30:00+00:00,6,1.3165567
1465263,XRPUSDT,2023-09-28 06:45:00+00:00,4,1.2642516
1456468,XRPUSDT,2023-06-28 16:00:00+00:00,3,1.2634764
1439797,XRPUSDT,2023-01-06 00:15:00+00:00,4,1.235327
1479506,XRPUSDT,2024-02-23 15:30:00+00:00,4,1.1584827
1451912,XRPUSDT,2023-05-12 05:00:00+00:00,0,1.162763
1457413,XRPUSDT,2023-07-08 12:15:00+00:00,5,1.2045249
1443166,XRPUSDT,2023-02-10 02:30:00+00:00,1,1.2075279
1456220,XRPUSDT,2023-06-26 02:00:00+00:00,4,1.2404152
1488474,XRPUSDT,2024-05-27 01:30:00+00:00,3,1.1695557
1470135,XRPUSDT,2023-11-18 00:45:00+00:00,8,1.3193762
1508411,XRPUSDT,2024-12-20 17:45:00+00:00,6,1.3039787
1455185,XRPUSDT,2023-06-15 07:15:00+00:00,4,1.2482206
1456291,XRPUSDT,2023-06-26 19:45:00+00:00,8,1.3273766
1499244,XRPUSDT,2024-09-16 06:00:00+00:00,0,1.1650237
1468626,XRPUSDT,2023-11-02 07:30:00+00:00,2,1.2100931
1497566,XRPUSDT,2024-08-29 18:30:00+00:00,4,1.1314883
1462048,XRPUSDT,2023-08-25 19:00:00+00:00,0,1.2411559
1466652,XRPUSDT,2023-10-12 18:00:00+00:00,0,1.1874217
1467567,XRPUSDT,2023-10-22 06:45:00+00:00,3,1.2546711
1453211,XRPUSDT,2023-05-25 17:45:00+00:00,4,1.2837394
1462279,XRPUSDT,2023-08-28 04:45:00+00:00,3,1.2855078
1508621,XRPUSDT,2024-12-22 22:15:00+00:00,4,1.2720723
1507354,XRPUSDT,2024-12-09 17:30:00+00:00,8,1.1652497
1472274,XRPUSDT,2023-12-10 07:30:00+00:00,2,1.2678325
1461471,XRPUSDT,2023-08-19 18:45:00+00:00,1,1.2234457
1499878,XRPUSDT,2024-09-22 20:30:00+00:00,0,1.1606332
1447120,XRPUSDT,2023-03-23 07:00:00+00:00,1,1.2207361
1476365,XRPUSDT,2024-01-21 22:15:00+00:00,5,1.2264701
1462324,XRPUSDT,2023-08-28 16:00:00+00:00,0,1.2896913
1465958,XRPUSDT,2023-10-05 12:30:00+00:00,1,1.3047394
1472472,XRPUSDT,2023-12-12 09:00:00+00:00,0,1.2278262
1506983,XRPUSDT,2024-12-05 20:45:00+00:00,4,1.1848891
1443540,XRPUSDT,2023-02-14 00:00:00+00:00,8,1.270564
1461805,XRPUSDT,2023-08-23 06:15:00+00:00,2,1.1571671
1495847,XRPUSDT,2024-08-11 20:45:00+00:00,7,1.1317344
1444492,XRPUSDT,2023-02-23 22:00:00+00:00,3,1.3004743
1460890,XRPUSDT,2023-08-13 17:30:00+00:00,0,1.2017261
1480758,XRPUSDT,2024-03-07 16:30:00+00:00,4,1.2724948
1467173,XRPUSDT,2023-10-18 04:15:00+00:00,2,1.2905293
1472033,XRPUSDT,2023-12-07 19:15:00+00:00,0,1.3251909
1463858,XRPUSDT,2023-09-13 15:30:00+00:00,9,1.2874757
1448627,XRPUSDT,2023-04-07 23:45:00+00:00,9,1.1260757
1491813,XRPUSDT,2024-06-30 20:15:00+00:00,0,1.2257392
1495382,XRPUSDT,2024-08-07 00:30:00+00:00,4,1.2280927
1491465,XRPUSDT,2024-06-27 05:15:00+00:00,2,1.2054623
1447591,XRPUSDT,2023-03-28 04:45:00+00:00,9,1.2674472
1473579,XRPUSDT,2023-12-23 21:45:00+00:00,8,1.2432781
1450563,XRPUSDT,2023-04-28 03:45:00+00:00,0,1.1906093
1505946,XRPUSDT,2024-11-25 01:30:00+00:00,4,1.2650737
1478508,XRPUSDT,2024-02-13 06:00:00+00:00,4,1.2603815
1457037,XRPUSDT,2023-07-04 14:15:00+00:00,7,1.1841673
1460231,XRPUSDT,2023-08-06 20:45:00+00:00,6,1.2379187
1480444,XRPUSDT,2024-03-04 10:00:00+00:00,0,1.2422005
1479539,XRPUSDT,2024-02-23 23:45:00+00:00,4,1.2714876
1496469,XRPUSDT,2024-08-18 08:15:00+00:00,1,1.2556363
1463934,XRPUSDT,2023-09-14 10:30:00+00:00,1,1.2186241
1506835,XRPUSDT,2024-12-04 07:45:00+00:00,1,1.2683771
1486830,XRPUSDT,2024-05-09 22:30:00+00:00,9,1.2707098
1506347,XRPUSDT,2024-11-29 05:45:00+00:00,9,1.1885098
1482971,XRPUSDT,2024-03-30 17:45:00+00:00,0,1.2482363
1472444,XRPUSDT,2023-12-12 02:00:00+00:00,1,1.2979963
1499084,XRPUSDT,2024-09-14 14:00:00+00:00,0,1.1871122
1440053,XRPUSDT,2023-01-08 16:15:00+00:00,0,1.197776
1463359,XRPUSDT,2023-09-08 10:45:00+00:00,7,1.1447364
1442938,XRPUSDT,2023-02-07 17:30:00+00:00,4,1.1557591
1452234,XRPUSDT,2023-05-15 13:30:00+00:00,4,1.2285535
1460041,XRPUSDT,2023-08-04 21:15:00+00:00,4,1.1129122
1493841,XRPUSDT,2024-07-21 23:15:00+00:00,6,1.2767187
1451414,XRPUSDT,2023-05-07 00:30:00+00:00,8,1.2794664
1478260,XRPUSDT,2024-02-10 16:00:00+00:00,6,1.1786636
1464054,XRPUSDT,2023-09-15 16:30:00+00:00,6,1.2883371
1508081,XRPUSDT,2024-12-17 07:15:00+00:00,1,1.1758622
1496919,XRPUSDT,2024-08-23 00:45:00+00:00,3,1.3867671
1482177,XRPUSDT,2024-03-22 11:15:00+00:00,4,1.1721983
1450811,XRPUSDT,2023-04-30 17:45:00+00:00,0,1.2573013
1484824,XRPUSDT,2024-04-19 01:00:00+00:00,4,1.249579
1464844,XRPUSDT,2023-09-23 22:00:00+00:00,8,1.2041919
1493952,XRPUSDT,2024-07-23 03:00:00+00:00,3,1.3119341
1449894,XRPUSDT,2023-04-21 04:30:00+00:00,0,1.2290527
1448552,XRPUSDT,2023-04-07 05:00:00+00:00,8,1.1931185
1440245,XRPUSDT,2023-01-10 16:15:00+00:00,5,1.1749959
1482142,XRPUSDT,2024-03-22 02:30:00+00:00,4,1.1309695
1484564,XRPUSDT,2024-04-16 08:00:00+00:00,3,1.267919
1483336,XRPUSDT,2024-04-03 13:00:00+00:00,4,1.3224086
1453822,XRPUSDT,2023-06-01 02:30:00+00:00,8,1.1633551
1445275,XRPUSDT,2023-03-04 01:45:00+00:00,9,1.3024081
1460134,XRPUSDT,2023-08-05 20:30:00+00:00,3,1.2478119
1465622,XRPUSDT,2023-10-02 00:30:00+00:00,0,1.2758573
1468131,XRPUSDT,2023-10-28 03:45:00+00:00,1,1.1973982
1440833,XRPUSDT,2023-01-16 19:15:00+00:00,3,1.322449
1475603,XRPUSDT,2024-01-13 23:45:00+00:00,8,1.2123451
1467336,XRPUSDT,2023-10-19 21:00:00+00:00,0,1.2073641
1507783,XRPUSDT,2024-12-14 04:45:00+00:00,0,1.2416731
1461866,XRPUSDT,2023-08-23 21:30:00+00:00,8,1.149293
1489991,XRPUSDT,2024-06-11 20:45:00+00:00,3,1.3648033
1488304,XRPUSDT,2024-05-25 07:00:00+00:00,1,1.3076911
1500365,XRPUSDT,2024-09-27 22:15:00+00:00,6,1.1828108
1474130,XRPUSDT,2023-12-29 15:30:00+00:00,5,1.1405673
1505981,XRPUSDT,2024-11-25 10:15:00+00:00,9,1.2404962
1448812,XRPUSDT,2023-04-09 22:00:00+00:00,0,1.1006459
1486391,XRPUSDT,2024-05-05 08:45:00+00:00,0,1.1347921
1470181,XRPUSDT,2023-11-18 12:15:00+00:00,1,1.2564715
1455114,XRPUSDT,2023-06-14 13:30:00+00:00,2,1.2761288
1452500,XRPUSDT,2023-05-18 08:00:00+00:00,1,1.2565626
1499657,XRPUSDT,2024-09-20 13:15:00+00:00,4,1.344694
1446867,XRPUSDT,2023-03-20 15:45:00+00:00,2,1.2295693
1442650,XRPUSDT,2023-02-04 17:30:00+00:00,5,1.2071791
1472751,XRPUSDT,2023-12-15 06:45:00+00:00,4,1.1750041
1444171,XRPUSDT,2023-02-20 13:45:00+00:00,9,1.1814055
1500884,XRPUSDT,2024-10-03 08:00:00+00:00,4,1.2743624
1450503,XRPUSDT,2023-04-27 12:45:00+00:00,2,1.2763178
1484867,XRPUSDT,2024-04-19 11:45:00+00:00,9,1.1873491
1459143,XRPUSDT,2023-07-26 12:45:00+00:00,5,1.1267043
1439424,XRPUSDT,2023-01-02 03:00:00+00:00,1,1.4260807
1500105,XRPUSDT,2024-09-25 05:15:00+00:00,4,1.1470268
1466971,XRPUSDT,2023-10-16 01:45:00+00:00,5,1.1850774
1473257,XRPUSDT,2023-12-20 13:15:00+00:00,0,1.219927
1444704,XRPUSDT,2023-02-26 03:00:00+00:00,6,1.1881895
1466779,XRPUSDT,2023-10-14 01:45:00+00:00,8,1.2941676
1481837,XRPUSDT,2024-03-18 22:15:00+00:00,0,1.2537184
1493643,XRPUSDT,2024-07-19 21:45:00+00:00,8,1.1755762
1440572,XRPUSDT,2023-01-14 02:00:00+00:00,0,1.1528324
1468510,XRPUSDT,2023-11-01 02:30:00+00:00,2,1.2571924
1459095,XRPUSDT,2023-07-26 00:45:00+00:00,3,1.2665966
1463595,XRPUSDT,2023-09-10 21:45:00+00:00,3,1.2066737
1492182,XRPUSDT,2024-07-04 16:30:00+00:00,4,1.2117018
1447197,XRPUSDT,2023-03-24 02:15:00+00:00,8,1.281555
1502682,XRPUSDT,2024-10-22 01:30:00+00:00,4,1.3717204
1489868,XRPUSDT,2024-06-10 14:00:00+00:00,9,1.2916832
1459681,XRPUSDT,2023-08-01 03:15:00+00:00,4,1.2682189
1452274,XRPUSDT,2023-05-15 23:30:00+00:00,2,1.2719524
1458888,XRPUSDT,2023-07-23 21:00:00+00:00,8,1.239508
1450924,XRPUSDT,2023-05-01 22:00:00+00:00,3,1.1492157
1499590,XRPUSDT,2024-09-19 20:30:00+00:00,9,1.1652368
1480036,XRPUSDT,2024-02-29 04:00:00+00:00,0,1.1845183
1457385,XRPUSDT,2023-07-08 05:15:00+00:00,8,1.2119571
1485914,XRPUSDT,2024-04-30 09:30:00+00:00,4,1.2248781
1458280,XRPUSDT,2023-07-17 13:00:00+00:00,3,1.318927
1505765,XRPUSDT,2024-11-23 04:15:00+00:00,8,1.3390045
1451093,XRPUSDT,2023-05-03 16:15:00+00:00,7,1.2341478
1505694,XRPUSDT,2024-11-22 10:30:00+00:00,4,1.2216495
1502104,XRPUSDT,2024-10-16 01:00:00+00:00,3,1.2967128
1495759,XRPUSDT,2024-08-10 22:45:00+00:00,7,1.2699999
1474457,XRPUSDT,2024-01-02 01:15:00+00:00,0,1.2714918
1481193,XRPUSDT,2024-03-12 05:15:00+00:00,2,1.3435476
1453460,XRPUSDT,2023-05-28 08:00:00+00:00,1,1.2289394
1494543,XRPUSDT,2024-07-29 06:45:00+00:00,9,1.2846229
1489780,XRPUSDT,2024-06-09 16:00:00+00:00,6,1.1712799
1480837,XRPUSDT,2024-03-08 12:15:00+00:00,0,1.2593644
1463214,XRPUSDT,2023-09-06 22:30:00+00:00,9,1.2065395
1452947,XRPUSDT,2023-05-22 23:45:00+00:00,2,1.2415321
1499152,XRPUSDT,2024-09-15 07:00:00+00:00,1,1.2405704
1496861,XRPUSDT,2024-08-22 10:15:00+00:00,9,1.2810848
1485902,XRPUSDT,2024-04-30 06:30:00+00:00,4,1.2978098
1465136,XRPUSDT,2023-09-26 23:00:00+00:00,4,1.1581591
1442152,XRPUSDT,2023-01-30 13:00:00+00:00,7,1.219566
1467013,XRPUSDT,2023-10-16 12:15:00+00:00,9,1.3042107
1490999,XRPUSDT,2024-06-22 08:45:00+00:00,8,1.2389435
1472518,XRPUSDT,2023-12-12 20:30:00+00:00,7,1.2459439
1459495,XRPUSDT,2023-07-30 04:45:00+00:00,3,1.1636453
1453833,XRPUSDT,2023-06-01 05:15:00+00:00,3,1.2247732
1461568,XRPUSDT,2023-08-20 19:00:00+00:00,3,1.2155639
1493780,XRPUSDT,2024-07-21 08:00:00+00:00,4,1.1234478
1440183,XRPUSDT,2023-01-10 00:45:00+00:00,3,1.2380449
1502544,XRPUSDT,2024-10-20 15:00:00+00:00,0,1.1832154
1480350,XRPUSDT,2024-03-03 10:30:00+00:00,5,1.3362569
1447266,XRPUSDT,2023-03-24 19:30:00+00:00,3,1.3054408
1482692,XRPUSDT,2024-03-27 20:00:00+00:00,3,1.1912006
1478310,XRPUSDT,2024-02-11 04:30:00+00:00,0,1.145442
1482384,XRPUSDT,2024-03-24 15:00:00+00:00,9,1.2308944
1505890,XRPUSDT,2024-11-24 11:30:00+00:00,4,1.1940728
1489066,XRPUSDT,2024-06-02 05:30:00+00:00,4,1.1767814
1457299,XRPUSDT,2023-07-07 07:45:00+00:00,8,1.3409579
1452720,XRPUSDT,2023-05-20 15:00:00+00:00,1,1.2427356
1477351,XRPUSDT,2024-02-01 04:45:00+00:00,2,1.2929462
1482684,XRPUSDT,2024-03-27 18:00:00+00:00,3,1.211964
1499720,XRPUSDT,2024-09-21 05:00:00+00:00,3,1.2664435
1488908,XRPUSDT,2024-05-31 14:00:00+00:00,4,1.2239914
1475780,XRPUSDT,2024-01-15 20:00:00+00:00,3,1.2576767
1458639,XRPUSDT,2023-07-21 06:45:00+00:00,8,1.2132162
1484265,XRPUSDT,2024-04-13 05:15:00+00:00,1,1.2407719
1466621,XRPUSDT,2023-10-12 10:15:00+00:00,3,1.2158691
1456276,XRPUSDT,2023-06-26 16:00:00+00:00,6,1.324869
1465228,XRPUSDT,2023-09-27 22:00:00+00:00,4,1.2168113
1504717,XRPUSDT,2024-11-12 06:15:00+00:00,7,1.2655859
1448467,XRPUSDT,2023-04-06 07:45:00+00:00,4,1.0770817
1465210,XRPUSDT,2023-09-27 17:30:00+00:00,5,1.2422521
1499405,XRPUSDT,2024-09-17 22:15:00+00:00,8,1.2429688
1502064,XRPUSDT,2024-10-15 15:00:00+00:00,4,1.1568809
1482575,XRPUSDT,2024-03-26 14:45:00+00:00,4,1.1510655
1449090,XRPUSDT,2023-04-12 19:30:00+00:00,7,1.1950777
1439620,XRPUSDT,2023-01-04 04:00:00+00:00,0,1.1774266
1466764,XRPUSDT,2023-10-13 22:00:00+00:00,0,1.3181412
1499324,XRPUSDT,2024-09-17 02:00:00+00:00,8,1.2344126
1465028,XRPUSDT,2023-09-25 20:00:00+00:00,9,1.1722931
1456980,XRPUSDT,2023-07-04 00:00:00+00:00,9,1.1854019
1479470,XRPUSDT,2024-02-23 06:30:00+00:00,1,1.28699
1493293,XRPUSDT,2024-07-16 06:15:00+00:00,4,1.2912211
1497879,XRPUSDT,2024-09-02 00:45:00+00:00,4,1.254404
1474553,XRPUSDT,2024-01-03 01:15:00+00:00,3,1.3037382
1495277,XRPUSDT,2024-08-05 22:15:00+00:00,2,1.3720014
1442382,XRPUSDT,2023-02-01 22:30:00+00:00,9,1.253178
1454580,XRPUSDT,2023-06-09 00:00:00+00:00,6,1.2051133
1492919,XRPUSDT,2024-07-12 08:45:00+00:00,0,1.261703
1492923,XRPUSDT,2024-07-12 09:45:00+00:00,0,1.2372954
1459118,XRPUSDT,2023-07-26 06:30:00+00:00,2,1.2311954
1488388,XRPUSDT,2024-05-26 04:00:00+00:00,8,1.09364
1506630,XRPUSDT,2024-12-02 04:30:00+00:00,9,1.3497448
1480693,XRPUSDT,2024-03-07 00:15:00+00:00,9,1.2132479
1501116,XRPUSDT,2024-10-05 18:00:00+00:00,7,1.2360162
1506126,XRPUSDT,2024-11-26 22:30:00+00:00,3,1.2580473
1460287,XRPUSDT,2023-08-07 10:45:00+00:00,3,1.142497
1497533,XRPUSDT,2024-08-29 10:15:00+00:00,2,1.3153622
1488534,XRPUSDT,2024-05-27 16:30:00+00:00,0,1.1419182
1486492,XRPUSDT,2024-05-06 10:00:00+00:00,0,1.1886293
1473086,XRPUSDT,2023-12-18 18:30:00+00:00,9,1.266691
1500726,XRPUSDT,2024-10-01 16:30:00+00:00,3,1.2240579
1461149,XRPUSDT,2023-08-16 10:15:00+00:00,4,1.2165153
1496186,XRPUSDT,2024-08-15 09:30:00+00:00,2,1.2890041
1458494,XRPUSDT,2023-07-19 18:30:00+00:00,0,1.1554412
1458981,XRPUSDT,2023-07-24 20:15:00+00:00,3,1.3148648
1508753,XRPUSDT,2024-12-24 07:15:00+00:00,2,1.3771715
1481141,XRPUSDT,2024-03-11 16:15:00+00:00,0,1.1362134
1452765,XRPUSDT,2023-05-21 02:15:00+00:00,6,1.2308373
1464932,XRPUSDT,2023-09-24 20:00:00+00:00,7,1.1319301
1456583,XRPUSDT,2023-06-29 20:45:00+00:00,5,1.2101929
1465993,XRPUSDT,2023-10-05 21:15:00+00:00,6,1.224644
1465777,XRPUSDT,2023-10-03 15:15:00+00:00,7,1.2595409
1495912,XRPUSDT,2024-08-12 13:00:00+00:00,9,1.0906034
1452716,XRPUSDT,2023-05-20 14:00:00+00:00,1,1.2385447
1495510,XRPUSDT,2024-08-08 08:30:00+00:00,9,1.4002588
1455773,XRPUSDT,2023-06-21 10:15:00+00:00,4,1.2131604
1439641,XRPUSDT,2023-01-04 09:15:00+00:00,2,1.2196788
1454449,XRPUSDT,2023-06-07 15:15:00+00:00,4,1.271624
1465563,XRPUSDT,2023-10-01 09:45:00+00:00,1,1.299005
1498400,XRPUSDT,2024-09-07 11:00:00+00:00,8,1.3426669
1479525,XRPUSDT,2024-02-23 20:15:00+00:00,3,1.2304715
1485346,XRPUSDT,2024-04-24 11:30:00+00:00,8,1.2444525
1452194,XRPUSDT,2023-05-15 03:30:00+00:00,5,1.2121757
1486547,XRPUSDT,2024-05-06 23:45:00+00:00,8,1.3658731
1477363,XRPUSDT,2024-02-01 07:45:00+00:00,2,1.2714857
1485766,XRPUSDT,2024-04-28 20:30:00+00:00,8,1.3200601
1458621,XRPUSDT,2023-07-21 02:15:00+00:00,8,1.1789705
1504989,XRPUSDT,2024-11-15 02:15:00+00:00,9,1.2971611
1475126,XRPUSDT,2024-01-09 00:30:00+00:00,4,1.2164332
1454519,XRPUSDT,2023-06-08 08:45:00+00:00,1,1.2199203
1493487,XRPUSDT,2024-07-18 06:45:00+00:00,7,1.2524137
1497419,XRPUSDT,2024-08-28 05:45:00+00:00,1,1.2668766
1503067,XRPUSDT,2024-10-26 01:45:00+00:00,8,1.4146267
1497507,XRPUSDT,2024-08-29 03:45:00+00:00,1,1.2820634
1441051,XRPUSDT,2023-01-19 01:45:00+00:00,8,1.1765947
1442249,XRPUSDT,2023-01-31 13:15:00+00:00,9,1.2338253
1466915,XRPUSDT,2023-10-15 11:45:00+00:00,5,1.3176491
1464998,XRPUSDT,2023-09-25 12:30:00+00:00,3,1.2369194
1471995,XRPUSDT,2023-12-07 09:45:00+00:00,4,1.302328
1497814,XRPUSDT,2024-09-01 08:30:00+00:00,3,1.3014306
1445014,XRPUSDT,2023-03-01 08:30:00+00:00,1,1.2419944
1473640,XRPUSDT,2023-12-24 13:00:00+00:00,3,1.2036855
1495512,XRPUSDT,2024-08-08 09:00:00+00:00,1,1.3415276
1481142,XRPUSDT,2024-03-11 16:30:00+00:00,0,1.1313016
1481061,XRPUSDT,2024-03-10 20:15:00+00:00,6,1.3410195
1469644,XRPUSDT,2023-11-12 22:00:00+00:00,6,1.1830069
1477805,XRPUSDT,2024-02-05 22:15:00+00:00,7,1.1994054
1492275,XRPUSDT,2024-07-05 15:45:00+00:00,9,1.32009
1504609,XRPUSDT,2024-11-11 03:15:00+00:00,1,1.38822
1498849,XRPUSDT,2024-09-12 03:15:00+00:00,1,1.2179435
1447912,XRPUSDT,2023-03-31 13:00:00+00:00,5,1.2451469
1487096,XRPUSDT,2024-05-12 17:00:00+00:00,7,1.346695
1467647,XRPUSDT,2023-10-23 02:45:00+00:00,6,1.2764832
1488287,XRPUSDT,2024-05-25 02:45:00+00:00,8,1.3169636
1504066,XRPUSDT,2024-11-05 11:30:00+00:00,2,1.1972829
1494461,XRPUSDT,2024-07-28 10:15:00+00:00,9,1.2726965
1466363,XRPUSDT,2023-10-09 17:45:00+00:00,5,1.4353873
1505598,XRPUSDT,2024-11-21 10:30:00+00:00,1,1.2815057
1443037,XRPUSDT,2023-02-08 18:15:00+00:00,3,1.1461331
1492180,XRPUSDT,2024-07-04 16:00:00+00:00,4,1.2300606
1460655,XRPUSDT,2023-08-11 06:45:00+00:00,2,1.263027
1503353,XRPUSDT,2024-10-29 01:15:00+00:00,0,1.312525
1474345,XRPUSDT,2023-12-31 21:15:00+00:00,4,1.1809982
1473692,XRPUSDT,2023-12-25 02:00:00+00:00,7,1.2205043
1501536,XRPUSDT,2024-10-10 03:00:00+00:00,1,1.186723
1443723,XRPUSDT,2023-02-15 21:45:00+00:00,0,1.2293694
1486717,XRPUSDT,2024-05-08 18:15:00+00:00,9,1.3512018
1464860,XRPUSDT,2023-09-24 02:00:00+00:00,3,1.2325518
1449569,XRPUSDT,2023-04-17 19:15:00+00:00,7,1.2732869
1498805,XRPUSDT,2024-09-11 16:15:00+00:00,5,1.1872756
1459469,XRPUSDT,2023-07-29 22:15:00+00:00,6,1.2436671
1470288,XRPUSDT,2023-11-19 15:00:00+00:00,0,1.0115012
1491824,XRPUSDT,2024-06-30 23:00:00+00:00,0,1.2336982
1482991,XRPUSDT,2024-03-30 22:45:00+00:00,4,1.1641042
1474819,XRPUSDT,2024-01-05 19:45:00+00:00,3,1.2041647
1482279,XRPUSDT,2024-03-23 12:45:00+00:00,1,1.332184
1447720,XRPUSDT,2023-03-29 13:00:00+00:00,4,1.1667603
1440978,XRPUSDT,2023-01-18 07:30:00+00:00,2,1.2077167
1444179,XRPUSDT,2023-02-20 15:45:00+00:00,0,1.1329967
1498493,XRPUSDT,2024-09-08 10:15:00+00:00,0,1.128178
1492259,XRPUSDT,2024-07-05 11:45:00+00:00,1,1.2797638
1481674,XRPUSDT,2024-03-17 05:30:00+00:00,3,1.3209919
1457765,XRPUSDT,2023-07-12 04:15:00+00:00,2,1.3040363
1462834,XRPUSDT,2023-09-02 23:30:00+00:00,3,1.2936319
1488209,XRPUSDT,2024-05-24 07:15:00+00:00,4,1.248985
1469279,XRPUSDT,2023-11-09 02:45:00+00:00,3,1.2499211
1477832,XRPUSDT,2024-02-06 05:00:00+00:00,2,1.160689
1473995,XRPUSDT,2023-12-28 05:45:00+00:00,9,1.2955564
1507641,XRPUSDT,2024-12-12 17:15:00+00:00,4,1.2226708
1444647,XRPUSDT,2023-02-25 12:45:00+00:00,8,1.3879523
1502017,XRPUSDT,2024-10-15 03:15:00+00:00,8,1.2721746
1439729,XRPUSDT,2023-01-05 07:15:00+00:00,2,1.2059206
1461720,XRPUSDT,2023-08-22 09:00:00+00:00,2,1.2826934
1456021,XRPUSDT,2023-06-24 00:15:00+00:00,4,1.2406409
1507973,XRPUSDT,2024-12-16 04:15:00+00:00,4,1.2010621
1478504,XRPUSDT,2024-02-13 05:00:00+00:00,2,1.3150994
1468089,XRPUSDT,2023-10-27 17:15:00+00:00,4,1.0967208
1505410,XRPUSDT,2024-11-19 11:30:00+00:00,2,1.2032988
1485715,XRPUSDT,2024-04-28 07:45:00+00:00,9,1.1633278
1474666,XRPUSDT,2024-01-04 05:30:00+00:00,1,1.3405006
1452890,XRPUSDT,2023-05-22 09:30:00+00:00,2,1.295293
1498342,XRPUSDT,2024-09-06 20:30:00+00:00,7,1.1461966
1484536,XRPUSDT,2024-04-16 01:00:00+00:00,7,1.2605811
1469505,XRPUSDT,2023-11-11 11:15:00+00:00,2,1.2848063
1457099,XRPUSDT,2023-07-05 05:45:00+00:00,2,1.1499306
1507635,XRPUSDT,2024-12-12 15:45:00+00:00,7,1.1772679
1443456,XRPUSDT,2023-02-13 03:00:00+00:00,7,1.2387114
1503518,XRPUSDT,2024-10-30 18:30:00+00:00,6,1.1949943
1459368,XRPUSDT,2023-07-28 21:00:00+00:00,6,1.1708053
1468069,XRPUSDT,2023-10-27 12:15:00+00:00,1,1.175598
1504910,XRPUSDT,2024-11-14 06:30:00+00:00,9,1.2781456
1481035,XRPUSDT,2024-03-10 13:45:00+00:00,4,1.2626439
1443019,XRPUSDT,2023-02-08 13:45:00+00:00,0,1.2030144
1500245,XRPUSDT,2024-09-26 16:15:00+00:00,0,1.1598957
1507850,XRPUSDT,2024-12-14 21:30:00+00:00,3,1.2330345
1466161,XRPUSDT,2023-10-07 15:15:00+00:00,1,1.1873944
1446191,XRPUSDT,2023-03-13 14:45:00+00:00,0,1.1928163
1451301,XRPUSDT,2023-05-05 20:15:00+00:00,5,1.1741924
1491189,XRPUSDT,2024-06-24 08:15:00+00:00,3,1.3123178
1488078,XRPUSDT,2024-05-22 22:30:00+00:00,3,1.1861354
1496211,XRPUSDT,2024-08-15 15:45:00+00:00,5,1.2259325
1453845,XRPUSDT,2023-06-01 08:15:00+00:00,2,1.2510353
1484185,XRPUSDT,2024-04-12 09:15:00+00:00,2,1.2113526
1474918,XRPUSDT,2024-01-06 20:30:00+00:00,8,1.1305162
1501108,XRPUSDT,2024-10-05 16:00:00+00:00,4,1.2332859
1442169,XRPUSDT,2023-01-30 17:15:00+00:00,3,1.2972807
1457690,XRPUSDT,2023-07-11 09:30:00+00:00,4,1.202827
1469055,XRPUSDT,2023-11-06 18:45:00+00:00,8,1.2300206
1489509,XRPUSDT,2024-06-06 20:15:00+00:00,4,1.1158625
1478842,XRPUSDT,2024-02-16 17:30:00+00:00,5,1.3137356
1444804,XRPUSDT,2023-02-27 04:00:00+00:00,5,1.3913629
1475819,XRPUSDT,2024-01-16 05:45:00+00:00,3,1.2550313
1448699,XRPUSDT,2023-04-08 17:45:00+00:00,7,1.1722118
1468422,XRPUSDT,2023-10-31 04:30:00+00:00,2,1.2181871
1490996,XRPUSDT,2024-06-22 08:00:00+00:00,2,1.3081836
1494639,XRPUSDT,2024-07-30 06:45:00+00:00,3,1.2716651
1465236,XRPUSDT,2023-09-28 00:00:00+00:00,8,1.2641594
1502878,XRPUSDT,2024-10-24 02:30:00+00:00,1,1.5044285
1447294,XRPUSDT,2023-03-25 02:30:00+00:00,0,1.2304839
1453384,XRPUSDT,2023-05-27 13:00:00+00:00,1,1.1694611
1471175,XRPUSDT,2023-11-28 20:45:00+00:00,9,1.2136171
1485146,XRPUSDT,2024-04-22 09:30:00+00:00,8,1.1543037
1466853,XRPUSDT,2023-10-14 20:15:00+00:00,8,1.1245084
1449998,XRPUSDT,2023-04-22 06:30:00+00:00,1,1.3095368
1475865,XRPUSDT,2024-01-16 17:15:00+00:00,8,1.2462165
1503087,XRPUSDT,2024-10-26 06:45:00+00:00,1,1.3791418
1443727,XRPUSDT,2023-02-15 22:45:00+00:00,0,1.2288721
1502581,XRPUSDT,2024-10-21 00:15:00+00:00,0,1.2028109
1448412,XRPUSDT,2023-04-05 18:00:00+00:00,3,1.21787
1473921,XRPUSDT,2023-12-27 11:15:00+00:00,0,1.1740692
1480387,XRPUSDT,2024-03-03 19:45:00+00:00,6,1.3550683
1492589,XRPUSDT,2024-07-08 22:15:00+00:00,1,1.2213811
1500483,XRPUSDT,2024-09-29 03:45:00+00:00,1,1.2446656
1494155,XRPUSDT,2024-07-25 05:45:00+00:00,3,1.3069676
1466573,XRPUSDT,2023-10-11 22:15:00+00:00,6,1.1440219
1463087,XRPUSDT,2023-09-05 14:45:00+00:00,4,1.3400064
1447967,XRPUSDT,2023-04-01 02:45:00+00:00,8,1.136384
1506313,XRPUSDT,2024-11-28 21:15:00+00:00,5,1.1734337
1488528,XRPUSDT,2024-05-27 15:00:00+00:00,0,1.0773027
1477016,XRPUSDT,2024-01-28 17:00:00+00:00,3,1.3045797
1493846,XRPUSDT,2024-07-22 00:30:00+00:00,8,1.2171504
1506171,XRPUSDT,2024-11-27 09:45:00+00:00,0,1.1727995
1482622,XRPUSDT,2024-03-27 02:30:00+00:00,2,1.159162
1496879,XRPUSDT,2024-08-22 14:45:00+00:00,4,1.3152362
1480042,XRPUSDT,2024-02-29 05:30:00+00:00,0,1.1470387
1445696,XRPUSDT,2023-03-08 11:00:00+00:00,0,1.2975924
1453774,XRPUSDT,2023-05-31 14:30:00+00:00,1,1.2295005
1474798,XRPUSDT,2024-01-05 14:30:00+00:00,4,1.1317241
1488048,XRPUSDT,2024-05-22 15:00:00+00:00,5,1.2075825
1450168,XRPUSDT,2023-04-24 01:00:00+00:00,0,1.1757839
1464697,XRPUSDT,2023-09-22 09:15:00+00:00,4,1.2118659
1457416,XRPUSDT,2023-07-08 13:00:00+00:00,4,1.1470575
1452634,XRPUSDT,2023-05-19 17:30:00+00:00,5,1.2969216
1475759,XRPUSDT,2024-01-15 14:45:00+00:00,4,1.0967436
1467002,XRPUSDT,2023-10-16 09:30:00+00:00,9,1.2320815
1451302,XRPUSDT,2023-05-05 20:30:00+00:00,9,1.1911925
1508256,XRPUSDT,2024-12-19 03:00:00+00:00,3,1.36173
1492558,XRPUSDT,2024-07-08 14:30:00+00:00,4,1.2913041
1480699,XRPUSDT,2024-03-07 01:45:00+00:00,5,1.2997043
1498377,XRPUSDT,2024-09-07 05:15:00+00:00,1,1.3194476
1452155,XRPUSDT,2023-05-14 17:45:00+00:00,5,1.1928056
1458996,XRPUSDT,2023-07-25 00:00:00+00:00,2,1.2641995
1457695,XRPUSDT,2023-07-11 10:45:00+00:00,3,1.2291689
1439977,XRPUSDT,2023-01-07 21:15:00+00:00,6,1.2611141
1490112,XRPUSDT,2024-06-13 03:00:00+00:00,4,1.2295595
1480713,XRPUSDT,2024-03-07 05:15:00+00:00,0,1.2745999
1439535,XRPUSDT,2023-01-03 06:45:00+00:00,0,1.2445982
1483676,XRPUSDT,2024-04-07 02:00:00+00:00,0,1.1348815
1481886,XRPUSDT,2024-03-19 10:30:00+00:00,4,1.1975832
1494819,XRPUSDT,2024-08-01 03:45:00+00:00,4,1.1218829
1462221,XRPUSDT,2023-08-27 14:15:00+00:00,5,1.1336699
1473610,XRPUSDT,2023-12-24 05:30:00+00:00,8,1.2140183
1481890,XRPUSDT,2024-03-19 11:30:00+00:00,7,1.3038437
1500389,XRPUSDT,2024-09-28 04:15:00+00:00,1,1.2698059
1465942,XRPUSDT,2023-10-05 08:30:00+00:00,1,1.1751049
1489511,XRPUSDT,2024-06-06 20:45:00+00:00,7,1.2170649
1469448,XRPUSDT,2023-11-10 21:00:00+00:00,6,1.1300235
1477382,XRPUSDT,2024-02-01 12:30:00+00:00,1,1.301916
1452848,XRPUSDT,2023-05-21 23:00:00+00:00,7,1.2242728
1508233,XRPUSDT,2024-12-18 21:15:00+00:00,7,1.2465996
1505562,XRPUSDT,2024-11-21 01:30:00+00:00,1,1.2862153
1467682,XRPUSDT,2023-10-23 11:30:00+00:00,5,1.2257038
1476317,XRPUSDT,2024-01-21 10:15:00+00:00,2,1.2113806
1481209,XRPUSDT,2024-03-12 09:15:00+00:00,3,1.3974768
1496975,XRPUSDT,2024-08-23 14:45:00+00:00,5,1.2797577
1469043,XRPUSDT,2023-11-06 15:45:00+00:00,9,1.264266
1473770,XRPUSDT,2023-12-25 21:30:00+00:00,0,1.3664244
1457289,XRPUSDT,2023-07-07 05:15:00+00:00,2,1.2480881
1501492,XRPUSDT,2024-10-09 16:00:00+00:00,5,1.3534917
1477206,XRPUSDT,2024-01-30 16:30:00+00:00,4,1.2158825
1457097,XRPUSDT,2023-07-05 05:15:00+00:00,9,1.214795
1441717,XRPUSDT,2023-01-26 00:15:00+00:00,9,1.2835702
1469874,XRPUSDT,2023-11-15 07:30:00+00:00,2,1.2952046
1481793,XRPUSDT,2024-03-18 11:15:00+00:00,4,1.2490731
1482715,XRPUSDT,2024-03-28 01:45:00+00:00,4,1.1865605
1506922,XRPUSDT,2024-12-05 05:30:00+00:00,3,1.2555829
1493910,XRPUSDT,2024-07-22 16:30:00+00:00,9,1.2001897
1451380,XRPUSDT,2023-05-06 16:00:00+00:00,4,1.2779158
1450330,XRPUSDT,2023-04-25 17:30:00+00:00,6,1.2674172
1474491,XRPUSDT,2024-01-02 09:45:00+00:00,3,1.2065563
1484079,XRPUSDT,2024-04-11 06:45:00+00:00,2,1.2142256
1481538,XRPUSDT,2024-03-15 19:30:00+00:00,0,1.2578756
1483707,XRPUSDT,2024-04-07 09:45:00+00:00,5,1.1710681
1440851,XRPUSDT,2023-01-16 23:45:00+00:00,8,1.2840227
1458623,XRPUSDT,2023-07-21 02:45:00+00:00,1,1.1876359
1448121,XRPUSDT,2023-04-02 17:15:00+00:00,0,1.1745751
1495343,XRPUSDT,2024-08-06 14:45:00+00:00,0,1.2467924
1483619,XRPUSDT,2024-04-06 11:45:00+00:00,8,1.208785
1443454,XRPUSDT,2023-02-13 02:30:00+00:00,7,1.203347
1488457,XRPUSDT,2024-05-26 21:15:00+00:00,7,1.1729871
1453485,XRPUSDT,2023-05-28 14:15:00+00:00,5,1.2126997
1477420,XRPUSDT,2024-02-01 22:00:00+00:00,9,1.1383829
1497119,XRPUSDT,2024-08-25 02:45:00+00:00,3,1.3305067
1495795,XRPUSDT,2024-08-11 07:45:00+00:00,2,1.2596103
1457045,XRPUSDT,2023-07-04 16:15:00+00:00,4,1.1697533
1493180,XRPUSDT,2024-07-15 02:00:00+00:00,3,1.2641159
1492725,XRPUSDT,2024-07-10 08:15:00+00:00,9,1.2035297
1493976,XRPUSDT,2024-07-23 09:00:00+00:00,3,1.241826
1491963,XRPUSDT,2024-07-02 09:45:00+00:00,9,1.275932
1470474,XRPUSDT,2023-11-21 13:30:00+00:00,9,1.2554162
1455145,XRPUSDT,2023-06-14 21:15:00+00:00,4,1.2871996
1458098,XRPUSDT,2023-07-15 15:30:00+00:00,2,1.2204169
1467547,XRPUSDT,2023-10-22 01:45:00+00:00,7,1.2342453
1481462,XRPUSDT,2024-03-15 00:30:00+00:00,6,1.2785834
1468078,XRPUSDT,2023-10-27 14:30:00+00:00,1,1.2026688
1497323,XRPUSDT,2024-08-27 05:45:00+00:00,1,1.2636871
1481859,XRPUSDT,2024-03-19 03:45:00+00:00,4,1.3176047
1450934,XRPUSDT,2023-05-02 00:30:00+00:00,9,1.2699915
1451806,XRPUSDT,2023-05-11 02:30:00+00:00,2,1.3164986
1441861,XRPUSDT,2023-01-27 12:15:00+00:00,1,1.1904637
1447615,XRPUSDT,2023-03-28 10:45:00+00:00,2,1.1556016
1478647,XRPUSDT,2024-02-14 16:45:00+00:00,5,1.3018985
1440967,XRPUSDT,2023-01-18 04:45:00+00:00,2,1.286336
1492948,XRPUSDT,2024-07-12 16:00:00+00:00,4,1.3182436
1499504,XRPUSDT,2024-09-18 23:00:00+00:00,9,1.2422497
1444072,XRPUSDT,2023-02-19 13:00:00+00:00,0,1.1834142
1508780,XRPUSDT,2024-12-24 14:00:00+00:00,0,1.1806271
1446267,XRPUSDT,2023-03-14 09:45:00+00:00,3,1.2466724
1457880,XRPUSDT,2023-07-13 09:00:00+00:00,5,1.1598845
1498420,XRPUSDT,2024-09-07 16:00:00+00:00,1,1.341983
1442394,XRPUSDT,2023-02-02 01:30:00+00:00,9,1.2856307
1440028,XRPUSDT,2023-01-08 10:00:00+00:00,5,1.202609
1486601,XRPUSDT,2024-05-07 13:15:00+00:00,2,1.3751252
1496355,XRPUSDT,2024-08-17 03:45:00+00:00,2,1.2954317
1481447,XRPUSDT,2024-03-14 20:45:00+00:00,3,1.3106143
1462869,XRPUSDT,2023-09-03 08:15:00+00:00,9,1.2418377
1503777,XRPUSDT,2024-11-02 11:15:00+00:00,1,1.2156646
1480555,XRPUSDT,2024-03-05 13:45:00+00:00,1,1.3052607
1508015,XRPUSDT,2024-12-16 14:45:00+00:00,3,1.170953
1490421,XRPUSDT,2024-06-16 08:15:00+00:00,8,1.1654446
1499751,XRPUSDT,2024-09-21 12:45:00+00:00,1,1.19616
1472810,XRPUSDT,2023-12-15 21:30:00+00:00,6,1.321087
1508965,XRPUSDT,2024-12-26 12:15:00+00:00,7,1.3068744
1464004,XRPUSDT,2023-09-15 04:00:00+00:00,0,1.171206
1440315,XRPUSDT,2023-01-11 09:45:00+00:00,9,1.321302
1465345,XRPUSDT,2023-09-29 03:15:00+00:00,1,1.2481412
1497760,XRPUSDT,2024-08-31 19:00:00+00:00,6,1.272724
1495990,XRPUSDT,2024-08-13 08:30:00+00:00,0,1.1630932
1492101,XRPUSDT,2024-07-03 20:15:00+00:00,7,1.1607097
1489321,XRPUSDT,2024-06-04 21:15:00+00:00,4,1.2716287
1456818,XRPUSDT,2023-07-02 07:30:00+00:00,8,1.2269741
1466688,XRPUSDT,2023-10-13 03:00:00+00:00,2,1.223272
1467258,XRPUSDT,2023-10-19 01:30:00+00:00,8,1.261308
1476169,XRPUSDT,2024-01-19 21:15:00+00:00,3,1.3569845
1460549,XRPUSDT,2023-08-10 04:15:00+00:00,2,1.1821752
1490576,XRPUSDT,2024-06-17 23:00:00+00:00,8,1.3304737
1490402,XRPUSDT,2024-06-16 03:30:00+00:00,1,1.2769538
1478158,XRPUSDT,2024-02-09 14:30:00+00:00,4,1.2898313
1460501,XRPUSDT,2023-08-09 16:15:00+00:00,0,1.1745174
1451793,XRPUSDT,2023-05-10 23:15:00+00:00,9,1.2866029
1493116,XRPUSDT,2024-07-14 10:00:00+00:00,5,1.2481736
1505024,XRPUSDT,2024-11-15 11:00:00+00:00,1,1.3426441
1498798,XRPUSDT,2024-09-11 14:30:00+00:00,4,1.1098926
1503770,XRPUSDT,2024-11-02 09:30:00+00:00,1,1.1991792
1470942,XRPUSDT,2023-11-26 10:30:00+00:00,0,1.1634576
1495032,XRPUSDT,2024-08-03 09:00:00+00:00,5,1.2455888
1442763,XRPUSDT,2023-02-05 21:45:00+00:00,7,1.3145583
1492678,XRPUSDT,2024-07-09 20:30:00+00:00,1,1.282713
1489400,XRPUSDT,2024-06-05 17:00:00+00:00,6,1.2277535
1505026,XRPUSDT,2024-11-15 11:30:00+00:00,3,1.2942362
1454262,XRPUSDT,2023-06-05 16:30:00+00:00,4,1.1183406
1454562,XRPUSDT,2023-06-08 19:30:00+00:00,9,1.1852204
1501187,XRPUSDT,2024-10-06 11:45:00+00:00,1,1.1609793
1492171,XRPUSDT,2024-07-04 13:45:00+00:00,7,1.2615312
1506729,XRPUSDT,2024-12-03 05:15:00+00:00,2,1.1608192
1487164,XRPUSDT,2024-05-13 10:00:00+00:00,0,1.2218149
1505915,XRPUSDT,2024-11-24 17:45:00+00:00,7,1.2636354
1501879,XRPUSDT,2024-10-13 16:45:00+00:00,3,1.319697
1459680,XRPUSDT,2023-08-01 03:00:00+00:00,4,1.1703312
1464913,XRPUSDT,2023-09-24 15:15:00+00:00,5,1.2871994
1507941,XRPUSDT,2024-12-15 20:15:00+00:00,7,1.2019972
1476961,XRPUSDT,2024-01-28 03:15:00+00:00,0,1.1631218
1474063,XRPUSDT,2023-12-28 22:45:00+00:00,1,1.2137196
1502369,XRPUSDT,2024-10-18 19:15:00+00:00,0,1.1947515
1504295,XRPUSDT,2024-11-07 20:45:00+00:00,1,1.2885004
1502116,XRPUSDT,2024-10-16 04:00:00+00:00,2,1.2144017
1441673,XRPUSDT,2023-01-25 13:15:00+00:00,2,1.2141691
1463352,XRPUSDT,2023-09-08 09:00:00+00:00,5,1.2155312
1479865,XRPUSDT,2024-02-27 09:15:00+00:00,1,1.0839261
1462773,XRPUSDT,2023-09-02 08:15:00+00:00,1,1.14189
1488368,XRPUSDT,2024-05-25 23:00:00+00:00,0,1.1911274
1459633,XRPUSDT,2023-07-31 15:15:00+00:00,4,1.1855606
1469111,XRPUSDT,2023-11-07 08:45:00+00:00,0,1.2422048
1471262,XRPUSDT,2023-11-29 18:30:00+00:00,3,1.1426916
1446343,XRPUSDT,2023-03-15 04:45:00+00:00,1,1.2565784
1454548,XRPUSDT,2023-06-08 16:00:00+00:00,1,1.2649045
1448048,XRPUSDT,2023-04-01 23:00:00+00:00,1,1.1391907
1466568,XRPUSDT,2023-10-11 21:00:00+00:00,3,1.2175434
1490138,XRPUSDT,2024-06-13 09:30:00+00:00,2,1.1939285
1460598,XRPUSDT,2023-08-10 16:30:00+00:00,2,1.3375045
1474599,XRPUSDT,2024-01-03 12:45:00+00:00,4,1.1597371
1488133,XRPUSDT,2024-05-23 12:15:00+00:00,5,1.2844449
1500298,XRPUSDT,2024-09-27 05:30:00+00:00,1,1.1322415
1445106,XRPUSDT,2023-03-02 07:30:00+00:00,2,1.4072
1488381,XRPUSDT,2024-05-26 02:15:00+00:00,6,1.1795808
1447946,XRPUSDT,2023-03-31 21:30:00+00:00,0,1.419432
1479785,XRPUSDT,2024-02-26 13:15:00+00:00,3,1.3085362
1451720,XRPUSDT,2023-05-10 05:00:00+00:00,9,1.1910214
1497245,XRPUSDT,2024-08-26 10:15:00+00:00,3,1.1886015
1503685,XRPUSDT,2024-11-01 12:15:00+00:00,1,1.3199114
1475265,XRPUSDT,2024-01-10 11:15:00+00:00,2,1.3526865
1460007,XRPUSDT,2023-08-04 12:45:00+00:00,0,1.1411463
1481613,XRPUSDT,2024-03-16 14:15:00+00:00,4,1.2175348
1468637,XRPUSDT,2023-11-02 10:15:00+00:00,0,1.2756377
1449763,XRPUSDT,2023-04-19 19:45:00+00:00,3,1.2583567
1487305,XRPUSDT,2024-05-14 21:15:00+00:00,2,1.2415929
1505511,XRPUSDT,2024-11-20 12:45:00+00:00,0,1.1615214
1487535,XRPUSDT,2024-05-17 06:45:00+00:00,8,1.2400384
1484497,XRPUSDT,2024-04-15 15:15:00+00:00,4,1.1598198
1440395,XRPUSDT,2023-01-12 05:45:00+00:00,9,1.2714398
1471917,XRPUSDT,2023-12-06 14:15:00+00:00,8,1.2441238
1502095,XRPUSDT,2024-10-15 22:45:00+00:00,2,1.3908781
1507012,XRPUSDT,2024-12-06 04:00:00+00:00,3,1.2186068
1506551,XRPUSDT,2024-12-01 08:45:00+00:00,1,1.2468276
1456790,XRPUSDT,2023-07-02 00:30:00+00:00,4,1.2299705
1505160,XRPUSDT,2024-11-16 21:00:00+00:00,9,1.2089969
1506810,XRPUSDT,2024-12-04 01:30:00+00:00,8,1.2980392
1495693,XRPUSDT,2024-08-10 06:15:00+00:00,1,1.1539434
1466053,XRPUSDT,2023-10-06 12:15:00+00:00,1,1.21391
1451678,XRPUSDT,2023-05-09 18:30:00+00:00,4,1.2643232
1499146,XRPUSDT,2024-09-15 05:30:00+00:00,4,1.2425965
1487579,XRPUSDT,2024-05-17 17:45:00+00:00,0,1.2440275
1504078,XRPUSDT,2024-11-05 14:30:00+00:00,5,1.2499478
1496658,XRPUSDT,2024-08-20 07:30:00+00:00,2,1.2091361
1495724,XRPUSDT,2024-08-10 14:00:00+00:00,0,1.3145511
1490498,XRPUSDT,2024-06-17 03:30:00+00:00,3,1.2551615
1475809,XRPUSDT,2024-01-16 03:15:00+00:00,3,1.1662755
1459340,XRPUSDT,2023-07-28 14:00:00+00:00,8,1.1637832
1477427,XRPUSDT,2024-02-01 23:45:00+00:00,8,1.2939086
1442736,XRPUSDT,2023-02-05 15:00:00+00:00,4,1.3174611
1470070,XRPUSDT,2023-11-17 08:30:00+00:00,2,1.2677171
1454098,XRPUSDT,2023-06-03 23:30:00+00:00,8,1.2461692
1454803,XRPUSDT,2023-06-11 07:45:00+00:00,2,1.2760172
1504011,XRPUSDT,2024-11-04 21:45:00+00:00,4,1.1558447
1440390,XRPUSDT,2023-01-12 04:30:00+00:00,9,1.2377561
1487331,XRPUSDT,2024-05-15 03:45:00+00:00,3,1.2803751
1462212,XRPUSDT,2023-08-27 12:00:00+00:00,8,1.242279
1461345,XRPUSDT,2023-08-18 11:15:00+00:00,1,1.3279548
1478828,XRPUSDT,2024-02-16 14:00:00+00:00,1,1.3038932
1507005,XRPUSDT,2024-12-06 02:15:00+00:00,1,1.2889802
1454343,XRPUSDT,2023-06-06 12:45:00+00:00,4,1.2946335
1442616,XRPUSDT,2023-02-04 09:00:00+00:00,2,1.25031
1440477,XRPUSDT,2023-01-13 02:15:00+00:00,8,1.1290972
1474969,XRPUSDT,2024-01-07 09:15:00+00:00,5,1.3070555
1482308,XRPUSDT,2024-03-23 20:00:00+00:00,4,1.1708287
1467250,XRPUSDT,2023-10-18 23:30:00+00:00,7,1.2027614
1480818,XRPUSDT,2024-03-08 07:30:00+00:00,1,1.2687607
1495706,XRPUSDT,2024-08-10 09:30:00+00:00,2,1.2250319
1504043,XRPUSDT,2024-11-05 05:45:00+00:00,1,1.3166176
1461116,XRPUSDT,2023-08-16 02:00:00+00:00,2,1.3042207
1491523,XRPUSDT,2024-06-27 19:45:00+00:00,6,1.2629281
1476506,XRPUSDT,2024-01-23 09:30:00+00:00,4,1.2148247
1452064,XRPUSDT,2023-05-13 19:00:00+00:00,7,1.2765882
1440690,XRPUSDT,2023-01-15 07:30:00+00:00,2,1.2389793
1505048,XRPUSDT,2024-11-15 17:00:00+00:00,9,1.1716306
1494238,XRPUSDT,2024-07-26 02:30:00+00:00,1,1.209491
1462281,XRPUSDT,2023-08-28 05:15:00+00:00,3,1.1504413
1481409,XRPUSDT,2024-03-14 11:15:00+00:00,4,1.2881398
1449893,XRPUSDT,2023-04-21 04:15:00+00:00,1,1.2489485
1469398,XRPUSDT,2023-11-10 08:30:00+00:00,4,1.2583375
1484130,XRPUSDT,2024-04-11 19:30:00+00:00,3,1.2627183
1482851,XRPUSDT,2024-03-29 11:45:00+00:00,0,1.3119615
1486457,XRPUSDT,2024-05-06 01:15:00+00:00,0,1.1140586
1459561,XRPUSDT,2023-07-30 21:15:00+00:00,4,1.3376057
1447457,XRPUSDT,2023-03-26 19:15:00+00:00,3,1.1991286
1456339,XRPUSDT,2023-06-27 07:45:00+00:00,8,1.1774089
1466511,XRPUSDT,2023-10-11 06:45:00+00:00,7,1.2918063
1508529,XRPUSDT,2024-12-21 23:15:00+00:00,6,1.3588223
1482175,XRPUSDT,2024-03-22 10:45:00+00:00,4,1.1046468
1493051,XRPUSDT,2024-07-13 17:45:00+00:00,0,1.2033998
1486971,XRPUSDT,2024-05-11 09:45:00+00:00,8,1.1514617
1502496,XRPUSDT,2024-10-20 03:00:00+00:00,8,1.2158637
1490981,XRPUSDT,2024-06-22 04:15:00+00:00,8,1.2573782
1452538,XRPUSDT,2023-05-18 17:30:00+00:00,2,1.4283965
1455143,XRPUSDT,2023-06-14 20:45:00+00:00,4,1.1676115
1502221,XRPUSDT,2024-10-17 06:15:00+00:00,0,1.4115124
1446045,XRPUSDT,2023-03-12 02:15:00+00:00,1,1.342429
1466672,XRPUSDT,2023-10-12 23:00:00+00:00,1,1.2025206
1479276,XRPUSDT,2024-02-21 06:00:00+00:00,2,1.2116333
1469995,XRPUSDT,2023-11-16 13:45:00+00:00,7,1.055714
1471111,XRPUSDT,2023-11-28 04:45:00+00:00,2,1.1956668
1440152,XRPUSDT,2023-01-09 17:00:00+00:00,9,1.1560541
1469512,XRPUSDT,2023-11-11 13:00:00+00:00,9,1.3195417
1494703,XRPUSDT,2024-07-30 22:45:00+00:00,9,1.2676468
1473627,XRPUSDT,2023-12-24 09:45:00+00:00,0,1.268693
1468628,XRPUSDT,2023-11-02 08:00:00+00:00,2,1.2645932
1468551,XRPUSDT,2023-11-01 12:45:00+00:00,9,1.3054283
1452304,XRPUSDT,2023-05-16 07:00:00+00:00,3,1.276105
1468158,XRPUSDT,2023-10-28 10:30:00+00:00,1,1.167246
1461854,XRPUSDT,2023-08-23 18:30:00+00:00,0,1.2063574
1497465,XRPUSDT,2024-08-28 17:15:00+00:00,5,1.3264916
1487078,XRPUSDT,2024-05-12 12:30:00+00:00,7,1.3706079
1502812,XRPUSDT,2024-10-23 10:00:00+00:00,4,1.2047554
1501021,XRPUSDT,2024-10-04 18:15:00+00:00,0,1.3076603
1486531,XRPUSDT,2024-05-06 19:45:00+00:00,6,1.4164809
1453526,XRPUSDT,2023-05-29 00:30:00+00:00,0,1.1770289
1472683,XRPUSDT,2023-12-14 13:45:00+00:00,4,1.1882071
1452286,XRPUSDT,2023-05-16 02:30:00+00:00,4,1.2419721
1449683,XRPUSDT,2023-04-18 23:45:00+00:00,0,1.2954049
1508800,XRPUSDT,2024-12-24 19:00:00+00:00,0,1.273741
1456417,XRPUSDT,2023-06-28 03:15:00+00:00,4,1.3541541
1478236,XRPUSDT,2024-02-10 10:00:00+00:00,4,1.2918535
1492019,XRPUSDT,2024-07-02 23:45:00+00:00,1,1.3109349
1449788,XRPUSDT,2023-04-20 02:00:00+00:00,2,1.297614
1457272,XRPUSDT,2023-07-07 01:00:00+00:00,5,1.3629372
1447477,XRPUSDT,2023-03-27 00:15:00+00:00,1,1.2872151
1462304,XRPUSDT,2023-08-28 11:00:00+00:00,3,1.1630566
1506075,XRPUSDT,2024-11-26 09:45:00+00:00,4,1.1781673
1467309,XRPUSDT,2023-10-19 14:15:00+00:00,1,1.2134396
1448111,XRPUSDT,2023-04-02 14:45:00+00:00,5,1.2099203
1487389,XRPUSDT,2024-05-15 18:15:00+00:00,9,1.3148667
1486414,XRPUSDT,2024-05-05 14:30:00+00:00,7,1.2998227
1502747,XRPUSDT,2024-10-22 17:45:00+00:00,3,1.3147857
1499245,XRPUSDT,2024-09-16 06:15:00+00:00,0,1.2098305
1506218,XRPUSDT,2024-11-27 21:30:00+00:00,9,1.2065456
1499506,XRPUSDT,2024-09-18 23:30:00+00:00,1,1.4290802
1473857,XRPUSDT,2023-12-26 19:15:00+00:00,3,1.2770292
1505561,XRPUSDT,2024-11-21 01:15:00+00:00,1,1.2699511
1450052,XRPUSDT,2023-04-22 20:00:00+00:00,8,1.3241509
1495183,XRPUSDT,2024-08-04 22:45:00+00:00,6,1.3638345
1466044,XRPUSDT,2023-10-06 10:00:00+00:00,3,1.2894448
1441912,XRPUSDT,2023-01-28 01:00:00+00:00,0,1.2913026
1463363,XRPUSDT,2023-09-08 11:45:00+00:00,4,1.206538
1441012,XRPUSDT,2023-01-18 16:00:00+00:00,4,1.2060523
1504443,XRPUSDT,2024-11-09 09:45:00+00:00,5,1.2547277
1499092,XRPUSDT,2024-09-14 16:00:00+00:00,9,1.2730703
1462080,XRPUSDT,2023-08-26 03:00:00+00:00,8,1.2836728
1446013,XRPUSDT,2023-03-11 18:15:00+00:00,6,1.2568997
1452507,XRPUSDT,2023-05-18 09:45:00+00:00,9,1.2256547
1442910,XRPUSDT,2023-02-07 10:30:00+00:00,1,1.2931724
1475542,XRPUSDT,2024-01-13 08:30:00+00:00,1,1.245113
1443088,XRPUSDT,2023-02-09 07:00:00+00:00,1,1.3342556
1473802,XRPUSDT,2023-12-26 05:30:00+00:00,4,1.1032534
1482875,XRPUSDT,2024-03-29 17:45:00+00:00,5,1.1674373
1443658,XRPUSDT,2023-02-15 05:30:00+00:00,2,1.3144795
1463389,XRPUSDT,2023-09-08 18:15:00+00:00,9,1.1937132
1497576,XRPUSDT,2024-08-29 21:00:00+00:00,4,1.2035424
1465030,XRPUSDT,2023-09-25 20:30:00+00:00,8,1.1639442
1446364,XRPUSDT,2023-03-15 10:00:00+00:00,4,1.141756
1497004,XRPUSDT,2024-08-23 22:00:00+00:00,9,1.1361767
1463253,XRPUSDT,2023-09-07 08:15:00+00:00,2,1.2526569
1495863,XRPUSDT,2024-08-12 00:45:00+00:00,3,1.220645
1497650,XRPUSDT,2024-08-30 15:30:00+00:00,4,1.1135491
1460115,XRPUSDT,2023-08-05 15:45:00+00:00,4,1.1615126
1492588,XRPUSDT,2024-07-08 22:00:00+00:00,1,1.25281
1480965,XRPUSDT,2024-03-09 20:15:00+00:00,7,1.2997502
1494094,XRPUSDT,2024-07-24 14:30:00+00:00,9,1.1752877
1471339,XRPUSDT,2023-11-30 13:45:00+00:00,1,1.235393
1478232,XRPUSDT,2024-02-10 09:00:00+00:00,4,1.2510755
1458014,XRPUSDT,2023-07-14 18:30:00+00:00,4,1.3255794
1442605,XRPUSDT,2023-02-04 06:15:00+00:00,2,1.1233122
1487561,XRPUSDT,2024-05-17 13:15:00+00:00,0,1.2299004
1481188,XRPUSDT,2024-03-12 04:00:00+00:00,4,1.1322825
1496121,XRPUSDT,2024-08-14 17:15:00+00:00,7,1.1609261
1461383,XRPUSDT,2023-08-18 20:45:00+00:00,1,1.2633233
1498790,XRPUSDT,2024-09-11 12:30:00+00:00,1,1.1776636
1461336,XRPUSDT,2023-08-18 09:00:00+00:00,1,1.2634448
1486263,XRPUSDT,2024-05-04 00:45:00+00:00,8,1.2666394
1497050,XRPUSDT,2024-08-24 09:30:00+00:00,1,1.1433083
1504655,XRPUSDT,2024-11-11 14:45:00+00:00,8,1.2759715
1446424,XRPUSDT,2023-03-16 01:00:00+00:00,4,1.2373735
1479814,XRPUSDT,2024-02-26 20:30:00+00:00,9,1.3151238
1503662,XRPUSDT,2024-11-01 06:30:00+00:00,9,1.2431092
1472750,XRPUSDT,2023-12-15 06:30:00+00:00,4,1.2175027
1478212,XRPUSDT,2024-02-10 04:00:00+00:00,1,1.2586229
1449945,XRPUSDT,2023-04-21 17:15:00+00:00,4,1.2660558
1495344,XRPUSDT,2024-08-06 15:00:00+00:00,0,1.3103547
1471051,XRPUSDT,2023-11-27 13:45:00+00:00,4,1.1011782
1462717,XRPUSDT,2023-09-01 18:15:00+00:00,4,1.3061053
1457810,XRPUSDT,2023-07-12 15:30:00+00:00,7,1.1896157
1451851,XRPUSDT,2023-05-11 13:45:00+00:00,7,1.262351
1465005,XRPUSDT,2023-09-25 14:15:00+00:00,6,1.2354174
1449060,XRPUSDT,2023-04-12 12:00:00+00:00,2,1.2707859
1472635,XRPUSDT,2023-12-14 01:45:00+00:00,2,1.2659413
1480620,XRPUSDT,2024-03-06 06:00:00+00:00,1,1.2648177
1496631,XRPUSDT,2024-08-20 00:45:00+00:00,0,1.2415929
1460785,XRPUSDT,2023-08-12 15:15:00+00:00,5,1.2610255
1460936,XRPUSDT,2023-08-14 05:00:00+00:00,0,1.0985154
1454105,XRPUSDT,2023-06-04 01:15:00+00:00,4,1.1967853
1483085,XRPUSDT,2024-03-31 22:15:00+00:00,3,1.3448222
1501836,XRPUSDT,2024-10-13 06:00:00+00:00,3,1.3565316
1501623,XRPUSDT,2024-10-11 00:45:00+00:00,3,1.2170308
1445611,XRPUSDT,2023-03-07 13:45:00+00:00,0,1.1763244
1442561,XRPUSDT,2023-02-03 19:15:00+00:00,6,1.310533
1443370,XRPUSDT,2023-02-12 05:30:00+00:00,4,1.2852931
1496841,XRPUSDT,2024-08-22 05:15:00+00:00,2,1.1819122
1503517,XRPUSDT,2024-10-30 18:15:00+00:00,6,1.2526742
1497250,XRPUSDT,2024-08-26 11:30:00+00:00,3,1.20959
1494263,XRPUSDT,2024-07-26 08:45:00+00:00,5,1.1857802
1487422,XRPUSDT,2024-05-16 02:30:00+00:00,2,1.2734058
1477908,XRPUSDT,2024-02-07 00:00:00+00:00,4,1.2351146
1450906,XRPUSDT,2023-05-01 17:30:00+00:00,4,1.250868
1469833,XRPUSDT,2023-11-14 21:15:00+00:00,2,1.3406348
1498409,XRPUSDT,2024-09-07 13:15:00+00:00,1,1.3484274
1464325,XRPUSDT,2023-09-18 12:15:00+00:00,0,1.2815205
1443179,XRPUSDT,2023-02-10 05:45:00+00:00,2,1.3187282
1489182,XRPUSDT,2024-06-03 10:30:00+00:00,9,1.2207254
1460306,XRPUSDT,2023-08-07 15:30:00+00:00,4,1.1674832
1509032,XRPUSDT,2024-12-27 05:00:00+00:00,9,1.1696342
1455790,XRPUSDT,2023-06-21 14:30:00+00:00,3,1.2339833
1503455,XRPUSDT,2024-10-30 02:45:00+00:00,8,1.1913611
1455953,XRPUSDT,2023-06-23 07:15:00+00:00,8,1.2604667
1481027,XRPUSDT,2024-03-10 11:45:00+00:00,4,1.1427277
1500036,XRPUSDT,2024-09-24 12:00:00+00:00,9,1.2798923
1487986,XRPUSDT,2024-05-21 23:30:00+00:00,3,1.2479429
1480817,XRPUSDT,2024-03-08 07:15:00+00:00,1,1.2043141
1482542,XRPUSDT,2024-03-26 06:30:00+00:00,2,1.2131934
1462552,XRPUSDT,2023-08-31 01:00:00+00:00,2,1.2900975
1487269,XRPUSDT,2024-05-14 12:15:00+00:00,9,1.2287374
1457240,XRPUSDT,2023-07-06 17:00:00+00:00,7,1.2639276
1495097,XRPUSDT,2024-08-04 01:15:00+00:00,3,1.2492032
1492975,XRPUSDT,2024-07-12 22:45:00+00:00,0,1.3218472
1447101,XRPUSDT,2023-03-23 02:15:00+00:00,7,1.2667224
1502759,XRPUSDT,2024-10-22 20:45:00+00:00,2,1.2843899
1489438,XRPUSDT,2024-06-06 02:30:00+00:00,3,1.2574351
1443656,XRPUSDT,2023-02-15 05:00:00+00:00,9,1.2560731
1494548,XRPUSDT,2024-07-29 08:00:00+00:00,0,1.1675
1468875,XRPUSDT,2023-11-04 21:45:00+00:00,6,1.1938952
1478304,XRPUSDT,2024-02-11 03:00:00+00:00,8,1.2223039
1462945,XRPUSDT,2023-09-04 03:15:00+00:00,0,1.2019414
1487897,XRPUSDT,2024-05-21 01:15:00+00:00,0,1.25918
1472559,XRPUSDT,2023-12-13 06:45:00+00:00,7,1.2916718
1491367,XRPUSDT,2024-06-26 04:45:00+00:00,2,1.3005824
1509047,XRPUSDT,2024-12-27 08:45:00+00:00,5,1.4059039
1446252,XRPUSDT,2023-03-14 06:00:00+00:00,4,1.2225285
1454235,XRPUSDT,2023-06-05 09:45:00+00:00,3,1.1876808
1478944,XRPUSDT,2024-02-17 19:00:00+00:00,3,1.2653688
1470037,XRPUSDT,2023-11-17 00:15:00+00:00,7,1.2513555
1496501,XRPUSDT,2024-08-18 16:15:00+00:00,0,1.3920572
1471847,XRPUSDT,2023-12-05 20:45:00+00:00,9,1.3173219
1482536,XRPUSDT,2024-03-26 05:00:00+00:00,1,1.2135766
1457856,XRPUSDT,2023-07-13 03:00:00+00:00,2,1.2960238
1449647,XRPUSDT,2023-04-18 14:45:00+00:00,0,1.2360516
1492123,XRPUSDT,2024-07-04 01:45:00+00:00,4,1.2320346
1443393,XRPUSDT,2023-02-12 11:15:00+00:00,5,1.2418227
1495237,XRPUSDT,2024-08-05 12:15:00+00:00,4,1.2172759
1446852,XRPUSDT,2023-03-20 12:00:00+00:00,9,1.2414082
1507571,XRPUSDT,2024-12-11 23:45:00+00:00,2,1.2057582
1450570,XRPUSDT,2023-04-28 05:30:00+00:00,0,1.1325766
1458234,XRPUSDT,2023-07-17 01:30:00+00:00,3,1.2560501
1461967,XRPUSDT,2023-08-24 22:45:00+00:00,3,1.255456
1444412,XRPUSDT,2023-02-23 02:00:00+00:00,8,1.3560648
1498918,XRPUSDT,2024-09-12 20:30:00+00:00,1,1.3707336
1502400,XRPUSDT,2024-10-19 03:00:00+00:00,0,1.3251051
1455702,XRPUSDT,2023-06-20 16:30:00+00:00,5,1.194349
1469416,XRPUSDT,2023-11-10 13:00:00+00:00,1,1.2402295
1484472,XRPUSDT,2024-04-15 09:00:00+00:00,0,1.1738911
1463707,XRPUSDT,2023-09-12 01:45:00+00:00,2,1.2811289
1499952,XRPUSDT,2024-09-23 15:00:00+00:00,3,1.2089561
1460526,XRPUSDT,2023-08-09 22:30:00+00:00,4,1.1561261
1473854,XRPUSDT,2023-12-26 18:30:00+00:00,4,1.0992514
1447480,XRPUSDT,2023-03-27 01:00:00+00:00,0,1.3626353
1480955,XRPUSDT,2024-03-09 17:45:00+00:00,4,1.2726672
1478783,XRPUSDT,2024-02-16 02:45:00+00:00,0,1.2690818
1485595,XRPUSDT,2024-04-27 01:45:00+00:00,4,1.3028849
1458118,XRPUSDT,2023-07-15 20:30:00+00:00,2,1.2951262
1501362,XRPUSDT,2024-10-08 07:30:00+00:00,4,1.0988895
1486372,XRPUSDT,2024-05-05 04:00:00+00:00,1,1.1901226
1506121,XRPUSDT,2024-11-26 21:15:00+00:00,5,1.158582
1496203,XRPUSDT,2024-08-15 13:45:00+00:00,4,1.205958
1455172,XRPUSDT,2023-06-15 04:00:00+00:00,1,1.2176579
1489642,XRPUSDT,2024-06-08 05:30:00+00:00,1,1.2248007
1442915,XRPUSDT,2023-02-07 11:45:00+00:00,1,1.2724422
1483297,XRPUSDT,2024-04-03 03:15:00+00:00,2,1.4307827
1486964,XRPUSDT,2024-05-11 08:00:00+00:00,1,1.2697525
1481261,XRPUSDT,2024-03-12 22:15:00+00:00,3,1.2412934
1499267,XRPUSDT,2024-09-16 11:45:00+00:00,9,1.2529814
1498496,XRPUSDT,2024-09-08 11:00:00+00:00,0,1.1864847
1495463,XRPUSDT,2024-08-07 20:45:00+00:00,0,1.2053802
1444306,XRPUSDT,2023-02-21 23:30:00+00:00,2,1.1388183
1479458,XRPUSDT,2024-02-23 03:30:00+00:00,7,1.2114428
1474988,XRPUSDT,2024-01-07 14:00:00+00:00,0,1.1743609
1463863,XRPUSDT,2023-09-13 16:45:00+00:00,3,1.242726
1497225,XRPUSDT,2024-08-26 05:15:00+00:00,7,1.2198448
1504417,XRPUSDT,2024-11-09 03:15:00+00:00,8,1.1953782
1468239,XRPUSDT,2023-10-29 06:45:00+00:00,0,1.143038
1497324,XRPUSDT,2024-08-27 06:00:00+00:00,1,1.2011281
1474249,XRPUSDT,2023-12-30 21:15:00+00:00,8,1.2163053
1449456,XRPUSDT,2023-04-16 15:00:00+00:00,0,1.1738585
1473763,XRPUSDT,2023-12-25 19:45:00+00:00,3,1.181727
1472115,XRPUSDT,2023-12-08 15:45:00+00:00,9,1.1403223
1442423,XRPUSDT,2023-02-02 08:45:00+00:00,1,1.2012149
1462290,XRPUSDT,2023-08-28 07:30:00+00:00,7,1.2540692
1481404,XRPUSDT,2024-03-14 10:00:00+00:00,0,1.1444552
1495569,XRPUSDT,2024-08-08 23:15:00+00:00,8,1.371818
1455167,XRPUSDT,2023-06-15 02:45:00+00:00,3,1.1570858
1493050,XRPUSDT,2024-07-13 17:30:00+00:00,0,1.3127989
1457523,XRPUSDT,2023-07-09 15:45:00+00:00,5,1.1852707
1491805,XRPUSDT,2024-06-30 18:15:00+00:00,0,1.2679801
1488189,XRPUSDT,2024-05-24 02:15:00+00:00,9,1.2183893
1507015,XRPUSDT,2024-12-06 04:45:00+00:00,1,1.2260121
1505503,XRPUSDT,2024-11-20 10:45:00+00:00,1,1.2182373
1487243,XRPUSDT,2024-05-14 05:45:00+00:00,1,1.2346246
1471308,XRPUSDT,2023-11-30 06:00:00+00:00,4,1.3462899
1480244,XRPUSDT,2024-03-02 08:00:00+00:00,9,1.2502897
1460872,XRPUSDT,2023-08-13 13:00:00+00:00,8,1.1751021
1454481,XRPUSDT,2023-06-07 23:15:00+00:00,8,1.3307414
1498199,XRPUSDT,2024-09-05 08:45:00+00:00,2,1.1110221
1491470,XRPUSDT,2024-06-27 06:30:00+00:00,1,1.2427263
1452580,XRPUSDT,2023-05-19 04:00:00+00:00,1,1.1162786
1509309,XRPUSDT,2024-12-30 02:15:00+00:00,3,1.3386916
1491753,XRPUSDT,2024-06-30 05:15:00+00:00,4,1.219488
1465842,XRPUSDT,2023-10-04 07:30:00+00:00,8,1.3229573
1473736,XRPUSDT,2023-12-25 13:00:00+00:00,9,1.214746
1502977,XRPUSDT,2024-10-25 03:15:00+00:00,1,1.1666597
1465881,XRPUSDT,2023-10-04 17:15:00+00:00,0,1.2078648
1505718,XRPUSDT,2024-11-22 16:30:00+00:00,9,1.2763891
1483940,XRPUSDT,2024-04-09 20:00:00+00:00,3,1.2590559
1448855,XRPUSDT,2023-04-10 08:45:00+00:00,0,1.2287675
1496827,XRPUSDT,2024-08-22 01:45:00+00:00,8,1.1570677
1485312,XRPUSDT,2024-04-24 03:00:00+00:00,7,1.2234657
1460850,XRPUSDT,2023-08-13 07:30:00+00:00,1,1.2668104
1497097,XRPUSDT,2024-08-24 21:15:00+00:00,4,1.2704631
1452137,XRPUSDT,2023-05-14 13:15:00+00:00,5,1.2054543
1459782,XRPUSDT,2023-08-02 04:30:00+00:00,2,1.268007
1487308,XRPUSDT,2024-05-14 22:00:00+00:00,7,1.1905968
1477864,XRPUSDT,2024-02-06 13:00:00+00:00,4,1.3257093
1471209,XRPUSDT,2023-11-29 05:15:00+00:00,4,1.2295104
1460044,XRPUSDT,2023-08-04 22:00:00+00:00,4,1.1501056
1460705,XRPUSDT,2023-08-11 19:15:00+00:00,7,1.1938106
1492667,XRPUSDT,2024-07-09 17:45:00+00:00,2,1.2498987
1458626,XRPUSDT,2023-07-21 03:30:00+00:00,2,1.2738757
1463020,XRPUSDT,2023-09-04 22:00:00+00:00,4,1.1649282
1507572,XRPUSDT,2024-12-12 00:00:00+00:00,8,1.2102811
1490929,XRPUSDT,2024-06-21 15:15:00+00:00,4,1.1822834
1464983,XRPUSDT,2023-09-25 08:45:00+00:00,4,1.2758682
1467669,XRPUSDT,2023-10-23 08:15:00+00:00,5,1.296614
1447422,XRPUSDT,2023-03-26 10:30:00+00:00,9,1.1342479
1480914,XRPUSDT,2024-03-09 07:30:00+00:00,1,1.3168421
1484561,XRPUSDT,2024-04-16 07:15:00+00:00,3,1.2549055
1442167,XRPUSDT,2023-01-30 16:45:00+00:00,3,1.2150658
1497850,XRPUSDT,2024-09-01 17:30:00+00:00,4,1.1406183
1445607,XRPUSDT,2023-03-07 12:45:00+00:00,0,1.2152762
1507626,XRPUSDT,2024-12-12 13:30:00+00:00,5,1.2284554
1468013,XRPUSDT,2023-10-26 22:15:00+00:00,2,1.3502258
1496900,XRPUSDT,2024-08-22 20:00:00+00:00,3,1.098746
1450385,XRPUSDT,2023-04-26 07:15:00+00:00,0,1.2688544
1503775,XRPUSDT,2024-11-02 10:45:00+00:00,2,1.2999257
1476758,XRPUSDT,2024-01-26 00:30:00+00:00,4,1.2665008
1479809,XRPUSDT,2024-02-26 19:15:00+00:00,9,1.3047416
1496761,XRPUSDT,2024-08-21 09:15:00+00:00,2,1.2513583
1502142,XRPUSDT,2024-10-16 10:30:00+00:00,3,1.2613537
1444996,XRPUSDT,2023-03-01 04:00:00+00:00,3,1.277135
1448193,XRPUSDT,2023-04-03 11:15:00+00:00,2,1.1759949
1454673,XRPUSDT,2023-06-09 23:15:00+00:00,0,1.3494381
1488862,XRPUSDT,2024-05-31 02:30:00+00:00,1,1.3286128
1484385,XRPUSDT,2024-04-14 11:15:00+00:00,8,1.2753916
1440143,XRPUSDT,2023-01-09 14:45:00+00:00,5,1.2830715
1468521,XRPUSDT,2023-11-01 05:15:00+00:00,2,1.2095668
1500236,XRPUSDT,2024-09-26 14:00:00+00:00,0,1.1656796
1474778,XRPUSDT,2024-01-05 09:30:00+00:00,1,1.2321353
1474562,XRPUSDT,2024-01-03 03:30:00+00:00,2,1.2206572
1507231,XRPUSDT,2024-12-08 10:45:00+00:00,4,1.2230809
1498636,XRPUSDT,2024-09-09 22:00:00+00:00,0,1.1675036
1506460,XRPUSDT,2024-11-30 10:00:00+00:00,9,1.2434943
1487445,XRPUSDT,2024-05-16 08:15:00+00:00,0,1.1812384
1448104,XRPUSDT,2023-04-02 13:00:00+00:00,7,1.2467135
1445820,XRPUSDT,2023-03-09 18:00:00+00:00,4,1.2863315
1498973,XRPUSDT,2024-09-13 10:15:00+00:00,8,1.1964209
1496777,XRPUSDT,2024-08-21 13:15:00+00:00,7,1.2697641
1483657,XRPUSDT,2024-04-06 21:15:00+00:00,8,1.225995
1501975,XRPUSDT,2024-10-14 16:45:00+00:00,0,1.2883854
1492251,XRPUSDT,2024-07-05 09:45:00+00:00,1,1.3405021
1465489,XRPUSDT,2023-09-30 15:15:00+00:00,8,1.262119
1477869,XRPUSDT,2024-02-06 14:15:00+00:00,2,1.236633
1440999,XRPUSDT,2023-01-18 12:45:00+00:00,0,1.3490293
1501555,XRPUSDT,2024-10-10 07:45:00+00:00,4,1.2293768
1486151,XRPUSDT,2024-05-02 20:45:00+00:00,9,1.1328822
1505570,XRPUSDT,2024-11-21 03:30:00+00:00,5,1.2971611
1490566,XRPUSDT,2024-06-17 20:30:00+00:00,0,1.3404572
1483537,XRPUSDT,2024-04-05 15:15:00+00:00,0,1.1719726
1483257,XRPUSDT,2024-04-02 17:15:00+00:00,3,1.1714387
