date,overall,4h_return,24h_return,4h_vol,model,phase
2025-07-01 00:00:00+00:00,1.2514229,1.5744591,1.6044406,0.575369,market_clock_background,validation
2025-07-02 00:00:00+00:00,1.2741088,1.6181588,1.644297,0.55987054,market_clock_background,validation
2025-07-03 00:00:00+00:00,1.2585169,1.5188271,1.6634266,0.59329695,market_clock_background,validation
2025-07-04 00:00:00+00:00,1.2020358,1.5725186,1.491715,0.5418738,market_clock_background,validation
2025-07-05 00:00:00+00:00,1.0572484,1.3696008,1.4240577,0.37808633,market_clock_background,validation
2025-07-06 00:00:00+00:00,1.2293218,1.589002,1.6211413,0.47782204,market_clock_background,validation
2025-07-07 00:00:00+00:00,1.2410774,1.5060767,1.5990634,0.61809194,market_clock_background,validation
2025-07-08 00:00:00+00:00,1.2313792,1.5125374,1.658048,0.52355224,market_clock_background,validation
2025-07-09 00:00:00+00:00,1.3255626,1.606013,1.6929291,0.6777456,market_clock_background,validation
2025-07-10 00:00:00+00:00,1.3473239,1.6518557,1.79653,0.59358627,market_clock_background,validation
2025-07-11 00:00:00+00:00,1.2933279,1.5881423,1.5258178,0.7660239,market_clock_background,validation
2025-07-12 00:00:00+00:00,1.0312538,1.4179041,1.3088516,0.36700588,market_clock_background,validation
2025-07-13 00:00:00+00:00,1.2411331,1.5569916,1.6633366,0.50307095,market_clock_background,validation
2025-07-14 00:00:00+00:00,1.2711822,1.6060472,1.5840027,0.62349665,market_clock_background,validation
2025-07-15 00:00:00+00:00,1.2735205,1.5592637,1.6455534,0.6157444,market_clock_background,validation
2025-07-16 00:00:00+00:00,1.246738,1.5746641,1.6446942,0.52085567,market_clock_background,validation
2025-07-17 00:00:00+00:00,1.4193484,1.6862234,1.7497464,0.82207555,market_clock_background,validation
2025-07-18 00:00:00+00:00,1.1794635,1.5356187,1.3838855,0.61888635,market_clock_background,validation
2025-07-19 00:00:00+00:00,1.1461902,1.400601,1.6078203,0.4301493,market_clock_background,validation
2025-07-20 00:00:00+00:00,1.2781677,1.588404,1.6548142,0.59128493,market_clock_background,validation
2025-07-21 00:00:00+00:00,1.2283778,1.566669,1.4593672,0.65909725,market_clock_background,validation
2025-07-22 00:00:00+00:00,1.256017,1.490373,1.5991206,0.67855746,market_clock_background,validation
2025-07-23 00:00:00+00:00,1.264884,1.5542963,1.6861527,0.55420303,market_clock_background,validation
2025-07-24 00:00:00+00:00,1.2540975,1.7046667,1.4297044,0.627921,market_clock_background,validation
2025-07-25 00:00:00+00:00,1.1914959,1.5912892,1.3404655,0.64273274,market_clock_background,validation
2025-07-26 00:00:00+00:00,1.042325,1.3292106,1.4270499,0.37071472,market_clock_background,validation
2025-07-27 00:00:00+00:00,1.293349,1.6157339,1.6308098,0.6335033,market_clock_background,validation
2025-07-28 00:00:00+00:00,1.2870317,1.5921545,1.5887038,0.68023676,market_clock_background,validation
2025-07-29 00:00:00+00:00,1.1675118,1.4660058,1.482552,0.55397785,market_clock_background,validation
2025-07-30 00:00:00+00:00,1.2262887,1.5816331,1.4612848,0.6359483,market_clock_background,validation
2025-07-31 00:00:00+00:00,1.3175359,1.6037675,1.8600078,0.48883235,market_clock_background,validation
2025-08-01 00:00:00+00:00,1.3529003,1.6120158,1.6582063,0.78847885,market_clock_background,validation
2025-08-02 00:00:00+00:00,1.1372303,1.4948896,1.3625182,0.5542829,market_clock_background,validation
2025-08-03 00:00:00+00:00,1.2169187,1.4889194,1.654393,0.50744367,market_clock_background,validation
2025-08-04 00:00:00+00:00,1.2755595,1.5970241,1.6032014,0.6264533,market_clock_background,validation
2025-08-05 00:00:00+00:00,1.2563282,1.5568235,1.5516579,0.66050345,market_clock_background,validation
2025-08-06 00:00:00+00:00,1.2534734,1.5118337,1.6363125,0.612274,market_clock_background,validation
2025-08-07 00:00:00+00:00,1.3718382,1.6752042,1.7184235,0.7218871,market_clock_background,validation
2025-08-08 00:00:00+00:00,1.2322952,1.4763124,1.6741996,0.54637325,market_clock_background,validation
2025-08-09 00:00:00+00:00,1.3499703,1.6087861,1.6195666,0.82155836,market_clock_background,validation
2025-08-10 00:00:00+00:00,1.3145976,1.6069108,1.5427079,0.79417396,market_clock_background,validation
2025-08-11 00:00:00+00:00,1.3107249,1.6511424,1.6488271,0.63220525,market_clock_background,validation
2025-08-12 00:00:00+00:00,1.3102139,1.5886283,1.7714742,0.5705394,market_clock_background,validation
2025-08-13 00:00:00+00:00,1.2670366,1.5330739,1.66979,0.5982455,market_clock_background,validation
2025-08-14 00:00:00+00:00,1.2618917,1.5896859,1.5700094,0.62597966,market_clock_background,validation
2025-08-15 00:00:00+00:00,1.0905356,1.4770888,1.3926839,0.40183428,market_clock_background,validation
2025-08-16 00:00:00+00:00,1.0994287,1.41228,1.4951553,0.39085063,market_clock_background,validation
2025-08-17 00:00:00+00:00,1.2811372,1.6200339,1.5482888,0.67508906,market_clock_background,validation
2025-08-18 00:00:00+00:00,1.2595118,1.5692481,1.5951236,0.6141638,market_clock_background,validation
2025-08-19 00:00:00+00:00,1.2382101,1.5418714,1.5780199,0.5947387,market_clock_background,validation
2025-08-20 00:00:00+00:00,1.129108,1.4467562,1.468349,0.47221863,market_clock_background,validation
2025-08-21 00:00:00+00:00,1.1817079,1.4080304,1.6030823,0.53401077,market_clock_background,validation
2025-08-22 00:00:00+00:00,1.2026559,1.5527458,1.6193006,0.43592137,market_clock_background,validation
2025-08-23 00:00:00+00:00,0.9428787,1.3001956,1.2560433,0.2723971,market_clock_background,validation
2025-08-24 00:00:00+00:00,1.2351389,1.6204381,1.5459014,0.53907716,market_clock_background,validation
2025-08-25 00:00:00+00:00,1.3531369,1.6943979,1.6229783,0.7420346,market_clock_background,validation
2025-08-26 00:00:00+00:00,1.235773,1.4920526,1.6056622,0.60960424,market_clock_background,validation
2025-08-27 00:00:00+00:00,1.2312095,1.5593082,1.5071691,0.62715125,market_clock_background,validation
2025-08-28 00:00:00+00:00,1.2493777,1.5230038,1.6692055,0.55592376,market_clock_background,validation
2025-08-29 00:00:00+00:00,1.2367942,1.607388,1.4672838,0.6357108,market_clock_background,validation
2025-08-30 00:00:00+00:00,1.0466725,1.4349047,1.3340534,0.3710596,market_clock_background,validation
2025-08-31 00:00:00+00:00,1.2104055,1.5014443,1.5670681,0.56270385,market_clock_background,validation
2025-09-01 00:00:00+00:00,1.3199191,1.6277649,1.5803468,0.7516453,market_clock_background,validation
2025-09-02 00:00:00+00:00,1.1974636,1.5254292,1.5670856,0.4998763,market_clock_background,validation
2025-09-03 00:00:00+00:00,1.1980774,1.5089846,1.5510243,0.5342233,market_clock_background,validation
2025-09-04 00:00:00+00:00,1.2353339,1.5538279,1.5664163,0.5857573,market_clock_background,validation
2025-09-05 00:00:00+00:00,1.177126,1.5279654,1.5225444,0.48086834,market_clock_background,validation
2025-09-06 00:00:00+00:00,1.1038101,1.4246365,1.4252644,0.46152937,market_clock_background,validation
2025-09-07 00:00:00+00:00,1.2562768,1.5845248,1.5879767,0.59632915,market_clock_background,validation
2025-09-08 00:00:00+00:00,1.2731831,1.5955157,1.5975201,0.62651336,market_clock_background,validation
2025-09-09 00:00:00+00:00,1.2395959,1.542056,1.5603558,0.6163759,market_clock_background,validation
2025-09-10 00:00:00+00:00,1.2482882,1.5564668,1.6012133,0.5871843,market_clock_background,validation
2025-09-11 00:00:00+00:00,1.2579424,1.5535685,1.5919544,0.6283044,market_clock_background,validation
2025-09-12 00:00:00+00:00,1.2221698,1.4964855,1.6061597,0.56386393,market_clock_background,validation
2025-09-13 00:00:00+00:00,1.2703359,1.6039683,1.5395904,0.6674493,market_clock_background,validation
2025-09-14 00:00:00+00:00,1.2443842,1.5289086,1.6215886,0.5826552,market_clock_background,validation
2025-09-15 00:00:00+00:00,1.2259856,1.5414029,1.5825162,0.5540377,market_clock_background,validation
2025-09-16 00:00:00+00:00,1.1719908,1.4716625,1.5288033,0.5155064,market_clock_background,validation
2025-09-17 00:00:00+00:00,1.2759504,1.5476912,1.6796991,0.6004611,market_clock_background,validation
2025-09-18 00:00:00+00:00,1.1777116,1.4466707,1.5770478,0.50941646,market_clock_background,validation
2025-09-19 00:00:00+00:00,1.2303678,1.5859358,1.5421232,0.5630445,market_clock_background,validation
2025-09-20 00:00:00+00:00,1.091747,1.4581652,1.3830458,0.4340302,market_clock_background,validation
2025-09-21 00:00:00+00:00,1.2137371,1.5439625,1.4865657,0.61068344,market_clock_background,validation
2025-09-22 00:00:00+00:00,1.1959679,1.5045743,1.5291046,0.5542249,market_clock_background,validation
2025-09-23 00:00:00+00:00,1.1793818,1.455728,1.4874258,0.59499186,market_clock_background,validation
2025-09-24 00:00:00+00:00,1.3103099,1.5557729,1.7032435,0.6719133,market_clock_background,validation
2025-09-25 00:00:00+00:00,1.3273469,1.6549903,1.5937537,0.73329663,market_clock_background,validation
2025-09-26 00:00:00+00:00,1.0439394,1.3990301,1.2732286,0.45955944,market_clock_background,validation
2025-09-27 00:00:00+00:00,1.0107703,1.3622146,1.3290704,0.34102595,market_clock_background,validation
2025-09-28 00:00:00+00:00,1.2930765,1.6335498,1.6206894,0.6249902,market_clock_background,validation
2025-09-29 00:00:00+00:00,1.2476661,1.5867541,1.544408,0.61183625,market_clock_background,validation
2025-09-30 00:00:00+00:00,1.2594634,1.5700688,1.6488903,0.5594313,market_clock_background,validation
2025-10-01 00:00:00+00:00,1.3447406,1.6168479,1.6858363,0.73153764,market_clock_background,validation
2025-10-02 00:00:00+00:00,1.2115705,1.5414988,1.544861,0.5483517,market_clock_background,validation
2025-10-03 00:00:00+00:00,1.2274348,1.5840122,1.5792233,0.5190689,market_clock_background,validation
2025-10-04 00:00:00+00:00,1.0662055,1.4735378,1.4007287,0.32434988,market_clock_background,validation
2025-10-05 00:00:00+00:00,1.3737022,1.6705707,1.5864147,0.8641212,market_clock_background,validation
2025-10-06 00:00:00+00:00,1.2880223,1.5962296,1.645349,0.62248814,market_clock_background,validation
2025-10-07 00:00:00+00:00,1.2495474,1.5569364,1.6161277,0.575578,market_clock_background,validation
2025-10-08 00:00:00+00:00,1.2200757,1.5621868,1.5584197,0.5396206,market_clock_background,validation
2025-10-09 00:00:00+00:00,1.2885766,1.566071,1.6593333,0.6403255,market_clock_background,validation
2025-10-10 00:00:00+00:00,1.4474357,1.6276578,2.0851688,0.6294805,market_clock_background,validation
2025-10-11 00:00:00+00:00,0.6974546,0.9919387,0.9557472,0.14467783,market_clock_background,validation
2025-10-12 00:00:00+00:00,1.283422,1.5871903,1.7593988,0.5036772,market_clock_background,validation
2025-10-13 00:00:00+00:00,1.2248482,1.546602,1.4832541,0.64468825,market_clock_background,validation
2025-10-14 00:00:00+00:00,1.3047228,1.7633132,1.4175317,0.7333234,market_clock_background,validation
2025-10-15 00:00:00+00:00,1.1695606,1.4655501,1.5321729,0.5109584,market_clock_background,validation
2025-10-16 00:00:00+00:00,1.2899761,1.5135702,1.7412082,0.6151502,market_clock_background,validation
2025-10-17 00:00:00+00:00,1.1793649,1.569569,1.3393841,0.6291418,market_clock_background,validation
2025-10-18 00:00:00+00:00,1.0227515,1.3148534,1.4573586,0.29604232,market_clock_background,validation
2025-10-19 00:00:00+00:00,1.3216853,1.6447688,1.6233258,0.69696164,market_clock_background,validation
2025-10-20 00:00:00+00:00,1.2236806,1.5638057,1.5545437,0.5526922,market_clock_background,validation
2025-10-21 00:00:00+00:00,1.3893771,1.8127815,1.6321701,0.72317976,market_clock_background,validation
2025-10-22 00:00:00+00:00,1.1630408,1.4718751,1.456429,0.56081814,market_clock_background,validation
2025-10-23 00:00:00+00:00,1.1928363,1.5402837,1.5323522,0.5058729,market_clock_background,validation
2025-10-24 00:00:00+00:00,1.2083071,1.5461898,1.4859499,0.5927819,market_clock_background,validation
2025-10-25 00:00:00+00:00,1.1521609,1.4243051,1.5969878,0.43518984,market_clock_background,validation
2025-10-26 00:00:00+00:00,1.3429444,1.6892539,1.6213193,0.71826005,market_clock_background,validation
2025-10-27 00:00:00+00:00,1.2788334,1.6105012,1.5360751,0.68992376,market_clock_background,validation
2025-10-28 00:00:00+00:00,1.2707942,1.5738435,1.5248939,0.7136452,market_clock_background,validation
2025-10-29 00:00:00+00:00,1.2015704,1.4244965,1.6903809,0.4898339,market_clock_background,validation
2025-10-30 00:00:00+00:00,1.2776923,1.683715,1.4529401,0.6964216,market_clock_background,validation
2025-10-31 00:00:00+00:00,1.0684295,1.3618494,1.3700738,0.47336516,market_clock_background,validation
2025-11-01 00:00:00+00:00,1.0340804,1.3181672,1.3590039,0.4250702,market_clock_background,validation
2025-11-02 00:00:00+00:00,1.264607,1.5922024,1.5250468,0.6765717,market_clock_background,validation
2025-11-03 00:00:00+00:00,1.3057778,1.5899323,1.7584379,0.5689629,market_clock_background,validation
2025-11-04 00:00:00+00:00,1.32586,1.65208,1.4648901,0.8606099,market_clock_background,validation
2025-11-05 00:00:00+00:00,0.9681642,1.3420119,1.2560931,0.3063875,market_clock_background,validation
2025-11-06 00:00:00+00:00,1.2726296,1.5066894,1.6008549,0.71034455,market_clock_background,validation
2025-11-07 00:00:00+00:00,1.2855822,1.6323653,1.5797486,0.64463264,market_clock_background,validation
2025-11-08 00:00:00+00:00,1.0641547,1.4228694,1.4297433,0.33985123,market_clock_background,validation
2025-11-09 00:00:00+00:00,1.2949766,1.5970254,1.679151,0.6087531,market_clock_background,validation
2025-11-10 00:00:00+00:00,1.2424915,1.5392094,1.5167023,0.67156255,market_clock_background,validation
2025-11-11 00:00:00+00:00,1.2747798,1.6079878,1.5892837,0.6270683,market_clock_background,validation
2025-11-12 00:00:00+00:00,1.2836204,1.6236176,1.5817305,0.6455129,market_clock_background,validation
2025-11-13 00:00:00+00:00,1.3623576,1.5982888,1.8311716,0.65761244,market_clock_background,validation
2025-11-14 00:00:00+00:00,1.2744755,1.5735104,1.3750871,0.87482876,market_clock_background,validation
2025-11-15 00:00:00+00:00,1.0201062,1.3542303,1.3524892,0.35359916,market_clock_background,validation
2025-11-16 00:00:00+00:00,1.2390622,1.6075901,1.5819938,0.5276026,market_clock_background,validation
2025-11-17 00:00:00+00:00,1.2661331,1.5930724,1.5847445,0.6205826,market_clock_background,validation
2025-11-18 00:00:00+00:00,1.216898,1.4967132,1.5883917,0.5655892,market_clock_background,validation
2025-11-19 00:00:00+00:00,1.2114002,1.6248018,1.482375,0.52702385,market_clock_background,validation
2025-11-20 00:00:00+00:00,1.3027562,1.4785031,1.9358379,0.49392754,market_clock_background,validation
2025-11-21 00:00:00+00:00,1.2933198,1.6054708,1.471354,0.80313444,market_clock_background,validation
2025-11-22 00:00:00+00:00,0.97758937,1.2950438,1.3522203,0.28550404,market_clock_background,validation
2025-11-23 00:00:00+00:00,1.2079505,1.5242499,1.5813601,0.5182416,market_clock_background,validation
2025-11-24 00:00:00+00:00,1.2181178,1.5745233,1.5314176,0.5484124,market_clock_background,validation
2025-11-25 00:00:00+00:00,1.1855861,1.5191172,1.504376,0.5332649,market_clock_background,validation
2025-11-26 00:00:00+00:00,1.1783288,1.5077609,1.5503037,0.4769215,market_clock_background,validation
2025-11-27 00:00:00+00:00,1.1716729,1.485929,1.4835601,0.54552966,market_clock_background,validation
2025-11-28 00:00:00+00:00,1.2417198,1.525208,1.5680673,0.6318844,market_clock_background,validation
2025-11-29 00:00:00+00:00,1.0979109,1.4030849,1.4407446,0.44990313,market_clock_background,validation
2025-11-30 00:00:00+00:00,1.2432584,1.5452956,1.5309039,0.6535755,market_clock_background,validation
2025-12-01 00:00:00+00:00,1.2672964,1.5122306,1.7096248,0.580034,market_clock_background,validation
2025-12-02 00:00:00+00:00,1.2895573,1.5641706,1.849895,0.4546062,market_clock_background,validation
2025-12-03 00:00:00+00:00,1.2220513,1.5625292,1.5142417,0.5893832,market_clock_background,validation
2025-12-04 00:00:00+00:00,1.1697371,1.4301232,1.5975285,0.4815597,market_clock_background,validation
2025-12-05 00:00:00+00:00,1.2089529,1.5448828,1.5909295,0.4910463,market_clock_background,validation
2025-12-06 00:00:00+00:00,1.0726632,1.3730965,1.3726906,0.47220245,market_clock_background,validation
2025-12-07 00:00:00+00:00,1.2635183,1.617479,1.5685159,0.60456026,market_clock_background,validation
2025-12-08 00:00:00+00:00,1.1813835,1.4709281,1.5448345,0.5283878,market_clock_background,validation
2025-12-09 00:00:00+00:00,1.2733341,1.6178687,1.6117743,0.5903596,market_clock_background,validation
2025-12-10 00:00:00+00:00,1.3069327,1.6179146,1.7354667,0.5674167,market_clock_background,validation
2025-12-11 00:00:00+00:00,1.2075869,1.5221878,1.5218911,0.57868195,market_clock_background,validation
2025-12-12 00:00:00+00:00,1.1099386,1.4102396,1.4635816,0.45599487,market_clock_background,validation
2025-12-13 00:00:00+00:00,1.0447443,1.3497367,1.4070487,0.37744763,market_clock_background,validation
2025-12-14 00:00:00+00:00,1.2296872,1.6018388,1.5794185,0.50780404,market_clock_background,validation
2025-12-15 00:00:00+00:00,1.2158222,1.5218366,1.6095622,0.516068,market_clock_background,validation
2025-12-16 00:00:00+00:00,1.148402,1.4154544,1.529977,0.49977446,market_clock_background,validation
2025-12-17 00:00:00+00:00,1.1750182,1.5045595,1.6089159,0.4115791,market_clock_background,validation
2025-12-18 00:00:00+00:00,1.1865134,1.5839165,1.474472,0.5011516,market_clock_background,validation
2025-12-19 00:00:00+00:00,1.074241,1.4654632,1.3213665,0.4358933,market_clock_background,validation
2025-12-20 00:00:00+00:00,0.99463725,1.3386724,1.3374747,0.30776465,market_clock_background,validation
2025-12-21 00:00:00+00:00,1.27983,1.6475182,1.6061726,0.5857992,market_clock_background,validation
2025-12-22 00:00:00+00:00,1.2477125,1.5893185,1.529923,0.62389594,market_clock_background,validation
2025-12-23 00:00:00+00:00,1.2220938,1.5333095,1.5138879,0.6190841,market_clock_background,validation
2025-12-24 00:00:00+00:00,1.197014,1.4874307,1.535404,0.5682071,market_clock_background,validation
2025-12-25 00:00:00+00:00,1.2863618,1.64983,1.5796046,0.62965083,market_clock_background,validation
2025-12-26 00:00:00+00:00,1.1303792,1.4467139,1.4504262,0.49399784,market_clock_background,validation
2025-12-27 00:00:00+00:00,1.1756127,1.4526888,1.6037693,0.4703797,market_clock_background,validation
2025-12-28 00:00:00+00:00,1.2642643,1.5774777,1.6604528,0.5548626,market_clock_background,validation
2025-12-29 00:00:00+00:00,1.2256489,1.5550646,1.5539374,0.5679449,market_clock_background,validation
2025-12-30 00:00:00+00:00,1.1515371,1.4455078,1.5427092,0.4663941,market_clock_background,validation
2025-12-31 00:00:00+00:00,1.1983547,1.4922673,1.5939223,0.5088745,market_clock_background,validation
2026-01-01 00:00:00+00:00,1.2900957,1.5796683,1.6869922,0.60362643,market_clock_background,validation
2026-01-02 00:00:00+00:00,1.2951406,1.6538341,1.5561248,0.6754628,market_clock_background,validation
2026-01-03 00:00:00+00:00,1.2147353,1.5394545,1.6064237,0.49832773,market_clock_background,validation
2026-01-04 00:00:00+00:00,1.2852769,1.5563014,1.6243865,0.6751428,market_clock_background,validation
2026-01-05 00:00:00+00:00,1.2910727,1.5872178,1.6101748,0.6758255,market_clock_background,validation
2026-01-06 00:00:00+00:00,1.1939209,1.5562692,1.4744145,0.5510789,market_clock_background,validation
2026-01-07 00:00:00+00:00,1.1842904,1.4300103,1.5722429,0.5506178,market_clock_background,validation
2026-01-08 00:00:00+00:00,1.2649981,1.5941445,1.4962201,0.70462984,market_clock_background,validation
2026-01-09 00:00:00+00:00,1.1364582,1.4814528,1.3701397,0.55778205,market_clock_background,validation
2026-01-10 00:00:00+00:00,0.9811193,1.318007,1.2789755,0.34637535,market_clock_background,validation
2026-01-11 00:00:00+00:00,1.2521968,1.563804,1.6184455,0.57434106,market_clock_background,validation
2026-01-12 00:00:00+00:00,1.2667631,1.577904,1.6080078,0.61437756,market_clock_background,validation
2026-01-13 00:00:00+00:00,1.2977548,1.6222427,1.7170548,0.5539669,market_clock_background,validation
2026-01-14 00:00:00+00:00,1.2167091,1.5426551,1.5714647,0.53600764,market_clock_background,validation
2026-01-15 00:00:00+00:00,1.1942296,1.5078104,1.5186931,0.5561857,market_clock_background,validation
2026-01-16 00:00:00+00:00,1.1153815,1.4393849,1.4428964,0.46386316,market_clock_background,validation
2026-01-17 00:00:00+00:00,1.10271,1.4578166,1.3505204,0.499793,market_clock_background,validation
2026-01-18 00:00:00+00:00,1.1805787,1.5263585,1.4541228,0.56125474,market_clock_background,validation
2026-01-19 00:00:00+00:00,1.1067274,1.3857112,1.5563339,0.37813693,market_clock_background,validation
2026-01-20 00:00:00+00:00,1.3576494,1.718121,1.6127596,0.74206775,market_clock_background,validation
2026-01-21 00:00:00+00:00,1.1636658,1.5450171,1.4516622,0.49431795,market_clock_background,validation
2026-01-22 00:00:00+00:00,1.0468973,1.3236161,1.4172632,0.39981252,market_clock_background,validation
2026-01-23 00:00:00+00:00,1.172842,1.5643467,1.4320004,0.5221791,market_clock_background,validation
2026-01-24 00:00:00+00:00,1.0073295,1.2378634,1.5083101,0.2758148,market_clock_background,validation
2026-01-25 00:00:00+00:00,1.2253051,1.6387309,1.5254205,0.5117641,market_clock_background,validation
2026-01-26 00:00:00+00:00,1.1939405,1.4745818,1.5576876,0.5495521,market_clock_background,validation
2026-01-27 00:00:00+00:00,1.1910609,1.4889992,1.5890527,0.49513096,market_clock_background,validation
2026-01-28 00:00:00+00:00,1.2295732,1.4793595,1.6264322,0.58292794,market_clock_background,validation
2026-01-29 00:00:00+00:00,1.3298166,1.6495364,1.7129451,0.62696844,market_clock_background,validation
2026-01-30 00:00:00+00:00,1.3023434,1.4365926,1.8992587,0.57117903,market_clock_background,validation
2026-02-01 00:00:00+00:00,1.1222816,1.42283,1.4539396,0.49007526,market_clock_background,test_exploratory
2026-02-02 00:00:00+00:00,1.0510306,1.4313765,1.2930624,0.42865282,market_clock_background,test_exploratory
2026-02-03 00:00:00+00:00,1.1787612,1.4592087,1.5157315,0.56134367,market_clock_background,test_exploratory
2026-02-04 00:00:00+00:00,1.3776387,1.4794105,2.1139991,0.5395066,market_clock_background,test_exploratory
2026-02-05 00:00:00+00:00,1.5249324,1.7651906,1.9632105,0.8463964,market_clock_background,test_exploratory
2026-02-06 00:00:00+00:00,0.97224236,1.3903238,1.2634137,0.26298958,market_clock_background,test_exploratory
2026-02-07 00:00:00+00:00,1.1356121,1.5560595,1.2739573,0.57681984,market_clock_background,test_exploratory
2026-02-08 00:00:00+00:00,1.2252457,1.4959534,1.5378939,0.6418897,market_clock_background,test_exploratory
2026-02-09 00:00:00+00:00,1.2187452,1.6087354,1.4883697,0.5591306,market_clock_background,test_exploratory
2026-02-10 00:00:00+00:00,1.2017304,1.5337837,1.5610542,0.5103533,market_clock_background,test_exploratory
2026-02-11 00:00:00+00:00,1.2584722,1.6322598,1.484856,0.65830076,market_clock_background,test_exploratory
2026-02-12 00:00:00+00:00,1.1281766,1.4315959,1.5038229,0.44911087,market_clock_background,test_exploratory
2026-02-13 00:00:00+00:00,1.2428068,1.4957795,1.8065052,0.42613563,market_clock_background,test_exploratory
2026-02-14 00:00:00+00:00,1.310814,1.5698409,1.7514492,0.61115175,market_clock_background,test_exploratory
2026-02-15 00:00:00+00:00,1.3480744,1.6255151,1.6145799,0.80412835,market_clock_background,test_exploratory
2026-02-16 00:00:00+00:00,1.1757426,1.5181812,1.4701835,0.53886336,market_clock_background,test_exploratory
2026-02-17 00:00:00+00:00,1.1148231,1.4632055,1.4524676,0.42879626,market_clock_background,test_exploratory
2026-02-18 00:00:00+00:00,1.1822643,1.534509,1.5334659,0.47881842,market_clock_background,test_exploratory
2026-02-19 00:00:00+00:00,1.177456,1.5069361,1.521995,0.50343716,market_clock_background,test_exploratory
2026-02-20 00:00:00+00:00,1.1681905,1.4899348,1.4577256,0.5569111,market_clock_background,test_exploratory
2026-02-21 00:00:00+00:00,1.0508361,1.4000366,1.4426843,0.3097872,market_clock_background,test_exploratory
2026-02-22 00:00:00+00:00,1.2260004,1.5500678,1.5335764,0.5943572,market_clock_background,test_exploratory
2026-02-23 00:00:00+00:00,1.2769641,1.5988878,1.5991557,0.6328489,market_clock_background,test_exploratory
2026-02-24 00:00:00+00:00,1.3165603,1.5903188,1.7194085,0.63995314,market_clock_background,test_exploratory
2026-02-25 00:00:00+00:00,1.3675212,1.7620476,1.7105726,0.62994343,market_clock_background,test_exploratory
2026-02-26 00:00:00+00:00,1.1314826,1.3833647,1.5587221,0.45236084,market_clock_background,test_exploratory
2026-02-27 00:00:00+00:00,1.3940095,1.6492327,1.775441,0.7573545,market_clock_background,test_exploratory
2026-02-28 00:00:00+00:00,1.5601597,1.8844923,1.7797498,1.0162371,market_clock_background,test_exploratory
2026-03-01 00:00:00+00:00,1.2211608,1.5535933,1.4551699,0.654719,market_clock_background,test_exploratory
2026-03-02 00:00:00+00:00,1.2092822,1.5778548,1.4645778,0.5854139,market_clock_background,test_exploratory
2026-03-03 00:00:00+00:00,1.2136236,1.5180027,1.6634647,0.45940363,market_clock_background,test_exploratory
2026-03-04 00:00:00+00:00,1.3168019,1.6927673,1.5463482,0.7112901,market_clock_background,test_exploratory
2026-03-05 00:00:00+00:00,1.1396762,1.4028884,1.574782,0.44135806,market_clock_background,test_exploratory
2026-03-06 00:00:00+00:00,1.1575601,1.4450912,1.6253439,0.40224525,market_clock_background,test_exploratory
2026-03-07 00:00:00+00:00,1.1391324,1.4051654,1.5542732,0.45795843,market_clock_background,test_exploratory
2026-03-08 00:00:00+00:00,1.2875407,1.5830377,1.595949,0.6836352,market_clock_background,test_exploratory
2026-03-09 00:00:00+00:00,1.2332959,1.5153756,1.5897067,0.5948053,market_clock_background,test_exploratory
2026-03-10 00:00:00+00:00,1.1379391,1.5408244,1.4268802,0.44611275,market_clock_background,test_exploratory
2026-03-11 00:00:00+00:00,1.1743212,1.5452421,1.4714551,0.50626624,market_clock_background,test_exploratory
2026-03-12 00:00:00+00:00,1.3332182,1.6419531,1.6837705,0.6739311,market_clock_background,test_exploratory
2026-03-13 00:00:00+00:00,1.2211758,1.5784342,1.5566651,0.5284281,market_clock_background,test_exploratory
2026-03-14 00:00:00+00:00,1.096705,1.491365,1.4152609,0.3834887,market_clock_background,test_exploratory
2026-03-15 00:00:00+00:00,1.2409477,1.5983697,1.5788703,0.54560316,market_clock_background,test_exploratory
2026-03-16 00:00:00+00:00,1.2469695,1.5701137,1.5095146,0.6612801,market_clock_background,test_exploratory
2026-03-17 00:00:00+00:00,1.1991265,1.4736389,1.6004295,0.5233111,market_clock_background,test_exploratory
2026-03-18 00:00:00+00:00,1.2642139,1.548394,1.6646158,0.5796318,market_clock_background,test_exploratory
2026-03-19 00:00:00+00:00,1.1741446,1.5277152,1.4615337,0.5331849,market_clock_background,test_exploratory
2026-03-20 00:00:00+00:00,1.1611929,1.471238,1.3706568,0.6416838,market_clock_background,test_exploratory
2026-03-21 00:00:00+00:00,1.3381945,1.4517713,2.0792446,0.48356783,market_clock_background,test_exploratory
2026-03-22 00:00:00+00:00,1.2717118,1.5534734,1.6276265,0.63403535,market_clock_background,test_exploratory
2026-03-23 00:00:00+00:00,1.1611183,1.5074065,1.446514,0.5294345,market_clock_background,test_exploratory
2026-03-24 00:00:00+00:00,1.1252614,1.4641223,1.4729223,0.4387396,market_clock_background,test_exploratory
2026-03-25 00:00:00+00:00,1.2681327,1.5224286,1.708425,0.57354474,market_clock_background,test_exploratory
2026-03-26 00:00:00+00:00,1.387546,1.7140893,1.7218771,0.7266714,market_clock_background,test_exploratory
2026-03-27 00:00:00+00:00,1.2364969,1.5448852,1.5732343,0.59137136,market_clock_background,test_exploratory
2026-03-28 00:00:00+00:00,1.1789052,1.547365,1.4369551,0.55239576,market_clock_background,test_exploratory
2026-03-29 00:00:00+00:00,1.2149861,1.4954909,1.618382,0.53108525,market_clock_background,test_exploratory
2026-03-30 00:00:00+00:00,1.2441726,1.5609223,1.5447186,0.62687683,market_clock_background,test_exploratory
2026-03-31 00:00:00+00:00,1.2468147,1.5795686,1.5872906,0.57358503,market_clock_background,test_exploratory
2026-04-01 00:00:00+00:00,1.32063,1.5823654,1.7288232,0.65070146,market_clock_background,test_exploratory
2026-04-02 00:00:00+00:00,1.1744556,1.5290552,1.4868394,0.50747216,market_clock_background,test_exploratory
2026-04-03 00:00:00+00:00,1.1105828,1.4228898,1.3979867,0.51087195,market_clock_background,test_exploratory
2026-04-04 00:00:00+00:00,1.1448913,1.4096932,1.505288,0.51969266,market_clock_background,test_exploratory
2026-04-05 00:00:00+00:00,1.271782,1.6721535,1.583035,0.56015754,market_clock_background,test_exploratory
2026-04-06 00:00:00+00:00,1.2948219,1.6221225,1.5957037,0.6666394,market_clock_background,test_exploratory
2026-04-07 00:00:00+00:00,1.3298348,1.6166826,1.7360612,0.63676065,market_clock_background,test_exploratory
2026-04-08 00:00:00+00:00,1.1488311,1.4595476,1.5240474,0.46289867,market_clock_background,test_exploratory
2026-04-09 00:00:00+00:00,1.2256551,1.5757899,1.5102202,0.59095466,market_clock_background,test_exploratory
2026-04-10 00:00:00+00:00,1.1471884,1.5412872,1.4165697,0.48370826,market_clock_background,test_exploratory
2026-04-11 00:00:00+00:00,1.4072356,1.6613965,2.0067065,0.55360407,market_clock_background,test_exploratory
2026-04-12 00:00:00+00:00,1.2353786,1.4773573,1.5659319,0.6628463,market_clock_background,test_exploratory
2026-04-13 00:00:00+00:00,1.3133702,1.6514707,1.5901744,0.6984654,market_clock_background,test_exploratory
2026-04-14 00:00:00+00:00,1.1415956,1.4682508,1.4735377,0.48299837,market_clock_background,test_exploratory
2026-04-15 00:00:00+00:00,1.2265859,1.5135655,1.612736,0.55345637,market_clock_background,test_exploratory
2026-04-16 00:00:00+00:00,1.2420613,1.5692015,1.6080683,0.5489141,market_clock_background,test_exploratory
2026-04-17 00:00:00+00:00,1.2724855,1.542439,1.726345,0.54867274,market_clock_background,test_exploratory
2026-04-18 00:00:00+00:00,1.2986444,1.5862691,1.8442767,0.46538746,market_clock_background,test_exploratory
2026-04-19 00:00:00+00:00,1.2985317,1.6522713,1.593883,0.6494407,market_clock_background,test_exploratory
2026-04-20 00:00:00+00:00,1.2365279,1.5106684,1.549975,0.64894,market_clock_background,test_exploratory
2026-04-21 00:00:00+00:00,1.2143147,1.5208647,1.6316347,0.49044466,market_clock_background,test_exploratory
2026-04-22 00:00:00+00:00,1.2574092,1.6147952,1.518003,0.6394294,market_clock_background,test_exploratory
2026-04-23 00:00:00+00:00,1.2107867,1.54817,1.5183501,0.56584,market_clock_background,test_exploratory
2026-04-24 00:00:00+00:00,1.1678591,1.4474435,1.4617622,0.59437156,market_clock_background,test_exploratory
2026-04-25 00:00:00+00:00,1.122535,1.4411846,1.4393468,0.48707342,market_clock_background,test_exploratory
2026-04-26 00:00:00+00:00,1.2467476,1.6143956,1.5315154,0.594332,market_clock_background,test_exploratory
2026-04-27 00:00:00+00:00,1.21242,1.534427,1.57433,0.5285032,market_clock_background,test_exploratory
2026-04-28 00:00:00+00:00,1.238296,1.490664,1.574963,0.6492609,market_clock_background,test_exploratory
2026-04-29 00:00:00+00:00,1.2841353,1.6309185,1.5646243,0.65686333,market_clock_background,test_exploratory
2026-04-30 00:00:00+00:00,1.1250955,1.406409,1.4633384,0.5055392,market_clock_background,test_exploratory
2026-05-01 00:00:00+00:00,1.2034866,1.5639731,1.471022,0.57546455,market_clock_background,test_exploratory
2026-05-02 00:00:00+00:00,1.1355134,1.4801931,1.3948259,0.53152096,market_clock_background,test_exploratory
2026-05-03 00:00:00+00:00,1.2954917,1.5876434,1.6368383,0.6619931,market_clock_background,test_exploratory
2026-05-04 00:00:00+00:00,1.236594,1.5143435,1.6066918,0.5887466,market_clock_background,test_exploratory
2026-05-05 00:00:00+00:00,1.2525632,1.5588194,1.6643661,0.5345044,market_clock_background,test_exploratory
2026-05-06 00:00:00+00:00,1.2705779,1.5983478,1.5607253,0.65266055,market_clock_background,test_exploratory
2026-05-07 00:00:00+00:00,1.1992574,1.5006287,1.5839087,0.51323444,market_clock_background,test_exploratory
2026-05-08 00:00:00+00:00,1.2057945,1.5387965,1.5404283,0.5381585,market_clock_background,test_exploratory
2026-05-09 00:00:00+00:00,1.1360513,1.439219,1.495324,0.47361082,market_clock_background,test_exploratory
2026-05-10 00:00:00+00:00,1.267952,1.6051538,1.6696858,0.529016,market_clock_background,test_exploratory
2026-05-11 00:00:00+00:00,1.2034822,1.5039738,1.5365425,0.56992984,market_clock_background,test_exploratory
2026-05-12 00:00:00+00:00,1.2337785,1.5651666,1.5710692,0.5650993,market_clock_background,test_exploratory
2026-05-13 00:00:00+00:00,1.2412932,1.5472217,1.614334,0.5623237,market_clock_background,test_exploratory
2026-05-14 00:00:00+00:00,1.2559048,1.584143,1.6149669,0.5686046,market_clock_background,test_exploratory
2026-05-15 00:00:00+00:00,1.2795539,1.4767324,1.821782,0.5401474,market_clock_background,test_exploratory
2026-05-16 00:00:00+00:00,1.2754067,1.6696018,1.5452875,0.61133105,market_clock_background,test_exploratory
2026-05-17 00:00:00+00:00,1.1724126,1.5087477,1.5135275,0.49496275,market_clock_background,test_exploratory
2026-05-18 00:00:00+00:00,1.2405534,1.5184749,1.5461602,0.6570251,market_clock_background,test_exploratory
2026-05-19 00:00:00+00:00,1.1344712,1.4234746,1.4938836,0.48605525,market_clock_background,test_exploratory
2026-05-20 00:00:00+00:00,1.215848,1.5456326,1.542997,0.55891436,market_clock_background,test_exploratory
2026-05-21 00:00:00+00:00,1.2379127,1.576252,1.5643401,0.5731459,market_clock_background,test_exploratory
2026-05-22 00:00:00+00:00,1.3445611,1.6151181,1.8161757,0.6023891,market_clock_background,test_exploratory
2026-05-23 00:00:00+00:00,1.4295399,1.8737969,1.6453632,0.7694595,market_clock_background,test_exploratory
2026-05-24 00:00:00+00:00,1.1484752,1.4128116,1.5081755,0.5244381,market_clock_background,test_exploratory
2026-05-25 00:00:00+00:00,1.2782787,1.617692,1.5385301,0.6786139,market_clock_background,test_exploratory
2026-05-26 00:00:00+00:00,1.2453618,1.5735638,1.5522246,0.6102973,market_clock_background,test_exploratory
2026-05-27 00:00:00+00:00,1.273165,1.5647305,1.7379535,0.5168106,market_clock_background,test_exploratory
2026-05-28 00:00:00+00:00,1.250955,1.6243479,1.5048623,0.6236544,market_clock_background,test_exploratory
2026-05-29 00:00:00+00:00,1.1569519,1.5746187,1.4337373,0.46249974,market_clock_background,test_exploratory
2026-05-30 00:00:00+00:00,1.0787314,1.3907714,1.397536,0.4478868,market_clock_background,test_exploratory
2026-05-31 00:00:00+00:00,1.2317377,1.5859702,1.5310202,0.57822293,market_clock_background,test_exploratory
2026-06-01 00:00:00+00:00,1.2667383,1.586059,1.6234051,0.5907507,market_clock_background,test_exploratory
2026-06-02 00:00:00+00:00,1.3686198,1.6944008,1.7310491,0.68040943,market_clock_background,test_exploratory
2026-06-03 00:00:00+00:00,1.3548906,1.5584006,1.7793969,0.726874,market_clock_background,test_exploratory
2026-06-04 00:00:00+00:00,1.4090705,1.5675364,2.0189238,0.6407516,market_clock_background,test_exploratory
2026-06-05 00:00:00+00:00,1.3212376,1.5995828,1.6325778,0.73155206,market_clock_background,test_exploratory
2026-06-06 00:00:00+00:00,1.0852647,1.4441624,1.3257233,0.48590857,market_clock_background,test_exploratory
2026-06-07 00:00:00+00:00,1.2739646,1.6050303,1.607905,0.60895854,market_clock_background,test_exploratory
2026-06-08 00:00:00+00:00,1.1308036,1.5112746,1.3922131,0.48892307,market_clock_background,test_exploratory
2026-06-09 00:00:00+00:00,1.2238278,1.5158342,1.5534357,0.6022136,market_clock_background,test_exploratory
2026-06-10 00:00:00+00:00,1.2870355,1.6633011,1.5519303,0.64587504,market_clock_background,test_exploratory
2026-06-11 00:00:00+00:00,1.162724,1.4943452,1.4796456,0.51418096,market_clock_background,test_exploratory
2026-06-12 00:00:00+00:00,1.0798001,1.4562467,1.3778605,0.4052931,market_clock_background,test_exploratory
2026-06-13 00:00:00+00:00,1.1150683,1.433383,1.4319081,0.4799137,market_clock_background,test_exploratory
2026-06-14 00:00:00+00:00,1.2530736,1.6087112,1.5918698,0.55863976,market_clock_background,test_exploratory
2026-06-15 00:00:00+00:00,1.2884698,1.6727084,1.5604206,0.6322802,market_clock_background,test_exploratory
2026-06-16 00:00:00+00:00,1.2080579,1.5163893,1.4868414,0.6209431,market_clock_background,test_exploratory
2026-06-17 00:00:00+00:00,1.2701888,1.610056,1.636424,0.56408614,market_clock_background,test_exploratory
2026-06-18 00:00:00+00:00,1.1676465,1.4747987,1.5861999,0.44194102,market_clock_background,test_exploratory
2026-06-19 00:00:00+00:00,1.2156415,1.5662303,1.4103128,0.6703815,market_clock_background,test_exploratory
2026-06-20 00:00:00+00:00,1.1817439,1.519163,1.3907697,0.6352989,market_clock_background,test_exploratory
2026-06-21 00:00:00+00:00,1.2026277,1.4879775,1.6048328,0.51507294,market_clock_background,test_exploratory
2026-06-22 00:00:00+00:00,1.2836978,1.5766892,1.6604753,0.61392903,market_clock_background,test_exploratory
2026-06-23 00:00:00+00:00,1.294959,1.5939989,1.6031659,0.6877121,market_clock_background,test_exploratory
2026-06-24 00:00:00+00:00,1.216443,1.5475801,1.5426412,0.5591077,market_clock_background,test_exploratory
2026-06-25 00:00:00+00:00,1.1724916,1.6016601,1.4899316,0.42588332,market_clock_background,test_exploratory
2026-06-26 00:00:00+00:00,1.0024726,1.3861507,1.2368103,0.3844569,market_clock_background,test_exploratory
2026-06-27 00:00:00+00:00,1.0965943,1.4413854,1.4201844,0.4282135,market_clock_background,test_exploratory
2026-06-28 00:00:00+00:00,1.2700901,1.5665088,1.627928,0.6158337,market_clock_background,test_exploratory
2026-06-29 00:00:00+00:00,1.184068,1.5613031,1.4788982,0.51200265,market_clock_background,test_exploratory
2026-06-30 00:00:00+00:00,1.1902976,1.5021948,1.5634662,0.5052316,market_clock_background,test_exploratory
2026-07-01 00:00:00+00:00,1.3018776,1.614579,1.6587025,0.6323515,market_clock_background,test_exploratory
2026-07-02 00:00:00+00:00,1.2681544,1.5770384,1.6456715,0.581753,market_clock_background,test_exploratory
2026-07-03 00:00:00+00:00,1.2719146,1.5755563,1.5807819,0.65940565,market_clock_background,test_exploratory
2026-07-04 00:00:00+00:00,1.2520219,1.6068637,1.5149868,0.6342151,market_clock_background,test_exploratory
2026-07-05 00:00:00+00:00,1.270865,1.5682465,1.5800859,0.66426265,market_clock_background,test_exploratory
2026-07-06 00:00:00+00:00,1.2754714,1.618008,1.5526531,0.6557533,market_clock_background,test_exploratory
2026-07-07 00:00:00+00:00,1.2650316,1.592841,1.6875135,0.5147402,market_clock_background,test_exploratory
2026-07-08 00:00:00+00:00,1.3071647,1.5720578,1.5161346,0.8333014,market_clock_background,test_exploratory
2026-07-09 00:00:00+00:00,1.2626987,1.552282,1.5674093,0.6684045,market_clock_background,test_exploratory
2026-07-10 00:00:00+00:00,1.14589,1.474104,1.4166794,0.54688686,market_clock_background,test_exploratory
2026-07-11 00:00:00+00:00,1.2205392,1.541666,1.5447209,0.57523054,market_clock_background,test_exploratory
2026-07-12 00:00:00+00:00,1.2776186,1.5530661,1.5779077,0.7018821,market_clock_background,test_exploratory
2026-07-13 00:00:00+00:00,1.264824,1.5122594,1.6431595,0.639053,market_clock_background,test_exploratory
2026-07-14 00:00:00+00:00,1.2483367,1.5426829,1.6571145,0.54521257,market_clock_background,test_exploratory
2026-07-15 00:00:00+00:00,1.2145963,1.5202465,1.5465999,0.5769426,market_clock_background,test_exploratory
2026-07-16 00:00:00+00:00,1.2954334,1.5938251,1.6202292,0.6722457,market_clock_background,test_exploratory
2026-07-17 00:00:00+00:00,1.1527938,1.504056,1.4507151,0.5036104,market_clock_background,test_exploratory
2026-07-18 00:00:00+00:00,1.1059699,1.3890818,1.4605216,0.46830595,market_clock_background,test_exploratory
2026-07-19 00:00:00+00:00,1.2544503,1.5442636,1.6397973,0.5792897,market_clock_background,test_exploratory
2026-07-20 00:00:00+00:00,1.2317138,1.5633906,1.6059327,0.5258181,market_clock_background,test_exploratory
2026-07-21 00:00:00+00:00,1.1952084,1.5302278,1.506189,0.54920834,market_clock_background,test_exploratory
2026-07-22 00:00:00+00:00,1.2719551,1.5797848,1.6080736,0.62800735,market_clock_background,test_exploratory
2026-07-23 00:00:00+00:00,1.2402568,1.5264593,1.6449594,0.54935145,market_clock_background,test_exploratory
2026-07-24 00:00:00+00:00,1.1731381,1.4710405,1.5386672,0.50970674,market_clock_background,test_exploratory
2026-07-25 00:00:00+00:00,1.2227398,1.5184768,1.639506,0.5102366,market_clock_background,test_exploratory
2026-07-26 00:00:00+00:00,1.2800515,1.5817375,1.5987468,0.65967,market_clock_background,test_exploratory
2026-07-27 00:00:00+00:00,1.2839978,1.6514683,1.5451124,0.6554127,market_clock_background,test_exploratory
2026-07-28 00:00:00+00:00,1.1600398,1.4494965,1.5443316,0.48629135,market_clock_background,test_exploratory
2026-07-29 00:00:00+00:00,1.2647357,1.5660292,1.5527562,0.6754216,market_clock_background,test_exploratory
2026-07-30 00:00:00+00:00,1.2337582,1.5179372,1.6130192,0.5703181,market_clock_background,test_exploratory
2026-07-31 00:00:00+00:00,1.2365769,1.5211283,1.6306416,0.5579607,market_clock_background,test_exploratory
2026-08-01 00:00:00+00:00,1.2743955,1.5741872,1.6921724,0.556827,market_clock_background,test_exploratory
2026-08-02 00:00:00+00:00,1.3415072,1.5900688,1.6364146,0.79803807,market_clock_background,test_exploratory
2026-08-03 00:00:00+00:00,1.2672738,1.5750859,1.6271502,0.59958535,market_clock_background,test_exploratory
2026-08-04 00:00:00+00:00,1.2028552,1.4782124,1.5481954,0.58215797,market_clock_background,test_exploratory
2026-08-05 00:00:00+00:00,1.234857,1.531849,1.5851736,0.5875483,market_clock_background,test_exploratory
2026-08-06 00:00:00+00:00,1.2577804,1.5450506,1.5683645,0.6599261,market_clock_background,test_exploratory
2026-08-07 00:00:00+00:00,1.1680743,1.5116838,1.4533249,0.5392142,market_clock_background,test_exploratory
2026-08-08 00:00:00+00:00,1.1112989,1.4830317,1.3972101,0.4536549,market_clock_background,test_exploratory
2026-08-09 00:00:00+00:00,1.2911026,1.5646567,1.594294,0.714357,market_clock_background,test_exploratory
2026-08-10 00:00:00+00:00,1.2362757,1.5342617,1.6167011,0.55786437,market_clock_background,test_exploratory
2026-08-11 00:00:00+00:00,1.263652,1.5760264,1.5875791,0.62735033,market_clock_background,test_exploratory
2026-08-12 00:00:00+00:00,1.223445,1.5238752,1.5515622,0.59489775,market_clock_background,test_exploratory
2026-08-13 00:00:00+00:00,1.2256075,1.512621,1.5901529,0.5740488,market_clock_background,test_exploratory
2026-08-14 00:00:00+00:00,1.233876,1.5873942,1.5296203,0.5846133,market_clock_background,test_exploratory
2026-08-15 00:00:00+00:00,1.1205754,1.4775751,1.3951875,0.4889636,market_clock_background,test_exploratory
2026-08-16 00:00:00+00:00,1.2369848,1.5113281,1.6623263,0.53730035,market_clock_background,test_exploratory
2026-08-17 00:00:00+00:00,1.2577704,1.5765809,1.6398467,0.5568837,market_clock_background,test_exploratory
2026-08-18 00:00:00+00:00,1.273788,1.516371,1.6519498,0.653043,market_clock_background,test_exploratory
2026-08-19 00:00:00+00:00,1.3197842,1.6232569,1.7116103,0.62448525,market_clock_background,test_exploratory
2026-08-20 00:00:00+00:00,1.4028201,1.6662345,1.9086854,0.6335405,market_clock_background,test_exploratory
2026-08-21 00:00:00+00:00,1.3707869,1.6873722,1.5643464,0.8606422,market_clock_background,test_exploratory
2026-08-22 00:00:00+00:00,1.0068485,1.39966,1.1596284,0.4612571,market_clock_background,test_exploratory
2026-08-23 00:00:00+00:00,1.1679275,1.5478338,1.4151324,0.54081655,market_clock_background,test_exploratory
2026-08-24 00:00:00+00:00,1.214807,1.589045,1.449328,0.6060482,market_clock_background,test_exploratory
2026-08-25 00:00:00+00:00,1.2120072,1.546148,1.4915532,0.59832036,market_clock_background,test_exploratory
2026-08-26 00:00:00+00:00,1.1946118,1.4878516,1.5772483,0.5187353,market_clock_background,test_exploratory
2026-08-27 00:00:00+00:00,1.2654792,1.5650675,1.6033039,0.628066,market_clock_background,test_exploratory
2026-08-28 00:00:00+00:00,1.1661017,1.511297,1.550126,0.43688223,market_clock_background,test_exploratory
2026-08-29 00:00:00+00:00,0.99142385,1.3188192,1.3465557,0.30889642,market_clock_background,test_exploratory
2026-08-30 00:00:00+00:00,1.1965283,1.5602388,1.5467086,0.48263755,market_clock_background,test_exploratory
2026-08-31 00:00:00+00:00,1.1823153,1.4539807,1.4911852,0.60178035,market_clock_background,test_exploratory
2026-09-01 00:00:00+00:00,1.2425797,1.5757844,1.5425432,0.6094115,market_clock_background,test_exploratory
2026-09-02 00:00:00+00:00,1.2649567,1.563416,1.6656234,0.5658306,market_clock_background,test_exploratory
2026-09-03 00:00:00+00:00,1.2890257,1.6128005,1.6744881,0.57978845,market_clock_background,test_exploratory
2026-09-04 00:00:00+00:00,1.1498616,1.4193512,1.5707629,0.45947048,market_clock_background,test_exploratory
2026-09-05 00:00:00+00:00,1.242674,1.5206604,1.6661754,0.5411863,market_clock_background,test_exploratory
2026-09-06 00:00:00+00:00,1.2616906,1.5358882,1.5868373,0.66234654,market_clock_background,test_exploratory
2026-09-07 00:00:00+00:00,1.2001781,1.4844854,1.5179751,0.598074,market_clock_background,test_exploratory
2026-09-08 00:00:00+00:00,1.1904037,1.4995713,1.5172353,0.5544044,market_clock_background,test_exploratory
2026-09-09 00:00:00+00:00,1.2971392,1.595599,1.6642962,0.631522,market_clock_background,test_exploratory
2026-09-10 00:00:00+00:00,1.2059546,1.5037936,1.560905,0.55316484,market_clock_background,test_exploratory
2026-09-11 00:00:00+00:00,1.112497,1.5319543,1.3696952,0.4358416,market_clock_background,test_exploratory
2026-09-12 00:00:00+00:00,0.93768376,1.1882261,1.3206964,0.3041289,market_clock_background,test_exploratory
2026-09-13 00:00:00+00:00,1.2937714,1.6680741,1.609833,0.60340714,market_clock_background,test_exploratory
2026-09-14 00:00:00+00:00,1.2780709,1.6482079,1.5903282,0.595677,market_clock_background,test_exploratory
2026-09-15 00:00:00+00:00,1.2502426,1.5846702,1.6579332,0.5081242,market_clock_background,test_exploratory
2026-09-16 00:00:00+00:00,1.1749604,1.4272683,1.5500922,0.5475204,market_clock_background,test_exploratory
2026-09-17 00:00:00+00:00,1.2753216,1.5273895,1.8203226,0.47825253,market_clock_background,test_exploratory
2026-09-18 00:00:00+00:00,1.3229542,1.6477084,1.6091373,0.7120169,market_clock_background,test_exploratory
2026-09-19 00:00:00+00:00,1.2926878,1.5792221,1.5997704,0.6990707,market_clock_background,test_exploratory
2026-09-20 00:00:00+00:00,1.331602,1.6633058,1.7084965,0.6230037,market_clock_background,test_exploratory
2026-09-21 00:00:00+00:00,1.2867864,1.6125357,1.5752339,0.67258954,market_clock_background,test_exploratory
2026-09-22 00:00:00+00:00,1.2176986,1.4696321,1.5986738,0.58478945,market_clock_background,test_exploratory
2026-09-23 00:00:00+00:00,1.2828836,1.5486797,1.7245849,0.5753865,market_clock_background,test_exploratory
2025-07-01 00:00:00+00:00,1.2509383,1.579541,1.6040363,0.56923765,compact_no_prototype,validation
2025-07-02 00:00:00+00:00,1.2737452,1.619249,1.6489749,0.5530118,compact_no_prototype,validation
2025-07-03 00:00:00+00:00,1.2538007,1.5168401,1.6585873,0.5859749,compact_no_prototype,validation
2025-07-04 00:00:00+00:00,1.2020153,1.5684446,1.4967449,0.5408563,compact_no_prototype,validation
2025-07-05 00:00:00+00:00,1.0574841,1.3681096,1.4260309,0.37831172,compact_no_prototype,validation
2025-07-06 00:00:00+00:00,1.2261237,1.5861439,1.6206062,0.4716212,compact_no_prototype,validation
2025-07-07 00:00:00+00:00,1.2361078,1.4993578,1.5956923,0.6132733,compact_no_prototype,validation
2025-07-08 00:00:00+00:00,1.2287878,1.5065722,1.6670809,0.5127101,compact_no_prototype,validation
2025-07-09 00:00:00+00:00,1.3316846,1.6170661,1.699824,0.67816377,compact_no_prototype,validation
2025-07-10 00:00:00+00:00,1.3472674,1.6497316,1.8031275,0.5889428,compact_no_prototype,validation
2025-07-11 00:00:00+00:00,1.2786527,1.5821795,1.5214438,0.73233443,compact_no_prototype,validation
2025-07-12 00:00:00+00:00,1.0208395,1.4092203,1.3021659,0.3511322,compact_no_prototype,validation
2025-07-13 00:00:00+00:00,1.2377421,1.5612396,1.6556007,0.4963862,compact_no_prototype,validation
2025-07-14 00:00:00+00:00,1.2695357,1.6080726,1.5800157,0.6205189,compact_no_prototype,validation
2025-07-15 00:00:00+00:00,1.2702246,1.555153,1.6456382,0.6098826,compact_no_prototype,validation
2025-07-16 00:00:00+00:00,1.2481004,1.5716387,1.6433864,0.52927583,compact_no_prototype,validation
2025-07-17 00:00:00+00:00,1.4127607,1.6745143,1.752566,0.8112018,compact_no_prototype,validation
2025-07-18 00:00:00+00:00,1.1722775,1.5357475,1.3829936,0.5980911,compact_no_prototype,validation
2025-07-19 00:00:00+00:00,1.1410985,1.3996327,1.6049575,0.4187054,compact_no_prototype,validation
2025-07-20 00:00:00+00:00,1.2826477,1.5924475,1.657148,0.59834766,compact_no_prototype,validation
2025-07-21 00:00:00+00:00,1.2260823,1.5662873,1.4566097,0.65534997,compact_no_prototype,validation
2025-07-22 00:00:00+00:00,1.2545347,1.4840103,1.6034807,0.6761131,compact_no_prototype,validation
2025-07-23 00:00:00+00:00,1.2676765,1.5595877,1.6898155,0.5536263,compact_no_prototype,validation
2025-07-24 00:00:00+00:00,1.2519345,1.7013364,1.4268644,0.6276028,compact_no_prototype,validation
2025-07-25 00:00:00+00:00,1.1908494,1.5981652,1.3386942,0.6356888,compact_no_prototype,validation
2025-07-26 00:00:00+00:00,1.0416201,1.3265383,1.4314089,0.36691335,compact_no_prototype,validation
2025-07-27 00:00:00+00:00,1.2882816,1.61284,1.636443,0.6155616,compact_no_prototype,validation
2025-07-28 00:00:00+00:00,1.2875273,1.5961348,1.5910205,0.6754266,compact_no_prototype,validation
2025-07-29 00:00:00+00:00,1.1662177,1.4603353,1.4944625,0.54385555,compact_no_prototype,validation
2025-07-30 00:00:00+00:00,1.2267327,1.5811838,1.458724,0.6402904,compact_no_prototype,validation
2025-07-31 00:00:00+00:00,1.3235127,1.6132445,1.8663917,0.490902,compact_no_prototype,validation
2025-08-01 00:00:00+00:00,1.3560127,1.6169423,1.6607311,0.7903645,compact_no_prototype,validation
2025-08-02 00:00:00+00:00,1.1351136,1.4940345,1.3616424,0.5496639,compact_no_prototype,validation
2025-08-03 00:00:00+00:00,1.2201139,1.4863384,1.6559193,0.518084,compact_no_prototype,validation
2025-08-04 00:00:00+00:00,1.2778945,1.603972,1.5994033,0.6303083,compact_no_prototype,validation
2025-08-05 00:00:00+00:00,1.2510767,1.5611007,1.5469246,0.6452048,compact_no_prototype,validation
2025-08-06 00:00:00+00:00,1.2547317,1.5151986,1.6435523,0.60544384,compact_no_prototype,validation
2025-08-07 00:00:00+00:00,1.3658651,1.6723619,1.7278514,0.69738215,compact_no_prototype,validation
2025-08-08 00:00:00+00:00,1.23446,1.4752883,1.6748346,0.5532572,compact_no_prototype,validation
2025-08-09 00:00:00+00:00,1.3486114,1.6130685,1.6222188,0.81054664,compact_no_prototype,validation
2025-08-10 00:00:00+00:00,1.3094147,1.6010833,1.5406816,0.7864793,compact_no_prototype,validation
2025-08-11 00:00:00+00:00,1.3106928,1.6511631,1.6468695,0.63404566,compact_no_prototype,validation
2025-08-12 00:00:00+00:00,1.3011607,1.5761589,1.7687058,0.5586175,compact_no_prototype,validation
2025-08-13 00:00:00+00:00,1.2654504,1.5380163,1.6741706,0.5841644,compact_no_prototype,validation
2025-08-14 00:00:00+00:00,1.2549909,1.5938076,1.5699713,0.6011938,compact_no_prototype,validation
2025-08-15 00:00:00+00:00,1.0869942,1.4708413,1.389281,0.4008603,compact_no_prototype,validation
2025-08-16 00:00:00+00:00,1.0967537,1.4103347,1.4899967,0.3899299,compact_no_prototype,validation
2025-08-17 00:00:00+00:00,1.2847532,1.6237643,1.5572962,0.67319894,compact_no_prototype,validation
2025-08-18 00:00:00+00:00,1.2552413,1.5670675,1.5921022,0.60655427,compact_no_prototype,validation
2025-08-19 00:00:00+00:00,1.2333584,1.5431757,1.5720539,0.5848455,compact_no_prototype,validation
2025-08-20 00:00:00+00:00,1.1302632,1.44918,1.4656634,0.47594637,compact_no_prototype,validation
2025-08-21 00:00:00+00:00,1.1839129,1.4103038,1.6102158,0.53121924,compact_no_prototype,validation
2025-08-22 00:00:00+00:00,1.2090456,1.5564646,1.6248631,0.4458091,compact_no_prototype,validation
2025-08-23 00:00:00+00:00,0.9346123,1.291529,1.2486185,0.2636895,compact_no_prototype,validation
2025-08-24 00:00:00+00:00,1.238643,1.6215844,1.5531788,0.541166,compact_no_prototype,validation
2025-08-25 00:00:00+00:00,1.352764,1.7009871,1.6196239,0.7376811,compact_no_prototype,validation
2025-08-26 00:00:00+00:00,1.2255231,1.4852417,1.5912186,0.600109,compact_no_prototype,validation
2025-08-27 00:00:00+00:00,1.2237012,1.5515138,1.5013136,0.61827654,compact_no_prototype,validation
2025-08-28 00:00:00+00:00,1.2501053,1.5216213,1.6713367,0.55735767,compact_no_prototype,validation
2025-08-29 00:00:00+00:00,1.2306501,1.6057032,1.4630597,0.6231871,compact_no_prototype,validation
2025-08-30 00:00:00+00:00,1.046113,1.4384084,1.3297226,0.37020826,compact_no_prototype,validation
2025-08-31 00:00:00+00:00,1.2088417,1.5061466,1.5667273,0.553651,compact_no_prototype,validation
2025-09-01 00:00:00+00:00,1.3194684,1.629463,1.5821251,0.7468172,compact_no_prototype,validation
2025-09-02 00:00:00+00:00,1.1951089,1.5211405,1.5680987,0.49608728,compact_no_prototype,validation
2025-09-03 00:00:00+00:00,1.1920995,1.4996178,1.5479877,0.52869266,compact_no_prototype,validation
2025-09-04 00:00:00+00:00,1.2330365,1.553723,1.5683609,0.5770257,compact_no_prototype,validation
2025-09-05 00:00:00+00:00,1.1782974,1.5322205,1.5200171,0.48265445,compact_no_prototype,validation
2025-09-06 00:00:00+00:00,1.0951473,1.4254247,1.4164585,0.44355848,compact_no_prototype,validation
2025-09-07 00:00:00+00:00,1.2312262,1.5595573,1.5665295,0.56759167,compact_no_prototype,validation
2025-09-08 00:00:00+00:00,1.2675579,1.5972316,1.6028948,0.6025473,compact_no_prototype,validation
2025-09-09 00:00:00+00:00,1.2382798,1.5455203,1.5601012,0.60921776,compact_no_prototype,validation
2025-09-10 00:00:00+00:00,1.2485323,1.5573564,1.6016877,0.5865529,compact_no_prototype,validation
2025-09-11 00:00:00+00:00,1.2582061,1.5552042,1.5899874,0.62942696,compact_no_prototype,validation
2025-09-12 00:00:00+00:00,1.2283639,1.5052812,1.6155899,0.5642205,compact_no_prototype,validation
2025-09-13 00:00:00+00:00,1.2557654,1.5967454,1.538515,0.63203573,compact_no_prototype,validation
2025-09-14 00:00:00+00:00,1.2371649,1.5259787,1.6167809,0.5687348,compact_no_prototype,validation
2025-09-15 00:00:00+00:00,1.2273085,1.5409937,1.5869652,0.55396646,compact_no_prototype,validation
2025-09-16 00:00:00+00:00,1.17174,1.4738504,1.5260236,0.5153462,compact_no_prototype,validation
2025-09-17 00:00:00+00:00,1.2733729,1.5499867,1.6800548,0.59007704,compact_no_prototype,validation
2025-09-18 00:00:00+00:00,1.1760039,1.4484321,1.5756302,0.50394976,compact_no_prototype,validation
2025-09-19 00:00:00+00:00,1.2244992,1.5796779,1.5410471,0.55277276,compact_no_prototype,validation
2025-09-20 00:00:00+00:00,1.0907556,1.4575396,1.3830848,0.43164253,compact_no_prototype,validation
2025-09-21 00:00:00+00:00,1.2148862,1.5409815,1.4974456,0.6062317,compact_no_prototype,validation
2025-09-22 00:00:00+00:00,1.1924369,1.5067784,1.528254,0.5422784,compact_no_prototype,validation
2025-09-23 00:00:00+00:00,1.1747389,1.4516914,1.485463,0.58706224,compact_no_prototype,validation
2025-09-24 00:00:00+00:00,1.304987,1.547092,1.7175584,0.6503105,compact_no_prototype,validation
2025-09-25 00:00:00+00:00,1.3335153,1.6597893,1.6023898,0.73836654,compact_no_prototype,validation
2025-09-26 00:00:00+00:00,1.0419343,1.3979299,1.2727513,0.45512164,compact_no_prototype,validation
2025-09-27 00:00:00+00:00,1.0124316,1.3607993,1.326266,0.35022926,compact_no_prototype,validation
2025-09-28 00:00:00+00:00,1.2942971,1.6314107,1.6254157,0.62606496,compact_no_prototype,validation
2025-09-29 00:00:00+00:00,1.2456485,1.5852394,1.5436116,0.6080946,compact_no_prototype,validation
2025-09-30 00:00:00+00:00,1.2586473,1.5685554,1.650166,0.5572207,compact_no_prototype,validation
2025-10-01 00:00:00+00:00,1.3413523,1.6131209,1.6872352,0.7237009,compact_no_prototype,validation
2025-10-02 00:00:00+00:00,1.2029942,1.5346888,1.5397086,0.53458524,compact_no_prototype,validation
2025-10-03 00:00:00+00:00,1.2212249,1.582214,1.5765357,0.50492495,compact_no_prototype,validation
2025-10-04 00:00:00+00:00,1.0614825,1.4687674,1.3888423,0.3268378,compact_no_prototype,validation
2025-10-05 00:00:00+00:00,1.3651527,1.6655872,1.5802858,0.84958494,compact_no_prototype,validation
2025-10-06 00:00:00+00:00,1.2797074,1.5872424,1.6423649,0.6095151,compact_no_prototype,validation
2025-10-07 00:00:00+00:00,1.2446228,1.5575364,1.6053034,0.5710288,compact_no_prototype,validation
2025-10-08 00:00:00+00:00,1.2147657,1.5591831,1.5522856,0.53282845,compact_no_prototype,validation
2025-10-09 00:00:00+00:00,1.2790964,1.5617687,1.6546382,0.62088245,compact_no_prototype,validation
2025-10-10 00:00:00+00:00,1.4394064,1.6441344,2.0534697,0.6206151,compact_no_prototype,validation
2025-10-11 00:00:00+00:00,0.6920541,0.9855525,0.94846845,0.14214139,compact_no_prototype,validation
2025-10-12 00:00:00+00:00,1.2852868,1.5774938,1.7751002,0.5032665,compact_no_prototype,validation
2025-10-13 00:00:00+00:00,1.217833,1.5418383,1.4740651,0.6375959,compact_no_prototype,validation
2025-10-14 00:00:00+00:00,1.3067484,1.7640971,1.410798,0.7453501,compact_no_prototype,validation
2025-10-15 00:00:00+00:00,1.1719123,1.4637036,1.5383059,0.5137272,compact_no_prototype,validation
2025-10-16 00:00:00+00:00,1.2902551,1.5114682,1.7464902,0.6128066,compact_no_prototype,validation
2025-10-17 00:00:00+00:00,1.179954,1.569711,1.3380545,0.63209695,compact_no_prototype,validation
2025-10-18 00:00:00+00:00,1.0213618,1.3134936,1.4560384,0.29455355,compact_no_prototype,validation
2025-10-19 00:00:00+00:00,1.3216491,1.6456493,1.6237957,0.695502,compact_no_prototype,validation
2025-10-20 00:00:00+00:00,1.2286234,1.5640283,1.5563674,0.56547445,compact_no_prototype,validation
2025-10-21 00:00:00+00:00,1.3850894,1.8080896,1.634486,0.7126927,compact_no_prototype,validation
2025-10-22 00:00:00+00:00,1.158388,1.4716909,1.4553843,0.54808885,compact_no_prototype,validation
2025-10-23 00:00:00+00:00,1.1861453,1.5356421,1.5337644,0.48902974,compact_no_prototype,validation
2025-10-24 00:00:00+00:00,1.1974473,1.5424398,1.4782346,0.5716678,compact_no_prototype,validation
2025-10-25 00:00:00+00:00,1.1462866,1.4189174,1.5892277,0.43071473,compact_no_prototype,validation
2025-10-26 00:00:00+00:00,1.3418008,1.6924777,1.6159829,0.71694183,compact_no_prototype,validation
2025-10-27 00:00:00+00:00,1.2634686,1.5999974,1.5263885,0.66401994,compact_no_prototype,validation
2025-10-28 00:00:00+00:00,1.2657182,1.5733975,1.5225033,0.70125395,compact_no_prototype,validation
2025-10-29 00:00:00+00:00,1.2004222,1.4217298,1.6834527,0.4960841,compact_no_prototype,validation
2025-10-30 00:00:00+00:00,1.273432,1.6836574,1.4520223,0.68461615,compact_no_prototype,validation
2025-10-31 00:00:00+00:00,1.0668157,1.3630435,1.3728565,0.464547,compact_no_prototype,validation
2025-11-01 00:00:00+00:00,1.0309433,1.3192476,1.3568592,0.4167229,compact_no_prototype,validation
2025-11-02 00:00:00+00:00,1.2622488,1.5841947,1.5319659,0.6705858,compact_no_prototype,validation
2025-11-03 00:00:00+00:00,1.2957331,1.5813746,1.7436675,0.5621575,compact_no_prototype,validation
2025-11-04 00:00:00+00:00,1.329865,1.6602576,1.4725013,0.8568364,compact_no_prototype,validation
2025-11-05 00:00:00+00:00,0.9633758,1.3301368,1.2502706,0.30972016,compact_no_prototype,validation
2025-11-06 00:00:00+00:00,1.2760456,1.5082368,1.6041061,0.7157939,compact_no_prototype,validation
2025-11-07 00:00:00+00:00,1.2842116,1.6316857,1.5826768,0.6382724,compact_no_prototype,validation
2025-11-08 00:00:00+00:00,1.0584595,1.4169803,1.4217072,0.33669105,compact_no_prototype,validation
2025-11-09 00:00:00+00:00,1.2973838,1.5960898,1.683353,0.61270833,compact_no_prototype,validation
2025-11-10 00:00:00+00:00,1.2390119,1.5371839,1.5172215,0.6626303,compact_no_prototype,validation
2025-11-11 00:00:00+00:00,1.2727524,1.6063894,1.5917118,0.62015605,compact_no_prototype,validation
2025-11-12 00:00:00+00:00,1.2838957,1.6243051,1.5804038,0.64697814,compact_no_prototype,validation
2025-11-13 00:00:00+00:00,1.3626434,1.5939336,1.8336143,0.66038203,compact_no_prototype,validation
2025-11-14 00:00:00+00:00,1.2776958,1.5757931,1.3857539,0.8715403,compact_no_prototype,validation
2025-11-15 00:00:00+00:00,1.0128005,1.3437754,1.3510945,0.34353137,compact_no_prototype,validation
2025-11-16 00:00:00+00:00,1.2373035,1.6043187,1.5857452,0.52184683,compact_no_prototype,validation
2025-11-17 00:00:00+00:00,1.2652694,1.58976,1.5877001,0.618348,compact_no_prototype,validation
2025-11-18 00:00:00+00:00,1.2092477,1.4888806,1.583416,0.5554463,compact_no_prototype,validation
2025-11-19 00:00:00+00:00,1.2123841,1.6332563,1.4830725,0.5208237,compact_no_prototype,validation
2025-11-20 00:00:00+00:00,1.3018129,1.4774137,1.9399264,0.48809868,compact_no_prototype,validation
2025-11-21 00:00:00+00:00,1.2853367,1.596594,1.4752321,0.78418416,compact_no_prototype,validation
2025-11-22 00:00:00+00:00,0.9717421,1.2913688,1.3389354,0.28492227,compact_no_prototype,validation
2025-11-23 00:00:00+00:00,1.2060764,1.5209948,1.5807322,0.51650226,compact_no_prototype,validation
2025-11-24 00:00:00+00:00,1.2201002,1.5694345,1.5306623,0.5602036,compact_no_prototype,validation
2025-11-25 00:00:00+00:00,1.1828628,1.5156888,1.5072671,0.52563256,compact_no_prototype,validation
2025-11-26 00:00:00+00:00,1.1825143,1.5148865,1.5525181,0.4801381,compact_no_prototype,validation
2025-11-27 00:00:00+00:00,1.1709385,1.4844891,1.4822415,0.5460848,compact_no_prototype,validation
2025-11-28 00:00:00+00:00,1.241857,1.5199255,1.5723215,0.63332397,compact_no_prototype,validation
2025-11-29 00:00:00+00:00,1.0921962,1.3987081,1.4398437,0.43803683,compact_no_prototype,validation
2025-11-30 00:00:00+00:00,1.2534273,1.5527891,1.5484147,0.65907806,compact_no_prototype,validation
2025-12-01 00:00:00+00:00,1.2644436,1.5104802,1.7049415,0.5779091,compact_no_prototype,validation
2025-12-02 00:00:00+00:00,1.2898682,1.565457,1.8474729,0.45667464,compact_no_prototype,validation
2025-12-03 00:00:00+00:00,1.2212232,1.5608991,1.5178188,0.5849517,compact_no_prototype,validation
2025-12-04 00:00:00+00:00,1.1702383,1.420996,1.5970707,0.49264818,compact_no_prototype,validation
2025-12-05 00:00:00+00:00,1.2052035,1.543553,1.5862547,0.48580298,compact_no_prototype,validation
2025-12-06 00:00:00+00:00,1.0616864,1.370697,1.3614776,0.45288467,compact_no_prototype,validation
2025-12-07 00:00:00+00:00,1.263271,1.6126161,1.5699782,0.6072189,compact_no_prototype,validation
2025-12-08 00:00:00+00:00,1.1823936,1.4741678,1.5348381,0.5381746,compact_no_prototype,validation
2025-12-09 00:00:00+00:00,1.2646922,1.6091679,1.6062504,0.57865834,compact_no_prototype,validation
2025-12-10 00:00:00+00:00,1.3032416,1.6101022,1.744186,0.55543643,compact_no_prototype,validation
2025-12-11 00:00:00+00:00,1.2055178,1.5240731,1.5201919,0.57228816,compact_no_prototype,validation
2025-12-12 00:00:00+00:00,1.1071695,1.4099225,1.4567997,0.45478615,compact_no_prototype,validation
2025-12-13 00:00:00+00:00,1.0446337,1.3481886,1.4121729,0.3735396,compact_no_prototype,validation
2025-12-14 00:00:00+00:00,1.2315079,1.6040776,1.584671,0.5057752,compact_no_prototype,validation
2025-12-15 00:00:00+00:00,1.2223921,1.5291905,1.6082258,0.5297599,compact_no_prototype,validation
2025-12-16 00:00:00+00:00,1.1458892,1.4121469,1.5298108,0.49570975,compact_no_prototype,validation
2025-12-17 00:00:00+00:00,1.1742339,1.5003018,1.6184214,0.40397856,compact_no_prototype,validation
2025-12-18 00:00:00+00:00,1.1817714,1.5803273,1.4713893,0.49359763,compact_no_prototype,validation
2025-12-19 00:00:00+00:00,1.0826788,1.4801993,1.3348601,0.4329772,compact_no_prototype,validation
2025-12-20 00:00:00+00:00,0.9859641,1.3167332,1.3320614,0.30909777,compact_no_prototype,validation
2025-12-21 00:00:00+00:00,1.2820897,1.6502739,1.5957221,0.6002734,compact_no_prototype,validation
2025-12-22 00:00:00+00:00,1.2466708,1.5915973,1.5232297,0.62518543,compact_no_prototype,validation
2025-12-23 00:00:00+00:00,1.2265015,1.5349914,1.5234536,0.6210593,compact_no_prototype,validation
2025-12-24 00:00:00+00:00,1.1925107,1.4820181,1.5234361,0.57207793,compact_no_prototype,validation
2025-12-25 00:00:00+00:00,1.2838583,1.6496087,1.571274,0.63069224,compact_no_prototype,validation
2025-12-26 00:00:00+00:00,1.1329631,1.4476165,1.4463546,0.50491816,compact_no_prototype,validation
2025-12-27 00:00:00+00:00,1.1616781,1.4304188,1.6000084,0.45460707,compact_no_prototype,validation
2025-12-28 00:00:00+00:00,1.2660642,1.5828251,1.6600643,0.55530286,compact_no_prototype,validation
2025-12-29 00:00:00+00:00,1.224373,1.5553344,1.5575725,0.560212,compact_no_prototype,validation
2025-12-30 00:00:00+00:00,1.1482239,1.4410763,1.5386571,0.4649383,compact_no_prototype,validation
2025-12-31 00:00:00+00:00,1.1918416,1.489855,1.5925885,0.4930813,compact_no_prototype,validation
2026-01-01 00:00:00+00:00,1.2783065,1.580847,1.6800846,0.5739881,compact_no_prototype,validation
2026-01-02 00:00:00+00:00,1.2987506,1.6620616,1.5634266,0.67076373,compact_no_prototype,validation
2026-01-03 00:00:00+00:00,1.2071735,1.5269985,1.6070619,0.4874598,compact_no_prototype,validation
2026-01-04 00:00:00+00:00,1.273616,1.5552775,1.6140769,0.65149355,compact_no_prototype,validation
2026-01-05 00:00:00+00:00,1.2870517,1.5813088,1.6073998,0.6724464,compact_no_prototype,validation
2026-01-06 00:00:00+00:00,1.1969739,1.5598077,1.4788667,0.5522472,compact_no_prototype,validation
2026-01-07 00:00:00+00:00,1.1815605,1.4282804,1.5804235,0.5359776,compact_no_prototype,validation
2026-01-08 00:00:00+00:00,1.2650341,1.6000122,1.4973879,0.69770217,compact_no_prototype,validation
2026-01-09 00:00:00+00:00,1.1371927,1.4751059,1.3779389,0.5585334,compact_no_prototype,validation
2026-01-10 00:00:00+00:00,0.9679605,1.2888026,1.2631346,0.35194403,compact_no_prototype,validation
2026-01-11 00:00:00+00:00,1.2471662,1.5634377,1.6186461,0.5594142,compact_no_prototype,validation
2026-01-12 00:00:00+00:00,1.26189,1.57897,1.607221,0.59947944,compact_no_prototype,validation
2026-01-13 00:00:00+00:00,1.2971947,1.6300131,1.7180446,0.54352635,compact_no_prototype,validation
2026-01-14 00:00:00+00:00,1.2108829,1.5421861,1.5619857,0.52847683,compact_no_prototype,validation
2026-01-15 00:00:00+00:00,1.1952714,1.5051755,1.519938,0.56070054,compact_no_prototype,validation
2026-01-16 00:00:00+00:00,1.1136984,1.4427446,1.4411577,0.4571929,compact_no_prototype,validation
2026-01-17 00:00:00+00:00,1.0922934,1.4458218,1.3514004,0.47965813,compact_no_prototype,validation
2026-01-18 00:00:00+00:00,1.1866323,1.5299205,1.4706326,0.55934364,compact_no_prototype,validation
2026-01-19 00:00:00+00:00,1.1009731,1.3667055,1.55796,0.37825367,compact_no_prototype,validation
2026-01-20 00:00:00+00:00,1.3579181,1.7163272,1.6100941,0.747333,compact_no_prototype,validation
2026-01-21 00:00:00+00:00,1.1606325,1.541679,1.4484661,0.49175236,compact_no_prototype,validation
2026-01-22 00:00:00+00:00,1.0376829,1.3207959,1.4050103,0.38724214,compact_no_prototype,validation
2026-01-23 00:00:00+00:00,1.1666249,1.5586742,1.4290109,0.51218975,compact_no_prototype,validation
2026-01-24 00:00:00+00:00,1.0063444,1.2167419,1.5210657,0.2812258,compact_no_prototype,validation
2026-01-25 00:00:00+00:00,1.224601,1.6403782,1.524936,0.50848883,compact_no_prototype,validation
2026-01-26 00:00:00+00:00,1.1958543,1.4774703,1.5568274,0.5532652,compact_no_prototype,validation
2026-01-27 00:00:00+00:00,1.1855184,1.4817286,1.5866061,0.48822042,compact_no_prototype,validation
2026-01-28 00:00:00+00:00,1.2295222,1.4757257,1.6306837,0.58215714,compact_no_prototype,validation
2026-01-29 00:00:00+00:00,1.3337405,1.6517928,1.716865,0.6325637,compact_no_prototype,validation
2026-01-30 00:00:00+00:00,1.3039671,1.4323802,1.8950653,0.58445585,compact_no_prototype,validation
2026-02-01 00:00:00+00:00,1.1223522,1.4280438,1.4575534,0.48145962,compact_no_prototype,test_exploratory
2026-02-02 00:00:00+00:00,1.0458702,1.427445,1.2856582,0.42450714,compact_no_prototype,test_exploratory
2026-02-03 00:00:00+00:00,1.1785995,1.4573541,1.5212901,0.557154,compact_no_prototype,test_exploratory
2026-02-04 00:00:00+00:00,1.3793181,1.4867876,2.1120431,0.5391235,compact_no_prototype,test_exploratory
2026-02-05 00:00:00+00:00,1.5169233,1.7603371,1.950137,0.84029585,compact_no_prototype,test_exploratory
2026-02-06 00:00:00+00:00,0.9698174,1.3789331,1.2537104,0.27680877,compact_no_prototype,test_exploratory
2026-02-07 00:00:00+00:00,1.1350056,1.5535207,1.271277,0.5802194,compact_no_prototype,test_exploratory
2026-02-08 00:00:00+00:00,1.2291561,1.5010114,1.5415047,0.6449524,compact_no_prototype,test_exploratory
2026-02-09 00:00:00+00:00,1.2171263,1.6100678,1.4871007,0.55421,compact_no_prototype,test_exploratory
2026-02-10 00:00:00+00:00,1.2043383,1.5293846,1.5677003,0.51592994,compact_no_prototype,test_exploratory
2026-02-11 00:00:00+00:00,1.259444,1.6306756,1.4896351,0.65802157,compact_no_prototype,test_exploratory
2026-02-12 00:00:00+00:00,1.1285329,1.4312191,1.5045183,0.44986147,compact_no_prototype,test_exploratory
2026-02-13 00:00:00+00:00,1.2491736,1.5016923,1.8205706,0.42525822,compact_no_prototype,test_exploratory
2026-02-14 00:00:00+00:00,1.2873198,1.5556111,1.7480483,0.55829984,compact_no_prototype,test_exploratory
2026-02-15 00:00:00+00:00,1.3456007,1.6212044,1.6175675,0.79803044,compact_no_prototype,test_exploratory
2026-02-16 00:00:00+00:00,1.1701858,1.5151592,1.4695828,0.5258155,compact_no_prototype,test_exploratory
2026-02-17 00:00:00+00:00,1.1117154,1.4618576,1.4490724,0.42421612,compact_no_prototype,test_exploratory
2026-02-18 00:00:00+00:00,1.1819758,1.5278175,1.5374227,0.4806873,compact_no_prototype,test_exploratory
2026-02-19 00:00:00+00:00,1.1794915,1.5068853,1.5260155,0.50557387,compact_no_prototype,test_exploratory
2026-02-20 00:00:00+00:00,1.1745896,1.4918664,1.4737035,0.55819935,compact_no_prototype,test_exploratory
2026-02-21 00:00:00+00:00,1.055181,1.3983976,1.457027,0.3101188,compact_no_prototype,test_exploratory
2026-02-22 00:00:00+00:00,1.2277635,1.5519906,1.5431515,0.58814836,compact_no_prototype,test_exploratory
2026-02-23 00:00:00+00:00,1.2762197,1.5918396,1.6043515,0.63246787,compact_no_prototype,test_exploratory
2026-02-24 00:00:00+00:00,1.320911,1.5988145,1.7179943,0.6459244,compact_no_prototype,test_exploratory
2026-02-25 00:00:00+00:00,1.3660971,1.7598159,1.7124665,0.62600887,compact_no_prototype,test_exploratory
2026-02-26 00:00:00+00:00,1.1329008,1.3864425,1.5561007,0.45615932,compact_no_prototype,test_exploratory
2026-02-27 00:00:00+00:00,1.3874094,1.6504996,1.7534627,0.75826585,compact_no_prototype,test_exploratory
2026-02-28 00:00:00+00:00,1.5579212,1.8809384,1.7721262,1.0206989,compact_no_prototype,test_exploratory
2026-03-01 00:00:00+00:00,1.2170599,1.5489417,1.4484514,0.6537865,compact_no_prototype,test_exploratory
2026-03-02 00:00:00+00:00,1.2065514,1.5766954,1.4638886,0.5790703,compact_no_prototype,test_exploratory
2026-03-03 00:00:00+00:00,1.211852,1.5150137,1.6615148,0.45902744,compact_no_prototype,test_exploratory
2026-03-04 00:00:00+00:00,1.3232132,1.688842,1.5558418,0.7249561,compact_no_prototype,test_exploratory
2026-03-05 00:00:00+00:00,1.1390727,1.4043871,1.5759746,0.43685603,compact_no_prototype,test_exploratory
2026-03-06 00:00:00+00:00,1.1549346,1.4443917,1.6246632,0.3957492,compact_no_prototype,test_exploratory
2026-03-07 00:00:00+00:00,1.1365484,1.4035618,1.5582057,0.44787762,compact_no_prototype,test_exploratory
2026-03-08 00:00:00+00:00,1.2854928,1.5789104,1.5922049,0.68536294,compact_no_prototype,test_exploratory
2026-03-09 00:00:00+00:00,1.2435348,1.5181743,1.6038314,0.6085987,compact_no_prototype,test_exploratory
2026-03-10 00:00:00+00:00,1.1369877,1.5399595,1.4247779,0.44622558,compact_no_prototype,test_exploratory
2026-03-11 00:00:00+00:00,1.1659267,1.536439,1.4605209,0.5008204,compact_no_prototype,test_exploratory
2026-03-12 00:00:00+00:00,1.3284516,1.6369579,1.6834115,0.6649856,compact_no_prototype,test_exploratory
2026-03-13 00:00:00+00:00,1.211931,1.5789057,1.5419267,0.5149606,compact_no_prototype,test_exploratory
2026-03-14 00:00:00+00:00,1.08594,1.4802305,1.4077077,0.369882,compact_no_prototype,test_exploratory
2026-03-15 00:00:00+00:00,1.2381557,1.6001006,1.5753815,0.538985,compact_no_prototype,test_exploratory
2026-03-16 00:00:00+00:00,1.2500607,1.5748477,1.5139565,0.6613778,compact_no_prototype,test_exploratory
2026-03-17 00:00:00+00:00,1.186907,1.4660039,1.6018329,0.4928843,compact_no_prototype,test_exploratory
2026-03-18 00:00:00+00:00,1.2693548,1.5437924,1.6735823,0.59068984,compact_no_prototype,test_exploratory
2026-03-19 00:00:00+00:00,1.1716,1.527537,1.4558306,0.53143245,compact_no_prototype,test_exploratory
2026-03-20 00:00:00+00:00,1.166307,1.4724953,1.3803645,0.6460609,compact_no_prototype,test_exploratory
2026-03-21 00:00:00+00:00,1.340363,1.4450173,2.0889802,0.4870914,compact_no_prototype,test_exploratory
2026-03-22 00:00:00+00:00,1.2666448,1.550911,1.6280193,0.62100434,compact_no_prototype,test_exploratory
2026-03-23 00:00:00+00:00,1.1582862,1.5002395,1.4383745,0.5362448,compact_no_prototype,test_exploratory
2026-03-24 00:00:00+00:00,1.1241198,1.4617962,1.4703339,0.44022906,compact_no_prototype,test_exploratory
2026-03-25 00:00:00+00:00,1.2682364,1.5221622,1.7168334,0.56571364,compact_no_prototype,test_exploratory
2026-03-26 00:00:00+00:00,1.3963392,1.7234074,1.7295637,0.73604655,compact_no_prototype,test_exploratory
2026-03-27 00:00:00+00:00,1.2312169,1.5461187,1.5595814,0.58795077,compact_no_prototype,test_exploratory
2026-03-28 00:00:00+00:00,1.1774824,1.5510504,1.43713,0.5442667,compact_no_prototype,test_exploratory
2026-03-29 00:00:00+00:00,1.2154528,1.4975777,1.6190116,0.5297691,compact_no_prototype,test_exploratory
2026-03-30 00:00:00+00:00,1.243658,1.5616342,1.5418261,0.6275137,compact_no_prototype,test_exploratory
2026-03-31 00:00:00+00:00,1.244011,1.5730269,1.5847548,0.5742513,compact_no_prototype,test_exploratory
2026-04-01 00:00:00+00:00,1.3127044,1.5723125,1.73142,0.6343807,compact_no_prototype,test_exploratory
2026-04-02 00:00:00+00:00,1.1738919,1.531377,1.4804213,0.5098774,compact_no_prototype,test_exploratory
2026-04-03 00:00:00+00:00,1.1080333,1.4166816,1.4004992,0.50691915,compact_no_prototype,test_exploratory
2026-04-04 00:00:00+00:00,1.1446275,1.4167205,1.5070763,0.5100857,compact_no_prototype,test_exploratory
2026-04-05 00:00:00+00:00,1.2717497,1.6721512,1.5778909,0.56520694,compact_no_prototype,test_exploratory
2026-04-06 00:00:00+00:00,1.2914622,1.6231155,1.5904609,0.6608099,compact_no_prototype,test_exploratory
2026-04-07 00:00:00+00:00,1.3332185,1.6235313,1.7389201,0.637204,compact_no_prototype,test_exploratory
2026-04-08 00:00:00+00:00,1.145272,1.4583926,1.5195513,0.45787224,compact_no_prototype,test_exploratory
2026-04-09 00:00:00+00:00,1.2232709,1.5781531,1.5104362,0.5812235,compact_no_prototype,test_exploratory
2026-04-10 00:00:00+00:00,1.1467725,1.540454,1.4215816,0.47828186,compact_no_prototype,test_exploratory
2026-04-11 00:00:00+00:00,1.4033817,1.6533515,2.0101073,0.54668623,compact_no_prototype,test_exploratory
2026-04-12 00:00:00+00:00,1.2294501,1.4773035,1.5585586,0.6524881,compact_no_prototype,test_exploratory
2026-04-13 00:00:00+00:00,1.3117281,1.648577,1.591665,0.69494265,compact_no_prototype,test_exploratory
2026-04-14 00:00:00+00:00,1.1388699,1.4646724,1.4731793,0.47875774,compact_no_prototype,test_exploratory
2026-04-15 00:00:00+00:00,1.220157,1.5103879,1.6107048,0.53937835,compact_no_prototype,test_exploratory
2026-04-16 00:00:00+00:00,1.236786,1.5650766,1.6067892,0.5384921,compact_no_prototype,test_exploratory
2026-04-17 00:00:00+00:00,1.2736524,1.5436879,1.7237802,0.5534894,compact_no_prototype,test_exploratory
2026-04-18 00:00:00+00:00,1.3020482,1.593726,1.8542603,0.45815802,compact_no_prototype,test_exploratory
2026-04-19 00:00:00+00:00,1.3010696,1.6510873,1.5940461,0.6580755,compact_no_prototype,test_exploratory
2026-04-20 00:00:00+00:00,1.2370436,1.5063738,1.5534003,0.6513567,compact_no_prototype,test_exploratory
2026-04-21 00:00:00+00:00,1.2169712,1.5215178,1.6387658,0.4906301,compact_no_prototype,test_exploratory
2026-04-22 00:00:00+00:00,1.2467111,1.6078417,1.5074395,0.6248522,compact_no_prototype,test_exploratory
2026-04-23 00:00:00+00:00,1.2103431,1.547971,1.5142909,0.56876755,compact_no_prototype,test_exploratory
2026-04-24 00:00:00+00:00,1.164686,1.4473037,1.461562,0.5851924,compact_no_prototype,test_exploratory
2026-04-25 00:00:00+00:00,1.1122032,1.4395908,1.4298865,0.46713278,compact_no_prototype,test_exploratory
2026-04-26 00:00:00+00:00,1.2481587,1.6118485,1.5329366,0.59969074,compact_no_prototype,test_exploratory
2026-04-27 00:00:00+00:00,1.2175688,1.5371042,1.577702,0.53789973,compact_no_prototype,test_exploratory
2026-04-28 00:00:00+00:00,1.2347113,1.4927616,1.5770435,0.6343289,compact_no_prototype,test_exploratory
2026-04-29 00:00:00+00:00,1.287252,1.63014,1.5646167,0.6669995,compact_no_prototype,test_exploratory
2026-04-30 00:00:00+00:00,1.1170833,1.3990002,1.4612129,0.49103695,compact_no_prototype,test_exploratory
2026-05-01 00:00:00+00:00,1.2040337,1.5554419,1.4751468,0.58151245,compact_no_prototype,test_exploratory
2026-05-02 00:00:00+00:00,1.129504,1.4821715,1.3949327,0.5114077,compact_no_prototype,test_exploratory
2026-05-03 00:00:00+00:00,1.2874169,1.5849931,1.6270887,0.65016884,compact_no_prototype,test_exploratory
2026-05-04 00:00:00+00:00,1.2347223,1.5109537,1.6054382,0.5877747,compact_no_prototype,test_exploratory
2026-05-05 00:00:00+00:00,1.2515931,1.5604515,1.6633321,0.5309959,compact_no_prototype,test_exploratory
2026-05-06 00:00:00+00:00,1.2649398,1.599125,1.5651963,0.6304982,compact_no_prototype,test_exploratory
2026-05-07 00:00:00+00:00,1.2019167,1.5033923,1.5866778,0.51568,compact_no_prototype,test_exploratory
2026-05-08 00:00:00+00:00,1.2044764,1.5323017,1.5487007,0.5324267,compact_no_prototype,test_exploratory
2026-05-09 00:00:00+00:00,1.1289433,1.4364285,1.492344,0.45805752,compact_no_prototype,test_exploratory
2026-05-10 00:00:00+00:00,1.2635512,1.6042379,1.6583743,0.5280413,compact_no_prototype,test_exploratory
2026-05-11 00:00:00+00:00,1.2016623,1.5027456,1.5359063,0.56633484,compact_no_prototype,test_exploratory
2026-05-12 00:00:00+00:00,1.2342793,1.5654618,1.5775651,0.5598112,compact_no_prototype,test_exploratory
2026-05-13 00:00:00+00:00,1.2399073,1.5501938,1.6154456,0.5540824,compact_no_prototype,test_exploratory
2026-05-14 00:00:00+00:00,1.2506914,1.5807179,1.6125933,0.5587632,compact_no_prototype,test_exploratory
2026-05-15 00:00:00+00:00,1.2725935,1.474062,1.8143849,0.52933365,compact_no_prototype,test_exploratory
2026-05-16 00:00:00+00:00,1.2794929,1.6748399,1.5504253,0.6132134,compact_no_prototype,test_exploratory
2026-05-17 00:00:00+00:00,1.1739053,1.507449,1.5248096,0.489457,compact_no_prototype,test_exploratory
2026-05-18 00:00:00+00:00,1.2391235,1.518035,1.551097,0.64823836,compact_no_prototype,test_exploratory
2026-05-19 00:00:00+00:00,1.1284401,1.4181587,1.4873936,0.47976792,compact_no_prototype,test_exploratory
2026-05-20 00:00:00+00:00,1.2116818,1.5415918,1.5428433,0.55061054,compact_no_prototype,test_exploratory
2026-05-21 00:00:00+00:00,1.2381773,1.5759492,1.5617532,0.5768295,compact_no_prototype,test_exploratory
2026-05-22 00:00:00+00:00,1.3332676,1.6137028,1.800181,0.5859188,compact_no_prototype,test_exploratory
2026-05-23 00:00:00+00:00,1.4296517,1.8749076,1.6357017,0.7783456,compact_no_prototype,test_exploratory
2026-05-24 00:00:00+00:00,1.1410862,1.4078544,1.5020727,0.5133318,compact_no_prototype,test_exploratory
2026-05-25 00:00:00+00:00,1.2652003,1.6087767,1.5338407,0.6529834,compact_no_prototype,test_exploratory
2026-05-26 00:00:00+00:00,1.24491,1.5752307,1.5546948,0.6048045,compact_no_prototype,test_exploratory
2026-05-27 00:00:00+00:00,1.2762593,1.5635962,1.7431589,0.52202296,compact_no_prototype,test_exploratory
2026-05-28 00:00:00+00:00,1.2479162,1.6218534,1.4993662,0.6225293,compact_no_prototype,test_exploratory
2026-05-29 00:00:00+00:00,1.1583652,1.5722232,1.4317008,0.47117192,compact_no_prototype,test_exploratory
2026-05-30 00:00:00+00:00,1.0551957,1.3819743,1.3791968,0.40441582,compact_no_prototype,test_exploratory
2026-05-31 00:00:00+00:00,1.2307146,1.5809696,1.5400703,0.5711039,compact_no_prototype,test_exploratory
2026-06-01 00:00:00+00:00,1.2613763,1.5816306,1.6169988,0.5854995,compact_no_prototype,test_exploratory
2026-06-02 00:00:00+00:00,1.3666301,1.6928774,1.7347975,0.6722155,compact_no_prototype,test_exploratory
2026-06-03 00:00:00+00:00,1.3544438,1.5554214,1.7905736,0.7173363,compact_no_prototype,test_exploratory
2026-06-04 00:00:00+00:00,1.4079366,1.5698915,2.0162177,0.63770026,compact_no_prototype,test_exploratory
2026-06-05 00:00:00+00:00,1.3230209,1.6039187,1.6361876,0.7289565,compact_no_prototype,test_exploratory
2026-06-06 00:00:00+00:00,1.0860943,1.4434571,1.3200063,0.49481937,compact_no_prototype,test_exploratory
2026-06-07 00:00:00+00:00,1.2750059,1.6056213,1.6108747,0.608522,compact_no_prototype,test_exploratory
2026-06-08 00:00:00+00:00,1.129806,1.5083916,1.3825538,0.49847248,compact_no_prototype,test_exploratory
2026-06-09 00:00:00+00:00,1.2246727,1.5132232,1.5591894,0.6016052,compact_no_prototype,test_exploratory
2026-06-10 00:00:00+00:00,1.2852385,1.6623816,1.5490606,0.6442732,compact_no_prototype,test_exploratory
2026-06-11 00:00:00+00:00,1.1661428,1.4986006,1.479444,0.5203836,compact_no_prototype,test_exploratory
2026-06-12 00:00:00+00:00,1.0780625,1.4559177,1.3798814,0.39838856,compact_no_prototype,test_exploratory
2026-06-13 00:00:00+00:00,1.1123803,1.434498,1.4264822,0.47616068,compact_no_prototype,test_exploratory
2026-06-14 00:00:00+00:00,1.2551311,1.6111802,1.5940664,0.56014663,compact_no_prototype,test_exploratory
2026-06-15 00:00:00+00:00,1.2833918,1.668216,1.5549064,0.62705314,compact_no_prototype,test_exploratory
2026-06-16 00:00:00+00:00,1.2116525,1.523465,1.4925252,0.6189675,compact_no_prototype,test_exploratory
2026-06-17 00:00:00+00:00,1.2727056,1.610279,1.6401631,0.5676748,compact_no_prototype,test_exploratory
2026-06-18 00:00:00+00:00,1.1685237,1.4730675,1.5915898,0.44091386,compact_no_prototype,test_exploratory
2026-06-19 00:00:00+00:00,1.2100948,1.5610507,1.4136785,0.65555537,compact_no_prototype,test_exploratory
2026-06-20 00:00:00+00:00,1.1863666,1.5260139,1.3969154,0.6361702,compact_no_prototype,test_exploratory
2026-06-21 00:00:00+00:00,1.2005265,1.489074,1.5998728,0.51263267,compact_no_prototype,test_exploratory
2026-06-22 00:00:00+00:00,1.2798783,1.5737522,1.6554494,0.6104331,compact_no_prototype,test_exploratory
2026-06-23 00:00:00+00:00,1.2929267,1.5952957,1.6034561,0.68002814,compact_no_prototype,test_exploratory
2026-06-24 00:00:00+00:00,1.2189766,1.5502424,1.5422192,0.5644685,compact_no_prototype,test_exploratory
2026-06-25 00:00:00+00:00,1.1709569,1.5999863,1.488646,0.42423815,compact_no_prototype,test_exploratory
2026-06-26 00:00:00+00:00,1.0054708,1.3889084,1.2359073,0.39159667,compact_no_prototype,test_exploratory
2026-06-27 00:00:00+00:00,1.0946509,1.4497892,1.4142807,0.4198829,compact_no_prototype,test_exploratory
2026-06-28 00:00:00+00:00,1.2690794,1.5700825,1.6225893,0.6145662,compact_no_prototype,test_exploratory
2026-06-29 00:00:00+00:00,1.1854033,1.5563594,1.481524,0.51832634,compact_no_prototype,test_exploratory
2026-06-30 00:00:00+00:00,1.1861901,1.5011607,1.5594985,0.4979111,compact_no_prototype,test_exploratory
2026-07-01 00:00:00+00:00,1.3002377,1.6156678,1.6574761,0.62756896,compact_no_prototype,test_exploratory
2026-07-02 00:00:00+00:00,1.2713934,1.5729103,1.6583686,0.5829013,compact_no_prototype,test_exploratory
2026-07-03 00:00:00+00:00,1.2702839,1.5782557,1.5874048,0.6451912,compact_no_prototype,test_exploratory
2026-07-04 00:00:00+00:00,1.2448692,1.6046642,1.5119747,0.6179689,compact_no_prototype,test_exploratory
2026-07-05 00:00:00+00:00,1.259429,1.5655582,1.572145,0.6405839,compact_no_prototype,test_exploratory
2026-07-06 00:00:00+00:00,1.2765065,1.6180418,1.5503141,0.6611637,compact_no_prototype,test_exploratory
2026-07-07 00:00:00+00:00,1.2633247,1.5948527,1.6824422,0.5126794,compact_no_prototype,test_exploratory
2026-07-08 00:00:00+00:00,1.3045437,1.5698518,1.5122486,0.8315307,compact_no_prototype,test_exploratory
2026-07-09 00:00:00+00:00,1.2600139,1.5437311,1.5684484,0.6678621,compact_no_prototype,test_exploratory
2026-07-10 00:00:00+00:00,1.1471788,1.4730988,1.422709,0.54572845,compact_no_prototype,test_exploratory
2026-07-11 00:00:00+00:00,1.2142082,1.5411682,1.5471141,0.55434257,compact_no_prototype,test_exploratory
2026-07-12 00:00:00+00:00,1.2735771,1.5513636,1.58118,0.68818736,compact_no_prototype,test_exploratory
2026-07-13 00:00:00+00:00,1.253158,1.504366,1.6428473,0.6122605,compact_no_prototype,test_exploratory
2026-07-14 00:00:00+00:00,1.2437391,1.5325701,1.657553,0.5410943,compact_no_prototype,test_exploratory
2026-07-15 00:00:00+00:00,1.2120706,1.5167743,1.5421041,0.5773332,compact_no_prototype,test_exploratory
2026-07-16 00:00:00+00:00,1.2900155,1.5854486,1.6236582,0.6609394,compact_no_prototype,test_exploratory
2026-07-17 00:00:00+00:00,1.1547979,1.5079154,1.4561805,0.5002977,compact_no_prototype,test_exploratory
2026-07-18 00:00:00+00:00,1.0979241,1.3824141,1.4705166,0.44084182,compact_no_prototype,test_exploratory
2026-07-19 00:00:00+00:00,1.2479206,1.546267,1.630245,0.5672502,compact_no_prototype,test_exploratory
2026-07-20 00:00:00+00:00,1.2318327,1.5603851,1.6098855,0.5252278,compact_no_prototype,test_exploratory
2026-07-21 00:00:00+00:00,1.1900678,1.5289403,1.5064819,0.5347811,compact_no_prototype,test_exploratory
2026-07-22 00:00:00+00:00,1.2661905,1.5796001,1.6034617,0.6155096,compact_no_prototype,test_exploratory
2026-07-23 00:00:00+00:00,1.2441267,1.5315516,1.656024,0.5448043,compact_no_prototype,test_exploratory
2026-07-24 00:00:00+00:00,1.1690718,1.4619807,1.5321664,0.51306844,compact_no_prototype,test_exploratory
2026-07-25 00:00:00+00:00,1.2138656,1.5154306,1.6325278,0.49363858,compact_no_prototype,test_exploratory
2026-07-26 00:00:00+00:00,1.2630168,1.5729634,1.588242,0.62784505,compact_no_prototype,test_exploratory
2026-07-27 00:00:00+00:00,1.2799993,1.6487608,1.5399318,0.6513051,compact_no_prototype,test_exploratory
2026-07-28 00:00:00+00:00,1.1559708,1.4408888,1.5436645,0.48335928,compact_no_prototype,test_exploratory
2026-07-29 00:00:00+00:00,1.2622229,1.566832,1.5486848,0.67115206,compact_no_prototype,test_exploratory
2026-07-30 00:00:00+00:00,1.229569,1.5141639,1.6083231,0.56621987,compact_no_prototype,test_exploratory
2026-07-31 00:00:00+00:00,1.2349865,1.5198134,1.6324137,0.55273247,compact_no_prototype,test_exploratory
2026-08-01 00:00:00+00:00,1.2658591,1.5687573,1.6790364,0.54978347,compact_no_prototype,test_exploratory
2026-08-02 00:00:00+00:00,1.330759,1.5914402,1.6279657,0.77287114,compact_no_prototype,test_exploratory
2026-08-03 00:00:00+00:00,1.2710603,1.5783153,1.634506,0.6003597,compact_no_prototype,test_exploratory
2026-08-04 00:00:00+00:00,1.1947544,1.4783987,1.5410563,0.56480837,compact_no_prototype,test_exploratory
2026-08-05 00:00:00+00:00,1.2277379,1.5259786,1.5811945,0.5760406,compact_no_prototype,test_exploratory
2026-08-06 00:00:00+00:00,1.2509611,1.5399102,1.5632882,0.649685,compact_no_prototype,test_exploratory
2026-08-07 00:00:00+00:00,1.1606797,1.5013413,1.4550505,0.52564746,compact_no_prototype,test_exploratory
2026-08-08 00:00:00+00:00,1.1048094,1.4833887,1.3923352,0.4387043,compact_no_prototype,test_exploratory
2026-08-09 00:00:00+00:00,1.2870846,1.5679458,1.5898896,0.7034185,compact_no_prototype,test_exploratory
2026-08-10 00:00:00+00:00,1.2368877,1.5302929,1.6180613,0.5623091,compact_no_prototype,test_exploratory
2026-08-11 00:00:00+00:00,1.2623444,1.579633,1.5838243,0.62357575,compact_no_prototype,test_exploratory
2026-08-12 00:00:00+00:00,1.2160168,1.5199273,1.549787,0.578336,compact_no_prototype,test_exploratory
2026-08-13 00:00:00+00:00,1.2170568,1.5017996,1.5890923,0.5602787,compact_no_prototype,test_exploratory
2026-08-14 00:00:00+00:00,1.225182,1.5868357,1.5213447,0.5673654,compact_no_prototype,test_exploratory
2026-08-15 00:00:00+00:00,1.1066147,1.4644963,1.3930199,0.46232808,compact_no_prototype,test_exploratory
2026-08-16 00:00:00+00:00,1.2256778,1.5131997,1.6492695,0.5145642,compact_no_prototype,test_exploratory
2026-08-17 00:00:00+00:00,1.259892,1.5713043,1.6426834,0.5656882,compact_no_prototype,test_exploratory
2026-08-18 00:00:00+00:00,1.2673786,1.5092039,1.6551574,0.63777447,compact_no_prototype,test_exploratory
2026-08-19 00:00:00+00:00,1.3170533,1.6253753,1.7086036,0.6171811,compact_no_prototype,test_exploratory
2026-08-20 00:00:00+00:00,1.3898134,1.660081,1.9077964,0.6015631,compact_no_prototype,test_exploratory
2026-08-21 00:00:00+00:00,1.3640662,1.691666,1.5762217,0.8243109,compact_no_prototype,test_exploratory
2026-08-22 00:00:00+00:00,0.9993461,1.3933228,1.1577992,0.4469163,compact_no_prototype,test_exploratory
2026-08-23 00:00:00+00:00,1.1659324,1.5463816,1.411586,0.53982973,compact_no_prototype,test_exploratory
2026-08-24 00:00:00+00:00,1.2174602,1.5892477,1.4541723,0.60896057,compact_no_prototype,test_exploratory
2026-08-25 00:00:00+00:00,1.2076508,1.5418019,1.4891928,0.5919575,compact_no_prototype,test_exploratory
2026-08-26 00:00:00+00:00,1.1905011,1.4867204,1.5720849,0.5126979,compact_no_prototype,test_exploratory
2026-08-27 00:00:00+00:00,1.2671951,1.5649775,1.6048086,0.631799,compact_no_prototype,test_exploratory
2026-08-28 00:00:00+00:00,1.1631206,1.5100625,1.5431724,0.4361271,compact_no_prototype,test_exploratory
2026-08-29 00:00:00+00:00,0.9892589,1.3196453,1.339137,0.30899444,compact_no_prototype,test_exploratory
2026-08-30 00:00:00+00:00,1.1946561,1.5534502,1.5525696,0.4779486,compact_no_prototype,test_exploratory
2026-08-31 00:00:00+00:00,1.172319,1.4494276,1.4880304,0.5794992,compact_no_prototype,test_exploratory
2026-09-01 00:00:00+00:00,1.2421485,1.5733039,1.5405698,0.61257184,compact_no_prototype,test_exploratory
2026-09-02 00:00:00+00:00,1.2622149,1.5602264,1.6645399,0.56187826,compact_no_prototype,test_exploratory
2026-09-03 00:00:00+00:00,1.288876,1.6229666,1.6706662,0.57299554,compact_no_prototype,test_exploratory
2026-09-04 00:00:00+00:00,1.1491994,1.4140977,1.5666096,0.4668908,compact_no_prototype,test_exploratory
2026-09-05 00:00:00+00:00,1.2171623,1.484416,1.666263,0.5008078,compact_no_prototype,test_exploratory
2026-09-06 00:00:00+00:00,1.2436125,1.529172,1.5725374,0.6291281,compact_no_prototype,test_exploratory
2026-09-07 00:00:00+00:00,1.2006364,1.485569,1.5202808,0.59605914,compact_no_prototype,test_exploratory
2026-09-08 00:00:00+00:00,1.1787298,1.4938153,1.5177639,0.52461004,compact_no_prototype,test_exploratory
2026-09-09 00:00:00+00:00,1.2984631,1.5910304,1.6690203,0.6353385,compact_no_prototype,test_exploratory
2026-09-10 00:00:00+00:00,1.2057656,1.5087171,1.5609448,0.5476351,compact_no_prototype,test_exploratory
2026-09-11 00:00:00+00:00,1.1141477,1.5324105,1.3738315,0.43620098,compact_no_prototype,test_exploratory
2026-09-12 00:00:00+00:00,0.9208238,1.1492939,1.318482,0.2946955,compact_no_prototype,test_exploratory
2026-09-13 00:00:00+00:00,1.2910802,1.673631,1.6033331,0.5962765,compact_no_prototype,test_exploratory
2026-09-14 00:00:00+00:00,1.276027,1.6416113,1.5853957,0.6010737,compact_no_prototype,test_exploratory
2026-09-15 00:00:00+00:00,1.2529916,1.5820298,1.6582066,0.51873845,compact_no_prototype,test_exploratory
2026-09-16 00:00:00+00:00,1.1725338,1.4308475,1.5405984,0.5461556,compact_no_prototype,test_exploratory
2026-09-17 00:00:00+00:00,1.2797074,1.5310098,1.8267695,0.48134285,compact_no_prototype,test_exploratory
2026-09-18 00:00:00+00:00,1.3222647,1.6577035,1.6114433,0.69764715,compact_no_prototype,test_exploratory
2026-09-19 00:00:00+00:00,1.2712108,1.568143,1.5949894,0.6504999,compact_no_prototype,test_exploratory
2026-09-20 00:00:00+00:00,1.3260413,1.6623058,1.7074172,0.60840076,compact_no_prototype,test_exploratory
2026-09-21 00:00:00+00:00,1.2779766,1.6075883,1.579641,0.64670086,compact_no_prototype,test_exploratory
2026-09-22 00:00:00+00:00,1.2082181,1.4624547,1.5931513,0.56904805,compact_no_prototype,test_exploratory
2026-09-23 00:00:00+00:00,1.2759827,1.5399702,1.7115414,0.57643676,compact_no_prototype,test_exploratory
2025-07-01 00:00:00+00:00,1.2509966,1.5811068,1.604588,0.56729496,compact_with_prototype,validation
2025-07-02 00:00:00+00:00,1.2722421,1.618091,1.6457784,0.5528566,compact_with_prototype,validation
2025-07-03 00:00:00+00:00,1.2533448,1.5167487,1.6552078,0.58807796,compact_with_prototype,validation
2025-07-04 00:00:00+00:00,1.2018204,1.5695095,1.496567,0.5393847,compact_with_prototype,validation
2025-07-05 00:00:00+00:00,1.0562522,1.3681604,1.4246837,0.37591264,compact_with_prototype,validation
2025-07-06 00:00:00+00:00,1.2285894,1.5860298,1.6268474,0.472891,compact_with_prototype,validation
2025-07-07 00:00:00+00:00,1.232697,1.4984536,1.589706,0.6099318,compact_with_prototype,validation
2025-07-08 00:00:00+00:00,1.2266594,1.5054208,1.6635475,0.5110102,compact_with_prototype,validation
2025-07-09 00:00:00+00:00,1.3318791,1.615833,1.6982671,0.68153745,compact_with_prototype,validation
2025-07-10 00:00:00+00:00,1.3473155,1.643327,1.8103769,0.5882429,compact_with_prototype,validation
2025-07-11 00:00:00+00:00,1.2773304,1.5822746,1.5180993,0.73161733,compact_with_prototype,validation
2025-07-12 00:00:00+00:00,1.0222232,1.4091551,1.3023053,0.35520944,compact_with_prototype,validation
2025-07-13 00:00:00+00:00,1.2408346,1.5623143,1.6608344,0.499355,compact_with_prototype,validation
2025-07-14 00:00:00+00:00,1.271689,1.6090332,1.5851138,0.6209203,compact_with_prototype,validation
2025-07-15 00:00:00+00:00,1.2704625,1.5556854,1.645678,0.6100238,compact_with_prototype,validation
2025-07-16 00:00:00+00:00,1.2471358,1.5691972,1.6445389,0.52767146,compact_with_prototype,validation
2025-07-17 00:00:00+00:00,1.4147164,1.6729887,1.7572722,0.81388843,compact_with_prototype,validation
2025-07-18 00:00:00+00:00,1.1707431,1.5342968,1.3795952,0.5983374,compact_with_prototype,validation
2025-07-19 00:00:00+00:00,1.14345,1.4006269,1.6087817,0.42094126,compact_with_prototype,validation
2025-07-20 00:00:00+00:00,1.2839301,1.5908829,1.6591508,0.6017563,compact_with_prototype,validation
2025-07-21 00:00:00+00:00,1.2256814,1.566973,1.455441,0.6546302,compact_with_prototype,validation
2025-07-22 00:00:00+00:00,1.2520311,1.4831434,1.5995431,0.6734068,compact_with_prototype,validation
2025-07-23 00:00:00+00:00,1.2661669,1.5565315,1.68795,0.5540192,compact_with_prototype,validation
2025-07-24 00:00:00+00:00,1.2500653,1.6996149,1.4254832,0.62509835,compact_with_prototype,validation
2025-07-25 00:00:00+00:00,1.19093,1.5958738,1.3401504,0.63676596,compact_with_prototype,validation
2025-07-26 00:00:00+00:00,1.0415337,1.3291755,1.4304377,0.36498773,compact_with_prototype,validation
2025-07-27 00:00:00+00:00,1.2883554,1.6125503,1.6350507,0.6174651,compact_with_prototype,validation
2025-07-28 00:00:00+00:00,1.2871281,1.5943192,1.5937814,0.6732837,compact_with_prototype,validation
2025-07-29 00:00:00+00:00,1.1651738,1.4582556,1.493554,0.5437116,compact_with_prototype,validation
2025-07-30 00:00:00+00:00,1.2272245,1.5831629,1.4600841,0.6384263,compact_with_prototype,validation
2025-07-31 00:00:00+00:00,1.3207537,1.6100812,1.8644,0.48778015,compact_with_prototype,validation
2025-08-01 00:00:00+00:00,1.3526791,1.6158929,1.6588696,0.7832749,compact_with_prototype,validation
2025-08-02 00:00:00+00:00,1.136121,1.4947648,1.3618183,0.55178,compact_with_prototype,validation
2025-08-03 00:00:00+00:00,1.2192034,1.4828863,1.6582915,0.5164322,compact_with_prototype,validation
2025-08-04 00:00:00+00:00,1.277645,1.6042095,1.6007986,0.627927,compact_with_prototype,validation
2025-08-05 00:00:00+00:00,1.2516584,1.5569153,1.5510898,0.6469703,compact_with_prototype,validation
2025-08-06 00:00:00+00:00,1.2566493,1.5169082,1.6463333,0.60670614,compact_with_prototype,validation
2025-08-07 00:00:00+00:00,1.3672951,1.6718233,1.7307303,0.699332,compact_with_prototype,validation
2025-08-08 00:00:00+00:00,1.2350144,1.475138,1.6753808,0.5545244,compact_with_prototype,validation
2025-08-09 00:00:00+00:00,1.3500499,1.6148205,1.6272714,0.8080576,compact_with_prototype,validation
2025-08-10 00:00:00+00:00,1.3082693,1.6009294,1.5413862,0.7824924,compact_with_prototype,validation
2025-08-11 00:00:00+00:00,1.3107486,1.6521161,1.6468238,0.63330585,compact_with_prototype,validation
2025-08-12 00:00:00+00:00,1.3004862,1.5773717,1.7672218,0.5568652,compact_with_prototype,validation
2025-08-13 00:00:00+00:00,1.2636986,1.536893,1.6690615,0.58514136,compact_with_prototype,validation
2025-08-14 00:00:00+00:00,1.2547935,1.5914499,1.5692782,0.6036525,compact_with_prototype,validation
2025-08-15 00:00:00+00:00,1.0856051,1.4720287,1.3868573,0.3979295,compact_with_prototype,validation
2025-08-16 00:00:00+00:00,1.0970936,1.4117279,1.4884856,0.39106715,compact_with_prototype,validation
2025-08-17 00:00:00+00:00,1.2841598,1.6243633,1.5522072,0.6759088,compact_with_prototype,validation
2025-08-18 00:00:00+00:00,1.2563347,1.5670427,1.5946273,0.6073338,compact_with_prototype,validation
2025-08-19 00:00:00+00:00,1.2331669,1.5396944,1.5756122,0.584194,compact_with_prototype,validation
2025-08-20 00:00:00+00:00,1.1308794,1.4513024,1.4647591,0.4765767,compact_with_prototype,validation
2025-08-21 00:00:00+00:00,1.1816398,1.4101672,1.6036029,0.53114927,compact_with_prototype,validation
2025-08-22 00:00:00+00:00,1.2087884,1.559094,1.6202612,0.44701025,compact_with_prototype,validation
2025-08-23 00:00:00+00:00,0.932124,1.2913795,1.2424092,0.26258352,compact_with_prototype,validation
2025-08-24 00:00:00+00:00,1.2370867,1.6203915,1.5487074,0.54216105,compact_with_prototype,validation
2025-08-25 00:00:00+00:00,1.352798,1.6976852,1.6221339,0.7385745,compact_with_prototype,validation
2025-08-26 00:00:00+00:00,1.2271569,1.4878253,1.5939685,0.5996767,compact_with_prototype,validation
2025-08-27 00:00:00+00:00,1.2253165,1.5529578,1.503884,0.619108,compact_with_prototype,validation
2025-08-28 00:00:00+00:00,1.250372,1.5236989,1.6692332,0.5581839,compact_with_prototype,validation
2025-08-29 00:00:00+00:00,1.2299252,1.6037,1.4652747,0.6208007,compact_with_prototype,validation
2025-08-30 00:00:00+00:00,1.0448918,1.4374797,1.326822,0.37037385,compact_with_prototype,validation
2025-08-31 00:00:00+00:00,1.2087291,1.5047269,1.5637915,0.557669,compact_with_prototype,validation
2025-09-01 00:00:00+00:00,1.3174453,1.6287669,1.5770754,0.74649364,compact_with_prototype,validation
2025-09-02 00:00:00+00:00,1.1941496,1.5207285,1.5679704,0.49375024,compact_with_prototype,validation
2025-09-03 00:00:00+00:00,1.1922941,1.5009297,1.5472544,0.528698,compact_with_prototype,validation
2025-09-04 00:00:00+00:00,1.2319409,1.553657,1.5650458,0.57711995,compact_with_prototype,validation
2025-09-05 00:00:00+00:00,1.1773479,1.5312124,1.5188478,0.48198354,compact_with_prototype,validation
2025-09-06 00:00:00+00:00,1.094593,1.4249157,1.4157387,0.44312477,compact_with_prototype,validation
2025-09-07 00:00:00+00:00,1.2325892,1.5592563,1.5688877,0.56962395,compact_with_prototype,validation
2025-09-08 00:00:00+00:00,1.2664841,1.5967431,1.6012462,0.6014631,compact_with_prototype,validation
2025-09-09 00:00:00+00:00,1.2374966,1.5400155,1.5612106,0.6112638,compact_with_prototype,validation
2025-09-10 00:00:00+00:00,1.2480325,1.5558037,1.6019677,0.5863261,compact_with_prototype,validation
2025-09-11 00:00:00+00:00,1.258922,1.5549039,1.5907499,0.63111204,compact_with_prototype,validation
2025-09-12 00:00:00+00:00,1.2305702,1.5048667,1.622651,0.5641929,compact_with_prototype,validation
2025-09-13 00:00:00+00:00,1.2549691,1.5975662,1.538947,0.6283942,compact_with_prototype,validation
2025-09-14 00:00:00+00:00,1.2396687,1.5281382,1.6214252,0.5694429,compact_with_prototype,validation
2025-09-15 00:00:00+00:00,1.2263951,1.5400621,1.5811625,0.5579612,compact_with_prototype,validation
2025-09-16 00:00:00+00:00,1.1698804,1.4728578,1.5214765,0.51530683,compact_with_prototype,validation
2025-09-17 00:00:00+00:00,1.272001,1.5522037,1.673604,0.5901955,compact_with_prototype,validation
2025-09-18 00:00:00+00:00,1.1762195,1.4492702,1.5766536,0.50273454,compact_with_prototype,validation
2025-09-19 00:00:00+00:00,1.2260575,1.5802715,1.542604,0.55529696,compact_with_prototype,validation
2025-09-20 00:00:00+00:00,1.0896325,1.456867,1.3804755,0.43155515,compact_with_prototype,validation
2025-09-21 00:00:00+00:00,1.2157807,1.5424225,1.4943236,0.61059636,compact_with_prototype,validation
2025-09-22 00:00:00+00:00,1.18983,1.5047612,1.5245357,0.5401932,compact_with_prototype,validation
2025-09-23 00:00:00+00:00,1.1737971,1.4514053,1.4838206,0.58616537,compact_with_prototype,validation
2025-09-24 00:00:00+00:00,1.3036203,1.5470843,1.7104481,0.6533286,compact_with_prototype,validation
2025-09-25 00:00:00+00:00,1.3297625,1.6580961,1.594852,0.7363392,compact_with_prototype,validation
2025-09-26 00:00:00+00:00,1.0436351,1.4008163,1.2725736,0.45751578,compact_with_prototype,validation
2025-09-27 00:00:00+00:00,1.0140932,1.3618131,1.3318789,0.34858766,compact_with_prototype,validation
2025-09-28 00:00:00+00:00,1.29452,1.6311756,1.6243337,0.6280508,compact_with_prototype,validation
2025-09-29 00:00:00+00:00,1.2448179,1.5860305,1.5425997,0.6058234,compact_with_prototype,validation
2025-09-30 00:00:00+00:00,1.25922,1.5707045,1.6500858,0.5568699,compact_with_prototype,validation
2025-10-01 00:00:00+00:00,1.3400222,1.611821,1.6873071,0.72093844,compact_with_prototype,validation
2025-10-02 00:00:00+00:00,1.2034779,1.5326769,1.5426507,0.53510594,compact_with_prototype,validation
2025-10-03 00:00:00+00:00,1.220879,1.5833781,1.5753636,0.50389516,compact_with_prototype,validation
2025-10-04 00:00:00+00:00,1.0614306,1.468573,1.3901048,0.3256143,compact_with_prototype,validation
2025-10-05 00:00:00+00:00,1.363772,1.6672591,1.5792079,0.84484917,compact_with_prototype,validation
2025-10-06 00:00:00+00:00,1.2809262,1.5860667,1.649326,0.60738605,compact_with_prototype,validation
2025-10-07 00:00:00+00:00,1.2452512,1.5539205,1.60933,0.57250273,compact_with_prototype,validation
2025-10-08 00:00:00+00:00,1.2162864,1.5580993,1.5567942,0.5339658,compact_with_prototype,validation
2025-10-09 00:00:00+00:00,1.279427,1.5626253,1.6550242,0.6206318,compact_with_prototype,validation
2025-10-10 00:00:00+00:00,1.4392138,1.6416246,2.0548565,0.62116,compact_with_prototype,validation
2025-10-11 00:00:00+00:00,0.6875296,0.98687625,0.9339436,0.14176887,compact_with_prototype,validation
2025-10-12 00:00:00+00:00,1.2861835,1.5774567,1.7813301,0.4997637,compact_with_prototype,validation
2025-10-13 00:00:00+00:00,1.2200022,1.5402123,1.4797597,0.6400346,compact_with_prototype,validation
2025-10-14 00:00:00+00:00,1.3030853,1.7622973,1.4107398,0.7362187,compact_with_prototype,validation
2025-10-15 00:00:00+00:00,1.1698133,1.4613507,1.5369161,0.5111732,compact_with_prototype,validation
2025-10-16 00:00:00+00:00,1.2872318,1.5118284,1.7402142,0.6096525,compact_with_prototype,validation
2025-10-17 00:00:00+00:00,1.1779096,1.5718379,1.3363283,0.6255628,compact_with_prototype,validation
2025-10-18 00:00:00+00:00,1.0202744,1.3138733,1.4530073,0.29394233,compact_with_prototype,validation
2025-10-19 00:00:00+00:00,1.3220358,1.6439381,1.6238008,0.6983686,compact_with_prototype,validation
2025-10-20 00:00:00+00:00,1.2287936,1.5641018,1.5590711,0.5632079,compact_with_prototype,validation
2025-10-21 00:00:00+00:00,1.3850989,1.8109035,1.6335036,0.7108899,compact_with_prototype,validation
2025-10-22 00:00:00+00:00,1.1607528,1.4723186,1.4593922,0.55054724,compact_with_prototype,validation
2025-10-23 00:00:00+00:00,1.1874028,1.5371516,1.5364143,0.48864254,compact_with_prototype,validation
2025-10-24 00:00:00+00:00,1.1970307,1.5412078,1.4775143,0.57237023,compact_with_prototype,validation
2025-10-25 00:00:00+00:00,1.146987,1.418951,1.5921931,0.42981675,compact_with_prototype,validation
2025-10-26 00:00:00+00:00,1.3450816,1.6932482,1.6212125,0.7207841,compact_with_prototype,validation
2025-10-27 00:00:00+00:00,1.2647104,1.6006237,1.5291798,0.6643277,compact_with_prototype,validation
2025-10-28 00:00:00+00:00,1.267692,1.5750827,1.5261264,0.7018668,compact_with_prototype,validation
2025-10-29 00:00:00+00:00,1.1988038,1.4203606,1.6836047,0.49244627,compact_with_prototype,validation
2025-10-30 00:00:00+00:00,1.2760173,1.6859708,1.4496925,0.69238865,compact_with_prototype,validation
2025-10-31 00:00:00+00:00,1.0661168,1.3640558,1.3726516,0.46164334,compact_with_prototype,validation
2025-11-01 00:00:00+00:00,1.0300521,1.3186516,1.3554115,0.41609308,compact_with_prototype,validation
2025-11-02 00:00:00+00:00,1.2604055,1.5862744,1.5258781,0.6690642,compact_with_prototype,validation
2025-11-03 00:00:00+00:00,1.2984662,1.5839771,1.7533509,0.5580705,compact_with_prototype,validation
2025-11-04 00:00:00+00:00,1.3302628,1.6574353,1.4766104,0.85674286,compact_with_prototype,validation
2025-11-05 00:00:00+00:00,0.965545,1.3310356,1.2525834,0.31301606,compact_with_prototype,validation
2025-11-06 00:00:00+00:00,1.2727411,1.5083247,1.5977811,0.71211755,compact_with_prototype,validation
2025-11-07 00:00:00+00:00,1.2826161,1.6323693,1.5767559,0.6387232,compact_with_prototype,validation
2025-11-08 00:00:00+00:00,1.0584403,1.4169823,1.4179602,0.34037864,compact_with_prototype,validation
2025-11-09 00:00:00+00:00,1.2999605,1.5966837,1.6873385,0.61585927,compact_with_prototype,validation
2025-11-10 00:00:00+00:00,1.2386911,1.5374027,1.5189675,0.65970284,compact_with_prototype,validation
2025-11-11 00:00:00+00:00,1.2748097,1.6071601,1.595684,0.62158513,compact_with_prototype,validation
2025-11-12 00:00:00+00:00,1.2808524,1.6196793,1.5781736,0.6447044,compact_with_prototype,validation
2025-11-13 00:00:00+00:00,1.3598157,1.5927187,1.8290467,0.65768164,compact_with_prototype,validation
2025-11-14 00:00:00+00:00,1.2771963,1.5765948,1.3844746,0.8705193,compact_with_prototype,validation
2025-11-15 00:00:00+00:00,1.0121106,1.3434017,1.3480278,0.34490204,compact_with_prototype,validation
2025-11-16 00:00:00+00:00,1.2406082,1.606609,1.5917624,0.5234533,compact_with_prototype,validation
2025-11-17 00:00:00+00:00,1.2649887,1.592746,1.586679,0.6155412,compact_with_prototype,validation
2025-11-18 00:00:00+00:00,1.2101727,1.490586,1.5836374,0.5562946,compact_with_prototype,validation
2025-11-19 00:00:00+00:00,1.2119329,1.6334339,1.4859803,0.51638466,compact_with_prototype,validation
2025-11-20 00:00:00+00:00,1.3016477,1.4787637,1.9395235,0.4866557,compact_with_prototype,validation
2025-11-21 00:00:00+00:00,1.2825029,1.5935986,1.4741759,0.7797342,compact_with_prototype,validation
2025-11-22 00:00:00+00:00,0.9753527,1.2913848,1.3442521,0.29042113,compact_with_prototype,validation
2025-11-23 00:00:00+00:00,1.207747,1.5200057,1.5877681,0.5154671,compact_with_prototype,validation
2025-11-24 00:00:00+00:00,1.2194836,1.5700816,1.5304054,0.55796385,compact_with_prototype,validation
2025-11-25 00:00:00+00:00,1.183147,1.5178478,1.5063,0.52529305,compact_with_prototype,validation
2025-11-26 00:00:00+00:00,1.1821886,1.5155501,1.5506626,0.4803532,compact_with_prototype,validation
2025-11-27 00:00:00+00:00,1.1699862,1.484419,1.4814128,0.5441272,compact_with_prototype,validation
2025-11-28 00:00:00+00:00,1.2406088,1.5195494,1.5707208,0.6315562,compact_with_prototype,validation
2025-11-29 00:00:00+00:00,1.0918717,1.3976469,1.442916,0.43505204,compact_with_prototype,validation
2025-11-30 00:00:00+00:00,1.2509266,1.5506382,1.5410141,0.6611276,compact_with_prototype,validation
2025-12-01 00:00:00+00:00,1.264351,1.5142764,1.7013469,0.5774298,compact_with_prototype,validation
2025-12-02 00:00:00+00:00,1.2889277,1.5627894,1.8457941,0.45819944,compact_with_prototype,validation
2025-12-03 00:00:00+00:00,1.2213049,1.5606271,1.5163971,0.58689046,compact_with_prototype,validation
2025-12-04 00:00:00+00:00,1.1695714,1.4209971,1.5975776,0.49013963,compact_with_prototype,validation
2025-12-05 00:00:00+00:00,1.2061852,1.5446489,1.5886238,0.48528296,compact_with_prototype,validation
2025-12-06 00:00:00+00:00,1.0613748,1.3698974,1.3631864,0.4510408,compact_with_prototype,validation
2025-12-07 00:00:00+00:00,1.2648096,1.615682,1.5710877,0.6076589,compact_with_prototype,validation
2025-12-08 00:00:00+00:00,1.1813895,1.475568,1.5339473,0.5346532,compact_with_prototype,validation
2025-12-09 00:00:00+00:00,1.2671474,1.6124138,1.6075664,0.58146214,compact_with_prototype,validation
2025-12-10 00:00:00+00:00,1.3010445,1.6103787,1.7392237,0.55353093,compact_with_prototype,validation
2025-12-11 00:00:00+00:00,1.2064226,1.5240431,1.5230185,0.57220626,compact_with_prototype,validation
2025-12-12 00:00:00+00:00,1.1067617,1.4120265,1.4541111,0.4541476,compact_with_prototype,validation
2025-12-13 00:00:00+00:00,1.0433156,1.3498479,1.4102205,0.36987865,compact_with_prototype,validation
2025-12-14 00:00:00+00:00,1.2314162,1.6040149,1.5803803,0.5098534,compact_with_prototype,validation
2025-12-15 00:00:00+00:00,1.223177,1.5296905,1.6129287,0.5269115,compact_with_prototype,validation
2025-12-16 00:00:00+00:00,1.1461344,1.4120219,1.5279064,0.49847496,compact_with_prototype,validation
2025-12-17 00:00:00+00:00,1.1746387,1.4993899,1.6176689,0.40685758,compact_with_prototype,validation
2025-12-18 00:00:00+00:00,1.1810745,1.5802008,1.4692539,0.49376863,compact_with_prototype,validation
2025-12-19 00:00:00+00:00,1.0816841,1.4776931,1.3349091,0.43245026,compact_with_prototype,validation
2025-12-20 00:00:00+00:00,0.9843242,1.3162829,1.3304757,0.30621403,compact_with_prototype,validation
2025-12-21 00:00:00+00:00,1.284064,1.6485286,1.5986365,0.60502726,compact_with_prototype,validation
2025-12-22 00:00:00+00:00,1.2449956,1.5902499,1.5211738,0.62356323,compact_with_prototype,validation
2025-12-23 00:00:00+00:00,1.2265639,1.5362536,1.5234073,0.6200308,compact_with_prototype,validation
2025-12-24 00:00:00+00:00,1.1943765,1.4834146,1.5267129,0.5730021,compact_with_prototype,validation
2025-12-25 00:00:00+00:00,1.2850423,1.6507448,1.5707402,0.63364196,compact_with_prototype,validation
2025-12-26 00:00:00+00:00,1.133392,1.448788,1.4450973,0.5062909,compact_with_prototype,validation
2025-12-27 00:00:00+00:00,1.1609577,1.4312794,1.5984596,0.45313394,compact_with_prototype,validation
2025-12-28 00:00:00+00:00,1.2689877,1.5839615,1.6635728,0.5594288,compact_with_prototype,validation
2025-12-29 00:00:00+00:00,1.2254639,1.5561829,1.5579772,0.56223154,compact_with_prototype,validation
2025-12-30 00:00:00+00:00,1.1475241,1.4389197,1.5380926,0.46556008,compact_with_prototype,validation
2025-12-31 00:00:00+00:00,1.192113,1.4894129,1.5936389,0.4932874,compact_with_prototype,validation
2026-01-01 00:00:00+00:00,1.27905,1.5792931,1.6828028,0.5750539,compact_with_prototype,validation
2026-01-02 00:00:00+00:00,1.2994456,1.6634367,1.563949,0.6709511,compact_with_prototype,validation
2026-01-03 00:00:00+00:00,1.2053963,1.5249438,1.6027188,0.48852655,compact_with_prototype,validation
2026-01-04 00:00:00+00:00,1.2764311,1.55629,1.6200414,0.6529618,compact_with_prototype,validation
2026-01-05 00:00:00+00:00,1.286309,1.5811267,1.604324,0.67347646,compact_with_prototype,validation
2026-01-06 00:00:00+00:00,1.1963953,1.5572009,1.4782308,0.553754,compact_with_prototype,validation
2026-01-07 00:00:00+00:00,1.181934,1.429438,1.5797124,0.53665173,compact_with_prototype,validation
2026-01-08 00:00:00+00:00,1.2643646,1.5995092,1.4946359,0.6989486,compact_with_prototype,validation
2026-01-09 00:00:00+00:00,1.1370292,1.4743496,1.3750803,0.56165767,compact_with_prototype,validation
2026-01-10 00:00:00+00:00,0.96536064,1.2899842,1.2585437,0.3475541,compact_with_prototype,validation
2026-01-11 00:00:00+00:00,1.2479497,1.5634022,1.6201702,0.56027657,compact_with_prototype,validation
2026-01-12 00:00:00+00:00,1.2606978,1.5786206,1.6020061,0.6014669,compact_with_prototype,validation
2026-01-13 00:00:00+00:00,1.2973775,1.6277496,1.7182322,0.54615057,compact_with_prototype,validation
2026-01-14 00:00:00+00:00,1.2107698,1.5428687,1.5598071,0.52963346,compact_with_prototype,validation
2026-01-15 00:00:00+00:00,1.1958636,1.506543,1.5187998,0.5622481,compact_with_prototype,validation
2026-01-16 00:00:00+00:00,1.1132768,1.4430261,1.4386833,0.45812088,compact_with_prototype,validation
2026-01-17 00:00:00+00:00,1.0923055,1.44589,1.3512305,0.47979587,compact_with_prototype,validation
2026-01-18 00:00:00+00:00,1.1851346,1.526969,1.4644961,0.56393903,compact_with_prototype,validation
2026-01-19 00:00:00+00:00,1.1006999,1.3652581,1.5582027,0.37863874,compact_with_prototype,validation
2026-01-20 00:00:00+00:00,1.3566892,1.7178191,1.608893,0.74335563,compact_with_prototype,validation
2026-01-21 00:00:00+00:00,1.1622541,1.543437,1.4529748,0.49035078,compact_with_prototype,validation
2026-01-22 00:00:00+00:00,1.0385948,1.3224037,1.4070706,0.38631034,compact_with_prototype,validation
2026-01-23 00:00:00+00:00,1.1660658,1.557844,1.4274541,0.51289946,compact_with_prototype,validation
2026-01-24 00:00:00+00:00,1.0067412,1.2189897,1.5216701,0.27956367,compact_with_prototype,validation
2026-01-25 00:00:00+00:00,1.2232876,1.6405442,1.5229638,0.5063548,compact_with_prototype,validation
2026-01-26 00:00:00+00:00,1.1946377,1.4762062,1.5550716,0.552635,compact_with_prototype,validation
2026-01-27 00:00:00+00:00,1.1862904,1.4823797,1.5872006,0.48929092,compact_with_prototype,validation
2026-01-28 00:00:00+00:00,1.2286648,1.4751021,1.629994,0.58089805,compact_with_prototype,validation
2026-01-29 00:00:00+00:00,1.3342183,1.653737,1.7168268,0.6320912,compact_with_prototype,validation
2026-01-30 00:00:00+00:00,1.3043146,1.4324859,1.8931792,0.5872789,compact_with_prototype,validation
2026-02-01 00:00:00+00:00,1.1230563,1.4280499,1.4546906,0.48642838,compact_with_prototype,test_exploratory
2026-02-02 00:00:00+00:00,1.0439813,1.4244455,1.2839762,0.42352235,compact_with_prototype,test_exploratory
2026-02-03 00:00:00+00:00,1.1775746,1.4575479,1.5183599,0.5568163,compact_with_prototype,test_exploratory
2026-02-04 00:00:00+00:00,1.3747773,1.488454,2.0976007,0.538277,compact_with_prototype,test_exploratory
2026-02-05 00:00:00+00:00,1.5123678,1.7558885,1.9430289,0.8381862,compact_with_prototype,test_exploratory
2026-02-06 00:00:00+00:00,0.97019756,1.3806798,1.2495239,0.28038898,compact_with_prototype,test_exploratory
2026-02-07 00:00:00+00:00,1.1351279,1.5512514,1.2721038,0.5820285,compact_with_prototype,test_exploratory
2026-02-08 00:00:00+00:00,1.2273115,1.4992921,1.5353366,0.64730567,compact_with_prototype,test_exploratory
2026-02-09 00:00:00+00:00,1.2173581,1.6105978,1.4836192,0.55785704,compact_with_prototype,test_exploratory
2026-02-10 00:00:00+00:00,1.2067546,1.5296712,1.5714089,0.5191835,compact_with_prototype,test_exploratory
2026-02-11 00:00:00+00:00,1.2606431,1.6356323,1.4884031,0.6578939,compact_with_prototype,test_exploratory
2026-02-12 00:00:00+00:00,1.1266577,1.4318985,1.4999967,0.44807795,compact_with_prototype,test_exploratory
2026-02-13 00:00:00+00:00,1.2499717,1.5010152,1.8248773,0.4240228,compact_with_prototype,test_exploratory
2026-02-14 00:00:00+00:00,1.2871859,1.5556605,1.7473426,0.5585548,compact_with_prototype,test_exploratory
2026-02-15 00:00:00+00:00,1.3463075,1.6249529,1.6158739,0.79809576,compact_with_prototype,test_exploratory
2026-02-16 00:00:00+00:00,1.1688746,1.5144403,1.4669054,0.52527833,compact_with_prototype,test_exploratory
2026-02-17 00:00:00+00:00,1.1121621,1.462822,1.4472069,0.42645782,compact_with_prototype,test_exploratory
2026-02-18 00:00:00+00:00,1.1821364,1.526661,1.5383158,0.48143244,compact_with_prototype,test_exploratory
2026-02-19 00:00:00+00:00,1.1770234,1.5038968,1.5223191,0.5048547,compact_with_prototype,test_exploratory
2026-02-20 00:00:00+00:00,1.173031,1.4905814,1.4701577,0.55835366,compact_with_prototype,test_exploratory
2026-02-21 00:00:00+00:00,1.0545037,1.3997726,1.4576297,0.30610844,compact_with_prototype,test_exploratory
2026-02-22 00:00:00+00:00,1.2300466,1.5554847,1.544862,0.5897931,compact_with_prototype,test_exploratory
2026-02-23 00:00:00+00:00,1.2779186,1.5934265,1.6079538,0.6323756,compact_with_prototype,test_exploratory
2026-02-24 00:00:00+00:00,1.3209959,1.5989976,1.713752,0.6502382,compact_with_prototype,test_exploratory
2026-02-25 00:00:00+00:00,1.3632398,1.7538798,1.706702,0.62913775,compact_with_prototype,test_exploratory
2026-02-26 00:00:00+00:00,1.1337274,1.3875413,1.5587916,0.45484936,compact_with_prototype,test_exploratory
2026-02-27 00:00:00+00:00,1.3886793,1.6490148,1.7579569,0.7590661,compact_with_prototype,test_exploratory
2026-02-28 00:00:00+00:00,1.5632437,1.8823817,1.7821827,1.025167,compact_with_prototype,test_exploratory
2026-03-01 00:00:00+00:00,1.2171364,1.5465171,1.4480383,0.65685356,compact_with_prototype,test_exploratory
2026-03-02 00:00:00+00:00,1.2063106,1.5756314,1.4643443,0.578956,compact_with_prototype,test_exploratory
2026-03-03 00:00:00+00:00,1.2119597,1.5163554,1.6615009,0.458023,compact_with_prototype,test_exploratory
2026-03-04 00:00:00+00:00,1.3211408,1.6894231,1.5510198,0.7229794,compact_with_prototype,test_exploratory
2026-03-05 00:00:00+00:00,1.1387627,1.4039971,1.5750109,0.43728018,compact_with_prototype,test_exploratory
2026-03-06 00:00:00+00:00,1.1560615,1.4451554,1.6256913,0.3973378,compact_with_prototype,test_exploratory
2026-03-07 00:00:00+00:00,1.1353501,1.4027091,1.5563022,0.44703892,compact_with_prototype,test_exploratory
2026-03-08 00:00:00+00:00,1.2862743,1.5776932,1.592526,0.68860376,compact_with_prototype,test_exploratory
2026-03-09 00:00:00+00:00,1.243492,1.517436,1.6042874,0.6087525,compact_with_prototype,test_exploratory
2026-03-10 00:00:00+00:00,1.1371988,1.5395007,1.4240892,0.44800642,compact_with_prototype,test_exploratory
2026-03-11 00:00:00+00:00,1.1664059,1.5371919,1.4612608,0.5007648,compact_with_prototype,test_exploratory
2026-03-12 00:00:00+00:00,1.3325636,1.6391578,1.6929345,0.66559833,compact_with_prototype,test_exploratory
2026-03-13 00:00:00+00:00,1.2113469,1.5760007,1.5401736,0.5178661,compact_with_prototype,test_exploratory
2026-03-14 00:00:00+00:00,1.084069,1.479234,1.4047463,0.3682269,compact_with_prototype,test_exploratory
2026-03-15 00:00:00+00:00,1.2397189,1.6025603,1.5785813,0.53801537,compact_with_prototype,test_exploratory
2026-03-16 00:00:00+00:00,1.2504957,1.5740217,1.5152743,0.6621912,compact_with_prototype,test_exploratory
2026-03-17 00:00:00+00:00,1.1856853,1.4642483,1.6000628,0.49274445,compact_with_prototype,test_exploratory
2026-03-18 00:00:00+00:00,1.2700355,1.545742,1.6752818,0.5890827,compact_with_prototype,test_exploratory
2026-03-19 00:00:00+00:00,1.1717882,1.5261335,1.4554429,0.53378826,compact_with_prototype,test_exploratory
2026-03-20 00:00:00+00:00,1.1667632,1.4747413,1.3794276,0.6461208,compact_with_prototype,test_exploratory
2026-03-21 00:00:00+00:00,1.3431721,1.4479688,2.09438,0.48716742,compact_with_prototype,test_exploratory
2026-03-22 00:00:00+00:00,1.2672583,1.5532738,1.6309483,0.61755276,compact_with_prototype,test_exploratory
2026-03-23 00:00:00+00:00,1.1585243,1.4985718,1.4411265,0.5358746,compact_with_prototype,test_exploratory
2026-03-24 00:00:00+00:00,1.1241378,1.4629441,1.4699757,0.43949354,compact_with_prototype,test_exploratory
2026-03-25 00:00:00+00:00,1.2684387,1.5207349,1.7194524,0.5651288,compact_with_prototype,test_exploratory
2026-03-26 00:00:00+00:00,1.3947763,1.7190433,1.7290274,0.7362585,compact_with_prototype,test_exploratory
2026-03-27 00:00:00+00:00,1.2304798,1.5450885,1.5582044,0.5881468,compact_with_prototype,test_exploratory
2026-03-28 00:00:00+00:00,1.1777301,1.5526732,1.4370236,0.54349315,compact_with_prototype,test_exploratory
2026-03-29 00:00:00+00:00,1.2165997,1.4983925,1.6182047,0.533202,compact_with_prototype,test_exploratory
2026-03-30 00:00:00+00:00,1.2430713,1.5643355,1.5390373,0.62584126,compact_with_prototype,test_exploratory
2026-03-31 00:00:00+00:00,1.2446404,1.5770968,1.5839092,0.5729152,compact_with_prototype,test_exploratory
2026-04-01 00:00:00+00:00,1.3130059,1.5723577,1.7304121,0.6362481,compact_with_prototype,test_exploratory
2026-04-02 00:00:00+00:00,1.1759903,1.5312668,1.4792702,0.5174339,compact_with_prototype,test_exploratory
2026-04-03 00:00:00+00:00,1.1076008,1.4167762,1.3996943,0.50633204,compact_with_prototype,test_exploratory
2026-04-04 00:00:00+00:00,1.1447872,1.4153682,1.5096647,0.5093286,compact_with_prototype,test_exploratory
2026-04-05 00:00:00+00:00,1.2751997,1.6751266,1.584411,0.56606144,compact_with_prototype,test_exploratory
2026-04-06 00:00:00+00:00,1.2925978,1.621054,1.5971742,0.6595652,compact_with_prototype,test_exploratory
2026-04-07 00:00:00+00:00,1.3323764,1.6229331,1.737534,0.6366618,compact_with_prototype,test_exploratory
2026-04-08 00:00:00+00:00,1.1461227,1.4584017,1.5215677,0.45839888,compact_with_prototype,test_exploratory
2026-04-09 00:00:00+00:00,1.2230153,1.5785499,1.5077727,0.5827235,compact_with_prototype,test_exploratory
2026-04-10 00:00:00+00:00,1.1470336,1.5418372,1.4189845,0.4802789,compact_with_prototype,test_exploratory
2026-04-11 00:00:00+00:00,1.401526,1.6515466,2.007065,0.5459667,compact_with_prototype,test_exploratory
2026-04-12 00:00:00+00:00,1.228292,1.4763027,1.5610391,0.6475338,compact_with_prototype,test_exploratory
2026-04-13 00:00:00+00:00,1.3095093,1.6486017,1.589088,0.6908381,compact_with_prototype,test_exploratory
2026-04-14 00:00:00+00:00,1.1373795,1.4629095,1.471583,0.477646,compact_with_prototype,test_exploratory
2026-04-15 00:00:00+00:00,1.2205623,1.5111424,1.6105413,0.54000324,compact_with_prototype,test_exploratory
2026-04-16 00:00:00+00:00,1.2396861,1.5633373,1.6176057,0.5381153,compact_with_prototype,test_exploratory
2026-04-17 00:00:00+00:00,1.2736752,1.5448991,1.7218523,0.5542742,compact_with_prototype,test_exploratory
2026-04-18 00:00:00+00:00,1.3010507,1.5923119,1.8523746,0.45846578,compact_with_prototype,test_exploratory
2026-04-19 00:00:00+00:00,1.299468,1.6501876,1.5912555,0.65696084,compact_with_prototype,test_exploratory
2026-04-20 00:00:00+00:00,1.2331996,1.5038844,1.5487164,0.6469977,compact_with_prototype,test_exploratory
2026-04-21 00:00:00+00:00,1.216713,1.5194246,1.6379809,0.49273333,compact_with_prototype,test_exploratory
2026-04-22 00:00:00+00:00,1.246016,1.6071973,1.5060198,0.62483084,compact_with_prototype,test_exploratory
2026-04-23 00:00:00+00:00,1.2097772,1.5483962,1.5107312,0.570204,compact_with_prototype,test_exploratory
2026-04-24 00:00:00+00:00,1.165899,1.4482616,1.4603648,0.5890708,compact_with_prototype,test_exploratory
2026-04-25 00:00:00+00:00,1.1139675,1.4419882,1.4335655,0.46634912,compact_with_prototype,test_exploratory
2026-04-26 00:00:00+00:00,1.249013,1.6145828,1.5325414,0.5999146,compact_with_prototype,test_exploratory
2026-04-27 00:00:00+00:00,1.2158265,1.5354074,1.5778861,0.5341862,compact_with_prototype,test_exploratory
2026-04-28 00:00:00+00:00,1.2337009,1.4925028,1.5748591,0.6337405,compact_with_prototype,test_exploratory
2026-04-29 00:00:00+00:00,1.2864168,1.6266497,1.5659734,0.66662717,compact_with_prototype,test_exploratory
2026-04-30 00:00:00+00:00,1.1149408,1.3975025,1.4581378,0.48918188,compact_with_prototype,test_exploratory
2026-05-01 00:00:00+00:00,1.2034985,1.5579585,1.4717001,0.58083695,compact_with_prototype,test_exploratory
2026-05-02 00:00:00+00:00,1.1299229,1.4812158,1.3938862,0.5146665,compact_with_prototype,test_exploratory
2026-05-03 00:00:00+00:00,1.2921886,1.5876321,1.6366315,0.6523026,compact_with_prototype,test_exploratory
2026-05-04 00:00:00+00:00,1.2361789,1.5117353,1.6036255,0.59317607,compact_with_prototype,test_exploratory
2026-05-05 00:00:00+00:00,1.2523812,1.5597059,1.6659762,0.5314616,compact_with_prototype,test_exploratory
2026-05-06 00:00:00+00:00,1.2644436,1.5970384,1.5671891,0.6291033,compact_with_prototype,test_exploratory
2026-05-07 00:00:00+00:00,1.201181,1.5035249,1.5835712,0.51644707,compact_with_prototype,test_exploratory
2026-05-08 00:00:00+00:00,1.2047651,1.5326285,1.5479627,0.53370404,compact_with_prototype,test_exploratory
2026-05-09 00:00:00+00:00,1.1289591,1.4375536,1.4922036,0.45711973,compact_with_prototype,test_exploratory
2026-05-10 00:00:00+00:00,1.2664908,1.6060144,1.6634202,0.530038,compact_with_prototype,test_exploratory
2026-05-11 00:00:00+00:00,1.2002214,1.5007908,1.5365965,0.5632766,compact_with_prototype,test_exploratory
2026-05-12 00:00:00+00:00,1.2345489,1.5666167,1.5772337,0.5597965,compact_with_prototype,test_exploratory
2026-05-13 00:00:00+00:00,1.2394274,1.547656,1.616257,0.55436945,compact_with_prototype,test_exploratory
2026-05-14 00:00:00+00:00,1.2510252,1.5789046,1.6130999,0.561071,compact_with_prototype,test_exploratory
2026-05-15 00:00:00+00:00,1.2740402,1.4735627,1.8184084,0.53014946,compact_with_prototype,test_exploratory
2026-05-16 00:00:00+00:00,1.2779986,1.6750642,1.5480466,0.61088496,compact_with_prototype,test_exploratory
2026-05-17 00:00:00+00:00,1.1739951,1.5065198,1.5206683,0.4947973,compact_with_prototype,test_exploratory
2026-05-18 00:00:00+00:00,1.2382133,1.5171828,1.5476098,0.64984745,compact_with_prototype,test_exploratory
2026-05-19 00:00:00+00:00,1.1280129,1.4174314,1.4878082,0.4787988,compact_with_prototype,test_exploratory
2026-05-20 00:00:00+00:00,1.2108539,1.5405445,1.5425777,0.54943943,compact_with_prototype,test_exploratory
2026-05-21 00:00:00+00:00,1.235429,1.5724717,1.5569577,0.5768575,compact_with_prototype,test_exploratory
2026-05-22 00:00:00+00:00,1.3342394,1.6105008,1.8037382,0.58847874,compact_with_prototype,test_exploratory
2026-05-23 00:00:00+00:00,1.4329169,1.8742913,1.6442041,0.780255,compact_with_prototype,test_exploratory
2026-05-24 00:00:00+00:00,1.1390089,1.4091953,1.5010207,0.50681084,compact_with_prototype,test_exploratory
2026-05-25 00:00:00+00:00,1.2633578,1.6070783,1.5360315,0.6469635,compact_with_prototype,test_exploratory
2026-05-26 00:00:00+00:00,1.2436224,1.5723414,1.5528306,0.6056955,compact_with_prototype,test_exploratory
2026-05-27 00:00:00+00:00,1.2768836,1.5639358,1.7462606,0.5204546,compact_with_prototype,test_exploratory
2026-05-28 00:00:00+00:00,1.2484602,1.6209226,1.4987732,0.6256845,compact_with_prototype,test_exploratory
2026-05-29 00:00:00+00:00,1.1576713,1.5726151,1.4308867,0.46951213,compact_with_prototype,test_exploratory
2026-05-30 00:00:00+00:00,1.0554063,1.3836951,1.3780733,0.4044507,compact_with_prototype,test_exploratory
2026-05-31 00:00:00+00:00,1.2315154,1.5814011,1.537748,0.5753969,compact_with_prototype,test_exploratory
2026-06-01 00:00:00+00:00,1.2650292,1.5823312,1.6267304,0.5860258,compact_with_prototype,test_exploratory
2026-06-02 00:00:00+00:00,1.3662406,1.6909883,1.7371116,0.67062205,compact_with_prototype,test_exploratory
2026-06-03 00:00:00+00:00,1.3535078,1.5563264,1.7860358,0.7181612,compact_with_prototype,test_exploratory
2026-06-04 00:00:00+00:00,1.404677,1.568453,2.0112932,0.6342851,compact_with_prototype,test_exploratory
2026-06-05 00:00:00+00:00,1.3199056,1.6007975,1.6373122,0.72160697,compact_with_prototype,test_exploratory
2026-06-06 00:00:00+00:00,1.0915757,1.4448605,1.3285226,0.5013443,compact_with_prototype,test_exploratory
2026-06-07 00:00:00+00:00,1.2774234,1.6073244,1.6151735,0.60977215,compact_with_prototype,test_exploratory
2026-06-08 00:00:00+00:00,1.1277885,1.508409,1.3804775,0.49447897,compact_with_prototype,test_exploratory
2026-06-09 00:00:00+00:00,1.2252698,1.5141056,1.561883,0.59982085,compact_with_prototype,test_exploratory
2026-06-10 00:00:00+00:00,1.2875847,1.6621127,1.5558811,0.6447597,compact_with_prototype,test_exploratory
2026-06-11 00:00:00+00:00,1.16566,1.4979503,1.4803859,0.5186437,compact_with_prototype,test_exploratory
2026-06-12 00:00:00+00:00,1.0783839,1.4560428,1.3801361,0.39897287,compact_with_prototype,test_exploratory
2026-06-13 00:00:00+00:00,1.1111323,1.4345617,1.4237466,0.47508854,compact_with_prototype,test_exploratory
2026-06-14 00:00:00+00:00,1.2584901,1.6137576,1.597681,0.5640319,compact_with_prototype,test_exploratory
2026-06-15 00:00:00+00:00,1.284802,1.6697068,1.555624,0.62907535,compact_with_prototype,test_exploratory
2026-06-16 00:00:00+00:00,1.2110785,1.5202273,1.4923813,0.6206269,compact_with_prototype,test_exploratory
2026-06-17 00:00:00+00:00,1.2741504,1.6097599,1.6431671,0.56952405,compact_with_prototype,test_exploratory
2026-06-18 00:00:00+00:00,1.1699878,1.4744086,1.5915636,0.4439912,compact_with_prototype,test_exploratory
2026-06-19 00:00:00+00:00,1.2093529,1.5598891,1.4099971,0.65817237,compact_with_prototype,test_exploratory
2026-06-20 00:00:00+00:00,1.1875538,1.5249411,1.3975374,0.6401826,compact_with_prototype,test_exploratory
2026-06-21 00:00:00+00:00,1.2014277,1.4880937,1.6013738,0.51481557,compact_with_prototype,test_exploratory
2026-06-22 00:00:00+00:00,1.2821232,1.5734026,1.6625081,0.61045915,compact_with_prototype,test_exploratory
2026-06-23 00:00:00+00:00,1.2925199,1.59563,1.6033034,0.6786264,compact_with_prototype,test_exploratory
2026-06-24 00:00:00+00:00,1.2198029,1.5496116,1.5445403,0.5652564,compact_with_prototype,test_exploratory
2026-06-25 00:00:00+00:00,1.1725515,1.6013931,1.4892849,0.4269764,compact_with_prototype,test_exploratory
2026-06-26 00:00:00+00:00,1.0075035,1.3917251,1.2376786,0.3931067,compact_with_prototype,test_exploratory
2026-06-27 00:00:00+00:00,1.0955933,1.4499683,1.419497,0.4173147,compact_with_prototype,test_exploratory
2026-06-28 00:00:00+00:00,1.2694483,1.570457,1.6220082,0.6158797,compact_with_prototype,test_exploratory
2026-06-29 00:00:00+00:00,1.1850735,1.5565132,1.4799855,0.5187221,compact_with_prototype,test_exploratory
2026-06-30 00:00:00+00:00,1.1853871,1.5013777,1.5580927,0.49669075,compact_with_prototype,test_exploratory
2026-07-01 00:00:00+00:00,1.3018985,1.6169629,1.658836,0.62989646,compact_with_prototype,test_exploratory
2026-07-02 00:00:00+00:00,1.272808,1.5738422,1.6601923,0.58438945,compact_with_prototype,test_exploratory
2026-07-03 00:00:00+00:00,1.2697368,1.5768766,1.5867375,0.64559585,compact_with_prototype,test_exploratory
2026-07-04 00:00:00+00:00,1.2458794,1.6064892,1.513051,0.618098,compact_with_prototype,test_exploratory
2026-07-05 00:00:00+00:00,1.2606965,1.5642076,1.5750128,0.6428692,compact_with_prototype,test_exploratory
2026-07-06 00:00:00+00:00,1.2754424,1.6159639,1.5524638,0.6578994,compact_with_prototype,test_exploratory
2026-07-07 00:00:00+00:00,1.2655101,1.5965412,1.688506,0.5114829,compact_with_prototype,test_exploratory
2026-07-08 00:00:00+00:00,1.3068252,1.5717229,1.5172848,0.8314676,compact_with_prototype,test_exploratory
2026-07-09 00:00:00+00:00,1.2613075,1.5445474,1.5694525,0.6699226,compact_with_prototype,test_exploratory
2026-07-10 00:00:00+00:00,1.148165,1.4727274,1.4238387,0.54792875,compact_with_prototype,test_exploratory
2026-07-11 00:00:00+00:00,1.2150073,1.5440059,1.5479555,0.5530605,compact_with_prototype,test_exploratory
2026-07-12 00:00:00+00:00,1.2714276,1.5482908,1.5778574,0.6881346,compact_with_prototype,test_exploratory
2026-07-13 00:00:00+00:00,1.2516875,1.5047212,1.6398114,0.61053014,compact_with_prototype,test_exploratory
2026-07-14 00:00:00+00:00,1.2443997,1.5335478,1.6599292,0.5397222,compact_with_prototype,test_exploratory
2026-07-15 00:00:00+00:00,1.2128038,1.5154908,1.5443232,0.57859766,compact_with_prototype,test_exploratory
2026-07-16 00:00:00+00:00,1.2905564,1.586635,1.6247116,0.6603229,compact_with_prototype,test_exploratory
2026-07-17 00:00:00+00:00,1.1540532,1.5072466,1.4551922,0.49972078,compact_with_prototype,test_exploratory
2026-07-18 00:00:00+00:00,1.0953622,1.3815068,1.4650067,0.4395733,compact_with_prototype,test_exploratory
2026-07-19 00:00:00+00:00,1.2488264,1.5457218,1.6297673,0.5709901,compact_with_prototype,test_exploratory
2026-07-20 00:00:00+00:00,1.2313908,1.5607872,1.607443,0.5259423,compact_with_prototype,test_exploratory
2026-07-21 00:00:00+00:00,1.188922,1.5278088,1.5039434,0.5350138,compact_with_prototype,test_exploratory
2026-07-22 00:00:00+00:00,1.2680424,1.5811071,1.6075473,0.615473,compact_with_prototype,test_exploratory
2026-07-23 00:00:00+00:00,1.2445611,1.5321634,1.6562879,0.5452318,compact_with_prototype,test_exploratory
2026-07-24 00:00:00+00:00,1.170484,1.4626547,1.5332141,0.51558274,compact_with_prototype,test_exploratory
2026-07-25 00:00:00+00:00,1.2155057,1.5139728,1.6382563,0.49428785,compact_with_prototype,test_exploratory
2026-07-26 00:00:00+00:00,1.2633481,1.5709916,1.5931603,0.6258922,compact_with_prototype,test_exploratory
2026-07-27 00:00:00+00:00,1.2839664,1.6508721,1.5494778,0.65154904,compact_with_prototype,test_exploratory
2026-07-28 00:00:00+00:00,1.1567438,1.4406378,1.5462792,0.48331445,compact_with_prototype,test_exploratory
2026-07-29 00:00:00+00:00,1.2621609,1.5663297,1.5488443,0.67130864,compact_with_prototype,test_exploratory
2026-07-30 00:00:00+00:00,1.2302535,1.5140896,1.6098485,0.5668221,compact_with_prototype,test_exploratory
2026-07-31 00:00:00+00:00,1.2350194,1.5208752,1.6308974,0.55328584,compact_with_prototype,test_exploratory
2026-08-01 00:00:00+00:00,1.2667372,1.5670056,1.6819426,0.5512633,compact_with_prototype,test_exploratory
2026-08-02 00:00:00+00:00,1.3283883,1.5898391,1.6282525,0.76707345,compact_with_prototype,test_exploratory
2026-08-03 00:00:00+00:00,1.2687453,1.5788732,1.628331,0.599032,compact_with_prototype,test_exploratory
2026-08-04 00:00:00+00:00,1.1951947,1.4782903,1.5401402,0.56715363,compact_with_prototype,test_exploratory
2026-08-05 00:00:00+00:00,1.2285044,1.5260996,1.5834748,0.5759389,compact_with_prototype,test_exploratory
2026-08-06 00:00:00+00:00,1.2505428,1.5399204,1.561505,0.6502028,compact_with_prototype,test_exploratory
2026-08-07 00:00:00+00:00,1.158782,1.5029321,1.4504972,0.522917,compact_with_prototype,test_exploratory
2026-08-08 00:00:00+00:00,1.1037729,1.483081,1.3893768,0.43886098,compact_with_prototype,test_exploratory
2026-08-09 00:00:00+00:00,1.2873551,1.5655077,1.5911738,0.705384,compact_with_prototype,test_exploratory
2026-08-10 00:00:00+00:00,1.2363038,1.5304327,1.6192236,0.55925494,compact_with_prototype,test_exploratory
2026-08-11 00:00:00+00:00,1.2612003,1.5764388,1.5827022,0.62445986,compact_with_prototype,test_exploratory
2026-08-12 00:00:00+00:00,1.2152992,1.5195148,1.5491527,0.5772303,compact_with_prototype,test_exploratory
2026-08-13 00:00:00+00:00,1.2164998,1.5011584,1.5884185,0.55992275,compact_with_prototype,test_exploratory
2026-08-14 00:00:00+00:00,1.2248344,1.5850387,1.521696,0.5677688,compact_with_prototype,test_exploratory
2026-08-15 00:00:00+00:00,1.1084107,1.4662802,1.3959218,0.46303,compact_with_prototype,test_exploratory
2026-08-16 00:00:00+00:00,1.2268386,1.5125527,1.651545,0.51641816,compact_with_prototype,test_exploratory
2026-08-17 00:00:00+00:00,1.2599342,1.5718573,1.6387823,0.569163,compact_with_prototype,test_exploratory
2026-08-18 00:00:00+00:00,1.2685484,1.509583,1.6587698,0.63729215,compact_with_prototype,test_exploratory
2026-08-19 00:00:00+00:00,1.317705,1.6229125,1.7138104,0.61639214,compact_with_prototype,test_exploratory
2026-08-20 00:00:00+00:00,1.3914659,1.6624291,1.9106009,0.6013678,compact_with_prototype,test_exploratory
2026-08-21 00:00:00+00:00,1.3641505,1.6918193,1.5782233,0.82240874,compact_with_prototype,test_exploratory
2026-08-22 00:00:00+00:00,0.99729717,1.3915507,1.154039,0.44630173,compact_with_prototype,test_exploratory
2026-08-23 00:00:00+00:00,1.1672112,1.5458379,1.4137855,0.5420103,compact_with_prototype,test_exploratory
2026-08-24 00:00:00+00:00,1.2174306,1.5885073,1.4522586,0.611526,compact_with_prototype,test_exploratory
2026-08-25 00:00:00+00:00,1.2099957,1.5435576,1.49282,0.5936099,compact_with_prototype,test_exploratory
2026-08-26 00:00:00+00:00,1.1897761,1.4834474,1.5720506,0.5138304,compact_with_prototype,test_exploratory
2026-08-27 00:00:00+00:00,1.2685533,1.5675642,1.6057248,0.63237065,compact_with_prototype,test_exploratory
2026-08-28 00:00:00+00:00,1.1639861,1.5100976,1.5456918,0.4361687,compact_with_prototype,test_exploratory
2026-08-29 00:00:00+00:00,0.9883837,1.3191108,1.3389094,0.307131,compact_with_prototype,test_exploratory
2026-08-30 00:00:00+00:00,1.1930188,1.5530739,1.546405,0.47957766,compact_with_prototype,test_exploratory
2026-08-31 00:00:00+00:00,1.1704038,1.4477146,1.4847466,0.5787502,compact_with_prototype,test_exploratory
2026-09-01 00:00:00+00:00,1.2430243,1.5753646,1.5408912,0.6128175,compact_with_prototype,test_exploratory
2026-09-02 00:00:00+00:00,1.2632822,1.5607518,1.6666287,0.56246585,compact_with_prototype,test_exploratory
2026-09-03 00:00:00+00:00,1.2905288,1.618907,1.6781286,0.5745509,compact_with_prototype,test_exploratory
2026-09-04 00:00:00+00:00,1.1472167,1.4135066,1.5614492,0.4666943,compact_with_prototype,test_exploratory
2026-09-05 00:00:00+00:00,1.2163974,1.4845451,1.6668172,0.49783003,compact_with_prototype,test_exploratory
2026-09-06 00:00:00+00:00,1.242806,1.5284222,1.5697391,0.6302566,compact_with_prototype,test_exploratory
2026-09-07 00:00:00+00:00,1.2000853,1.485579,1.5180947,0.5965823,compact_with_prototype,test_exploratory
2026-09-08 00:00:00+00:00,1.1789098,1.4940228,1.5177789,0.5249274,compact_with_prototype,test_exploratory
2026-09-09 00:00:00+00:00,1.2989644,1.5911281,1.6701312,0.6356338,compact_with_prototype,test_exploratory
2026-09-10 00:00:00+00:00,1.2040923,1.5073696,1.5582379,0.5466692,compact_with_prototype,test_exploratory
2026-09-11 00:00:00+00:00,1.1122241,1.5311015,1.3702781,0.43529272,compact_with_prototype,test_exploratory
2026-09-12 00:00:00+00:00,0.92081714,1.1536304,1.3165346,0.29228646,compact_with_prototype,test_exploratory
2026-09-13 00:00:00+00:00,1.2912121,1.6748172,1.6025529,0.59626603,compact_with_prototype,test_exploratory
2026-09-14 00:00:00+00:00,1.2788,1.6434158,1.5890363,0.6039479,compact_with_prototype,test_exploratory
2026-09-15 00:00:00+00:00,1.2539009,1.5826261,1.6607753,0.5183012,compact_with_prototype,test_exploratory
2026-09-16 00:00:00+00:00,1.1736033,1.4303031,1.5460454,0.54446113,compact_with_prototype,test_exploratory
2026-09-17 00:00:00+00:00,1.2804749,1.532066,1.8275751,0.48178375,compact_with_prototype,test_exploratory
2026-09-18 00:00:00+00:00,1.3221574,1.6559509,1.6131253,0.697396,compact_with_prototype,test_exploratory
2026-09-19 00:00:00+00:00,1.2699519,1.5672078,1.5939034,0.64874434,compact_with_prototype,test_exploratory
2026-09-20 00:00:00+00:00,1.3281612,1.663479,1.7107657,0.6102389,compact_with_prototype,test_exploratory
2026-09-21 00:00:00+00:00,1.2804452,1.6076275,1.5836275,0.6500804,compact_with_prototype,test_exploratory
2026-09-22 00:00:00+00:00,1.2070211,1.4630294,1.5888318,0.5692021,compact_with_prototype,test_exploratory
2026-09-23 00:00:00+00:00,1.2763778,1.5392773,1.71286,0.57699615,compact_with_prototype,test_exploratory
