symbol,fold,method,train_n,train_label_end,test_start,latent_means,transition,specialist_weights,parameters
ADAUSDT,2024-01-01 00:00:00+00:00,filtered_moe,7944,2023-12-31 23:05:00+00:00,2024-01-01 00:00:00+00:00,"[[-1.350454773871835, -1.0365262265661028, -1.3846264169902822, 0.5044347530382619, -0.28652342835789346], [2.012171589169338, 1.6345266542736636, 1.7411571872302583, 1.5927148398110704, 2.027688218730837], [-0.2198479875534109, -0.2331000827747482, -0.21294131823407011, -0.4571423406627835, -0.3581599325572587], [0.7689685758812224, 0.7012657084495103, 0.8441448890549541, 0.2499463177315675, 0.39234880149288176]]","[[0.7578148509052022, 0.0008760070765509282, 0.22876093118392052, 0.012548210834326425], [0.002322439507358855, 0.7677878798846416, 0.002276375741370483, 0.22761330486662898], [0.06144993523533977, 0.0007004526075523623, 0.8587644551291694, 0.07908515702793843], [0.006411244671907799, 0.05720134523981497, 0.16882669697704034, 0.767560713111237]]","[[NaN, NaN, NaN, NaN, NaN, NaN, NaN], [NaN, NaN, NaN, NaN, NaN, NaN, NaN], [NaN, NaN, NaN, NaN, NaN, NaN, NaN], [NaN, NaN, NaN, NaN, NaN, NaN, NaN]]",
ADAUSDT,2024-04-01 00:00:00+00:00,filtered_moe,8736,2024-03-31 23:05:00+00:00,2024-04-01 00:00:00+00:00,"[[0.32756004740105293, 0.19120455855360374, 0.44489582645915654, -0.20788645365464412, -0.043466026842578116], [1.5412359629302752, 1.3674660912600913, 1.3847931617871918, 1.1286595375381132, 1.36074321929126], [-1.7071519802798156, -1.4144631235832434, -1.5971803411985135, 1.2808823805727303, 0.02015815252343799], [-0.5976393659696214, -0.448703006776772, -0.6757987240644401, -0.40628384022813124, -0.46445705582165636]]","[[0.7836580927986592, 0.05321555134081621, 0.004145940696866602, 0.15898041516365805], [0.14259226345834383, 0.8515254935106638, 0.0040726338786954, 0.0018096091522970012], [0.029440645182504135, 0.009310559186579175, 0.755155826114775, 0.20609296951614164], [0.15632636637129643, 0.0006600787306712878, 0.03453252413343632, 0.808481030764596]]","[[0.09904015264566954, 0.12725340103759647, 0.18512218513496304, 0.10848553989978128, 0.2811298080539253, 0.09671240593986016, 0.10225650728820426], [0.09416709987335214, 0.22759740349236313, 0.29810348012208143, 0.18088803168517642, 0.02474524949369561, 0.13141137632508085, 0.04308735900825047], [0.16285956768706816, 0.18625669636909234, 0.20736467814509646, 0.15194453356160367, 0.047510112440695224, 0.19258875391798552, 0.05147565787845864], [0.1040414312454135, 0.14207392532969618, 0.19378705399838583, 0.11790925367709507, 0.23583720889953025, 0.10533828312720218, 0.10101284372267685]]",
ADAUSDT,2024-07-01 00:00:00+00:00,filtered_moe,8736,2024-06-30 23:05:00+00:00,2024-07-01 00:00:00+00:00,"[[1.8171326186695698, 1.6711647448468585, 1.536289483277609, 1.4288273139352026, 1.7347833358610394], [-0.3169385901038696, -0.3716610762256156, -0.30831277726581036, -0.47636047551570965, -0.41434958327873245], [-1.2776390584412087, -0.8586830446722146, -1.3378978582048742, 0.47762386292639125, -0.2115629202509245], [0.608435938934061, 0.5063058071817841, 0.7231073589273154, 0.0022546672084321185, 0.17161597762554112]]","[[0.8164137971724017, 0.0019095874543618306, 0.002421589902804061, 0.17925502547043246], [0.0008153382549399893, 0.8128028471498588, 0.07956780116944376, 0.10681401342575755], [0.0022402357794160037, 0.23404776817816364, 0.751376128311437, 0.012335867730983503], [0.06128201811704501, 0.17475232937276586, 0.006884714725058407, 0.7570809377851309]]","[[0.08966039915363827, 0.2256755150148931, 0.3036681377224421, 0.1841008207341305, 0.02480717080819871, 0.12990158308405578, 0.04218637348264144], [0.09370083609856382, 0.12819604406596558, 0.16595903401238904, 0.10279016973267832, 0.3139847526560034, 0.09548259235602659, 0.09988657107837308], [0.12936193129210405, 0.17807978208459002, 0.24180114837828257, 0.14295669065973943, 0.07989437172920237, 0.1494134985879051, 0.07849257726817646], [0.10585105011959094, 0.15607719113403057, 0.23884158466355854, 0.12978395985705754, 0.1668367060554594, 0.10643382905094698, 0.09617567911935593]]",
ADAUSDT,2024-10-01 00:00:00+00:00,filtered_moe,8736,2024-09-30 23:05:00+00:00,2024-10-01 00:00:00+00:00,"[[-0.428516315798843, -0.39248340606583776, -0.4494716762234815, -0.3941455028542537, -0.42618865936590977], [1.682353565875402, 1.4999291611045107, 1.4451064994456435, 1.152444863689126, 1.6216126034163485], [0.6206315741934613, 0.4668368657167483, 0.7267211356023875, -0.13536598495496416, 0.12354106019334317], [-1.3998697110222922, -1.0048170478628846, -1.4156128416030167, 0.7396301568211886, -0.1601582040161396]]","[[0.8264567716221024, 0.0006500313864616569, 0.10112629781350999, 0.07176689917792603], [0.0023585422171776126, 0.7860315023659223, 0.20861049297059786, 0.0029994624463022547], [0.13503385239083898, 0.06541857368985692, 0.7964991921676128, 0.003048381751691296], [0.23495651297900425, 0.0031332330099992636, 0.007551574046272209, 0.7543586799647243]]","[[0.09485272188213525, 0.13644707779392448, 0.1754540366832135, 0.10933978312245596, 0.2869874402522343, 0.09940455182276325, 0.09751438844327304], [0.08576217272836952, 0.23218873520204075, 0.306089357227642, 0.18538562690512925, 0.020259932479870894, 0.13316273833021375, 0.03715143712673378], [0.11933760541134394, 0.17322136657152468, 0.23152830367697774, 0.14706288165034567, 0.12966079653468393, 0.10816991482554526, 0.09101913132957887], [0.14148049062002507, 0.1731457622614974, 0.2264719397436781, 0.1412675371271988, 0.08149046868410573, 0.16168950842437388, 0.074454293139121]]",
ADAUSDT,2025-01-01 00:00:00+00:00,filtered_moe,8736,2024-12-31 23:05:00+00:00,2025-01-01 00:00:00+00:00,"[[-1.3183838715878846, -0.9504341955908556, -1.3087416720364702, 0.9462331867494483, -0.024871730602095292], [0.7436380843578682, 0.5124470876402919, 0.852771048427242, -0.12110528445083418, 0.21792283245185198], [1.9104780203080964, 1.7372123175359224, 1.6343865837194527, 1.3675734635710595, 1.9639276795991778], [-0.35391652549060987, -0.288338384503261, -0.39199012607968997, -0.39963590221180095, -0.41952704094957344]]","[[0.7765675926946303, 0.008483893790569843, 0.005376212890335025, 0.20957230062446477], [0.004068601969851121, 0.8270046803395068, 0.041865515154657196, 0.12706120253598469], [0.010038488446067773, 0.20465133097472069, 0.7796077530047847, 0.005702427574426903], [0.06343109137113172, 0.08530145558728627, 0.0008822291203093145, 0.8503852239212727]]","[[0.16499367045421956, 0.16258338553809618, 0.1878082603253283, 0.14037682127331183, 0.09222220437390734, 0.17549745074183457, 0.07651820729330217], [0.11873192059153427, 0.18243178649495814, 0.24842056532951462, 0.15203632084807206, 0.10229267608141741, 0.10954243916294536, 0.08654429149155805], [0.09569492243544274, 0.22584413574978945, 0.28477763177588006, 0.1930533813715449, 0.026957940242571476, 0.1286362199405497, 0.04503576848422166], [0.10227173655286852, 0.14980621396820665, 0.18007490370215165, 0.12125651625378538, 0.24705460644277608, 0.10363146064002947, 0.09590456244018222]]",
ADAUSDT,2025-04-01 00:00:00+00:00,filtered_moe,8736,2025-03-31 23:05:00+00:00,2025-04-01 00:00:00+00:00,"[[0.7763185676256501, 0.5652658823946862, 0.8782593304048564, -0.06198865918146608, 0.31812188082051934], [-1.3995136692422643, -0.9114215236053149, -1.3398166374406302, 1.1739819565736394, 0.12384878736657864], [-0.33226602543759826, -0.29078211026629686, -0.3771853227278858, -0.3561483773902169, -0.3933766612072768], [2.5134244768367378, 2.128805958116026, 2.1856360882839865, 1.4933329265124353, 2.06862079635837]]","[[0.834931894289412, 0.003543769135643938, 0.13889072966596877, 0.022633606908975302], [0.007971101036546257, 0.7881855500797721, 0.20292090996698228, 0.000922438916699487], [0.08074259856355427, 0.046999370807267835, 0.871820355411019, 0.00043767521815882147], [0.15229273715844116, 0.0024333126947545312, 0.002464265147053544, 0.8428096849997507]]","[[0.12728930649860262, 0.1832441067463217, 0.23701169267628422, 0.15448597778837905, 0.1008295525705298, 0.11173553430892566, 0.08540382941095687], [0.17465423490834575, 0.16612004264885338, 0.17952463349462391, 0.1370647342993788, 0.08986780142335847, 0.17731039037192703, 0.07545816285351264], [0.11762045392820816, 0.15419366660102654, 0.17163805773277116, 0.12531502005089148, 0.22838257894857508, 0.1071668059067702, 0.09568341683175742], [0.0881276010056191, 0.228133282635925, 0.29227702274264, 0.2011033128550698, 0.022556341067678155, 0.1267991330464302, 0.041003306646637545]]",
ADAUSDT,2025-07-01 00:00:00+00:00,filtered_moe,8736,2025-06-30 23:05:00+00:00,2025-07-01 00:00:00+00:00,"[[-1.3162951128553304, -0.9185485778722224, -1.2949328659596568, 0.8801075635436003, -0.01338691412334667], [0.7966382992412223, 0.5513225361038012, 0.8903730939137682, -0.004680377222353173, 0.32065745772760085], [-0.27844403392706857, -0.2159875334245329, -0.3109771508320642, -0.39313989232084273, -0.37064391398298946], [2.4630208830667386, 1.992195576039814, 2.169694335185374, 1.433872089810225, 2.0004225664817863]]","[[0.7943116212975482, 0.008185454853146033, 0.19677311601444003, 0.0007298078348658284], [0.004110725296863381, 0.8235097493663109, 0.14732754498668074, 0.025051980350144977], [0.05999842524640927, 0.08358255121126619, 0.8559705359782904, 0.0004484875640340662], [0.00226461570121884, 0.14852753077373407, 0.0022966838333902903, 0.8469111696916569]]","[[0.17638906396659704, 0.15806486590657332, 0.1717318249258845, 0.14228515451176413, 0.09726504734954264, 0.1753821431387916, 0.07888190020084675], [0.12848701921950453, 0.1895088590215781, 0.24865689827702703, 0.1607453027466479, 0.07618311531805995, 0.11691729032245506, 0.07950151509472762], [0.12394452278384671, 0.13817594709968592, 0.16611203902091612, 0.1258236144289085, 0.24253188479477386, 0.10536390005956636, 0.09804809181230247], [0.08760187396355347, 0.23014310134078317, 0.29250804712414774, 0.20293931833018844, 0.020526533046992965, 0.12760339807232118, 0.038677728122013116]]",
ADAUSDT,2025-10-01 00:00:00+00:00,filtered_moe,8736,2025-09-30 23:05:00+00:00,2025-10-01 00:00:00+00:00,"[[-1.2485757321664346, -0.8669090563324083, -1.2718342915948888, 0.5676135747565328, -0.16775024714784872], [0.7758385604677304, 0.6442442311997306, 0.8690311959811006, 0.1921564595667133, 0.42118286353166473], [2.527797328972124, 1.9752568025216197, 2.195349447186519, 1.6698024591279288, 1.965143949315784], [-0.2243397613637924, -0.23170839858897027, -0.23044792337874015, -0.46197734653568867, -0.37022656874031573]]","[[0.7907906646530775, 0.007179475118180344, 0.0006391281949508396, 0.2013907320337913], [0.003933442755846095, 0.8124621542052199, 0.025711015643723197, 0.15789338739521067], [0.0020631802247972997, 0.12559893877786457, 0.8702462317924606, 0.0020916492048774814], [0.07051118831060207, 0.08043352168462785, 0.00044009243441114204, 0.848615197570359]]","[[0.16088094027445027, 0.16357400048409898, 0.18477388115361482, 0.1432039294221115, 0.09678101803916092, 0.16690898785166516, 0.08387724277489846], [0.11855016968472606, 0.1867920423279677, 0.27315207141892167, 0.16158519222962361, 0.06596455496168455, 0.12011812326499771, 0.07383784611207869], [0.08425245451439459, 0.22980044522372975, 0.2970869943207174, 0.19451667488512317, 0.023171440282639805, 0.13032938798928026, 0.040842602784115], [0.1170342297778987, 0.12787618989879962, 0.1643423692276032, 0.11835595765803497, 0.2690516896444628, 0.10283354462465956, 0.10050601916854114]]",
ADAUSDT,2026-01-01 00:00:00+00:00,filtered_moe,8736,2025-12-31 23:05:00+00:00,2026-01-01 00:00:00+00:00,"[[-0.20090517622485624, -0.16469782968019556, -0.22785018311005428, -0.43258497632125603, -0.36893886481451044], [0.7723672073162325, 0.617122833790039, 0.839316824701618, -0.05864694648720892, 0.2623351201764688], [1.9763704239043924, 1.3655909884918274, 1.8344602085620787, 1.0346050240971592, 1.785201120646934], [-1.2208664977574362, -0.8927709826758907, -1.1957482916233169, 0.6117481468240038, -0.17285678293957438]]","[[0.802644304516437, 0.10719553636789597, 0.0007151494285891246, 0.08944500968707776], [0.18244484016263743, 0.7545061607126281, 0.0603631608281799, 0.0026858382965546878], [0.0023863809487828552, 0.2139642972194367, 0.7819926633209074, 0.0016566585108729944], [0.18354936684896683, 0.00491271597024862, 0.0006642909247221941, 0.8108736262560624]]","[[0.11688625883722846, 0.13587959152400722, 0.16031236138653818, 0.11907712170871752, 0.26613665372382317, 0.10269935233521318, 0.0990086604844724], [0.12216291748380062, 0.16108262182426672, 0.24454279503715298, 0.14359196605996072, 0.12693741504522177, 0.11064478290585301, 0.09103750164374426], [0.09671583532293015, 0.1988312447805272, 0.2917544479395284, 0.18141299232342986, 0.04797762811940702, 0.1203602484979592, 0.06294760301621807], [0.15122350247788702, 0.18605908287989106, 0.20230407632038855, 0.14558568130749594, 0.07546753254408317, 0.16667853325086399, 0.07268159121939026]]",
ADAUSDT,2026-04-01 00:00:00+00:00,filtered_moe,8736,2026-03-31 23:05:00+00:00,2026-04-01 00:00:00+00:00,"[[-0.37363678393109206, -0.2270019122667775, -0.4080779465329093, -0.39110914517379836, -0.3784948689498696], [1.7334492174453202, 1.2833490779295837, 1.650739816646543, 0.7077504833017128, 1.4338243002545095], [-1.2884961725982242, -1.0105813486223618, -1.2661921396118858, 0.6896842467686584, -0.18681745616626624], [0.5908759816849247, 0.40631832567369325, 0.6513819708432972, -0.14975370949864283, 0.07043133868703479]]","[[0.7818427674081364, 0.0006232925528599057, 0.09020325316804947, 0.12733068687095417], [0.001507769422212703, 0.8216736113248937, 0.0011808503745065085, 0.17563776887838706], [0.1959963159774418, 0.0008524139278046352, 0.7920931563170831, 0.011058113777670329], [0.15956665533525646, 0.06311682600810317, 0.005445453938737681, 0.7718710647179026]]","[[0.12338401772682828, 0.148856556806717, 0.19622318905061012, 0.12905361340024485, 0.19383276735863267, 0.1183247873479853, 0.09032506830898172], [0.1065826845137277, 0.1850730154871387, 0.2882297515610836, 0.17575779352056883, 0.058226513417868594, 0.11422498517131457, 0.07190525632829797], [0.14959286570411928, 0.17490912830206462, 0.19840084157531915, 0.14243361297021434, 0.08514564645910914, 0.1746412124431032, 0.07487669254607031], [0.1254159577052651, 0.13300759421992728, 0.20738844111517146, 0.1265133152680095, 0.20697363526131407, 0.10428123712764602, 0.09641981930266669]]",
ADAUSDT,2026-07-01 00:00:00+00:00,filtered_moe,8736,2026-06-30 23:05:00+00:00,2026-07-01 00:00:00+00:00,"[[-1.7753217260411405, -1.5176656275852294, -1.4915562079184423, 1.4666566527341653, -0.022536730603385145], [0.47551512184818107, 0.26160300560830213, 0.5298210468289807, -0.2902151520597438, -0.06157449154666837], [-0.5922487489395881, -0.36287094983991336, -0.6816981389871849, -0.1969493391897439, -0.37292596589515814], [1.5413945917918705, 1.2528049883512544, 1.5352556827228045, 0.6803412318777591, 1.3746439639096997]]","[[0.7457819275632552, 0.010154307282398566, 0.24086581525777373, 0.0031979498965724537], [0.0018113503616811932, 0.8125272678524464, 0.13027274489065788, 0.05538863689521443], [0.039854400386431926, 0.11366718324790519, 0.8457609234913966, 0.0007174928742661819], [0.0016595855281764946, 0.15389708076002534, 0.0015833190397122805, 0.8428600146720858]]","[[0.20686995320051488, 0.16620049583947294, 0.17460047791039274, 0.13692720213409285, 0.05341443349589098, 0.20905409826745783, 0.05293333915217784], [0.10853445741450625, 0.12884597235000292, 0.18350574872369066, 0.11257792336503239, 0.2636868918100819, 0.10700407717897854, 0.09584492915770736], [0.12131396362994804, 0.18186461948585692, 0.22430144433356655, 0.1415731641302888, 0.11711714412318275, 0.1323357592937413, 0.08149390500341573], [0.108923967743616, 0.16919213631401273, 0.2862657384255074, 0.17093077530751738, 0.07576054361886879, 0.10708562631227415, 0.08184121227820346]]",
AVAXUSDT,2024-01-01 00:00:00+00:00,filtered_moe,7944,2023-12-31 23:05:00+00:00,2024-01-01 00:00:00+00:00,"[[-1.465126506507761, -0.9604155935201683, -1.4896440008380043, 0.4729568244776691, -0.38771993593275556], [0.6827486838962745, 0.6220518325382877, 0.7753640978206005, 0.14725492376155982, 0.2568025155014428], [1.761171702408114, 1.5429505238374384, 1.5330094429627517, 1.2934303117693746, 1.8022077525181555], [-0.32717884746620796, -0.395450030232131, -0.32914767611397266, -0.4895027177943267, -0.39489528889024816]]","[[0.8067761507977004, 0.0038525904168271756, 0.0008771635001482899, 0.18849409528532424], [0.0026514775173531145, 0.7991585182684584, 0.06291838319306628, 0.1352716210211222], [0.0012785057488002359, 0.18094811939411826, 0.8163114325645673, 0.0014619422925142434], [0.054862516272403544, 0.08047078626920989, 0.00033485434316995983, 0.8643318431152166]]","[[NaN, NaN, NaN, NaN, NaN, NaN, NaN], [NaN, NaN, NaN, NaN, NaN, NaN, NaN], [NaN, NaN, NaN, NaN, NaN, NaN, NaN], [NaN, NaN, NaN, NaN, NaN, NaN, NaN]]",
AVAXUSDT,2024-04-01 00:00:00+00:00,filtered_moe,8736,2024-03-31 23:05:00+00:00,2024-04-01 00:00:00+00:00,"[[-0.28033460228089674, -0.3441285838451033, -0.26512740449930405, -0.5019348902928691, -0.40952906423561475], [1.8295799729686317, 1.5662906853814955, 1.585480671159165, 1.2724050461675682, 1.7991229906078443], [0.7098682612508729, 0.6453000461040143, 0.7829796515897575, 0.2813674170136554, 0.3781879972536644], [-1.3838751589571099, -0.9358511748620468, -1.420008142651113, 0.3173579007280533, -0.3993806193005034]]","[[0.849660771107588, 0.0002953544532269428, 0.08029531824632775, 0.06974855619285734], [0.001441613239287904, 0.803151812467332, 0.1941752998270587, 0.0012312744663214644], [0.14225317889515315, 0.06614314335226641, 0.7869353804772881, 0.004668297275292243], [0.21939198249300423, 0.0007271065616388607, 0.007217262779634421, 0.7726636481657225]]","[[0.10792031643379534, 0.1292798023033194, 0.18591670402938837, 0.11853476091387541, 0.25768772502884135, 0.10258508904270396, 0.09807560224807624], [0.09375300734713139, 0.22682677566676154, 0.29470760879040453, 0.18634379266915477, 0.026490850047321306, 0.1277558792389065, 0.04412208624031992], [0.08655018755355558, 0.19053902058238267, 0.2955029360947535, 0.14265742915011262, 0.0811262321350291, 0.13196892403966526, 0.0716552704445013], [0.13484484451914985, 0.1907303416933411, 0.22850240515377074, 0.14978206972338232, 0.06998429949092186, 0.14966406302268875, 0.07649197639674551]]",
AVAXUSDT,2024-07-01 00:00:00+00:00,filtered_moe,8736,2024-06-30 23:05:00+00:00,2024-07-01 00:00:00+00:00,"[[1.6071302666187646, 1.4450644781325708, 1.4108229286427632, 1.346145822709919, 1.610405651748937], [-0.42787901558377067, -0.3946367498631148, -0.43722870660913554, -0.43354029729456495, -0.41503442792948564], [0.6483734155245768, 0.5069172493095818, 0.7545710192191976, -0.08602260945889051, 0.1306911876405533], [-1.5113766738399321, -1.1223947784300479, -1.5167264125597875, 0.6740129220616179, -0.22731271722292162]]","[[0.8304989872785891, 0.0021612809891199966, 0.1655999004334375, 0.0017398312988533983], [0.0006300963783137544, 0.8666271941784335, 0.08476485378669109, 0.04797785565656165], [0.07477971503575019, 0.1503898507270095, 0.7734705266108964, 0.0013599076263438388], [0.0022154056789675846, 0.2162755956777791, 0.0036671534021236888, 0.7778418452411295]]","[[0.09632875219973272, 0.22261486489617013, 0.299288612442047, 0.17986259576126123, 0.02661552055810224, 0.1301206746044374, 0.04516897953824922], [0.10931123076664183, 0.14752992259639877, 0.2004025349235727, 0.12711828299132927, 0.2122514833476313, 0.110872504780221, 0.09251404059420508], [0.0988058127703446, 0.1710092820725522, 0.2685151086789831, 0.13909477094505607, 0.12037206504013619, 0.12137139629381428, 0.08083156419911347], [0.1508847793516172, 0.18894880761627478, 0.2153541613973915, 0.14522753692251544, 0.059898610949730924, 0.17730716717533365, 0.062378936587136426]]",
AVAXUSDT,2024-10-01 00:00:00+00:00,filtered_moe,8736,2024-09-30 23:05:00+00:00,2024-10-01 00:00:00+00:00,"[[-0.4628444740276687, -0.42659702015891243, -0.48077861281276557, -0.39693429888937803, -0.39550326710531436], [1.667594623075758, 1.3383268972328348, 1.480147981246237, 1.1392968308310474, 1.610300378026386], [0.624603877397171, 0.5292377396391457, 0.7089599613507074, -0.03666500492314112, 0.12210848271668143], [-1.6281658207617757, -1.1282217158215788, -1.6010822755747118, 0.7698901773116564, -0.2347957395260351]]","[[0.8653088119289818, 0.0003859903322121019, 0.09082031203777913, 0.04348488570102709], [0.0012750266708973378, 0.8060288493919874, 0.1917015380708162, 0.0009945858662990293], [0.13691342914418422, 0.06949733805196769, 0.7924407854271261, 0.001148447376721854], [0.20412464013112158, 0.0011418233930991836, 0.004001548001923997, 0.7907319884738552]]","[[0.11204531405329234, 0.14741051193818508, 0.19108846239910984, 0.12650579903585513, 0.2200810266685638, 0.11036474758341117, 0.09250413832158275], [0.09899208898481444, 0.2313740656317914, 0.2891097719043562, 0.18804291367803858, 0.021965526125827972, 0.130529076454993, 0.03998655722017846], [0.10494918559280902, 0.1821237215134013, 0.2785917985142665, 0.1501132590567279, 0.08497531085283663, 0.12525488790824102, 0.07399183656171751], [0.15681476079920303, 0.1806240109574715, 0.19937448684206496, 0.15246177491162693, 0.06375056344133845, 0.18253913772907113, 0.06443526531922386]]",
AVAXUSDT,2025-01-01 00:00:00+00:00,filtered_moe,8736,2024-12-31 23:05:00+00:00,2025-01-01 00:00:00+00:00,"[[-1.5554023676438977, -1.1447672595858132, -1.4728375109051524, 1.1057364939239411, -0.04546932839676756], [0.5494872568580804, 0.37989324084590653, 0.6162476031548735, -0.2519326647935265, 0.05279799861176675], [1.6298499549690144, 1.206999814868004, 1.5440528501128201, 0.7429142629799521, 1.3047035900753334], [-0.49142846333756923, -0.34818939987637765, -0.5295776168076836, -0.30024143796815495, -0.4037261511151479]]","[[0.7966973264240725, 0.005250829626525409, 0.001098678577947564, 0.19695316537145444], [0.0014688390086012946, 0.767942204170206, 0.0794494745976637, 0.151139482223529], [0.0008865200024915065, 0.18054569595222605, 0.8173144109219611, 0.0012533731233213736], [0.047927464912009214, 0.10267242467388579, 0.00044526344039857025, 0.8489548469737065]]","[[0.1712354672425575, 0.1635143962709338, 0.1750539440089911, 0.15157198812899464, 0.06858214313587517, 0.20621575313521726, 0.06382630807743041], [0.12738807948821682, 0.14928810216434552, 0.22260418285510827, 0.14444314445312326, 0.1539532394581132, 0.11304507569877856, 0.08927817588231443], [0.10950425006689973, 0.21966240700740014, 0.2699041661001096, 0.1871894468320995, 0.03587733773618588, 0.12295556319937694, 0.05490682905792822], [0.11365877785523805, 0.16121252089572052, 0.19777306150404475, 0.13277887241229736, 0.188038578539625, 0.11679504865313907, 0.08974314013993531]]",
AVAXUSDT,2025-04-01 00:00:00+00:00,filtered_moe,8736,2025-03-31 23:05:00+00:00,2025-04-01 00:00:00+00:00,"[[0.6095697163579985, 0.39457547397569825, 0.6651296653809771, -0.35223737096809504, 0.05430704612903456], [-1.5069639281855118, -0.9293172459660638, -1.4260898644974558, 1.0916303871500712, -0.026490246992752133], [-0.3963905142187493, -0.32678483646843126, -0.4390994532519684, -0.24171081393404165, -0.34761852694174933], [1.6865429144306099, 1.3073149158465267, 1.6302132674156755, 0.5953780083185269, 1.2481697246206043]]","[[0.7640363654447668, 0.0009239426922559933, 0.16431771814112903, 0.07072197372184809], [0.0022102078336837297, 0.8147115093103118, 0.18224173814141548, 0.0008365447145890106], [0.10664174807735248, 0.05486795006254063, 0.8378596123289188, 0.0006306895311881442], [0.1689583018239478, 0.0009256994837901836, 0.001685472949942522, 0.8284305257423196]]","[[0.13253581669200612, 0.13498510380708859, 0.2188571471030934, 0.14141249542283424, 0.17030726088335377, 0.10910637139018524, 0.09279580470143876], [0.1788688099417747, 0.16997729331066855, 0.16969170386309687, 0.15110286423131575, 0.06677972860492157, 0.19881880417822895, 0.0647607958699938], [0.13004736422084406, 0.16239406611612378, 0.18182586918490842, 0.1343005633655552, 0.17999958142483555, 0.12410310270242227, 0.08732945298531074], [0.10484837234350665, 0.20657428881122522, 0.28384976342580187, 0.1843091079822052, 0.03918388717102217, 0.12426548560793643, 0.0569690946583025]]",
AVAXUSDT,2025-07-01 00:00:00+00:00,filtered_moe,8736,2025-06-30 23:05:00+00:00,2025-07-01 00:00:00+00:00,"[[-1.5058727726467762, -0.9615306295380733, -1.3986298030403106, 1.4442491435118987, 0.2911252895098348], [1.5389806265853838, 1.1015127486682332, 1.5169007240324195, 0.48332742194648554, 1.0847001749426646], [0.3100184763513692, 0.2263496067658519, 0.3392866039392434, -0.37210678662375773, -0.09167738092532911], [-0.6786179023088781, -0.5177147036991536, -0.7244614975791879, -0.15347654532602803, -0.458008554590303]]","[[0.7224063556090071, 0.0015172796201414378, 0.015005980227124736, 0.26107038454372666], [0.0007641062635068112, 0.8607265839606778, 0.13758287600554606, 0.0009264337702692726], [0.0024712902579258583, 0.05916896669160431, 0.7982853371853297, 0.14007440586514008], [0.06401322461615598, 0.0005438033038874316, 0.15022202104448495, 0.7852209510354716]]","[[0.18112618791795934, 0.13205702697596616, 0.13972306571636947, 0.13460590065502376, 0.12036614442722803, 0.20889181715140642, 0.08322985715604674], [0.10948696959350182, 0.2154471298661564, 0.2688690315196246, 0.18176765623964058, 0.04064169499896809, 0.1242500900684213, 0.059537427713687294], [0.1300210736657447, 0.12461551794919143, 0.18438289583140882, 0.12634973221212611, 0.23399940761586185, 0.10368465670397206, 0.09694671602169486], [0.14291555747439205, 0.1806491108337891, 0.19856412895601924, 0.15567979951810146, 0.1079230940115218, 0.13589609485817752, 0.0783722143479988]]",
AVAXUSDT,2025-10-01 00:00:00+00:00,filtered_moe,8736,2025-09-30 23:05:00+00:00,2025-10-01 00:00:00+00:00,"[[-1.3224965984976715, -0.9056032293307044, -1.3144920566777651, 0.46248291390235796, -0.2659690968858952], [0.7178255975995976, 0.5508315949565389, 0.7668154207403222, -0.049938775437210196, 0.23650709554175806], [-0.27286610761680935, -0.23868022595028027, -0.2878728989471713, -0.36476603182574785, -0.3738277625200256], [1.7856306057589966, 1.276744828538215, 1.6862163798275183, 0.8701835176074285, 1.5114973074688762]]","[[0.8303496809855235, 0.003087447886738574, 0.16596569839363703, 0.0005971727341009205], [0.0015733713928318346, 0.7733459424739386, 0.15574890164484204, 0.06933178448838748], [0.07707371519326271, 0.1080410720649428, 0.8142868304354675, 0.0005983823063269906], [0.0011717737881584255, 0.2123322255348582, 0.0015971861692341193, 0.7848988145077492]]","[[0.15405124859782107, 0.1598677570518947, 0.185420195272631, 0.15069306988752437, 0.09253148011103281, 0.1762068017007281, 0.08122944737836806], [0.12684660399835354, 0.15778200721440802, 0.2638960069132616, 0.14738524942418674, 0.10467279335880605, 0.11271992602016304, 0.08669741307082095], [0.12960061902202694, 0.12397177172199828, 0.1597129508016033, 0.12423093062121479, 0.25118656727988753, 0.1139765351624873, 0.09732062539078183], [0.09604685994195014, 0.225727908022328, 0.2749957321455218, 0.1901778077783522, 0.0339594972900531, 0.1257946573110049, 0.05329753751078984]]",
AVAXUSDT,2026-01-01 00:00:00+00:00,filtered_moe,8736,2025-12-31 23:05:00+00:00,2026-01-01 00:00:00+00:00,"[[-0.2100376662063203, -0.22869073425828298, -0.24056281344067157, -0.3135440593969393, -0.32493609034463683], [-1.2762092518052055, -0.8259844318690486, -1.2477858604840897, 0.5501950931393891, -0.2340145917158233], [0.8231498600663909, 0.6355444033885863, 0.8731296444485875, -0.251696097326922, 0.07732114649392616], [1.5485126330548251, 1.1140718607647935, 1.4631649969345348, 0.9376305593297207, 1.9308342869650235]]","[[0.7925378559734708, 0.09268143244172991, 0.11047516576409074, 0.004305545820708454], [0.17514351338982684, 0.8207994275464549, 0.0013853627851624162, 0.002671696278555897], [0.16569358803591241, 0.0009203859586863009, 0.7667995346718572, 0.06658649133354395], [0.013031471914561749, 0.004993044163082967, 0.213370014416335, 0.7686054695060203]]","[[0.12522997467840716, 0.13684827668542224, 0.16752064935886488, 0.12374906386013858, 0.23940272576514968, 0.11419129042626891, 0.0930580192257486], [0.15688400112515577, 0.16646511662689878, 0.19703414930263968, 0.14641179320293482, 0.08833005835386672, 0.16573484329799879, 0.07914003809050547], [0.1286777349370814, 0.15103005552026183, 0.24121403822256915, 0.14030771887767232, 0.13854201556800735, 0.10441884514805759, 0.09580959172635024], [0.1036924500264659, 0.19131320675534713, 0.2783990835362624, 0.172144939574225, 0.06377730931433022, 0.12000621509425699, 0.0706667956991123]]",
AVAXUSDT,2026-04-01 00:00:00+00:00,filtered_moe,8736,2026-03-31 23:05:00+00:00,2026-04-01 00:00:00+00:00,"[[0.7159000735527659, 0.5472699611191049, 0.760933225265382, -0.21190820240532462, 0.03580102620455073], [-1.3074917234185204, -1.017266957767289, -1.2728222989314144, 0.7154834320235866, -0.14529918174289408], [-0.4290923726891408, -0.29921469982651916, -0.45860838750847893, -0.35591480261762515, -0.41929363964977917], [1.508713591153361, 1.0659211255623495, 1.4043548370792576, 0.982075259468989, 1.8833953286182619]]","[[0.8158582362632157, 0.0028568471864980818, 0.12024501614824987, 0.061039900402036266], [0.0070097407674915915, 0.7649836475338071, 0.22189633894572058, 0.006110272752980743], [0.10504103957212338, 0.09935810206583053, 0.7936015524505634, 0.0019993059114827767], [0.22114535018796833, 0.007868325628582315, 0.005542768935253299, 0.7654435552481961]]","[[0.13169670218793653, 0.13681590909100852, 0.22713736788637268, 0.13035092522335476, 0.1761951856372906, 0.1014655861990593, 0.0963383237749776], [0.15825687872013838, 0.1527666936864327, 0.19600836665925186, 0.13813184864841022, 0.1003922398512857, 0.17300815938557793, 0.08143581304890327], [0.12271150479617757, 0.14995434805905555, 0.20842503133548837, 0.1323578656629701, 0.17772366885572788, 0.12117373685623559, 0.08765384443434504], [0.10746095112101353, 0.19787872370925863, 0.2702785405906151, 0.17215330040733112, 0.0633451502351201, 0.11908138811984947, 0.06980194581681208]]",
AVAXUSDT,2026-07-01 00:00:00+00:00,filtered_moe,8736,2026-06-30 23:05:00+00:00,2026-07-01 00:00:00+00:00,"[[-1.4408094488648482, -1.0781942981824062, -1.375600196541216, 0.6784529257458286, -0.21642418489980156], [1.271248750977016, 1.023085203300031, 1.2207209263531025, 1.0735774587199773, 1.9533567985257578], [0.7825893105244209, 0.5500083444578597, 0.8198778819779661, -0.21748761351020496, 0.09292617845134837], [-0.3289477103132801, -0.23330260652031762, -0.3739359137014981, -0.34255828561618773, -0.42471148161218447]]","[[0.8050219952083653, 0.006497874716209252, 0.002544906578526842, 0.18593522349689873], [0.009090922985807494, 0.7454021614203878, 0.2263214551040959, 0.01918546048970872], [0.001285057432535992, 0.06326279464690254, 0.8029841972642623, 0.1324679506562992], [0.077418197961862, 0.005872649468138765, 0.10566777570172349, 0.8110413768682757]]","[[0.16659140774531367, 0.16921893119030684, 0.2129237351832653, 0.13770556307605025, 0.06908109371910698, 0.177226488178304, 0.06725278090765295], [0.0915805609149343, 0.1660015679715607, 0.28752991101225295, 0.15217090479553932, 0.10486390576880796, 0.11467874179441731, 0.0831744077424876], [0.12190336149914835, 0.1365586213366843, 0.2316019896565127, 0.12219451494463937, 0.18568747309303124, 0.10429276180414511, 0.09776127766583897], [0.11079095074856816, 0.13747785116488617, 0.18995788015364035, 0.11667703491672586, 0.24082811634934387, 0.10926297822747537, 0.09500518843936022]]",
BCHUSDT,2024-01-01 00:00:00+00:00,filtered_moe,7944,2023-12-31 23:05:00+00:00,2024-01-01 00:00:00+00:00,"[[-1.3327475872914745, -0.8560701947924001, -1.3628706897952119, 0.46012670832057, -0.3339437920852728], [0.8369633075516694, 0.8426052310909476, 0.8762068065391587, 0.20233615918059092, 0.24896830436107234], [-0.17262186223334855, -0.25888798181030626, -0.15374142048957815, -0.45045645668631396, -0.3089365606113001], [2.0562501118082537, 1.562501030321267, 1.8625458097027168, 1.8272336374100338, 2.4679728934469525]]","[[0.8071404108011182, 0.003698610375113514, 0.1875074466090526, 0.001653532214715491], [0.0037082155423675154, 0.7747709978707258, 0.1776786881464802, 0.04384209844042656], [0.05737480138607258, 0.06900682147793616, 0.8729548247639791, 0.0006635523720120301], [0.0027865780092125696, 0.12851636621596058, 0.0019289544711870203, 0.8667681013036398]]","[[NaN, NaN, NaN, NaN, NaN, NaN, NaN], [NaN, NaN, NaN, NaN, NaN, NaN, NaN], [NaN, NaN, NaN, NaN, NaN, NaN, NaN], [NaN, NaN, NaN, NaN, NaN, NaN, NaN]]",
BCHUSDT,2024-04-01 00:00:00+00:00,filtered_moe,8736,2024-03-31 23:05:00+00:00,2024-04-01 00:00:00+00:00,"[[-0.19936614260371913, -0.2590383426512054, -0.16521385139702763, -0.42696575269512266, -0.3101199596141802], [2.33065856972657, 1.8780778669346612, 2.034129654372067, 2.058413300391265, 2.4322387741575553], [-1.3893147522392477, -0.8648283036212223, -1.4674851001964082, 0.39923501677105844, -0.3523619762238821], [0.8926112450022295, 0.8414274948421117, 0.9270637457124411, 0.4350036722338063, 0.46031622012911544]]","[[0.9012564478606114, 0.0006100545354303365, 0.04676374677496171, 0.051369750828996474], [0.0018593067383677866, 0.8506489130400261, 0.001802342616385441, 0.1456894376052207], [0.20473081477218755, 0.000814726020573682, 0.7897072684533317, 0.00474719075390699], [0.15217313910192534, 0.04351808093329753, 0.003977027263986459, 0.8003317527007907]]","[[0.09633736848229875, 0.12607708567466236, 0.15529394833431742, 0.10391008576886977, 0.3175199900674833, 0.09614078147311893, 0.10472074019924944], [0.08167267702537237, 0.23033992114972146, 0.307060537213929, 0.18805738399897012, 0.02335125027849836, 0.1284270456613366, 0.04109118467217203], [0.13515237146670042, 0.17047348869998277, 0.23102194546854998, 0.14031651214544572, 0.09361827602804187, 0.137021235274042, 0.09239617091723729], [0.08727284031246633, 0.21609044976633182, 0.2752710770970853, 0.15999989847114213, 0.05880104285610023, 0.13093193415436283, 0.07163275734251144]]",
BCHUSDT,2024-07-01 00:00:00+00:00,filtered_moe,8736,2024-06-30 23:05:00+00:00,2024-07-01 00:00:00+00:00,"[[2.278865892602961, 1.7656246076840745, 2.007239626896562, 2.162603977231977, 2.5612337004972727], [-0.19258630221962683, -0.21365783533172839, -0.17158450952843213, -0.45150641348832654, -0.3307704798267032], [0.9289110028411506, 0.7758102924079673, 0.9644660982513433, 0.4057150853537915, 0.4439834013221983], [-1.3167673720699733, -0.882267522664259, -1.3576777738025205, 0.32306284676361413, -0.2942709033532329]]","[[0.8220737279129379, 0.002185394553602053, 0.173599528636388, 0.002141348897071987], [0.0006094288369100949, 0.877548794120997, 0.05946640894796112, 0.06237536809413179], [0.03795791362756445, 0.14190481963128163, 0.8145341534974009, 0.005603113243753099], [0.0006890163594155955, 0.211509051400887, 0.008037237247301604, 0.7797646949923958]]","[[0.09631010397274631, 0.20996066115070933, 0.2812081073853955, 0.2020508619745575, 0.03996534259372666, 0.11543347720903782, 0.05507144571382701], [0.09781950986268693, 0.1362445396503417, 0.16098514229699343, 0.10894030797192403, 0.29425302791756425, 0.09846643511519347, 0.10329103718529625], [0.09649319830499752, 0.21693084854360414, 0.25885138296769544, 0.1571743441401848, 0.0688251005639137, 0.124444938684252, 0.0772801867953525], [0.13304455018862069, 0.18512880339677149, 0.2324012267232372, 0.14662791112103235, 0.0743357294928213, 0.15077125694786012, 0.07769052212965687]]",
BCHUSDT,2024-10-01 00:00:00+00:00,filtered_moe,8736,2024-09-30 23:05:00+00:00,2024-10-01 00:00:00+00:00,"[[-0.23751925462959406, -0.18941875581781156, -0.24847759419968402, -0.4533830183561504, -0.3608344990933001], [0.9021037642535584, 0.660035593207661, 0.9631227922619323, 0.1879157828718575, 0.34563972276743116], [2.1113858124745493, 1.617807797147101, 1.8734930818246511, 2.046235503771969, 2.528396997939035], [-1.358765803971393, -0.9620279262499893, -1.3474797422237907, 0.6240093028513126, -0.15765702757995806]]","[[0.8730051259449783, 0.06912157883934174, 0.0004435210553335598, 0.057429774160346454], [0.14401090361905894, 0.8141869715988981, 0.03588459434290939, 0.005917530439133512], [0.002222122608389388, 0.17665985648790744, 0.8182202111267275, 0.002897809776975733], [0.20512798183560702, 0.009744930245079718, 0.0011742155273956388, 0.7839528723919176]]","[[0.10207056460575914, 0.1432408521037587, 0.15901748104612737, 0.11312086166703135, 0.28165612252072886, 0.099510966111531, 0.10138315194506348], [0.10252916766712503, 0.2286499699048736, 0.24016731270852304, 0.16063377067758347, 0.06566447561632975, 0.1279077802455208, 0.0744475231800442], [0.0958079585389618, 0.20473710585755298, 0.2779021140944165, 0.19738308546609615, 0.048830122204733935, 0.11364111624784383, 0.06169849759039492], [0.14744446171062256, 0.18850168829002903, 0.19776509456968533, 0.1475714473657248, 0.076925893855709, 0.1669901348150763, 0.07480127939315302]]",
BCHUSDT,2025-01-01 00:00:00+00:00,filtered_moe,8736,2024-12-31 23:05:00+00:00,2025-01-01 00:00:00+00:00,"[[-0.23206532746051683, -0.17545870456457416, -0.2506434931400647, -0.4710914964027856, -0.38885818713087533], [2.0577126646867856, 1.6034053188887867, 1.8401255147182047, 1.8702925509146957, 2.2576004166880987], [0.8510052657601023, 0.5829592570760285, 0.9147106504680761, 0.180621721486656, 0.359070630776367], [-1.4110120097170185, -0.9772730423819554, -1.3801959714778602, 0.6761654456651596, -0.0875811296252939]]","[[0.8639672026153143, 0.0004853611397351933, 0.08041389521209218, 0.055133541032858446], [0.002128364316257872, 0.7977406075729647, 0.1979964999098596, 0.002134528200917778], [0.16176057936609742, 0.04223860542023659, 0.7908391003148687, 0.005161714898797241], [0.19200685348970276, 0.0008590520113622058, 0.010025398099916141, 0.7971086963990188]]","[[0.10524046844963934, 0.14631816813533388, 0.16521346090504044, 0.11416541391621723, 0.26887262700562675, 0.09891474553441906, 0.1012751160537233], [0.10122931100097651, 0.19883579786681188, 0.2728427876027224, 0.19358632368397857, 0.0549591711060615, 0.1112442388422662, 0.06730236989718301], [0.10383537181492526, 0.22174404009087062, 0.2442839669805461, 0.16152116463366326, 0.06782169573583244, 0.12818629833970224, 0.07260746240446016], [0.1605902367605333, 0.18085031253923067, 0.1793456621109255, 0.14946497327675598, 0.07793355125354692, 0.17736230987320495, 0.07445295418580275]]",
BCHUSDT,2025-04-01 00:00:00+00:00,filtered_moe,8736,2025-03-31 23:05:00+00:00,2025-04-01 00:00:00+00:00,"[[-0.5569127711777717, -0.38110506525746746, -0.6332074393144396, -0.3088645231295196, -0.44963094735392245], [-1.59880370848183, -1.0824604929623307, -1.4420526849479978, 1.3500112592209423, 0.30111257067555347], [1.5975975102324367, 1.084942823986293, 1.5462929998073784, 0.7848126113743796, 1.2307299732234043], [0.4114977813041475, 0.2820117703122669, 0.4626625228923264, -0.3078101952523896, -0.05457765300929304]]","[[0.7987361150997554, 0.053232379650862735, 0.0006254381103004496, 0.1474060671390815], [0.19255974310164878, 0.7826431710852649, 0.005581862277050483, 0.019215223536035837], [0.0011347412135823784, 0.004734662792462207, 0.8547247537387068, 0.13940584225524846], [0.13897068849992675, 0.004084812044629144, 0.047396125065661224, 0.8095483743897829]]","[[0.12991121163225755, 0.17577885608301463, 0.1856112678764901, 0.139230748413342, 0.15875390312933527, 0.12010824034609933, 0.09060577251946113], [0.16449724349174324, 0.16855789915456434, 0.16765534606952132, 0.13002618196310992, 0.09046373694013178, 0.20579689006598464, 0.07300270231494484], [0.11298456164796788, 0.19478374594547493, 0.25335256943417994, 0.17841465909647627, 0.06867334037457798, 0.11102206710457194, 0.0807690563967511], [0.10302752098999016, 0.1419028564797871, 0.18128006704174587, 0.11311742602002849, 0.2599427890970285, 0.09863650717048429, 0.10209283320093562]]",
BCHUSDT,2025-07-01 00:00:00+00:00,filtered_moe,8736,2025-06-30 23:05:00+00:00,2025-07-01 00:00:00+00:00,"[[-1.4709758893752858, -0.9108977654844711, -1.4177390810740071, 0.8414637416880499, -0.05194665970920767], [1.582178474337725, 1.082128111911193, 1.4495778545425269, 1.542189163713043, 2.014477247493489], [-0.17158358417170988, -0.1567962433325569, -0.19212093934018465, -0.43054952660052037, -0.35614427881727684], [0.8997702839573101, 0.6406739953984134, 0.9520361400854299, -0.03654961668387011, 0.23897853277939474]]","[[0.8193981214099129, 0.004131423327354874, 0.17138376410300016, 0.005086691159732023], [0.009044288241062803, 0.765934647360871, 0.008421044041644834, 0.21660002035642137], [0.05016029277437603, 0.0020140296597418545, 0.8587811985373874, 0.08904447902849474], [0.003076336356823997, 0.0677724870622116, 0.21110718025298061, 0.7180439963279839]]","[[0.15745054529666538, 0.16199741292375328, 0.18110363453244252, 0.13846515277936544, 0.10163318276921478, 0.17351953844461424, 0.08583053325394434], [0.10646724955183422, 0.19378859100218365, 0.26423083231696054, 0.17443935198153857, 0.07114447777443718, 0.11219838719978743, 0.07773111017325833], [0.1060776633025372, 0.12672527423400895, 0.16139391112679843, 0.10755149914527087, 0.296950869794195, 0.09929943774928812, 0.10200134464790142], [0.12709560856223795, 0.19187130953185905, 0.22853641133036043, 0.16361629429636787, 0.09218171628005772, 0.11132598841046873, 0.08537267158864828]]",
BCHUSDT,2025-10-01 00:00:00+00:00,filtered_moe,8736,2025-09-30 23:05:00+00:00,2025-10-01 00:00:00+00:00,"[[-1.5553223154124118, -0.93040831884024, -1.5340051959793037, 0.6373412831398308, -0.1770149409571187], [1.6100755031433127, 1.0833716701365677, 1.515273215776712, 0.8623791357214016, 1.2493856555973457], [0.4168619497387644, 0.2843897897282594, 0.48352500886261357, -0.1220926443215655, 0.041246349990810935], [-0.40740931047446627, -0.31663233596455687, -0.43752661843909096, -0.4227792537217347, -0.4304549516603314]]","[[0.8236020427156819, 0.0010297497318039331, 0.011462006521711615, 0.16390620103080256], [0.001367641851746824, 0.8578595787664637, 0.13940129229860987, 0.0013714870831796752], [0.0037720474189736324, 0.06038534201549172, 0.7449807506221222, 0.19086185994341243], [0.058095766655593364, 0.0009159316136748228, 0.16423431232432883, 0.776753989406403]]","[[0.14173960207115838, 0.1557551370616952, 0.20377540448485962, 0.13747977840458328, 0.10732475524321429, 0.1637811681303916, 0.09014415460409772], [0.10297393110204626, 0.1894390479229523, 0.262462529469693, 0.1764486996171299, 0.07587840271537488, 0.1085557482539699, 0.08424164091883382], [0.10973537037657743, 0.1445849868601582, 0.20141678763429635, 0.12572306799973976, 0.2209899354965553, 0.09872068206262795, 0.09882916957004506], [0.10609738263167574, 0.12429039044632045, 0.1603302436109078, 0.1078715814484839, 0.29823834890817136, 0.09927114248542454, 0.10390091046901619]]",
BCHUSDT,2026-01-01 00:00:00+00:00,filtered_moe,8736,2025-12-31 23:05:00+00:00,2026-01-01 00:00:00+00:00,"[[-1.3687991851918797, -0.9399996915323372, -1.3555295170043642, 0.4398698593166316, -0.2969703262358332], [1.115281595590921, 0.7062062160531415, 1.153248321442914, -0.14911790100547767, 0.13824051954514685], [1.291166585121575, 0.8244380689779548, 1.1824306013237986, 1.586862099626976, 2.279201787803815], [-0.13690868249514052, -0.06208199199504765, -0.14158691002575655, -0.32001834882209046, -0.27148720284000866]]","[[0.8143581862499246, 0.0007171812618749296, 0.005310997271818801, 0.1796136352163817], [0.0006259078191383316, 0.7688327995565872, 0.052888509572378145, 0.1776527830518963], [0.01119482910364844, 0.15546003870518285, 0.7911531556443339, 0.04219197654683475], [0.0637313039106841, 0.06899595677111858, 0.007877975987163123, 0.8593947633310343]]","[[0.1314608884084043, 0.15970965113105434, 0.21646383344455977, 0.134521237379907, 0.1144424250445181, 0.14749731443465758, 0.09590465015689886], [0.12231084811362225, 0.1879216605737739, 0.2391585773785887, 0.17070444374571808, 0.08260382588450828, 0.10640670293661884, 0.09089394136716984], [0.10359211392442795, 0.18843706239499208, 0.26540280304351205, 0.16974510637593815, 0.0800497540252205, 0.11389297845459237, 0.07888018178131682], [0.10031846150014921, 0.12704495955411438, 0.15425210559496597, 0.1038686904445557, 0.31473771177725945, 0.09653643533875857, 0.10324163579019674]]",
BCHUSDT,2026-04-01 00:00:00+00:00,filtered_moe,8736,2026-03-31 23:05:00+00:00,2026-04-01 00:00:00+00:00,"[[-0.2788289895504057, -0.06203312130979048, -0.3030549682094444, -0.2548620196441367, -0.3063818615424913], [1.2381420231646736, 0.6962303973541555, 1.181140417484587, 1.565288845363687, 2.2146394557289386], [-1.5867537346190512, -1.3227689085558378, -1.5301982218746875, 0.5928815167883557, -0.21941946939123083], [0.9572080692964642, 0.561770870458378, 0.9928758801327997, -0.24202458458019543, 0.05376757955057632]]","[[0.8577758377552773, 0.009050987852124439, 0.04433997124241104, 0.08883320315018717], [0.049702394436591954, 0.7937905470282529, 0.005676063925738976, 0.15083099460941618], [0.17602742964534016, 0.004806905794406545, 0.8181994668256242, 0.0009661977346292497], [0.1760749645024541, 0.042138619336546584, 0.00048121147314379405, 0.7813052046878556]]","[[0.10355712546243367, 0.11808583432166297, 0.16777965776635256, 0.10398539371745574, 0.3064051917911219, 0.09716072918048282, 0.10302606776049034], [0.10501739656337136, 0.185194470891546, 0.2596494071242456, 0.1662843146696661, 0.08694243507569013, 0.11542718251511823, 0.08148479316036251], [0.13533402170692385, 0.16711716245317387, 0.1991843905991952, 0.13995389119790608, 0.11015984637312955, 0.15948692284412064, 0.08876376482555075], [0.12118435366152865, 0.17793344925127966, 0.22515852684607354, 0.15276660448554072, 0.12315336156149362, 0.10107917466454445, 0.09872452952953936]]",
BCHUSDT,2026-07-01 00:00:00+00:00,filtered_moe,8736,2026-06-30 23:05:00+00:00,2026-07-01 00:00:00+00:00,"[[-1.8242566341122823, -1.6611096452370098, -1.572942239391224, 1.207546905696027, 0.016956444721076505], [1.2285820391071751, 0.7334754354625805, 1.2146302741983563, 1.1496635364012724, 1.7339298378847752], [-0.5430014314076753, -0.31557807791210124, -0.6293583195428458, -0.2268322976176502, -0.39633854307932503], [0.6117823168774539, 0.4827999036553917, 0.6472133888127508, -0.3460886305308196, -0.08643498725953556]]","[[0.7974634963905509, 0.007295853866645361, 0.19319308520284534, 0.0020475645399583736], [0.005071428765727539, 0.7523640014131973, 0.02384227419846012, 0.218722295622615], [0.0433571636562258, 0.008412325423147616, 0.8252249080965148, 0.12300560282411177], [0.000492900053231537, 0.0567073728219734, 0.12580754516549142, 0.8169921819593037]]","[[0.1491626261327215, 0.1936288244121284, 0.2032371391201281, 0.14537819579977487, 0.05548766819673662, 0.1970527884346992, 0.0560527579038114], [0.09643182964453655, 0.16802853549609242, 0.2555579891098026, 0.15249812018166245, 0.12618104016329942, 0.10642888276838425, 0.09487360263622238], [0.12197098965763345, 0.15387577658345897, 0.22819355251527287, 0.12893744227144666, 0.1529280737368974, 0.12312417454309002, 0.09096999069220067], [0.10860050052874237, 0.13332932559467453, 0.17301939656889917, 0.11618960636157413, 0.27595644087184096, 0.08809440989248415, 0.1048103201817847]]",
BNBUSDT,2024-01-01 00:00:00+00:00,filtered_moe,7944,2023-12-31 23:05:00+00:00,2024-01-01 00:00:00+00:00,"[[-1.4682540203210623, -1.196226478643521, -1.4264467392247666, 0.9398232940148674, -0.19413115529526392], [-0.3332277287246761, -0.267189689550988, -0.3702051508894954, -0.481166190898291, -0.4375507531902167], [1.6343284992783085, 1.2759400075873424, 1.512706188338437, 1.340202602796506, 2.104913617661499], [0.6388556683326999, 0.5290085953551755, 0.7087343877304673, -0.06968226794950243, 0.11775347748721843]]","[[0.7948207599221585, 0.1799370959375002, 0.004615658124045433, 0.020626486016296058], [0.05231454304398448, 0.8315575717971132, 0.0010221397454017818, 0.11510574541350044], [0.006995208546743543, 0.0027796091995149763, 0.8233309771611242, 0.1668942050926172], [0.007352758791194775, 0.1747027455400946, 0.04961772845667992, 0.7683267672120307]]","[[NaN, NaN, NaN, NaN, NaN, NaN, NaN], [NaN, NaN, NaN, NaN, NaN, NaN, NaN], [NaN, NaN, NaN, NaN, NaN, NaN, NaN], [NaN, NaN, NaN, NaN, NaN, NaN, NaN]]",
BNBUSDT,2024-04-01 00:00:00+00:00,filtered_moe,8736,2024-03-31 23:05:00+00:00,2024-04-01 00:00:00+00:00,"[[-0.3721124592625648, -0.2949824242696676, -0.3988954460625146, -0.47955215654494726, -0.47900941173443373], [0.5095066140420281, 0.35680701444043567, 0.5883898052724337, -0.01370365248477841, 0.19415770345474526], [-1.6102124556940662, -1.2197324911825749, -1.6022525268330334, 0.8107626918742589, -0.3448695746828841], [1.697656813255249, 1.433737749010601, 1.5352143629637938, 1.2137381008182857, 1.778288501237262]]","[[0.8209540597473141, 0.1297522337883562, 0.04851496354296429, 0.0007787429213655077], [0.17325691352131173, 0.774942087050881, 0.0046114048590973206, 0.04718959456871001], [0.18245857670792512, 0.018164887079109564, 0.7972410691833867, 0.0021354670295785517], [0.0017499870127657754, 0.14962741954095915, 0.0023192288346826793, 0.8463033646115924]]","[[0.10503826800502063, 0.11681131367560847, 0.15462100596230582, 0.11214410784861992, 0.3116134689570024, 0.09828896310812163, 0.1014828724433212], [0.10506567349190502, 0.16407882774359844, 0.2478337588272064, 0.13560914590005102, 0.1437688106517869, 0.1137837803369899, 0.0898600030484626], [0.14287299407246637, 0.17196669491654848, 0.25186079485212337, 0.14247587839036208, 0.06108751623761601, 0.16066155646391256, 0.06907456506697116], [0.08849329312799244, 0.21644975593513613, 0.30612654153138963, 0.1972879319339794, 0.027088332914845036, 0.12048871328311922, 0.04406543127353828]]",
BNBUSDT,2024-07-01 00:00:00+00:00,filtered_moe,8736,2024-06-30 23:05:00+00:00,2024-07-01 00:00:00+00:00,"[[0.5805524688356192, 0.3905420744285327, 0.6811289832242077, -0.017825533671327838, 0.2109919245919139], [-1.3589356373712598, -0.9532657963329703, -1.4058074947193506, 0.5844996689781455, -0.2540523511380237], [1.7881784759566548, 1.4574575200621602, 1.5827049397138255, 1.4129778001199549, 1.8069090774408936], [-0.3035269502201877, -0.24728039266946789, -0.30642675698618593, -0.49588992636712403, -0.4496220606915005]]","[[0.7550663450077484, 0.008780642779004862, 0.05038076251058977, 0.18577224970265704], [0.018694370323127686, 0.7985222421904469, 0.0022892957091385025, 0.18049409177728679], [0.1401766543236388, 0.0033181159963670058, 0.8543074029889289, 0.002197826691065304], [0.11466479555175361, 0.061019978046700445, 0.0008630817327387065, 0.8234521446688072]]","[[0.10944435623571258, 0.18228132677877518, 0.2580786601638754, 0.14589692028535117, 0.10563688698077206, 0.11405374647130034, 0.08460810308421325], [0.15205936474889328, 0.16586810443726333, 0.21874596111827496, 0.13605008680116815, 0.09289579157853571, 0.14539946271223772, 0.08898122860362688], [0.09543087070818533, 0.22385660370840932, 0.2953985272278937, 0.2042201131283199, 0.02064037267119151, 0.12231954661490986, 0.038133965941090316], [0.10156119201950985, 0.12067875548811265, 0.15763428624856657, 0.10794530885499029, 0.314948694434844, 0.0949136331072584, 0.10231812984671826]]",
BNBUSDT,2024-10-01 00:00:00+00:00,filtered_moe,8736,2024-09-30 23:05:00+00:00,2024-10-01 00:00:00+00:00,"[[-0.46737100011315014, -0.34171170899029296, -0.5147766676801033, -0.3582671632310014, -0.4190656550644509], [1.6271862276929734, 1.2878968614793562, 1.474951158787492, 1.173053556417747, 1.628580600203959], [-1.6112396940870033, -1.2241504998424524, -1.5659140276432273, 1.2103070553108182, -0.03232021332594981], [0.5115790613079458, 0.3546524539996758, 0.6096556114344259, -0.24240559939179634, 0.01199145500933528]]","[[0.8309208554124742, 0.0009049799474899454, 0.04384243929140271, 0.12433172534863302], [0.002481661037139174, 0.8411137262576268, 0.004904088848654703, 0.15150052385657936], [0.2151398987366119, 0.0061310409143757695, 0.7645579930752169, 0.01417106727379553], [0.16238776051916542, 0.05046482986023055, 0.00367299134345838, 0.7834744182771457]]","[[0.10622513687690634, 0.12761947430865805, 0.1682947983443503, 0.11504643044839272, 0.278821005785984, 0.10388139265471977, 0.10011176158098889], [0.0978589994812837, 0.22334799734862631, 0.29382157481113147, 0.2032880503559437, 0.02029570986793055, 0.12410687550475034, 0.03728079263033379], [0.15423561484175735, 0.1566230133948741, 0.2078531798170726, 0.13245126453141273, 0.09522294358247398, 0.17772642103689126, 0.07588756279551787], [0.10448979723103612, 0.18679805924966408, 0.25264762767988336, 0.15118211397588216, 0.10721158877960223, 0.11639203721094353, 0.08127877587298851]]",
BNBUSDT,2025-01-01 00:00:00+00:00,filtered_moe,8736,2024-12-31 23:05:00+00:00,2025-01-01 00:00:00+00:00,"[[-0.35455646473579316, -0.21905679999986688, -0.4071522402437704, -0.34716086873237795, -0.3466035921600061], [0.6017179104941656, 0.3451837608000105, 0.7052752835579625, -0.323629375112469, -0.03425988029295398], [-1.517331550500952, -1.117545258831664, -1.4782633749919936, 1.0598912383046404, -0.0556872800099745], [1.6142731700044708, 1.3227512141293034, 1.4552743737252596, 1.1019988416678197, 1.593278374268427]]","[[0.8208954584444097, 0.12305903518210805, 0.054017668242311884, 0.0020278381311704774], [0.16674335971194784, 0.7777555634216018, 0.0024736673392452982, 0.05302740952720498], [0.17496223507885691, 0.006268551539850221, 0.8136484155643879, 0.005120797816904947], [0.007284203113835534, 0.16364486035293918, 0.006299878330540971, 0.8227710582026844]]","[[0.10659967602414674, 0.12161051605604008, 0.15163658918309747, 0.11102662509607614, 0.31001648855576297, 0.09683950134198142, 0.10227060374289515], [0.10586892088073772, 0.1838127566572826, 0.2471086337674655, 0.14828306166103797, 0.11347884544724708, 0.1124241365638926, 0.0890236450223366], [0.15789385134216874, 0.1608300491360967, 0.1948594280712865, 0.1375346658267348, 0.08842236782590429, 0.1830769154280164, 0.07738272236979256], [0.10162493345321376, 0.2322817213255364, 0.27769425609478404, 0.19820754703585, 0.023182245690408936, 0.1250357086070342, 0.041973587793172666]]",
BNBUSDT,2025-04-01 00:00:00+00:00,filtered_moe,8736,2025-03-31 23:05:00+00:00,2025-04-01 00:00:00+00:00,"[[0.8029421727883104, 0.510871110778051, 0.8962304065227493, -0.2913236715018443, 0.047677188844960805], [-0.24537310352667008, -0.1467283198566145, -0.2989750368522359, -0.2995175935227399, -0.2751041088340603], [-1.5221017340512568, -1.0877275467855743, -1.4550196973387068, 1.190124133128216, 0.06721108819968302], [1.863347662815032, 1.4057851654622726, 1.6990785519576839, 1.2181126119617374, 1.9515239477278798]]","[[0.7854994384512476, 0.1752630628797156, 0.0011802115143900126, 0.038057287154646915], [0.10310620531599492, 0.841881411885677, 0.053239608524743964, 0.0017727742735840818], [0.002514302824991243, 0.18418297869047387, 0.8110173393200839, 0.0022853791644508307], [0.1849657121098115, 0.014356539584985631, 0.006116737884106111, 0.7945610104210967]]","[[0.10638729778587287, 0.18138946095744118, 0.23749819225230182, 0.14737027292919835, 0.12310626762510056, 0.10987111690887039, 0.09437739154121472], [0.1100672366147339, 0.12350318694031054, 0.14841357839166036, 0.1073591022013737, 0.30851830068540176, 0.10099356929085203, 0.10114502587566769], [0.1613721819643744, 0.1681434135635199, 0.18208086835425305, 0.13727360023046745, 0.08463281059871139, 0.19329002283907593, 0.07320710244959795], [0.10865510176100866, 0.2209628114335078, 0.25819825673756464, 0.1864903495235098, 0.04451505270306526, 0.11900976486671161, 0.06216866297463222]]",
BNBUSDT,2025-07-01 00:00:00+00:00,filtered_moe,8736,2025-06-30 23:05:00+00:00,2025-07-01 00:00:00+00:00,"[[-0.8627381635387789, -0.6337347251596758, -0.9071483815752992, 0.24000189059079036, -0.1893299656696633], [0.23606231468962013, 0.20493438832435068, 0.24950161275500227, -0.4636182975908658, -0.23718263908736864], [-2.2355412098481415, -1.6741292610560945, -1.9924282481130229, 2.421439626929447, 0.6943497359297267], [1.4043770733172856, 0.9356699320307307, 1.3838235986474725, 0.42969033779830523, 0.8973333003558791]]","[[0.8120492623305073, 0.15358466528881745, 0.029090675276724928, 0.005275397103950371], [0.08743457613686584, 0.8541236627323477, 0.00023769368141778301, 0.058204067449368554], [0.185207845931366, 0.002708219137305219, 0.8091377157278509, 0.0029462192034780503], [0.009387321908608871, 0.17970443612782167, 0.0008093678998937396, 0.8100988740636758]]","[[0.13381743974686336, 0.14448362401899015, 0.20690642403481793, 0.13506502308737803, 0.14656510547004098, 0.1438359190684458, 0.0893264645734637], [0.1031221911058216, 0.12726410446520675, 0.16068114387768598, 0.11470942005283827, 0.296221744835608, 0.09780297730363406, 0.10019841835920544], [0.19679758369661254, 0.14293717753341229, 0.1351623070511692, 0.13523576732490833, 0.07413097372364022, 0.25883900038985147, 0.05689719028040588], [0.110815668076576, 0.2015056721702042, 0.25986142307259563, 0.16341897546412276, 0.06713447128251017, 0.1179024175660241, 0.07936137236796713]]",
BNBUSDT,2025-10-01 00:00:00+00:00,filtered_moe,8736,2025-09-30 23:05:00+00:00,2025-10-01 00:00:00+00:00,"[[-1.4226168311896394, -0.979864878222187, -1.3906047810830793, 0.724514564456109, -0.05902933624862489], [0.7370448536024573, 0.45693054002572436, 0.8174791204715058, -0.0525138929269856, 0.1332328122499475], [-0.25321080168523646, -0.19817454127048492, -0.2773204248492221, -0.45884486112706996, -0.3867880228103036], [1.7423088617324691, 1.4977474683633925, 1.5399807502581835, 1.1746983619619957, 1.6432741065972953]]","[[0.8433327781015848, 0.009097571254451776, 0.1468267060619272, 0.0007429445820360429], [0.005431675383772368, 0.7601824459955087, 0.16987783753290658, 0.06450804108781234], [0.0564484483449307, 0.10756123073687819, 0.8353414954655759, 0.0006488254526152839], [0.00157968613905272, 0.2178568988929063, 0.002493998722421528, 0.7780694162456195]]","[[0.15048615918683977, 0.142055795387113, 0.18224638545423968, 0.13021892065597865, 0.1318403907564423, 0.16629074488699563, 0.0968616036723909], [0.11689441261055489, 0.18910353363313384, 0.25646016312309183, 0.15360384921892584, 0.08603485240665855, 0.11678603766177822, 0.08111715134585686], [0.10004222826443677, 0.10653837096484883, 0.1483410700596535, 0.09698309692989436, 0.35048881370549506, 0.097635131260067, 0.09997128881560448], [0.09451060854433113, 0.21487056730754672, 0.275694004995623, 0.1878705912976473, 0.046457048437871414, 0.11868706325259293, 0.06191011616438733]]",
BNBUSDT,2026-01-01 00:00:00+00:00,filtered_moe,8736,2025-12-31 23:05:00+00:00,2026-01-01 00:00:00+00:00,"[[-0.37230924257612824, -0.32381620862265303, -0.40471365107850443, -0.41538389189150865, -0.4065285506293832], [-1.4660179612792028, -0.9539464973086821, -1.4372918250263833, 0.9126523132789689, -0.07551365051676164], [1.7143427722792093, 1.7247143665099876, 1.494747174218916, 1.0822295585518003, 1.4694494020867728], [0.5920803689192384, 0.3091241864456293, 0.6866776347006118, -0.17773816419426997, 0.11363109277054576]]","[[0.8092987170345671, 0.06324231319092298, 0.0005915211717577875, 0.12686744860275215], [0.1859006783124149, 0.8013627297797582, 0.0013368146276878524, 0.011399777280139028], [0.002545579200812909, 0.0016423773604207356, 0.8150781729768115, 0.18073387046195494], [0.16318900231274266, 0.004206116534227395, 0.05426112537080256, 0.7783437557822274]]","[[0.10538218580549488, 0.11909754891217761, 0.15731801799824066, 0.10219438478554048, 0.3138856902388701, 0.10463493149387133, 0.09748724076580492], [0.15893674634428823, 0.1352346538743281, 0.18520991920148766, 0.12471726384055035, 0.1313041234380019, 0.17153914228856296, 0.09305815101278084], [0.10543008064013923, 0.2082899263062798, 0.2914380662321514, 0.18626971409588558, 0.03465639801740019, 0.12203675355695759, 0.051879061151186213], [0.11636888077902503, 0.17371465780458054, 0.2440298386320304, 0.14328471339145016, 0.12185017390401341, 0.11537267677744834, 0.085379058711452]]",
BNBUSDT,2026-04-01 00:00:00+00:00,filtered_moe,8736,2026-03-31 23:05:00+00:00,2026-04-01 00:00:00+00:00,"[[-0.6308540732755226, -0.41935622742192774, -0.7136558926357689, -0.23217181488208624, -0.410971661894543], [-1.9384950613525342, -1.638511834131559, -1.7203398306146325, 1.7420426089870114, 0.07549774339111309], [0.47020070503395545, 0.21396846590739352, 0.5590639501284943, -0.3562620759321941, -0.03009619445377708], [1.410934746044289, 1.4438087216179907, 1.262853235452771, 1.0089543006993764, 1.3076269259364655]]","[[0.8519501866452474, 0.02235361690165008, 0.12304951424347887, 0.0026466822096237927], [0.12482153858971054, 0.8673883639546218, 0.004876479733883305, 0.00291361772178446], [0.11424506033519552, 0.0007665150461815349, 0.8291433949990449, 0.055845029619577984], [0.0078324103946174, 0.0014709038554592084, 0.1816435164655359, 0.8090531692843874]]","[[0.1228553509846451, 0.13355478560881143, 0.18218680824292663, 0.11806007626796051, 0.2303770009895375, 0.11734957707444928, 0.09561640083166957], [0.1749679896685612, 0.15092284233144954, 0.20652838708500598, 0.1320996448497739, 0.06845356382841886, 0.20568614025890292, 0.061341431977887696], [0.11375569395786016, 0.1510398860042895, 0.23065648442449563, 0.12817137343925025, 0.18126963195219523, 0.10541344693785462, 0.08969348328405459], [0.11321301692194079, 0.20349562259874043, 0.2857550339354979, 0.17941586148930963, 0.040919525809047015, 0.12159475664053883, 0.05560618260492547]]",
BNBUSDT,2026-07-01 00:00:00+00:00,filtered_moe,8736,2026-06-30 23:05:00+00:00,2026-07-01 00:00:00+00:00,"[[-1.8767774460768514, -1.38500381119171, -1.6777818695470668, 1.3443240702873358, -0.16811931341349207], [-0.5603091860238019, -0.4228786100880208, -0.6560936124744686, -0.34491895649279053, -0.4021642733670285], [1.4607817445650428, 1.4484318732270727, 1.3352074241303333, 1.0488721958708302, 1.3570750362653292], [0.5031848367174547, 0.27815072964662235, 0.5874151657811817, -0.23428282078556487, 0.016932941326441225]]","[[0.8378813348411436, 0.1567261961501932, 0.0021041955184807008, 0.0032882734901824814], [0.03526724902663264, 0.8464222013530281, 0.0009090447532549485, 0.11740150486708423], [0.0015376251064283437, 0.002975749903350754, 0.782207719072214, 0.21327890591800697], [0.0007709443379824653, 0.10950913526922101, 0.05908440073740315, 0.8306355196553934]]","[[0.1810693968105409, 0.16743551483073707, 0.21232459306095147, 0.13444328279249057, 0.054200756927551254, 0.193076105179485, 0.05745035039824382], [0.12733140378197955, 0.13702791955865273, 0.17215010831070499, 0.1183326021535201, 0.2318242397502367, 0.1160536521099691, 0.09728007433493682], [0.11790623869867521, 0.18685384932247248, 0.2761750986269943, 0.1889529234010329, 0.052582003727250554, 0.11265829643508907, 0.0648715897884854], [0.11122269219957595, 0.15971738337030364, 0.2513450984235151, 0.1317766111876248, 0.14746216615362404, 0.11331312142830822, 0.08516292723704813]]",
BTCUSDT,2024-01-01 00:00:00+00:00,filtered_moe,7944,2023-12-31 23:05:00+00:00,2024-01-01 00:00:00+00:00,"[[-1.4654558879409336, -1.0126983443441142, -1.525570922571146, 0.5594130143285206, -0.4101039921241991], [-0.27935081707571435, -0.2477649366542478, -0.2811348091964666, -0.4228727752748146, -0.3958440773380079], [2.041684612241084, 1.5357603371966995, 1.8645130126506686, 1.2158037604125442, 1.6371748602957645], [0.5503313701401454, 0.44638724641947314, 0.64331549321254, 0.16411045913330635, 0.40775911061880016]]","[[0.7856298985185495, 0.20704279309241028, 0.001292304746301187, 0.0060350036427391385], [0.050728643067457696, 0.8502988208536179, 0.0007408122616789052, 0.09823172381724557], [0.002582632250886804, 0.0016605438432834476, 0.8684458490911136, 0.12731097481471612], [0.0019832816931688742, 0.20160163104682824, 0.046125368544807664, 0.7502897187151952]]","[[NaN, NaN, NaN, NaN, NaN, NaN, NaN], [NaN, NaN, NaN, NaN, NaN, NaN, NaN], [NaN, NaN, NaN, NaN, NaN, NaN, NaN], [NaN, NaN, NaN, NaN, NaN, NaN, NaN]]",
BTCUSDT,2024-04-01 00:00:00+00:00,filtered_moe,8736,2024-03-31 23:05:00+00:00,2024-04-01 00:00:00+00:00,"[[-0.18325633929959428, -0.1487650098000877, -0.15931940607444586, -0.42818180573878606, -0.33789947366749856], [-1.2476044939789634, -0.8680881976473618, -1.3225545707331028, 0.30966521425385546, -0.45631861868273194], [2.157415662745517, 1.6840316712295194, 1.9450599563210969, 1.2936952645845086, 1.98395491412007], [0.7911224893399176, 0.5431166132756557, 0.862573072332572, 0.37209591514456564, 0.5546877810077938]]","[[0.8564107333371805, 0.07484082925553698, 0.0006326918215916177, 0.06811574558569104], [0.21861767392362025, 0.7724717363993299, 0.0006260579392680275, 0.008284531737781892], [0.0018270755284461634, 0.0025835168465357036, 0.8413856361777713, 0.15420377144724692], [0.16660214607714505, 0.005558260784170952, 0.05226378349277623, 0.7755758096459078]]","[[0.10652692567187212, 0.13076662184501106, 0.1597181646754226, 0.1125386966216755, 0.29358320607827176, 0.0954556812835057, 0.10141070382424125], [0.13225361866735347, 0.1634498128250562, 0.2294443559251864, 0.14048614860775022, 0.103093269437861, 0.13317712975790122, 0.09809566477889149], [0.08551421067393075, 0.23022133117355034, 0.3084469544860547, 0.19923494246791068, 0.015650918780573883, 0.12826250040801393, 0.032669142009965714], [0.09399529949918484, 0.20249990277067698, 0.2879095742085452, 0.15286006735353858, 0.06628633474604598, 0.12481814974697689, 0.07163067167503162]]",
BTCUSDT,2024-07-01 00:00:00+00:00,filtered_moe,8736,2024-06-30 23:05:00+00:00,2024-07-01 00:00:00+00:00,"[[2.060510777666638, 1.6663219417820043, 1.8911145702844956, 1.2836154585180661, 1.975346793501535], [0.7733058973349632, 0.5494646209212383, 0.8458677175852362, 0.1957103243590035, 0.4169252850757418], [-0.26422141245736935, -0.2226865836669985, -0.26869809673369877, -0.4112890951309451, -0.3820514182476376], [-1.3936326088216102, -0.9607710702807791, -1.4184263409562852, 0.5444367331044243, -0.3080612837210354]]","[[0.835279093494421, 0.16154891740461536, 0.0016957197132648981, 0.0014762693876986814], [0.04830656989525719, 0.7847500544830524, 0.162412906001504, 0.0045304696201866335], [0.0006483529476019663, 0.07536884175460186, 0.8659204765458182, 0.05806232875197809], [0.000773488438564773, 0.009849759000858637, 0.21030677437405715, 0.7790699781865195]]","[[0.09059262119697009, 0.22790328404811608, 0.302213712971755, 0.19871193362107023, 0.01821151127685732, 0.12668948805648397, 0.03567744882874719], [0.09948274146246665, 0.1929277867514004, 0.2770447521795633, 0.1545560521019716, 0.07843094068642951, 0.11920200503352239, 0.0783557217846461], [0.1018776279652326, 0.14023243307011507, 0.16942130136616693, 0.11244722424947484, 0.279646600635387, 0.09614703436297445, 0.10022777835064903], [0.14019339972270384, 0.1578718351513266, 0.22225825551812367, 0.13624370011265055, 0.10009422774982434, 0.1536658032134105, 0.08967277853196078]]",
BTCUSDT,2024-10-01 00:00:00+00:00,filtered_moe,8736,2024-09-30 23:05:00+00:00,2024-10-01 00:00:00+00:00,"[[0.6780654013005797, 0.4609753697754633, 0.7565114015872468, -0.11276556184564993, 0.1781833330311785], [1.8805483435442103, 1.4866342425043826, 1.7390110974697413, 1.0740609096135993, 1.734634882287091], [-0.3415588021323973, -0.2315147386774532, -0.37256874608368656, -0.37685892540415317, -0.37631087585274814], [-1.3962598101311323, -1.0651736086273165, -1.3855193040356648, 0.7350637770850773, -0.23268726361708386]]","[[0.8023048827950874, 0.04782788652980653, 0.14682270418271012, 0.0030445264923959353], [0.1685876992362746, 0.8286641412802516, 0.0014627818994150422, 0.0012853775840588574], [0.09933199575498047, 0.0003237986208559051, 0.8332831270897662, 0.06706107853439743], [0.0069259858614238255, 0.0007198286952290725, 0.19093532828639165, 0.8014188571569555]]","[[0.10911157505640859, 0.19894554300231526, 0.26272622347285124, 0.15941602880873734, 0.0715674927528864, 0.12035642554990268, 0.07787671135689846], [0.09219661773018616, 0.22911047839129692, 0.3000691666004679, 0.19798858646289638, 0.01770632395733108, 0.1277134507380428, 0.035215376119778555], [0.10258259997692991, 0.14538816496134113, 0.1859213010986068, 0.1180264367884312, 0.2476977428587253, 0.10272452994267586, 0.0976592243732898], [0.14000442873323216, 0.15481192209886885, 0.21662029704683805, 0.13468639584311448, 0.10359320122058277, 0.16543348176767564, 0.08485027328968812]]",
BTCUSDT,2025-01-01 00:00:00+00:00,filtered_moe,8736,2024-12-31 23:05:00+00:00,2025-01-01 00:00:00+00:00,"[[-0.4002842460839899, -0.3181190171035786, -0.4469599576607719, -0.2401267694731262, -0.3330327079241749], [0.6360830626773138, 0.47283375754342233, 0.7175494281386181, -0.36068206639486233, 0.01549539119367002], [1.7192203957330356, 1.3295948088895, 1.6059454616281086, 1.0183580235239131, 1.6984470917043872], [-1.4325794381776689, -1.0402963425894736, -1.390229407009157, 0.8149680522896438, -0.23104255030773313]]","[[0.8165888533237199, 0.10571976707960903, 0.0016680097761755748, 0.07602336982049553], [0.14647375510531732, 0.7980538364554975, 0.05426179131932711, 0.0012106171198580618], [0.00477875714470008, 0.16776046785534593, 0.8259638034012283, 0.0014969715987256948], [0.23328846259457844, 0.0028577303262415105, 0.0013572086151548883, 0.7624965984640252]]","[[0.1099415940910234, 0.14202098414530917, 0.18380758495056487, 0.11923586456744875, 0.2396656306220249, 0.10812908332922863, 0.0971992582944002], [0.11069926471950871, 0.18576436276998123, 0.25709196280777663, 0.16156637828139533, 0.08723321150935061, 0.11575678592109295, 0.08188803399089455], [0.09748550255028213, 0.22168980747644895, 0.2956220667376923, 0.1959832583459896, 0.022407003182894823, 0.1267027851599544, 0.04010957654673777], [0.15085740735907593, 0.16106040072977726, 0.19959311219045303, 0.13683082543425243, 0.09605531043583389, 0.17256262897289795, 0.0830403148777095]]",
BTCUSDT,2025-04-01 00:00:00+00:00,filtered_moe,8736,2025-03-31 23:05:00+00:00,2025-04-01 00:00:00+00:00,"[[1.5329248175804175, 1.1257068656013778, 1.4588284434672878, 0.8121083841855142, 1.5909786670783503], [-0.49963505152071064, -0.37438512606971547, -0.5664774244832531, -0.09840249840796784, -0.3259425043432101], [-1.768748950394292, -1.2807529082704705, -1.5963265381354472, 1.475785104043128, 0.09948784581491317], [0.5880253952456848, 0.436914524338029, 0.654762219842874, -0.47276454003967167, -0.08471093594898849]]","[[0.786868561966421, 0.018768932263859246, 0.003607968569511394, 0.19075453720020838], [0.004851924292061856, 0.8501447662667954, 0.036210208796956446, 0.10879310064418633], [0.005302530405390846, 0.1896334742237115, 0.8033670804055508, 0.0016969149653468046], [0.0579886779500481, 0.136900127970315, 0.00040139348877902143, 0.8047098005908577]]","[[0.09978729135379016, 0.1977113100505727, 0.2922865824019744, 0.1765090827526888, 0.047536977081630676, 0.1278398305901712, 0.058328925769171945], [0.1276735652800891, 0.1508914914022644, 0.17053118406206078, 0.129293482057134, 0.20905651978766987, 0.11779409172028364, 0.09475966569049822], [0.1812833696327069, 0.15279415549930508, 0.16951450601197524, 0.13182918677147587, 0.08671875831318561, 0.20862438337382738, 0.06923564039752385], [0.10942991116875637, 0.1598516791028384, 0.2207908996720667, 0.1414206113009837, 0.16813877804411403, 0.10448705471256112, 0.09588106599867964]]",
BTCUSDT,2025-07-01 00:00:00+00:00,filtered_moe,8736,2025-06-30 23:05:00+00:00,2025-07-01 00:00:00+00:00,"[[-1.736072929691935, -1.237095637472589, -1.606515542857443, 1.2396923570853478, 0.0580267040269388], [-0.47818549316011244, -0.36416578722481635, -0.5433429180068585, -0.12522760063750585, -0.370572954402331], [0.5350129516116063, 0.42367727589647164, 0.6006805212648809, -0.42144752639453664, -0.03939555873606919], [1.5455198235821703, 1.037693844976504, 1.4509722951063768, 0.8773713055499194, 1.5795005873545578]]","[[0.7944126945564216, 0.1969285203578387, 0.002802901524785587, 0.005855883560954081], [0.04617179866817148, 0.81149167810446, 0.1383505964594969, 0.003985926767871596], [0.0006229153026460322, 0.15136038312707292, 0.7927138411294185, 0.05530286044086253], [0.004558152260650183, 0.013579010307326186, 0.19653995275967975, 0.7853228846723439]]","[[0.16510632353524166, 0.15184408948717756, 0.17597245944988055, 0.13671234410582148, 0.10021953340204309, 0.19201518142661075, 0.07813006859322472], [0.1249225880103573, 0.13617502779829868, 0.16540956982926677, 0.12697593456888331, 0.2369988043476879, 0.11225124519334996, 0.0972668302521561], [0.11708164801147201, 0.1633691650675005, 0.22715867017967842, 0.1484565612968151, 0.14316839869896622, 0.10874587706552889, 0.09201967968003909], [0.0996729727952411, 0.20277913413985874, 0.29665938355244525, 0.18281502609196515, 0.03671141885019086, 0.1300002821064416, 0.05136178246385718]]",
BTCUSDT,2025-10-01 00:00:00+00:00,filtered_moe,8736,2025-09-30 23:05:00+00:00,2025-10-01 00:00:00+00:00,"[[-1.1676537895224173, -0.8156037740460402, -1.190740398097217, 0.23678013921298655, -0.42433591153257105], [0.08649751231565993, -0.025555457020995504, 0.07047018637400514, 0.7370797473603875, 0.7155399800910012], [0.16490322802010388, 0.1349586587765228, 0.1947919258892059, -0.5729261385206289, -0.36311737686749435], [1.6515238700364612, 1.1977090291169517, 1.6158325297752718, 0.49151315650511973, 1.1501009640599393]]","[[0.8405663924882235, 0.056589425009846636, 0.10239005208254454, 0.00045413041938520426], [0.08101898916824242, 0.6111790897596499, 0.2586131228063838, 0.04918879826572392], [0.06355532300876565, 0.09139112663613704, 0.8130791319529822, 0.03197441840211503], [0.0008576008255119156, 0.057948400420229584, 0.10455846690151874, 0.8366355318527398]]","[[0.14400473351965593, 0.1587938191175586, 0.19154615176560444, 0.1395088952524326, 0.12826665440684568, 0.14088516889761596, 0.0969945770402868], [0.13319380301285833, 0.14791953587826778, 0.1858826707074934, 0.12407734903234743, 0.18987307079106786, 0.12745977158745564, 0.09159379899050968], [0.10877492903970332, 0.13401658249358686, 0.1797816671798465, 0.12497551422277893, 0.25520153854150474, 0.09934710053445527, 0.09790266798812426], [0.09292765028026591, 0.2114968437230849, 0.29043077652216076, 0.1805781092385594, 0.040348128414792, 0.12639637300550013, 0.05782211881563691]]",
BTCUSDT,2026-01-01 00:00:00+00:00,filtered_moe,8736,2025-12-31 23:05:00+00:00,2026-01-01 00:00:00+00:00,"[[-0.16608316755623198, -0.07465816900191818, -0.21403355354951048, -0.2753856138245003, -0.38233597774581374], [1.591172217070998, 1.1275094824567307, 1.514726726523119, 0.8311479975500394, 1.6677811073614686], [-1.3761005554662553, -1.0600417369371173, -1.3371099783795353, 0.6014104292489318, -0.18027866662005904], [0.71131284569024, 0.4980199183720284, 0.7820553090407028, -0.2790266170559255, 0.16811293829403928]]","[[0.7992295852898571, 0.0043335681687154326, 0.06474203623391209, 0.1316948103075152], [0.019942110751328308, 0.761384313290363, 0.005195158253473696, 0.21347841770483494], [0.1323464043590208, 0.003797536635298585, 0.8618670547296854, 0.0019890042759952145], [0.197318614671237, 0.06853419438975239, 0.0011579063325017304, 0.7329892846065089]]","[[0.1114713919171183, 0.12520837829461057, 0.1443043790566958, 0.10995105409979747, 0.30841153985694114, 0.09918501903682904, 0.10146823773800773], [0.08971749643260171, 0.20573914305993837, 0.2938574153409407, 0.17300297922833008, 0.04593143985919144, 0.13276399367580705, 0.05898753240319057], [0.15751654580509483, 0.1775341498104948, 0.1869045670483803, 0.14126610477047016, 0.08915221983483651, 0.16895377801286937, 0.0786726347178541], [0.12000907756611975, 0.16419445342425412, 0.23594360924436752, 0.1428947504526691, 0.13159079197213075, 0.1109017517524717, 0.09446556558798715]]",
BTCUSDT,2026-04-01 00:00:00+00:00,filtered_moe,8736,2026-03-31 23:05:00+00:00,2026-04-01 00:00:00+00:00,"[[0.5228023974535947, 0.34943261555024585, 0.54757049106228, -0.14358212324674746, 0.16045431213258513], [-1.4004745083689754, -1.1586981543640935, -1.3148315398132888, 0.8186924289760138, -0.0766782337210973], [1.7714810297140051, 1.2536098837261007, 1.7749295136538812, 0.23837962324390857, 1.1484009841570402], [-0.40477537653616585, -0.17352816869775348, -0.47938783663581097, -0.3220049398179125, -0.48921275637421385]]","[[0.8155271642678661, 0.0030140150600464605, 0.04298258582022783, 0.13847623485185948], [0.01055799670509871, 0.8181547838147828, 0.0006443092986821777, 0.17064291018143635], [0.17489887064213505, 0.001145458818487682, 0.8225842688862866, 0.0013714016530906989], [0.16529473548101806, 0.0935516876625723, 0.0004506804116114751, 0.7407028964447983]]","[[0.12531437280875324, 0.1447583244562466, 0.21758198801804587, 0.130226796497737, 0.17933910377365694, 0.10844517102515054, 0.09433424342040975], [0.14966562177387716, 0.17429985043478952, 0.2027563223551504, 0.13483145177915407, 0.08649033389679094, 0.1774102875703762, 0.07454613218986166], [0.09526565284443918, 0.22026614897569932, 0.2763724440580008, 0.18674556097382197, 0.038667617990795544, 0.12550245950904554, 0.057180115648197694], [0.12399369812796733, 0.14391641826036125, 0.17361085722712688, 0.12518272958447113, 0.22795677109709087, 0.1091478700283952, 0.09619165567458746]]",
BTCUSDT,2026-07-01 00:00:00+00:00,filtered_moe,8736,2026-06-30 23:05:00+00:00,2026-07-01 00:00:00+00:00,"[[-1.6335685970804534, -1.438447562678134, -1.4108548183870107, 1.3340286892840538, 0.014005486940584566], [-0.5488646248775502, -0.301682059735805, -0.6483364776543142, -0.2030745572596255, -0.3989962875465931], [0.5430589484571293, 0.3450485324607041, 0.5643059483343379, -0.28123793534372366, -0.016944947684271832], [1.5183746655959425, 1.2354765259899174, 1.551884784123254, 0.45296227894351226, 1.4981930649388957]]","[[0.7943740949894005, 0.19678196878699186, 0.007528231674417508, 0.0013157045491901794], [0.06077759816618201, 0.8035853975365758, 0.1347997135370534, 0.0008372907601887934], [0.0016269747767474036, 0.11729987962863674, 0.8257616775086605, 0.05531146808595541], [0.0013622726587337916, 0.002101332011434182, 0.2226898569041542, 0.7738465384256779]]","[[0.16615833672904426, 0.19643515534267508, 0.21575702293586416, 0.1341131977010443, 0.043113864901013176, 0.19686349867303488, 0.047558923717324036], [0.14410193868363222, 0.15780026765817018, 0.18877886074199146, 0.13701095877116998, 0.15377306821105868, 0.1284097937371035, 0.09012511219687389], [0.11005542191828914, 0.12917300344515736, 0.2128037947872425, 0.11778165233540905, 0.22686209505506674, 0.106388295840859, 0.09693573661797614], [0.09848491798790492, 0.21872282641870222, 0.2691625484816347, 0.185220722739003, 0.04591826346040645, 0.12278129383524353, 0.05970942707710515]]",
DOGEUSDT,2024-01-01 00:00:00+00:00,filtered_moe,7944,2023-12-31 23:05:00+00:00,2024-01-01 00:00:00+00:00,"[[-1.4093499499746873, -0.9033840317931036, -1.4464496677027898, 0.3684826083648335, -0.2922636878695572], [-0.15292043938683234, -0.20513513546973983, -0.12477698409960827, -0.4288448495941543, -0.35914341839855146], [2.164003520063987, 1.6945740924748427, 1.7866194583695547, 1.888032982407992, 2.740226204367717], [0.8333937573204908, 0.6901422562546211, 0.8718268462300163, 0.26855735117678603, 0.4065678145041387]]","[[0.793510194786858, 0.19870516056921952, 0.0008551834574489864, 0.0069294611864735185], [0.061861961620938016, 0.8510454124510716, 0.0007272558702909086, 0.08636537005769952], [0.002381718079951157, 0.0024569667689205627, 0.8299042655565393, 0.16525704959458895], [0.004840263066635223, 0.17119669984211555, 0.03129273318271907, 0.7926703039085301]]","[[NaN, NaN, NaN, NaN, NaN, NaN, NaN], [NaN, NaN, NaN, NaN, NaN, NaN, NaN], [NaN, NaN, NaN, NaN, NaN, NaN, NaN], [NaN, NaN, NaN, NaN, NaN, NaN, NaN]]",
DOGEUSDT,2024-04-01 00:00:00+00:00,filtered_moe,8736,2024-03-31 23:05:00+00:00,2024-04-01 00:00:00+00:00,"[[0.7269384683070366, 0.5892982400098339, 0.8028091945548662, 0.21944299654107072, 0.2695108033340003], [2.08230449552668, 1.8004190654943146, 1.6782653383100934, 1.8576161339683617, 2.4796622107701505], [-0.292384394255199, -0.29869240323109036, -0.2700170279081951, -0.4221660663531625, -0.3642166948513582], [-1.575566383042344, -1.0520521276030201, -1.639235187026469, 0.41001658287421433, -0.3339755550351264]]","[[0.8001624610890811, 0.03192699365204089, 0.1651824534664039, 0.0027280917924740744], [0.13471387637205687, 0.8619878738528238, 0.0016803930043361893, 0.0016178567707832707], [0.08751531805680636, 0.0006077327344700516, 0.8628955624978398, 0.048981386710883826], [0.006425138937297656, 0.0010295500083577036, 0.2261919301699188, 0.766353380884426]]","[[0.10444952952315979, 0.18120335622789363, 0.2640579132984039, 0.14649836142313472, 0.10371787502006793, 0.11441745741893877, 0.08565550708840121], [0.07404045967597074, 0.23939487397687553, 0.3079531618317, 0.184728379864092, 0.02204472485976434, 0.13219851369329488, 0.03963988609830246], [0.10248232741049894, 0.11604096756294974, 0.15779801420438516, 0.1030739946173708, 0.32376599522678534, 0.09462552998052334, 0.10221317099748682], [0.13338039901392168, 0.178988575437813, 0.22740113983544166, 0.14750422843166086, 0.07846930795691658, 0.1535776844044918, 0.08067866491975469]]",
DOGEUSDT,2024-07-01 00:00:00+00:00,filtered_moe,8736,2024-06-30 23:05:00+00:00,2024-07-01 00:00:00+00:00,"[[2.059843424209329, 1.6853827298959643, 1.7148161908829473, 1.7613222619143012, 2.289836402536865], [-0.23014451513409268, -0.2048969657264313, -0.20781245789049066, -0.48736741443009846, -0.3900668894391223], [0.7459644141619103, 0.5930698136614342, 0.8176108210769413, 0.24774014144816317, 0.33506546241123264], [-1.333241709703226, -1.0142579650061878, -1.3762372224554829, 0.36603472985963803, -0.26544554510033486]]","[[0.8430845887113446, 0.0016937241352972233, 0.15362705243272193, 0.001594634720636131], [0.0004699652872925134, 0.8475098650635697, 0.0862031514242825, 0.06581701822485518], [0.04029859713452731, 0.16455084754912488, 0.7876263222857036, 0.007524233030644102], [0.0007259889235400824, 0.21381818608138978, 0.013130362467419023, 0.7723254625276511]]","[[0.07912819251370043, 0.24001138739397046, 0.30161138695214906, 0.18321763497819774, 0.022627934798348626, 0.13239679020452694, 0.0410066731591068], [0.10084749833051539, 0.11991672161355091, 0.1577897392649567, 0.10281015186563654, 0.3256380450646565, 0.09161941797645876, 0.1013784258842253], [0.11152355477902709, 0.17547711059130303, 0.2571368813185179, 0.15049115008752734, 0.10779338591923775, 0.11000099994853048, 0.08757691735585639], [0.14935959104663293, 0.16296173500235733, 0.2130063046645937, 0.14501348561161362, 0.08274060040920983, 0.1679894903659481, 0.0789287928996445]]",
DOGEUSDT,2024-10-01 00:00:00+00:00,filtered_moe,8736,2024-09-30 23:05:00+00:00,2024-10-01 00:00:00+00:00,"[[-1.4739060711933456, -1.1484747763963374, -1.4897527161714499, 0.6628733372560112, -0.1761036929211184], [1.947662376063525, 1.5724620281531152, 1.6672567405490022, 1.4801525378215814, 1.8490299283655705], [-0.3363582365755285, -0.25979365148787703, -0.3422517682978099, -0.4594336111348876, -0.4024450929772346], [0.6595063078598195, 0.4941846668476382, 0.7520577582697283, 0.05362550473920658, 0.23219821454663145]]","[[0.7941286670359077, 0.0008761192385607135, 0.19230400464319325, 0.012691209082338454], [0.001303817180451531, 0.8456313960723486, 0.0013958991838262148, 0.15166888756337366], [0.05100992349926573, 0.0002654265007791792, 0.8527181181411996, 0.0960065318587556], [0.005332240390905127, 0.043331690966710676, 0.15435592453896418, 0.79698014410342]]","[[0.1504316808733634, 0.16111370997770805, 0.19981975098039326, 0.13835643559527416, 0.08736311395739892, 0.18731865197257191, 0.07559665664329036], [0.081390504435264, 0.24201386594292726, 0.29804363728849237, 0.1843442414819721, 0.02090351776699233, 0.13391878508737542, 0.039385447996976526], [0.10567133227605001, 0.118552106221621, 0.1704004617402613, 0.11124013929962241, 0.2966206883715935, 0.09821981393042664, 0.09929545816042502], [0.1148054886460186, 0.1743889008981649, 0.2494920452026868, 0.1524129209648839, 0.11141003927543891, 0.1100995144173871, 0.08739109059541982]]",
DOGEUSDT,2025-01-01 00:00:00+00:00,filtered_moe,8736,2024-12-31 23:05:00+00:00,2025-01-01 00:00:00+00:00,"[[-0.29664181194844697, -0.22344994260630033, -0.3133794075634698, -0.471976448166873, -0.42951943283660377], [0.623679833599988, 0.42407931159940265, 0.7360866774544124, -0.02206269024839052, 0.2148645112144832], [2.0027962223552906, 1.6482952102969008, 1.7206181147614377, 1.575106331835146, 1.9396881830764008], [-1.4362391558523124, -1.0692858518351012, -1.4477126629427182, 0.8283914035157762, -0.05678275317163266]]","[[0.8484820661103475, 0.10573494019089487, 0.00026794691213747094, 0.04551504678662011], [0.18861917782035567, 0.7641242075550019, 0.040350223564122496, 0.006906391060519798], [0.001377542651686409, 0.13019300736984463, 0.8670999767008407, 0.0013294732776282867], [0.16903171235254852, 0.015339542104878466, 0.0009467609305956416, 0.8146819846119774]]","[[0.1098098129696045, 0.12860166221466343, 0.17393681659163363, 0.11434063583829732, 0.27636769362699865, 0.09839323609334519, 0.09855014266545727], [0.12492390381889622, 0.17421001356688215, 0.24828824012521938, 0.16009972964525904, 0.09966855040821157, 0.10823735906953595, 0.08457220336599558], [0.10119332710772046, 0.22909625621096477, 0.2994586266201742, 0.1926644883766782, 0.016152219461795084, 0.12732459818223457, 0.03411048404043255], [0.15913072274742007, 0.15731636946761562, 0.18953972004232442, 0.135450497367005, 0.09079885339828794, 0.19253748864879403, 0.07522634832855289]]",
DOGEUSDT,2025-04-01 00:00:00+00:00,filtered_moe,8736,2025-03-31 23:05:00+00:00,2025-04-01 00:00:00+00:00,"[[-0.1932315053937218, -0.1827529077372065, -0.21715391926063546, -0.46011811457857454, -0.39272689890845947], [-1.3846148859622351, -0.8743604564570083, -1.358322025660648, 0.9995151263475717, 0.05001502307062492], [2.076485169679329, 1.6138001319303592, 1.8645233802425338, 1.261256559469801, 1.7965451870455083], [0.7303732318429548, 0.5025496768935944, 0.8309799379059594, -0.04273781292003142, 0.29321499163057635]]","[[0.8641947673824798, 0.04387612670873654, 0.0003174580779116477, 0.09161164783087197], [0.1415765646524181, 0.8457029831253484, 0.0006958716253713801, 0.012024580596862008], [0.001552220423588216, 0.0014380066054902408, 0.8491151866548678, 0.14789458631605368], [0.2062988539923264, 0.008612458767652098, 0.05015907535243146, 0.73492961188759]]","[[0.11983658603736226, 0.13876156308999382, 0.16903439940576537, 0.1225504064710476, 0.25077201089318474, 0.10202008670667895, 0.09702494739596725], [0.16175486436572023, 0.17010370791548302, 0.19666639909261227, 0.13586884108978095, 0.07826335846203039, 0.18565169906733733, 0.07169113000703599], [0.10103395170364828, 0.20636875931595264, 0.3082872904914385, 0.19217084773522364, 0.024025888819236375, 0.1261005056009559, 0.04201275633354476], [0.13530985740828658, 0.17576734061928298, 0.2376988073448288, 0.16043617253333758, 0.09786011137204283, 0.10908324867907494, 0.08384446204314616]]",
DOGEUSDT,2025-07-01 00:00:00+00:00,filtered_moe,8736,2025-06-30 23:05:00+00:00,2025-07-01 00:00:00+00:00,"[[-1.4779456351001583, -0.9581411293789461, -1.4537891681862323, 1.0448188842943997, 0.05448273442897092], [0.5578881625465979, 0.35253941746936357, 0.6578526843946108, -0.16316530721945996, 0.09847923538015026], [-0.2934625039095308, -0.2392808474012409, -0.3298079134049151, -0.4298975614171471, -0.39636686265935883], [1.9707723823103118, 1.5624817473405, 1.7996798350054282, 1.2268867331023232, 1.6839564810323093]]","[[0.846895717016773, 0.009035230424848028, 0.14324313881791692, 0.0008259137404619315], [0.004258257099753406, 0.7418336218906669, 0.21300781290850743, 0.040900308101072334], [0.04207855712136469, 0.12907569897216917, 0.8284624209326169, 0.0003833229738493796], [0.0011918769199386957, 0.12470336288503063, 0.0013148986895209422, 0.8727898615055096]]","[[0.16338070148589226, 0.1624855902338595, 0.18540102616001972, 0.13679647655758842, 0.08518639696248587, 0.19293891275801403, 0.07381089584214033], [0.13542156756661297, 0.16897260568814385, 0.22548396761142253, 0.1545487557156006, 0.12100840105783434, 0.10648079309095271, 0.08808390926943312], [0.12544042941300323, 0.13115841914175524, 0.17148589243727355, 0.12370037336329028, 0.24654991215934755, 0.10681059291167871, 0.09485438057365138], [0.10103645014678098, 0.21692184148083798, 0.3048501961430472, 0.1945118594748211, 0.017200783823318085, 0.1308522776184339, 0.03462659131276076]]",
DOGEUSDT,2025-10-01 00:00:00+00:00,filtered_moe,8736,2025-09-30 23:05:00+00:00,2025-10-01 00:00:00+00:00,"[[-1.316499415580117, -0.7985904922954455, -1.331969768802923, 0.661181489740191, -0.1383506649816383], [-0.16779457035520864, -0.2446640390100069, -0.15998531900785137, -0.4914712412011073, -0.37194284583426795], [0.7979777160430557, 0.7578340003525805, 0.8675419512313761, 0.29056147416731487, 0.427285027475574], [2.223024481211605, 1.6771647669569327, 1.9774861994583877, 1.4833177567149234, 2.0094756538988534]]","[[0.8194910215614171, 0.17296476438251987, 0.006893934162395312, 0.000650279893667796], [0.05417705625887532, 0.8762469647113013, 0.06935231517914407, 0.0002236638506794331], [0.00537588139867366, 0.18410720549578902, 0.7599770430080915, 0.05053987009744564], [0.0015422432102587247, 0.0016094039482182371, 0.14447193314232787, 0.8523764196991952]]","[[0.1515104559131138, 0.1725549234497689, 0.19406420068959035, 0.13732399054002103, 0.09485825914308754, 0.16651399765999556, 0.08317417260442292], [0.12008920766270557, 0.1263499563418384, 0.17328601934328963, 0.11764105184960419, 0.2624857528921213, 0.1022303855530471, 0.09791762635739382], [0.14047244904591727, 0.19300443533034856, 0.2608190863838388, 0.18271957876338552, 0.04652486340914529, 0.11513064302400486, 0.061328944043359736], [0.0951808691443088, 0.22102317118435422, 0.3067012519546802, 0.19767852203694786, 0.015518375437658728, 0.1317009565842942, 0.03219685365775613]]",
DOGEUSDT,2026-01-01 00:00:00+00:00,filtered_moe,8736,2025-12-31 23:05:00+00:00,2026-01-01 00:00:00+00:00,"[[-0.40361123981084773, -0.31904745323103806, -0.45298901525589425, -0.3974310203080208, -0.392483105895117], [1.7825001002174343, 1.505453017016805, 1.6679234706774928, 0.870229678896332, 1.3722370242536046], [-1.3476351904378139, -0.8545585264971789, -1.3085467508835116, 0.9374689815865251, -0.0788093081579295], [0.4936819444006719, 0.2595063076659587, 0.5753228301071368, -0.2503386216396693, 0.03603949260582046]]","[[0.786186564011125, 0.0008056961127288604, 0.07768789428058283, 0.13531984559556337], [0.0014130052990302645, 0.8542111922455856, 0.0012016714235993002, 0.1431741310317848], [0.2013423955083858, 0.001073390915800173, 0.7852284800644985, 0.012355733511315485], [0.16550688016680046, 0.04983477797612499, 0.005108245339599694, 0.7795500965174748]]","[[0.11732935505732058, 0.15413698970318335, 0.1916737139143753, 0.13022665470841374, 0.20085873877569987, 0.11585341115259906, 0.08992113668840805], [0.10632544209639333, 0.2081540744464142, 0.29857037987536567, 0.18672290838599434, 0.026477167199167224, 0.12823983846118978, 0.0455101895354754], [0.1626310777532761, 0.16726550221455305, 0.17545190942164204, 0.1360973552452803, 0.10264989367649625, 0.17312558612431445, 0.08277867556443777], [0.13039158761814798, 0.13115423334625156, 0.1888561184483842, 0.1272596134135101, 0.22392179376888333, 0.09802391024155134, 0.10039274316327156]]",
DOGEUSDT,2026-04-01 00:00:00+00:00,filtered_moe,8736,2026-03-31 23:05:00+00:00,2026-04-01 00:00:00+00:00,"[[-0.47871132022382723, -0.3076213998039464, -0.522777709708863, -0.42826777344723177, -0.4151100128055538], [-1.3592081364899247, -1.0559595265748856, -1.3294736420158444, 0.9658893410781674, -0.08241920516433826], [1.946398484878754, 1.5999979912834243, 1.787192951240113, 0.9567169704719302, 1.5164176926586908], [0.49776026107802995, 0.2868683452897873, 0.5835821985054259, -0.0744929006336317, 0.09089258906482134]]","[[0.8132400635319443, 0.06404028314323114, 0.0003602284724920551, 0.12235942485233246], [0.22218501590408504, 0.7630657380665141, 0.0009445227940088666, 0.013804723235391978], [0.0013303893621824435, 0.0011511908843472364, 0.8486163544375419, 0.14890206531592834], [0.1469633380649778, 0.0041212337925933635, 0.04098612318683658, 0.8079293049555923]]","[[0.11743812945726272, 0.15255364478454708, 0.20276146931730107, 0.12707231830793023, 0.19175974924227168, 0.11725489910324699, 0.09115978978744024], [0.15562139428170743, 0.15738293482302068, 0.17203697370872073, 0.1349165431086921, 0.11719661882167315, 0.17788121061463488, 0.08496432464155107], [0.10785704587142027, 0.2149343137783957, 0.2846136561413872, 0.19015869774456332, 0.02827067678026247, 0.1262222438688415, 0.04794336581512954], [0.13862819135521026, 0.12886241890184247, 0.1922859849162146, 0.12972868964767992, 0.21035063657362954, 0.10173367858750573, 0.09841040001791748]]",
DOGEUSDT,2026-07-01 00:00:00+00:00,filtered_moe,8736,2026-06-30 23:05:00+00:00,2026-07-01 00:00:00+00:00,"[[-1.4725193889301265, -1.1244528555618716, -1.397529533454576, 1.049590874141637, -0.09329530447894131], [1.7816587664962475, 1.5209059804210494, 1.6636913171976502, 0.8394669754759371, 1.4692801259864086], [0.5288294825757106, 0.28256645186874335, 0.6055529132472655, -0.07704238776181374, 0.06396984715947703], [-0.47653206051151287, -0.30377134185695476, -0.5299244699191491, -0.4183820237205463, -0.4062947055996323]]","[[0.7804982148253408, 0.001067899762409275, 0.010425342363475296, 0.20800854304877456], [0.00112978022620912, 0.8212731344603185, 0.1760064712795386, 0.0015906140339337505], [0.0030978342803041686, 0.05304665918390195, 0.8008508486960134, 0.14300465783978053], [0.055807483854514096, 0.0005118438134117616, 0.11545111998191263, 0.8282295523501615]]","[[0.178053241231653, 0.17599895342005634, 0.1819034830013337, 0.1375512103051689, 0.07716580363782638, 0.18182805725074294, 0.06749925115321867], [0.1109333290851269, 0.20395653401689254, 0.28010202359391423, 0.1910922651181068, 0.037600431609475515, 0.12020509012649164, 0.056110326449992344], [0.12262394654304393, 0.1257248452689117, 0.20387598537626553, 0.12048739160888325, 0.2261384559911131, 0.10409478731617264, 0.09705458789560975], [0.11012646537675713, 0.15498408175088432, 0.1979868252400531, 0.12129021268759138, 0.2077984779302048, 0.11344660503228952, 0.09436733198221978]]",
ETHUSDT,2024-01-01 00:00:00+00:00,filtered_moe,7944,2023-12-31 23:05:00+00:00,2024-01-01 00:00:00+00:00,"[[-1.4504898612971575, -0.975999665804183, -1.485706919724866, 0.46884181900523136, -0.4009307258259092], [1.9086690074109498, 1.458401411590578, 1.740800245573313, 0.9716153503340476, 1.5066401639323954], [0.6659992403086527, 0.423083993222298, 0.7380113666635204, 0.10908803178664853, 0.3716960037662617], [-0.24741084223145765, -0.1867605678098014, -0.24062268829668715, -0.37881569033470325, -0.3478558360271212]]","[[0.8193651718668157, 0.0007973967839107508, 0.006809341661823618, 0.1730280896874501], [0.001393216018522586, 0.8525563221302962, 0.14396500398878712, 0.002085457862394202], [0.00416724156935514, 0.056610350891393886, 0.7445065738693484, 0.19471583366990264], [0.05372425833515913, 0.0007495504909267509, 0.0963836270320858, 0.8491425641418283]]","[[NaN, NaN, NaN, NaN, NaN, NaN, NaN], [NaN, NaN, NaN, NaN, NaN, NaN, NaN], [NaN, NaN, NaN, NaN, NaN, NaN, NaN], [NaN, NaN, NaN, NaN, NaN, NaN, NaN]]",
ETHUSDT,2024-04-01 00:00:00+00:00,filtered_moe,8736,2024-03-31 23:05:00+00:00,2024-04-01 00:00:00+00:00,"[[-0.2293464684042631, -0.19140034466178218, -0.21693654927114434, -0.4442874930668948, -0.37415357827982804], [0.7149476932636263, 0.5037219654200022, 0.7832494092769278, 0.17291426743895758, 0.40815982450598287], [1.8435695430349484, 1.492238842257697, 1.6403555574645454, 1.168296912930751, 1.6040396312626455], [-1.4432330393821173, -1.034117475753842, -1.4737172707365516, 0.4378006174330992, -0.4005315949652395]]","[[0.8565642971426661, 0.0887298368970965, 0.0006475396574431035, 0.05405832630279441], [0.1728597459095517, 0.7578566453676057, 0.06412177722813812, 0.005161831494704422], [0.0019109335286556406, 0.17374485457800967, 0.8230937955411513, 0.001250416352183405], [0.1613553295036461, 0.009062210462159732, 0.0006943800727152917, 0.8288880799614788]]","[[0.10559687165270164, 0.13001653828506282, 0.17224875011751173, 0.1168661417516995, 0.2760454902221121, 0.09743914382575249, 0.1017870641451597], [0.10665239966544014, 0.19349707861524815, 0.26777136494027626, 0.15569784756890617, 0.08385807331917178, 0.11355256800976671, 0.07897066788119078], [0.09260537925974559, 0.23457091584524178, 0.2860143123419547, 0.19695285769456727, 0.022002319141846336, 0.1282519099607469, 0.039602305755897335], [0.14475173638666897, 0.17672947462587504, 0.21252466917412333, 0.1493529013813426, 0.07740178151975641, 0.1588912511822322, 0.0803481857300015]]",
ETHUSDT,2024-07-01 00:00:00+00:00,filtered_moe,8736,2024-06-30 23:05:00+00:00,2024-07-01 00:00:00+00:00,"[[1.9924780870592447, 1.625201780522912, 1.7791600547889406, 1.5558750956339769, 2.001634562755833], [-1.3326167796513282, -0.9268880623057548, -1.367445998866339, 0.4124155559798044, -0.25261232377245146], [-0.17646035028591667, -0.1921206451345843, -0.1569267731316359, -0.45296767703880003, -0.38154202724483227], [0.8024984433166988, 0.6303382989573676, 0.849678949979186, 0.1541253670572735, 0.3804273815217351]]","[[0.8195008918256019, 0.0018682401518190475, 0.0020487557030730843, 0.17658211231950605], [0.0008776763879314674, 0.8310713748412711, 0.15885931072090254, 0.009191638049894847], [0.0006536597741909609, 0.06113583519533368, 0.8500702501866058, 0.08814025484386949], [0.05228491580366784, 0.006019990293454835, 0.17784188064910655, 0.7638532132537708]]","[[0.09274034347556918, 0.22542204839875388, 0.292445217469181, 0.19427195774084094, 0.026728090818580123, 0.12479216339252606, 0.04360017870454886], [0.14034328913709165, 0.1753018901394082, 0.21757096880253127, 0.14419312892280578, 0.08421781046420325, 0.15875531893682604, 0.07961759359713388], [0.10899855846746387, 0.13164239183515533, 0.16200029393260978, 0.11543785251065533, 0.2807366357985949, 0.10013391219951477, 0.1010503552560061], [0.0987026678857266, 0.19653096514703045, 0.2815316648362452, 0.15594931769320952, 0.07443173986703616, 0.12043936614285983, 0.07241427842789214]]",
ETHUSDT,2024-10-01 00:00:00+00:00,filtered_moe,8736,2024-09-30 23:05:00+00:00,2024-10-01 00:00:00+00:00,"[[-0.40825641533922397, -0.27868275805017284, -0.4527465788869264, -0.4268794870827472, -0.465068133454329], [0.4915499980093797, 0.3103988051724233, 0.555172009639069, -0.1829081730901867, 0.10824177377591401], [1.7139274204291524, 1.3853476348144442, 1.5956038114550286, 1.04672366373892, 1.441426957739691], [-1.5324188442350064, -1.1370943476314357, -1.498441088741575, 0.8539996600070279, -0.16798556892860786]]","[[0.7807666889711247, 0.15736218663374724, 0.00040477911628707445, 0.06146634527884097], [0.1541131421628485, 0.7996622099782003, 0.042544921343410674, 0.003679726515540558], [0.001237906676952314, 0.150744263964487, 0.8456300751257544, 0.002387754232806264], [0.15857177406224504, 0.01164733688508557, 0.0019278827468849678, 0.8278530063057844]]","[[0.11060483848356295, 0.1322933280725696, 0.17323485174221426, 0.1224994585254826, 0.2531636375509303, 0.10962114027467065, 0.09858274535056967], [0.10945876515538898, 0.1673332741421684, 0.24244687060957984, 0.14331803863670492, 0.1342568172909556, 0.1159795896308693, 0.08720664453433291], [0.09277936314510772, 0.23803050786430094, 0.28799595424758206, 0.192156129582614, 0.020779466609286843, 0.1297456771355939, 0.038512901415514514], [0.15440394660506251, 0.18691806103945335, 0.19977108930397733, 0.14027804626522958, 0.0682509620165049, 0.1850907895841886, 0.06528710518558375]]",
ETHUSDT,2025-01-01 00:00:00+00:00,filtered_moe,8736,2024-12-31 23:05:00+00:00,2025-01-01 00:00:00+00:00,"[[-1.4853886718672114, -1.0614699152210874, -1.4405428634935724, 0.9555789954443934, -0.07095826443318591], [-0.32796768093112505, -0.2671110243382693, -0.3812017682350445, -0.39941330083297855, -0.4515012275097676], [0.5366585817692555, 0.38557035071818213, 0.6045050471309484, -0.2527370466191006, 0.06302795323076599], [1.7352318474608173, 1.3613815875464597, 1.634171414825432, 0.9725094842054314, 1.6204961408399716]]","[[0.8447690785821339, 0.14422111829215728, 0.00952444017645823, 0.0014853629492506343], [0.059176950045742444, 0.7880087153401233, 0.15220831227301185, 0.0006060223411224416], [0.003947392519692103, 0.16838793408498842, 0.7836350151355008, 0.0440296582598186], [0.001350563574480548, 0.0013883271159161052, 0.1542428051866186, 0.8430183041229847]]","[[0.16473196069109775, 0.18431729953789086, 0.1815032118036753, 0.1400876337008917, 0.0648000051218781, 0.20143450371567811, 0.06312538542888828], [0.11846368417346614, 0.13582174489678597, 0.1531211120812051, 0.1230842072140428, 0.25902728319118984, 0.11204513946721001, 0.09843682897610012], [0.107650533548333, 0.17105889533406607, 0.24794947288508803, 0.1448600216605816, 0.1231954116359569, 0.11915598492258228, 0.08612968001339215], [0.10206804929801662, 0.2424957771515073, 0.27312592933003005, 0.20139529217333335, 0.020044721153957237, 0.12224787717874035, 0.03862235371441515]]",
ETHUSDT,2025-04-01 00:00:00+00:00,filtered_moe,8736,2025-03-31 23:05:00+00:00,2025-04-01 00:00:00+00:00,"[[0.5503458522409167, 0.3969486523167397, 0.6021638149940919, -0.406795874651566, -0.042311504572807364], [-0.31456323499643774, -0.31856741117372556, -0.38431645609066484, -0.22786529656645502, -0.3762576143921763], [1.6814470856454964, 1.3256918517951204, 1.6434883494028651, 0.7748689652014963, 1.6122370159203352], [-1.5136314241802349, -0.9416300392426641, -1.4483183138726823, 1.042774999643573, 0.019337086872039232]]","[[0.7982544179433216, 0.15947376174974998, 0.04076378656846909, 0.0015080337384593366], [0.1589521438460937, 0.7790699788283438, 0.0023281844723247983, 0.0596496928532378], [0.16157294497660832, 0.007401886396206625, 0.825323305219197, 0.005701863407988155], [0.0038696562913058665, 0.13759360708007337, 0.00311629935036522, 0.8554204372782556]]","[[0.11007667025866426, 0.13599203469351426, 0.20434068199109323, 0.12652058812400568, 0.21842909853158457, 0.10470292014972793, 0.09993800625141017], [0.12757900244236514, 0.14338135113816214, 0.14640809977016797, 0.12414650857022841, 0.24439360827679063, 0.1177928993040581, 0.09629853049822762], [0.1001317303569107, 0.2066947174826176, 0.28593220647027767, 0.18606602640681622, 0.04264065880342704, 0.12080946894519046, 0.057725191534760315], [0.16810750209954403, 0.18732412108075863, 0.18352094368537947, 0.14050473185715648, 0.0604563249812681, 0.1995340160411573, 0.06055236025473592]]",
ETHUSDT,2025-07-01 00:00:00+00:00,filtered_moe,8736,2025-06-30 23:05:00+00:00,2025-07-01 00:00:00+00:00,"[[-0.3921232351824324, -0.343338302081834, -0.46528036878974516, -0.20294113121702947, -0.38956595760313245], [0.4748350236963814, 0.32023361282027685, 0.5362023771888738, -0.4132384343822666, -0.09075064142100189], [1.5347053148934982, 1.2262918659886264, 1.4780651694398899, 0.7756839460002222, 1.6011861681570343], [-1.6041325357023406, -1.0304777162573548, -1.5498379271643143, 1.1500447659035142, -0.015439076085267275]]","[[0.7737257375991989, 0.16991196303259867, 0.004055079904895087, 0.05230721946330726], [0.15152687158159403, 0.802523356792744, 0.04498662365747445, 0.0009631479681874913], [0.012207399589542292, 0.16509744994096937, 0.8181780288460402, 0.0045171216234481055], [0.1330921244660973, 0.003186175748471244, 0.00461612461321415, 0.8591055751722174]]","[[0.1327734947484006, 0.14203877657894118, 0.15740505169848856, 0.12705546041641855, 0.22348030957371204, 0.1228715568976708, 0.09437535008636823], [0.11207819520981749, 0.13137704919825283, 0.2024688323771894, 0.12659252367055226, 0.22691303422720197, 0.10022856978530202, 0.10034179553168403], [0.10766466971264925, 0.20634943226365002, 0.28731546304094663, 0.1854628321865005, 0.03703541737286358, 0.12517769653993757, 0.05099448888345251], [0.17220132964541715, 0.17132337834171302, 0.18012344360318785, 0.13817678360858537, 0.06804717453313115, 0.2054665890886677, 0.06466130117929764]]",
ETHUSDT,2025-10-01 00:00:00+00:00,filtered_moe,8736,2025-09-30 23:05:00+00:00,2025-10-01 00:00:00+00:00,"[[-1.3819283434734142, -0.9278384447069457, -1.378502428943706, 0.8206966641002474, -0.1651055074768519], [1.8714987314487277, 1.4683544433433917, 1.71433276655241, 1.0065116756164068, 1.8441820887002218], [0.7232249625887768, 0.5693863356599032, 0.8179256982757271, -0.10207249051381227, 0.2186546682747375], [-0.19867320928906068, -0.21236587466113385, -0.22190818214193908, -0.40778974503552706, -0.3789065975821235]]","[[0.8452181065646935, 0.0018515039118710444, 0.005867781531642961, 0.14706260799179238], [0.0029807930575565093, 0.8160441746852003, 0.17796683452081907, 0.0030081977364241376], [0.0038625464936509163, 0.05796500565954181, 0.757447338343686, 0.1807251095031213], [0.05232641823790623, 0.0010159956270158201, 0.09265114536431936, 0.8540064407707586]]","[[0.16229145729076427, 0.16108417294145277, 0.18187322149534416, 0.13977131564977355, 0.08975938792604014, 0.18577065400023865, 0.07944979069638652], [0.0974714818449136, 0.22453543994512307, 0.30558692108284163, 0.20275612467043025, 0.013734151437953847, 0.12559732568114984, 0.030318555337587767], [0.11803706325063318, 0.1732915491744011, 0.2522664757022148, 0.15692822153093694, 0.09908480818949673, 0.11167683924100566, 0.08871504291131167], [0.11120301160599108, 0.12458919141745936, 0.15501744465790024, 0.11164401841153263, 0.29451771862208936, 0.10154040905631012, 0.10148820622871724]]",
ETHUSDT,2026-01-01 00:00:00+00:00,filtered_moe,8736,2025-12-31 23:05:00+00:00,2026-01-01 00:00:00+00:00,"[[-1.2900633287344878, -0.9350083514919961, -1.265731521317363, 0.8877335713196597, -0.12529612938868642], [1.828740573258041, 1.419474264400836, 1.657315924736575, 1.1590850634907728, 2.0513430502730006], [-0.16138909538314677, -0.1379130370340242, -0.19731971184911645, -0.44723547041252887, -0.3910303619714433], [0.8138670728056924, 0.6038676686635703, 0.9037222382518539, -0.1483518237280404, 0.27686220143784285]]","[[0.8399465003346019, 0.0049072608691908375, 0.14861571293228504, 0.006530525863922136], [0.014117114693044101, 0.7735325521448578, 0.00649264875070344, 0.20585768441139451], [0.06327776794632076, 0.0014196551048074222, 0.8409931670333601, 0.09430940991551177], [0.004163419976419281, 0.04973403633414491, 0.17047690227562085, 0.775625641413815]]","[[0.16625128463010497, 0.16535261935480058, 0.1765453884569464, 0.13920613532722298, 0.09261632959484878, 0.1808200028282293, 0.07920823980784703], [0.09677981942171875, 0.20350068027473178, 0.31930214996821676, 0.1918279902501618, 0.022954667259013305, 0.12878443397146502, 0.03685025885469246], [0.10937562382453823, 0.13194110664396766, 0.16172436390025322, 0.11220600280113567, 0.2861129387628769, 0.0981961561297841, 0.10044380793744415], [0.11902506018035965, 0.16272130680004318, 0.2583612859273639, 0.1502151059050976, 0.10810432206082529, 0.1101011366888597, 0.09147178243745076]]",
ETHUSDT,2026-04-01 00:00:00+00:00,filtered_moe,8736,2026-03-31 23:05:00+00:00,2026-04-01 00:00:00+00:00,"[[0.6653964967456643, 0.43620257185722827, 0.7432609687365028, -0.2268147508886358, 0.0741864868145835], [-1.372964579959876, -1.2027163980599158, -1.28237596025982, 1.1830153745597543, 0.016931889759810394], [-0.3631410569763592, -0.18436342042124546, -0.4314344053074497, -0.41185047252577245, -0.4463529879694869], [1.631868300877848, 1.3139978874910996, 1.5339661207543638, 0.9680139445232515, 1.8944618502422261]]","[[0.7957966890131408, 0.005148142989204308, 0.14889483733569814, 0.05016033066195668], [0.015083769265577548, 0.8128106701776247, 0.16587854751070408, 0.006227013046093693], [0.11055691615283327, 0.05581299203777211, 0.8326169126663046, 0.0010131791430900232], [0.1976760487726712, 0.008680430622772822, 0.003399166080958373, 0.7902443545235976]]","[[0.1255243753213757, 0.15268058617288588, 0.255217468484777, 0.1411974862982106, 0.12696715028524821, 0.1074403725799948, 0.09097256085750778], [0.17589748807141659, 0.16962112450794287, 0.17724224880346498, 0.13837671161680698, 0.07482914473111074, 0.19805242801157863, 0.06598085425767934], [0.11752346839918305, 0.14188223161674274, 0.17319620337549957, 0.11593706850811542, 0.24850179714135492, 0.10242213891520623, 0.10053709204389805], [0.10818458519745128, 0.21637812625041014, 0.2885941669056697, 0.19693673053983268, 0.0250900799365266, 0.12464005556367912, 0.040176255606430504]]",
ETHUSDT,2026-07-01 00:00:00+00:00,filtered_moe,8736,2026-06-30 23:05:00+00:00,2026-07-01 00:00:00+00:00,"[[-1.4656155513536784, -1.2516405019684793, -1.3314213265412576, 1.1414724995052272, -0.04688063005163155], [1.3069689938114442, 1.033919528970652, 1.2933663804547941, 0.8960018968599516, 2.096097289858182], [0.8016910991146478, 0.522358058010816, 0.8632145252104494, -0.2833287489008012, -0.02871475037797156], [-0.3135896470593032, -0.1432908787096278, -0.3936193485076672, -0.3746095671668924, -0.39891545329609795]]","[[0.8177568272017837, 0.011981567470925812, 0.0025521128126992846, 0.16770949251459133], [0.017184808430862165, 0.7719281488045749, 0.1946843332953601, 0.016202709469202683], [0.0010921508503789336, 0.05779581683395012, 0.7941245472152009, 0.14698748510047013], [0.05442538123874561, 0.004291065653113967, 0.09521194049513128, 0.8460716126130091]]","[[0.19270809992774002, 0.18345205148900962, 0.17790254043805886, 0.14115194673374967, 0.0458804557434363, 0.20783523822016556, 0.051069667447839716], [0.10416546811310737, 0.19493458948182557, 0.2843949839391079, 0.17992086551155217, 0.05822776172641522, 0.12042536938216221, 0.057930961845829604], [0.1197837660689047, 0.1581278930441917, 0.2563245343933725, 0.1414350339149089, 0.12471153582549682, 0.1084391442769481, 0.09117809247617717], [0.11469243290729986, 0.14577196227505415, 0.18092551600797052, 0.11742194499231347, 0.23682240141975844, 0.10628571398832184, 0.09808002840928168]]",
LINKUSDT,2024-01-01 00:00:00+00:00,filtered_moe,7944,2023-12-31 23:05:00+00:00,2024-01-01 00:00:00+00:00,"[[-1.2575211624369709, -0.7951617164516158, -1.3176299279251782, 0.21092584227192265, -0.4616976153313032], [0.9460492272961268, 0.7921969266206069, 0.9852313518025598, 0.3323460531205716, 0.5426024704701206], [-0.17710666539307654, -0.23989840898155124, -0.1503516616015811, -0.40378497774228234, -0.2954515059995296], [2.5602667621606785, 1.9611565867082388, 2.054144735628803, 2.6166977709497923, 3.134744916461921]]","[[0.7690518487455923, 0.004733020423000153, 0.22554717514223746, 0.0006679556891701823], [0.004184798503579402, 0.8544604311050835, 0.13014473582530234, 0.011210034566034796], [0.08195643576324146, 0.07379592207225955, 0.8439256352040495, 0.0003220069604494761], [0.004001541772170029, 0.10483444949694551, 0.0040116123052101015, 0.8871523964256743]]","[[NaN, NaN, NaN, NaN, NaN, NaN, NaN], [NaN, NaN, NaN, NaN, NaN, NaN, NaN], [NaN, NaN, NaN, NaN, NaN, NaN, NaN], [NaN, NaN, NaN, NaN, NaN, NaN, NaN]]",
LINKUSDT,2024-04-01 00:00:00+00:00,filtered_moe,8736,2024-03-31 23:05:00+00:00,2024-04-01 00:00:00+00:00,"[[0.8481617951068532, 0.6861707829984922, 0.901934634618413, 0.23163784217191793, 0.4162517234173869], [-0.24552013041079432, -0.26607170784837125, -0.23918943808527565, -0.41200498276834546, -0.32429530135723605], [2.3415448837183193, 1.8576494693369467, 1.9179533368595842, 2.108337095980513, 2.8624353038251016], [-1.4103550737123758, -0.9180669012879279, -1.4488198573572943, 0.4073319791081992, -0.43053666467229856]]","[[0.8386283627383305, 0.141629083249305, 0.017016059242840748, 0.0027264947695237215], [0.087014958856874, 0.8492996431278115, 0.00027058229506700556, 0.06341481572024732], [0.14679111517990673, 0.003518624848198968, 0.8464454439898424, 0.003244815982051797], [0.004548965698344284, 0.20534360118049413, 0.001004830222531344, 0.7891026028986303]]","[[0.10653190750498605, 0.2026178965312174, 0.26654138043280456, 0.15988252354534024, 0.06877865991166375, 0.1208754589110592, 0.0747721731629288], [0.10256672165236554, 0.1314958749867551, 0.1638276722449151, 0.10528270125338988, 0.2952515980981701, 0.10057477169717528, 0.10100066006722898], [0.0862098992024783, 0.23387843129558938, 0.3008904012347452, 0.20074497704359356, 0.0163542563482672, 0.12882052172527994, 0.03310151315004646], [0.13143801058336746, 0.1721643855230136, 0.2504853094797882, 0.13902064820721383, 0.07773410044160617, 0.14725760291622628, 0.08189994284878455]]",
LINKUSDT,2024-07-01 00:00:00+00:00,filtered_moe,8736,2024-06-30 23:05:00+00:00,2024-07-01 00:00:00+00:00,"[[2.4282152471595104, 1.810895825699599, 1.979923473849314, 2.0326508941708887, 2.588310066397573], [-0.3108916069782832, -0.26103577439372916, -0.31703699915895106, -0.38855171783549197, -0.34587072578078787], [-1.3757623320304477, -1.015800958568798, -1.4078109814420434, 0.48365772047164524, -0.324186678230454], [0.8038561120298768, 0.6368367142121212, 0.879774485771149, 0.12525477910253585, 0.3472414213549399]]","[[0.8524417049045047, 0.002714099530480355, 0.00267987958948177, 0.14216431597553336], [0.00025999946585537306, 0.8420900847743746, 0.0682161223930749, 0.0894337933666949], [0.0007835320126408938, 0.22332378760584498, 0.7710517869093683, 0.004840893472145933], [0.01832460545245725, 0.13416943053767388, 0.0022221677662131916, 0.8452837962436557]]","[[0.08817848608881024, 0.23072277909759936, 0.30152129447291454, 0.19475184911090906, 0.019521439377389243, 0.12825703931141, 0.03704711254096759], [0.09987925017362975, 0.13579977512218636, 0.17365912826139754, 0.1090930073769143, 0.2799492918962391, 0.10363997163990907, 0.09797957552972372], [0.13487224261957703, 0.17066453711816765, 0.23966156235232633, 0.1386915881202688, 0.07744454941200578, 0.16171860587936712, 0.07694691449828726], [0.11161798403336196, 0.19882540176924096, 0.2597898180711691, 0.16036793074525252, 0.07775228354074765, 0.11409507718282409, 0.07755150465740374]]",
LINKUSDT,2024-10-01 00:00:00+00:00,filtered_moe,8736,2024-09-30 23:05:00+00:00,2024-10-01 00:00:00+00:00,"[[0.30473504333302415, 0.2125492224563275, 0.3536957804141757, -0.313506060615502, -0.16430195398380704], [1.4073547115667517, 1.153422874709429, 1.3676907991337959, 0.5878595630124104, 1.1709844793019872], [-0.781120380325686, -0.6030927564169021, -0.8383519168959754, -0.143740858125244, -0.36491195570927576], [-1.7917894307419158, -1.406155423814767, -1.6014487258008785, 2.7780674115987907, 0.4690288703515283]]","[[0.8009127564838208, 0.07159782190450979, 0.12681719085271037, 0.0006722307589591077], [0.20786941126619407, 0.7867700980223182, 0.0038558175931466742, 0.0015046731183410943], [0.14912677520213247, 0.0016941515654042795, 0.8335613181744096, 0.015617755058053687], [0.008247073425664097, 0.00747228373228163, 0.14603125524995106, 0.8382493875921032]]","[[0.1179374522936695, 0.1385132914414446, 0.17471809338481292, 0.12697722992488497, 0.24638131972541283, 0.09606749509862304, 0.09940511813115212], [0.10038761351315012, 0.2215978499539923, 0.28781810525751533, 0.18079205051063477, 0.03315056753336764, 0.1262438341512505, 0.050009979080089244], [0.10661290438059691, 0.15630083235225872, 0.22384155381162588, 0.12231627197672396, 0.17323148036230654, 0.12837942883650624, 0.08931752827998186], [0.18806211636734937, 0.15488628310707353, 0.15671144223320782, 0.13490841809120127, 0.06756000630562231, 0.23967586905372987, 0.058195864841815895]]",
LINKUSDT,2025-01-01 00:00:00+00:00,filtered_moe,8736,2024-12-31 23:05:00+00:00,2025-01-01 00:00:00+00:00,"[[-1.7566251041029644, -1.3881195959742227, -1.5652726329447557, 1.9699153468000559, 0.42139065697193806], [0.3134296792611528, 0.20306107263728662, 0.35168144828972775, -0.233980322479237, -0.019782236142246765], [1.5285334087588458, 1.1239713434576368, 1.4928730704453843, 0.38799905925033434, 1.0900161534445385], [-0.7585409306296809, -0.5111212315855154, -0.8163851028156142, -0.1658510928193596, -0.4880948330380606]]","[[0.7982150449866876, 0.0267235111535019, 0.002101228487130237, 0.17296021537268025], [0.002564646019921846, 0.8181285826363083, 0.06247996622219339, 0.11682680512157638], [0.0007579213518755398, 0.18018109400950538, 0.818074853886954, 0.0009861307516650607], [0.027978464372409733, 0.1395052740753917, 0.00044466938355962495, 0.832071592168639]]","[[0.20484462082527768, 0.1431123186593095, 0.14469778398879082, 0.13629351220087918, 0.06965386879262385, 0.24401155447107561, 0.05738634106204339], [0.1138878031620387, 0.1522036792168882, 0.18956950626050548, 0.13180570655481127, 0.2128478324522454, 0.1031609865442755, 0.0965244858092354], [0.10481540423319999, 0.21291278495079355, 0.2724187056279837, 0.1814856110618409, 0.047101384440065903, 0.1160317553445182, 0.0652343543415977], [0.11851130569864377, 0.16814727911427857, 0.21196497590154045, 0.13226628414520958, 0.1514145157224692, 0.12927468565305864, 0.08842095376479966]]",
LINKUSDT,2025-04-01 00:00:00+00:00,filtered_moe,8736,2025-03-31 23:05:00+00:00,2025-04-01 00:00:00+00:00,"[[0.387289528160785, 0.27079883672077987, 0.4368144630337942, -0.24780035217251803, 0.03640004813161413], [-0.6294357261583016, -0.4559045174570305, -0.6882463835028396, -0.21177351084166252, -0.48641991015386726], [-1.6869853133779928, -1.2296366825520395, -1.5366412149004243, 1.5055356989100197, 0.3015987987430127], [1.6050688315874924, 1.1946306745625885, 1.549344355817565, 0.5295140441814519, 1.156539266511873]]","[[0.8107808325653528, 0.1272734537214189, 0.0031334657444388203, 0.05881224796878947], [0.13027235813733662, 0.8293414686388714, 0.03987287999894674, 0.0005132932248452811], [0.020451307128437533, 0.19803373013451508, 0.7800134360118837, 0.0015015267251636613], [0.1751789591520922, 0.0011920078006683015, 0.000839416628333412, 0.822789616418906]]","[[0.1190329832743421, 0.14047966931162933, 0.1876619482578931, 0.12980867323880405, 0.22481882667633096, 0.09938691488538665, 0.09881098435561372], [0.1231689846678847, 0.16925600704477023, 0.20602126372234525, 0.13605665794398827, 0.15033113254195177, 0.12741658721957583, 0.08774936685948402], [0.18893183969668656, 0.15113987955904531, 0.15641961336554297, 0.13505478428218054, 0.07479688754402619, 0.23171625240727892, 0.06194074314523952], [0.10721113072916391, 0.20173398955573865, 0.28060101268092347, 0.1805362985350919, 0.04742945561094773, 0.1172258608828135, 0.06526225200532086]]",
LINKUSDT,2025-07-01 00:00:00+00:00,filtered_moe,8736,2025-06-30 23:05:00+00:00,2025-07-01 00:00:00+00:00,"[[-1.6667578308705497, -1.2466499928892423, -1.5196457056568298, 1.462567435178934, 0.3861782240392364], [0.25070562086531667, 0.16218427350309886, 0.28057348607738136, -0.32668273432719486, -0.07731288933048976], [1.458846053881478, 1.0538508434305915, 1.4223820911672613, 0.4950472361995748, 1.0547946493287204], [-0.7919987121668973, -0.5367401804903135, -0.8438895363003764, -0.1028233726887195, -0.5214525426276643]]","[[0.7226953828830283, 0.02497494486082437, 0.002251235941004584, 0.25007843631514276], [0.0026799708865269463, 0.8244397492794187, 0.060543592928464535, 0.1123366869055899], [0.000718985699192581, 0.1573581870102476, 0.8407890648236517, 0.0011337624669081005], [0.0535231655439928, 0.15665922241904073, 0.0007787917522200325, 0.7890388202847464]]","[[0.19631126520536177, 0.12589576803968897, 0.13166291717876258, 0.1330746009295407, 0.10709078367606283, 0.232208044052825, 0.0737566209177581], [0.11806795089697975, 0.1348965145035317, 0.17744695717463216, 0.12610274526228424, 0.24203710315914806, 0.1028748034891914, 0.09857392551423272], [0.11642327185682516, 0.19221653326539223, 0.2737316455970504, 0.1772791192912601, 0.05596723540671355, 0.11156327140760965, 0.07281892317514885], [0.14121207551083484, 0.17000055300570652, 0.20383161098977895, 0.14411886604585716, 0.11783330249631718, 0.13812945721099631, 0.0848741347405089]]",
LINKUSDT,2025-10-01 00:00:00+00:00,filtered_moe,8736,2025-09-30 23:05:00+00:00,2025-10-01 00:00:00+00:00,"[[-1.4186191130474393, -0.9182406526577133, -1.4396631209535595, 0.46382486788319643, -0.2683305619029638], [-0.4247156062887946, -0.3728454532535594, -0.4433516318697077, -0.36303504831008737, -0.42527841866531696], [1.6535126403178548, 1.260936043484268, 1.5077576628142382, 0.9164891276305073, 1.410171254925877], [0.481522593880645, 0.34636720104938207, 0.5643114982224738, -0.15466736491548125, 0.061726000462882624]]","[[0.7980042693925109, 0.19654541796991779, 0.0008111481639998465, 0.004639164473571667], [0.08418282179854043, 0.7760757560874577, 0.0009995985891744945, 0.1387418235248273], [0.0008922251823238582, 0.0014975258849528252, 0.8241742433010072, 0.17343600563171616], [0.0016176467407412066, 0.1472789402175816, 0.06281327860991177, 0.7882901344317654]]","[[0.15956404277538805, 0.1454339798399601, 0.17622617053433107, 0.1380116650945126, 0.1155996088949393, 0.1733423443388134, 0.0918221885220554], [0.12900473658044215, 0.1353052552617425, 0.17560243102214407, 0.12925725990010467, 0.21848907729470002, 0.11987941714158004, 0.09246182279928647], [0.10376666616681963, 0.21099417013443514, 0.2869958642269823, 0.18335585377721117, 0.037836493769473366, 0.12025685732524337, 0.05679409459983497], [0.10729404204311238, 0.16829124423667893, 0.2245943228256609, 0.13626189531451666, 0.15868684475294897, 0.11046511963857157, 0.09440653118851068]]",
LINKUSDT,2026-01-01 00:00:00+00:00,filtered_moe,8736,2025-12-31 23:05:00+00:00,2026-01-01 00:00:00+00:00,"[[-0.20046044494216386, -0.2074822911606926, -0.21546397907730175, -0.37762700725272086, -0.3314317127084144], [0.7393972444299255, 0.5743892940049997, 0.8211581611924454, -0.10028176182846726, 0.21756707369334177], [-1.3073900016359958, -0.8897649777357768, -1.3097591376468172, 0.5497422239913753, -0.2652046675163962], [1.8229166378203123, 1.3900078545039238, 1.6477112898137418, 0.9993923211717408, 1.7127939740111702]]","[[0.8090556731247331, 0.11145330976073622, 0.0780233476828826, 0.0014676694316479596], [0.18288807908920407, 0.7512004301879872, 0.0012355984399991726, 0.06467589228280951], [0.16999826775039664, 0.0016001738209364255, 0.827603834739363, 0.0007977236893039603], [0.0035129537758461634, 0.20319247083976777, 0.0014266706638944857, 0.7918679047204916]]","[[0.11220528747325055, 0.12940096013257008, 0.16142274402788437, 0.11741325942338561, 0.27513634565194234, 0.10826201164857663, 0.09615939164239033], [0.10783039824885435, 0.16762588578873874, 0.24483343395955445, 0.13787790985336063, 0.13366220899267195, 0.11222743716120835, 0.0959427259956114], [0.1487366393466657, 0.16514579119925688, 0.18959601682558647, 0.13589474221582337, 0.10869683946720396, 0.16274055943571256, 0.08918941150975093], [0.10651191777269933, 0.19020167694304285, 0.2961535983734782, 0.17799558148694805, 0.0480280061392564, 0.11843276540465784, 0.06267645387991727]]",
LINKUSDT,2026-04-01 00:00:00+00:00,filtered_moe,8736,2026-03-31 23:05:00+00:00,2026-04-01 00:00:00+00:00,"[[0.5280101111141213, 0.3141347285836522, 0.5930051377743933, -0.2602397505419898, -0.03891315661631749], [-0.47672025757319086, -0.29982051858982744, -0.5215639437661244, -0.32923981195608, -0.3806004288487357], [-1.4502123490548917, -1.1574285375697368, -1.4042435047938024, 0.9927180882037852, -0.1425312824946113], [1.537216833936478, 1.2739903851034422, 1.4470216151044186, 0.6742443339134536, 1.4058309811943603]]","[[0.7804481183014252, 0.14401317118676818, 0.0016690715841369689, 0.07386963892766961], [0.12850190846239107, 0.7996178816605457, 0.07010943675542622, 0.001770773121637106], [0.004792764034794765, 0.194904040794009, 0.7983124931673978, 0.001990702003798354], [0.20112528153820627, 0.002841489157369403, 0.001487332514795957, 0.7945458967896283]]","[[0.1088770749510725, 0.1452378863585143, 0.2054399551516545, 0.12056567434065127, 0.21627560811364877, 0.10406161087125661, 0.0995421902132019], [0.12184326653898803, 0.14238243985176888, 0.20432811558945999, 0.12385961469457345, 0.19792095060001888, 0.11936186527899462, 0.09030374744619622], [0.16157250052422706, 0.15377555062617462, 0.18309165417729403, 0.13756006621826716, 0.10675499806394384, 0.17261191559771605, 0.08463331479237747], [0.11317593109387036, 0.1924588561716615, 0.2776442658433279, 0.17305283308139907, 0.05990320647991677, 0.11254433363193266, 0.07122057369789181]]",
LINKUSDT,2026-07-01 00:00:00+00:00,filtered_moe,8736,2026-06-30 23:05:00+00:00,2026-07-01 00:00:00+00:00,"[[-1.4686386202142758, -1.1540951585430774, -1.4218099549823429, 0.9301028344617015, -0.19322079140371812], [1.6444097432867983, 1.4488611780897414, 1.5318035268169432, 0.8371641767893652, 1.6573132927386103], [-0.3340867760939564, -0.2029732545253249, -0.3714000073476411, -0.3609659151747027, -0.3526257225578397], [0.7236507142845311, 0.4271973557661427, 0.7947938424971129, -0.16071327216688186, 0.11384189774116132]]","[[0.8224278923719156, 0.0012999300835811653, 0.17381011370982394, 0.0024620638346791925], [0.001779521069923544, 0.7704312044848296, 0.005346270669689179, 0.22244300377555762], [0.05667673541203304, 0.001922585998456451, 0.8413596222541238, 0.10004105633538676], [0.0011534745112079204, 0.07041017681649946, 0.1547960933649347, 0.7736402553073579]]","[[0.17188676947695425, 0.1705439825993511, 0.1994120976381686, 0.1338909034796691, 0.07917158368131973, 0.17231180476816985, 0.0727828583563674], [0.10578142990991816, 0.18935012198016674, 0.2811827533885943, 0.17601687606316113, 0.06406792344545913, 0.11232569916389416, 0.07127519604880643], [0.10590757323972122, 0.13744019435926833, 0.1844324582322192, 0.11080904995455584, 0.25429806424482904, 0.1117448990304463, 0.09536776093895995], [0.10149851062059664, 0.151041329824408, 0.24547628065092825, 0.1234427351038824, 0.1701253904577097, 0.11359804431440931, 0.09481770902806565]]",
LTCUSDT,2024-01-01 00:00:00+00:00,filtered_moe,7944,2023-12-31 23:05:00+00:00,2024-01-01 00:00:00+00:00,"[[-1.6343158112408411, -1.127419967234991, -1.5976683340036448, 0.8042849087650797, -0.39542536813547646], [0.6671388700055889, 0.5733483364541382, 0.7375873555282059, 0.05929188042559821, 0.2923738979359462], [-0.25324954983915965, -0.23195278783673356, -0.27774018085581265, -0.3937593413050703, -0.3348381277518416], [1.8462549385018496, 1.2281059948438946, 1.6941035935021522, 0.9306535032977412, 1.6092155014569067]]","[[0.8311209899105559, 0.0030016067143652683, 0.16494136348294972, 0.0009360398921290433], [0.0014618582293887037, 0.7587938981445133, 0.1852348819129953, 0.05450936171310281], [0.043308258337052964, 0.10380533407848494, 0.852239041088894, 0.000647366495567951], [0.0014475855211970013, 0.18218885323401018, 0.002411550715500185, 0.8139520105292927]]","[[NaN, NaN, NaN, NaN, NaN, NaN, NaN], [NaN, NaN, NaN, NaN, NaN, NaN, NaN], [NaN, NaN, NaN, NaN, NaN, NaN, NaN], [NaN, NaN, NaN, NaN, NaN, NaN, NaN]]",
LTCUSDT,2024-04-01 00:00:00+00:00,filtered_moe,8736,2024-03-31 23:05:00+00:00,2024-04-01 00:00:00+00:00,"[[0.7031151164820012, 0.4929602349287734, 0.7900161258706371, 0.0597194461654986, 0.24005794512883846], [-1.5219052977232863, -0.9167577517605262, -1.5256587650025564, 0.5414603655698443, -0.37834789410376046], [1.8233797947176655, 1.5161665584505992, 1.5834639899040657, 1.173396892535254, 1.842174060955771], [-0.20976841363058368, -0.23583941447123763, -0.2165266802076286, -0.40168569782742103, -0.33621505349677266]]","[[0.7608322639958676, 0.0026929184638554665, 0.05046400310882443, 0.1860108144314526], [0.0046179987699044005, 0.8133777850430408, 0.0007816684729429764, 0.18122254771411175], [0.16056824407527256, 0.0013786565035372469, 0.8359863498411353, 0.0020667495800549456], [0.10244795417923991, 0.05745342513716731, 0.0006175821367048716, 0.8394810385468879]]","[[0.12463857728181321, 0.17068343200312464, 0.21974011029457072, 0.149109846525004, 0.1329559310834989, 0.10253446515761293, 0.10033763765437562], [0.14806040006477691, 0.18354924832699737, 0.22851072794759777, 0.1503305371560655, 0.06381203344467536, 0.1508180658335775, 0.0749189872263095], [0.07962793690585171, 0.24242523899594534, 0.29078935941183554, 0.19060158370342897, 0.022403541581492388, 0.1338920051839902, 0.04026033421745586], [0.10549734299879203, 0.12394012859411416, 0.15061992317704195, 0.10588020283699595, 0.3134622391038772, 0.09663025499976594, 0.1039699082894129]]",
LTCUSDT,2024-07-01 00:00:00+00:00,filtered_moe,8736,2024-06-30 23:05:00+00:00,2024-07-01 00:00:00+00:00,"[[1.739503554900116, 1.6087739522996987, 1.4817726380672183, 1.3409530072338276, 1.822167590028346], [-1.4815829763971917, -0.8239314387049033, -1.4880247523493495, 0.5703601456910847, -0.2939225037477997], [-0.1796221119298194, -0.22663469156880625, -0.18815743802361617, -0.34810051058901675, -0.32274771078529263], [0.7655341977004337, 0.4749749229779835, 0.8616228114157012, -0.10708643398887699, 0.2362559298070689]]","[[0.8097562509611047, 0.004786664904119684, 0.0041102583434020745, 0.1813468257913736], [0.0024826393602111647, 0.8082241335517849, 0.18683514469010173, 0.0024580823979022076], [0.0009675880185913834, 0.06336052508780494, 0.8316526326975252, 0.10401925419607848], [0.05408082688535285, 0.0018286789531077484, 0.19379549441005842, 0.7502949997514811]]","[[0.08687520511228092, 0.22107219736994213, 0.2827463454101245, 0.18555861699276788, 0.042374630503586766, 0.12301310187813475, 0.05835990273316303], [0.14971937172466437, 0.17565799708845095, 0.22982879274694765, 0.14329874605991869, 0.06735995153546004, 0.1579630009421603, 0.07617213990239809], [0.0979397691438765, 0.11969275320099394, 0.14762121819031643, 0.0994068414899845, 0.3372288474485719, 0.09641997872919193, 0.10169059179706473], [0.1221050939475525, 0.16264238066014, 0.21300493091569236, 0.14470574816595289, 0.15362377376691788, 0.1018770368254343, 0.10204103571831]]",
LTCUSDT,2024-10-01 00:00:00+00:00,filtered_moe,8736,2024-09-30 23:05:00+00:00,2024-10-01 00:00:00+00:00,"[[0.3964582255572558, 0.15253083305807796, 0.44655872930296564, -0.38117136789078876, -0.12225368531702047], [1.4055298184194465, 1.188528032884535, 1.2923179246978322, 0.8777881625760826, 1.399728002385993], [-0.7768750798087101, -0.4257969765908397, -0.841925801799062, -0.004435046800976895, -0.34003649926881496], [-2.113491862598214, -1.4542761449095818, -1.9635069441465198, 1.514843848750913, 0.040266203112087895]]","[[0.8504555704277287, 0.051498940273512525, 0.09774432084965003, 0.00030116844910874557], [0.21154066205080954, 0.7824948170099209, 0.004415302171560461, 0.0015492187677093004], [0.1555430610792829, 0.001817312514367383, 0.8053557765906919, 0.03728384981565787], [0.0023623446972537206, 0.003220750866754199, 0.179777237296216, 0.8146396671397761]]","[[0.11370572727731823, 0.14433812503379245, 0.16838506319584418, 0.12641268148246226, 0.24698355729417362, 0.10093532764324833, 0.09923951807316099], [0.09716558568866153, 0.2040095505244286, 0.26640575459635185, 0.1809112682552113, 0.06130673582095344, 0.11860678337268465, 0.07159432174170878], [0.11364634156725803, 0.1367401500727986, 0.19449004925174962, 0.11437581889813014, 0.22524986705459607, 0.11372804980016583, 0.10176972335530168], [0.1668038815953541, 0.18256218378224842, 0.18668294303270824, 0.1406826054744489, 0.0590124160426988, 0.203957790800585, 0.06029817927195673]]",
LTCUSDT,2025-01-01 00:00:00+00:00,filtered_moe,8736,2024-12-31 23:05:00+00:00,2025-01-01 00:00:00+00:00,"[[1.4407773254513674, 1.213274575139803, 1.2698180073051089, 1.1718644638684839, 1.6353249975327546], [-1.7209097993007563, -1.1305020320835912, -1.6535213993074105, 0.9801089900425661, -0.04525602809810119], [-0.461558055846452, -0.23741445632152608, -0.5256119261558633, -0.2066632447477628, -0.3623853444634912], [0.5714466086616182, 0.2391675766320177, 0.6589087984648219, -0.4252556867858392, -0.08947813195504632]]","[[0.8229833335748342, 0.002272935155227993, 0.008382377659858851, 0.16636135361007892], [0.002125479337140404, 0.8339620438859202, 0.16246552416044344, 0.0014469526164959418], [0.0032160853421347576, 0.05469814928792276, 0.8044437840546321, 0.13764198131531025], [0.04556085161472162, 0.00035682845805152337, 0.1274271664944433, 0.8266551534327835]]","[[0.09055441430572739, 0.21541576966449735, 0.28285384722008544, 0.17718894611988484, 0.046924782527079816, 0.12480374799489424, 0.06225849216783092], [0.16654497705791935, 0.1620317365542296, 0.18144166057306127, 0.1327525482665537, 0.08968344914002187, 0.19110949611693953, 0.07643613229127476], [0.11237337947289924, 0.13543183128819908, 0.16287745920506913, 0.11135747679544641, 0.2724510365356935, 0.10454754021774601, 0.1009612764849467], [0.121835109149423, 0.17072661643945491, 0.19173450345968307, 0.1448237348701581, 0.16696526462045458, 0.10763010917393702, 0.09628466228688945]]",
LTCUSDT,2025-04-01 00:00:00+00:00,filtered_moe,8736,2025-03-31 23:05:00+00:00,2025-04-01 00:00:00+00:00,"[[0.6295158424965673, 0.3483175304119749, 0.702249583284383, -0.35816709139938313, 0.0010242836222492057], [-1.5969042766804045, -0.9946015873659001, -1.5282857110441714, 1.0192767482426037, 0.031188933335711783], [1.5919951935163816, 1.2913488719058661, 1.424113992882293, 1.2465445433669144, 1.8087052029097008], [-0.3793090265204807, -0.2534717790528736, -0.44389707005503465, -0.2649239223552962, -0.379656788354696]]","[[0.8217959174405786, 0.0006186279877303083, 0.037664031511526044, 0.13992142306016503], [0.001929016398097743, 0.8274084150912886, 0.002867656886271157, 0.16779491162434232], [0.18367145765413828, 0.005529545590518139, 0.8028008490946041, 0.007998147660739417], [0.14517757360534633, 0.0640800314003648, 0.0024739897442718384, 0.788268405250017]]","[[0.12450290802805798, 0.16046914495973041, 0.19905974369329732, 0.14192734520261863, 0.17041993095633087, 0.10701969355093299, 0.09660123360903172], [0.16771958379679613, 0.156908379573723, 0.17759727848127094, 0.12807574712417763, 0.09848129825369432, 0.1908762596139486, 0.08034145315638928], [0.10376039636810659, 0.20039520730264346, 0.27246381299599876, 0.1806269154267597, 0.056300590938183306, 0.11673245725919532, 0.06972061970911288], [0.11960985287727519, 0.13602152173078774, 0.1677138239554488, 0.11761841852782627, 0.25383589077245783, 0.10733947054876047, 0.09786102158744371]]",
LTCUSDT,2025-07-01 00:00:00+00:00,filtered_moe,8736,2025-06-30 23:05:00+00:00,2025-07-01 00:00:00+00:00,"[[-0.37000136257093486, -0.24892028919323322, -0.43078697549407236, -0.25211358857535215, -0.35541576801850283], [1.6076966359736877, 1.2064911384959252, 1.4421599367204538, 1.2347637658263364, 1.7679475179606843], [0.6345229240759486, 0.3791857516277189, 0.7058751203993775, -0.33922219611691595, -0.004695814537079753], [-1.600877414792866, -1.0214089793370071, -1.5350802921642603, 0.9354931817032799, -0.007575193365164197]]","[[0.7955183746881044, 0.0026530411567156085, 0.1386022554735325, 0.06322632868164749], [0.008039493349977412, 0.8067492485028286, 0.1813095795015777, 0.00390167864561618], [0.13870926051913235, 0.0376954247912977, 0.8229240361178084, 0.0006712785717616162], [0.1704186942598104, 0.0024457112230685005, 0.0019879888215036477, 0.8251476056956174]]","[[0.1279007100924552, 0.1317422185849661, 0.16669855731758312, 0.12275788931007187, 0.24376963020961043, 0.11102029876149958, 0.09611069572381363], [0.10826115550926846, 0.20472089977314, 0.2751922553650471, 0.1813830736869145, 0.047923961427878844, 0.11986168304237377, 0.06265697119537748], [0.12202136918870972, 0.1725620457109727, 0.21413899110766837, 0.1470648965896944, 0.14074159558937246, 0.11132248717211168, 0.09214861464147081], [0.16003284255611194, 0.14619000861610265, 0.17343850875652717, 0.12831298080742923, 0.12456322155250399, 0.17628858380174917, 0.09117385390957583]]",
LTCUSDT,2025-10-01 00:00:00+00:00,filtered_moe,8736,2025-09-30 23:05:00+00:00,2025-10-01 00:00:00+00:00,"[[-1.5243054687871587, -0.936902747172404, -1.5028102916808892, 0.6526608952220682, -0.13742046351859327], [1.761577459703735, 1.3873491062616328, 1.5812448478513643, 1.3067129824337074, 1.654718325813935], [-0.3308936347993748, -0.2944876172098608, -0.3565828394765784, -0.33598547792299815, -0.39209039711578836], [0.6422885124334194, 0.43383557087290525, 0.7191303982029349, -0.1970160589339781, 0.10410629448577985]]","[[0.8319841967382053, 0.0008896738558916881, 0.163274500265759, 0.0038516291401440566], [0.0016243215146319043, 0.8287901890427494, 0.003146743267356442, 0.16643874617526225], [0.05593180370704253, 0.001174895706871607, 0.8220207527600726, 0.12087254782601328], [0.0014584397740694988, 0.047602182861784526, 0.1613834532248466, 0.7895559241392993]]","[[0.14633688527124303, 0.1336031580378227, 0.18250796593834334, 0.12284245220487486, 0.14772855189926912, 0.16509120165530292, 0.10188978499314409], [0.09255574711709195, 0.21769637175797596, 0.2866302047371132, 0.1774103512548732, 0.04411744249563278, 0.12157881842809067, 0.060011064209222205], [0.10909952120765692, 0.12558751695034717, 0.16075058774967357, 0.11270283748347976, 0.29161352862160506, 0.1008407670527345, 0.09940524093450295], [0.1161470104516418, 0.16658795202336354, 0.2376322262423151, 0.13895695762846663, 0.13568200604742414, 0.11296629111425795, 0.09202755649253082]]",
LTCUSDT,2026-01-01 00:00:00+00:00,filtered_moe,8736,2025-12-31 23:05:00+00:00,2026-01-01 00:00:00+00:00,"[[-0.29962044984363095, -0.24335902623928823, -0.3349679193729461, -0.2694904727815368, -0.3296579210907293], [0.6646028238964206, 0.4876468222779346, 0.7617518671627252, -0.21874832548062254, 0.13402650539352093], [-1.5076477016395626, -0.9989266986440717, -1.4848269528836222, 0.7158918554027552, -0.1793384054442826], [2.0775718198350503, 1.4589987996700369, 1.8210796194719197, 1.3657025014288209, 1.9205915592774554]]","[[0.8263052010987098, 0.11741553631741797, 0.055761461653738444, 0.0005178009301338709], [0.16864563102512853, 0.8025806400764739, 0.0013144573718783731, 0.027459271526519287], [0.17782902549921123, 0.003225836318854424, 0.8181668003432557, 0.0007783378386786264], [0.0018970193922623715, 0.12162999537062348, 0.002951034381693564, 0.8735219508554207]]","[[0.10994035803073614, 0.12153971358058774, 0.16475069153620087, 0.11432515912458321, 0.2908190330538042, 0.10045814923560861, 0.09816689543847917], [0.11272920228920974, 0.15366520126370734, 0.227443670861113, 0.13205371989798131, 0.16876116273915445, 0.10755880757960595, 0.09778823536922816], [0.1423598001155558, 0.1443429755304928, 0.1886434681597109, 0.12795018605020836, 0.1344671257323003, 0.16352008626342587, 0.0987163581483061], [0.08891020306172814, 0.2115371955439613, 0.2711848971099479, 0.18250921752228244, 0.05648555769936067, 0.12019427452118883, 0.06917865454153077]]",
LTCUSDT,2026-04-01 00:00:00+00:00,filtered_moe,8736,2026-03-31 23:05:00+00:00,2026-04-01 00:00:00+00:00,"[[-0.32503404244669637, -0.16770133060063833, -0.37709241442438507, -0.26681723119786926, -0.3414348579343056], [1.9935979532701102, 1.4131405797848549, 1.753756781376426, 1.222216303709725, 1.8084334832212832], [-1.4806979110172092, -1.2353929301058995, -1.4074973353301892, 0.8727461802825902, -0.06693516265873663], [0.7031926446537617, 0.49257026052270836, 0.7913892999217715, -0.25022765174652645, 0.12506749339262763]]","[[0.8357694629199929, 0.0004700144098993413, 0.05119135106664291, 0.11256917160346488], [0.0019579748972270547, 0.8460288018107478, 0.003179172709629948, 0.14883405058239516], [0.15936762818391584, 0.0007820917072444675, 0.8335170608282241, 0.0063332192806157305], [0.1548639553986685, 0.031630168598855174, 0.0027303940883662797, 0.81077548191411]]","[[0.10612496649995908, 0.12420206951732263, 0.18055409902441216, 0.11113225893532368, 0.27823710271698815, 0.10254481357342086, 0.09720468973257364], [0.08763842883818009, 0.20084016479143518, 0.27073085535577046, 0.17028988559820632, 0.0732791435132754, 0.11678981212116019, 0.08043170978197217], [0.14433755987372465, 0.1452752386615071, 0.1873262806155365, 0.12567623588868487, 0.13762811295106409, 0.16579167813541207, 0.09396489387407064], [0.1158129059712397, 0.1439165987690394, 0.22646408828283432, 0.12623653041158078, 0.1840570808095441, 0.10573767041907339, 0.09777512533668828]]",
LTCUSDT,2026-07-01 00:00:00+00:00,filtered_moe,8736,2026-06-30 23:05:00+00:00,2026-07-01 00:00:00+00:00,"[[-1.527343211519871, -1.28621531310526, -1.4266769566463042, 0.9166953599441948, -0.14977936218611], [0.7445623575591577, 0.528654432114581, 0.8367185395996679, -0.2910327477577452, 0.14115486662267682], [1.9229427268249388, 1.4194678689493723, 1.7162475235085524, 1.1671459815742686, 1.7581741037485406], [-0.2815624934635904, -0.14561388539411738, -0.34176885888404984, -0.2533967345470494, -0.30279251515763633]]","[[0.8369999008280916, 0.0027927714071897614, 0.0007782356373200664, 0.15942909212739845], [0.0013791521737327726, 0.7954790321968637, 0.03919200545810567, 0.16394981017129787], [0.003195433231889088, 0.1743396855540545, 0.819587460835315, 0.002877420378741489], [0.04892102537714259, 0.10717747399253164, 0.0008102690727916156, 0.8430912315575341]]","[[0.16301694488590812, 0.16963692456881524, 0.19810478135497367, 0.13330139777981162, 0.08242543525660863, 0.18089867371476345, 0.07261584243911935], [0.11049996229686575, 0.1399083077861995, 0.22319358144033855, 0.12234617849186963, 0.19971290497626154, 0.10560639723770528, 0.09873266777075951], [0.08504015687660596, 0.18785383667369193, 0.2701556773867911, 0.16223844007088667, 0.0924318885937275, 0.1102194680211469, 0.09206053237714995], [0.10452714405769586, 0.12429665245764714, 0.1836686499976661, 0.11005538988448386, 0.27725348333197425, 0.10123992953476632, 0.09895875073576653]]",
SOLUSDT,2024-01-01 00:00:00+00:00,filtered_moe,7944,2023-12-31 23:05:00+00:00,2024-01-01 00:00:00+00:00,"[[-1.7365194924259524, -1.3756447240331193, -1.6315001536989013, 1.0951719953443617, -0.3100612536545714], [1.675404532218874, 1.2109564707171538, 1.5551391429950217, 1.2008190715692766, 1.4983546239560148], [0.3930246156760882, 0.38100566592904606, 0.48293721445731413, -0.16324461728298062, 0.04290662558063406], [-0.5615783697339611, -0.46273152540198453, -0.6111938720174194, -0.4200310183618217, -0.4546872825533098]]","[[0.8186382576787247, 0.0016777993554550029, 0.005735489450418055, 0.17394845351540225], [0.0009056528807492063, 0.8715585273119119, 0.12625049590354662, 0.0012853239037922686], [0.0014801866860806835, 0.0510283417789727, 0.7992591698534096, 0.148232301681537], [0.029179886954476954, 0.0006491052377165841, 0.11597768760017184, 0.8541933202076345]]","[[NaN, NaN, NaN, NaN, NaN, NaN, NaN], [NaN, NaN, NaN, NaN, NaN, NaN, NaN], [NaN, NaN, NaN, NaN, NaN, NaN, NaN], [NaN, NaN, NaN, NaN, NaN, NaN, NaN]]",
SOLUSDT,2024-04-01 00:00:00+00:00,filtered_moe,8736,2024-03-31 23:05:00+00:00,2024-04-01 00:00:00+00:00,"[[0.5846525073127239, 0.44109753256178663, 0.6701735140538458, -0.06590076791465858, 0.17690131139045856], [-1.4375005698828607, -1.1300071158558482, -1.4779419036987964, 0.447657997008145, -0.49270712974895264], [1.778102226985913, 1.3101064774007798, 1.6006245114780715, 1.41194116225721, 1.6356483404216997], [-0.43298176688914825, -0.3077436485802565, -0.43675538681568954, -0.41093452657652163, -0.38109247910429755]]","[[0.7929017229592178, 0.002774897696990119, 0.05652179819016805, 0.14780158115362405], [0.006605133575788676, 0.7462686689221675, 0.0012096789440960716, 0.24591651855794797], [0.15282478488666087, 0.001226009339591147, 0.8445906278490528, 0.0013585779246951834], [0.09696844937031739, 0.06429499958399335, 0.0005961347866656584, 0.8381404162590237]]","[[0.1018546487101467, 0.20124040661059853, 0.26766898536868006, 0.1578064043786562, 0.07140704277135942, 0.12598580957367664, 0.07403670258688247], [0.12013302833341866, 0.18638801939663127, 0.23810658355049247, 0.14844318952242957, 0.07432710805066127, 0.15354506248577332, 0.07905700866059359], [0.09337273084913998, 0.23428471192331335, 0.3027570669553032, 0.1928991680500443, 0.014500412066473607, 0.1306019058279212, 0.031584004327804276], [0.10190696545846122, 0.12703359998213687, 0.1800837824779015, 0.10732926984311165, 0.277748580133391, 0.10551846157617265, 0.10037934052882518]]",
SOLUSDT,2024-07-01 00:00:00+00:00,filtered_moe,8736,2024-06-30 23:05:00+00:00,2024-07-01 00:00:00+00:00,"[[1.8724208686700905, 1.4508241752260773, 1.6585603900642152, 1.443201310751737, 1.6591435029389394], [-0.44282360280766, -0.31285551152672725, -0.4385293263178928, -0.37589518914141307, -0.3663407500966472], [0.6029037384795547, 0.44011821693326564, 0.6883367186660634, -0.10798588835292497, 0.14035061230272317], [-1.3570573429239678, -1.087665271815512, -1.4128955928422726, 0.39247382024114885, -0.4007557330558778]]","[[0.8526276411740976, 0.0013724848417406195, 0.1447156252882515, 0.0012842486959102981], [0.0005824756601239173, 0.8266232871465189, 0.09800341427851528, 0.07479082291484186], [0.046925901626451126, 0.13624170402294702, 0.8150484005883066, 0.0017839937622952755], [0.0010104844611476015, 0.22955291911236034, 0.004417835144446121, 0.7650187612820458]]","[[0.09281386339825523, 0.23325205193486442, 0.30803942388184463, 0.19247118731552018, 0.013201830708628865, 0.1305551635575471, 0.02966647920333951], [0.09984006477994471, 0.12637864132848614, 0.18071873797063467, 0.10782107112883886, 0.281561201630007, 0.10566425863671167, 0.09801602452537699], [0.10328889264905046, 0.2000883521763672, 0.2672296882789227, 0.15736893832939192, 0.07427108530730692, 0.12351969716335011, 0.0742333460956109], [0.12687233126549685, 0.1673779280844171, 0.23127545676989084, 0.1334929432779378, 0.09977831773015182, 0.153957352935072, 0.08724566993703364]]",
SOLUSDT,2024-10-01 00:00:00+00:00,filtered_moe,8736,2024-09-30 23:05:00+00:00,2024-10-01 00:00:00+00:00,"[[0.504732570840662, 0.3928761493268302, 0.5841914447264553, -0.21173875622554758, 0.06049470072673683], [1.7203499653185725, 1.293162370216193, 1.5725786548917309, 1.0577584928061907, 1.4085920541692927], [-1.5926432161326298, -1.3088154433549875, -1.5274091760924295, 1.1698805578159697, -0.09549416701688518], [-0.5630950088818008, -0.41348929319262034, -0.6004366397015064, -0.33183792001342566, -0.41119021829099717]]","[[0.807899798933153, 0.057451427258048346, 0.0017796620458743224, 0.1328691117629244], [0.1694277977768335, 0.8269281717279866, 0.0024706437198523733, 0.0011733867753274147], [0.009591588281044974, 0.003265492319819596, 0.7701447406562627, 0.21699817874287267], [0.10609085794355878, 0.0003704312104493853, 0.04296231252293219, 0.8505763983230596]]","[[0.11095279541075453, 0.18713214256641061, 0.24531251535483728, 0.15543473153379309, 0.10204346221356916, 0.11753428393812203, 0.0815900689825134], [0.09642366721074286, 0.23216387103569447, 0.295126081578878, 0.1965179566280991, 0.01616416439888148, 0.13007642175998468, 0.03352783738771955], [0.15410337615197564, 0.16879488069812226, 0.19248940580578935, 0.14250973985485266, 0.08250213104815168, 0.18713301854807748, 0.07246744789303097], [0.09507353299693212, 0.1239758154743121, 0.1873027597898797, 0.10680564079231415, 0.28523174191954076, 0.10241879895581936, 0.09919171007120187]]",
SOLUSDT,2025-01-01 00:00:00+00:00,filtered_moe,8736,2024-12-31 23:05:00+00:00,2025-01-01 00:00:00+00:00,"[[-1.587721974940291, -1.1868957044093476, -1.492885549079254, 1.1564325388572783, -0.12245793123016346], [-0.48285221502473336, -0.3630591000146894, -0.5343252901444387, -0.22990165079070338, -0.31839615784996267], [0.5718921241422229, 0.4411482290169691, 0.6237729312346543, -0.35608639082338467, -0.05310717285053412], [1.5244039999483099, 1.1078348848460724, 1.4735197761709355, 0.6864024722102505, 1.312523547488461]]","[[0.8019457154800612, 0.1924993352433332, 0.002151050887592346, 0.0034038983890130044], [0.053850403823663566, 0.8342155827658094, 0.10943881684742059, 0.0024951965631063535], [0.0008157777709919982, 0.13983894450867373, 0.7770564851376339, 0.08228879258270043], [0.002338198912252865, 0.006183983176864334, 0.2128814516774852, 0.7785963662333975]]","[[0.15872138212183196, 0.16830670474327808, 0.18403468620009028, 0.14266422106299145, 0.08859284748809083, 0.17996984971843505, 0.0777103086652824], [0.10698631133008474, 0.13282274255423782, 0.1728888702253514, 0.111971385430041, 0.26797597496760417, 0.10956369117180056, 0.09779102432088035], [0.10797556123140854, 0.16631802393469877, 0.23089248816698585, 0.14567711188471866, 0.14572042494554013, 0.11320847778146612, 0.09020791205518189], [0.09899073715024297, 0.2174047406151109, 0.27812461957365214, 0.18947076953651878, 0.036546936963086335, 0.12526064864085126, 0.05420154752053775]]",
SOLUSDT,2025-04-01 00:00:00+00:00,filtered_moe,8736,2025-03-31 23:05:00+00:00,2025-04-01 00:00:00+00:00,"[[1.6950180801508947, 1.229050260066648, 1.661874228309482, 0.6405639145636711, 1.2985312297489606], [-0.4500919268179176, -0.36748601411890586, -0.5075475793780175, -0.2994107487114096, -0.4186151318916576], [-1.5099395841297354, -1.0966633005359978, -1.4056576028937697, 1.1376492948364314, -0.004480065548241751], [0.5145426655826456, 0.419396343455216, 0.5511812120281341, -0.2678746977405896, 0.0714476713884429]]","[[0.8242397188656321, 0.0011875449536076898, 0.0009984686130874627, 0.17357426756767275], [0.0005753507806928346, 0.8025632714616299, 0.06405104692694964, 0.13281033083072763], [0.0008775037999765085, 0.18808019841869214, 0.8018533867342567, 0.009188911047074687], [0.05581440339300727, 0.14917325512448074, 0.002150706949946095, 0.792861634532566]]","[[0.102795102886498, 0.21438714662216277, 0.2782900392667017, 0.19909839624876646, 0.03275330669926021, 0.1215217212465657, 0.051154287030045285], [0.11845598064675367, 0.14552004667747578, 0.17815616810251372, 0.12732261997121772, 0.22331280300815964, 0.11399403336144184, 0.09323834823243758], [0.17225240334110975, 0.17683844228958917, 0.17792202530972112, 0.14521668817618255, 0.07554177380525924, 0.18191184593860343, 0.07031682113953461], [0.10610557429208618, 0.1566435652452224, 0.21279233718558077, 0.13225823962660868, 0.1873956037107586, 0.1097440306206461, 0.09506064931909715]]",
SOLUSDT,2025-07-01 00:00:00+00:00,filtered_moe,8736,2025-06-30 23:05:00+00:00,2025-07-01 00:00:00+00:00,"[[-1.351514687983079, -0.974387624318192, -1.3319526342099537, 0.6071058933735172, -0.3053032853877679], [-0.09667666268674717, -0.09642486326928501, -0.11569279775164995, -0.38234821597461305, -0.2918708260586908], [1.0034270094143736, 0.8274961091983611, 1.077324077955032, -0.17753364115939457, 0.31148965534544015], [1.414789854881606, 0.8645810610460557, 1.2401097473904275, 1.5805540688821558, 2.0800541950756797]]","[[0.8628337174230412, 0.13031690828241352, 0.0006576583607020057, 0.006191715933843376], [0.05558886286193977, 0.8614087974112111, 0.07577957891651435, 0.007222760810334798], [0.0005651681015058273, 0.1611058898198594, 0.778492062672212, 0.05983687940642279], [0.014543536646788487, 0.04586309629126965, 0.20656016875629482, 0.733033198305647]]","[[0.17395159431889326, 0.16296816213690124, 0.17935305785417774, 0.14754130815758182, 0.08470623618225027, 0.17081625941556264, 0.08066338193463325], [0.11361565680159226, 0.127640015208909, 0.16946849810317333, 0.12449828559645047, 0.2621259035901583, 0.10639193863227212, 0.09625970206744461], [0.11612128824160659, 0.1928518741429309, 0.2669545619392599, 0.17192043337533475, 0.061432450149649986, 0.11646739815743119, 0.0742519939937866], [0.12448564963031689, 0.19223874779752972, 0.256285988399663, 0.17683110855853415, 0.059160277777956544, 0.12536453250294816, 0.06563369533305165]]",
SOLUSDT,2025-10-01 00:00:00+00:00,filtered_moe,8736,2025-09-30 23:05:00+00:00,2025-10-01 00:00:00+00:00,"[[-1.313040825476517, -0.9699438772744956, -1.3089918982663946, 0.4441797023155125, -0.3423372720692921], [-0.12455353463678238, -0.11112626332321235, -0.13028311744855794, -0.39258104774997477, -0.28079200946574867], [0.905743281021026, 0.7180916892173455, 0.9593910637515349, 0.022783417903222365, 0.37805602989279646], [1.8766169728926578, 1.3434035627015644, 1.7022392819920529, 1.2857142256248728, 1.7781423334620896]]","[[0.8650360802017831, 0.13321441458900632, 0.0012210957926197775, 0.0005284094165909049], [0.06256487736312513, 0.8498250862802162, 0.0870997688488655, 0.0005102675077932421], [0.0007606646033522819, 0.16316777209793515, 0.7674576821005051, 0.06861388119820741], [0.0016226720385740395, 0.0024308267861633086, 0.24783802952568112, 0.7481084716495814]]","[[0.16261059353376225, 0.16479481497653303, 0.18762254663419134, 0.1452331926203896, 0.08870831680841193, 0.16887998030979115, 0.08215055511692067], [0.10687600336772209, 0.12717779892098918, 0.17624541138295866, 0.11911079677056635, 0.263829592466763, 0.11058163528406555, 0.09617876180693517], [0.12846184014205483, 0.18251162790842038, 0.2563922133459279, 0.17234043372645377, 0.06828635843812633, 0.11474617917448664, 0.07726134726453014], [0.10459334807034659, 0.20811118716678245, 0.28441207482598946, 0.19856793699977937, 0.0349000668218184, 0.11652869939936336, 0.05288668671592035]]",
SOLUSDT,2026-01-01 00:00:00+00:00,filtered_moe,8736,2025-12-31 23:05:00+00:00,2026-01-01 00:00:00+00:00,"[[-0.18979459689660685, -0.10663686314284429, -0.22082778659199162, -0.4364720521336822, -0.41591281079772874], [1.7789962670373216, 1.4082571939663524, 1.6846556343955001, 0.9010649399322537, 1.2653715115421498], [-1.3374599624959553, -1.009504693097042, -1.3001464484682241, 0.6861198179930633, -0.22701290513291258], [0.7406356894587414, 0.47636506914886895, 0.795326511336318, -0.06852592379720826, 0.45989866472864227]]","[[0.8222506524929752, 0.0006538491166841667, 0.06797752514807301, 0.10911797324226757], [0.0021912751845903295, 0.7851582995739491, 0.0012166997753884261, 0.2114337254660722], [0.1465797415582896, 0.0005689491038585744, 0.8466296595717492, 0.006221649766102637], [0.18128583477115137, 0.0727408689551804, 0.0032432366905586337, 0.7427300595831097]]","[[0.10194024451836242, 0.13525861264843508, 0.16885678251063016, 0.11982969994144888, 0.27075260879087704, 0.10533990925083389, 0.09802214233941262], [0.11828384923917186, 0.188221866334045, 0.2742361969388727, 0.19527119367484277, 0.049140819851438894, 0.10884020664711647, 0.06600586731451229], [0.17372362237066336, 0.16341155224640405, 0.1752938590451002, 0.1437076174673877, 0.08272903204427935, 0.18762262745306446, 0.07351168937310076], [0.12650761771443583, 0.16199015453931878, 0.2465054916929081, 0.14872172579143553, 0.1158319995737545, 0.11342662705721135, 0.08701638363093588]]",
SOLUSDT,2026-04-01 00:00:00+00:00,filtered_moe,8736,2026-03-31 23:05:00+00:00,2026-04-01 00:00:00+00:00,"[[-0.5359301579845676, -0.26387861625110787, -0.6043119603762637, -0.3607090828550727, -0.5067217540549354], [-1.5443108626477473, -1.318633586530905, -1.441961053215762, 1.117683404742025, -0.1166237449286624], [1.4053170886031572, 0.9848506234242622, 1.4129087435903822, 0.2242315466476414, 0.7752790138211528], [0.3747402352185803, 0.25432254474737115, 0.39179694542977933, -0.20796354237691828, 0.10611718269225104]]","[[0.7743695535501574, 0.06956843510276278, 0.0010637809127423275, 0.15499823043433747], [0.15241094914031128, 0.8330480411560948, 0.0008626910716062956, 0.013678318631987539], [0.0011332904578234234, 0.0006415565906241167, 0.8303385739893305, 0.16788657896222198], [0.1344150293642472, 0.0037282985228716792, 0.08041393468872043, 0.7814427374241607]]","[[0.11515527757393244, 0.14923087555290446, 0.20296260724150283, 0.1265866919017894, 0.18789205818530066, 0.12457888253655763, 0.09359360700801243], [0.16944826274958466, 0.1646108388545586, 0.17845845371876995, 0.1414359512666019, 0.07297222087002263, 0.2070912908617559, 0.06598298167870646], [0.127215194190524, 0.16845797172798224, 0.265290563747412, 0.17982491333281322, 0.07098373875476946, 0.10518567395957973, 0.08304194428691926], [0.11301292148400421, 0.13101541880883788, 0.20096980209392876, 0.11747747626068598, 0.23812178605319695, 0.10519589526930215, 0.09420670003004397]]",
SOLUSDT,2026-07-01 00:00:00+00:00,filtered_moe,8736,2026-06-30 23:05:00+00:00,2026-07-01 00:00:00+00:00,"[[-1.751777215247483, -1.499159969538064, -1.5691583281471966, 1.2945962922302507, -0.10594598613169227], [0.39211038144166066, 0.19287811587332235, 0.40652457759191396, -0.2820956733243349, 0.05154514841785073], [-0.6075975170917376, -0.2984422525609683, -0.6946356310149163, -0.20932353268474388, -0.45533421736968965], [1.3805720049840848, 1.0812438477532982, 1.4020286655988372, 0.2615486579136312, 0.8261365523233226]]","[[0.8373607639786156, 0.008855628783739687, 0.1526956587119017, 0.0010879485257430529], [0.0016578382883393934, 0.8160859802710014, 0.1099161814304741, 0.0723400000101851], [0.052601679533475304, 0.13221794769399667, 0.8145150223737627, 0.0006653503987653558], [0.0006726972411120007, 0.168647910035427, 0.0009162454820322723, 0.8297631472414286]]","[[0.18205707602181845, 0.18435604625407234, 0.18409802664536484, 0.1447542597638764, 0.041431103302020024, 0.2162676774249269, 0.047035810587921084], [0.10253984005100915, 0.12916486754247214, 0.19070786323039854, 0.10773624978264969, 0.2697875344752861, 0.10240447968354634, 0.09765916523463818], [0.12238224185818217, 0.1625337889236912, 0.2028108791351639, 0.13104905335718894, 0.15175166786421443, 0.1376258883174845, 0.0918464805440748], [0.12019329692207695, 0.17017737270196362, 0.27388745278168564, 0.1783514270355101, 0.06832443989590453, 0.10932048476839114, 0.07974552589446801]]",
TRXUSDT,2024-01-01 00:00:00+00:00,filtered_moe,7944,2023-12-31 23:05:00+00:00,2024-01-01 00:00:00+00:00,"[[-1.165887452790998, -0.7320389432061035, -1.203218465469702, 0.39339636633135483, -0.19504772388174627], [-0.04328212549356443, -0.0674041183740152, -0.008752596882684855, -0.41417814815233783, -0.33798147733419204], [1.908849354633144, 1.2300238838203996, 1.6421886284216687, 2.5534662684414338, 3.029348536060508], [1.0916376855178038, 0.7751855351012551, 1.1005711516257801, 0.06766092722601516, 0.44385356385291835]]","[[0.8032668608587062, 0.1873857811018843, 0.00289235481096656, 0.006455003228442796], [0.08417506362464786, 0.8446002997563017, 0.001003852785157106, 0.07022078383389312], [0.017737365633976848, 0.005858169380208802, 0.8505154945975416, 0.12588897038827282], [0.006608979575413981, 0.17146335834621754, 0.026013397870277562, 0.795914264208091]]","[[NaN, NaN, NaN, NaN, NaN, NaN, NaN], [NaN, NaN, NaN, NaN, NaN, NaN, NaN], [NaN, NaN, NaN, NaN, NaN, NaN, NaN], [NaN, NaN, NaN, NaN, NaN, NaN, NaN]]",
TRXUSDT,2024-04-01 00:00:00+00:00,filtered_moe,8736,2024-03-31 23:05:00+00:00,2024-04-01 00:00:00+00:00,"[[0.9983387811464868, 0.7438464888271272, 1.0451418153909122, -0.08033038656217888, 0.3156289314200927], [1.6747673748219836, 1.2009682274963818, 1.4420552842731806, 2.4587822083976136, 2.6988653122719413], [-1.3473002433067172, -0.9767524971265746, -1.345060448373919, 0.5009077967514823, -0.23138840575926573], [-0.162505376942472, -0.12642586446212906, -0.16680993409726774, -0.35210613333035595, -0.3140903511911192]]","[[0.815360341843703, 0.025785174223329536, 0.001584574119002907, 0.15726990981396455], [0.13828244326564765, 0.8375982315221904, 0.015741281268738104, 0.008378043943423829], [0.0015472101576438867, 0.0036295950289468287, 0.7976038395210793, 0.19721935529233012], [0.07840353669668505, 0.001348709554308509, 0.06728631443054811, 0.8529614393184584]]","[[0.11551662074147852, 0.20521430793874107, 0.26853964799685176, 0.1919294001912874, 0.04181330680486739, 0.11578494212409028, 0.06120177420268355], [0.09743280232546225, 0.2159627988547722, 0.29314945847089907, 0.1892590118970829, 0.03297641665819138, 0.12145162005812643, 0.049767891735465565], [0.12427282175056646, 0.15639635549703906, 0.263147073231788, 0.13624847694492115, 0.09172352698149278, 0.14289878078366838, 0.08531296481052424], [0.10889376911058946, 0.13077413905282195, 0.18875784824428626, 0.11657718408783968, 0.2568455877764013, 0.10065264338488679, 0.09749882834317455]]",
TRXUSDT,2024-07-01 00:00:00+00:00,filtered_moe,8736,2024-06-30 23:05:00+00:00,2024-07-01 00:00:00+00:00,"[[1.4889632483920439, 1.0003880523564157, 1.4300283343025535, 0.9701973578240969, 1.6312036319963898], [-0.4478588297496115, -0.27143920120600556, -0.4899541130560879, -0.18496046602172833, -0.3428781831175218], [-1.712742390441576, -1.485274223096353, -1.629648137808067, 0.7751486546081258, -0.2490392276355884], [0.6703578261052774, 0.5137670928102396, 0.714707589314993, -0.26199699463863274, 0.06070334485629405]]","[[0.7346876733172777, 0.010277123210124719, 0.0025217930592181825, 0.2525134104133794], [0.0025287897286295578, 0.8471519889899033, 0.04486545121953489, 0.10545377006193227], [0.00227588763433906, 0.18468304513335454, 0.8116844750178314, 0.0013565922144749612], [0.07086957097004518, 0.13080058067440792, 0.0004339952096832812, 0.7978958531458636]]","[[0.09911370822652374, 0.20799489584354522, 0.2830288926939653, 0.19115863564961955, 0.04307319459241006, 0.11707897324705208, 0.05855169974688401], [0.10594790550726674, 0.1288902460989597, 0.2102324372410519, 0.11778629096807654, 0.22882481610461422, 0.11182849971237441, 0.09648980436765667], [0.13695472104555678, 0.17620428380484535, 0.24164590589606885, 0.14424526940525392, 0.06482675904858008, 0.17175524924304106, 0.0643678115566539], [0.11584200393833313, 0.2035452396738112, 0.2585876558308399, 0.1720575522777964, 0.06460274074480857, 0.11600167863579666, 0.06936312889861405]]",
TRXUSDT,2024-10-01 00:00:00+00:00,filtered_moe,8736,2024-09-30 23:05:00+00:00,2024-10-01 00:00:00+00:00,"[[-0.4298061234665093, -0.28983259638603537, -0.48260301233204045, -0.18804938642634972, -0.33096398998138954], [1.6525094278312191, 1.51254824289828, 1.3354131758514487, 2.197005029227903, 2.3512091152667978], [-1.6419946093931028, -1.470148406451206, -1.5470666922843812, 0.8723734659576532, -0.27513096647814633], [0.8011706783295937, 0.5930791654297338, 0.8769411146355653, -0.2367893058361777, 0.21747946244891347]]","[[0.8697925261282232, 0.002115185729661419, 0.04454411751592111, 0.08354817062619425], [0.02475504976105926, 0.8432765664549715, 0.011423143090213993, 0.12054524069375522], [0.20468654352998025, 0.006318497136188478, 0.7876895043046682, 0.0013054550291630687], [0.10633757888743549, 0.0150904457160243, 0.0003784696108096158, 0.8781935057857306]]","[[0.11128399272823478, 0.1365731274701674, 0.2047575460201915, 0.12394057451689827, 0.21512025603387422, 0.11212230264066306, 0.09620220058997074], [0.09659910799751242, 0.21072713726131814, 0.30806423478796235, 0.18417339795225776, 0.02872738425008485, 0.12645085930776567, 0.045257878443098774], [0.13583903165165678, 0.1755580760909784, 0.2354832138388183, 0.1436848161856479, 0.06674114655683665, 0.17982653757665443, 0.06286717809940773], [0.10979410916500458, 0.21365069843352788, 0.2652763583832534, 0.18679483604391459, 0.04550477696181409, 0.11865389728938613, 0.06032532372309932]]",
TRXUSDT,2025-01-01 00:00:00+00:00,filtered_moe,8736,2024-12-31 23:05:00+00:00,2025-01-01 00:00:00+00:00,"[[0.15681082284519093, 0.15914154489733404, 0.20638137063218484, -0.4770710481627483, -0.2943835800647661], [1.3819830748519697, 1.080618146414941, 1.3071314185863097, 0.6545955846966574, 1.074663712203567], [-0.27668335933040245, -0.31047311239837594, -0.27270184362681715, 0.6456932405073369, 0.4616225080337636], [-1.2149918474085462, -0.9745002860749387, -1.25969191166645, 0.11641074509894685, -0.4998864167152124]]","[[0.809758225681591, 0.06019802519988043, 0.07692025481345267, 0.05312349430507582], [0.16085179090136265, 0.818419023983704, 0.020037121014409586, 0.0006920641005238716], [0.29484505415716644, 0.03441630448618951, 0.54481645985068, 0.12592218150596401], [0.10165701004171308, 0.000520580114624534, 0.06752815601723108, 0.8302942538264313]]","[[0.11715560558673996, 0.17837149083411494, 0.21145585491417335, 0.15133519916218635, 0.14343951478143774, 0.11148918347010273, 0.08675315125124512], [0.10121342466988464, 0.2273200696137497, 0.28302269218167636, 0.19690860225631301, 0.023467885567132772, 0.1260635964879088, 0.04200372922333454], [0.1292632269688917, 0.11915027883793429, 0.18995602503131695, 0.12181684173790135, 0.22083548621421167, 0.12425722268698539, 0.09472091852275873], [0.1299759513892358, 0.16599316384415191, 0.2581130630276583, 0.14810162972933677, 0.07261390374826704, 0.15073221391838015, 0.07447007434297008]]",
TRXUSDT,2025-04-01 00:00:00+00:00,filtered_moe,8736,2025-03-31 23:05:00+00:00,2025-04-01 00:00:00+00:00,"[[0.3091875431788012, 0.21232904026124236, 0.38534310702587693, -0.4095986952286397, -0.15628347201109813], [-0.35262015449963585, -0.2502379008246947, -0.3312081498635911, 0.7969958226627757, 0.548750751372466], [-1.0542009555648792, -0.7849950631994195, -1.1193268457634742, -0.004394650598127882, -0.49736242483097254], [1.6098485098873487, 1.2595857752771396, 1.4421106371881058, 0.9837864199322767, 1.3262949089843283]]","[[0.8445911967119387, 0.05186518716714783, 0.060203774115890264, 0.04333984200502319], [0.24934205838117177, 0.5405806477995859, 0.1898826797802801, 0.02019461403896229], [0.09578264642537664, 0.06898409883045485, 0.8347572844954461, 0.0004759702487224927], [0.17358933975098376, 0.014277380548899734, 0.001038297569319302, 0.8110949821307972]]","[[0.11339757321727462, 0.17041457510481045, 0.1954988940373612, 0.14098547129183597, 0.1788677967321046, 0.10417148142388033, 0.09666420819273297], [0.13683833059238804, 0.11696404704577937, 0.17986220081603407, 0.12411311888991652, 0.22514406838467688, 0.12048068741629618, 0.09659754685490901], [0.13416213707405178, 0.15095855511759715, 0.23134378943652684, 0.1456652832602849, 0.10607456176377894, 0.14398797885332476, 0.08780769449443569], [0.09510060638157052, 0.22679131478552167, 0.2903266057577252, 0.18831150342971045, 0.025385474340788736, 0.12994833824690194, 0.044136157057781414]]",
TRXUSDT,2025-07-01 00:00:00+00:00,filtered_moe,8736,2025-06-30 23:05:00+00:00,2025-07-01 00:00:00+00:00,"[[-1.2689531323437009, -0.9113340439141457, -1.3151365163074766, 0.3013861038758479, -0.3520399387956539], [-0.15158129456836217, -0.15134402379135883, -0.12249284944437236, -0.40590889692909166, -0.31423924307332635], [2.1202670303068336, 1.7282266164522655, 1.821848696127474, 1.928945913220798, 2.4358326727345125], [0.8643265412624167, 0.6627899954200415, 0.8950323466248451, 0.18084388984418526, 0.40420442777533105]]","[[0.8173344452519232, 0.1752667265843911, 0.0014077829654857836, 0.00599104519819981], [0.07383826429608831, 0.8316831400911125, 0.000496656759916776, 0.09398193885288246], [0.0036497076099676405, 0.00324528708609055, 0.7916774016522314, 0.20142760365171036], [0.004532662291485019, 0.17203162258433594, 0.037154411857410224, 0.7862813032667688]]","[[0.1281312471962502, 0.14358382207983972, 0.2265013449227091, 0.1349392359726278, 0.1255405906177409, 0.14030622456323677, 0.10099753464759549], [0.11563893169215855, 0.12878402564496724, 0.16406516995012688, 0.12147877011794432, 0.27254459551461385, 0.09219597423920595, 0.10529253284098324], [0.09721142394675861, 0.2140600104161041, 0.2999393135270901, 0.1994496506470668, 0.022758442489093332, 0.12728356706562444, 0.03929759190826264], [0.10030827191245476, 0.20708591610931873, 0.2551597232341031, 0.16246865749047235, 0.0743043172603703, 0.12027012496649947, 0.08040298902678125]]",
TRXUSDT,2025-10-01 00:00:00+00:00,filtered_moe,8736,2025-09-30 23:05:00+00:00,2025-10-01 00:00:00+00:00,"[[-1.2643603648392299, -0.8178859613507371, -1.2899283144269638, 0.3059893997090527, -0.24170653670507247], [0.7217449037588864, 0.48779407421811644, 0.8100333059287333, -0.09168119749093566, 0.2117942366648063], [1.7100287637948042, 1.3486366876059972, 1.442962619351043, 1.5703396073347915, 1.789027983960625], [-0.20424207837831557, -0.19419186974823832, -0.19572963211147115, -0.406942079657533, -0.39567160161182385]]","[[0.8143939862615551, 0.009479982263944906, 0.004498274768179249, 0.17162775670632077], [0.0054474218775776035, 0.7514037764616396, 0.059578125026135555, 0.18357067663464724], [0.009937811535235442, 0.19127360517503914, 0.7941890178123793, 0.004599565477346007], [0.0835220147984852, 0.11846791075408808, 0.0012021872710843015, 0.7968078871763424]]","[[0.12984592209537527, 0.13644394646363972, 0.2135536961351181, 0.12655326382213747, 0.15131474800907885, 0.1331547705642817, 0.10913365291036892], [0.11278634266981599, 0.19108220972839507, 0.24229248664132075, 0.17120936561309216, 0.0865952328979135, 0.11186420831997668, 0.08417015412948586], [0.10445362707362624, 0.20658528078034438, 0.2744393573680305, 0.1975124246499766, 0.038160771118692774, 0.12378895899034484, 0.055059580018984755], [0.11078246945207693, 0.1243781206913665, 0.16942544011508456, 0.11707886098545173, 0.2815087856414825, 0.0947366022857088, 0.10208972082882894]]",
TRXUSDT,2026-01-01 00:00:00+00:00,filtered_moe,8736,2025-12-31 23:05:00+00:00,2026-01-01 00:00:00+00:00,"[[-0.4911138270220406, -0.3179660343187074, -0.5488439562776275, -0.157517689059845, -0.4439876302758316], [0.5972164930427923, 0.39595885234735423, 0.67244914075498, -0.3936194969404576, 0.0709024755443599], [1.5548822657695884, 1.1864281872934357, 1.3571864367420903, 1.1107102169260916, 1.5439332655604292], [-1.469535710569317, -1.1091220429791393, -1.392750550503717, 0.9364744044582006, 0.060826162918182713]]","[[0.7930239686191253, 0.12565687057457445, 0.0029027669623378732, 0.07841639384396244], [0.12430264166568045, 0.8283488854531963, 0.044502876298812756, 0.0028455965823106256], [0.009585548356062271, 0.19759312232061083, 0.7802445909159073, 0.01257673840741952], [0.2351543419415174, 0.013229985492690428, 0.010525827425739731, 0.7410898451400525]]","[[0.10836776822465727, 0.131840113793187, 0.19786875504993337, 0.116541479911829, 0.24244181297725098, 0.10556022916053505, 0.09737984088260727], [0.11290089573445238, 0.16114931881755543, 0.2073248083484917, 0.14600460952824404, 0.17589321473943983, 0.09967181325826002, 0.0970553395735566], [0.09685186780725397, 0.18186122576049943, 0.2865962622911387, 0.16650649049929483, 0.07305147068898239, 0.12023504193838314, 0.07489764101444761], [0.14655999922444024, 0.1554472247014987, 0.1807425089880779, 0.12641433660250057, 0.1308570070792759, 0.16996775960334976, 0.09001116380085698]]",
TRXUSDT,2026-04-01 00:00:00+00:00,filtered_moe,8736,2026-03-31 23:05:00+00:00,2026-04-01 00:00:00+00:00,"[[0.6075871060568468, 0.41076061467670555, 0.6979021134043687, -0.32135180936837643, 0.03125610650000612], [-1.607701642890136, -1.0785630564631399, -1.5532470602103436, 0.5197189939778032, -0.3273992198632731], [-0.37525922645086923, -0.34305159049140554, -0.420865900441406, -0.16591188497703735, -0.2942823443450521], [1.5360882435302898, 1.367049385684981, 1.3721220665302591, 0.9541424605812695, 1.4101320399601105]]","[[0.7900567111365709, 0.0004978092435107546, 0.14465487839298385, 0.06479060122693443], [0.001311464540855351, 0.8028998112128347, 0.19444557262616746, 0.0013431516201424902], [0.11774715438743517, 0.06357294633282652, 0.8165447310623095, 0.002135168217428792], [0.19575235485029818, 0.001591316714875059, 0.006817438135836761, 0.79583889029899]]","[[0.09952018862919061, 0.18057864282841607, 0.2596880504328709, 0.1530641115774016, 0.11044721478083913, 0.11316859780094855, 0.0835331939503332], [0.1536906451482597, 0.14734822084225604, 0.19618727288983073, 0.1275698318695834, 0.11818951463296748, 0.16436580334689654, 0.09264871127020606], [0.09839086812768594, 0.12232133363617398, 0.19167974690992204, 0.1044441631579778, 0.2828032130823839, 0.10455718945600016, 0.09580348562985606], [0.09941528782339465, 0.19972208414194453, 0.28405882527937065, 0.18368123427920083, 0.05278334869096749, 0.11529677282131917, 0.06504244696380258]]",
TRXUSDT,2026-07-01 00:00:00+00:00,filtered_moe,8736,2026-06-30 23:05:00+00:00,2026-07-01 00:00:00+00:00,"[[-1.7515083338266173, -1.2295710792747188, -1.647845837652825, 0.7654544314976756, -0.30795053463010963], [1.4045923567527059, 1.26284316191437, 1.3029221875594537, 0.867389223231526, 1.2476150515366053], [0.4957522788482065, 0.3743772401032022, 0.5635920943216405, -0.3522119857331574, -0.049700235522451224], [-0.4731179971303988, -0.45792390888314216, -0.5459608401519576, -0.16832628122947588, -0.2963075641741549]]","[[0.8112015006400771, 0.001330065224573672, 0.0014012779429778785, 0.18606715619237124], [0.0012104751751607406, 0.7965341249193991, 0.19773487859956784, 0.004520521305872337], [0.00040596598595214723, 0.06263495276546538, 0.8130377215489226, 0.12392135969965981], [0.06033981402111071, 0.001739800502971876, 0.13732062822152535, 0.800599757254392]]","[[0.18487984731931736, 0.16155852054283673, 0.1769721279285274, 0.134536952631757, 0.08721005081600504, 0.17787121550987345, 0.07697128525168304], [0.10971151110821323, 0.202372603064194, 0.274874646895427, 0.19385087643037535, 0.04488865449604796, 0.11419161301052287, 0.06011009499521957], [0.10444846219600896, 0.17327634143282583, 0.2645854538732718, 0.15458495903311179, 0.10903435081498689, 0.11683415020101366, 0.07723628244878109], [0.11221083959761764, 0.1310938345249907, 0.21946600775572567, 0.11391235596510874, 0.21404140429108606, 0.12126511088320036, 0.08801044698227088]]",
XRPUSDT,2024-01-01 00:00:00+00:00,filtered_moe,7944,2023-12-31 23:05:00+00:00,2024-01-01 00:00:00+00:00,"[[-1.2168628122345746, -0.8212084930859951, -1.2716673094413546, 0.3965270050022586, -0.2913866038330374], [0.782212579033942, 0.7418747888860011, 0.8107804632663644, 0.28565538106446536, 0.3607383944293345], [-0.14514062992868193, -0.215775267283149, -0.09885583756092634, -0.44764297008557846, -0.29719596947468535], [2.2465075104255803, 1.7437023927832649, 1.9480273351312187, 1.4587620283087341, 1.988009996231587]]","[[0.8023017702505085, 0.013309655094583527, 0.183731617654026, 0.0006569570008819379], [0.01299885298798374, 0.7412448299371852, 0.1909713841144515, 0.05478493296037955], [0.06788532347128579, 0.0798922773252519, 0.8514719800084789, 0.0007504191949834445], [0.0029926350655099018, 0.17939009527890465, 0.0020852514723271763, 0.8155320181832582]]","[[NaN, NaN, NaN, NaN, NaN, NaN, NaN], [NaN, NaN, NaN, NaN, NaN, NaN, NaN], [NaN, NaN, NaN, NaN, NaN, NaN, NaN], [NaN, NaN, NaN, NaN, NaN, NaN, NaN]]",
XRPUSDT,2024-04-01 00:00:00+00:00,filtered_moe,8736,2024-03-31 23:05:00+00:00,2024-04-01 00:00:00+00:00,"[[-0.13606034215933754, -0.19482401235954028, -0.0995427396284207, -0.4502877491389418, -0.318805733996376], [2.193358594927885, 1.7282341075341408, 1.8850853620480488, 1.534329884005714, 2.085480021677118], [-1.2714707384838908, -0.8377522562447182, -1.3041723840304722, 0.4507683563374604, -0.2645205948004007], [0.803068602198888, 0.6965750408302169, 0.8358041737654253, 0.23557427649358195, 0.3725260303407682]]","[[0.8531658871018778, 0.0009623868582224332, 0.06383613080811468, 0.08203559523178505], [0.00196784932246626, 0.8358188366250677, 0.0030948398742660518, 0.15911847417819994], [0.17157490409371826, 0.0006623563745902572, 0.8168413779205703, 0.01092136161112109], [0.18948440333479732, 0.04645137473592803, 0.009899876417831978, 0.7541643455114426]]","[[0.09112407159372558, 0.11674785933845333, 0.14820501672350647, 0.0969140565451663, 0.35479315660746064, 0.08840639076660203, 0.10380944842508552], [0.09138689482759985, 0.21100166430387515, 0.2853024210984106, 0.18503845600998967, 0.04701920813100023, 0.11853983240637668, 0.06171152322274766], [0.13386726021156317, 0.17188712209610973, 0.23395175337091426, 0.15005716596252908, 0.08138969539311855, 0.14559263372250103, 0.08325436924326433], [0.10570442910740345, 0.1705900599667827, 0.2680359883817045, 0.14912554528169783, 0.10805076859780983, 0.1147018488934624, 0.08379135977113923]]",
XRPUSDT,2024-07-01 00:00:00+00:00,filtered_moe,8736,2024-06-30 23:05:00+00:00,2024-07-01 00:00:00+00:00,"[[2.279457917362737, 1.8183395466281391, 1.912928652341925, 1.6331564089996535, 2.1918608843619247], [-1.3357111509643542, -0.8614948926609752, -1.3651287328798363, 0.43055140091220023, -0.26421908305810204], [0.8287233616442417, 0.7093814805582334, 0.8797581963489118, 0.23132975849932808, 0.38570043871253606], [-0.13580072990415146, -0.1991812798922236, -0.11019914707040804, -0.409378660249009, -0.30266675374401164]]","[[0.837831374855306, 0.0035009234389077903, 0.15651476857746854, 0.0021529331283175954], [0.0006984246185266807, 0.8049883198926184, 0.00801886009184088, 0.18629439539701398], [0.038516761702310144, 0.005508409324907606, 0.7624557829885084, 0.19351904598427383], [0.0009618665890918288, 0.06305832501222987, 0.08329416870671769, 0.8526856396919605]]","[[0.08939633007176369, 0.20561821506965186, 0.29285614530154325, 0.18017290117491871, 0.05087429735936958, 0.11669621283730752, 0.06438589818544545], [0.13773206774193172, 0.18507077264768756, 0.23273472769323814, 0.15047267059630834, 0.06861934203067051, 0.1486600136836581, 0.0767104056065056], [0.1107833311912091, 0.1675278346383461, 0.2615086288370874, 0.14961615972594636, 0.11330467330107298, 0.10940859862453738, 0.08785077368180064], [0.0970736051535615, 0.12280473334526362, 0.14926914348330847, 0.10334413341881005, 0.33331208392699624, 0.09066929140678752, 0.1035270092652727]]",
XRPUSDT,2024-10-01 00:00:00+00:00,filtered_moe,8736,2024-09-30 23:05:00+00:00,2024-10-01 00:00:00+00:00,"[[-0.7766840481220402, -0.5697876831046713, -0.8574831746287583, -0.26581786644433486, -0.4558995686230409], [1.6355050543021405, 1.39377005450265, 1.4582990665554887, 1.144116202251617, 1.473659395889034], [-1.8324363843539586, -1.2206552987597703, -1.6446238587263895, 2.202230102021757, 0.44088100844883804], [0.2868832938700665, 0.14764928346332165, 0.37707176144832055, -0.29832940612596864, -0.0975648746563798]]","[[0.8101266704456321, 0.001122485491425911, 0.023915899349765832, 0.16483494471317614], [0.0014444177700789764, 0.8581724265369283, 0.005269205632734875, 0.13511395006025798], [0.17812894888863132, 0.012798688212089227, 0.792279903693818, 0.016792459205461508], [0.12177484468848991, 0.03751875607784862, 0.0014419098052989951, 0.8392644894283626]]","[[0.11247653052723158, 0.16240868790943813, 0.20528034960295422, 0.1347186508717277, 0.17121506121240712, 0.1168503588556648, 0.0970503610205765], [0.09815452940730472, 0.21212400359692624, 0.29010082845859797, 0.17237259903141233, 0.04418436324557368, 0.12146152620902707, 0.061602150051157885], [0.17074170659874888, 0.1617006439425568, 0.16902860976749057, 0.1349373333437851, 0.07434625012148882, 0.2265572382973298, 0.06268821792860022], [0.10099180825787125, 0.12840307667613127, 0.17341844254770128, 0.112703078371244, 0.2888909238992597, 0.09587873209945975, 0.09971393814833285]]",
XRPUSDT,2025-01-01 00:00:00+00:00,filtered_moe,8736,2024-12-31 23:05:00+00:00,2025-01-01 00:00:00+00:00,"[[-1.5413855192772703, -0.9936020038080708, -1.498983233711259, 0.9957049743680129, 0.07934110424828465], [0.4848446724774894, 0.30597540701938536, 0.6538838715848331, -0.15676168875445282, 0.09531927954497793], [1.87773631412746, 1.6157736218422423, 1.6140066834861677, 1.350072480625097, 1.6495434510306528], [-0.3822452794269827, -0.33400653061800506, -0.4290907720593852, -0.4173040760645402, -0.44421717193571747]]","[[0.7935055975274318, 0.014525639998834026, 0.0019837643682350547, 0.18998499810549918], [0.004175791819308421, 0.7584552744429541, 0.03578857345105981, 0.20158036028667753], [0.0017191907459524253, 0.09230653040076382, 0.904695081299864, 0.0012791975534198505], [0.04040651765713101, 0.11688937399317377, 0.0008174582447280217, 0.8418866501049673]]","[[0.15458884985583315, 0.18100039065916715, 0.19499457808604145, 0.14095743815363457, 0.0740494375365864, 0.18486278279366963, 0.06954652291506756], [0.106829361100825, 0.15613045141313475, 0.22748004800659985, 0.1336761296354336, 0.17386359150170996, 0.1061256418361413, 0.09589477650615551], [0.08745744192270088, 0.23954350888400366, 0.31265747790675563, 0.17393398540294921, 0.01615157563650868, 0.13579638506149191, 0.034459625185589926], [0.10369921096856155, 0.13076201563617257, 0.16668292760289372, 0.11650183408335003, 0.2809428526391459, 0.10153935040044763, 0.09987180866942855]]",
XRPUSDT,2025-04-01 00:00:00+00:00,filtered_moe,8736,2025-03-31 23:05:00+00:00,2025-04-01 00:00:00+00:00,"[[0.5321176539806719, 0.35635489588686925, 0.7085005163334336, -0.15218866369216616, 0.1259444912635451], [-1.5305575771058082, -1.067471256938652, -1.4723936004632687, 1.0691773551016048, 0.21305231029316624], [-0.3321845007467413, -0.2843679546335355, -0.37433672213284375, -0.4004815173245628, -0.4261646643307248], [1.9353328116762705, 1.6540148060129534, 1.6615154910656547, 1.341725288908415, 1.6436316839633123]]","[[0.7283228462483887, 0.00506935579482948, 0.22355445511594985, 0.043053342840831905], [0.014661437632557743, 0.8177379172684887, 0.16622646469342497, 0.0013741804055285814], [0.10651828259278057, 0.03439864927586963, 0.858119395585301, 0.0009636725460488433], [0.10499595337717324, 0.0012928944116884925, 0.0014415152247595645, 0.8922696369863787]]","[[0.11562377169908075, 0.1662190690206851, 0.22385273362047908, 0.1422809469949974, 0.15032999099428315, 0.1064843630212169, 0.09520912464925756], [0.154515583517106, 0.19113446957182068, 0.18940757842680922, 0.140434500592065, 0.06524157489018956, 0.1978554978264978, 0.06141079517551181], [0.11056937844883323, 0.13196798072550772, 0.16049098169002385, 0.1208744580023647, 0.27185408539740863, 0.1041511437045165, 0.10009197203134554], [0.08867898744701373, 0.23625083929894766, 0.3212374799864815, 0.1736319777892787, 0.013914750900627158, 0.1346466202072779, 0.03163934437037329]]",
XRPUSDT,2025-07-01 00:00:00+00:00,filtered_moe,8736,2025-06-30 23:05:00+00:00,2025-07-01 00:00:00+00:00,"[[-1.4225377967143475, -1.05007684400699, -1.3701481927651697, 0.9631619201008178, 0.205835167533544], [0.6899070219298807, 0.4480750909887478, 0.8511383329780375, -0.13729271331205387, 0.16438483740151302], [1.836706182070618, 1.5696852279168274, 1.5900284964752818, 1.4526180807001092, 1.6696181265719394], [-0.3077163590957147, -0.243354531166324, -0.33587453760140523, -0.4285407589807621, -0.4274530786301276]]","[[0.8158158439923604, 0.007348055766087284, 0.004811676390785151, 0.1720244238507671], [0.0035970223943120527, 0.7405948043504837, 0.06066176604007807, 0.1951464072151262], [0.0033656098452956346, 0.12810202281584132, 0.8662390346066959, 0.0022933327321670942], [0.039489023372077776, 0.07754372048385838, 0.001057838006995299, 0.8819094181370686]]","[[0.1571589212317456, 0.16518270690484976, 0.16974295889397706, 0.14167059755336286, 0.09691201346655798, 0.19363611161568012, 0.07569669033382667], [0.11736175414764566, 0.1732638545328604, 0.2572223027095953, 0.14803152958697205, 0.10254810673881305, 0.11172428566257277, 0.08984816662154077], [0.09036805320899957, 0.2372981853140492, 0.31705541384842223, 0.1726142094177989, 0.014194499465092884, 0.13639367338847655, 0.032075965357160556], [0.11414841675429081, 0.12364593647715388, 0.16291095857529367, 0.12093385519337578, 0.2737274419921817, 0.10436543105455633, 0.10026795995314791]]",
XRPUSDT,2025-10-01 00:00:00+00:00,filtered_moe,8736,2025-09-30 23:05:00+00:00,2025-10-01 00:00:00+00:00,"[[-1.2111233966620922, -0.9292295657230886, -1.2169493050122557, 0.5990706137974952, -0.01929888632586809], [1.9017010314923326, 1.5975362031090024, 1.627936849754519, 1.5297266119337685, 1.7881610163796702], [-0.2712474910618549, -0.2378762553126345, -0.28104579744606584, -0.4649879207042037, -0.43247037981310055], [0.7147666547457466, 0.5547991033915382, 0.8568885024718205, -0.11144696328132585, 0.17445535004266177]]","[[0.7869581209570641, 0.0029735182921730332, 0.2020936332345997, 0.00797472751616308], [0.003273074497155193, 0.8599497178577534, 0.0018829782446606587, 0.13489422940043067], [0.07373736465209758, 0.0007459891104994032, 0.8400661297122884, 0.08545051652511458], [0.004704010646303624, 0.05659629764531423, 0.18365959949488173, 0.7550400922135005]]","[[0.14047492616846952, 0.1642616117202062, 0.18334549559971913, 0.1386673043158924, 0.1248257869348202, 0.1583591673397092, 0.09006570792118343], [0.08275811854003035, 0.2367676196924465, 0.3273718568989136, 0.17519023195883532, 0.012357469499585211, 0.1363097726617175, 0.029244930748471707], [0.11936161611130228, 0.12216057236535761, 0.1613791769093146, 0.11877828835686112, 0.2758445817167108, 0.10118600282086532, 0.10128976171958841], [0.11812113202229696, 0.18173071049714073, 0.26899007069454833, 0.1558188424778043, 0.08131611036487446, 0.11471625089930981, 0.07930688304402535]]",
XRPUSDT,2026-01-01 00:00:00+00:00,filtered_moe,8736,2025-12-31 23:05:00+00:00,2026-01-01 00:00:00+00:00,"[[-0.33345582671858653, -0.19318676931539558, -0.3762778178156491, -0.36767495336410305, -0.3710788849718098], [0.7386350421699132, 0.4778940897416163, 0.8223549914536041, -0.2519557608305759, 0.03960140144729206], [1.7608119622277276, 1.3760150285009805, 1.5859611596437573, 1.171276385507267, 1.811051235234832], [-1.3096029735651111, -1.0180732235271945, -1.2644912678005977, 0.8155234772442512, 0.006958248393198004]]","[[0.8217138385309045, 0.10104634188114286, 0.0015662600673521654, 0.07567355952060043], [0.14718615385692657, 0.7963751142240645, 0.05367815814716749, 0.0027605737718416276], [0.006122139951049113, 0.19734656330084493, 0.7929905014117022, 0.003540795336403773], [0.18188536324117494, 0.0061475403495080015, 0.0034160846799928053, 0.8085510117293243]]","[[0.12127450473715883, 0.138948613721884, 0.156289659910363, 0.12453887480552163, 0.25745782284817936, 0.10169812069503473, 0.09979240328185848], [0.12751599555254686, 0.1606731233484148, 0.22597862293343188, 0.1421985289807923, 0.1401191875761387, 0.11024748414492291, 0.09326705746375255], [0.0975451501564514, 0.20161346227027366, 0.3092639295530793, 0.17479799774434174, 0.0419740431090758, 0.11800758507444307, 0.05679783209233518], [0.1446823613633727, 0.16643837613735465, 0.18331304363655346, 0.13422997318786442, 0.11369101444504327, 0.17621358992154487, 0.08143164130826659]]",
XRPUSDT,2026-04-01 00:00:00+00:00,filtered_moe,8736,2026-03-31 23:05:00+00:00,2026-04-01 00:00:00+00:00,"[[0.6909386737264347, 0.4451167951317023, 0.7718492261542799, -0.2044383891354394, 0.05221820938194074], [-1.2081317317767788, -1.0034379644590232, -1.1121532194920987, 1.1055888204036346, 0.2055582997686151], [-0.39355647279205475, -0.22991579161867862, -0.45972204702073155, -0.455460697255619, -0.4210486203820973], [1.8961979105556335, 1.5442066317131307, 1.7553751132392803, 1.1384373610353964, 1.6722225394285437]]","[[0.8040064747712669, 0.007262251883592425, 0.14650234816187568, 0.04222892518326493], [0.016572757345800094, 0.7831271402312591, 0.19610209551102403, 0.004198006911916708], [0.10057643927019405, 0.0702852259322745, 0.8286464728741461, 0.0004918619233854079], [0.16044547804156545, 0.005682385458034594, 0.002062940629615069, 0.831809195870785]]","[[0.12935765322815396, 0.1458436137027387, 0.21954110791922263, 0.1375222890774565, 0.1647817256575045, 0.11012221838641303, 0.09283139202851069], [0.1479991648344182, 0.16189811660718118, 0.18564733776870163, 0.13059361272932923, 0.11460394966038379, 0.1820737603759243, 0.07718405802406164], [0.11764072515769776, 0.14481798519518874, 0.17182878614578892, 0.12411357568543235, 0.24008635014705315, 0.10370736311041566, 0.09780521455842349], [0.10875766536342375, 0.20474328667635783, 0.30171924572960473, 0.17961369296522411, 0.03296142629632293, 0.12000272723413023, 0.05220195573493638]]",
XRPUSDT,2026-07-01 00:00:00+00:00,filtered_moe,8736,2026-06-30 23:05:00+00:00,2026-07-01 00:00:00+00:00,"[[-1.1455366492959904, -0.8198802475465022, -1.1571394000802044, 0.4394138767839559, -0.28048405720755687], [1.6498011637471073, 1.4243473580645754, 1.6241321043728587, 0.6448811402432393, 1.159500683856261], [0.11807065226952076, 0.060763406214594626, 0.12213120396036216, -0.48612031059289995, -0.3618304325219256], [0.11821515722773893, -0.11107656252227514, 0.1639506004943529, 0.5460505172387043, 0.9964330300179667]]","[[0.812314390114168, 0.00046834537465128, 0.1482048027217917, 0.039012461789389115], [0.0008735627326555827, 0.8432333422904972, 0.10616607131979704, 0.04972702365705018], [0.07508120363724666, 0.02660955312089225, 0.8413199366864268, 0.05698930655543419], [0.08505489500704937, 0.07071079919658425, 0.30472157636380187, 0.5395127294325646]]","[[0.15139785569783082, 0.1871407558517002, 0.2117190640108962, 0.14572678441013626, 0.06870241212846394, 0.16585866885038228, 0.06945445905059018], [0.11395419713250265, 0.196746153600723, 0.29503246826019314, 0.18475396320680765, 0.03687841261584991, 0.11641770409433008, 0.056217101089593546], [0.11716547857160992, 0.13172526383428937, 0.16956238429261963, 0.1209051228934522, 0.2600254391474133, 0.10069481814107403, 0.09992149311954163], [0.10261949636148973, 0.1312733776116112, 0.18648316963708725, 0.09666863025344281, 0.2664507668042934, 0.11687422077951747, 0.09963033855255808]]",
POOL12,2024-01-01 00:00:00+00:00,expanding_tree,23184,2023-12-31 23:05:00+00:00,2024-01-01 00:00:00+00:00,,,,
POOL12,2024-01-01 00:00:00+00:00,rolling_tree,23184,2023-12-31 23:05:00+00:00,2024-01-01 00:00:00+00:00,,,,
POOL12,2024-01-01 00:00:00+00:00,action_tcn,23766,2023-12-31 23:05:00+00:00,2024-01-01 00:00:00+00:00,,,,1313.0
POOL12,2024-04-01 00:00:00+00:00,expanding_tree,29736,2024-03-31 23:05:00+00:00,2024-04-01 00:00:00+00:00,,,,
POOL12,2024-04-01 00:00:00+00:00,rolling_tree,25560,2024-03-31 23:05:00+00:00,2024-04-01 00:00:00+00:00,,,,
POOL12,2024-04-01 00:00:00+00:00,action_tcn,26268,2024-03-31 23:05:00+00:00,2024-04-01 00:00:00+00:00,,,,1313.0
POOL12,2024-07-01 00:00:00+00:00,expanding_tree,36288,2024-06-30 23:05:00+00:00,2024-07-01 00:00:00+00:00,,,,
POOL12,2024-07-01 00:00:00+00:00,rolling_tree,25560,2024-06-30 23:05:00+00:00,2024-07-01 00:00:00+00:00,,,,
POOL12,2024-07-01 00:00:00+00:00,action_tcn,26268,2024-06-30 23:05:00+00:00,2024-07-01 00:00:00+00:00,,,,1313.0
POOL12,2024-10-01 00:00:00+00:00,expanding_tree,42912,2024-09-30 23:05:00+00:00,2024-10-01 00:00:00+00:00,,,,
POOL12,2024-10-01 00:00:00+00:00,rolling_tree,25560,2024-09-30 23:05:00+00:00,2024-10-01 00:00:00+00:00,,,,
POOL12,2024-10-01 00:00:00+00:00,action_tcn,26268,2024-09-30 23:05:00+00:00,2024-10-01 00:00:00+00:00,,,,1313.0
POOL12,2025-01-01 00:00:00+00:00,expanding_tree,49536,2024-12-31 23:05:00+00:00,2025-01-01 00:00:00+00:00,,,,
POOL12,2025-01-01 00:00:00+00:00,rolling_tree,25560,2024-12-31 23:05:00+00:00,2025-01-01 00:00:00+00:00,,,,
POOL12,2025-01-01 00:00:00+00:00,action_tcn,26268,2024-12-31 23:05:00+00:00,2025-01-01 00:00:00+00:00,,,,1313.0
POOL12,2025-04-01 00:00:00+00:00,expanding_tree,56016,2025-03-31 23:05:00+00:00,2025-04-01 00:00:00+00:00,,,,
POOL12,2025-04-01 00:00:00+00:00,rolling_tree,25560,2025-03-31 23:05:00+00:00,2025-04-01 00:00:00+00:00,,,,
POOL12,2025-04-01 00:00:00+00:00,action_tcn,26268,2025-03-31 23:05:00+00:00,2025-04-01 00:00:00+00:00,,,,1313.0
POOL12,2025-07-01 00:00:00+00:00,expanding_tree,62568,2025-06-30 23:05:00+00:00,2025-07-01 00:00:00+00:00,,,,
POOL12,2025-07-01 00:00:00+00:00,rolling_tree,25560,2025-06-30 23:05:00+00:00,2025-07-01 00:00:00+00:00,,,,
POOL12,2025-07-01 00:00:00+00:00,action_tcn,26268,2025-06-30 23:05:00+00:00,2025-07-01 00:00:00+00:00,,,,1313.0
POOL12,2025-10-01 00:00:00+00:00,expanding_tree,69192,2025-09-30 23:05:00+00:00,2025-10-01 00:00:00+00:00,,,,
POOL12,2025-10-01 00:00:00+00:00,rolling_tree,25560,2025-09-30 23:05:00+00:00,2025-10-01 00:00:00+00:00,,,,
POOL12,2025-10-01 00:00:00+00:00,action_tcn,26268,2025-09-30 23:05:00+00:00,2025-10-01 00:00:00+00:00,,,,1313.0
POOL12,2026-01-01 00:00:00+00:00,expanding_tree,75816,2025-12-31 23:05:00+00:00,2026-01-01 00:00:00+00:00,,,,
POOL12,2026-01-01 00:00:00+00:00,rolling_tree,25560,2025-12-31 23:05:00+00:00,2026-01-01 00:00:00+00:00,,,,
POOL12,2026-01-01 00:00:00+00:00,action_tcn,26268,2025-12-31 23:05:00+00:00,2026-01-01 00:00:00+00:00,,,,1313.0
POOL12,2026-04-01 00:00:00+00:00,expanding_tree,82296,2026-03-31 23:05:00+00:00,2026-04-01 00:00:00+00:00,,,,
POOL12,2026-04-01 00:00:00+00:00,rolling_tree,25560,2026-03-31 23:05:00+00:00,2026-04-01 00:00:00+00:00,,,,
POOL12,2026-04-01 00:00:00+00:00,action_tcn,26268,2026-03-31 23:05:00+00:00,2026-04-01 00:00:00+00:00,,,,1313.0
POOL12,2026-07-01 00:00:00+00:00,expanding_tree,88848,2026-06-30 23:05:00+00:00,2026-07-01 00:00:00+00:00,,,,
POOL12,2026-07-01 00:00:00+00:00,rolling_tree,25560,2026-06-30 23:05:00+00:00,2026-07-01 00:00:00+00:00,,,,
POOL12,2026-07-01 00:00:00+00:00,action_tcn,26268,2026-06-30 23:05:00+00:00,2026-07-01 00:00:00+00:00,,,,1313.0
