symbol,policy,phase,long_net_contribution,short_net_contribution,total_return,identity_error,long_fee,short_fee,long_exposure_hours,short_exposure_hours,long_net_bp_per_exposure_hour,short_net_bp_per_exposure_hour
ADAUSDT,trend24,all,0.1358956560411324,-0.14626741010633476,-0.010371754065212735,1.0380585280245214e-14,0.0702975126978672,0.07788777448954358,3236.83177223832,3574.3639448856616,0.41984157844310344,-0.4092124147447823
ADAUSDT,trend24,development_2024_25,0.05136495394768368,-0.1914278278781521,-0.14006287393047634,7.91033905045424e-15,0.049740166752181736,0.0533050971945161,2253.6254722464787,2420.0241059996565,0.22792142962637715,-0.7910162027046324
ADAUSDT,trend24,reused_2026,0.09829870060362372,0.0525159530886055,0.15081465369222635,2.886579864025407e-15,0.02390563835712735,0.028586598426545935,1143.3467287146195,1342.3537650503533,0.8597453260231365,0.3912228985824431
ADAUSDT,trend24,year2024,0.10020823196420203,-0.09765018750469304,0.002558044459506581,2.4147350785597155e-15,0.026538430178329925,0.028432712826987047,1218.8080507171646,1245.903156132931,0.8221822288196902,-0.783770287634413
ADAUSDT,trend24,year2025,-0.04871865353476918,-0.0935383650769228,-0.14225701861169734,5.35682609381638e-15,0.023142536935465127,0.024808922041953306,1032.1770667026055,1171.1251596407178,-0.4719989922892384,-0.7987051111225282
ADAUSDT,trend72,all,0.27809400854674327,-0.04823621054290288,0.2298577980037988,4.157785227221211e-14,0.046441712863310815,0.04996609552491243,4161.273028610902,4816.461649947395,0.6682907048749344,-0.1001486444793549
ADAUSDT,trend72,development_2024_25,0.24869184281841716,0.009290264729071546,0.2579821075474531,3.5638159090467525e-14,0.033644150834427566,0.03527377879888172,3072.7113644903206,3459.9750564878773,0.809356341413696,0.026850669664947903
ADAUSDT,trend72,reused_2026,0.023372483242745067,-0.04572916810726935,-0.02235668486452889,4.610894999146353e-15,0.010173087480419911,0.011679273208960558,865.323646170793,1078.303566736817,0.2701010580974223,-0.42408436286319484
ADAUSDT,trend72,year2024,0.5066181103007215,-0.015816662539116167,0.4908014477616174,1.2101430968414206e-14,0.015109554372661396,0.01677463659724779,1558.9528649043825,1526.9923821218524,3.2497333415644647,-0.10358049407645317
ADAUSDT,trend72,year2025,-0.173011817146791,0.016841228123225277,-0.1561705890235979,3.216871213851391e-14,0.01243263916170404,0.012408857148220317,1015.399134377545,1296.6063839475917,-1.7038798959864179,0.12988697519713888
ADAUSDT,trend168,all,0.2653114238881917,0.21272491956388245,0.4780363434520505,2.3647750424515834e-14,0.02190646357672851,0.02736882525654397,3580.2123036511584,4675.7113981124085,0.7410494165880129,0.4549573347272028
ADAUSDT,trend168,development_2024_25,0.20359038487959638,-0.010730051069902422,0.19286033380966106,3.291811268013589e-14,0.013513288854653667,0.01690734971831192,2274.517789815209,2899.238513582302,0.8950925149551672,-0.03700989421751424
ADAUSDT,trend168,reused_2026,0.05174204997786743,0.18732701918265024,0.23906906916052553,7.854827899222983e-15,0.007036175555665764,0.008770075793216316,1094.5912751293579,1489.2547217632357,0.4727065814749217,1.2578574802896063
ADAUSDT,trend168,year2024,0.21794119699241865,-0.07645071702204267,0.14149047997034758,2.839395385478838e-14,0.007902013618813257,0.008487376966024186,1268.628645253805,1393.557961327184,1.7179274471515407,-0.5486009132281318
ADAUSDT,trend168,year2025,-0.012571994567309105,0.05757443194256641,0.04500243737525336,3.941291737419306e-15,0.0049157442259055665,0.007376296955631607,881.2067750118554,1319.0478402362412,-0.14266792906965528,0.43648478990917294
ADAUSDT,trend336,all,0.16850018920221446,0.09294438709266173,0.26144457629489226,1.609823385706477e-14,0.017859955942246087,0.021609023144656913,4114.563183661933,5620.139431270305,0.4095214526569755,0.16537736870996766
ADAUSDT,trend336,development_2024_25,0.4790028312626949,0.0176523725227997,0.4966552037854908,3.83026943495679e-15,0.009973466124338012,0.012338171589771378,2765.2640404970157,3764.562264817649,1.732213720815612,0.046890903326989496
ADAUSDT,trend336,reused_2026,-0.20746437875278545,0.05030685382940957,-0.15715752492336255,1.3322676295501878e-14,0.005269409946900776,0.006194380329842682,901.5430806989705,1239.8160656905768,-2.3012142535877196,0.4057606222531782
ADAUSDT,trend336,year2024,0.45308457382364714,0.004747725964431113,0.4578322997880735,4.773959005888173e-15,0.005152243421506722,0.006131875444103733,1363.242874730308,1619.0239847754603,3.3235792551879753,0.029324617850485808
ADAUSDT,trend336,year2025,0.017778627516220835,0.008851941722133851,0.02663056923835547,7.840950111415168e-16,0.0033071174946063112,0.004257208559976248,961.7163551462814,1471.731886002311,0.1848635246877612,0.06014642888643612
ADAUSDT,trend_ensemble,all,0.3506304285118825,-0.11617457667468953,0.2344558518371811,1.1851630787873546e-14,0.03392097709393947,0.04559756144836476,2690.052615202494,3480.774833166894,1.30343334747558,-0.3337606775586545
ADAUSDT,trend_ensemble,development_2024_25,0.28615255360771036,-0.09191469702218918,0.1942378565855125,8.659739592076221e-15,0.022951981025380513,0.03025382995060858,1871.7237552559002,2344.1318945258113,1.5288183034712184,-0.3921054836412368
ADAUSDT,trend_ensemble,reused_2026,0.05399081476827663,-0.020314110391595402,0.033676704376678586,2.643718577388654e-15,0.009184934146972032,0.01284813692108704,685.2310496053999,951.7726576604244,0.7879213120795973,-0.21343448173358975
ADAUSDT,trend_ensemble,year2024,0.3100028986650329,-0.061551993887306145,0.2484509047777339,7.16093850883226e-15,0.011540544967053524,0.014760329579043047,986.7100553937511,1068.6245388494967,3.1417831101490585,-0.5759927051045851
ADAUSDT,trend_ensemble,year2025,-0.019103951117379957,-0.02432030207890998,-0.0434242531963026,1.2663481374630692e-14,0.009140476421344426,0.012410179937611482,708.8894697222481,1021.6720183349127,-0.269491252633011,-0.23804412416566334
ADAUSDT,breakout,all,0.3825691037043392,0.35188836640798776,0.7344574701123043,2.2648549702353193e-14,0.06520140729342123,0.07931156842949696,3849.155808277783,4723.834084274081,0.9939039175333124,0.7449210961482424
ADAUSDT,breakout,development_2024_25,0.16472014089496628,0.22252122205414732,0.3872413629490785,3.5083047578154947e-14,0.042978953878208596,0.0503655825781288,2671.3812501894454,2895.677250984894,0.6166103804287947,0.7684600277135933
ADAUSDT,breakout,reused_2026,0.15703753407860982,0.09325496471560245,0.25029249879422105,8.770761894538737e-15,0.01601916869604496,0.020865861287348804,849.0047871587071,1317.8361618361669,1.8496660614147316,0.7076370144955537
ADAUSDT,breakout,year2024,0.269291034031834,0.04233518376473422,0.31162621779654764,2.0594637106796654e-14,0.02021332768371227,0.0234627242294008,1350.1380281736049,1285.8464689502007,1.994544471842754,0.32923980262820796
ADAUSDT,breakout,year2025,-0.07972613822293106,0.13737605717588863,0.05764991895294661,1.0956513474269514e-14,0.017356794096980765,0.02051107090091808,1007.33212258859,1227.3548364557028,-0.7914583128556941,1.119285581442745
ADAUSDT,range_only,all,-0.1498085537383887,-0.3844775543958326,-0.5342861081342328,1.1546319456101628e-14,0.02240881363189322,0.018818519499873888,1676.0444003266266,1486.6994283220583,-0.893822107034838,-2.5861149003720785
ADAUSDT,range_only,development_2024_25,-0.05907745562500239,-0.3347912908660497,-0.3938687464910593,7.216449660063518e-15,0.01656691645443024,0.013686089992287946,1242.2654091092816,1155.180764940889,-0.47556226867301726,-2.8981723123063
ADAUSDT,range_only,reused_2026,-0.14968886291234265,-0.08197277939744106,-0.2316616423097911,7.41073868937292e-15,0.009638006856838001,0.00846752164300044,715.6519131890415,546.9420384809105,-2.0916434394104932,-1.4987470998776062
ADAUSDT,range_only,year2024,-0.011405568887823831,-0.2975984163432199,-0.309003985231058,1.426636586643326e-14,0.01059102622835007,0.008791044766921123,772.1925199737148,756.6893597577318,-0.14770369555265925,-3.932900767079658
ADAUSDT,range_only,year2025,-0.06899010373181279,-0.05382502030097296,-0.12281512403277568,1.0061396160665481e-14,0.008648226760147688,0.0070840426293972865,680.283068336872,576.691321897719,-1.0141381866298238,-0.9333419501415573
ADAUSDT,down_rebound,all,0.4798738319025085,0.22248697539219425,0.7023608072946834,1.9317880628477724e-14,0.060601489855480487,0.08190803025199765,4260.81605918462,3535.520086360457,1.1262486463551786,0.6292906558515053
ADAUSDT,down_rebound,development_2024_25,0.33338311969814427,-0.029443260411290206,0.30393985928683565,1.84297022087776e-14,0.03918693238940285,0.05450116343763569,2752.148441546455,2239.7246083595437,1.2113558798842023,-0.1314592887955789
ADAUSDT,down_rebound,reused_2026,0.11234468458114656,0.1932069443304485,0.3055516289115944,6.661338147750939e-16,0.01642296407580477,0.021018505277805993,1157.0070558800942,993.754020764134,0.9709939451984582,1.9442129570644109
ADAUSDT,down_rebound,year2024,0.24538030405795588,0.029712231300822914,0.27509253535877165,7.16093850883226e-15,0.01803419550494489,0.02296928464796239,1339.6006168754568,906.0241381915677,1.8317422444182778,0.3279408356617164
ADAUSDT,down_rebound,year2025,0.06901680717268657,-0.04639309702763545,0.022623710145042334,8.788109129298505e-15,0.016589177881514493,0.024729090568161152,1107.8002462570698,1045.9636717994854,0.6230076893905196,-0.44354405682006476
ADAUSDT,selected_trend,all,0.11984493649073996,0.09448721217213961,0.21433214866292793,4.835021272242557e-14,0.025269603371552977,0.02835471961406881,3231.8684872501276,4403.142911800923,0.370822442075022,0.21459038251723142
ADAUSDT,selected_trend,development_2024_25,0.24092128587456446,-0.07244234585025644,0.16847894002432628,1.8263168755083825e-14,0.019138263821949875,0.021729613324728003,2254.018112044311,2980.3837952089875,1.0688524843132596,-0.24306381603170915
ADAUSDT,selected_trend,reused_2026,-0.10361876901376066,0.14286056197035146,0.03924179295661678,2.5979218776228663e-14,0.00524728289024658,0.005669855110270865,836.8575091181867,1217.6163967168418,-1.238188913701041,1.1732805369208072
ADAUSDT,selected_trend,year2024,0.2932247579832229,-0.10981322893153121,0.18341152905170244,1.0769163338864018e-14,0.00696713475917207,0.009000125969813654,1216.6032215739492,1377.2940402803795,2.4101921874238577,-0.797311436192494
ADAUSDT,selected_trend,year2025,-0.04419719668488486,0.03157894119150674,-0.01261825549337179,6.328271240363392e-15,0.01028478155230652,0.010756602451824013,876.6307112975894,1354.6342211261067,-0.5041712104685921,0.2331178461242119
ADAUSDT,selected_breakout,all,-0.04673013741561389,-0.1666792766409779,-0.21340941405653857,5.320743845516063e-14,0.047322368416133825,0.053674493921720114,3152.104762616161,3981.6274084056295,-0.14825058471987188,-0.41862097967554823
ADAUSDT,selected_breakout,development_2024_25,0.06762144227062185,0.0005320554519884363,0.06815349772263657,2.628453010800058e-14,0.03356041729587528,0.03734362475624745,2340.1047161230294,2835.970559530348,0.2889675910856405,0.0018760965278727983
ADAUSDT,selected_breakout,reused_2026,-0.10705538101971272,-0.1565424187155407,-0.26359779973522823,2.5202062658991053e-14,0.012883870295420836,0.0152888786118203,760.1904110451925,1072.5582524589279,-1.4082706051569545,-1.45952369819219
ADAUSDT,selected_breakout,year2024,0.2513650468828458,-0.03160817279061876,0.21975687409224132,1.429412144204889e-14,0.013229375262504764,0.015193916684404963,1225.3689157029733,1294.3638529357552,2.051341793166362,-0.24419851279783547
ADAUSDT,selected_breakout,year2025,-0.15063953195506133,0.026349700440529415,-0.12428983151452204,9.867107131356079e-15,0.016668110231804298,0.018159117232544056,913.8999944145893,1263.8639218507183,-1.648315273834261,0.20848526478977789
ADAUSDT,regime_gate,all,0.23261177959042265,-0.031030877343183858,0.20158090224722858,1.021405182655144e-14,0.03689323820108231,0.050756016758827696,2402.973111293603,2583.8751342257706,0.9680165728745909,-0.12009433788866858
ADAUSDT,regime_gate,development_2024_25,0.1870734633560088,-0.09436833697843688,0.09270512637756423,7.688294445529209e-15,0.024320940159551725,0.0341784046902224,1660.225715218736,1700.6342752632106,1.126795360661919,-0.5549008293616292
ADAUSDT,regime_gate,reused_2026,0.04167484450757388,0.0579639082002146,0.09963875270778616,2.3314683517128287e-15,0.01150566400581382,0.015171167104854602,679.7326910482749,808.3066855287839,0.6131063733789746,0.7171029169738384
ADAUSDT,regime_gate,year2024,0.20804216748239088,-0.026476976469345756,0.18156519101303226,1.2878587085651816e-14,0.013275727270405055,0.01702107395589607,901.2819302056665,788.9196373562228,2.30829178429126,-0.33561056431645825
ADAUSDT,regime_gate,year2025,-0.017746548633854255,-0.05745883597915029,-0.07520538461300011,4.440892098500626e-15,0.009347950475484885,0.01452084985646559,642.3207037458324,771.6160266411672,-0.2762879746886783,-0.7446558131933537
ADAUSDT,gate_no_range,all,0.26656580044644135,-0.037646947909425216,0.22891885253698652,2.961519918187605e-14,0.035828605325581325,0.05018092706073722,2471.107699218803,2721.1847569962033,1.078729998416141,-0.13834763631037694
ADAUSDT,gate_no_range,development_2024_25,0.2120620632726672,-0.10371960697423377,0.10834245629842787,5.551115123125783e-15,0.02345490118396812,0.03385509418693504,1706.4126786606196,1800.212856430129,1.2427360973379362,-0.576151906724589
ADAUSDT,gate_no_range,reused_2026,0.049175899437979204,0.059613938534371295,0.10878983797232859,2.1913026948539027e-14,0.01116415244340465,0.014729953527473973,689.9447153834238,830.9452510209511,0.7127513022641331,0.7174231811437143
ADAUSDT,gate_no_range,year2024,0.24314247451465001,-0.022406567845051344,0.22073590666960885,1.0186296250935811e-14,0.012573944410351392,0.0163848352349734,927.1892698871524,831.4670539595386,2.622360745657063,-0.26948232931598165
ADAUSDT,gate_no_range,year2025,-0.025460389157205953,-0.0666098528640968,-0.09207024202131557,1.2809198146612744e-14,0.008913440420788447,0.014311251808447008,638.3226744753756,793.5752501239242,-0.39886393160216854,-0.8393640408227835
ADAUSDT,adaptive14,all,0.20690989754534328,-0.06373939666764208,0.14317050087770533,4.135580766728708e-15,0.03259169559069999,0.046816002816437705,2296.624066582718,2451.1477180130328,0.9009306336026369,-0.2600389858156365
ADAUSDT,adaptive14,development_2024_25,0.17982073543949695,-0.10453992634722303,0.07528080909225654,1.73749903353837e-14,0.021555468265717113,0.03200102926930072,1603.461713347534,1620.3893498741634,1.1214532529378993,-0.6451531315935978
ADAUSDT,adaptive14,reused_2026,0.025192639798635248,0.03794406943245313,0.06313670923110841,2.002564780667626e-14,0.010263576948145824,0.013777771742847032,644.6337992587688,772.5966660189807,0.39080544376672405,0.49112390851970034
ADAUSDT,adaptive14,year2024,0.20308457449670891,-0.040731668012159605,0.16235290648453105,1.8263168755083825e-14,0.01180716851264956,0.016138765783677383,881.2996073330117,749.6881546990697,2.3043760919318155,-0.5433148137242423
ADAUSDT,adaptive14,year2025,-0.020014437033217456,-0.054895770448966145,-0.07491020748218286,7.494005416219807e-16,0.008386695381999532,0.013646684580157184,621.2933283736173,749.0850586922687,-0.3221415089972074,-0.7328376105218494
ADAUSDT,adaptive42,all,0.2040794565574161,-0.03517502675904325,0.16890442979833642,3.6443070783320763e-14,0.03274809204590676,0.04533561328626646,2274.1254327256916,2430.451774644336,0.8973975385025847,-0.14472628967999432
ADAUSDT,adaptive42,development_2024_25,0.15972914449171263,-0.07411313168426631,0.08561601280742215,2.4175106361212784e-14,0.022074173682225813,0.03108451530814655,1593.2170376944957,1614.6901712528222,1.0025573460026052,-0.45899289537857696
ADAUSDT,adaptive42,reused_2026,0.040852669399203824,0.035867290520640326,0.07671995991983294,1.1213252548714081e-14,0.009832130548699268,0.013127199497791415,627.209240650711,751.4273866336409,0.6513403622182032,0.4773221093434468
ADAUSDT,adaptive42,year2024,0.17547198369480682,-0.013057013503539765,0.16241497019126738,3.3306690738754696e-16,0.012509307359220387,0.015539698833192924,884.4959487044749,750.8340489092733,1.983864187866789,-0.1739001251009796
ADAUSDT,adaptive42,year2025,-0.01354321787554386,-0.05252523388500426,-0.0660684517605692,2.108035968007016e-14,0.008228443858935843,0.013372863283407165,609.6971453089645,743.1563980988708,-0.22213024908753384,-0.7067857320393575
ADAUSDT,adaptive126,all,0.21846999027636782,-0.04416054804880726,0.17430944222756528,4.718447854656915e-15,0.03329808477701248,0.045279567854912356,2315.2252408899153,2423.0744531409578,0.9436230497918784,-0.1822500666108847
ADAUSDT,adaptive126,development_2024_25,0.17226350801620963,-0.09750465611786602,0.07475885189834419,5.828670879282072e-16,0.02317441759852273,0.03132658436601653,1630.6270023683617,1625.6216375561605,1.0564249688372018,-0.5997992021344358
ADAUSDT,adaptive126,reused_2026,0.042992418418833,0.04963356010033066,0.09262597851916744,3.788636071533347e-15,0.009419477830406647,0.012982431793188483,636.978460156294,741.9830170984485,0.6749430492246793,0.6689312148197745
ADAUSDT,adaptive126,year2024,0.1884603514055017,-0.03476318873344043,0.15369716267206424,2.942091015256665e-15,0.012688199355031043,0.015594586942115917,906.9017847465722,768.4662374905705,2.0780679294634505,-0.4523710611797306
ADAUSDT,adaptive126,year2025,-0.014039077076152987,-0.05438296063683717,-0.06842203771299217,2.0122792321330962e-15,0.009089229463999619,0.013636158545682746,627.3095237103453,742.9639491184521,-0.22379824545172072,-0.7319730748896242
ADAUSDT,filtered_moe,all,0.337121387064159,0.07993827142686769,0.4170596584910322,5.551115123125783e-15,0.01831025965965398,0.028024331644337763,1993.150066651391,2155.454351938461,1.6913999236923627,0.3708650631129206
ADAUSDT,filtered_moe,development_2024_25,0.26494468294063284,0.08284379070413862,0.3477884736447763,4.829470157119431e-15,0.011411011975287001,0.016659084232875484,1310.4808838704428,1293.789109579689,2.0217363427548167,0.640319122264462
ADAUSDT,filtered_moe,reused_2026,0.053551952353726014,-0.002155768011143204,0.051396184342583334,5.273559366969494e-16,0.00511893952150339,0.008432515660805178,506.5106254654563,639.3178597444168,1.0572720425068007,-0.033719815241905274
ADAUSDT,filtered_moe,year2024,0.2479765164062304,0.029960923911499057,0.2779374403177295,5.551115123125783e-17,0.004565439061983025,0.00671336289570655,548.1201966130606,491.8929403221141,4.52412660468497,0.6090944076546264
ADAUSDT,filtered_moe,year2025,0.013277775577326987,0.04138142065819084,0.05465919623552147,3.649858193455202e-15,0.0053567355469309845,0.007782635537069921,596.5555614896449,627.4925078165035,0.22257399703342579,0.6594727449764537
ADAUSDT,kalman,all,0.39570570939636474,0.10515690524336949,0.500862614639721,1.3211653993039363e-14,0.09233437290794963,0.1015910451860513,4064.324771073291,4462.87899927563,0.9736075035457078,0.2356257143884867
ADAUSDT,kalman,development_2024_25,0.1424213020602922,-0.07350814462234523,0.06891315743795601,9.048317650695026e-15,0.060476385247688315,0.06603495754296061,2670.3838678732277,2843.072300646854,0.5333364381568134,-0.2585517948510163
ADAUSDT,kalman,reused_2026,0.23695508430559686,0.16714645958138574,0.40410154388696173,2.0872192862952943e-14,0.02980409347436673,0.033263775822831076,1304.0731078108877,1515.3772664855574,1.8170383461351103,1.1030022904397236
ADAUSDT,kalman,year2024,0.21233695931081376,-0.06941392641106744,0.1429230328997384,7.91033905045424e-15,0.029761921015846182,0.03193867049042727,1366.4158046176053,1333.2685308013718,1.55397031118384,-0.5206297516775983
ADAUSDT,kalman,year2025,-0.06117267325791547,-0.0035822344054877915,-0.06475490766338841,1.484923295436147e-14,0.02687360683765004,0.029832531212558386,1140.9062777808335,1321.0021378385563,-0.5361761474124053,-0.027117551916676662
ADAUSDT,trend_ensemble_long,all,0.4010357525815714,0.0,0.4010357525816173,4.5852210917018965e-14,0.03522875496658195,0.0,3006.957065908717,0.0,1.333692978620486,0.0
ADAUSDT,trend_ensemble_long,development_2024_25,0.32336068059127093,0.0,0.32336068059129763,2.6700863742235015e-14,0.02315532930181641,0.0,2071.3884302439524,0.0,1.5610818129035702,0.0
ADAUSDT,trend_ensemble_long,reused_2026,0.058695314988196634,0.0,0.05869531498821111,1.4474532683550478e-14,0.009123306927459069,0.0,706.9642081603474,0.0,0.8302445061671903,0.0
ADAUSDT,trend_ensemble_long,year2024,0.32629552621012614,0.0,0.32629552621014946,2.3314683517128287e-14,0.010967169869166493,0.0,1034.4907418555651,0.0,3.154165745600102,0.0
ADAUSDT,trend_ensemble_long,year2025,-0.0022128142339749445,0.0,-0.0022128142339724673,2.4771851236948805e-15,0.009189625684312778,0.0,781.7998838850734,0.0,-0.028304100315014038,0.0
ADAUSDT,regime_gate_long,all,0.23562057445026013,0.0,0.23562057445026174,1.609823385706477e-15,0.03499140094459981,0.0,2580.597522726501,0.0,0.9130465807830346,0.0
ADAUSDT,regime_gate_long,development_2024_25,0.1782362888913044,0.0,0.17823628889131116,6.744604874597826e-15,0.022506922002788275,0.0,1797.9522816774772,0.0,0.9913293623399791,0.0
ADAUSDT,regime_gate_long,reused_2026,0.04870354622412184,0.0,0.04870354622411746,4.378442053365461e-15,0.010595904284665258,0.0,664.251515954811,0.0,0.7332094102053226,0.0
ADAUSDT,regime_gate_long,year2024,0.214666633933758,0.0,0.21466663393377594,1.7930101847696278e-14,0.01164023168687607,0.0,935.394827542781,0.0,2.2949307352668686,0.0
ADAUSDT,regime_gate_long,year2025,-0.029992052160411748,0.0,-0.02999205216042098,9.232198339148567e-15,0.008946232663623708,0.0,710.1186696313939,0.0,-0.42235267770075563,0.0
ADAUSDT,expanding_tree,all,0.16335913847413058,-0.04531452641044811,0.11804461206370709,2.4619195571062846e-14,0.05073234538344354,0.023195398263183453,4031.4315010871433,939.1570248966432,0.4052137272581168,-0.4825021291347429
ADAUSDT,expanding_tree,development_2024_25,0.3329951600807,-0.021577947733817337,0.311417212346901,1.8318679906315083e-14,0.03833765389266633,0.01506101963690037,3211.0668826134547,609.4159167370677,1.0370234325660592,-0.3540758805472279
ADAUSDT,expanding_tree,reused_2026,-0.1293532065992868,-0.018099944436562633,-0.14745315103584464,4.801714581503802e-15,0.009451371671869224,0.00620273895271351,625.5557809902243,251.43875271354236,-2.067812504178716,-0.719855004100479
ADAUSDT,expanding_tree,year2024,0.11313261827695792,0.011958259074855798,0.12509087735182467,1.0963452368173421e-14,0.017816569344542434,0.006942005127216622,1425.0897809816026,264.92234128803346,0.7938630940082393,0.45138733927518526
ADAUSDT,expanding_tree,year2025,0.19541758468546302,-0.029807553757442953,0.16561003092802667,6.6058269965196814e-15,0.018239490659123708,0.00721631885309907,1587.4069709245032,306.19177737880494,1.2310490521006856,-0.9734929530967306
ADAUSDT,rolling_tree,all,-0.23540255809719093,-0.19141697518965886,-0.42681953328687683,2.7033930649622562e-14,0.043602791579509644,0.03500682377812857,3614.9200120437567,2815.588986373006,-0.651197142157793,-0.6798470093329885
ADAUSDT,rolling_tree,development_2024_25,-0.07030621089414862,0.006377827321087767,-0.06392838357308295,2.2093438190040615e-14,0.03560155064983795,0.022587880054518387,3208.428317899963,1327.1691407450157,-0.21912975428469814,0.048055874155629695
ADAUSDT,rolling_tree,reused_2026,-0.17637149156731421,-0.2113030659617156,-0.38767455752903524,5.440092820663267e-15,0.008547680315543857,0.013267087160504443,434.2527719144135,1590.0704812623674,-4.0614937422224475,-1.3288911935146466
ADAUSDT,rolling_tree,year2024,-0.0682519511550411,0.0030154960799138094,-0.0652364550751321,4.801714581503802e-15,0.0185270126724258,0.005560976913565929,1899.441057423381,208.43447222640938,-0.35932650233235375,0.1446735776334667
ADAUSDT,rolling_tree,year2025,-0.0021976250039495706,0.0035969858467729304,0.0013993608428046723,1.868752548539465e-14,0.018266157329428722,0.018215198093033257,1400.3405113341169,1196.810331973874,-0.015693504445257203,0.030054769337097026
ADAUSDT,action_tcn,all,-0.13225620970151358,-0.2827237994270082,-0.41498000912855393,3.214095656289828e-14,0.08351674139499404,0.0711195335611547,5284.387444480244,3845.960477226141,-0.2502772763939944,-0.7351188372869598
ADAUSDT,action_tcn,development_2024_25,0.1731218948862189,0.10225343817904389,0.27537533306522444,3.835820550079916e-14,0.06372507191319596,0.05619232253553961,3910.9403281920063,2609.4104466898007,0.44266053776957437,0.39186414045654927
ADAUSDT,action_tcn,reused_2026,-0.23944175229874473,-0.3018540719936943,-0.5412958242924342,4.884981308350689e-15,0.01551830976237479,0.01170417102998157,1076.896408986764,969.5577438873848,-2.2234427592161063,-3.1133171169715803
ADAUSDT,action_tcn,year2024,0.14176053397408417,0.03817467604954736,0.17993521002363266,1.1379786002407855e-15,0.02018353230403485,0.01307929181364999,1766.990326730706,573.8929286909416,0.8022711377054915,0.6651881237955722
ADAUSDT,action_tcn,year2025,0.02657888386219671,0.054307017525320904,0.080885901387484,3.3612002070526614e-14,0.03690163598752938,0.03653847292261592,1817.0065468411271,1725.1095659380233,0.14627841549830517,0.31480329480285285
ADAUSDT,vol_long,all,-0.2781521696506886,0.0,-0.2781521696506176,7.099876242477876e-14,0.0015984225888172566,0.0,12674.330349110753,0.0,-0.21946103816854048,0.0
ADAUSDT,vol_long,development_2024_25,-0.13867212588945996,0.0,-0.1386721258894107,4.926614671774132e-14,0.0012130864793850186,0.0,9867.16009016448,0.0,-0.140539045300063,0.0
ADAUSDT,vol_long,reused_2026,-0.16193606169457395,0.0,-0.16193606169454877,2.5174307083375425e-14,0.0004473744795849521,0.0,3259.119254494081,0.0,-0.4968706237775014,0.0
ADAUSDT,vol_long,year2024,0.2454404867407473,0.0,0.2454404867407669,1.9595436384634013e-14,0.0006126789272105162,0.0,4789.246793209216,0.0,0.512482436880812,0.0
ADAUSDT,vol_long,year2025,-0.30841506817833114,0.0,-0.3084150681783071,2.403632848313464e-14,0.00048208449826914494,0.0,4077.202685327676,0.0,-0.7564379109437,0.0
ADAUSDT,hold,all,-0.584894809383797,0.0,-0.5848948093837534,4.363176486776865e-14,0.0002829976536546298,0.0,20804.219347021422,0.0,-0.28114239694725074,0.0
ADAUSDT,hold,development_2024_25,-0.4420071109690127,0.0,-0.4420071109689847,2.7977620220553945e-14,0.00019996000800171344,0.0,18218.545479339053,0.0,-0.2426138307639739,0.0
ADAUSDT,hold,reused_2026,-0.25607440744077686,0.0,-0.25607440744074866,2.8199664825478976e-14,0.00014881488148910937,0.0,4633.883188318997,0.0,-0.5526129965603886,0.0
ADAUSDT,hold,year2024,0.4143186098212157,0.0,0.41431860982122815,1.2434497875801753e-14,0.000199960007999626,0.0,7781.784344180505,0.0,0.5324210894266916,0.0
ADAUSDT,hold,year2025,-0.6054687500000221,0.0,-0.6054687500000114,1.0658141036401503e-14,1.4759356196991035e-15,0.0,7379.3564354482805,0.0,-0.8204899103281236,0.0
AVAXUSDT,trend24,all,-0.10026779646450532,-0.25351433885654434,-0.35378213532106884,1.9206858326015208e-14,0.07250640615393343,0.07706653655582864,3332.2441020632054,3518.4630020058507,-0.30090171486063433,-0.7205258054781808
AVAXUSDT,trend24,development_2024_25,0.0014645456628543524,-0.13150878323214438,-0.1300442375693147,2.4702462297909733e-14,0.05021658217605535,0.052719880693522285,2411.4644363815587,2491.7682595212486,0.006073262540217788,-0.5277729288413505
AVAXUSDT,trend24,reused_2026,-0.11693967270601904,-0.1402434018984051,-0.2571830746044178,6.328271240363392e-15,0.025621790142063748,0.02798608494101009,1058.4212501897318,1180.1689083775748,-1.104850008302994,-1.1883333046894389
AVAXUSDT,trend24,year2024,0.22836572596523302,-0.12389855160889818,0.1044671743563188,1.6042722705833512e-14,0.024513250164133058,0.027297185415398557,1184.4382572967522,1245.6027439486477,1.9280509098585936,-0.994687529477746
AVAXUSDT,trend24,year2025,-0.2054394965922062,-0.006890409964136235,-0.2123299065563504,7.965850201685498e-15,0.02327215566809593,0.02301806325112379,1110.966634024153,1128.295656499582,-1.8491959191255047,-0.061069188066477216
AVAXUSDT,trend72,all,-0.17624925327010885,-0.19581886203021254,-0.3720681153003276,6.217248937900877e-15,0.04051187700225977,0.043256511085445655,3803.2257644918077,4214.258690737391,-0.46342043355835205,-0.4646579064085624
AVAXUSDT,trend72,development_2024_25,0.016248109754147557,0.046978160493146515,0.06322627024729499,9.159339953157541e-16,0.02986114410041269,0.030985219740335832,3005.0522061188803,3217.6268155594867,0.05406930941520149,0.14600251423183727
AVAXUSDT,trend72,reused_2026,-0.18105023211990764,-0.2283587504538305,-0.40940898257374486,6.716849298982197e-15,0.01001737184256164,0.011541561461094878,750.70902658122,937.3657358429426,-2.411723127193804,-2.436175568637303
AVAXUSDT,trend72,year2024,0.3055124524434501,0.1479616419523035,0.4534740943957467,6.8833827526759706e-15,0.012748696390465821,0.01359685159706054,1409.4529828545255,1442.2357391485903,2.1675959124560817,1.025918564739293
AVAXUSDT,trend72,year2025,-0.19901582271375706,-0.0694773177234637,-0.2684931404372154,5.384581669432009e-15,0.011773479675990394,0.011963314798881346,1097.7830491899438,1221.481059247211,-1.8128884651717954,-0.5687957025406682
AVAXUSDT,trend168,all,0.02306848065372049,0.19668042814895464,0.21974890880267295,2.192690473634684e-15,0.026313661196626238,0.028709887821222718,4031.7060916497708,4722.545099518264,0.05721766450560112,0.4164712543857286
AVAXUSDT,trend168,development_2024_25,0.028836031233099857,0.20885690492334727,0.2376929361564344,1.2739809207573671e-14,0.015403654623068957,0.01611901976045686,2785.339284023779,3138.1610345555055,0.10352789478286653,0.6655391569251644
AVAXUSDT,trend168,reused_2026,-0.004659920413935748,-0.009838043361712782,-0.014497963775639952,8.578207588705311e-15,0.008814792631391687,0.01017285280779406,1007.0080964479711,1280.1107760079392,-0.046274905141008585,-0.07685306261066711
AVAXUSDT,trend168,year2024,0.20478477655216204,0.09451248158365559,0.2992972581358302,1.2545520178264269e-14,0.007318740028289476,0.00667684230026819,1434.986982617537,1468.7489392096106,1.427084559182672,0.6434897010684231
AVAXUSDT,trend168,year2025,-0.1354183919171084,0.08800482154772475,-0.04741357036940319,1.955380302121057e-14,0.006222528789431401,0.007267141834606694,1039.2943515817642,1284.8577066506614,-1.3029840074759094,0.6849382705352935
AVAXUSDT,trend336,all,0.24192689377096296,0.23455681515749788,0.47648370892843395,2.6867397195928788e-14,0.016748534356483418,0.021464911116486216,3933.3972448918607,4913.878158725247,0.6150583800940608,0.4773354315694843
AVAXUSDT,trend336,development_2024_25,0.2297934089040409,0.07278192898989337,0.3025753378939189,1.5376588891058418e-14,0.007218747567808177,0.011447713049402234,2467.5820680056227,3163.692789599645,0.9312493062885935,0.23005371832928093
AVAXUSDT,trend336,reused_2026,0.00931499661780803,0.12419618386846758,0.13351118048626687,8.743006318923108e-15,0.007316111791340656,0.007690302261733576,1125.320842674832,1343.6346583648708,0.08277636265642022,0.924330011102925
AVAXUSDT,trend336,year2024,0.12077822384833663,0.02395016008022132,0.1447283839285467,1.124100812432971e-14,0.0034566003376277758,0.004582562232213115,1350.6496800315995,1314.89173363595,0.8942231700340751,0.182145491279302
AVAXUSDT,trend336,year2025,0.09523235955902437,0.04265795239748336,0.13789031195650417,3.552713678800501e-15,0.003286497725573328,0.005997187554333968,975.7182609038383,1615.056533864278,0.9760231346988183,0.2641266822741955
AVAXUSDT,trend_ensemble,all,0.05331075554533514,-0.3042551718970631,-0.2509444163517439,1.5987211554602254e-14,0.0330453077267448,0.041347367949934516,2615.2524687191226,3118.5331675631346,0.20384554142661895,-0.9756355169209643
AVAXUSDT,trend_ensemble,development_2024_25,0.1262088254597442,-0.15160832504790978,-0.025399499588174,8.43769498715119e-15,0.023013337861811634,0.02796701971048552,1935.7662836911356,2254.367624991784,0.6519837984732751,-0.6725093253078558
AVAXUSDT,trend_ensemble,reused_2026,-0.07479789912236376,-0.15662504460509818,-0.2314229437274698,7.854827899222983e-15,0.01029341751896707,0.01372905948005876,697.1945784358461,886.6869473247654,-1.0728410896449112,-1.7664074685846411
AVAXUSDT,trend_ensemble,year2024,0.21745962404297403,0.04840022448821192,0.2658598485311805,5.440092820663267e-15,0.010944318186507856,0.012947924369143951,971.8654400523095,1053.8230686396662,2.2375486881318625,0.4592822640587062
AVAXUSDT,trend_ensemble,year2025,-0.07208602017759799,-0.15800212777757208,-0.2300881479551725,2.4147350785597155e-15,0.009534246377517909,0.011864737916104005,761.4593706856828,948.4024299729147,-0.9466824226312378,-1.665981895281357
AVAXUSDT,breakout,all,0.12564449769326524,-0.08675086330197652,0.038893634391286236,2.4841240175987878e-15,0.06811837590327971,0.0803295357544424,4180.012875456062,4622.952706796686,0.30058399683650916,-0.1876525000449064
AVAXUSDT,breakout,development_2024_25,0.27985359984589303,0.20968888826404455,0.4895424881099375,1.1102230246251565e-16,0.04448883279797804,0.04987480079875653,2979.030838913875,3044.894055324043,0.9394115569072957,0.6886574194507699
AVAXUSDT,breakout,reused_2026,-0.10352783044698637,-0.19901396162399498,-0.3025417920709829,1.5543122344752192e-15,0.015863624766612006,0.02044569738613467,806.2757834226664,1059.4250678106011,-1.284025051670378,-1.878509086397923
AVAXUSDT,breakout,year2024,0.3832304602553173,0.10564454036686402,0.488875000622192,1.0658141036401503e-14,0.017427183224622007,0.021584126089073587,1252.1755404276817,1261.325930203346,3.0605170591690736,0.8375673395522159
AVAXUSDT,breakout,year2025,-0.06943286734361431,0.06988118401726198,0.00044831667364052605,7.143537063963867e-15,0.018175904331825796,0.01900137667558421,1159.8390044594416,1197.9300642265835,-0.5986422863574451,0.583349446717319
AVAXUSDT,range_only,all,0.012428666753366322,-0.182465951520825,-0.17003728476747226,1.3572476476042539e-14,0.02475639861338705,0.022159417546679983,1853.854192479508,1735.9381702482026,0.06704231003595341,-1.0511085858244376
AVAXUSDT,range_only,development_2024_25,-0.04192138070078719,-0.16905619616809647,-0.21097757686889307,9.409140133698202e-15,0.015254106857927899,0.01342216468556931,1213.4734600996285,1180.7966696539565,-0.3454659873430225,-1.4317130164132321
AVAXUSDT,range_only,reused_2026,0.06888276664999482,-0.016995404642005024,0.05188736200798442,5.377642775528102e-15,0.0120431200392897,0.011073516550313372,811.612843445732,703.5813993615766,0.848714595958715,-0.24155562749990978
AVAXUSDT,range_only,year2024,-0.008201083753060993,-0.19110980366112787,-0.19931088741418934,4.718447854656915e-16,0.008087546483378834,0.006824033894730377,652.4141116893762,655.9655553651792,-0.125703653647603,-2.9134121768746857
AVAXUSDT,range_only,year2025,-0.04211409449396295,0.027543283836856128,-0.014570810657118054,1.1230599783473849e-14,0.008950490598535542,0.00824056514210664,700.720591289572,655.4742733966309,-0.6010112306883721,0.4202038883101907
AVAXUSDT,down_rebound,all,0.09682148436779792,-0.2201842821923043,-0.12336279782450288,3.497202527569243e-15,0.05503400629660894,0.07312554818161929,3873.3293198820033,2987.123110335573,0.24996966787927932,-0.737111508496109
AVAXUSDT,down_rebound,development_2024_25,0.08898913130583971,-0.05050419188587457,0.03848493941995623,8.909539772616881e-15,0.03993516212144447,0.04931705564230602,2885.2403363476446,2050.920369061014,0.3084288341070709,-0.2462513545028432
AVAXUSDT,down_rebound,reused_2026,0.0075420959559923135,-0.16339196060099262,-0.15584986464498835,1.1962653090336062e-14,0.014539300091918434,0.02292617989492602,951.4716545492257,901.5082508538584,0.07926768937289569,-1.8124288984181438
AVAXUSDT,down_rebound,year2024,0.27904722338058474,0.09103125899275367,0.3700784823733325,5.88418203051333e-15,0.01778364840084839,0.022017186466560548,1429.5329823852342,914.3576419396614,1.9520166853022378,0.9955760723959788
AVAXUSDT,down_rebound,year2025,-0.1387205875575207,-0.10330463013582418,-0.242025217693347,2.1094237467877974e-15,0.016168061907098838,0.019925770331386414,1062.4992456204025,829.5603074887581,-1.3056064569393697,-1.2452937924253822
AVAXUSDT,selected_trend,all,0.04265756913751274,0.1545708129875966,0.19722838212516236,5.3040905001466854e-14,0.027180397331269847,0.02907834512155658,3591.488182009702,4435.508631505099,0.11877407630405366,0.3484849784525076
AVAXUSDT,selected_trend,development_2024_25,0.04155547255637784,0.09967756443094776,0.1412330369873458,2.020605904817785e-14,0.02024401825455299,0.02075841987582494,2561.4954912592502,3087.0730861788616,0.16223129300121805,0.3228869600697641
AVAXUSDT,selected_trend,reused_2026,0.0009657068674109571,0.04809994696749873,0.049065653834938404,2.871314297436811e-14,0.006077969049185327,0.007290294774233646,902.526177711655,1181.5602086720783,0.010700042738477637,0.407088412545281
AVAXUSDT,selected_trend,year2024,0.20067311612404937,0.12289232459588548,0.3235654407199564,2.1538326677728037e-14,0.007042193196506932,0.006899945754207349,1285.5633676491968,1364.2049908020424,1.5609741314502734,0.9008347383602131
AVAXUSDT,selected_trend,year2025,-0.1202189469990385,-0.017539563553661507,-0.1377585105527011,1.1102230246251565e-15,0.009974440743077193,0.010470562085754705,964.0113623063528,1301.6871265841312,-1.2470698136941063,-0.13474484916885196
AVAXUSDT,selected_breakout,all,-0.21394732028373506,-0.05772524564165046,-0.2716725659253867,1.1657341758564144e-15,0.05957358576519122,0.06287714313985292,3579.4592717419087,3853.6157079893806,-0.5977084918181502,-0.14979502372790707
AVAXUSDT,selected_breakout,development_2024_25,-0.05094219305219503,0.0794891435849873,0.028546950532785775,6.501743587961073e-15,0.03788780999568249,0.03971122987484764,2539.8697220318595,2699.691988124684,-0.20057010251471483,0.29443782451717276
AVAXUSDT,selected_breakout,reused_2026,-0.15848097857575055,-0.1334060532244649,-0.2918870318002102,5.2735593669694936e-15,0.021083894865738046,0.022522951677612143,1010.736115810312,1121.8969822106478,-1.5679758158111883,-1.1891114366097522
AVAXUSDT,selected_breakout,year2024,0.16937181345132396,0.07331629761656788,0.24268811106789756,5.717648576819556e-15,0.011467445720204483,0.012875722816922935,1110.3148484839603,1192.389180702496,1.525439506484009,0.6148688599587392
AVAXUSDT,selected_breakout,year2025,-0.17728825482541496,0.004967333245922032,-0.1723209215795029,9.96425164601078e-15,0.021260655863822343,0.021594724226389958,1150.3730186325017,1212.9373364060718,-1.541137109041076,0.04095292557025427
AVAXUSDT,regime_gate,all,-0.01786596182414929,-0.18404722071392124,-0.20191318253809065,2.0122792321330962e-14,0.038070548189315725,0.04875955190753628,2465.271503003911,2393.3109305110606,-0.07247056481357034,-0.7690067277410559
AVAXUSDT,regime_gate,development_2024_25,0.025792170937159367,-0.06003293332113702,-0.03424076238399998,2.2322421688869554e-14,0.027318404295265712,0.034744590430009846,1877.1519190933739,1722.188088107836,0.1374005517338014,-0.34858523140230907
AVAXUSDT,regime_gate,reused_2026,-0.04520602139833511,-0.12841118423978687,-0.17361720563811958,2.3869795029440866e-15,0.011133358579713867,0.014511858578875941,608.9712228508677,694.9173419867129,-0.7423342795527418,-1.8478627094363425
AVAXUSDT,regime_gate,year2024,0.19174404650132346,0.1542006078875437,0.34594465438888955,2.2426505097428162e-14,0.012667353214871271,0.01559510423101949,961.5064507799138,782.5561348110608,1.994204473051561,1.9704734398992816
AVAXUSDT,regime_gate,year2025,-0.1232976965457117,-0.1591696512260758,-0.28246734777182075,3.325117958752344e-14,0.01088532952125478,0.014227543559497222,680.2994947286282,698.1207958535293,-1.8124031768522069,-2.2799729240478133
AVAXUSDT,gate_no_range,all,-0.006402865609191509,-0.16168623196904952,-0.16808909757821833,2.270406085358445e-14,0.03734135175211782,0.046374035946334706,2510.253902111823,2454.487220852816,-0.025506844561838604,-0.658737314235726
AVAXUSDT,gate_no_range,development_2024_25,0.015383304824838118,-0.061770732713751615,-0.046387427888902155,1.1338152638984411e-14,0.02688297413816893,0.03265319645437139,1898.9360676086797,1748.9958716282215,0.08101012502337815,-0.35317826483058745
AVAXUSDT,gate_no_range,reused_2026,-0.022845934576763878,-0.10477577810672735,-0.12762171268347924,1.199040866595169e-14,0.010967113815200913,0.01438827453961545,641.054713812984,739.8091949047868,-0.3563804162811095,-1.416254066972119
AVAXUSDT,gate_no_range,year2024,0.18150969577590817,0.15115823452449312,0.33266793030039077,1.0547118733938987e-14,0.012939941986319412,0.014725286268865077,984.5244049718627,812.9129739773216,1.8436282011830436,1.8594639200420742
AVAXUSDT,gate_no_range,year2025,-0.12465700357449451,-0.1597764622356068,-0.284433465810085,1.63202784619898e-14,0.010462495446038595,0.013452646212823069,686.1511722809321,702.4127139008301,-1.8167571318154938,-2.274680669549566
AVAXUSDT,adaptive14,all,0.013959613263643526,-0.1908902033835571,-0.1769305901199053,8.271161533457416e-15,0.030719115199510958,0.043139021113788284,2227.702725926289,2188.754635338638,0.06266371675708685,-0.8721407155536332
AVAXUSDT,adaptive14,development_2024_25,0.0001033289936531144,-0.10651580291435028,-0.10641247392068831,8.854028621385623e-15,0.02231090235088008,0.031054922638908772,1727.5931270661204,1592.3534095758098,0.0005981095434698363,-0.668920619466788
AVAXUSDT,adaptive14,reused_2026,0.015506353732113991,-0.09442208849916081,-0.07891573476704739,5.689893001203927e-16,0.009409501143690543,0.013523127978184162,559.6649284647472,667.4234010176788,0.2770649533936398,-1.4147254704463046
AVAXUSDT,adaptive14,year2024,0.16692338258033365,0.06992522154166214,0.2368486041219937,2.0816681711721685e-15,0.010774494935604919,0.01448134078947735,920.8780052865714,754.0517664158164,1.812654679795378,0.9273265398479604
AVAXUSDT,adaptive14,year2025,-0.13487507931910686,-0.14265369574578066,-0.2775287750648787,8.770761894538737e-15,0.009327259113870733,0.01339984683185746,652.23433093674,677.7722353133768,-2.067892978362532,-2.104743869890493
AVAXUSDT,adaptive42,all,0.04599860661993091,-0.16843849000267622,-0.12243988338277534,3.0031532816110484e-14,0.03131609352066899,0.044822448583272355,2298.8560154848587,2276.4898243369503,0.20009346522830926,-0.7399044274302239
AVAXUSDT,adaptive42,development_2024_25,0.0348070461890987,-0.0683160644324339,-0.03350901824337282,3.762268274698499e-14,0.02303062011086616,0.032133685913952714,1768.9884368153826,1645.457618896062,0.19676242910756392,-0.41517972658735003
AVAXUSDT,adaptive42,reused_2026,0.011579580815633907,-0.10359375044376173,-0.09201416962812,7.840950111415168e-15,0.008572737424557992,0.01312869225769435,548.2385130034278,652.9105986006904,0.2112142897841529,-1.586645256881762
AVAXUSDT,adaptive42,year2024,0.1849428626380818,0.085028928255092,0.26997179089317336,4.440892098500626e-16,0.010904550949457992,0.0148510256294557,926.1511673564142,762.1124337424117,1.996897149803079,1.115700577637225
AVAXUSDT,adaptive42,year2025,-0.11821980419218006,-0.12074677074494555,-0.23896657493715479,2.917110997202599e-14,0.009548298039659515,0.013608696199733768,663.6661345573665,695.562839653621,-1.7813143994612142,-1.7359577576783067
AVAXUSDT,adaptive126,all,0.03014779006236149,-0.20474826241530553,-0.17460047235296505,2.1010970741031088e-14,0.030337373555808626,0.044009229564036655,2254.167194502696,2238.0118038508995,0.13374247542899123,-0.914866767293182
AVAXUSDT,adaptive126,development_2024_25,0.039182382011614225,-0.09779484481439908,-0.058612462802796195,1.1338152638984411e-14,0.022251974871367413,0.03148570420634664,1731.313916365245,1611.7741370606127,0.22631587282492655,-0.6067527860494599
AVAXUSDT,adaptive126,reused_2026,-0.009597101716633636,-0.11361252765183098,-0.1232096293684749,1.0283440765590512e-14,0.00858880999053153,0.01330326232592408,555.4070533949746,665.2283380070932,-0.17279401941279834,-1.7078726380207145
AVAXUSDT,adaptive126,year2024,0.16105586132051697,0.06799955909129048,0.2290554204118065,9.43689570931383e-16,0.010401633348591094,0.014612819070452334,904.0780672610144,751.7786282780302,1.7814375456364089,0.9045157248889258
AVAXUSDT,adaptive126,year2025,-0.09916027974399065,-0.13489579163984214,-0.23405607138384116,8.382183835919932e-15,0.009641828452947839,0.013728335480788072,673.0663527174853,699.7206915978066,-1.4732615787973056,-1.9278519737898372
AVAXUSDT,filtered_moe,all,0.07177519250734873,-0.19072553900775288,-0.1189503465003876,1.6542323066914832e-14,0.016946777539782774,0.026670033781580324,1869.4093501768511,1893.5271923898401,0.38394583027285384,-1.0072500663010613
AVAXUSDT,filtered_moe,development_2024_25,0.11905295717987321,-0.09971094573692238,0.019342011442966767,1.5931700403370996e-14,0.011302685503319802,0.017061673265605058,1355.0685631220185,1288.2802904050457,0.8785751542016474,-0.7739848733195511
AVAXUSDT,filtered_moe,reused_2026,-0.04638066923740217,-0.08928759165139431,-0.13566826088879588,5.828670879282072e-16,0.005536995407923264,0.009426041905575729,504.5811722473195,593.7623439340193,-0.9191914361534832,-1.5037597544467423
AVAXUSDT,filtered_moe,year2024,0.17028253087097833,0.05042802331860577,0.2207105541895813,2.8033131371785203e-15,0.004279360741993413,0.0070952108849499165,626.050807081033,546.0177442883991,2.719947469837505,0.9235601561690343
AVAXUSDT,filtered_moe,year2025,-0.04196701135685347,-0.12299309491528408,-0.1649601062721222,1.534883331544279e-14,0.005753472628889583,0.008164476293294429,597.2077111473604,608.0577771439258,-0.7027205204069803,-2.0227205298316893
AVAXUSDT,kalman,all,0.12933048094341384,-0.24391839992868966,-0.11458791898526699,8.826273045769994e-15,0.09419518018395812,0.10125922012947994,4222.57014009421,4432.631719473372,0.30628379553815616,-0.5502789660081864
AVAXUSDT,kalman,development_2024_25,0.18905005679878323,-0.10206711369161807,0.08698294310713983,2.5326962749261384e-14,0.06302151958343201,0.06962189285808539,2997.338162258691,3071.247747445221,0.6307264865180298,-0.3323310982532142
AVAXUSDT,kalman,reused_2026,-0.05494067430778728,-0.13050001118839066,-0.1854406854961465,3.141931159689193e-14,0.028679070631427064,0.029105633599879017,1127.1860203557503,1252.4428103136886,-0.4874144401688684,-1.0419638335079384
AVAXUSDT,kalman,year2024,0.353857299667251,-0.11303056932296976,0.24082673034427726,3.969047313034935e-15,0.02591884826986463,0.03128036520330142,1309.3287073800063,1337.9738919465628,2.702585666019091,-0.8447890500951872
AVAXUSDT,kalman,year2025,-0.13282051300002282,0.008835605619416194,-0.12398490738062376,1.7139067942650854e-14,0.029901573206174363,0.030899985241409002,1360.3909503225586,1396.8701778513005,-0.9763407568135476,0.06325287603324266
AVAXUSDT,trend_ensemble_long,all,0.055928358428500066,0.0,0.0559283584285144,1.4335754805472334e-14,0.03283577842905387,0.0,2756.678805573379,0.0,0.2028831154192705,0.0
AVAXUSDT,trend_ensemble_long,development_2024_25,0.11073756452310013,0.0,0.11073756452310213,1.9984014443252818e-15,0.021256751625823342,0.0,1941.4929946831378,0.0,0.5703732376390732,0.0
AVAXUSDT,trend_ensemble_long,reused_2026,-0.04934487483380693,0.0,-0.049344874833795856,1.1074474670635936e-14,0.01042462879897468,0.0,733.9139657532363,0.0,-0.6723523074419617,0.0
AVAXUSDT,trend_ensemble_long,year2024,0.20332111530681304,0.0,0.20332111530681263,4.163336342344337e-16,0.009653849100423497,0.0,945.4734630878012,0.0,2.1504687677091545,0.0
AVAXUSDT,trend_ensemble_long,year2025,-0.07694002008774417,0.0,-0.07694002008774219,1.9845236565174673e-15,0.009642399171597215,0.0,827.7254665654061,0.0,-0.9295354945040155,0.0
AVAXUSDT,regime_gate_long,all,0.014842710747253667,0.0,0.014842710747265953,1.2285311656867748e-14,0.033671312479704764,0.0,2423.9818098112005,0.0,0.061232764566041605,0.0
AVAXUSDT,regime_gate_long,development_2024_25,0.019419382323290706,0.0,0.019419382323288215,2.491062911502695e-15,0.022763397855300366,0.0,1776.7964054931424,0.0,0.10929435844902521,0.0
AVAXUSDT,regime_gate_long,reused_2026,-0.004489488482754475,0.0,-0.004489488482739936,1.453871745216162e-14,0.01070012480981568,0.0,634.8568759239234,0.0,-0.070716544988519,0.0
AVAXUSDT,regime_gate_long,year2024,0.14714529088228312,0.0,0.14714529088227923,3.885780586188048e-15,0.01059248242340134,0.0,909.9401887961179,0.0,1.6170875041464141,0.0
AVAXUSDT,regime_gate_long,year2025,-0.11134239888720399,0.0,-0.1113423988872028,1.1796119636642288e-15,0.010609741877193492,0.0,755.6638410033643,0.0,-1.4734382253802758,0.0
AVAXUSDT,expanding_tree,all,-0.024548340983382395,-0.14201886715004072,-0.16656720813344983,2.6700863742235015e-14,0.03779517559402263,0.01874846970732246,3428.9478967488335,714.3965483156679,-0.07159146689472294,-1.9879556737064097
AVAXUSDT,expanding_tree,development_2024_25,-0.024235778385884827,-0.07875622455672372,-0.102992002942637,2.8449465006019636e-14,0.030068911877322003,0.01037091115375624,2851.0338189329873,354.701562107509,-0.08500698316849563,-2.220351782179435
AVAXUSDT,expanding_tree,reused_2026,-0.0003484501793996907,-0.07052628605413805,-0.07087473623353577,1.970645868709653e-15,0.008613372168416176,0.00933944689573429,644.268590371206,400.9941799717945,-0.005408461387182098,-1.7587857773671127
AVAXUSDT,expanding_tree,year2024,-0.03911942040551056,-0.03248607108249083,-0.07160549148801354,1.2156942119645464e-14,0.013931786125974005,0.004885906315502122,1411.2764885190902,188.6631405334846,-0.27719175316638456,-1.721908741189702
AVAXUSDT,expanding_tree,year2025,0.01603159204752398,-0.049838891818084805,-0.03380729977057832,1.749989042565403e-14,0.017381754850330045,0.005908053944702217,1550.8033677638973,178.84468300027717,0.10337604612401587,-2.786713643480671
AVAXUSDT,rolling_tree,all,-0.20550724069226906,-0.19126331406015135,-0.39677055475241163,8.770761894538737e-15,0.0391228117590317,0.03536353304631368,3634.8938214418363,2458.6158185652134,-0.565373435339444,-0.7779308691333803
AVAXUSDT,rolling_tree,development_2024_25,-0.07026985839624236,0.05535015313493117,-0.01491970526131381,2.615963001773025e-15,0.030301079815143937,0.019210241804458763,3196.4498932840834,940.7894433887627,-0.21983719670964713,0.588337311009333
AVAXUSDT,rolling_tree,reused_2026,-0.1372856436356808,-0.2503485944366617,-0.38763423807233094,1.1546319456101628e-14,0.008955343022294353,0.01639794372918598,445.0844570736834,1540.8148790338832,-3.084485235415742,-1.6247804836466433
AVAXUSDT,rolling_tree,year2024,-0.061722815808869846,-0.04359611260096329,-0.10531892840982604,7.105427357601002e-15,0.01197066979059612,0.004999046517494119,1697.0451869770206,235.5078834673357,-0.3637075564193897,-1.8511530042691735
AVAXUSDT,rolling_tree,year2025,-0.009553172475395623,0.11059389639263399,0.10104072391722774,1.0630385460785874e-14,0.02048820591673858,0.0158840906980475,1675.909722379702,788.3049975203842,-0.05700290622952309,1.402932833617793
AVAXUSDT,action_tcn,all,-0.38623705436690225,-0.15416728646919892,-0.5404043408361072,5.995204332975845e-15,0.06280194229175703,0.05110819998880854,4493.974732336136,2302.9599660697163,-0.8594553315748658,-0.6694310311103857
AVAXUSDT,action_tcn,development_2024_25,-0.23819278405815716,0.05332616058083184,-0.18486662347734695,2.1621593404574924e-14,0.04874679660795385,0.04152105700215829,3391.7306153181694,1676.7579744353072,-0.7022750656623504,0.3180313521323245
AVAXUSDT,action_tcn,reused_2026,-0.18161968896464492,-0.2545515286531325,-0.4361712176177583,1.915134717478395e-14,0.017242755711663064,0.011761440842416317,1352.225474707125,768.220281085505,-1.3431169014470865,-3.31352263042897
AVAXUSDT,action_tcn,year2024,0.02427217070940782,0.09786981828898672,0.12214198899839435,1.942890293094024e-16,0.016373070224058397,0.012747376222029948,1617.4177682803463,587.8897748348146,0.15006741724628275,1.6647647650698842
AVAXUSDT,action_tcn,year2025,-0.23389638507497343,-0.03969520626165479,-0.2735915913366473,1.9040324872321435e-14,0.02884993762045364,0.025641746821907327,1581.1839004630297,970.3479686847816,-1.4792484606406622,-0.40908218023538545
AVAXUSDT,vol_long,all,-0.2992566374795763,0.0,-0.299256637479531,4.529709940470639e-14,0.0010367680366114046,0.0,10658.461003462848,0.0,-0.2807690879408859,0.0
AVAXUSDT,vol_long,development_2024_25,-0.21984989585563236,0.0,-0.21984989585560732,2.503552920529728e-14,0.0007281569381507938,0.0,7954.885593447962,0.0,-0.2763709085102514,0.0
AVAXUSDT,vol_long,reused_2026,-0.10178392748025199,0.0,-0.10178392748022609,2.5895952049381776e-14,0.00039557912871020023,0.0,3465.455424094261,0.0,-0.2937101045149194,0.0
AVAXUSDT,vol_long,year2024,0.036081353054737725,0.0,0.036081353054759235,2.1510571102112408e-14,0.0004353876572300428,0.0,4183.400757650371,0.0,0.08624885624154977,0.0
AVAXUSDT,vol_long,year2025,-0.24701848764654252,0.0,-0.2470184876465391,3.4139358007223564e-15,0.00028257364159441404,0.0,3640.143531854744,0.0,-0.6785954605495471,0.0
AVAXUSDT,hold,all,-0.7375199088509277,0.0,-0.7375199088509141,1.354472090042691e-14,0.0002524665275340112,0.0,14300.772526362607,0.0,-0.5157203273399072,0.0
AVAXUSDT,hold,development_2024_25,-0.6826248532014324,0.0,-0.6826248532014265,5.88418203051333e-15,0.00019996000800003258,0.0,12854.43991337211,0.0,-0.5310420818034375,0.0
AVAXUSDT,hold,reused_2026,-0.1729658298806076,0.0,-0.17296582988058434,2.325917236589703e-14,0.0001654399220090871,0.0,4557.170363148938,0.0,-0.37954655213085065,0.0
AVAXUSDT,hold,year2024,-0.07979514062115028,0.0,-0.07979514062115334,3.0531133177191805e-15,0.00019996000799914196,0.0,7765.475855296584,0.0,-0.10275627934214045,0.0
AVAXUSDT,hold,year2025,-0.6551038134999662,0.0,-0.655103813499956,1.021405182655144e-14,9.678379533749855e-16,0.0,5530.251232872934,0.0,-1.1845823741350054,0.0
BCHUSDT,trend24,all,0.013652760166298914,-0.44189662646341926,-0.42824386629712763,7.271960811294775e-15,0.062454315719847886,0.06504152337004375,2688.047636616857,2769.003575694965,0.05079061836672696,-1.5958687462240346
BCHUSDT,trend24,development_2024_25,-0.07953168985226503,-0.5428398903440207,-0.6223715801962852,4.440892098500626e-16,0.051443103039838886,0.05224318356225711,2245.46251073379,2228.535378185887,-0.35418845548338734,-2.4358594243449394
BCHUSDT,trend24,reused_2026,0.24676228041046205,0.26730844022033673,0.5140707206307779,2.098321516541546e-14,0.02915885590849452,0.03389135757959905,1172.0122286164676,1431.2169560490297,2.1054582399857638,1.867700344735012
BCHUSDT,trend24,year2024,0.2259889138940972,-0.21729668678462682,0.008692227109477813,7.438494264988549e-15,0.029131511319476503,0.030192905796871367,1288.3223424723458,1283.985656332584,1.7541333130993817,-1.6923607028857774
BCHUSDT,trend24,year2025,-0.302887833905359,-0.32273789250094154,-0.6256257264063074,6.8833827526759706e-15,0.022119325519438952,0.021860263391315426,948.8921819138415,936.4102314538671,-3.192015275059574,-3.446543850763568
BCHUSDT,trend72,all,0.4186749398241423,-0.32242113223289426,0.09625380759128999,4.196643033083092e-14,0.05210917543000916,0.05591989207506851,4480.990714230015,4688.589751005207,0.9343356559400607,-0.6876718786576902
BCHUSDT,trend72,development_2024_25,0.2447125841767308,-0.4715443133765469,-0.22683172919976058,5.551115123125783e-14,0.0417529779131141,0.043397090256648965,3709.436544943644,3564.5633457637323,0.6597028449247906,-1.3228669759423655
BCHUSDT,trend72,reused_2026,0.22499934647778314,0.19287286710473556,0.41787221358250093,1.7763568394002505e-14,0.013394493680109584,0.016196735292122483,997.9123541733054,1453.7927223501981,2.254700480827076,1.3266875266299154
BCHUSDT,trend72,year2024,0.4868140556215352,0.17072401493496592,0.6575380705565348,3.375077994860476e-14,0.020796688203842756,0.02048055383846589,1963.774930186247,1892.3258276522995,2.4789707218401302,0.9021914325757179
BCHUSDT,trend72,year2025,-0.14606088134284384,-0.3874833041366374,-0.533544185479468,1.3211653993039363e-14,0.012643021648507337,0.013825647099911631,1053.1653213680174,1008.8682412886984,-1.3868751503621188,-3.8407721472298273
BCHUSDT,trend168,all,0.16823439838909898,-0.12943962931518294,0.038794769073876356,3.9690473130349346e-14,0.0213640155824711,0.024347033302103326,3420.27897705205,3648.0204803657125,0.49187332237471687,-0.3548215532556623
BCHUSDT,trend168,development_2024_25,-0.05839295887953961,-0.38214824304700273,-0.44054120192656854,2.6201263381153694e-14,0.01571895004867531,0.018141809601063676,2745.50885170151,2509.5179001938254,-0.21268537831648576,-1.522795446159149
BCHUSDT,trend168,reused_2026,0.40508319477512744,0.4517019208600429,0.8567851156351463,2.4091839634365897e-14,0.010090225684599658,0.011091475766237197,1206.112277926806,2035.0070176614765,3.3585861133212864,2.2196578043210637
BCHUSDT,trend168,year2024,0.13232825972721815,-0.15895895209650343,-0.02663069236930049,1.5210055437364645e-14,0.008494470659360136,0.009794579601665541,1589.1538531050237,1520.949653841221,0.8326963400596107,-1.045129611588694
BCHUSDT,trend168,year2025,-0.1959392155799494,-0.2292955913041573,-0.4252348068841179,1.1213252548714081e-14,0.007422136010123889,0.008575604278828476,1187.9920494012667,1015.614770881672,-1.6493310344854608,-2.2577024072336207
BCHUSDT,trend336,all,-0.22497775695905525,-0.11343046635477887,-0.3384082233138216,1.2545520178264269e-14,0.015220597022210127,0.014013659576777903,3138.8551008040854,3068.178093543907,-0.7167510118623264,-0.3696997465481566
BCHUSDT,trend336,development_2024_25,-0.2569154813840554,-0.24485329768263667,-0.501768779066672,1.9984014443252818e-14,0.012405238041184194,0.01056567869462036,2642.716548947333,2115.981527743182,-0.972164349167117,-1.1571617921626518
BCHUSDT,trend336,reused_2026,0.06410221415906417,0.26377879547906646,0.32788100963811545,1.5154544286133387e-14,0.00565070766892522,0.006920443234565874,995.7998034072299,1911.15394980064,0.6437259169938772,1.3802069451630636
BCHUSDT,trend336,year2024,0.02650596115306371,-0.061602264710936744,-0.03509630355786231,1.0727529975440575e-14,0.0051626174090996365,0.005259710636441928,1389.4206907242797,1236.7438810309352,0.1907698750278912,-0.49810042043293407
BCHUSDT,trend336,year2025,-0.2937302899576103,-0.18991639647292913,-0.48364668643052994,9.492406860545088e-15,0.007506055432049922,0.0054989612722419635,1298.881808458498,911.2180313478269,-2.2614089137656563,-2.0842036695873385
BCHUSDT,trend_ensemble,all,0.24060804110023387,-0.3454833223954049,-0.10487528129518597,1.4932499681208355e-14,0.036312174742806944,0.03912089455929851,2573.863252363147,2730.059637310556,0.9348128377811987,-1.2654790308381263
BCHUSDT,trend_ensemble,development_2024_25,0.03719040447477259,-0.48168485962466046,-0.44449445514989905,1.1213252548714081e-14,0.029983508286875668,0.029727839817918343,2149.1766304804755,2008.2276410767208,0.17304489518136165,-2.398557064807667
BCHUSDT,trend_ensemble,reused_2026,0.36618470960600763,0.24518483837278066,0.6113695479787817,6.5503158452884236e-15,0.011392625176476014,0.016909020672178546,764.5047395472344,1299.414565571287,4.789829162117093,1.886886947930934
BCHUSDT,trend_ensemble,year2024,0.3332136504036962,-0.08610457687073451,0.24710907353295286,8.826273045769994e-15,0.01476375827266037,0.016099030721052763,1184.689722725965,1149.4425432770986,2.812666000317562,-0.7490985728198952
BCHUSDT,trend_ensemble,year2025,-0.23736756648744056,-0.31719782266781293,-0.5545653891552553,1.7763568394002505e-15,0.012204024761923225,0.010928321656947243,773.3781496931956,688.6206796385165,-3.0692303187206145,-4.606277912454245
BCHUSDT,breakout,all,0.36661820855772925,0.04240779831375864,0.4090260068714451,4.2799097599299785e-14,0.07191461109904766,0.07833163532522568,4019.430369374965,4191.0574164578875,0.9121148393341608,0.10118639307404192
BCHUSDT,breakout,development_2024_25,0.11248967797957689,-0.28453396372904893,-0.17204428574951613,4.4075854077618715e-14,0.054531575549527936,0.05689922108475443,3181.4145494840136,2900.653933754442,0.3535838421240053,-0.9809304047545042
BCHUSDT,breakout,reused_2026,0.3069349316686643,0.3948783206826167,0.7018132523512826,1.5543122344752192e-15,0.020995127215537025,0.025885942776387727,1012.150535913112,1558.5416713641464,3.0325027827186086,2.533639798908881
BCHUSDT,breakout,year2024,0.4011741877344214,0.03243870661328933,0.43361289434768047,3.0253577421035516e-14,0.025695814602352027,0.028498252086131264,1594.5145117708505,1501.714418987599,2.515964481808834,0.21601115500481322
BCHUSDT,breakout,year2025,-0.201368522069691,-0.2211005994659154,-0.4224691215356161,9.71445146547012e-15,0.020114049657942494,0.01981076559132521,1106.9236639610658,975.8139873618989,-1.819172618905849,-2.265806827217738
BCHUSDT,range_only,all,-0.05416663062658126,-0.19100678693583087,-0.24517341756242372,1.1601830607332886e-14,0.03479083091174335,0.03231659810822479,2431.466215163134,2190.4976769396185,-0.22277352771256606,-0.8719789523022443
BCHUSDT,range_only,development_2024_25,0.20121256307495278,-0.01042669954872345,0.19078586352622517,4.163336342344337e-15,0.02218664240319751,0.02146862141624088,1429.7519306561323,1551.1941323800168,1.4073249964601455,-0.06721724464445744
BCHUSDT,range_only,reused_2026,-0.21446273551257164,-0.15164782595954152,-0.36611056147211946,6.2727600891321345e-15,0.010584764981355743,0.009109930697245808,841.2211760229221,536.8753225424241,-2.5494215032305347,-2.824637668973102
BCHUSDT,range_only,year2024,-0.0014661010472754293,-0.1504035464926095,-0.1518696475398953,1.0352829704629585e-14,0.008950637702129357,0.008093346089837836,637.6604026683079,689.7284704098338,-0.02299187845349167,-2.180619663318238
BCHUSDT,range_only,year2025,0.23897112458519407,0.16504166669411874,0.4040127912793201,7.327471962526033e-15,0.015606097179137047,0.01577030616532758,933.9266372088525,1015.7231839084615,2.558778335088362,1.6248685597491743
BCHUSDT,down_rebound,all,0.48692996950297424,-0.17846259721993457,0.3084673722829858,5.384581669432009e-14,0.0621734077056248,0.07543695432231395,4284.445696986943,2990.2277603405287,1.1365063393040786,-0.59681941150734
BCHUSDT,down_rebound,development_2024_25,0.18388007749286478,-0.3628678777441776,-0.1789878002513432,3.036459972349803e-14,0.04580596901967002,0.051976125419956797,3400.385311942388,2018.0985727886175,0.5407624743203815,-1.7980681550295394
BCHUSDT,down_rebound,reused_2026,0.3691174042272266,0.224607235532793,0.593724639759991,2.853273173286652e-14,0.019935682674344517,0.0285754936522739,1076.7932380483508,1184.0618054756267,3.427932041031746,1.8969215499909682
BCHUSDT,down_rebound,year2024,0.3567446163989377,0.010065590148739412,0.3668102065476593,1.7819079545233762e-14,0.022927623658031582,0.02728042702842864,1796.3402507447151,1038.5994098644808,1.9859523620374302,0.09691503820566197
BCHUSDT,down_rebound,year2025,-0.12647296462813276,-0.272849490080182,-0.3993224547083239,9.159339953157541e-15,0.016738494673247596,0.018068125532882496,1173.5682492810986,716.6314373655375,-1.0776788201760505,-3.807389347629298
BCHUSDT,selected_trend,all,0.4074812266397548,-0.25246643366681953,0.15501479297298593,5.0681681074138396e-14,0.04851504204532419,0.051582355219572815,4422.143460322493,4852.487704641083,0.9214563713182621,-0.5202824799027355
BCHUSDT,selected_trend,development_2024_25,0.2447125841767308,-0.4715443133765469,-0.22683172919976058,5.551115123125783e-14,0.0417529779131141,0.043397090256648965,3709.436544943644,3564.5633457637323,0.6597028449247906,-1.3228669759423655
BCHUSDT,selected_trend,reused_2026,0.21052162719320625,0.28335084092752405,0.49387246812072394,6.328271240363392e-15,0.008745915200595688,0.010586653995063705,921.8005216913376,1665.774977475902,2.28380893956251,1.7010151116381693
BCHUSDT,selected_trend,year2024,0.4868140556215352,0.17072401493496592,0.6575380705565348,3.375077994860476e-14,0.020796688203842756,0.02048055383846589,1963.774930186247,1892.3258276522995,2.4789707218401302,0.9021914325757179
BCHUSDT,selected_trend,year2025,-0.14606088134284384,-0.3874833041366374,-0.533544185479468,1.3211653993039363e-14,0.012643021648507337,0.013825647099911631,1053.1653213680174,1008.8682412886984,-1.3868751503621188,-3.8407721472298273
BCHUSDT,selected_breakout,all,-0.08073173087544352,-0.18602861359258538,-0.26676034446805363,2.475797344914099e-14,0.04143807260410008,0.04192275151171867,3430.8878941074436,3453.976475213764,-0.2353085655002031,-0.5385925900988432
BCHUSDT,selected_breakout,development_2024_25,-0.20059251986085683,-0.31211898954147954,-0.5127115094023529,1.6542323066914832e-14,0.03599834859982866,0.035313384061283586,2940.3306624599477,2645.744060964282,-0.6822107541232677,-1.1797021266967258
BCHUSDT,selected_breakout,reused_2026,0.24597500515230106,0.2587591916941184,0.5047341968464029,1.6542323066914832e-14,0.011163251562949393,0.013563561582028852,1006.7080202239933,1658.632267834206,2.4433599436068008,1.5600757124543263
BCHUSDT,selected_breakout,year2024,0.14924393174314696,0.1146021796901184,0.26384611143322667,3.8691272408186705e-14,0.018917459501189046,0.019251688672525316,1662.1138273003523,1592.6841723409668,0.8979164320265163,0.7195537048734104
BCHUSDT,selected_breakout,year2025,-0.2768030446422645,-0.3376369681176513,-0.6144400127598982,1.765254609153999e-14,0.013515007044069258,0.012708584726778169,1011.3706277974551,833.2184425753583,-2.736910060806109,-4.052202290122913
BCHUSDT,regime_gate,all,0.1682096617271213,-0.15486670830908733,0.013342953418014725,1.9234613901630837e-14,0.03960138924072267,0.04797241045191205,2443.486239496781,2203.1109314502905,0.6884002823840862,-0.7029455761773185
BCHUSDT,regime_gate,development_2024_25,-0.04388823402449009,-0.28496779383297016,-0.32885602785746904,8.770761894538737e-15,0.03129365239111849,0.03431642217714446,2008.7627075940065,1516.4077981149533,-0.21848391479278892,-1.8792292824345382
BCHUSDT,regime_gate,reused_2026,0.31602443671589464,0.19384974152200732,0.5098741782378862,1.5765166949677223e-14,0.012378471973879056,0.020347330590145683,647.7351357488644,1023.1830454248678,4.878914532720694,1.8945753879406093
BCHUSDT,regime_gate,year2024,0.19983535296490557,0.01876122535465564,0.21859657831955914,2.0539125955565396e-15,0.016366627191756303,0.017573005074401005,1090.0285356070046,818.8288967797444,1.833303867165488,0.22912265832873013
BCHUSDT,regime_gate,year2025,-0.20000350511856002,-0.24924493026762565,-0.44924843538619125,5.6066262743570405e-15,0.012249357551903277,0.013739918034098355,753.9280745839067,572.4444937283246,-2.6528194381001406,-4.354045379042712
BCHUSDT,gate_no_range,all,0.19011580855901683,-0.14393956423764187,0.0461762443213638,1.1157741397482823e-14,0.03860419599446569,0.04618820448122685,2514.153489291941,2323.0571040609625,0.7561821876378717,-0.6196126818665778
BCHUSDT,gate_no_range,development_2024_25,-0.040014734243233756,-0.28992345310516754,-0.3299381873484214,2.0095036745715333e-14,0.030448390778896876,0.03335624494299657,2059.858277258053,1613.0558179337095,-0.19425964730204023,-1.7973553666391617
BCHUSDT,gate_no_range,reused_2026,0.3434467364907344,0.21786630145334793,0.5613130379440958,1.354472090042691e-14,0.012171720670507324,0.01915041164254899,677.9900054834407,1059.6056553612948,5.065660757725178,2.0561073862810013
BCHUSDT,gate_no_range,year2024,0.2194695406389508,0.02520775228861934,0.24467729292756046,9.686695889854491e-15,0.015834533994277433,0.017340312314368965,1120.1954898673396,873.541432541161,1.9592075010491403,0.2885696241709927
BCHUSDT,gate_no_range,year2025,-0.20847514159422073,-0.2531830597251262,-0.4616582013193553,8.326672684688674e-15,0.011741080895150519,0.012867538212219738,754.944910403697,594.1414610795729,-2.7614616473504188,-4.261326238116508
BCHUSDT,adaptive14,all,0.21818804445115314,-0.07644403884549104,0.1417440056056749,1.2823075934420558e-14,0.03669183152859205,0.045166557369313534,2416.5877881873607,2197.8654155188774,0.9028765498099784,-0.34781037230818773
BCHUSDT,adaptive14,development_2024_25,-0.03973000004846305,-0.22149794829233932,-0.261227948340781,2.1371793224034263e-14,0.028572762352092034,0.03156189940787774,1957.975227403662,1464.3131858773247,-0.20291370131963468,-1.5126405363865627
BCHUSDT,adaptive14,reused_2026,0.34911721947298124,0.19634460876134868,0.5454618282343184,1.1546319456101628e-14,0.010989951715505864,0.018415230964518615,620.7768143823172,992.9344619819562,5.623876591144249,1.977417606892535
BCHUSDT,adaptive14,year2024,0.18193451529136642,0.02120237903626657,0.20313689432762438,8.604228440844963e-15,0.014471559059138535,0.01625228250973106,1047.8266716437531,790.8607328698703,1.736303533922848,0.26809244858228726
BCHUSDT,adaptive14,year2025,-0.1842388147058753,-0.20172295311768276,-0.3859617678235332,2.4868995751603507e-14,0.011720364789273617,0.012724750583517344,756.4796325762637,559.7471544448105,-2.435476208109297,-3.6038227531100757
BCHUSDT,adaptive42,all,0.2587206081685705,-0.08199745523855571,0.17672315292999397,2.0816681711721685e-14,0.03824605357419708,0.04648029261597142,2514.6218918074997,2252.2003505664675,1.0288648524514483,-0.36407709117855314
BCHUSDT,adaptive42,development_2024_25,-0.004212492756704957,-0.24205725398572825,-0.2462697467424484,1.5182299861749016e-14,0.029831160920021454,0.03243332705398024,2047.2883929151442,1505.256331099935,-0.020575961702722148,-1.6080799594368747
BCHUSDT,adaptive42,reused_2026,0.3488424403676292,0.21235687177927268,0.5611993121468942,7.66053886991358e-15,0.011164329171885099,0.018636595123098093,620.0275189599774,990.9964688803589,5.626241250594345,2.142862042880903
BCHUSDT,adaptive42,year2024,0.20712864487796104,0.043631536273453134,0.25076018115140397,1.021405182655144e-14,0.015095374160715472,0.016907004955353733,1102.7507077607395,826.9866903617304,1.8782907453177633,0.5275965959545051
BCHUSDT,adaptive42,year2025,-0.16897015176811364,-0.22841212453388685,-0.39738227630200446,3.941291737419306e-15,0.011781464569603387,0.012413508466773812,755.1708947792841,542.2859241599892,-2.2375087935228093,-4.21202384863117
BCHUSDT,adaptive126,all,0.28641621826570074,-0.131138990825292,0.1552772274403802,2.853273173286652e-14,0.038197080679766904,0.04531645019673045,2460.552109027418,2171.2133551500474,1.164032321099318,-0.6039894260701492
BCHUSDT,adaptive126,development_2024_25,0.02186243693504368,-0.2855893731367615,-0.26372693620173127,1.3433698597964394e-14,0.02934912246738681,0.031170755350985513,1998.139073165736,1441.9605697922514,0.10941399039059929,-1.980562985698752
BCHUSDT,adaptive126,reused_2026,0.3593147628759948,0.20977323483042326,0.5690879977063975,2.0539125955565396e-14,0.012017223836405808,0.01921256601833353,628.0455697729799,990.4651157489631,5.72115751100476,2.1179265326452046
BCHUSDT,adaptive126,year2024,0.2065168489382293,0.00016275994214983575,0.20667960888036752,1.1629586182948515e-14,0.01450954095020561,0.01588269304013137,1067.3216159445801,777.3640474254889,1.934907396731226,0.002093741570489037
BCHUSDT,adaptive126,year2025,-0.15302687693091918,-0.23680862009763293,-0.38983549702855363,1.4988010832439613e-15,0.012297863830607271,0.012669529010305698,771.3874091937515,550.7646913694156,-1.9837875898293666,-4.299633288198531
BCHUSDT,filtered_moe,all,-0.07809945846036345,-0.01776809614267022,-0.09586755460304519,1.1518563880485999e-14,0.017204329767403374,0.020627420906896836,1604.3116143694313,1468.115014637291,-0.48680978034968697,-0.12102659509316417
BCHUSDT,filtered_moe,development_2024_25,-0.2033737187412186,-0.10165367152344391,-0.3050273902646705,7.993605777301127e-15,0.01337642824985281,0.013752495113414252,1273.4174220251577,941.0507658866737,-1.5970703339191532,-1.08021453473516
BCHUSDT,filtered_moe,reused_2026,0.18025783826007774,0.12070342658931599,0.3009612648493887,5.051514762044462e-15,0.005507989040040536,0.009892369421725567,476.1255158966475,758.3957142589294,3.7859310673701905,1.5915626146076263
BCHUSDT,filtered_moe,year2024,-0.022966535142082283,0.0681552738501929,0.04518873870810092,9.700573677662305e-15,0.005604584069510119,0.0059640284033361315,572.7414090401688,466.6184195992392,-0.40099309705178904,1.4606211625492385
BCHUSDT,filtered_moe,year2025,-0.17260727839655787,-0.16246725503714116,-0.33507453343369725,1.7763568394002505e-15,0.007435828470510533,0.007451732325115755,670.382283156873,453.920262166098,-2.5747589507249384,-3.579202529136964
BCHUSDT,kalman,all,0.31655682226130766,-0.3122573439644401,0.004299478296866166,1.3877787807814457e-15,0.08369780772196389,0.08928349102045786,3530.370095302656,3705.9692332110335,0.8966675269612759,-0.8425794287932742
BCHUSDT,kalman,development_2024_25,0.11252171553108968,-0.4813394427935139,-0.3688177272624136,1.0658141036401503e-14,0.06440085470587277,0.06624201349476226,2775.039932162232,2705.396549748349,0.40547782475842054,-1.779182585407996
BCHUSDT,kalman,reused_2026,0.3232586141009151,0.26788157103292026,0.5911401851338163,1.9095836023552692e-14,0.030572710688460375,0.03650526721189316,1196.6910285112688,1585.23571823867,2.7012704733239428,1.6898532372873807
BCHUSDT,kalman,year2024,0.20300171140697945,-0.13869778224715892,0.0643039291598353,1.4765966227514582e-14,0.033454455400299246,0.03491816692687312,1487.6087034624015,1436.4784508311861,1.3646176641377132,-0.9655402917245612
BCHUSDT,kalman,year2025,-0.08501330625295624,-0.3219396745221427,-0.40695298077510283,3.885780586188048e-15,0.029076656073235303,0.029431298438047003,1209.6462236272428,1192.2516342853783,-0.7027947890254682,-2.7002661624792794
BCHUSDT,trend_ensemble_long,all,0.17128813450137498,0.0,0.17128813450136926,5.717648576819556e-15,0.04410335210172926,0.0,3207.7111079151623,0.0,0.5339886565180832,0.0
BCHUSDT,trend_ensemble_long,development_2024_25,-0.07202533839542875,0.0,-0.07202533839542757,1.1796119636642288e-15,0.03496342518233302,0.0,2573.9274819809093,0.0,-0.2798266031178067,0.0
BCHUSDT,trend_ensemble_long,reused_2026,0.2621984014909281,0.0,0.26219840149092055,7.549516567451064e-15,0.009849328109446736,0.0,682.9751416254937,0.0,3.8390621489808683,0.0
BCHUSDT,trend_ensemble_long,year2024,0.35153923431006856,0.0,0.3515392343100552,1.3378187446733136e-14,0.0145187672043128,0.0,1230.659100130864,0.0,2.856511882719488,0.0
BCHUSDT,trend_ensemble_long,year2025,-0.3133942115426061,0.0,-0.31339421154259534,1.0769163338864018e-14,0.015126943753473033,0.0,993.8804200055415,0.0,-3.1532386113498316,0.0
BCHUSDT,regime_gate_long,all,0.16095388337227176,0.0,0.16095388337225125,2.0511370379949767e-14,0.040838377823623845,0.0,2725.1674337294103,0.0,0.5906201629307057,0.0
BCHUSDT,regime_gate_long,development_2024_25,-0.06765341281409044,0.0,-0.06765341281410686,1.6417422976644502e-14,0.03120795988759927,0.0,2187.7016473982567,0.0,-0.3092442376434093,0.0
BCHUSDT,regime_gate_long,reused_2026,0.24519561644599236,0.0,0.24519561644598795,4.413136522884997e-15,0.010329225277793015,0.0,576.465655281036,0.0,4.253429743814585,0.0
BCHUSDT,regime_gate_long,year2024,0.19223579277458333,0.0,0.19223579277457525,8.076872504148014e-15,0.015012806340213118,0.0,1088.6606451695525,0.0,1.7658008822817668,0.0
BCHUSDT,regime_gate_long,year2025,-0.21798473688150122,0.0,-0.21798473688150818,6.966649479522857e-15,0.013583851152209362,0.0,921.8319135269475,0.0,-2.364690717285836,0.0
BCHUSDT,expanding_tree,all,0.550708194432425,-0.07692138691573851,0.47378680751671,2.348121697082206e-14,0.0677898045713177,0.017830980518113864,6153.050342550109,616.5673394329855,0.895016558899445,-1.2475747902326098
BCHUSDT,expanding_tree,development_2024_25,0.5485543605964601,-0.017475376510797176,0.5310789840856862,2.3314683517128287e-14,0.046758456033252425,0.010533972530703579,4233.200356742039,369.94512331510595,1.2958384068044424,-0.47237753411097894
BCHUSDT,expanding_tree,reused_2026,0.0014067424726956494,-0.038826220608364416,-0.03741947813566873,3.469446951953614e-17,0.013736292351125536,0.004765925248309667,1253.919625155423,161.0773961900829,0.01121876111095465,-2.4104077621509776
BCHUSDT,expanding_tree,year2024,0.19456244376407308,-0.024501650065565456,0.17006079369851856,1.0935696792557792e-14,0.020600390758218828,0.006303447700880986,1728.6001929779568,226.50894366722972,1.1255491267121138,-1.0817078420338881
BCHUSDT,expanding_tree,year2025,0.302541473689954,0.006005049987666442,0.30854652367763097,1.0547118733938987e-14,0.022356159112338878,0.0036156453174112967,2140.5726755847745,122.58865558128805,1.4133669795037624,0.48985364585261454
BCHUSDT,rolling_tree,all,0.1981239052557503,-0.3789576823384209,-0.18083377708269166,2.1038726316646716e-14,0.07070364875071286,0.04185220057940806,6785.845377657733,3037.334323373437,0.29196643045842086,-1.2476653604517556
BCHUSDT,rolling_tree,development_2024_25,0.4604331303905991,-0.01724398198268212,0.44318914840789203,2.4924506902834764e-14,0.05531345029367194,0.02025806441101893,5686.234938930925,676.4848617774938,0.8097328642512363,-0.25490565949063215
BCHUSDT,rolling_tree,reused_2026,-0.1817566501412687,-0.2506349917852256,-0.43239164192649165,2.609024107869118e-15,0.010664020356596499,0.01496279000726379,761.9309221801477,1635.855885003295,-2.385474126987787,-1.532133692722698
BCHUSDT,rolling_tree,year2024,0.3220707498475488,-0.05512938071074382,0.26694136913680677,1.7763568394002505e-15,0.021535037909185713,0.005427713010255026,2872.844443098505,237.0861880283711,1.1210866311305723,-2.3252885867879707
BCHUSDT,rolling_tree,year2025,0.10920977395924748,0.02990304022819444,0.1391128141874209,2.1010970741031088e-14,0.026661385607370414,0.011705633553404392,2220.6161740138305,346.81847515050686,0.49179941692421136,0.8622101292388645
BCHUSDT,action_tcn,all,-0.02601232646572917,-0.3286678050135739,-0.35468013147930166,1.3877787807814457e-15,0.08478961357831202,0.06075856527213123,6706.715769117335,2927.6630296202043,-0.03878549108269818,-1.1226285323424359
BCHUSDT,action_tcn,development_2024_25,0.2213533448008157,-0.18694281637139173,0.03441052842940828,1.5681900222830336e-14,0.0672684156933878,0.05068563935940958,4991.438469799966,1998.3313015898223,0.4434660391790556,-0.9354946110420466
BCHUSDT,action_tcn,reused_2026,-0.2391368460277867,-0.13701038876447788,-0.376147234792248,1.659783421814609e-14,0.016938340633024507,0.009737841636256165,1658.2171702387357,898.4167334814615,-1.4421322509485164,-1.5250204460634642
BCHUSDT,action_tcn,year2024,0.19658703873322353,-0.004609318250579992,0.19197772048263761,5.9119376061289586e-15,0.021818898100120547,0.013241598921653804,2276.1086237025297,531.7378565990933,0.8636979654048179,-0.0866840341227616
BCHUSDT,action_tcn,year2025,0.02077749075508247,-0.15296720315123344,-0.13218971239615923,8.271161533457416e-15,0.03812950260082422,0.03141337274541886,2278.003858157673,1230.3866253447236,0.09120919914457996,-1.2432450093349792
BCHUSDT,vol_long,all,0.15127906190285617,0.0,0.15127906190290008,4.390932062392494e-14,0.002128907229133662,0.0,19977.299025422184,0.0,0.07572548306472535,0.0
BCHUSDT,vol_long,development_2024_25,0.7119129095729367,0.0,0.7119129095729746,3.785860513971784e-14,0.001541770832331532,0.0,14494.303055950775,0.0,0.49116739647626867,0.0
BCHUSDT,vol_long,reused_2026,-0.3274897014532866,0.0,-0.327489701453283,3.608224830031759e-15,0.0003429709499349397,0.0,3202.8474923056115,0.0,-1.0224954583071293,0.0
BCHUSDT,vol_long,year2024,0.4124410020566754,0.0,0.4124410020566682,7.16093850883226e-15,0.0008123315671433502,0.0,6240.346454778702,0.0,0.6609264486282461,0.0
BCHUSDT,vol_long,year2025,0.21202436567629898,0.0,0.21202436567633098,3.200217868482014e-14,0.0005164387497432022,0.0,5843.753182719432,0.0,0.36282224633182053,0.0
BCHUSDT,hold,all,0.2990226474952275,0.0,0.2990226474953228,9.531264666406969e-14,0.0004598165088020431,0.0,38282.649585402956,0.0,0.07810918281091073,0.0
BCHUSDT,hold,development_2024_25,1.3036964733346144,0.0,1.3036964733347274,1.1302070390684094e-13,0.00019996000800190318,0.0,29055.254217266644,0.0,0.4486956003158519,0.0
BCHUSDT,hold,reused_2026,-0.43611380121838156,0.0,-0.4361138012183888,7.216449660063518e-15,0.00011279979971666288,0.0,4005.4735834096878,0.0,-1.0887946010297653,0.0
BCHUSDT,hold,year2024,0.6700501764047265,0.0,0.6700501764047808,5.4289905904170155e-14,0.00019996000799984054,0.0,13347.399883814594,0.0,0.5020080182187745,0.0
BCHUSDT,hold,year2025,0.3794175204328155,0.0,0.37941752043285054,3.502753642692369e-14,1.2350847396022233e-15,0.0,9405.61819960841,0.0,0.40339455884846787,0.0
BNBUSDT,trend24,all,0.37239633014705625,-0.2889878437274716,0.08340848641965093,6.628031457012185e-14,0.13332855697557142,0.12428380056464244,5896.003678886335,5115.727715082077,0.6316080355930107,-0.564900752781435
BNBUSDT,trend24,development_2024_25,0.2521908476217304,-0.4233667735011758,-0.1711759258794,4.54081217071689e-14,0.09229680610933753,0.0857752586741545,4119.209785955424,3453.4657060917507,0.6122311334605561,-1.2259185685683134
BNBUSDT,trend24,reused_2026,0.14503135982490192,0.16213203014920036,0.3071633899741274,2.5091040356528538e-14,0.04950598341363262,0.04646165946777831,2143.7527557535395,2005.5667552297173,0.6765302548797083,0.8084100403361033
BNBUSDT,trend24,year2024,0.20377948817353508,-0.17952952131523384,0.024249966858318484,1.7236212457305555e-14,0.0522471951865829,0.04703126644732518,2281.4342725221895,1912.2387533370793,0.8932077975152496,-0.938844697096186
BNBUSDT,trend24,year2025,0.04726518039018096,-0.23806420314941654,-0.19079902275920813,2.7450264283856995e-14,0.03910140319125299,0.0378266961000436,1794.2646550140905,1504.737127287469,0.263423683112176,-1.5820982870181821
BNBUSDT,trend72,all,0.3707707560849542,-0.45290297446319294,-0.08213221837820261,3.6137759451548845e-14,0.08051802859503786,0.07808425463987383,7232.338432543135,5502.905182521195,0.5126568115460529,-0.8230252193000576
BNBUSDT,trend72,development_2024_25,0.5248551844147765,-0.4429043765209188,0.0819508078938922,3.447242491461111e-14,0.05863814194046324,0.05753121102610177,5427.834216503203,3966.253526540164,0.9669698142566083,-1.1166819608409462
BNBUSDT,trend72,reused_2026,-0.14241352490854958,-0.009241268521012702,-0.15165479342956095,1.3322676295501878e-15,0.020222626107341834,0.018996282884413462,1667.8246394145672,1420.2601862946542,-0.853887882112948,-0.06506743348993282
BNBUSDT,trend72,year2024,0.4645234649062713,-0.10356470674664124,0.3609587581596534,2.3370194668359545e-14,0.027447265690845168,0.02764539538575049,2701.991027164481,1895.949510011833,1.719189517049399,-0.5462419025388228
BNBUSDT,trend72,year2025,0.044330306959549856,-0.24933868696590572,-0.20500838000634763,8.215650382226158e-15,0.022918311126338402,0.02195938375146957,2002.8844908017077,1521.2099588733204,0.22133231927820995,-1.639081347788294
BNBUSDT,trend168,all,0.4192064362842428,-0.42962810696849874,-0.010421670684264916,8.992806499463768e-15,0.04147580839966638,0.04211944103210785,6836.762927942399,4824.561683339821,0.6131650909978353,-0.8905018427934931
BNBUSDT,trend168,development_2024_25,0.4003363375220659,-0.48332694604023974,-0.08299060851817308,7.771561172376096e-16,0.02824570792347095,0.028853355918281778,4876.536996005668,3283.2920563728453,0.8209439154260044,-1.4720802710867762
BNBUSDT,trend168,reused_2026,0.020577868599234373,0.05855865770901991,0.07913652630824372,1.0560996521746802e-14,0.01442744272751281,0.014466684024237689,2137.6290691735817,1680.7566435894246,0.09626491750128512,0.3484065223384274
BNBUSDT,trend168,year2024,0.22589759646415197,-0.2679467562688574,-0.04204915980470314,2.275957200481571e-15,0.014260839482426547,0.01367014566679475,2770.3749668048936,1697.1745908539397,0.8154044097672538,-1.5787813328859643
BNBUSDT,trend168,year2025,0.18209571278454234,-0.22483428244342157,-0.04273856965888065,1.4155343563970746e-15,0.014598732893426258,0.01584967580214412,2198.6118084842356,1655.7399388005592,0.8282303955698417,-1.3579081906201682
BNBUSDT,trend336,all,0.41802751571724656,0.05603894888228247,0.47406646459953317,4.163336342344337e-15,0.03878946129161022,0.03078353330386044,8944.192098208105,5284.187825634171,0.46737314128236906,0.10605025924784774
BNBUSDT,trend336,development_2024_25,0.40520845184553345,-0.20632198751096453,0.198886464334582,1.3100631690576847e-14,0.02343492230159127,0.019018308106913306,5865.255719288816,3294.8241863212256,0.6908623787926955,-0.6262002942904503
BNBUSDT,trend336,reused_2026,0.010692475270231917,0.21883718283437725,0.22952965810460152,7.66053886991358e-15,0.012807333677373012,0.009813460696194607,2568.163433747824,1659.3428139311782,0.04163471502523482,1.318818396036719
BNBUSDT,trend336,year2024,0.2054169673652062,-0.0821650989437837,0.12325186842143077,8.257283745649602e-15,0.01296070345059427,0.007522728551021767,3034.806916575217,1445.499413630622,0.6768699723309562,-0.5684201471753754
BNBUSDT,trend336,year2025,0.17786882007247903,-0.11053343605087036,0.0673353840216129,4.232725281383409e-15,0.009324906679850002,0.01023419580155867,2519.870104192561,1646.4025786928482,0.7058650355688605,-0.6713633559698852
BNBUSDT,trend_ensemble,all,0.33030015197448237,-0.20695331699372047,0.12334683498072119,4.0717429428127616e-14,0.07365482522331981,0.06259393222046356,5332.119117665891,3676.104169898838,0.6194538131756322,-0.5629691309847065
BNBUSDT,trend_ensemble,development_2024_25,0.28970607931543535,-0.2797697282454154,0.009936351069991689,2.8255175976710234e-14,0.05098434929119399,0.04348889813463259,3769.506714676287,2460.2836317700885,0.7685516998483828,-1.137144208223386
BNBUSDT,trend_ensemble,reused_2026,0.040194684166025875,0.07210000033620786,0.11229468450222146,1.226796442210798e-14,0.02244743038321897,0.018917067462310744,1547.2384980836368,1203.8585766723124,0.2597833767438556,0.5989075605168307
BNBUSDT,trend_ensemble,year2024,0.1954440799857759,-0.07157584995580699,0.12386823002996383,5.079270337660091e-15,0.02684756826786684,0.021678666540851512,2020.7548436194977,1259.0702373437414,0.9671835284863355,-0.5684817878533167
BNBUSDT,trend_ensemble,year2025,0.08387282139574884,-0.18524758750770778,-0.10137476611197967,2.0719537197066984e-14,0.021476522227773652,0.019406395706371718,1556.0114827786936,1068.820491877701,0.5390244373130876,-1.7331964433266556
BNBUSDT,breakout,all,0.4286596825670948,-0.25565612934479726,0.17300355322229866,1.1102230246251565e-15,0.12415392734731115,0.10569772473409322,6924.378799999647,4658.891750381917,0.6190586837437558,-0.5487488077477646
BNBUSDT,breakout,development_2024_25,0.3867416044690052,-0.30118680436181655,0.08555480010720884,2.020605904817785e-14,0.08773450067172138,0.07395786993471266,5054.187943758496,3068.269055138489,0.7651903901725678,-0.9816179707493814
BNBUSDT,breakout,reused_2026,0.03861442839546172,0.04194230914231396,0.08055673753775804,1.7638668303732175e-14,0.03354913696848191,0.029238371748939743,1722.7972793786669,1465.2624585017156,0.2241379694387964,0.28624434413751043
BNBUSDT,breakout,year2024,0.2574779577479698,-0.07263455773231084,0.18484340001567068,1.174060848541103e-14,0.04290956740897289,0.03443958033092776,2544.173583464548,1500.5177492349949,1.0120298371990295,-0.4840633026123279
BNBUSDT,breakout,year2025,0.10909766364004377,-0.192896585849643,-0.08379892220959213,7.105427357601002e-15,0.03783194746424348,0.033353175283132135,2118.4355335572195,1323.171742259576,0.5149916620632299,-1.4578348349567543
BNBUSDT,range_only,all,0.08434147796115271,-0.34359674847122135,-0.25925527051005814,1.049160758270773e-14,0.04040276318026348,0.042799937383773835,2209.3407510404213,2998.8844969536617,0.3817495237954339,-1.145748523560194
BNBUSDT,range_only,development_2024_25,0.15335643300406027,-0.3140420750978328,-0.16068564209376512,7.382983113757291e-15,0.028702557189051597,0.029494377374242063,1503.205226323699,2191.6142266393904,1.0201962467833825,-1.4329258830345486
BNBUSDT,range_only,reused_2026,-0.08222777841555479,-0.035212877147861546,-0.1174406555634127,3.635980405647388e-15,0.013940195209336544,0.01585289216632013,841.3242524270142,961.821113519492,-0.9773613226808547,-0.36610630243924186
BNBUSDT,range_only,year2024,0.06365455177786467,-0.22170290786763694,-0.1580483560897905,1.8235413179468196e-14,0.013454157373075025,0.013965227691998412,742.4162840272279,1118.597468315613,0.8573970311180588,-1.9819721941752448
BNBUSDT,range_only,year2025,0.10654041936375377,-0.10967276790547285,-0.003132348541688779,3.030041495488689e-14,0.018110778601440378,0.018444229896770376,903.6017065816262,1274.439887474356,1.1790639458484635,-0.8605566177218354
BNBUSDT,down_rebound,all,0.47956093927473387,-0.1430536705752723,0.33650726869944836,1.3211653993039363e-14,0.09940542607684322,0.1075564525838005,8150.023424714945,4002.1417955824872,0.5884166391724291,-0.35744278409418956
BNBUSDT,down_rebound,development_2024_25,0.5148016826177725,-0.21248982012894266,0.3023118624888159,1.3877787807814457e-14,0.06882222126085472,0.07182267330531095,5646.576627632232,2563.7459474405455,0.911705829154121,-0.8288255719763372
BNBUSDT,down_rebound,reused_2026,-0.02706014155141831,0.05331760506348505,0.026257463512067262,5.238864897449957e-16,0.02348377965132077,0.02743872670421632,1922.3097548220417,1104.4941611704733,-0.14076889264874698,0.4827332451172255
BNBUSDT,down_rebound,year2024,0.23012189366187785,0.00042328354029785506,0.23054517720217604,3.3306690738754696e-16,0.030104112784366168,0.027934313949999866,2670.4537543396946,1131.8407726900416,0.8617333038923138,0.003739779927629208
BNBUSDT,down_rebound,year2025,0.23134444328420004,-0.17302339451959775,0.058321048764590586,1.1698975121987587e-14,0.031464190989330294,0.0356657847012961,2418.540114113638,1163.6347866611034,0.9565458184223031,-1.4869218117487324
BNBUSDT,selected_trend,all,0.6503717547179227,-0.3024078404593018,0.34796391425856044,6.050715484207103e-14,0.07464159438407644,0.07203815409910015,7587.6621213752505,6037.482097147462,0.8571438004411878,-0.5008840367446902
BNBUSDT,selected_trend,development_2024_25,0.522334454464579,-0.4109511743272166,0.11138328013732113,4.1300296516055823e-14,0.049012974879253934,0.04738944017864371,5470.248478045346,3823.123640264834,0.9548642197168016,-1.0749094536182704
BNBUSDT,selected_trend,reused_2026,0.11520535043277211,0.09766507721305946,0.21287042764581424,1.734723475976807e-14,0.023060108931687254,0.022178409879812906,1905.205594840585,1992.434560117752,0.604687235565313,0.4901795982061639
BNBUSDT,selected_trend,year2024,0.4355411567769473,-0.07025016298135019,0.36529099379557706,2.0095036745715333e-14,0.021100290947989386,0.020196657085970095,2926.398628075867,1731.4018794268923,1.4883179365871955,-0.4057415197250655
BNBUSDT,selected_trend,year2025,0.06357128120089771,-0.24954461202347833,-0.18597333082259615,1.554312234475219e-14,0.020444494293239197,0.01991720681982697,1863.2290563182064,1532.0702841691289,0.34118876036914303,-1.6288065541249708
BNBUSDT,selected_breakout,all,0.2201605599162457,-0.1163500208837194,0.10381053903252102,5.2735593669694936e-15,0.07630726472269542,0.06052902682700391,6479.05562253203,4449.005685665455,0.33980347251627147,-0.2615191552993408
BNBUSDT,selected_breakout,development_2024_25,0.1624282547732848,-0.20428504853762977,-0.041856793764343814,1.1657341758564144e-15,0.06103275047938703,0.049185928368938654,4600.455154672767,2943.0224718119184,0.35306996658429207,-0.6941334987899649
BNBUSDT,selected_breakout,reused_2026,0.06025435943941935,0.09177649758577172,0.15203085702518443,6.63358257213531e-15,0.015941786304908178,0.011838625358134017,1960.6677327911043,1571.772574342231,0.30731550497668664,0.5839044342924684
BNBUSDT,selected_breakout,year2024,0.13096674223695176,-0.11528409752479668,0.01568264471214209,1.2989609388114332e-14,0.0287357992920964,0.02305593592199531,2374.116142194937,1390.7801046442667,0.5516442094356401,-0.8289167866280631
BNBUSDT,selected_breakout,year2025,0.030975731150008613,-0.08762673210592968,-0.05665100095590719,1.3884726701718364e-14,0.03179827021307822,0.025726532379953114,2191.9632318900203,1528.2749737321517,0.14131501249361647,-0.5733701958878462
BNBUSDT,regime_gate,all,0.350309844051818,-0.12311462657926645,0.22719521747257243,2.0899948438568572e-14,0.08098798780206774,0.0757898780320794,5330.639168729553,2959.762479147766,0.6571629273029693,-0.41596117069068345
BNBUSDT,regime_gate,development_2024_25,0.38778465060538264,-0.18151051900978574,0.20627413159561248,1.557087792036782e-14,0.05418412263790957,0.051090064416731806,3739.2846842725253,1895.6616760113375,1.0370557027562233,-0.9575048190650881
BNBUSDT,regime_gate,reused_2026,-0.031066575641470896,0.04841013406569157,0.017343558424225143,4.468647674116255e-15,0.022220376332453613,0.020476119787693415,1319.2312118573284,882.1384586345041,-0.23548999873746673,0.5487815840228468
BNBUSDT,regime_gate,year2024,0.1813221856217519,0.009081627497733627,0.19040381311949273,7.216449660063518e-15,0.026625271917199454,0.022956148986350317,1905.512764811355,904.364090219654,0.9515663656008241,0.10042003653117032
BNBUSDT,regime_gate,year2025,0.17343901515452054,-0.16010713709666824,0.01333187805785925,6.952771691715043e-15,0.02315084210667238,0.023633925832827796,1540.4620677883336,832.7406001783166,1.1258895547069832,-1.9226531895092438
BNBUSDT,gate_no_range,all,0.3418681828094005,-0.06790172527405458,0.27396645753536686,2.09277040141842e-14,0.07949361649313369,0.07252016395446362,5426.855761029158,3086.2356185142794,0.6299562727728885,-0.22001471587818242
BNBUSDT,gate_no_range,development_2024_25,0.36778362870560394,-0.1643640726425905,0.20341955606303674,2.3314683517128287e-14,0.05314953726646496,0.04925410686620019,3792.226024523839,1963.1650059907358,0.9698357279529078,-0.8372402326906908
BNBUSDT,gate_no_range,reused_2026,-0.021534838590279565,0.0801568720422914,0.058622033452009795,2.040034807748725e-15,0.021891018052634003,0.01933328818785185,1358.320735498913,933.2328088448617,-0.158540159385624,0.8589161384232525
BNBUSDT,gate_no_range,year2024,0.19084626271514077,0.016756840713235716,0.2076031034284096,3.3112401709445294e-14,0.02605093283614778,0.02226094113657973,1933.9373696176096,951.159895725119,0.9868275245794341,0.17617270017951187
BNBUSDT,gate_no_range,year2025,0.1465194694251234,-0.14998380911875792,-0.0034643396936424537,7.93202309390395e-15,0.02243999237281164,0.022352679993108925,1538.824013974881,838.0279144633809,0.952152215552279,-1.7897233079019557
BNBUSDT,adaptive14,all,0.34937419657494223,-0.11580158157011472,0.23357261500490245,7.494005416219807e-14,0.07143037413847833,0.06707005827599859,5132.932100928927,2730.0284951512417,0.6806522854874987,-0.4241771900029175
BNBUSDT,adaptive14,development_2024_25,0.37998401406853066,-0.18687367696641566,0.19311033710218428,6.927791673660977e-14,0.047365260627461235,0.046048273147943464,3619.775472758341,1727.4023370296118,1.049744706344936,-1.0818190583657419
BNBUSDT,adaptive14,reused_2026,-0.025655479247571868,0.05956875335513417,0.03391327410756711,4.808653475407709e-15,0.020170065385122928,0.0176193135490827,1268.2453425436972,840.3465521527534,-0.2022911371084961,0.7088593771526072
BNBUSDT,adaptive14,year2024,0.20727264341762264,-0.02271897881602697,0.18455366460163258,3.6914915568786455e-14,0.023203223432269247,0.021205909401098958,1891.0427504132233,847.9715528280926,1.0960759262175868,-0.26792147378359915
BNBUSDT,adaptive14,year2025,0.14580290940975743,-0.13857936795594167,0.007223541453843142,2.7379140621341946e-14,0.02039758764607572,0.02097191920401431,1459.395866988005,742.4153168250699,0.9990634666567532,-1.8666016825807779
BNBUSDT,adaptive42,all,0.33923338241163287,-0.0704800648537404,0.26875331755790643,1.3988810110276972e-14,0.07202607448447242,0.06729401737571843,5192.96699471623,2762.4280937228395,0.6532554178695877,-0.25513809758123546
BNBUSDT,adaptive42,development_2024_25,0.36205465642972984,-0.13651076633092724,0.22554389009881626,1.3655743202889425e-14,0.0482607184303982,0.04627027549057318,3664.05421826895,1747.1686765012544,0.9881258160005595,-0.7813256279542122
BNBUSDT,adaptive42,reused_2026,-0.01862134371724301,0.05387869174710882,0.0352573480298663,4.85722573273506e-16,0.019391680906799675,0.01715462176018037,1247.5381655437925,828.4153879953859,-0.149264721766056,0.6503825559962788
BNBUSDT,adaptive42,year2024,0.19092628884891302,0.012568465760584561,0.20349475460950006,2.4702462297909733e-15,0.023686840867659573,0.021317858625199092,1909.1232512096128,864.2389847332871,1.0000731420977818,0.14542812789755505
BNBUSDT,adaptive42,year2025,0.14219286534102354,-0.12387194171019363,0.018320923630839186,9.266892808668103e-15,0.020418765822300695,0.020733299226942146,1458.195775542672,733.638171987258,0.9751287702647886,-1.6884609667276835
BNBUSDT,adaptive126,all,0.39273445482454755,-0.10725645585411642,0.2854779989704461,1.4988010832439613e-14,0.07373202856866748,0.0682994221856923,5270.998976723965,2781.259637446683,0.7450854317346882,-0.38563985328813993
BNBUSDT,adaptive126,development_2024_25,0.41413893977598537,-0.15304005269699866,0.26109888707896745,1.9262369477246466e-14,0.049677796129343754,0.04635640392935956,3734.695975836136,1775.495160182775,1.1088959916831427,-0.8619570254488571
BNBUSDT,adaptive126,reused_2026,-0.016972883864021345,0.03630452561014383,0.019331641746149687,2.720393355026829e-14,0.01907402558655774,0.017399918817753036,1218.225641643619,797.5302234970011,-0.1393246315282092,0.4552119097249528
BNBUSDT,adaptive126,year2024,0.203704172673283,0.00823632139727843,0.21194049407054405,1.73749903353837e-14,0.024094451884067516,0.020617089070236762,1902.4418984669,851.2201898082668,1.0707510848948387,0.09675899956195377
BNBUSDT,adaptive126,year2025,0.1736345704531376,-0.13307284877708656,0.04056172167604956,1.4849232954361469e-15,0.021109406254220833,0.021238101198081234,1511.8350169283017,762.6405544633187,1.148502108423992,-1.7448960456965452
BNBUSDT,filtered_moe,all,0.05427690529330739,-0.00380308121277775,0.0504738240805267,2.942091015256665e-15,0.038088063718237856,0.03201257034462322,3507.403153790854,1840.102880027661,0.15474954806562255,-0.020667764036761797
BNBUSDT,filtered_moe,development_2024_25,0.0845886639707333,-0.0666354359915141,0.017953227979222275,3.0808688933348094e-15,0.024676087599357084,0.021425941303980137,2341.255798380107,1185.2737888083896,0.36129612163378044,-0.5621944619099843
BNBUSDT,filtered_moe,reused_2026,-0.02977716249065682,0.06172420603593666,0.03194704354527398,5.863365348801608e-15,0.013175434538878957,0.010399916960486495,1145.5804877456997,643.2801362781646,-0.25993077578733054,0.9595229598267297
BNBUSDT,filtered_moe,year2024,-0.0034421725972865747,0.06418148393758988,0.06073931134030608,2.7755575615628914e-15,0.010678565098144752,0.008972385270755483,1013.8258568295437,579.3457417617483,-0.03395230624765288,1.1078269729301653
BNBUSDT,filtered_moe,year2025,0.08299007647485772,-0.12332617310450121,-0.040336096629643235,2.5673907444456745e-16,0.013196006173774826,0.011740449232044446,1251.4195781744695,571.2318197022566,0.6631674773373849,-2.1589513898014743
BNBUSDT,kalman,all,0.30857382939344663,-0.47769363197729764,-0.16911980258382664,2.4369395390522186e-14,0.13737707138496508,0.13000847616997407,5819.440805314144,4711.648483768865,0.5302465300646515,-1.013856686514077
BNBUSDT,kalman,development_2024_25,0.2851224085749497,-0.4908359155288511,-0.20571350695387902,2.2370993946196904e-14,0.09915219597539962,0.0940961465093359,4297.837689751761,3344.6394562351193,0.6634089725045389,-1.4675301238040128
BNBUSDT,kalman,reused_2026,0.029525141147194706,0.01654602421999188,0.04607116536718891,2.3245294578089215e-15,0.048124795957402614,0.045213320351090124,1915.6854974670061,1721.0528436549528,0.15412311251629768,0.09613896680158605
BNBUSDT,kalman,year2024,0.24707147068741886,-0.2801083695549511,-0.03303689886752115,1.1102230246251565e-14,0.05266161910703026,0.0502689256686275,2355.286886043397,1823.5774512074406,1.049007966509208,-1.536037689923637
BNBUSDT,kalman,year2025,0.03935097196880294,-0.2179271843228578,-0.1785762123540434,1.1463052729254741e-14,0.0480789564916396,0.045324605240240526,2008.9192663435722,1573.0300393533682,0.19588130109591473,-1.3853974741158916
BNBUSDT,trend_ensemble_long,all,0.41423762447222157,0.0,0.4142376244722119,9.658940314238862e-15,0.08256371482716993,0.0,6172.744178104174,0.0,0.6710753151598221,0.0
BNBUSDT,trend_ensemble_long,development_2024_25,0.35875754545850974,0.0,0.35875754545847816,3.1585845050585704e-14,0.055233874020983065,0.0,4243.007804281072,0.0,0.8455264802872475,0.0
BNBUSDT,trend_ensemble_long,reused_2026,0.040831478139090355,0.0,0.040831478139106425,1.607047828144914e-14,0.020113846578099476,0.0,1420.2212751443917,0.0,0.2875008201446573,0.0
BNBUSDT,trend_ensemble_long,year2024,0.23019693213716358,0.0,0.23019693213713,3.3584246494910985e-14,0.027602271731429498,0.0,2133.999826948201,0.0,1.078711109674102,0.0
BNBUSDT,trend_ensemble_long,year2025,0.10450409195705543,0.0,0.1045040919570571,1.6653345369377348e-15,0.022461121116235615,0.0,1714.3661492221793,0.0,0.6095786014234457,0.0
BNBUSDT,regime_gate_long,all,0.3523094673474651,0.0,0.3523094673474545,1.0602629885170245e-14,0.07998147574445737,0.0,5516.92404989772,0.0,0.6385976391210183,0.0
BNBUSDT,regime_gate_long,development_2024_25,0.39773804931443657,0.0,0.3977380493144336,2.9976021664879227e-15,0.05279165714953437,0.0,3834.1744885084604,0.0,1.0373498924123337,0.0
BNBUSDT,regime_gate_long,reused_2026,-0.0325014991108338,0.0,-0.032501499110839126,5.329070518200751e-15,0.019452728362270143,0.0,1203.9091031503501,0.0,-0.2699663872113346,0.0
BNBUSDT,regime_gate_long,year2024,0.186826805066129,0.0,0.1868268050661357,6.689093723366568e-15,0.025755980778759468,0.0,1938.4638947288624,0.0,0.963787902236172,0.0
BNBUSDT,regime_gate_long,year2025,0.17771021293756054,0.0,0.17771021293755232,8.215650382226158e-15,0.022779799255771224,0.0,1597.2933756530383,0.0,1.1125709005392037,0.0
BNBUSDT,expanding_tree,all,0.38344305473953305,-0.1860453302023234,0.19739772453720583,3.83026943495679e-15,0.09169006136505027,0.02384112473881344,10281.941836928223,935.6000262035899,0.3729286362643814,-1.9885135206466877
BNBUSDT,expanding_tree,development_2024_25,0.8124361238855524,-0.08099733875400689,0.7314387851315556,9.992007221626409e-15,0.06880080549274438,0.013421044827190925,8307.669198391732,569.2468681775421,0.9779350916413844,-1.4228859793874997
BNBUSDT,expanding_tree,reused_2026,-0.24776681268198822,-0.06067092429163467,-0.3084377369736309,8.049116928532385e-15,0.01321978926940045,0.006018162467598176,1140.2497480651532,211.58885960742302,-2.1729170570080316,-2.8673969132496895
BNBUSDT,expanding_tree,year2024,0.2239081028480317,-0.11920775939614207,0.10470034345189072,1.096345236817342e-15,0.03566586882546252,0.007784098646620349,3433.114423870388,262.9215322293693,0.6522011072255628,-4.533967164475019
BNBUSDT,expanding_tree,year2025,0.5327490160802605,0.03458894610527404,0.5673379621855428,8.215650382226158e-15,0.02999450200562454,0.005102692521083717,4412.558395057318,277.29269549332145,1.2073472312049487,1.2473803553944358
BNBUSDT,rolling_tree,all,0.10530196135857804,-0.4065090897404269,-0.3012071283818324,1.6431300764452317e-14,0.08130358230076556,0.045482674440390294,11343.539947588722,2806.299448910122,0.09282989423505482,-1.4485592045364302
BNBUSDT,rolling_tree,development_2024_25,0.3309353359451174,-0.2641903135154409,0.06674502242968083,4.3298697960381105e-15,0.0682175475385251,0.02730729067613592,10328.736826228922,1152.750875762589,0.32040252502584454,-2.291824877952653
BNBUSDT,rolling_tree,reused_2026,-0.21151575103919748,-0.13341405231105033,-0.3449298033502363,1.149080830487037e-14,0.012267256455000795,0.017038170680053474,951.3080445863499,1550.0879201491973,-2.223420187003352,-0.8606870008909502
BNBUSDT,rolling_tree,year2024,0.5006251759239119,-0.06803537449532919,0.4325898014285796,3.0531133177191805e-15,0.03547804772493565,0.013869978072336269,5186.7942131803275,549.0214351702401,0.9651918995586086,-1.2392116252115517
BNBUSDT,rolling_tree,year2025,-0.1184497054282948,-0.13692331107237105,-0.25537301650066063,5.218048215738236e-15,0.022853366526092527,0.009379734932078923,3589.2637291714946,421.4251979110205,-0.330011150937734,-3.249053728896414
BNBUSDT,action_tcn,all,0.19139755855979484,-0.4875860107511841,-0.2961884521914334,4.418687638008123e-14,0.12234655731080721,0.08970096691286439,9315.409257025936,3604.2627330696014,0.20546339219121004,-1.3528037406305486
BNBUSDT,action_tcn,development_2024_25,0.39530170670833104,-0.27412149108214523,0.12118021562614145,4.4353409833775004e-14,0.10218440737268339,0.07401783448396669,7582.441329704335,2543.663369849757,0.5213382992621787,-1.0776641843859094
BNBUSDT,action_tcn,reused_2026,-0.18186563168585929,-0.19039269217734647,-0.3722583238632056,1.6653345369377348e-16,0.017982969782305618,0.013988056701606357,1545.6640272177801,945.9668913507682,-1.1766181297058478,-2.0126781805807212
BNBUSDT,action_tcn,year2024,0.2847583309651894,-0.016368110138672298,0.26839022082649744,1.965094753586527e-14,0.036163808664068424,0.012018649531822021,4279.633441238251,408.1288186888949,0.6653801893902357,-0.4010525449110529
BNBUSDT,action_tcn,year2025,0.08715249765258377,-0.20321299921054095,-0.11606050155797659,1.9415025143132425e-14,0.0520506998749921,0.04888021362364753,2603.9367335345246,1683.6573761734958,0.3346951426668687,-1.2069735926462064
BNBUSDT,vol_long,all,0.8916745084599468,0.0,0.8916745084599063,4.0523140398818214e-14,0.0027090907511247097,0.0,30339.07253596932,0.0,0.29390302139355035,0.0
BNBUSDT,vol_long,development_2024_25,0.982577000270051,0.0,0.9825770002700007,5.029310301551959e-14,0.001942788782674895,0.0,20941.44148345048,0.0,0.4692021803019425,0.0
BNBUSDT,vol_long,reused_2026,-0.045850674045812286,0.0,-0.04585067404580743,4.85722573273506e-15,0.00038651813692252787,0.0,4740.108985042709,0.0,-0.09672915578627601,0.0
BNBUSDT,vol_long,year2024,0.5743827057729439,0.0,0.5743827057729407,3.219646771412954e-15,0.001133158694205221,0.0,9239.416670352051,0.0,0.6216655512637013,0.0
BNBUSDT,vol_long,year2025,0.2592725980794515,0.0,0.25927259807942166,2.986499936241671e-14,0.0005142524022278225,0.0,7432.770170930793,0.0,0.3488236446398601,0.0
BNBUSDT,hold,all,1.4857903307345708,0.0,1.4857903307345999,2.90878432451791e-14,0.0006972175256531677,0.0,50494.1850088321,0.0,0.294249789450941,0.0
BNBUSDT,hold,development_2024_25,1.7663416503951301,0.0,1.7663416503951455,1.532107773982716e-14,0.00019996000800152276,0.0,36879.02641697438,0.0,0.478955607565099,0.0
BNBUSDT,hold,reused_2026,-0.10141600536596232,0.0,-0.10141600536595742,4.898859096158503e-15,0.00017975274947713574,0.0,4921.7198424905055,0.0,-0.20605806224566298,0.0
BNBUSDT,hold,year2024,1.2462229683846773,0.0,1.2462229683847257,4.8405723873656825e-14,0.00019996000799911223,0.0,15250.686978095657,0.0,0.8171585779542977,0.0
BNBUSDT,hold,year2025,0.23155256149146855,0.0,0.23155256149145367,1.4876988529977098e-14,1.0731660082989232e-15,0.0,9628.758918101445,0.0,0.240480173468841,0.0
BTCUSDT,trend24,all,0.2731792854648663,-0.48797978109522905,-0.21480049563026438,9.836575998178887e-14,0.11984422761513346,0.11509239708210948,5292.976478616438,4787.819938916627,0.5161165680000797,-1.0192108043345667
BTCUSDT,trend24,development_2024_25,0.15826568527510432,-0.571326312443199,-0.41306062716801695,7.771561172376096e-14,0.0933517118635439,0.08997648233200421,4149.435830886717,3643.4986168414803,0.3814149482612522,-1.5680706170775967
BTCUSDT,trend24,reused_2026,0.19578444641616685,0.14200194297040056,0.33778638938660266,3.524958103184872e-14,0.04513671595034279,0.042791327201174,1948.3113600168563,1949.6414366509325,1.004893008551123,0.728349019983539
BTCUSDT,trend24,year2024,0.31913641036844204,-0.27293013560445034,0.04620627476406347,7.177591854201637e-14,0.05251299323852025,0.05040044701731313,2398.3822764769498,1989.3568035286996,1.3306319576261645,-1.3719516535210265
BTCUSDT,trend24,year2025,-0.15376578115975903,-0.285217345791624,-0.4389831269513773,5.717648576819556e-15,0.039035054185880755,0.03782813797749025,1673.7173123958355,1581.0857315741275,-0.9187081953502151,-1.8039334622776075
BTCUSDT,trend72,all,0.30717909416742983,-0.3751065224849546,-0.06792742831755594,3.11972669919669e-14,0.09511781899401961,0.08819910697611302,8142.916772958354,7029.5467000953795,0.3772347215773279,-0.5336140984451601
BTCUSDT,trend72,development_2024_25,0.3747316609979624,-0.3684693148060536,0.006262346191857615,5.1181281435219717e-14,0.07550322887515556,0.06767457654891934,6430.97675553451,5332.04820379357,0.5826978937149286,-0.6910464810575049
BTCUSDT,trend72,reused_2026,-0.06713216199153366,-0.006595901858018383,-0.0737280638495324,1.9637069748057456e-14,0.01949252120293911,0.02039679861307301,1701.2859756728283,1686.93432952738,-0.39459657548157995,-0.03909993259705803
BTCUSDT,trend72,year2024,0.6324132166643459,-0.15756851446660375,0.47484470219772246,1.970645868709653e-14,0.034854305081638726,0.03237292110483997,3450.538097459357,2499.271286315095,1.832795925742695,-0.6304578271649791
BTCUSDT,trend72,year2025,-0.1747177552201952,-0.14299864929858616,-0.3177164045188028,2.142730437526552e-14,0.027561494259662943,0.023935845849718987,2020.8491467839872,1920.7289508225813,-0.8645759407536378,-0.7445019727398019
BTCUSDT,trend168,all,0.4215950377647023,-0.25037956005329637,0.17121547771143342,2.7478019859472624e-14,0.04871624684711432,0.04391867304980141,7453.8330616059875,5975.472273236635,0.5656083712637727,-0.419012169422514
BTCUSDT,trend168,development_2024_25,0.3537448835764284,-0.44039581222892105,-0.08665092865247381,1.8818280267396403e-14,0.03418885996731689,0.032013212095077646,5534.935759227056,4227.511352983976,0.6391128984409897,-1.0417377399071182
BTCUSDT,trend168,reused_2026,0.07428720991435397,0.20804340655351047,0.28233061646787394,9.492406860545088e-15,0.015905623967366816,0.013034951617303144,2100.9462456099627,1913.7928477594794,0.3535892937269623,1.0870738011016792
BTCUSDT,trend168,year2024,0.3720101293909869,-0.2687857567151076,0.10322437267591078,3.1530333899354446e-14,0.018234391799268532,0.014872575113973415,3355.203379937,2043.0881561609842,1.1087558256989238,-1.3155857024797355
BTCUSDT,trend168,year2025,-0.016556238483251936,-0.15555317645636046,-0.1721094149396239,1.149080830487037e-14,0.014461671227721531,0.015536854882501361,1975.7833794072508,1980.0352955624014,-0.08379581818437468,-0.7856080990322839
BTCUSDT,trend336,all,0.8606538256239561,-0.21784784498532056,0.642805980638665,2.9531932455029164e-14,0.04207693559491223,0.04118910353119859,10276.185238635575,7510.115101569571,0.8375226853522834,-0.29007257816833143
BTCUSDT,trend336,development_2024_25,0.6265081499419576,-0.416552986956291,0.2099551629856824,1.582067810090848e-14,0.028395574956581317,0.02931212352737059,7371.602663572053,5009.589613592819,0.8498940848208589,-0.8315111996919526
BTCUSDT,trend336,reused_2026,0.1935159936870896,0.1642252110240566,0.3577412047111572,1.099120794378905e-14,0.011307328615856168,0.009816049691064909,2400.5704210527774,2066.6265697040058,0.8061250442393711,0.7946535355324396
BTCUSDT,trend336,year2024,0.6726686607387803,-0.1699414721856404,0.5027271885531468,6.8833827526759706e-15,0.012891986677467947,0.011023607651978025,4069.1798638237524,2079.46741450175,1.6530816608010117,-0.8172355623392115
BTCUSDT,trend336,year2025,-0.030717824997408147,-0.16410930516808767,-0.19482713016548975,6.050715484207103e-15,0.010316967974766268,0.012170216932722884,2197.61965106117,1949.8696911927468,-0.13977771350276813,-0.8416424231288043
BTCUSDT,trend_ensemble,all,0.314428843156272,-0.23833976420975958,0.07608907894652273,1.0297318553398327e-14,0.0770965907331229,0.0705136920555421,5813.808059482599,4602.6637937235455,0.5408311384539494,-0.5178300542715574
BTCUSDT,trend_ensemble,development_2024_25,0.23518005792350766,-0.3031631263463019,-0.06798306842280188,7.66053886991358e-15,0.05855474007759776,0.05228139727035254,4447.950249885042,3338.8973219241525,0.5287380584564451,-0.907973792292582
BTCUSDT,trend_ensemble,reused_2026,0.0850293407209419,0.06955170012506692,0.15458104084602806,1.9234613901630837e-14,0.019894328125721738,0.019562192667826456,1465.4860478620224,1355.9479758171287,0.5802125570897795,0.5129378218449222
BTCUSDT,trend_ensemble,year2024,0.38633457332771853,-0.12563448948331013,0.2607000838444049,3.497202527569243e-15,0.030195899370005552,0.024463783385373198,2521.58560869141,1530.2186973070548,1.5321096852555756,-0.8210230975768834
BTCUSDT,trend_ensemble,year2025,-0.11989728353414326,-0.14081750222593162,-0.26071478576007834,3.4416913763379853e-15,0.0224945179833051,0.022065211418207997,1528.0118292047193,1434.662095921875,-0.7846620113965082,-0.981537761583128
BTCUSDT,breakout,all,0.4231166642927119,-0.19482565536960234,0.22829100892313492,2.5368596112684827e-14,0.12771254617321706,0.12114297161583376,7769.553360623558,5836.405311961392,0.5445829955130831,-0.3338110445659383
BTCUSDT,breakout,development_2024_25,0.2990483857170501,-0.2744073704315801,0.024641015285489898,1.9872992140790302e-14,0.09580371332725761,0.08809008670763999,5967.947974262374,4173.837273635871,0.5010908054271567,-0.6574462597401195
BTCUSDT,breakout,reused_2026,0.12108463034840868,0.07766789917130575,0.19875252951971983,5.412337245047638e-15,0.031141475277630618,0.03225801467549533,1758.279592057139,1622.5858749781642,0.6886540166614968,0.4786674182797934
BTCUSDT,breakout,year2024,0.5131834222513239,-0.14028550124089922,0.3728979210104306,5.995204332975845e-15,0.045866653804364686,0.039038452578235176,3134.832053927486,1853.1115668176187,1.6370364135085964,-0.7570267422258553
BTCUSDT,breakout,year2025,-0.15597302119641482,-0.09769252843792584,-0.25366554963433063,9.992007221626409e-15,0.03637346867430615,0.035728536971855566,2063.6027464079484,1690.3847484234193,-0.7558287149399874,-0.5779307257063298
BTCUSDT,range_only,all,-0.05877015397165634,-0.2722638561546476,-0.3310340101263308,2.6867397195928788e-14,0.04258647131745033,0.04128806912566257,2651.6004850648937,3093.1278139698557,-0.22164030479960495,-0.880221809538521
BTCUSDT,range_only,development_2024_25,0.030762059201194368,-0.20105135970401183,-0.17028930050284574,2.8282931552325863e-14,0.03162945299621601,0.030792870762687108,1917.0956255513286,2339.283235772037,0.16046178808815367,-0.859457104764223
BTCUSDT,range_only,reused_2026,-0.10790774811884635,-0.0858281042944174,-0.19373585241326202,1.7208456881689926e-15,0.013205829848735008,0.01264922625360389,885.2541734832528,908.5631638288935,-1.218946505434213,-0.9446575396334371
BTCUSDT,range_only,year2024,0.0065973043744215,-0.26249603254178294,-0.2558987281673799,1.8485213360008856e-14,0.015282343006227127,0.01539479509044732,927.1311223837487,1316.3347707776943,0.07115826677740207,-1.9941434228520722
BTCUSDT,range_only,year2025,0.032475088729869185,0.0825756858155091,0.11505077454536505,1.3239409568654992e-14,0.021968931661315638,0.020693521507249173,1330.416356807766,1374.7436050941837,0.24409718479251652,0.6006624472339468
BTCUSDT,down_rebound,all,0.7288180101841345,-0.2195670020553403,0.5092510081287789,1.532107773982716e-14,0.12235605183546173,0.1356177320858874,9217.872327977107,5166.106838690483,0.7906575229644952,-0.4250144430055896
BTCUSDT,down_rebound,development_2024_25,0.6313090553954224,-0.32995256819546853,0.3013564871999317,2.2148949341271873e-14,0.08875952756721936,0.09798870869091786,6711.074456249537,3556.489434582641,0.9406974390032731,-0.9277479218328928
BTCUSDT,down_rebound,reused_2026,0.07492870381621394,0.08482346476609165,0.15975216858231073,5.134781488891349e-15,0.02581654189201488,0.02891523096483282,1926.2960582932424,1236.8766129342323,0.388978129782413,0.6857876030565865
BTCUSDT,down_rebound,year2024,0.5361785678045775,-0.19904726429117303,0.3371313035133996,4.884981308350689e-15,0.03767574843746103,0.041514956083034654,3505.3878934273703,1456.3986307898933,1.5295841262244232,-1.3667086749677706
BTCUSDT,down_rebound,year2025,0.0711452101531714,-0.09790011164971853,-0.02675490149656002,1.2899403767363538e-14,0.038204011076199,0.04223500897742407,2397.435879632028,1570.5943001069693,0.2967554242330401,-0.6233316372219789
BTCUSDT,selected_trend,all,0.520655936404741,-0.14301607027149296,0.377639866133199,4.8960835385969403e-14,0.08233567923215197,0.07353555824835677,8383.740155405785,7272.720449858128,0.6210306220774569,-0.1966472811068695
BTCUSDT,selected_trend,development_2024_25,0.49569189607865055,-0.40812707853872265,0.0875648175398922,3.569367024169878e-14,0.070184311513549,0.0640993105457842,6201.064889632343,5383.570510477405,0.7993657620119499,-0.7580973960393633
BTCUSDT,selected_trend,reused_2026,0.022954071264055537,0.24376570848155943,0.26671977974560285,1.2101430968414206e-14,0.011173005528157628,0.00867649224247403,2006.9380974558626,1737.045837556648,0.11437358876765431,1.403334921918028
BTCUSDT,selected_trend,year2024,0.6324132166643459,-0.15756851446660375,0.47484470219772246,1.970645868709653e-14,0.034854305081638726,0.03237292110483997,3450.538097459357,2499.271286315095,1.832795925742695,-0.6304578271649791
BTCUSDT,selected_trend,year2025,-0.09270218103774701,-0.1698880998784156,-0.26259028091617354,1.0935696792557792e-14,0.023955068882346522,0.021511681462914396,1864.960282309262,1955.6630063248724,-0.4970732187548776,-0.8686982334327287
BTCUSDT,selected_breakout,all,0.33886535285659997,-0.1455732958341433,0.19329205702249808,4.141131881851834e-14,0.07284596447149294,0.06493063228569919,7641.08315958709,5580.850215094673,0.44347816373577015,-0.2608442983121234
BTCUSDT,selected_breakout,development_2024_25,0.2524493695239094,-0.2932902849333765,-0.04084091540943591,3.11972669919669e-14,0.0599735223940925,0.05269437783363108,5697.1415438071845,3877.002097281425,0.44311584604795873,-0.7564873001720408
BTCUSDT,selected_breakout,reused_2026,0.09009556883838406,0.15400676641903369,0.2441023352574284,1.0630385460785874e-14,0.013420549608718245,0.012757273166308366,2026.7144908602038,1776.3978313780658,0.44454001411982086,0.8669610134547436
BTCUSDT,selected_breakout,year2024,0.42593909187502865,-0.12680034582182131,0.299138746053242,3.4638958368304884e-14,0.030524361929791632,0.022975388284020785,3261.2991403656465,1576.725621682641,1.3060411619501844,-0.8042004523685182
BTCUSDT,selected_breakout,year2025,-0.13354210462752927,-0.12815408640327935,-0.2616961910308113,2.6645352591003757e-15,0.022668218120479314,0.022875916556176927,1874.9670971184398,1770.6164815628654,-0.7122370564942961,-0.7237822969441803
BTCUSDT,regime_gate,all,0.31064887945875563,-0.17955503799989975,0.13109384145887115,1.5265566588595902e-14,0.08673067417680325,0.08619307062879195,5487.716479762715,3703.323190764275,0.5660804099562153,-0.48484841519555305
BTCUSDT,regime_gate,development_2024_25,0.26816540274794254,-0.23515967585022152,0.03300572689771131,9.71445146547012e-15,0.06305977400789331,0.06286335342325176,4148.051612308711,2581.1701639356597,0.6464852123638062,-0.9110583995425544
BTCUSDT,regime_gate,reused_2026,0.0411260805285156,0.05382800540449255,0.09495408593303237,2.4216739724636227e-14,0.022914587550252597,0.022584305776893614,1296.861026586213,1086.298940663793,0.31712018238973283,0.4955174251721211
BTCUSDT,regime_gate,year2024,0.38092427507474463,-0.1521383780487778,0.22878589702596885,2.0261570199409107e-15,0.03166203828102462,0.029037655712657227,2389.6986464687184,1167.2027246558544,1.5940264084663571,-1.303444336061118
BTCUSDT,regime_gate,year2025,-0.09176445839727855,-0.06756368054221669,-0.15932813893950476,9.520162436160717e-15,0.025551836005654575,0.02752773920376438,1430.9677300949943,1150.702854502181,-0.6412755261167685,-0.5871514116600172
BTCUSDT,gate_no_range,all,0.39997742356114285,-0.1642308312020427,0.23574659235907336,2.67841304690819e-14,0.08598778109960836,0.08506937248787037,5845.058897578704,3979.9697304329457,0.6843000739082922,-0.4126434177281481
BTCUSDT,gate_no_range,development_2024_25,0.32806013781906057,-0.2319847843063258,0.09607535351268526,4.951594689828198e-14,0.061977251049403714,0.0615875923024185,4374.578898343546,2758.126120865359,0.7499239251194716,-0.8410956357338032
BTCUSDT,gate_no_range,reused_2026,0.06561345030850567,0.06181505029480525,0.12742850060333158,2.0650148258027912e-14,0.02190591182737216,0.021423508986127483,1341.5865930408784,1114.7441694148501,0.48907353911300167,0.5545223019847964
BTCUSDT,gate_no_range,year2024,0.4223750139632525,-0.13302541105090296,0.2893496029123155,3.4083846855992306e-14,0.02994050761457802,0.02768069504815367,2472.323329340256,1220.2328494434619,1.7084133331216191,-1.0901641527809611
BTCUSDT,gate_no_range,year2025,-0.07314918772314226,-0.076751389252301,-0.14990057697545525,1.199040866595169e-14,0.024847212394887134,0.02629767533776541,1475.360573041303,1192.7667003178844,-0.4958054936519876,-0.6434736083078608
BTCUSDT,adaptive14,all,0.2902526545462319,-0.15051183383180505,0.13974082071443017,3.3306690738754696e-15,0.07718211103802235,0.07684279706964567,5280.262461519593,3479.1579469402445,0.5496936121290851,-0.432609947944942
BTCUSDT,adaptive14,development_2024_25,0.26023575208911287,-0.22037588329371738,0.03985986879541348,1.7985612998927536e-14,0.0570300839086482,0.0569601481997627,4046.9176853259173,2445.4499318821263,0.6430468132147217,-0.9011670221524689
BTCUSDT,adaptive14,reused_2026,0.028866295697987734,0.06718602338490433,0.09605231908287798,1.4085954624931674e-14,0.01937956039472751,0.019120507932396013,1186.0682513138988,994.0839588853252,0.24337803213272358,0.6758586413590316
BTCUSDT,adaptive14,year2024,0.3576211024137099,-0.14093519909861163,0.2166859033151074,9.103828801926284e-15,0.02872879730136171,0.026600840845374413,2361.5458695268558,1117.0284357233197,1.5143517093121746,-1.2616975055550002
BTCUSDT,adaptive14,year2025,-0.08004148815996882,-0.06529268069816002,-0.1453341688581215,7.327471962526033e-15,0.02326096368025133,0.024952460837812128,1385.2152073159757,1091.836021555977,-0.5778270967372573,-0.5980081203504474
BTCUSDT,adaptive42,all,0.282131549480676,-0.12117762083878145,0.1609539286418813,1.3239409568654992e-14,0.07786954966140702,0.07565066540161408,5228.708916018467,3447.4809289617606,0.5395816711394067,-0.3514961310468371
BTCUSDT,adaptive42,development_2024_25,0.23563831134928828,-0.2101140363587841,0.025524274990470275,3.391731340229853e-14,0.05808724114340966,0.05600703561243121,3995.77993081468,2408.243186982478,0.5897179410009328,-0.8724784834626953
BTCUSDT,adaptive42,reused_2026,0.045336067868134725,0.08672287696049825,0.13205894482865313,2.015054789694659e-14,0.019289946616018624,0.019154719462262774,1202.2426141158314,1013.372152491407,0.3770958318714759,0.8557850810019534
BTCUSDT,adaptive42,year2024,0.3283645951973402,-0.13677709199273705,0.1915875032045935,9.631184738623233e-15,0.02906969356944962,0.02665452459194277,2321.8830312257323,1117.362386560698,1.4142167834526749,-1.2241068219035398
BTCUSDT,adaptive42,year2025,-0.07781743564671378,-0.061545580302595,-0.1393630159493293,2.0511370379949767e-14,0.024352007297761817,0.02463311417881551,1404.7620465028851,1083.3285822066382,-0.5539545707434086,-0.568115540506025
BTCUSDT,adaptive126,all,0.2981898137153052,-0.1534350107195103,0.144754802995801,6.13398221105399e-15,0.07933160408464286,0.07601862960460795,5260.448375103947,3435.839442581193,0.566852466657679,-0.4465721209726884
BTCUSDT,adaptive126,development_2024_25,0.24850246537576545,-0.23086627926578895,0.01763618610998363,7.13318293321663e-15,0.059184530162700456,0.0563514369951597,4011.3652629307253,2401.870808992184,0.6194959797657723,-0.9611935762800647
BTCUSDT,adaptive126,reused_2026,0.048826239689328046,0.07608934273678639,0.12491558242611345,9.853229343548264e-16,0.0197979142221314,0.01932634951261714,1227.435825516354,1016.0493973209205,0.3977905701814428,0.7488744438746364
BTCUSDT,adaptive126,year2024,0.3390604215460602,-0.14157877155562532,0.19748164999044482,9.936496070395151e-15,0.029417200961157075,0.02654516014771883,2319.628624828905,1124.1538160380887,1.4617013168263915,-1.2594252631245644
BTCUSDT,adaptive126,year2025,-0.0756236691986197,-0.07456273564682699,-0.15018640484544898,2.3037127760972e-15,0.024858275867342846,0.02489080049592302,1412.7453544823165,1067.0034008156115,-0.5352958263758091,-0.6988050421379317
BTCUSDT,filtered_moe,all,0.10818341266156481,-0.08279934959409474,0.025384063067499518,2.944866572818228e-14,0.03516865127692759,0.03895978572129688,3463.02476356893,2379.5475260697062,0.31239572352948747,-0.34796257980547357
BTCUSDT,filtered_moe,development_2024_25,0.04937447485301376,-0.14922260587236028,-0.09984813101933199,1.4530043834781736e-14,0.025464144164653212,0.02773075646294832,2486.874601442132,1609.6575877388377,0.1985402674681772,-0.9270456462854335
BTCUSDT,filtered_moe,reused_2026,0.06533223985319975,0.0737911663211711,0.13912340617438748,1.662558979376172e-14,0.010780966464318692,0.012474594171608303,1084.4283012289804,855.2889405236607,0.6024579013583364,0.8627630128830098
BTCUSDT,filtered_moe,year2024,0.08904418943539129,-0.0483883808528589,0.04065580858252793,4.454769886308441e-15,0.011400637711941693,0.011160879121008846,1190.1450946097084,638.2069619179726,0.7481792752722483,-0.758192619952619
BTCUSDT,filtered_moe,year2025,-0.038119918473728046,-0.0968948851175368,-0.1350148035912466,1.8235413179468196e-14,0.013514080579502409,0.015922533853444994,1246.0695420503077,933.4984899032784,-0.30592127635994354,-1.037975809983113
BTCUSDT,kalman,all,0.27249358792034817,-0.4163971459019737,-0.14390355798157306,5.2458037913538647e-14,0.1421783365130243,0.13788232366220618,6291.471256390733,5388.917691180497,0.43311584336264014,-0.772691604816027
BTCUSDT,kalman,development_2024_25,0.17248853448314883,-0.44943693580539196,-0.2769484013222029,4.0245584642661925e-14,0.10859872569142248,0.10400789696288024,4874.500554987242,4022.8535344877782,0.35385888777193963,-1.1172092942295446
BTCUSDT,kalman,reused_2026,0.13830970517190325,0.04569492684040264,0.1840046320123229,1.7014167852380524e-14,0.046441513832493946,0.04684925219897193,1959.7089668214908,1889.3038327980503,0.70576655775695,0.24186118742335194
BTCUSDT,kalman,year2024,0.3534672658108573,-0.2738542247282999,0.07961304108259726,3.985700658404312e-14,0.055091999435625975,0.05232001078606029,2624.6661475037104,1961.4876469167127,1.3467132425471937,-1.3961557451497326
BTCUSDT,kalman,year2025,-0.1676329614787068,-0.1626348556340371,-0.33026781711274356,3.3306690738754696e-16,0.04956102253279738,0.04787630772317198,2083.9266680471733,1909.3562314734559,-0.8044091188477085,-0.8517784840418767
BTCUSDT,trend_ensemble_long,all,0.3035900366629342,0.0,0.30359003666298134,4.7128967395337895e-14,0.08587361988246538,0.0,6608.452773442684,0.0,0.4593965442001313,0.0
BTCUSDT,trend_ensemble_long,development_2024_25,0.20305852543772696,0.0,0.20305852543774927,2.2315482794965646e-14,0.06416193490023753,0.0,4970.330615520344,0.0,0.4085412845649681,0.0
BTCUSDT,trend_ensemble_long,reused_2026,0.08356327568405492,0.0,0.08356327568407557,2.0650148258027912e-14,0.018047072958755475,0.0,1361.631311599148,0.0,0.6136997215928829,0.0
BTCUSDT,trend_ensemble_long,year2024,0.3810478310296483,0.0,0.38104783102966633,1.8041124150158794e-14,0.030390447905718505,0.0,2611.2557324073096,0.0,1.4592512954614418,0.0
BTCUSDT,trend_ensemble_long,year2025,-0.1288798994450598,0.0,-0.1288798994450567,3.0808688933348094e-15,0.024453524516482555,0.0,1708.1775374529793,0.0,-0.7544877310424616,0.0
BTCUSDT,regime_gate_long,all,0.31135742225859236,0.0,0.31135742225860596,1.3600232051658168e-14,0.09326281105006615,0.0,6060.504200298808,0.0,0.5137483812703919,0.0
BTCUSDT,regime_gate_long,development_2024_25,0.2494284354224435,0.0,0.2494284354224614,1.790234627208065e-14,0.06751942348202104,0.0,4539.479178727836,0.0,0.549464873836792,0.0
BTCUSDT,regime_gate_long,reused_2026,0.04956585353782935,0.0,0.0495658535378258,3.552713678800501e-15,0.020604131327730396,0.0,1217.3766647600569,0.0,0.40715297879969387,0.0
BTCUSDT,regime_gate_long,year2024,0.38307490560121593,0.0,0.3830749056012195,3.552713678800501e-15,0.03105595040185189,0.0,2441.2119548141986,0.0,1.5691996954454204,0.0
BTCUSDT,regime_gate_long,year2025,-0.09662995810098703,0.0,-0.09662995810097666,1.0366707492437399e-14,0.026364062374711776,0.0,1517.1030978987553,0.0,-0.6369373197828357,0.0
BTCUSDT,expanding_tree,all,0.21316852468565475,-0.13503044455315705,0.07813808013246715,3.0558888752807434e-14,0.11413591992011496,0.03632283806959004,10621.427575879285,1324.6012872189299,0.20069667957794063,-1.0194044491430365
BTCUSDT,expanding_tree,development_2024_25,0.4722048544224364,-0.04619594607352266,0.4260089083489298,1.6042722705833512e-14,0.09262796421241859,0.02711803685765795,8806.152097175605,769.4566124075956,0.5362215519464927,-0.6003710323442097
BTCUSDT,expanding_tree,reused_2026,-0.1816512703533532,-0.06229589307579383,-0.2439471634291798,3.275157922644212e-14,0.01508262366509256,0.006454939487432541,1272.9762542686024,389.299584007575,-1.4269808234382364,-1.600204460392685
BTCUSDT,expanding_tree,year2024,0.4105062015706605,-0.044884786324154484,0.3656214152465356,2.958744360626042e-14,0.042125048276081045,0.007718255193173001,3925.0317581192153,191.18758261704843,1.0458672104282938,-2.3476831345296825
BTCUSDT,expanding_tree,year2025,0.04517991015880293,-0.0009601194992475061,0.044219790659545614,9.811595980124821e-15,0.03698163735021705,0.014205827067366766,3574.285145620099,423.44754068326637,0.12640264645411978,-0.02267387118834784
BTCUSDT,rolling_tree,all,0.24235196547188634,-0.4038246824834325,-0.1614727170114525,9.367506770274758e-14,0.11843452855084223,0.07372238756166095,11081.581179417315,3516.0242355935266,0.21869800125818287,-1.1485264475580739
BTCUSDT,rolling_tree,development_2024_25,0.4655068971469072,-0.19455492366421281,0.27095197348273015,3.574918139293004e-14,0.09745688145452366,0.043169829176847856,10091.647247101098,1776.9587747086778,0.4612793984457072,-1.0948758431163321
BTCUSDT,rolling_tree,reused_2026,-0.17558093171964628,-0.16465591398057913,-0.34023684570017976,4.5630166312093934e-14,0.01650546010706801,0.024039113217701982,778.8916914016405,1368.3172119552003,-2.254240655766693,-1.203346070209121
BTCUSDT,rolling_tree,year2024,0.34401624931908537,-0.09200435158127573,0.2520118977378396,2.9976021664879227e-14,0.03797593876786427,0.012954968254434138,4794.776886834278,607.1601452911553,0.7174812456106169,-1.5153226425485538
BTCUSDT,rolling_tree,year2025,0.09703633651352159,-0.08190862424568608,0.015127712267840146,4.640385298237959e-15,0.04750828869448504,0.024133046161147937,4230.686920657314,934.335074236226,0.22936307586297414,-0.8766514979932916
BTCUSDT,action_tcn,all,0.011326571153139281,-0.33417916963944516,-0.32285259848626957,3.630429290524262e-14,0.15113737032761923,0.10311318123485477,12357.89788280256,4106.163096967257,0.009165451325586297,-0.8138477740600814
BTCUSDT,action_tcn,development_2024_25,0.261428099050928,-0.2305748798118789,0.030853219239077134,2.8033131371785203e-14,0.12806356317111361,0.08883628220564556,10212.407559817717,3310.40001531836,0.2559906638269676,-0.6965166709307926
BTCUSDT,action_tcn,reused_2026,-0.24261604196415174,-0.10050343530385596,-0.3431194772679996,8.104628079763643e-15,0.022383212979183897,0.0138495944551133,2081.2762505301525,771.9460606004487,-1.1657080212314508,-1.3019489370239237
BTCUSDT,action_tcn,year2024,0.4228251159215263,0.020200534437017078,0.44302565035854524,1.887379141862766e-15,0.040796684778590775,0.015542727178385861,5150.0808996009255,516.9389953800841,0.8210067456499384,0.3907721146508681
BTCUSDT,action_tcn,year2025,-0.11184625639225208,-0.1737844467190076,-0.2856307031112417,1.7985612998927536e-14,0.06047493221679037,0.05079158156963365,3508.1335241400366,1935.8360118160003,-0.31881983859114776,-0.8977229768340816
BTCUSDT,vol_long,all,0.8662421313987727,0.0,0.8662421313987934,2.0650148258027912e-14,0.0021750419633992397,0.0,38165.871197962166,0.0,0.2269677343157373,0.0
BTCUSDT,vol_long,development_2024_25,0.9283626347052558,0.0,0.9283626347052865,3.064215547965432e-14,0.0016358752646682155,0.0,29044.36430004409,0.0,0.3196360660934991,0.0
BTCUSDT,vol_long,reused_2026,-0.032214118956923866,0.0,-0.03221411895692899,5.1209037010835345e-15,0.0002795981881350993,0.0,4730.182349396187,0.0,-0.06810333424257108,0.0
BTCUSDT,vol_long,year2024,1.0731168049209618,0.0,1.0731168049209865,2.4646951146678475e-14,0.0007782632836753459,0.0,11482.710330723712,0.0,0.9345500966350053,0.0
BTCUSDT,vol_long,year2025,-0.06982441600593896,0.0,-0.0698244160059361,2.858824288409778e-15,0.0004136824220213467,0.0,8471.135793040718,0.0,-0.08242627401074333,0.0
BTCUSDT,hold,all,0.9865606502237301,0.0,0.9865606502237296,4.440892098500626e-16,0.0005973516163719043,0.0,45601.60826906378,0.0,0.21634338955826143,0.0
BTCUSDT,hold,development_2024_25,1.0640094502849253,0.0,1.0640094502849107,1.4654943925052066e-14,0.0001999600080041871,0.0,34603.03958856086,0.0,0.30749016934242607,0.0
BTCUSDT,hold,reused_2026,-0.03752347163454351,0.0,-0.03752347163453646,7.049916206369744e-15,0.0001925338124362087,0.0,5328.739497285103,0.0,-0.0704171627336278,0.0
BTCUSDT,hold,year2024,1.203964775744012,0.0,1.203964775743986,2.5979218776228663e-14,0.0001999600080003506,0.0,13636.84340589867,0.0,0.8828764398828781,0.0
BTCUSDT,hold,year2025,-0.06350161626872733,0.0,-0.06350161626872235,4.98212582300539e-15,1.740736563289549e-15,0.0,9512.945221905682,0.0,-0.06675284550414594,0.0
DOGEUSDT,trend24,all,1.1638860660364811,-0.06075211003562847,1.1031339560008333,1.9317880628477724e-14,0.12560128462096196,0.13587010426125748,5849.733925662343,6123.076953129789,1.9896393251846902,-0.0992182696717134
DOGEUSDT,trend24,development_2024_25,0.8147370018510853,0.04220489947420905,0.8569419013252939,4.440892098500626e-16,0.07043603727257744,0.07512373546566133,3513.072001132645,3555.501937525231,2.3191582796720565,0.11870306982193721
DOGEUSDT,trend24,reused_2026,0.1880236877288455,-0.05544438920590754,0.13257929852292785,1.0130785099704553e-14,0.02970757852413867,0.03271312298583045,1258.338735779525,1382.6900097262544,1.4942215667577554,-0.40098929489542234
DOGEUSDT,trend24,year2024,0.6295368096930438,-0.09497125216172082,0.5345655575313257,2.7755575615628914e-15,0.027199796964353394,0.02922410730478163,1404.814984873117,1291.6825921198877,4.4812791468757265,-0.7352522418518903
DOGEUSDT,trend24,year2025,0.12068574799500596,0.08939087089678126,0.2100766188917852,2.0261570199409107e-15,0.02817490598301888,0.02991050329235786,1373.8461715842936,1475.2183993019994,0.8784516817907889,0.6059500812833992
DOGEUSDT,trend72,all,0.4624626511162298,-0.3599398916523647,0.10252275946381006,5.5067062021407764e-14,0.05189315388700658,0.055569448197451646,4548.278736751081,4978.760887242887,1.0167860808077374,-0.7229507498033118
DOGEUSDT,trend72,development_2024_25,0.5796371684679396,-0.13906035719287765,0.44057681127503256,2.930988785010413e-14,0.03347044504731894,0.036822946843338165,3263.650773491851,3382.0127422631917,1.7760391925995598,-0.4111763254322353
DOGEUSDT,trend72,reused_2026,-0.08133861133583044,-0.15332714835524106,-0.2346657596910893,1.7791323969618134e-14,0.0127884252304339,0.013013191110247867,891.7455516462362,1108.4088904405169,-0.9121280300829381,-1.3833085396338167
DOGEUSDT,trend72,year2024,0.5968610128707936,-0.04381313892634499,0.5530478739444225,2.6201263381153694e-14,0.013536966267763982,0.013859333176345448,1414.9012894955079,1157.1110365889015,4.218393306317561,-0.37864247717750293
DOGEUSDT,trend72,year2025,-0.011090349944660103,-0.061329222276081216,-0.07241957222074327,1.9567680809018384e-15,0.012835070388994528,0.014786159559054582,1190.4008337495088,1432.6034264632792,-0.09316483683674737,-0.4280962975740392
DOGEUSDT,trend168,all,0.5320857942159346,0.022908459536859035,0.5549942537527883,5.329070518200751e-15,0.030620711239669536,0.03780170930095872,4506.099569753552,5427.154630543972,1.1808123322162531,0.042210810445551805
DOGEUSDT,trend168,development_2024_25,0.4702816150656022,0.11389146466179617,0.5841730797273799,1.84297022087776e-14,0.01681951035255575,0.019858496844110448,3018.605492239176,3274.573790748505,1.557943282998373,0.3478054609230924
DOGEUSDT,trend168,reused_2026,0.03901352695689555,-0.057432490356795145,-0.018418963399891203,8.392592176775793e-15,0.008711927417355705,0.011326548018311304,938.971944763989,1358.8040772450847,0.4154919342845927,-0.42266939964764444
DOGEUSDT,trend168,year2024,0.417786594424096,-0.09798409208102815,0.3198025023430491,1.8762769116165146e-14,0.008560653847659245,0.007940435709400962,1499.149891665371,1187.1887844930066,2.7868233640065605,-0.8253454998976648
DOGEUSDT,trend168,year2025,0.039774906130509484,0.16053580468795972,0.2003107108184694,1.942890293094024e-16,0.006257645738839357,0.009030185284200715,1151.274980821988,1581.5889139092837,0.3454857162110044,1.0150286416155778
DOGEUSDT,trend336,all,1.2796030466022223,0.05220942452895458,1.331812471131157,1.9984014443252818e-14,0.026629366200529667,0.034467381956771875,6429.139906188774,8234.297333365239,1.9903176245557508,0.06340483275652779
DOGEUSDT,trend336,development_2024_25,1.1851661471633417,-0.01359862651112051,1.1715675206522058,1.532107773982716e-14,0.012950237798248125,0.017129307876037912,4275.270361823016,4922.434202737099,2.772143155545315,-0.02762581672205806
DOGEUSDT,trend336,reused_2026,0.043487894592620244,0.030304400123055217,0.07379229471567313,2.3314683517128287e-15,0.006299195522215756,0.007984128476708232,991.8501376917193,1525.1025349805648,0.4384522715682365,0.19870401778226277
DOGEUSDT,trend336,year2024,0.8699631667952847,0.08020082165816778,0.9501639884534616,9.103828801926284e-15,0.0059898673368202,0.004953523947256684,1924.5186601388607,1442.3883269516546,4.520419494049041,0.5560279444833299
DOGEUSDT,trend336,year2025,0.16162896158185266,-0.04809823621226555,0.1135307253695746,1.2503886814840826e-14,0.003569120598390143,0.0062434667037601236,1205.4123220418871,1784.488841138547,1.3408603730552886,-0.269535090965196
DOGEUSDT,trend_ensemble,all,0.953664812893069,-0.28727477572094556,0.6663900371721425,1.9095836023552692e-14,0.04589986934903881,0.05942573176764351,3530.8901772834747,4274.600294933495,2.7009189326493876,-0.6720506150281239
DOGEUSDT,trend_ensemble,development_2024_25,0.7808588309075586,-0.09541055571495032,0.6854482751926316,2.3314683517128287e-14,0.02633199192805857,0.032956926986554405,2308.1729344871014,2601.355449701072,3.383017014195572,-0.3667724675069459
DOGEUSDT,trend_ensemble,reused_2026,0.10252820245448377,-0.11383572123212567,-0.01130751877764444,2.5413698923060224e-15,0.011609894951385443,0.015704311529859287,725.4552161540694,992.7595345761565,1.413294717184985,-1.146659561227242
DOGEUSDT,trend_ensemble,year2024,0.4865214108702073,0.004062732275295744,0.49058414314550647,3.4416913763379853e-15,0.01208186058489443,0.01158712640811233,1051.375841720974,867.0636936514065,4.627473749766127,0.046856214889896206
DOGEUSDT,trend_ensemble,year2025,0.19746447819861127,-0.06673443324060357,0.13073004495802093,1.3239409568654992e-14,0.009560098575242313,0.014336527512862466,843.1574282777293,1163.4980581437515,2.3419645202196815,-0.5735672077276339
DOGEUSDT,breakout,all,1.6009491674521428,0.2573334124888839,1.8582825799409166,1.1013412404281553e-13,0.1204560926503247,0.1452213223889451,6620.792459866698,8175.776339693543,2.4180627578294094,0.3147510423438634
DOGEUSDT,breakout,development_2024_25,1.4293767310924346,0.5126493457648188,1.942026076857156,9.725553695716371e-14,0.06317913937825062,0.07267995612862868,4015.85988022542,4270.139498122505,3.5593291940559446,1.200544726911663
DOGEUSDT,breakout,reused_2026,0.05831778233012548,-0.08678234883243388,-0.028464566502312952,4.551914400963142e-15,0.01946854031058102,0.02465694197306686,885.4213088498587,1327.5330467985743,0.658644441321148,-0.6537114013222851
DOGEUSDT,breakout,year2024,0.8257894100378705,0.15880666103094826,0.9845960710688026,1.6209256159527285e-14,0.022845466770919774,0.021705071528426937,1456.8040161533436,1185.892020398672,5.668500367114224,1.3391325542232824
DOGEUSDT,breakout,year2025,0.3041361060084647,0.1782945607381501,0.48243066674657387,4.091171845743702e-14,0.020323366147555245,0.025685269331783604,1289.4593017580144,1554.093310314181,2.358632843966565,1.1472577583009185
DOGEUSDT,range_only,all,-0.04938661738294951,-0.46765338866891487,-0.5170400060518625,1.887379141862766e-15,0.018896820559481352,0.01754945072561732,1378.551902266334,1336.1775813636448,-0.358249967242859,-3.49993440386605
DOGEUSDT,range_only,development_2024_25,-0.043844801225506096,-0.4008839173720266,-0.4447287185975318,8.881784197001252e-16,0.012715288731336082,0.012181224614243907,979.1080440242748,1002.9168533559977,-0.4478035033324582,-3.9971799858639723
DOGEUSDT,range_only,reused_2026,-0.009980375976669084,-0.12024657772367826,-0.1302269537003455,1.8318679906315083e-15,0.011132453694583952,0.009667753927079921,719.3670402567371,600.1764167704099,-0.13873829934030835,-2.0035205376901226
DOGEUSDT,range_only,year2024,-0.002066375159256773,-0.29723558631090574,-0.2993019614701583,4.218847493575595e-15,0.007366093764070416,0.007881848758236238,544.4786437544778,631.4959490362279,-0.03795144553343704,-4.706848662521726
DOGEUSDT,range_only,year2025,-0.0596240088725038,-0.14792153732667646,-0.20754554619918492,4.6629367034256575e-15,0.00763409439319824,0.00613584685498526,620.2806007302488,530.0727044977324,-0.9612425215670001,-2.790589594060285
DOGEUSDT,down_rebound,all,0.8325393553230048,-0.3141199712647356,0.5184193840582705,1.3322676295501878e-15,0.06447548951703552,0.09045157053638223,4296.64494613491,3496.841689617421,1.9376498774280242,-0.8982962317035936
DOGEUSDT,down_rebound,development_2024_25,0.5239909229910138,-0.13229872450039715,0.39169219849062964,1.2989609388114332e-14,0.04002797851522469,0.05088160856121601,2841.9619227594753,2028.0050100111087,1.8437647555890948,-0.6523589628591325
DOGEUSDT,down_rebound,reused_2026,0.22170738088970382,-0.1306476007852413,0.09105978010445397,8.56259507742152e-15,0.017566751490254502,0.028432983973095585,1045.262037793358,1055.4321431127876,2.121069864526487,-1.237858839507409
DOGEUSDT,down_rebound,year2024,0.3892637284434519,-0.04795171682405773,0.34131201161940394,9.769962616701378e-15,0.018018145200993797,0.02087100277020968,1400.5629135763556,738.0042772760426,2.779337683942108,-0.6497484946977062
DOGEUSDT,down_rebound,year2025,0.10044433612795427,-0.06288395760692907,0.03756037852102754,2.338407245616736e-15,0.016409182295816314,0.02237406772699641,1074.6187290478956,961.745456359264,0.9346974272163228,-0.6538524012890008
DOGEUSDT,selected_trend,all,0.5405465883220861,-0.3326042792336,0.20794230908846423,2.1926904736346842e-14,0.05388827366001472,0.05980276602861097,4638.587283647451,5093.180810027123,1.1653258961574164,-0.6530384285175785
DOGEUSDT,selected_trend,development_2024_25,0.6185682256774145,-0.19215535649171236,0.42641286918567767,2.453592884421596e-14,0.035487546930467524,0.038463515505894254,3475.9484761384833,3457.5067482903382,1.7795667281138676,-0.5557627807573449
DOGEUSDT,selected_trend,reused_2026,-0.054697794054445054,-0.09846302271660536,-0.1531608167710487,1.7208456881689926e-15,0.01290000050269593,0.014960079920548548,815.0787423648976,1146.7045040546861,-0.6710737406271079,-0.8586608177472517
DOGEUSDT,selected_trend,year2024,0.6635238805528968,-0.006178235254631008,0.6573456452982673,1.5543122344752192e-15,0.007962980451502693,0.0074607118752593885,1454.8771413879665,1200.101524780548,4.560686683962117,-0.05148093829612263
DOGEUSDT,selected_trend,year2025,-0.02712509306855654,-0.11221384130985655,-0.1393389343784286,1.5487611193520934e-14,0.016607619875220008,0.018706299267498536,1219.4627840511757,1362.0606117461589,-0.22243477556932326,-0.8238535080021046
DOGEUSDT,selected_breakout,all,1.158203342159501,0.2670927163511223,1.4252960585107437,1.2034817586936697e-13,0.12490857588919405,0.13876363371389244,7072.111230690015,8160.300186888341,1.6377052118939834,0.327307464473276
DOGEUSDT,selected_breakout,development_2024_25,1.1528875604953848,0.4064869102491523,1.5593744707445625,2.531308496145357e-14,0.0643921043678375,0.06966299000786842,4507.824993212417,4353.656075851945,2.5575251085197985,0.9336679406161151
DOGEUSDT,selected_breakout,reused_2026,0.0020769847182892666,-0.05446416516668546,-0.05238718044835903,3.7164715749327115e-14,0.02364502428741946,0.026999036091002952,1001.9191278139178,1487.333781964694,0.02073006354136615,-0.3661865670444263
DOGEUSDT,selected_breakout,year2024,0.7819735001479513,0.09642373039984997,0.8783972305478331,3.186340080674199e-14,0.015365596724830717,0.013087345868245606,1804.7441987323675,1160.3927384885583,4.332877206072755,0.8309577197582638
DOGEUSDT,selected_breakout,year2025,0.19746305750209003,0.16506794984938966,0.36253100735147636,3.3306690738754696e-15,0.026100180965827047,0.030119105383860995,1439.0357643849904,1699.9936357615236,1.3721900621870995,0.9709915753622592
DOGEUSDT,regime_gate,all,0.9040171276989559,-0.07094724543521452,0.8330698822637601,1.865174681370263e-14,0.05148555987646627,0.07072400519732626,3339.310296296824,3425.39710092496,2.70719713798828,-0.20712122812288433
DOGEUSDT,regime_gate,development_2024_25,0.6951766407426024,0.07759606986800925,0.7727727106105995,1.2212453270876722e-14,0.030432713643177192,0.04018816643704849,2176.4450488534662,1992.2013987868143,3.1940923163156167,0.38949912350861077
DOGEUSDT,regime_gate,reused_2026,0.11780443466123879,-0.08379151732996885,0.03401291733128741,1.7479073743942308e-14,0.011875660149370082,0.017224903439403822,655.9584545064611,808.4486485831039,1.795913046808339,-1.0364482330055569
DOGEUSDT,regime_gate,year2024,0.4547094717941647,0.05321913825343907,0.5079286100475973,6.5503158452884236e-15,0.012948932527613997,0.014010789694054195,967.6415987411592,623.4648514918737,4.699151756039768,0.8536028635149568
DOGEUSDT,regime_gate,year2025,0.15946853673719175,0.01616583931901168,0.17563437605619972,3.6914915568786455e-15,0.011594568203736999,0.01735982497352313,801.6317497113814,907.6932012396375,1.9892991612995197,0.1780980544630496
DOGEUSDT,gate_no_range,all,0.7261546701555962,-0.09845165879550072,0.6277030113601472,5.1736392947532295e-14,0.04724550185368901,0.06339676657447298,3109.065608391384,3225.327479697656,2.335604202740852,-0.30524546550767495
DOGEUSDT,gate_no_range,development_2024_25,0.5710777782526542,0.0034981731537656047,0.574575951406477,5.728750807065808e-14,0.028473504268067093,0.037178482414917585,2057.900176147316,1910.1696589155447,2.7750509226438456,0.01831341597034691
DOGEUSDT,gate_no_range,reused_2026,0.09848803531161561,-0.06474748446284885,0.03374055084876335,3.406996906818449e-15,0.01192193845514659,0.01665101269718753,667.5863627315808,835.2457178120604,1.4752853085349062,-0.7751908579963261
DOGEUSDT,gate_no_range,year2024,0.3879417757286732,0.04827896470583015,0.43622074043453307,2.969846590872294e-14,0.012610890286860094,0.013049669212342166,943.1481549722062,626.7097233447244,4.113264429172377,0.7703560820497132
DOGEUSDT,gate_no_range,year2025,0.1275124341043652,-0.031179602335025397,0.09633283176935888,1.9081958235744878e-14,0.011044690787857381,0.01680021219807421,776.170396228812,893.6369594429515,1.6428407309002162,-0.34890681283438857
DOGEUSDT,adaptive14,all,0.7944275683050371,-0.04561775821915746,0.7488098100858689,1.0769163338864018e-14,0.04553422153641118,0.06168443905694159,3039.2660203906457,3158.9855523657475,2.6138796767876444,-0.14440635280840255
DOGEUSDT,adaptive14,development_2024_25,0.6437592634772109,0.06662419281219178,0.7103834562893807,2.19824158875781e-14,0.02744549163972135,0.036101453357166406,2025.560925580933,1863.5596529149425,3.178177735101106,0.3575103845373534
DOGEUSDT,adaptive14,reused_2026,0.08809036609527085,-0.06562385213597323,0.022466513959304105,6.484396353201305e-15,0.01057583305671859,0.014957456239243922,592.677093012179,757.3891659716986,1.4863129878626957,-0.8664482551949442
DOGEUSDT,adaptive14,year2024,0.4104617741871657,0.057406038151892935,0.4678678123390698,1.1213252548714081e-14,0.011787600202246657,0.012623828834243171,920.8073496727125,604.9743686068226,4.457629213462059,0.9489003357959046
DOGEUSDT,adaptive14,year2025,0.15893630702228034,0.00627996239362293,0.1652162694158805,2.2787327580431338e-14,0.010667099111958595,0.015994372467035216,752.6247027297225,857.4241316066092,2.111760435789954,0.07324219324053514
DOGEUSDT,adaptive42,all,0.8734103812051873,-0.06155738961808019,0.8118529915871033,3.774758283725532e-15,0.04668799500339634,0.06268721005838879,3103.1555655531406,3174.016545494999,2.814587805073514,-0.19394161541297225
DOGEUSDT,adaptive42,development_2024_25,0.6969051685904042,0.048821496209102797,0.7457266647994907,1.63202784619898e-14,0.02870742410345834,0.03690374559891194,2071.8769172455964,1884.2223425440163,3.363641743337181,0.25910687452726827
DOGEUSDT,adaptive42,reused_2026,0.10110701530417197,-0.06322804597812609,0.03787896932605297,7.08461067588928e-15,0.01029976299411294,0.014769473927029847,590.7446274964211,738.8294106735918,1.7115181518055278,-0.8557868036206218
DOGEUSDT,adaptive42,year2024,0.45835216173469684,0.06064554667498481,0.5189977084096926,1.099120794378905e-14,0.012145866643059612,0.012840988201843739,928.6415873210639,607.6112888400654,4.935727281576379,0.9980977606712611
DOGEUSDT,adaptive42,year2025,0.15704632438547858,-0.007784113432443036,0.14926221095301773,1.7819079545233762e-14,0.010902950918693465,0.015841207174868355,752.6247890929585,840.4298746707741,2.086648309508198,-0.09262061793665233
DOGEUSDT,adaptive126,all,0.876754267061151,-0.010502771506595242,0.8662514955545981,4.241051954068098e-14,0.048024522613706884,0.06521669337483982,3196.364104569304,3235.7607689045612,2.742973698796714,-0.03245843020141092
DOGEUSDT,adaptive126,development_2024_25,0.7077922314171147,0.0978091765305507,0.8056014079476914,2.609024107869118e-14,0.028587262591362194,0.037408424816240175,2103.9161473682657,1900.4064305340798,3.364165593303106,0.5146750450800303
DOGEUSDT,adaptive126,reused_2026,0.09357659719377615,-0.05998663246516681,0.033589964728618416,9.083012120214562e-15,0.010764978326217495,0.015401111472441458,605.0327344631128,739.5620830226812,1.5466369315837614,-0.8111101669787352
DOGEUSDT,adaptive126,year2024,0.4330962662040321,0.07165671080589821,0.5047529770099604,3.008704396734174e-14,0.01179294864664142,0.012426280987998008,910.3481440567065,582.4874975590473,4.757479531666449,1.2301845293878484
DOGEUSDT,adaptive126,year2025,0.18255219920476295,0.01737990628642528,0.19993210549118565,2.581268532253489e-15,0.011160844471690058,0.016602156107963496,793.1986322986082,875.8373986365664,2.301468910451162,0.19843759028195107
DOGEUSDT,filtered_moe,all,0.6750357761984594,-0.10140284922537689,0.5736329269731215,3.8968828164342995e-14,0.022189200861347083,0.03067301804844091,2303.4321832295436,2149.3320165801274,2.930565011260808,-0.47178773890281633
DOGEUSDT,filtered_moe,development_2024_25,0.5459585390913216,-0.04265008322431234,0.5033084558670278,1.84297022087776e-14,0.01242711277530888,0.016582025100228718,1522.3279724831898,1214.1142442199018,3.5863397964156527,-0.3512855847574382
DOGEUSDT,filtered_moe,reused_2026,0.08586211073541336,-0.03908230927044121,0.04677980146498568,1.3523904218715188e-14,0.006493735898271089,0.009373321152567627,519.5901131919433,622.1063739183468,1.6524970078423105,-0.6282255078706342
DOGEUSDT,filtered_moe,year2024,0.3507154794247045,0.04244238625090941,0.39315786567560096,1.2934098236883074e-14,0.0042764134333308276,0.004451361617842247,587.3342530772112,353.70367593855946,5.9713098220852325,1.199941904428551
DOGEUSDT,filtered_moe,year2025,0.14014424673397333,-0.061078842227228015,0.0790654045067679,2.257916076331412e-14,0.0058505209946364805,0.008707314354862293,671.1326422096179,617.5973229452303,2.088175092669706,-0.9889751778060185
DOGEUSDT,kalman,all,1.6640360810914037,0.33571740536973355,1.9997534864611786,4.1300296516055823e-14,0.1860036107620927,0.20086500689219322,8058.135334129718,8706.145533736664,2.065038637466766,0.38560968693759495
DOGEUSDT,kalman,development_2024_25,1.1889691595035412,0.4622589658103762,1.651228125313903,1.4432899320127035e-14,0.10014425807752203,0.10560176994222326,4650.602023438171,4743.409031305955,2.5565919283382175,0.9745289996277362
DOGEUSDT,kalman,reused_2026,0.17918749316662996,-0.04772941235513661,0.13145808081151467,2.1316282072803006e-14,0.03238474722894885,0.035931738970478404,1285.265978493683,1494.6795655170274,1.3941666251575076,-0.31932872741607626
DOGEUSDT,kalman,year2024,0.8736957656003517,0.05752196613591969,0.9312177317362791,7.771561172376096e-15,0.03440684597437233,0.03483001005053116,1659.5275905937453,1444.3394730342422,5.264725760225301,0.3982579387315268
DOGEUSDT,kalman,year2025,0.1632510869811352,0.20957605816438626,0.37282714514550974,1.1712852909795402e-14,0.03403935818466615,0.03664618376720479,1548.8022834977153,1708.2846248028459,1.0540473030066786,1.2268216614580463
DOGEUSDT,trend_ensemble_long,all,1.097707209772549,0.0,1.0977072097725524,3.3306690738754696e-15,0.04734769816290097,0.0,3925.714587442941,0.0,2.7961971898918745,0.0
DOGEUSDT,trend_ensemble_long,development_2024_25,0.8536183333216056,0.0,0.8536183333216019,3.774758283725532e-15,0.025501851202671254,0.0,2483.584721225281,0.0,3.4370413299227875,0.0
DOGEUSDT,trend_ensemble_long,reused_2026,0.1316823814606683,0.0,0.13168238146067218,3.885780586188048e-15,0.011785515155691692,0.0,778.0079859446732,0.0,1.6925582235608654,0.0
DOGEUSDT,trend_ensemble_long,year2024,0.5193117598203759,0.0,0.5193117598203674,8.548717289613705e-15,0.011656346665344996,0.0,1101.3524703179896,0.0,4.715218550065419,0.0
DOGEUSDT,trend_ensemble_long,year2025,0.22003816618964084,0.0,0.220038166189644,3.164135620181696e-15,0.009113010840489547,0.0,909.7752597338659,0.0,2.418599141220965,0.0
DOGEUSDT,regime_gate_long,all,0.7911236936826569,0.0,0.7911236936826638,6.8833827526759706e-15,0.04419771740767601,0.0,3147.6469504280135,0.0,2.513381284947096,0.0
DOGEUSDT,regime_gate_long,development_2024_25,0.5877051062997913,0.0,0.5877051062997947,3.3306690738754696e-15,0.026165778122751872,0.0,2050.647754583085,0.0,2.8659486008082213,0.0
DOGEUSDT,regime_gate_long,reused_2026,0.1281211394834774,0.0,0.1281211394834798,2.4147350785597155e-15,0.011357234547760721,0.0,690.9338462742149,0.0,1.8543184730977733,0.0
DOGEUSDT,regime_gate_long,year2024,0.4049277787781956,0.0,0.40492777877818775,7.827072323607354e-15,0.012137072178936401,0.0,967.7911622969181,0.0,4.184040881476492,0.0
DOGEUSDT,regime_gate_long,year2025,0.13009731196328847,0.0,0.13009731196329635,7.882583474838611e-15,0.009985357365497962,0.0,770.7560549680967,0.0,1.6879181308367857,0.0
DOGEUSDT,expanding_tree,all,0.9969762637430016,-0.07508764793507094,0.9218886158079502,1.9539925233402755e-14,0.07042579421584745,0.03809522708276372,6003.259305702134,1650.6603001952833,1.6607249711769638,-0.45489461354457733
DOGEUSDT,expanding_tree,development_2024_25,1.064078154021443,0.06936516307655533,1.1334433170979556,4.263256414560601e-14,0.048577980534018565,0.022302469843346957,4541.218571640646,909.7286504585836,2.34315555887682,0.7624819009667241
DOGEUSDT,expanding_tree,reused_2026,-0.031452389543546684,-0.06770876444381946,-0.099161153987337,2.9129476608602545e-14,0.01024063470856477,0.007402473322281218,685.2962637180577,347.2938061202214,-0.45896047021915065,-1.9496104811146837
DOGEUSDT,expanding_tree,year2024,0.7482545917542014,0.08768144213347862,0.8359360338876591,2.0872192862952943e-14,0.01769146488800377,0.00821884036171618,1653.957816027634,436.90406966757246,4.524024642607329,2.006880874334562
DOGEUSDT,expanding_tree,year2025,0.1720231840531363,-0.009976534431942014,0.16204664962118226,1.201816424156732e-14,0.016823307062943528,0.0076710894179729105,1572.6369014606335,257.53870073010575,1.0938518859208037,-0.3873800094377729
DOGEUSDT,rolling_tree,all,0.43759121446903604,-0.37561218886798686,0.061979025600963356,8.58202398035246e-14,0.06979480076663343,0.05692809073632145,5727.267793624053,3561.1627996506045,0.7640488104226407,-1.0547459074458467
DOGEUSDT,rolling_tree,development_2024_25,0.6283715827709633,-0.1529318501945706,0.4754397325763102,8.248957072964913e-14,0.045081305945417156,0.02909884735668583,4613.899289704608,1777.999599193732,1.3619100533319033,-0.8601343344729688
DOGEUSDT,rolling_tree,reused_2026,-0.12930407395820903,-0.15092472688436245,-0.28022880084257357,2.0539125955565396e-15,0.016749918194261516,0.01886166053766366,754.6011398075601,1208.5639020600574,-1.7135419910866345,-1.2487939332550289
DOGEUSDT,rolling_tree,year2024,0.6822232642781731,-0.019519594123095715,0.662703670155063,1.4432899320127035e-14,0.018960616284943776,0.006532102345989483,2449.0843709410187,285.3001194102282,2.7856258133566896,-0.6841775658365156
DOGEUSDT,rolling_tree,year2025,-0.03238802107304414,-0.0802381437331121,-0.11262616480619704,4.08006961549745e-14,0.015709768450825265,0.013572319238696205,1301.984808009535,897.7543663233122,-0.2487588247865865,-0.8937650068105109
DOGEUSDT,action_tcn,all,0.26168655911486083,-0.20210471886866943,0.05958184024617763,1.3766765505351941e-14,0.0936313068116942,0.07588352978331234,6237.49555741181,3861.3637252378035,0.4195378685342827,-0.5234024382311271
DOGEUSDT,action_tcn,development_2024_25,0.383500989922373,0.003327371347563654,0.3868283612699204,1.63202784619898e-14,0.06330446990751831,0.054270140104894775,4121.5100717302,2521.822803229861,0.930486601386322,0.0131943106522079
DOGEUSDT,action_tcn,reused_2026,-0.08783670294712356,-0.14813086893328214,-0.23596757188040393,1.7763568394002505e-15,0.02186776514752379,0.015584761807601162,1525.7731560551595,965.9024573028805,-0.5756865140701696,-1.533600704846663
DOGEUSDT,action_tcn,year2024,0.43441113090007877,-0.08551448378574901,0.3488966471142856,4.418687638008123e-14,0.01900828164887247,0.010993906738690919,1826.5578174451202,601.909197961118,2.378304846148845,-1.4207206680910873
DOGEUSDT,action_tcn,year2025,-0.03774206206725948,0.06586261098904313,0.0281205489218041,2.045585922871851e-14,0.0328388304273788,0.032082690292681314,1701.3551477014232,1423.3215045615557,-0.2218352947545962,0.4627388174629712
DOGEUSDT,vol_long,all,0.26138370973779684,0.0,0.2613837097377971,2.7755575615628914e-16,0.0021757796652089423,0.0,17896.57398396204,0.0,0.14605237291340512,0.0
DOGEUSDT,vol_long,development_2024_25,0.3438519873747763,0.0,0.34385198737479317,1.687538997430238e-14,0.0016343122463628552,0.0,12488.072498732667,0.0,0.275344323481203,0.0
DOGEUSDT,vol_long,reused_2026,-0.061367083884052306,0.0,-0.06136708388406474,1.2434497875801753e-14,0.0004029219169470003,0.0,4024.625878475535,0.0,-0.15247897751752565,0.0
DOGEUSDT,vol_long,year2024,0.8643485912469507,0.0,0.8643485912469389,1.1879386363489175e-14,0.0008563970455164994,0.0,5583.0542556400505,0.0,1.548164412648826,0.0
DOGEUSDT,vol_long,year2025,-0.2791841645472797,0.0,-0.27918416454726425,1.5432100042289676e-14,0.0004172584486070066,0.0,3703.7162875609583,0.0,-0.7537946831535882,0.0
DOGEUSDT,hold,all,0.06514945062653042,0.0,0.06514945062657551,4.508893258758917e-14,0.0004130325126272683,0.0,43125.35245864061,0.0,0.015106995517082911,0.0
DOGEUSDT,hold,development_2024_25,0.3069085136435872,0.0,0.3069085136436378,5.062616992290714e-14,0.00019996000800057677,0.0,36395.390947046246,0.0,0.08432620330693139,0.0
DOGEUSDT,hold,reused_2026,-0.18498545268714847,0.0,-0.18498545268715275,4.274358644806853e-15,0.00016303551656622788,0.0,5149.527638190489,0.0,-0.35922800241956016,0.0
DOGEUSDT,hold,year2024,2.5154403098449674,0.0,2.515440309845005,3.774758283725532e-14,0.00019996000799952222,0.0,15910.613125278158,0.0,1.5809826372112175,0.0
DOGEUSDT,hold,year2025,-0.6282376036982839,0.0,-0.6282376036982806,3.219646771412954e-15,2.999799306394924e-16,0.0,5827.0873678043645,0.0,-1.0781331461913581,0.0
ETHUSDT,trend24,all,0.2290300951876093,-0.003502313566550416,0.22552778162105724,1.6375789613221059e-15,0.1161088360538543,0.11358252165203889,5134.487006215723,4812.347257834428,0.4460622744012193,-0.007277765670066105
ETHUSDT,trend24,development_2024_25,0.0747090217030904,-0.1874785499949375,-0.11276952829182396,2.3120394487818885e-14,0.07965633396189448,0.07821645165012531,3572.579823530041,3243.00265157644,0.2091178515061728,-0.5781017474771513
ETHUSDT,trend24,reused_2026,0.17393572291019957,0.20736014180642307,0.3812958647165947,2.7922109069322687e-14,0.04108571927402154,0.0398611985607569,1760.43004888973,1768.8127902511565,0.9880297318254568,1.1723125417754339
ETHUSDT,trend24,year2024,0.20328450688328903,-0.048817784100222764,0.15446672278308227,1.5987211554602254e-14,0.0458725824869385,0.04473252648706337,2043.644429290801,1762.1728116173688,0.9947156362901846,-0.27703176316411615
ETHUSDT,trend24,year2025,-0.11137218825176759,-0.120108066484969,-0.23148025473673042,6.161737786669619e-15,0.02926351258831716,0.029003802796794317,1324.3650631639023,1282.6959935139764,-0.8409477971708187,-0.9363720405482056
ETHUSDT,trend72,all,0.46871775074239297,0.11255244150558016,0.5812701922479768,3.6637359812630166e-15,0.09659481654619995,0.09192720683961157,8898.627014707728,8045.617637528389,0.5267304157907643,0.13989285419255423
ETHUSDT,trend72,development_2024_25,0.732991864661048,0.081244193204255,0.8142360578653196,1.6542323066914832e-14,0.06651047958186397,0.05982507404230582,6319.266526606026,5454.550808873466,1.1599318711672157,0.1489475413302355
ETHUSDT,trend72,reused_2026,-0.14566688429156646,0.0172569871299788,-0.12840989716159476,7.105427357601002e-15,0.016582371866059157,0.01769457323821357,1421.7336696177515,1428.1861599111003,-1.0245722346206416,0.1208314967220589
ETHUSDT,trend72,year2024,0.5473899153407925,0.37556211061278294,0.9229520259535897,1.4210854715202004e-14,0.03408380719940591,0.027105241654670258,3134.9555770580646,2479.802004277201,1.746085078036351,1.5144842611023284
ETHUSDT,trend72,year2025,0.09651928223649557,-0.1530552574563456,-0.05653597521984875,1.27675647831893e-15,0.01686296482949319,0.017015417933481637,1655.9492418792217,1546.9698486737298,0.582863772605509,-0.9893874634180176
ETHUSDT,trend168,all,0.7978538157474274,0.25223089773674934,1.0500847134842402,6.350475700855895e-14,0.057408495402863385,0.05445192123132988,8890.553698186422,7776.951664030578,0.897417464460263,0.3243313172477982
ETHUSDT,trend168,development_2024_25,0.8383416620233488,-0.08877246368366154,0.7495691983397219,3.4638958368304884e-14,0.03402368240679231,0.03458507915868799,5927.004285182166,5258.012653285313,1.4144441638404897,-0.16883273118065759
ETHUSDT,trend168,reused_2026,-0.023141608982567306,0.19490704439927878,0.1717654354167281,1.662558979376172e-14,0.01336604063346704,0.011355276539787513,1693.873792369321,1439.7481466498439,-0.13661944052040487,1.3537579114292233
ETHUSDT,trend168,year2024,0.5517331348229895,-0.024910156693026736,0.5268229781299956,3.2862601528904634e-14,0.014466907998728695,0.017394061038583545,3126.853533334402,2624.636055816024,1.764499452696252,-0.09490899371677622
ETHUSDT,trend168,year2025,0.1877156234257022,-0.04182692290160013,0.14588870052410324,1.1657341758564144e-15,0.012808802780801827,0.011259339403680884,1833.9721054482034,1724.7425767030081,1.0235467751557021,-0.24251110552135752
ETHUSDT,trend336,all,1.2283799441370051,0.31302393828370695,1.5414038824206835,2.864375403532904e-14,0.03654346796230704,0.034777310134620106,9544.575773634431,8073.742682784243,1.2869927100691416,0.38770611175306885
ETHUSDT,trend336,development_2024_25,0.9064533404074777,-0.16731377884722373,0.7391395615602627,8.770761894538737e-15,0.01904674442454022,0.021301868903354202,5759.759610222455,5088.764010788331,1.5737693962065693,-0.32879060316515674
ETHUSDT,trend336,reused_2026,0.18510682572289489,0.2761927379192027,0.46129956364207614,2.142730437526552e-14,0.010060563237414773,0.00774833804549674,2176.257873184395,1716.3537291498033,0.8505739508344135,1.6091830793878072
ETHUSDT,trend336,year2024,0.36020263714412476,-0.03600564653081255,0.3241969906133155,3.3306690738754696e-15,0.007671545108615824,0.009759704181533296,2801.5055482988287,2439.250379837957,1.2857466492002925,-0.14760947391224535
ETHUSDT,trend336,year2025,0.41251468409571845,-0.09916057297154429,0.31335411112417816,3.9968028886505635e-15,0.008590262171382713,0.008716350213479211,2233.9984782426363,2000.8455310891638,1.8465307300487557,-0.4955933450673029
ETHUSDT,trend_ensemble,all,0.5186405995163679,0.04392585834089867,0.5625664578572975,3.097522238704187e-14,0.06905395971793767,0.06923580408485935,5396.315864282073,4730.055023570083,0.9611012634549849,0.09286542782697893
ETHUSDT,trend_ensemble,development_2024_25,0.48971546857397924,-0.10296499157217158,0.3867504770018182,1.0547118733938987e-14,0.04497207706848405,0.04661744301661683,3722.1842529202295,3214.9388864809603,1.3156669183954939,-0.32027044745748195
ETHUSDT,trend_ensemble,reused_2026,0.020858208756434102,0.10592449928746445,0.12678270804391353,1.4988010832439613e-14,0.01736569271028421,0.016310332279202727,1207.2334851337841,1092.565794795927,0.17277692354700233,0.9695022468395084
ETHUSDT,trend_ensemble,year2024,0.3019131312041259,0.14113398602170937,0.44304711722584833,1.3100631690576847e-14,0.02369923654236135,0.023202088905949676,2008.2069639067022,1550.381747521544,1.5033964956320718,0.9103176443306792
ETHUSDT,trend_ensemble,year2025,0.13014290048331173,-0.16915523733081095,-0.03901233684750106,1.8388068845354155e-15,0.014741611879602491,0.016226326799142522,1187.74866638348,1153.5015863926906,1.0957107691779417,-1.466449975676278
ETHUSDT,breakout,all,1.0641563153642195,0.49966153449534195,1.5638178498596185,5.706546346573305e-14,0.1565429655018502,0.153201994392077,9104.252717083215,8000.277992666176,1.1688563009322415,0.6245552153979896
ETHUSDT,breakout,development_2024_25,0.8498671090313545,0.3839112306729598,1.2337783397043496,3.530509218307998e-14,0.09501599151857135,0.09193133118762543,5870.176676659736,4780.963849320137,1.4477709204400782,0.8029996518956167
ETHUSDT,breakout,reused_2026,0.09593127595696324,0.05181816913745445,0.14774944509442736,9.686695889854491e-15,0.027543903031767347,0.027429159874726432,1447.8052647119512,1441.196776835131,0.6625979218002727,0.35954957692347317
ETHUSDT,breakout,year2024,0.5693190524141902,0.2564047580374557,0.8257238104516822,3.6193270602780103e-14,0.04086888843449896,0.040221614770506724,2685.2974554322773,1962.7608597145127,2.1201340330564666,1.3063474175593164
ETHUSDT,breakout,year2025,0.1536640180793594,0.06983886166438226,0.22350287974374125,4.163336342344337e-16,0.0296578829580343,0.02832285810213856,1744.4474366796603,1543.6086079791032,0.8808750258009483,0.4524389233344293
ETHUSDT,range_only,all,-0.24510714109546256,-0.32383001128404715,-0.5689371523795095,2.220446049250313e-16,0.024651047272826847,0.024621155597332866,1651.7412309242434,1931.8523879481775,-1.4839318442048646,-1.6762668478412441
ETHUSDT,range_only,development_2024_25,-0.16250347257873243,-0.2927757101400752,-0.45527918271881374,6.106226635438361e-15,0.018915777265738606,0.01893158454184921,1259.3883810174327,1554.9832741423081,-1.2903364444846583,-1.8828222464422542
ETHUSDT,range_only,reused_2026,-0.1516440457132188,-0.057009572901895685,-0.2086536186151027,1.176836406102666e-14,0.010528824721100541,0.010444930457920573,720.2824593066307,691.8573732630615,-2.1053413664855407,-0.8240075932560628
ETHUSDT,range_only,year2024,-0.13257526180874313,-0.22407166307574483,-0.3566469248845038,1.582067810090848e-14,0.011736809380334154,0.011671236091943833,750.1174348401082,990.1629149622439,-1.767393419365093,-2.2629777351769325
ETHUSDT,range_only,year2025,-0.04651910735736599,-0.10679057848910785,-0.15330968584645882,1.5015766408055242e-14,0.011158675015450365,0.011285169420542482,791.5885784581022,877.9321666857147,-0.5876677433620675,-1.2163875814261755
ETHUSDT,down_rebound,all,0.8049719669603183,0.30529857930567894,1.1102705462660274,3.019806626980426e-14,0.1157785776244958,0.14192238531621243,8818.721647276927,5243.115172572772,0.9127989284125778,0.5822847091033294
ETHUSDT,down_rebound,development_2024_25,0.8123423259455536,0.005266745901436852,0.8176090718470055,1.509903313490213e-14,0.07493073493935344,0.09385419627371713,5880.735371626499,3393.3763351492776,1.3813618104037815,0.015520665500265426
ETHUSDT,down_rebound,reused_2026,-0.00405497480145477,0.16506950699765038,0.16101453219620387,8.271161533457416e-15,0.022473392831184477,0.026445834688561334,1616.4016350693744,1017.676939488336,-0.025086430955513942,1.6220226733313172
ETHUSDT,down_rebound,year2024,0.5029515930827444,0.19499700367769185,0.6979485967604278,8.43769498715119e-15,0.03355732229878032,0.04427488247373213,2943.0342915518627,1523.541664086966,1.7089559388638245,1.2798928199613788
ETHUSDT,down_rebound,year2025,0.18221442831255666,-0.11174087256719527,0.07047355574537528,1.3891665595622271e-14,0.024366705046024846,0.029199537544645934,1730.147241017527,1101.2316124468264,1.0531729554150169,-1.0146900189227064
ETHUSDT,selected_trend,all,0.45782844001214157,-0.04255147570833832,0.4152769643037577,4.551914400963142e-14,0.06884528634823653,0.06472718649179604,7705.658654040853,6210.603473698695,0.5941457577699162,-0.06851423680249383
ETHUSDT,selected_trend,development_2024_25,0.6200822815782333,-0.14380892052596378,0.4762733610522494,2.015054789694659e-14,0.043736159863832495,0.04188105086235285,5394.460701103432,4583.874511694653,1.149479653177186,-0.3137278740049928
ETHUSDT,selected_trend,reused_2026,-0.1099077215959797,0.06858990176822793,-0.0413178198277689,1.7139067942650854e-14,0.017008453276232592,0.015475545540670758,1565.5623232881878,1101.9158137789268,-0.7020335119277648,0.6224604539706593
ETHUSDT,selected_trend,year2024,0.4768255244145006,0.12448497894615448,0.6013105033606589,3.885780586188048e-15,0.02095477910338062,0.019170408482515125,2579.697900530353,2312.220354904863,1.848377379058499,0.5383785272977429
ETHUSDT,selected_trend,year2025,0.08946219790795149,-0.16754645579920427,-0.07808425789126781,1.5029644195863057e-14,0.014226710380429499,0.014182535074974576,1757.7870092438384,1418.6219050098568,0.5089478841150167,-1.1810508156367439
ETHUSDT,selected_breakout,all,0.6200127813239916,0.23130039852540962,0.8513131798493498,5.140332604014475e-14,0.11139243591034789,0.10738117470079549,8344.986534272584,7043.347310843464,0.7429763712351357,0.32839556011857474
ETHUSDT,selected_breakout,development_2024_25,0.7587452537303121,0.00168305694706284,0.7604283106773846,9.658940314238862e-15,0.07366444707256403,0.07396030171552197,5334.440958486194,4779.462312588997,1.4223519570936045,0.0035214357536196192
ETHUSDT,selected_breakout,reused_2026,-0.0788060902934117,0.13043265674930762,0.051626566455861084,3.4833247397614286e-14,0.021431141847103524,0.018984512338598835,1710.1210867416578,1285.9853392060932,-0.4608216979744001,1.0142623929898813
ETHUSDT,selected_breakout,year2024,0.5671247537651991,0.050277181393052706,0.617401935158266,1.4210854715202004e-14,0.029765126896581846,0.03138414164179552,2664.6915675975574,2041.440142200836,2.1282941735598673,0.24628290760879168
ETHUSDT,selected_breakout,year2025,0.11847426159185502,-0.030044556884516772,0.08842970470733556,2.67841304690819e-15,0.027141874398515876,0.026323796916664557,1650.6406557671123,1692.8520430638907,0.7177471436797718,-0.1774789297600939
ETHUSDT,regime_gate,all,0.5616043429947856,0.2923880095218001,0.8539923525166084,2.275957200481571e-14,0.07803007128632783,0.08214265259458028,5247.851659139436,3777.014604509223,1.0701604760811392,0.7741246464144727
ETHUSDT,regime_gate,development_2024_25,0.5669640706783181,-0.005052482937475317,0.5619115877408725,2.964295475749168e-14,0.050244821915565625,0.05450670322819832,3535.4964335574423,2458.940649072231,1.6036335528355625,-0.02054739686125259
ETHUSDT,regime_gate,reused_2026,-0.0034315179716957332,0.1904336294024743,0.18700211143077414,4.413136522884997e-15,0.01778925874476058,0.0176936707450607,1096.3202008499861,843.8851249854905,-0.03130032602733443,2.256629768248949
ETHUSDT,regime_gate,year2024,0.3001683831862367,0.11809400673906705,0.41826238992534126,3.752553823233029e-14,0.026162531753594998,0.027235147385135963,1930.610531236394,1156.7381672338286,1.5547847602074563,1.0209225396398194
ETHUSDT,regime_gate,year2025,0.18811447683254554,-0.08682913017458287,0.10128534665795731,5.35682609381638e-15,0.016980137337801324,0.01922885076611103,1131.5860264795783,918.1675345046352,1.6623966046821843,-0.9456785054094561
ETHUSDT,gate_no_range,all,0.632612150293391,0.2709575218215915,0.903569672114964,1.8540724511240114e-14,0.07765448519973614,0.08209755440655725,5443.0991157495,3989.6264852841614,1.1622278721012818,0.6791551109383929
ETHUSDT,gate_no_range,development_2024_25,0.6210399750667758,-0.016001816665879673,0.6050381584009008,4.6629367034256575e-15,0.04934490469981624,0.0544376700473592,3654.8167589617656,2593.4154164240413,1.6992369687042708,-0.06170171027958163
ETHUSDT,gate_no_range,reused_2026,0.007209906609413233,0.17878661450227984,0.18599652111167878,1.429412144204889e-14,0.01763794857570533,0.01723316309610707,1114.1681258029405,869.8927570987877,0.06471111892756144,2.0552719061434406
ETHUSDT,gate_no_range,year2024,0.33362051808162096,0.10277595397905218,0.4363964720606899,1.6764367671839864e-14,0.025441388571482846,0.027113450447164688,1977.7510233561723,1211.1909980889616,1.6868681352796318,0.8485528223146793
ETHUSDT,gate_no_range,year2025,0.2000975793074846,-0.08269149427423084,0.11740608503324532,8.43769498715119e-15,0.016641308018558988,0.01902275599507323,1167.550720310273,962.2861412017431,1.7138234410433946,-0.8593233419215853
ETHUSDT,adaptive14,all,0.6615376584325261,0.16321121096182659,0.8247488693943699,1.7208456881689926e-14,0.07095363775053981,0.07902617092310903,5244.006349578591,3743.920831253827,1.2615119325431163,0.4359365978023837
ETHUSDT,adaptive14,development_2024_25,0.6660078464595096,-0.06635128189015857,0.5996565645693814,3.042011087472929e-14,0.04653229323364269,0.0536331837537025,3662.8288447230557,2482.890054277232,1.818288199349009,-0.2672340717457721
ETHUSDT,adaptive14,reused_2026,-0.0027944673412987754,0.14350736147779458,0.14071289413648735,8.465450562766819e-15,0.01526661725885594,0.01587402429485993,988.4481080982392,788.3134448399911,-0.02827125995187843,1.8204352902660839
ETHUSDT,adaptive14,year2024,0.37672861619643505,0.10061221352954844,0.4773408297260089,2.5424107263916085e-14,0.02363794300690843,0.02708147202592787,2001.378228819076,1173.9156631362637,1.8823459292785742,0.8570650915479757
ETHUSDT,adaptive14,year2025,0.19581075973966344,-0.11301623299118616,0.08279452674848059,3.3029134982598407e-15,0.015496999586060515,0.01797263785953778,1124.6224178425482,886.0341261831466,1.741124457711795,-1.2755291207353032
ETHUSDT,adaptive42,all,0.628501642797193,0.14663970518258998,0.7751413479797455,3.7414515929867775e-14,0.0681458701339347,0.07696390063918596,5064.890634064069,3600.987521581563,1.240898744328628,0.4072208090245907
ETHUSDT,adaptive42,development_2024_25,0.6251824156885136,-0.06239337358795411,0.5627890421005373,2.220446049250313e-14,0.04547468843616946,0.05179074689520355,3551.1202732621296,2392.047946143245,1.7605216595894362,-0.2608366345187704
ETHUSDT,adaptive42,reused_2026,0.0021239124534798595,0.13375642722039036,0.13588033967386062,9.603429163007604e-15,0.014506872704516144,0.016107838656295725,968.6338462978266,773.5782264082097,0.021926886631079157,1.7290614271995859
ETHUSDT,adaptive42,year2024,0.3380292397124999,0.07684067652633,0.4148699162388352,5.329070518200751e-15,0.02303182414906801,0.02637407647234154,1926.1581836800835,1132.9934069405604,1.7549401839192005,0.6782093881183657
ETHUSDT,adaptive42,year2025,0.2029537646396189,-0.09840766880139176,0.10454609583820765,1.9484414082171497e-14,0.015862139713000302,0.017963962715687273,1148.4886850246278,889.8730015757519,1.7671376939622772,-1.1058619446498024
ETHUSDT,adaptive126,all,0.5846196205913101,0.14901550407132994,0.7336351246625867,5.3290705182007514e-14,0.06790806556259364,0.07612822167521063,5029.425923834734,3577.3857052393273,1.1623983123417023,0.4165486093744001
ETHUSDT,adaptive126,development_2024_25,0.6059549718330961,-0.08151173026005512,0.5244432415729883,5.2735593669694936e-14,0.04562258818000693,0.051830086918234056,3518.28873576006,2387.588853833952,1.722300292395391,-0.3413976829769702
ETHUSDT,adaptive126,reused_2026,-0.013995503840320922,0.15122060831436196,0.13722510447404063,4.163336342344337e-16,0.014618764920097362,0.015939022257007544,991.2715323631303,780.47959999986,-0.141187387949662,1.9375344123586198
ETHUSDT,adaptive126,year2024,0.3272978744704356,0.08554840534468414,0.41284627981510047,1.9317880628477724e-14,0.023057017719039074,0.0261322937162339,1899.3410669419188,1131.0114847597345,1.723218015800657,0.7563884761334456
ETHUSDT,adaptive126,year2025,0.19723100902323804,-0.11824367448283361,0.0789873345403808,2.3619994848900205e-14,0.015971709578993278,0.018188668908384886,1145.8767255486664,889.3942582618868,1.7212236240229093,-1.3294854715378221
ETHUSDT,filtered_moe,all,0.4248912028865658,0.17791676231955053,0.6028079652061216,5.218048215738236e-15,0.033790286290769335,0.041287066030322644,3450.7390930175734,2576.9946695670747,1.2313049217378254,0.6904040758044714
ETHUSDT,filtered_moe,development_2024_25,0.39276524923987816,0.043017805225035045,0.43578305446490395,9.270362255620057e-15,0.02044476848549499,0.026957147841185747,2174.6873516010137,1687.7599580789185,1.8060768549130648,0.25488106302746855
ETHUSDT,filtered_moe,reused_2026,0.02237521437990541,0.09395497228847732,0.1163301866683929,1.0158540675320182e-14,0.009294940321083555,0.009980559489523621,888.7496878085985,619.33779530471,0.2517605877879548,1.5170230688448798
ETHUSDT,filtered_moe,year2024,0.11442670856554116,0.10854285894074825,0.22296956750628683,2.581268532253489e-15,0.008901514820940556,0.011643860144668483,903.1896160846007,696.0297127558373,1.2669178932945453,1.5594572609693227
ETHUSDT,filtered_moe,year2025,0.227592368665303,-0.05357864615496759,0.17401372251032987,5.551115123125783e-15,0.009438708837286824,0.012521397182222645,1039.6806014634344,810.9198067334437,2.189060451305414,-0.6607144838500578
ETHUSDT,kalman,all,0.4710828652826379,0.3722727124590536,0.8433555777416726,1.887379141862766e-14,0.18269764400229022,0.180723373491694,7933.38023299737,7345.086026310004,0.5937984206571358,0.506832338144955
ETHUSDT,kalman,development_2024_25,0.32071193988215496,0.1673445616986311,0.48805650158077274,1.3322676295501878e-14,0.11557153319565874,0.11670515438726824,5253.95489390162,4671.917462531535,0.6104200480563933,0.3581924617477155
ETHUSDT,kalman,reused_2026,0.10105189234464061,0.1377153021694577,0.23876719451409484,3.497202527569243e-15,0.045109920715593076,0.0430213631245983,1800.6206997176369,1796.4160372531169,0.5612058795085884,0.7666114046723659
ETHUSDT,kalman,year2024,0.3678036678828006,0.07659744991090046,0.44440111779370683,5.773159728050814e-15,0.05418053426051569,0.05648850231854155,2546.656103752967,2155.5097648560927,1.4442612307989844,0.35535654330943983
ETHUSDT,kalman,year2025,-0.032602943476378154,0.06282680805893098,0.030223864582539655,1.3173490076567873e-14,0.042502735686688296,0.04168970193037957,1874.3399993237313,1742.180663442856,-0.1739435934149696,0.360621658690518
ETHUSDT,trend_ensemble_long,all,0.5602603717400949,0.0,0.5602603717400316,6.328271240363392e-14,0.06562362100750316,0.0,5405.201641091624,0.0,1.036520760818362,0.0
ETHUSDT,trend_ensemble_long,development_2024_25,0.5265787829104867,0.0,0.5265787829104438,4.285460875053104e-14,0.042671143383451994,0.0,3727.0723432081795,0.0,1.412848301348558,0.0
ETHUSDT,trend_ensemble_long,reused_2026,0.022063446188734258,0.0,0.022063446188721036,1.3222062333895224e-14,0.015035239504830504,0.0,1099.2746110908658,0.0,0.2007091400650069,0.0
ETHUSDT,trend_ensemble_long,year2024,0.3077552448615923,0.0,0.3077552448615499,4.235500838944972e-14,0.022040348841828764,0.0,1958.5819957758365,0.0,1.5713166235845224,0.0
ETHUSDT,trend_ensemble_long,year2025,0.16732759352998125,0.0,0.16732759352998075,4.996003610813204e-16,0.01577573068254633,0.0,1352.3098870229123,0.0,1.23734652194513,0.0
ETHUSDT,regime_gate_long,all,0.6022721103687592,0.0,0.6022721103687485,1.0658141036401503e-14,0.0705449141543278,0.0,5050.640440287126,0.0,1.1924668118614288,0.0
ETHUSDT,regime_gate_long,development_2024_25,0.6117578790387205,0.0,0.6117578790387299,9.43689570931383e-15,0.046828897058530196,0.0,3528.975976064549,0.0,1.7335280352940856,0.0
ETHUSDT,regime_gate_long,reused_2026,-0.005885355854825169,0.0,-0.005885355854837716,1.2547254901740246e-14,0.014714379500934778,0.0,944.102389082233,0.0,-0.06233810996439015,0.0
ETHUSDT,regime_gate_long,year2024,0.2987817234285224,0.0,0.2987817234285266,4.218847493575595e-15,0.024250794269293843,0.0,1897.4433572761848,0.0,1.5746542434733288,0.0
ETHUSDT,regime_gate_long,year2025,0.24097671684507768,0.0,0.24097671684508173,4.052314039881821e-15,0.017384062604172346,0.0,1256.202323575544,0.0,1.9182954236160201,0.0
ETHUSDT,expanding_tree,all,0.42978252807538236,-0.023569877705409036,0.4062126503699117,6.161737786669619e-14,0.09201411574522025,0.035595312773170386,9635.286792331168,1384.0546041500284,0.44605058192710056,-0.17029586574645084
ETHUSDT,expanding_tree,development_2024_25,0.6763425740050085,0.08595512328539306,0.7622976972903586,4.3076653355456074e-14,0.0676304939179507,0.025264606179324363,7081.577963920143,755.101052948427,0.955073258320249,1.1383260948950598
ETHUSDT,expanding_tree,reused_2026,-0.13990828354864646,-0.062148978097856904,-0.20205726164651386,1.049160758270773e-14,0.013836267200916668,0.00586206666996735,1449.079138182789,356.89404359357457,-0.9654978797369052,-1.7413845709521338
ETHUSDT,expanding_tree,year2024,0.4701247228261074,0.04186866601348695,0.5119933888395549,3.941291737419306e-14,0.037196482340783495,0.011907054619325995,3217.943257464227,371.63364605175394,1.4609478328607033,1.1266112866340496
ETHUSDT,expanding_tree,year2025,0.1363880640623516,0.029157837327412003,0.16554590138976108,2.525757381022231e-15,0.020128402545810813,0.008834398125411251,2555.325132354732,253.61711878315933,0.5337405496288842,1.1496793854969123
ETHUSDT,rolling_tree,all,-0.18832398365071207,-0.22611249125196647,-0.4144364749026477,3.086420008457935e-14,0.07766149251973613,0.04628236756861158,6738.373483946835,2834.378644342392,-0.2794798835347517,-0.7977497703184506
ETHUSDT,rolling_tree,development_2024_25,0.084993551433517,-0.1064220637348451,-0.021428512301302716,2.538247390049264e-14,0.06102523746781114,0.02859368988486224,5881.86354693402,1756.7724114701377,0.1445010594946915,-0.6057817338205285
ETHUSDT,rolling_tree,reused_2026,-0.27930257372099493,-0.12231137839361834,-0.40161395211460765,5.6066262743570405e-15,0.017000551580598777,0.018076019898503007,875.2655761788694,1101.203383113539,-3.191060877092196,-1.1107065258716835
ETHUSDT,rolling_tree,year2024,0.19204652540123984,0.04495990949964527,0.23700643490084694,3.8163916471489756e-14,0.03655292141176851,0.012075807660658331,3294.4918808609677,497.36986866230154,0.5829321556896697,0.9039532213836546
ETHUSDT,rolling_tree,year2025,-0.08654197015256733,-0.12237767643191333,-0.20891964658442919,5.1458837191376006e-14,0.019783499394652876,0.013353109376126984,2091.6396172833524,1018.1050860166172,-0.41375182147758854,-1.202014193944572
ETHUSDT,action_tcn,all,-0.02199191578197193,-0.03490956963069891,-0.05690148541261941,5.1431081615760377e-14,0.11397937034315732,0.07838514026964304,9172.19805313701,3538.6069478483773,-0.02397671272967161,-0.09865342533147234
ETHUSDT,action_tcn,development_2024_25,0.3043645773888917,-0.023041688017708475,0.28132288937124095,5.767608612927688e-14,0.08772082639516192,0.05939969096361893,7078.930398350669,2401.306649202887,0.4299584262896639,-0.09595479205189039
ETHUSDT,action_tcn,reused_2026,-0.2547027731089783,-0.009262209948355877,-0.26396498305733906,4.884981308350689e-15,0.020493307476057626,0.014817068721327908,1633.6769382255636,887.598518749303,-1.55907674981093,-0.10435134526144849
ETHUSDT,action_tcn,year2024,0.14778985583173254,0.1247800596906925,0.27256991552244014,1.509903313490213e-14,0.03575785341659322,0.014839171973455557,4064.926436802578,595.7428816728744,0.36357326049910577,2.0945287561020307
ETHUSDT,action_tcn,year2025,0.12303820768297756,-0.11616002068358997,0.00687818699942106,3.3465417936806574e-14,0.04083309871209383,0.03501616567123506,2368.4387983592424,1418.8326672713758,0.5194907623038999,-0.8187013406378837
ETHUSDT,vol_long,all,0.37020321342600876,0.0,0.37020321342595475,5.4012350148013866e-14,0.0024267020049697527,0.0,21957.54864350609,0.0,0.16859951875160517,0.0
ETHUSDT,vol_long,development_2024_25,0.40270114622248715,0.0,0.40270114622244013,4.701794509287538e-14,0.001821011053725621,0.0,16151.133650803056,0.0,0.24933305297889372,0.0
ETHUSDT,vol_long,reused_2026,-0.023168108819186014,0.0,-0.02316810881919096,4.947431353485854e-15,0.0004318032767530665,0.0,4139.452661274331,0.0,-0.055969015024449405,0.0
ETHUSDT,vol_long,year2024,0.3314376429913734,0.0,0.33143764299133194,4.1466829969749597e-14,0.001026057024454876,0.0,8289.423148539463,0.0,0.39983197509922064,0.0
ETHUSDT,vol_long,year2025,0.05352372573078747,0.0,0.05352372573078298,4.496403249731884e-15,0.0005970644088781562,0.0,5904.677957430088,0.0,0.09064630809108981,0.0
ETHUSDT,hold,all,0.17241470916972923,0.0,0.17241470916971968,9.547918011776346e-15,0.0004344898558048408,0.0,29539.33088852407,0.0,0.058367845169002036,0.0
ETHUSDT,hold,development_2024_25,0.2969038389080539,0.0,0.2969038389080709,1.7041923427996153e-14,0.00019996000800078594,0.0,23400.195315752742,0.0,0.12688092338621704,0.0
ETHUSDT,hold,reused_2026,-0.09598948357122472,0.0,-0.0959894835712453,2.058075931898884e-14,0.00018083827094036322,0.0,4733.686020962179,0.0,-0.20277957419684056,0.0
ETHUSDT,hold,year2024,0.4567813798895146,0.0,0.4567813798894973,1.7319479184152442e-14,0.00019996000799972274,0.0,11675.438197380668,0.0,0.39123275046926415,0.0
ETHUSDT,hold,year2025,-0.10974710631844278,0.0,-0.10974710631841939,2.3397950243975174e-14,7.298116230874158e-16,0.0,8048.398531330375,0.0,-0.13635893636631577,0.0
LINKUSDT,trend24,all,0.09897421269148327,-0.32852442687489813,-0.2295502141834217,6.827871601444713e-15,0.07159098056537233,0.07488482651327996,3403.876443335481,3339.397688554746,0.29076911086260754,-0.9837834768852578
LINKUSDT,trend24,development_2024_25,-0.025058019325239052,-0.2197047256112855,-0.2447627449365346,1.0047518372857667e-14,0.04990530344980861,0.051184452951449855,2392.3327228648195,2354.723604878546,-0.10474303630822748,-0.9330382774271192
LINKUSDT,trend24,reused_2026,0.16422949369241513,-0.14408677608795675,0.02014271760446264,4.263950303950992e-15,0.02871372799762292,0.03138136182097963,1339.3721160983484,1303.7943733237225,1.226167782041208,-1.1051342070194765
LINKUSDT,trend24,year2024,0.09557800335310389,-0.1375123408203145,-0.041934337467218974,8.368306048112117e-15,0.025394528411625754,0.02644804845866627,1234.4220828053928,1205.5992907858142,0.7742732788438927,-1.1406139823679178
LINKUSDT,trend24,year2025,-0.12591623663812837,-0.08578992860852964,-0.2117061652466599,1.8596235662471372e-15,0.025583606632331633,0.025819111841864188,1208.5921511875579,1199.4212495361337,-1.041842250211567,-0.715261036451607
LINKUSDT,trend72,all,-0.03989427348053142,-0.39747069707524324,-0.43736497055582546,5.079270337660091e-14,0.03811184923681384,0.04001634030027863,3617.615581428436,3569.8214793629472,-0.11027781305823252,-1.1134189745145853
LINKUSDT,trend72,development_2024_25,0.08972330250186317,-0.2693092960779241,-0.17958599357609717,3.624878175401136e-14,0.028018320853203323,0.028747052014206156,2717.532738372948,2689.101548783756,0.3301645688934097,-1.0014842920295406
LINKUSDT,trend72,reused_2026,-0.1579904474661321,-0.15621552044919484,-0.3142059679153448,1.7819079545233762e-14,0.01230296936007607,0.013736099332572473,1097.1080893399828,1073.5066974516392,-1.4400627340299599,-1.4551890623507941
LINKUSDT,trend72,year2024,0.22665462516617502,-0.10263468565329315,0.12401993951285539,2.6478819137309983e-14,0.014829869681482338,0.015355235298214347,1471.2822976312336,1391.482594898016,1.5405243815621872,-0.7375923064335231
LINKUSDT,trend72,year2025,-0.12182285905324536,-0.14828438941827568,-0.27010724847152967,8.659739592076221e-15,0.011733289337764586,0.011914216327688772,1108.744068438709,1154.4447818675894,-1.098746433203396,-1.2844649804591812
LINKUSDT,trend168,all,0.29738062683346445,-0.0645822805514858,0.23279834628201268,3.402833570476105e-14,0.024392719452081657,0.026072885554850062,4092.607781287479,3963.288010761316,0.7266286991711494,-0.1629512676750435
LINKUSDT,trend168,development_2024_25,0.1350448269084799,-0.14388135970468147,-0.008836532796170471,3.108624468950438e-14,0.014470580917871739,0.016274749177767108,2584.394618178598,2712.053874646879,0.522539499032293,-0.5305254480736132
LINKUSDT,trend168,reused_2026,0.1637830744336754,0.08000605528461036,0.24378912971828867,2.914335439641036e-15,0.010010597507393262,0.009885489832191315,1521.6593559119972,1262.3892803921551,1.0763452003718206,0.6337669095206264
LINKUSDT,trend168,year2024,0.08831285911620691,-0.0913402396673509,-0.003027380551123726,2.0261570199409107e-14,0.008432878317934845,0.007980396891566563,1508.6978127232849,1422.4975645604982,0.5853581702806158,-0.6421117472743922
LINKUSDT,trend168,year2025,0.046873872843274544,-0.05270066500559972,-0.005826792162314375,1.0802990446645566e-14,0.006056036527136035,0.00831953869584266,1078.9632377767364,1293.4721424939873,0.43443438295322057,-0.40743563988928116
LINKUSDT,trend336,all,0.23336712413197136,-0.0771137929690806,0.15625333116288198,8.770761894538737e-15,0.01688986266613097,0.017547884756897284,4116.378648438867,3867.0882838401944,0.5669233665383909,-0.19941047969172065
LINKUSDT,trend336,development_2024_25,0.10032429427813291,-0.1653449562615089,-0.06502066198337819,2.192690473634684e-15,0.008948282133342818,0.010730667384941465,2522.37940480631,2635.683043029326,0.3977367325746805,-0.6273324734504854
LINKUSDT,trend336,reused_2026,0.14229494112250976,0.09436696588353881,0.2366619070060417,6.855627177060342e-15,0.00849385671948075,0.007291302700247073,1704.8496996884633,1317.040057187848,0.8346480111913215,0.7165079404268974
LINKUSDT,trend336,year2024,0.08599243842223747,-0.05895966181565554,0.027032776606602082,2.015054789694659e-14,0.005203440964047078,0.005271354668631956,1378.0797926942407,1198.2320235024315,0.6240018820253966,-0.4920554672150765
LINKUSDT,trend336,year2025,0.01395462363260598,-0.10358510153625164,-0.08963047790366745,2.1788126858268697e-14,0.003646272304637633,0.005315616833912072,1114.1802269377674,1399.6155256858956,0.12524565860371722,-0.7400968311314546
LINKUSDT,trend_ensemble,all,0.10461178473858704,-0.3363021588130196,-0.23169037407439252,4.005129561335252e-14,0.032727322947505535,0.03556641210968445,2595.8437472782525,2513.922111994844,0.40299723297395196,-1.3377588637627187
LINKUSDT,trend_ensemble,development_2024_25,0.06615304946456527,-0.2662011988379082,-0.20004814937331517,2.7783331191244542e-14,0.022103660204384427,0.024588649217553972,1794.3949590479297,1806.8398119306858,0.36866493149125185,-1.4732971737735887
LINKUSDT,trend_ensemble,reused_2026,0.04807631264793387,-0.0876314742195972,-0.03955516157164802,1.5314138845923253e-14,0.013280377731232827,0.013723029559254677,1001.8712846310244,883.9060744846425,0.47986516217639397,-0.9914116075137321
LINKUSDT,trend_ensemble,year2024,0.10039671466970695,-0.07975261175856672,0.02064410291114771,7.480127628411992e-15,0.012411725902494819,0.012766872341265513,1002.0047871190123,919.1536963081284,1.0019584333361315,-0.8676743843701109
LINKUSDT,trend_ensemble,year2025,-0.03355103420229405,-0.18267737651894586,-0.2162284107212201,1.9817480989559044e-14,0.00949589996576244,0.0115826631855018,776.3628572083162,869.7312932986541,-0.4321566119602696,-2.1003886824182247
LINKUSDT,breakout,all,0.21446299035439692,-0.007424388977090225,0.20703860137729402,1.2684298056342413e-14,0.06599624185261682,0.06938442928264885,4063.9139713272402,3872.8773922606,0.5277252222058114,-0.019170214352581417
LINKUSDT,breakout,development_2024_25,0.06552039972521416,0.05733360804145259,0.12285400776665267,1.4072076837123859e-14,0.042817023153503546,0.04502442915322366,2763.909158633233,2571.758332403,0.2370569941510463,0.2229354419467602
LINKUSDT,breakout,reused_2026,0.13264644343695986,-0.057672677454610424,0.07497376598235046,1.0269562977782698e-15,0.02064312772522989,0.021694717176881276,1157.7683329284325,1158.7606677786337,1.1457079941152561,-0.4977100022316951
LINKUSDT,breakout,year2024,0.14317572214908716,0.041005873099631863,0.18418159524873334,1.432187701766452e-14,0.01989366027005978,0.021062468234950598,1340.1142196367293,1151.2962058706437,1.0683844708990435,0.3561713561682593
LINKUSDT,breakout,year2025,-0.06557720769808259,0.013788201917114858,-0.051789005780991736,2.4001634013615103e-14,0.019357979363485035,0.020235039131173065,1202.345100370725,1199.5306566422307,-0.5454108614728237,0.11494664051114198
LINKUSDT,range_only,all,0.0174253628900614,-0.24212520992661282,-0.224699847036543,8.43769498715119e-15,0.027975292171793523,0.026312127797646544,1989.6381907486686,2072.3558920012883,0.0875805609838265,-1.1683572829413524
LINKUSDT,range_only,development_2024_25,0.035630542420714006,-0.12143302881737067,-0.08580248639665666,0.0,0.01824621714881974,0.016770934701073402,1353.5023135721601,1372.1632232383197,0.26324700049221167,-0.8849751018015732
LINKUSDT,range_only,reused_2026,-0.019913836189398727,-0.13201980897271257,-0.15193364516210206,9.242606680004428e-15,0.010642202454288315,0.010436686771293186,695.8407430678249,765.9096183746261,-0.28618381990112485,-1.7236995828943653
LINKUSDT,range_only,year2024,0.02023689559731816,-0.1385596497621156,-0.1183227541648002,2.761679773755077e-15,0.010314017970088447,0.009487045310404958,757.3499980266505,805.8133794600303,0.2672066501623737,-1.719500486017785
LINKUSDT,range_only,year2025,0.017459503345596376,0.01942504587211071,0.03688454921771013,3.0461744238152733e-15,0.008996715313002366,0.008261401125043812,676.1570839687298,642.3550641162283,0.25821667419524996,0.30240356085362663
LINKUSDT,down_rebound,all,0.1610692967096462,-0.046084520489706064,0.11498477621989367,4.64628335805628e-14,0.05562995937023769,0.06670500195258905,4129.2773469195445,2739.156160431489,0.39006654961019865,-0.1682434946770123
LINKUSDT,down_rebound,development_2024_25,0.11353128718958727,-0.04268315318263837,0.07084813400690959,3.930189507173054e-14,0.03781243701246227,0.04487051877214402,2699.5347930581133,1829.9212941890983,0.42055871063982714,-0.23325130604348074
LINKUSDT,down_rebound,reused_2026,0.04439285834320947,-0.003176330236800631,0.041216528106402146,6.689093723366568e-15,0.016638701410540493,0.02038989702372133,1335.1496897245431,849.0791900063433,0.33249349256388044,-0.03740911653690278
LINKUSDT,down_rebound,year2024,0.04765932678786604,0.08799871707940901,0.13565804386726366,1.1379786002407855e-14,0.019249911627984017,0.021749007549564534,1424.968708541686,886.0248505155729,0.3344587604077329,0.9931856541969794
LINKUSDT,down_rebound,year2025,0.05800334066882231,-0.11507149618474545,-0.057068155515947794,2.4653890040582382e-14,0.016345171405000726,0.020359571569487294,1122.315023786684,831.144946113593,0.5168187134581821,-1.3844937242633317
LINKUSDT,selected_trend,all,0.13786035794460258,-0.2103434811603578,-0.0724831232157378,1.7430501486614958e-14,0.0334782885761733,0.0343942316418243,3670.1094402173335,3378.5173774230493,0.37563010092810445,-0.6225910885229676
LINKUSDT,selected_trend,development_2024_25,0.03940878748033021,-0.2729729596521465,-0.23356417217179792,1.837419105754634e-14,0.027908363065003747,0.029477999803554433,2556.4051538346926,2521.5976612655722,0.15415704909378594,-1.082539708238559
LINKUSDT,selected_trend,reused_2026,0.12845376858653382,0.08171522809581815,0.2101689966823507,1.2490009027033011e-15,0.007267308375904971,0.006414407651323739,1453.0952833174174,1118.0580096127212,0.8840010015948423,0.7308675166516906
LINKUSDT,selected_trend,year2024,0.13550329078737963,-0.045758276269235475,0.08974501451814887,4.718447854656915e-15,0.008197466809992131,0.007699244894738691,1352.86868877028,1246.2234906129645,1.0015997259168468,-0.36717552360314537
LINKUSDT,selected_trend,year2025,-0.08818072303780114,-0.20850261332315279,-0.2966833363609413,1.2601031329495527e-14,0.01808762232670287,0.019985184257480294,1104.4202533898062,1170.3418264469312,-0.7984344978023294,-1.7815531207335455
LINKUSDT,selected_breakout,all,0.1138566744593857,0.008999865531625163,0.12285653999101376,2.886579864025407e-15,0.05047281727559469,0.048500969261968056,4094.439306635619,3873.6338323428768,0.2780763516871891,0.023233650678287796
LINKUSDT,selected_breakout,development_2024_25,0.039490953203420755,0.021883039050155324,0.06137399225358586,9.783840404509192e-15,0.040340737606159006,0.03990990000741319,2787.745279345176,2680.9777034023514,0.14165911604627282,0.08162335338479015
LINKUSDT,selected_breakout,reused_2026,0.07006552054103589,-0.012138203510315576,0.057927317030713854,6.46011022453763e-15,0.009546191769710248,0.008094290341817856,1231.1343944993178,1123.6907420429548,0.5691135009637222,-0.10802085534893172
LINKUSDT,selected_breakout,year2024,0.03507504557995047,-0.005204399566765539,0.02987064601316458,2.0348306373207947e-14,0.015723158076794266,0.015926575482304278,1378.9415020990064,1175.8209123665672,0.25436209967253653,-0.04426183878878866
LINKUSDT,selected_breakout,year2025,0.004287827447617022,0.02630178724073923,0.030589614688385423,2.917110997202599e-14,0.023903564612375656,0.02328770571134654,1367.9424524817086,1461.500817469211,0.03134508648253503,0.17996423215338586
LINKUSDT,regime_gate,all,0.08952900141477224,-0.04430317584217167,0.04522582557257926,2.1309343178899098e-14,0.039688085202427066,0.04473595318016451,2673.4064785047112,2116.5313884565626,0.3348873511552481,-0.20931972038684887
LINKUSDT,regime_gate,development_2024_25,0.017103870788391574,-0.07357996949435279,-0.056476098705963707,2.491062911502695e-15,0.02596046310279599,0.030467675994286857,1725.5708361982477,1440.08246715797,0.09912007336699415,-0.5109427492688267
LINKUSDT,regime_gate,reused_2026,0.07676025008698789,0.031029201922736862,0.10778945200970479,1.9970136655445003e-14,0.014549310389279745,0.015122327231253833,1004.5698270139353,716.9388293935617,0.7641106473917922,0.4328012467811736
LINKUSDT,regime_gate,year2024,0.017720129196837374,0.006920746503434345,0.024640875700281395,9.67628754899863e-15,0.014438872173800051,0.01572413313523872,963.5587747743085,744.8998472752925,0.18390294044063796,0.09290841619513242
LINKUSDT,regime_gate,year2025,-0.0006014384386379504,-0.07856481027342352,-0.07916624871207334,1.186550857568136e-14,0.011244516202929749,0.014388985652140604,743.6869633989065,678.4646566120651,-0.00808725267805111,-1.1579794099480347
LINKUSDT,gate_no_range,all,0.11762687353444183,-0.06543065950012297,0.052196214034330835,1.1976530878143876e-14,0.03805871689170624,0.04299483492654766,2723.6943162000925,2204.2323572852633,0.431865179711307,-0.29684102623694125
LINKUSDT,gate_no_range,development_2024_25,0.04863315181639731,-0.08742967649970626,-0.03879652468328865,2.030320356283255e-14,0.02453432971506728,0.028955515582280815,1757.2496710815412,1483.2278495095754,0.27675721109377066,-0.5894554672002323
LINKUSDT,gate_no_range,reused_2026,0.0717784771796746,0.022886951165396813,0.09466542834506281,8.604228440844963e-15,0.01407026454225287,0.014605980632395196,1005.4527162421184,750.1060142735338,0.7138921206354367,0.30511621997275246
LINKUSDT,gate_no_range,year2024,0.03148326710657535,-0.008901183749445377,0.022582083357116867,1.3104101137528801e-14,0.013347778025317659,0.014575502561173998,969.18617994039,744.5233607690958,0.3248423033488956,-0.11955546620122728
LINKUSDT,gate_no_range,year2025,0.016771157043470968,-0.07679431708059402,-0.06002316003709037,3.267525139349914e-14,0.010939514657859441,0.014062453523435025,770.6603743280482,722.391386239946,0.2176205965967048,-1.0630569320643366
LINKUSDT,adaptive14,all,0.17907474405859222,-0.0714927617589735,0.10758198229959581,2.2912227670701668e-14,0.036396307115538054,0.04267342620061654,2658.764755391008,2083.932992540436,0.6735260940084818,-0.34306650940738576
LINKUSDT,adaptive14,development_2024_25,0.08928914894613485,-0.08942979490461242,-0.0001406459585034936,2.5923707624997405e-14,0.023608040031561483,0.029150686944152387,1718.3613793135876,1409.0130736299514,0.5196179920070252,-0.6346981201119738
LINKUSDT,adaptive14,reused_2026,0.08979822486986604,0.017939556271726033,0.107737781141595,2.9282132274488504e-15,0.012790065955062144,0.013524641442623274,940.5356586166332,675.0148570220542,0.9547561971434857,0.26576535442300503
LINKUSDT,adaptive14,year2024,0.053593124303989007,-0.014551048973278845,0.0390420753306957,1.4460654895742664e-14,0.012871469750736287,0.014609012916610898,962.7749038741613,714.6550415937712,0.5566526930472822,-0.20360940770568361
LINKUSDT,adaptive14,year2025,0.03435474413371074,-0.07206517205523348,-0.037710427921533896,1.1157741397482823e-14,0.010333142935918232,0.013995269655382642,727.1952631936928,668.267482637974,0.47242805161892476,-1.0783881294172433
LINKUSDT,adaptive42,all,0.12671496809550448,-0.04829984118231966,0.07841512691317876,6.050715484207103e-15,0.03627076524050654,0.04117408210589121,2577.9162775442755,2026.0610223641077,0.49154027692556884,-0.23839282553277213
LINKUSDT,adaptive42,development_2024_25,0.03525630033167512,-0.07127629239798172,-0.03601999206630191,4.690692279041286e-15,0.024003738264022485,0.028479666892100526,1687.0254766451465,1383.6686838830094,0.20898499056331105,-0.5151254287114314
LINKUSDT,adaptive42,reused_2026,0.09487610428754846,0.0238349872679542,0.1187110915554915,1.1157741397482823e-14,0.012725395625972124,0.013168753614508371,924.1797480932858,666.3959140170065,1.0265979587119427,0.35767006919772215
LINKUSDT,adaptive42,year2024,0.03591009839342043,-0.015031567752393227,0.020878530641027293,9.020562075079397e-17,0.01331271751612434,0.01432505679969349,947.7977479656091,709.1176939308799,0.3788793386616427,-0.21197564072993508
LINKUSDT,adaptive42,year2025,-0.0006404268893134526,-0.055094433820908645,-0.055734860710217535,4.565792188770956e-15,0.010472372987592425,0.0138651266214004,724.1093886217432,660.7553883306442,-0.008844338982158893,-0.833809830292889
LINKUSDT,adaptive126,all,0.12304030006648817,-0.07468723489678517,0.04835306516970905,6.050715484207103e-15,0.03653206769033609,0.04057769222563252,2583.8028136120993,1994.5400462916032,0.47619849091533634,-0.3744584373507527
LINKUSDT,adaptive126,development_2024_25,0.04634334335610933,-0.10225136474915555,-0.055908021393029084,1.7139067942650854e-14,0.02417000000117138,0.02825048820962283,1697.4137554193146,1375.7850365787324,0.2730232579307752,-0.743221957141151
LINKUSDT,adaptive126,reused_2026,0.08123886067070182,0.02919644534321953,0.11043530601390951,1.1837753000065732e-14,0.01309413486110242,0.01305720660205031,938.8799802119617,655.3969567942497,0.8652741818220613,0.44547727969364437
LINKUSDT,adaptive126,year2024,0.04069436133440234,-0.017453950645750338,0.023240410688660118,8.118505867571457e-15,0.013498961174048101,0.014203144131484938,951.7059901295102,699.8772869915177,0.42759383419310587,-0.24938587049706434
LINKUSDT,adaptive126,year2025,0.00552067917050419,-0.08287144762620835,-0.07735076845569538,8.770761894538737e-15,0.010428672202206581,0.013728292912790421,728.770831859474,660.5561533015649,0.07575329485152503,-1.2545708220565905
LINKUSDT,filtered_moe,all,0.0785893980292534,-0.15279113559322416,-0.07420173756399229,2.1524448889920222e-14,0.017939768146160315,0.022714844622191328,1960.105310268748,1556.99818124167,0.40094477382176,-0.9813186517107989
LINKUSDT,filtered_moe,development_2024_25,0.06699756715541126,-0.11422673519280409,-0.04722916803742139,2.856048730848215e-14,0.010880759857388816,0.015037748767208653,1252.739539622255,1067.9047762795979,0.5348084341268049,-1.0696340884507605
LINKUSDT,filtered_moe,reused_2026,0.012166441797934255,-0.040476050595485424,-0.028309608797543757,7.414208136324874e-15,0.007408925684921417,0.008057652058017872,742.4301279137773,513.3379282346481,0.1638732230886408,-0.7884874342848813
LINKUSDT,filtered_moe,year2024,0.024437190781499932,0.004226796088105981,0.02866398686958993,1.59837421076503e-14,0.005495110442585133,0.006721797794819775,623.6363595600466,481.0670828965972,0.3918500005153565,0.08786292470180315
LINKUSDT,filtered_moe,year2025,0.041374420527183244,-0.1151527931306174,-0.07377837260344641,1.226796442210798e-14,0.00523557690708429,0.008084224857230411,611.5730579590747,570.4853099493193,0.6765245785230771,-2.0185058426981635
LINKUSDT,kalman,all,0.2674909736602441,-0.08680630188018391,0.18068467178009384,3.3639757646142243e-14,0.10074861159443269,0.10206769118781671,4492.8546210328595,4314.07306818474,0.5953697509107267,-0.20121657771714552
LINKUSDT,kalman,development_2024_25,0.06464739369843461,-0.020920258021962464,0.043727135676507656,3.550632010629329e-14,0.06551707913342625,0.0670115349867268,2964.7596147006407,2873.4580951678763,0.2180527331048464,-0.07280516133902498
LINKUSDT,kalman,reused_2026,0.19434541177310047,-0.06312573622560501,0.1312196755474936,1.8596235662471372e-15,0.03375550108522433,0.03358747224519343,1464.075191780618,1380.2601501618592,1.3274278046931203,-0.45734665467377605
LINKUSDT,kalman,year2024,0.19396458916879172,0.005041317758218852,0.19900590692702647,1.587618925213974e-14,0.029101400805703698,0.030112456123223174,1373.0495246361209,1291.776596825779,1.4126554482453597,0.03902623542342106
LINKUSDT,kalman,year2025,-0.10785367671939892,-0.02165258371972436,-0.1295062604391067,1.657007864253046e-14,0.03037155873656499,0.03077472650495403,1327.5248110695038,1319.1607223986437,-0.8124418905022796,-0.16413908746731967
LINKUSDT,trend_ensemble_long,all,0.14503871430002765,0.0,0.14503871430002002,7.632783294297951e-15,0.03702738639273658,0.0,3116.3432187026715,0.0,0.4654131593387426,0.0
LINKUSDT,trend_ensemble_long,development_2024_25,0.0739377205488275,0.0,0.07393772054883185,4.3576253716537394e-15,0.022992479249568452,0.0,2013.5539676728833,0.0,0.367200093644767,0.0
LINKUSDT,trend_ensemble_long,reused_2026,0.0662058817664624,0.0,0.06620588176645129,1.111610803405938e-14,0.013068641574481283,0.0,1026.8651802883048,0.0,0.6447378198944705,0.0
LINKUSDT,trend_ensemble_long,year2024,0.08591700794100701,0.0,0.08591700794101231,5.3013149425851225e-15,0.01232163486727786,0.0,1061.4344591127378,0.0,0.8094424220297669,0.0
LINKUSDT,trend_ensemble_long,year2025,-0.011031494400196648,0.0,-0.011031494400197461,8.135853102331225e-16,0.009826574502708449,0.0,876.7884668879461,0.0,-0.12581705641443475,0.0
LINKUSDT,regime_gate_long,all,0.07938984089923051,0.0,0.0793898408991609,6.961098364399732e-14,0.03704964512010334,0.0,2765.911269167081,0.0,0.2870296013622221,0.0
LINKUSDT,regime_gate_long,development_2024_25,-0.003202269196918267,0.0,-0.0032022691969628703,4.4603210014315664e-14,0.024087912593491828,0.0,1806.6366421816094,0.0,-0.017725031819632295,0.0
LINKUSDT,regime_gate_long,reused_2026,0.08285744193018088,0.0,0.08285744193015585,2.503552920529728e-14,0.013003372826871638,0.0,962.3563510850529,0.0,0.8609850377852181,0.0
LINKUSDT,regime_gate_long,year2024,0.017466270217506297,0.0,0.01746627021747771,2.858824288409778e-14,0.013360333447588147,0.0,980.7185181876616,0.0,0.17809666987611736,0.0
LINKUSDT,regime_gate_long,year2025,-0.020313734243010095,0.0,-0.02031373424302586,1.5765166949677223e-14,0.010543424838654078,0.0,811.7400528839277,0.0,-0.25024925369691964,0.0
LINKUSDT,expanding_tree,all,0.1443683198486299,-0.11362972493135953,0.030738594917251838,1.8540724511240114e-14,0.045238823352292144,0.023375269144228,4094.4443828410313,884.3886365845573,0.3525956304441395,-1.2848392689687762
LINKUSDT,expanding_tree,development_2024_25,0.2343527907290957,-0.0237767050066282,0.210576085722463,4.496403249731884e-15,0.031711190856877916,0.013641398726951798,3186.998908975109,551.457293019455,0.735340040654297,-0.43116131217416637
LINKUSDT,expanding_tree,reused_2026,-0.07433194157867716,-0.07422335612313681,-0.14855529770182554,1.1574075031717257e-14,0.01117454132372113,0.008040692800789218,749.5980505218436,275.0189331275375,-0.9916239980470855,-2.698845322358822
LINKUSDT,expanding_tree,year2024,0.043383529393254475,-0.07588986184708305,-0.03250633245382473,3.8441472227646045e-15,0.0141365524374501,0.007029006930207627,1490.2440878544387,325.0641182110863,0.2911169367946656,-2.3346120840628304
LINKUSDT,expanding_tree,year2025,0.1973855413650311,0.05386408055013719,0.25124962191515965,8.604228440844963e-15,0.01816511984414517,0.006834558218365377,1753.7632317781452,233.99964506492617,1.1254970898489038,2.301887275734624
LINKUSDT,rolling_tree,all,-0.09966320598956277,-0.2465614177981051,-0.3462246237877036,3.574918139293004e-14,0.041913580971259384,0.04640161220926842,3479.5774418252754,3382.2146306664413,-0.2864233018400149,-0.7289940016299968
LINKUSDT,rolling_tree,development_2024_25,0.0895323515376033,0.03196945459851733,0.12150180613609507,2.556288514199423e-14,0.030963959757666533,0.025596446376694806,2977.8497834578175,1574.2594201670445,0.3006610744267973,0.20307615243696653
LINKUSDT,rolling_tree,reused_2026,-0.16869839753446378,-0.2483552597710417,-0.4170536573055146,9.103828801926284e-15,0.00976335584453273,0.018551165694733522,447.37124418555953,1612.0840827963852,-3.7708815603823536,-1.5405850254425613
LINKUSDT,rolling_tree,year2024,-0.020634966067974353,-0.05947145702098179,-0.08010642308897187,1.572353358625378e-14,0.01428442520200737,0.008527336008978391,1715.485672752563,409.37033321547443,-0.12028643780431436,-1.4527544425081398
LINKUSDT,rolling_tree,year2025,0.1197609379723205,0.09940379399816515,0.21916473197047492,1.071365218763276e-14,0.018132026328163395,0.018555527287225895,1372.2936461239692,1266.33027579476,0.8727063505000127,0.7849752619693031
LINKUSDT,action_tcn,all,-0.056948510823658635,-0.028705609741802095,-0.08565412056553157,7.083222897108499e-14,0.0702019991086622,0.05958114779500275,4745.672648197978,2846.0490003180967,-0.12000092514868903,-0.10086126324105359
LINKUSDT,action_tcn,development_2024_25,-0.038799793642599334,-0.08049070964616566,-0.11929050328882618,6.118716644465394e-14,0.0505263790705961,0.04218886090730938,3505.895886347078,1880.5783309546623,-0.11067012512749279,-0.4280104068055762
LINKUSDT,action_tcn,reused_2026,-0.020606927992524168,0.05879929772273856,0.03819236973020352,1.0873246747422627e-14,0.022340647070958827,0.019748040588458776,1407.702274678071,1096.2419196895044,-0.14638697658733832,0.5363715496246728
LINKUSDT,action_tcn,year2024,-0.004658761517046091,0.01858552220734909,0.013926760690297302,5.6968318951078345e-15,0.01924328234197221,0.012122197234506206,1899.3848155222868,530.002010131277,-0.024527739081482754,0.35066890034521975
LINKUSDT,action_tcn,year2025,-0.03367208900010619,-0.09771537323471172,-0.13138746223487294,5.5039306445792135e-14,0.03085340868932768,0.02965368391335614,1584.444886069536,1332.0255201706007,-0.21251663151020092,-0.7335848431957724
LINKUSDT,vol_long,all,0.057553012894767365,0.0,0.05755301289472614,4.1223968683112844e-14,0.0011843779581551777,0.0,13070.931878974765,0.0,0.04403130046706479,0.0
LINKUSDT,vol_long,development_2024_25,-0.05621603519212505,0.0,-0.056216035192179103,5.405398351143731e-14,0.0007618842223084259,0.0,9278.935214654159,0.0,-0.06058457559154358,0.0
LINKUSDT,vol_long,reused_2026,0.12054564638641513,0.0,0.1205456463864287,1.3572476476042539e-14,0.0004476593707891427,0.0,4017.865110785978,0.0,0.3000241249085485,0.0
LINKUSDT,vol_long,year2024,0.09931029669518078,0.0,0.09931029669515734,2.3439583607398617e-14,0.000466616587662773,0.0,4644.010692489542,0.0,0.21384596907967698,0.0
LINKUSDT,vol_long,year2025,-0.1414762804959278,0.0,-0.1414762804959558,2.7977620220553945e-14,0.00026859353135626256,0.0,4216.2113245900955,0.0,-0.3355531058673447,0.0
LINKUSDT,hold,all,-0.12178135573198887,0.0,-0.12178135573206461,7.57449658550513e-14,0.00037563887262742775,0.0,23119.01434816336,0.0,-0.0526758424463989,0.0
LINKUSDT,hold,development_2024_25,-0.1878995880471804,0.0,-0.18789958804725604,7.563394355258879e-14,0.0001999600080003789,0.0,19008.245335155058,0.0,-0.09885162187993594,0.0
LINKUSDT,hold,reused_2026,0.08141632653061491,0.0,0.08141632653061484,6.938893903907228e-17,0.000216326530612906,0.0,5061.897460590763,0.0,0.16084151677207814,0.0
LINKUSDT,hold,year2024,0.3313361560429181,0.0,0.33133615604286915,4.8960835385969403e-14,0.00019996000799928602,0.0,9008.945714352236,0.0,0.3677857171622905,0.0
LINKUSDT,hold,year2025,-0.3900109989000998,0.0,-0.3900109989001198,1.9984014443252818e-14,8.20910461423008e-16,0.0,7510.724902509779,0.0,-0.5192721128286485,0.0
LTCUSDT,trend24,all,-0.16391183184313088,-0.3062454985520453,-0.4701573303951717,4.440892098500626e-15,0.08247647834238724,0.07869978085384434,3518.017490450475,3267.0172426178838,-0.46592102594163703,-0.9373856206116887
LTCUSDT,trend24,development_2024_25,-0.1571672112823862,-0.2596942820173531,-0.41686149329974664,7.327471962526033e-15,0.06260756969240198,0.057751123602560565,2710.7035050853697,2429.559551328879,-0.5798022948195378,-1.068894491083003
LTCUSDT,trend24,reused_2026,-0.011566069609962513,-0.07982874737274132,-0.0913948169826836,2.0219936835985663e-14,0.034072366036013366,0.03592398205672239,1384.4292155106868,1436.1214045490538,-0.08354395790250664,-0.555863502346501
LTCUSDT,trend24,year2024,-0.012818708729185106,-0.11805921255715489,-0.13087792128635556,1.557087792036782e-14,0.03661498784442458,0.03325979077684738,1581.4536398234056,1362.0960644071745,-0.08105649388885354,-0.8667465947678061
LTCUSDT,trend24,year2025,-0.16608541663887544,-0.16296337756121335,-0.32904879420007926,9.547918011776346e-15,0.029906709868017675,0.028179393235484136,1299.299480382923,1228.2089168665677,-1.2782689375810998,-1.32683760330424
LTCUSDT,trend72,all,0.01796919918209463,-0.4540960658080536,-0.4361268666260203,6.128431095930864e-14,0.048755009680753594,0.04885992668084834,4247.134226128037,3882.4963312562363,0.04230899760961056,-1.1695981839115466
LTCUSDT,trend72,development_2024_25,0.05962024686301659,-0.3919647510811858,-0.3323445042182337,6.45039577307216e-14,0.0394050877694117,0.03856444291792408,3543.576837668838,3070.9095153289686,0.16824877685519052,-1.2763800076968301
LTCUSDT,trend72,reused_2026,-0.06238404078761042,-0.09305894300191082,-0.15544298378951635,4.912736883966318e-15,0.014004111357450817,0.0154203535026236,1053.773080434836,1215.5772266608403,-0.592006400105304,-0.7655535243741064
LTCUSDT,trend72,year2024,0.24434812245885362,0.04071969274077286,0.2850678151995658,6.06736882957648e-14,0.022843273191667006,0.021163473822527184,2183.5259445839106,1800.4188798463554,1.119052984302489,0.22616788346636207
LTCUSDT,trend72,year2025,-0.14374951532588923,-0.3367016422824071,-0.4804511576082994,2.9976021664879227e-15,0.012887891504132575,0.013540895577323755,1058.3495104293124,988.6564899186358,-1.3582423755983806,-3.405648430124774
LTCUSDT,trend168,all,0.0590861978577719,-0.18128740743440233,-0.1222012095766477,1.7277845820729e-14,0.026171560151770384,0.026260509384166568,3541.5101448233277,3516.2901710492424,0.1668389908303354,-0.5155644119674774
LTCUSDT,trend168,development_2024_25,-0.03809923254040147,-0.34398191142675993,-0.38208114396716886,7.438494264988549e-15,0.01808088020340686,0.01879912821760077,2578.6489058698503,2425.292908950559,-0.1477488170400985,-1.4183107951921703
LTCUSDT,trend168,reused_2026,0.15727862881887805,0.26329428597937665,0.42057291479823894,1.5765166949677223e-14,0.013093434306742781,0.012075017769273846,1558.2324921030079,1765.5995628667404,1.0093399387829032,1.4912457587601302
LTCUSDT,trend168,year2024,-0.004170248772930388,-0.1853105568357068,-0.1894808056086491,1.1934897514720433e-14,0.010916668437346207,0.011530685880207538,1569.998418755459,1456.7941638401755,-0.02656212084746017,-1.2720435146940716
LTCUSDT,trend168,year2025,-0.04186080231320071,-0.19576507957989248,-0.23762588189308773,5.467848396278896e-15,0.008839040229566088,0.00896763751887625,1244.4498465848485,1194.9115478229546,-0.33637998693221405,-1.6383227690498328
LTCUSDT,trend336,all,-0.10829328468040281,-0.1211142274878999,-0.22940751216828614,1.657007864253046e-14,0.01810802819563166,0.01666814802203433,3491.781901002863,3421.7423997361525,-0.31013759665029556,-0.35395483744550416
LTCUSDT,trend336,development_2024_25,-0.13074208894574912,-0.23533166437469882,-0.36607375332043157,1.637578961322106e-14,0.011581949040454165,0.012101096521690353,2525.925898392732,2406.022851228378,-0.5176006510283672,-0.9780940536560238
LTCUSDT,trend336,reused_2026,0.035412328142162545,0.18017464568639724,0.21558697382856007,2.7755575615628914e-16,0.01029469782858863,0.0072043893501265496,1523.6094224985502,1602.267698849818,0.2324239245258162,1.1244977716004319
LTCUSDT,trend336,year2024,-0.02998700907156509,-0.1324952524699231,-0.16248226154148238,5.828670879282072e-15,0.006825043915109953,0.007045960138825051,1422.350490894514,1293.986104549918,-0.21082714326414936,-1.0239310298931563
LTCUSDT,trend336,year2025,-0.12030202495725933,-0.12278714489564117,-0.24308916985288798,1.2545520178264269e-14,0.00567976641796205,0.006035855899803946,1317.6740704374686,1327.7769480145041,-0.91298772326391,-0.9247573177049907
LTCUSDT,trend_ensemble,all,-0.12946011152807826,-0.29147735156181187,-0.42093746308992797,3.785860513971784e-14,0.03892506574909554,0.03981861068397171,2600.959960250187,2403.0998646410458,-0.4977397326624953,-1.2129223418908985
LTCUSDT,trend_ensemble,development_2024_25,-0.14164114632045194,-0.26490203879410695,-0.40654318511459187,3.297362383136715e-14,0.030397352155872418,0.02926730250903447,2059.4851291829823,1776.3905681069625,-0.6877502746360803,-1.4912375890196479
LTCUSDT,trend_ensemble,reused_2026,0.02052556224284955,-0.04478053347965382,-0.024254971236812778,8.507083926190262e-15,0.014369560479088543,0.017779403505501258,912.4081440900786,1056.0318473301154,0.22496031382226614,-0.42404529364212856
LTCUSDT,trend_ensemble,year2024,0.023966586570208198,-0.05941432680128625,-0.035447740231094205,1.6153745008296028e-14,0.01795547911177007,0.017558082859599308,1248.4099836112189,1027.6080741747696,0.19197688968235532,-0.578180809342117
LTCUSDT,trend_ensemble,year2025,-0.17169389342402006,-0.2130394801439301,-0.3847333735679675,1.73749903353837e-14,0.012899117614511896,0.012139538869817732,840.8825310990269,776.3005957931109,-2.0418297095507203,-2.7442910812953505
LTCUSDT,breakout,all,-0.10565500477994606,-0.27236329670102505,-0.37801830148098337,1.226796442210798e-14,0.06273994464678721,0.061846104070400774,3394.7650908194555,2888.438604687138,-0.31122920718629815,-0.9429430013123861
LTCUSDT,breakout,development_2024_25,-0.09896479979901282,-0.24302019457884627,-0.34198499437786367,4.551914400963142e-15,0.0473631544612954,0.04478063887892677,2655.662564140583,2064.3368264444666,-0.3726557776403324,-1.1772313096667213
LTCUSDT,breakout,reused_2026,-0.010167252910300748,-0.044593363177843605,-0.05476061608815611,1.1761425167122752e-14,0.023368449129748118,0.025934765994187384,1123.230504416948,1252.4057524546938,-0.09051795575636024,-0.3560616285132943
LTCUSDT,breakout,year2024,0.015876486490059565,-0.12277923700760847,-0.10690275051756226,1.3350431871117507e-14,0.027477766487143732,0.02662466691468307,1584.113425140123,1159.5261655417946,0.1002231673445682,-1.0588742251472973
LTCUSDT,breakout,year2025,-0.12858766092452364,-0.1346336668721342,-0.2632213277966479,9.936496070395151e-15,0.022265646866201326,0.020329221677443686,1199.8123828300202,1013.1154937796779,-1.07173140371515,-1.3289073920866616
LTCUSDT,range_only,all,0.11390653928757133,-0.053011239828533,0.060895299459076346,3.8018199699507704e-14,0.04276167575388181,0.039921216289792734,2539.934972856205,2602.574324319116,0.4484624232701566,-0.20368770771763364
LTCUSDT,range_only,development_2024_25,0.12493759719798192,0.00438102545301626,0.12931862265103233,3.4139358007223564e-14,0.0249762813228225,0.02446018455361627,1505.4733017140709,1696.1170252250474,0.8298891588162542,0.025829735730852465
LTCUSDT,range_only,reused_2026,-0.009767888077959407,-0.05082025934082552,-0.06058814741878147,3.4555691641457997e-15,0.015748783447233683,0.013690584239089481,916.005147168985,802.6585951148087,-0.10663573352342116,-0.6331491327711555
LTCUSDT,range_only,year2024,-0.022211727430838327,-0.0650635984716468,-0.08727532590247178,1.3350431871117507e-14,0.013687375105835013,0.0135365194137378,829.93914593123,968.5439206686193,-0.26763079606174917,-0.6717671453322546
LTCUSDT,range_only,year2025,0.16121983858310465,0.07608496394964624,0.23730480253277364,2.275957200481571e-14,0.012368358758515633,0.011968193092489175,740.1291703336349,797.1441171740295,2.178266241153961,0.954469365205585
LTCUSDT,down_rebound,all,-0.12472547197129047,-0.061174082388879156,-0.18589955436019345,2.3814283878209608e-14,0.062230080630065604,0.06883090983470928,3967.331422534299,2586.593832031153,-0.3143812772052627,-0.23650440061879174
LTCUSDT,down_rebound,development_2024_25,-0.1497655860181238,-0.02259227667465048,-0.17235786269277997,5.717648576819556e-15,0.045938590583251254,0.04879572121464715,3038.693688399839,1866.760775740102,-0.49286174052307846,-0.12102395212205738
LTCUSDT,down_rebound,reused_2026,0.0302547597785473,-0.04661653143924824,-0.01636177166072299,2.2051804826617172e-14,0.01968422016285883,0.024207550240551726,1122.0280991925258,869.7394971129288,0.2696435124959911,-0.535982689000445
LTCUSDT,down_rebound,year2024,-0.02992946854778626,0.09974628906338379,0.06981682051557714,2.0386470289679437e-14,0.025369324115589117,0.025903946555156196,1688.0029631435243,960.2804380481912,-0.17730696687907105,1.0387204103222405
LTCUSDT,down_rebound,year2025,-0.11201554805670844,-0.11435468520589864,-0.2263702332625933,1.3766765505351941e-14,0.019226905086189596,0.021397845145544356,1262.5439228048183,847.322943805511,-0.887220999075098,-1.3495997723407203
LTCUSDT,selected_trend,all,-0.02337082700423823,-0.15431099761389544,-0.17768182461813342,2.498001805406602e-16,0.032651832748070285,0.02991703136208059,3639.6089978430646,3356.0400315634793,-0.06421246627890097,-0.4598008252660995
LTCUSDT,selected_trend,development_2024_25,-0.08883392575333689,-0.2791195753476911,-0.36795350110102487,3.1086244689504383e-15,0.026418830359962422,0.024637273504360364,2818.7207902943114,2418.2192434823423,-0.315156882722185,-1.1542360193352303
LTCUSDT,selected_trend,reused_2026,0.10357323213266005,0.19746739828669596,0.30104063041935153,4.496403249731884e-15,0.00986161998993073,0.008353432646043544,1298.7781895457704,1483.7844837600096,0.7974666726493409,1.3308361183714517
LTCUSDT,selected_trend,year2024,0.040145989028875846,-0.005859429119664545,0.034286559909206815,4.4825254619240695e-15,0.016770094989049907,0.014892958185357304,1712.5102519383138,1406.4810219903884,0.23442772960591854,-0.04166020748273266
LTCUSDT,selected_trend,year2025,-0.1247042355394573,-0.2642015828302113,-0.3889058183696612,7.382983113757291e-15,0.009328880162340616,0.009421291638806987,1069.539701311699,978.199138139016,-1.1659617252778762,-2.7008977265390364
LTCUSDT,selected_breakout,all,-0.2832110780086558,-0.18377474552484643,-0.4669858235335276,2.531308496145357e-14,0.04787878775452468,0.04495845720899391,3366.0539611861755,2938.1672334647997,-0.8413741469220359,-0.6254740827265036
LTCUSDT,selected_breakout,development_2024_25,-0.2348543114518011,-0.16543914668969484,-0.4002934581415172,2.120525977034049e-14,0.0404766181440853,0.03706178945657049,2737.8505205849237,2167.104041979184,-0.8578054560905174,-0.763411186011179
LTCUSDT,selected_breakout,reused_2026,-0.08063404879159358,-0.030574285180097863,-0.11120833397169826,6.813993813636898e-15,0.01234298626708348,0.01316755313015552,1047.5180721798658,1285.73416774161,-0.7697628416452579,-0.23779631861072453
LTCUSDT,selected_breakout,year2024,-0.020569848911026537,-0.1792645577215457,-0.19983440663259566,2.3425705819590803e-14,0.02320412082749527,0.02201277686609904,1622.0479241877247,1204.2009957934526,-0.12681406390213365,-1.488659769820466
LTCUSDT,selected_breakout,year2025,-0.26780014576605726,0.01727818734828153,-0.25052195841777297,2.7755575615628914e-15,0.021586153490930196,0.01880737276785348,1394.4646028848522,1203.3797181074294,-1.9204513704545487,0.14358050986146878
LTCUSDT,regime_gate,all,-0.17420030717951582,-0.1563321994201031,-0.3305325065996412,2.225997164373439e-14,0.04468968809220642,0.04601999513061453,2489.639730269353,1879.4609829839444,-0.6997008645932443,-0.831792736510554
LTCUSDT,regime_gate,development_2024_25,-0.16137687194594508,-0.10128494149131377,-0.2626618134372637,4.829470157119431e-15,0.032826606034179924,0.031712634697218314,1916.3229814987571,1322.3741843868506,-0.8421172918342404,-0.7659325377580393
LTCUSDT,regime_gate,reused_2026,-0.01739152463179744,-0.07465673002154435,-0.09204825465336551,2.3717139363554907e-14,0.016089065064334794,0.019404068165915986,777.5492429643963,755.5377013552978,-0.22367103806175,-0.9881271296935109
LTCUSDT,regime_gate,year2024,-0.00621168736011319,0.004225710480497031,-0.001985976879613549,2.6098914696071063e-15,0.019779608852888944,0.01882249382643783,1115.9267835336793,711.850481485047,-0.05566393290107565,0.05936233226507686
LTCUSDT,regime_gate,year2025,-0.15547395226040314,-0.10572061066028075,-0.2611945629206914,7.494005416219807e-15,0.01307295977715653,0.012915791333751231,801.9889294366449,611.73860162099,-1.9386047182673138,-1.7281991095566211
LTCUSDT,gate_no_range,all,-0.15421585892759132,-0.12878898781704295,-0.2830048467446564,2.2148949341271873e-14,0.0425453216524901,0.04449076012024638,2547.9843113580564,1965.7816607182374,-0.605246501087738,-0.6551540814048867
LTCUSDT,gate_no_range,development_2024_25,-0.15378040592747486,-0.0920407994111211,-0.24582120533860574,9.769962616701378e-15,0.031122137604651816,0.030230780047207046,1945.2663628581893,1361.6722092527064,-0.7905364985673456,-0.6759394719646488
LTCUSDT,gate_no_range,reused_2026,-0.000577386958104542,-0.04872609607436763,-0.0493034830324885,1.6334156249797616e-14,0.015146519802332776,0.018907956805443823,799.1711683838466,801.0162255181939,-0.007224822177609135,-0.6083034840255042
LTCUSDT,gate_no_range,year2024,0.0008142667893231079,-0.013756817470704914,-0.012942550681397158,1.5352302762394743e-14,0.01865598728076543,0.018046611368673558,1136.6212519569492,737.4101880073046,0.007163923672209757,-0.1865558368250893
LTCUSDT,gate_no_range,year2025,-0.15662175775434298,-0.07931046160936031,-0.23593221936369776,5.523359547510154e-15,0.012629609687351199,0.012343930626271662,819.2482731977484,632.447505133921,-1.911774035763368,-1.2540244204547266
LTCUSDT,adaptive14,all,-0.11899377640101041,-0.15610883955040128,-0.27510261595143304,2.1316282072803006e-14,0.03870538526539181,0.04294352165277027,2382.470888622584,1812.8177802178227,-0.49945532165476403,-0.8611391682822291
LTCUSDT,adaptive14,development_2024_25,-0.12963862757436018,-0.10997379235323841,-0.2396124199276093,1.071365218763276e-14,0.028752674566305238,0.029548565814858777,1843.3429482460776,1267.6985272727072,-0.7032800255520006,-0.8675074553398203
LTCUSDT,adaptive14,reused_2026,0.013999243875519887,-0.060673067796255566,-0.04667382392074973,1.4051260155412137e-14,0.01308899692724998,0.017615958215198964,709.0172886900391,716.8965764711977,0.1974457336771647,-0.8463294398043927
LTCUSDT,adaptive14,year2024,0.007123113150371157,-0.015582019297027832,-0.008458906146655787,8.881784197001252e-16,0.01744581840091582,0.017636979494797946,1077.6232436197095,682.8201781903791,0.0661002181657181,-0.22820092016500665
LTCUSDT,adaptive14,year2025,-0.13792846466226175,-0.09519703584788766,-0.23312550051016112,1.1712852909795402e-14,0.01140331574302031,0.01201320489276931,772.2521127698451,589.8679870234766,-1.7860548696662315,-1.6138701869253813
LTCUSDT,adaptive42,all,-0.1217488238590874,-0.1281264476142318,-0.2498752714733371,1.787459069646502e-14,0.037529138012762524,0.04205940796468137,2337.857202388039,1775.9255899851914,-0.5207710023295061,-0.7214629280458772
LTCUSDT,adaptive42,development_2024_25,-0.14426776944817432,-0.08990558738543544,-0.23417335683363338,2.3619994848900205e-14,0.028082065357692542,0.02895187807305752,1804.226456630253,1235.6748089729701,-0.7996100983776875,-0.7275829104273833
LTCUSDT,adaptive42,reused_2026,0.029404756011074135,-0.049907979266390415,-0.020503223255308796,7.483597075363946e-15,0.012335784788069477,0.017115531313235344,696.8035788771333,705.4478788809369,0.42199490505571935,-0.7074651545562832
LTCUSDT,adaptive42,year2024,-0.00816389317432932,0.002277571450081787,-0.005886321724272281,2.474756510828513e-14,0.01680907210598357,0.017371279608127697,1052.300982393123,674.9341232863419,-0.07758135087703852,0.03374509261721716
LTCUSDT,adaptive42,year2025,-0.13690977123452797,-0.09272899151272848,-0.22963876274725528,1.1657341758564144e-15,0.011339742625070579,0.011649169222795687,756.3777570602709,564.060929791473,-1.8100713559668902,-1.6439534563581517
LTCUSDT,adaptive126,all,-0.1129362897712621,-0.14394233847052929,-0.2568786282417851,6.328271240363392e-15,0.03682048254876121,0.0415686237465278,2316.45828988743,1759.1731922211784,-0.487538628536024,-0.8182385856436564
LTCUSDT,adaptive126,development_2024_25,-0.12676627152179495,-0.09713617450456234,-0.223902446026357,2.7755575615628914e-16,0.027650571093577294,0.028409954860104072,1789.0639398873698,1224.8249635071045,-0.708561995440898,-0.7930616814538735
LTCUSDT,adaptive126,reused_2026,0.01781990122211175,-0.06030963984658628,-0.042489738624466776,7.750744490664374e-15,0.011815410843950864,0.01695491606570714,679.5464659046858,688.5065234108714,0.2622322698476251,-0.8759487063072611
LTCUSDT,adaptive126,year2024,-0.006945532850859342,-0.004491867064401059,-0.011437399915250057,1.03441560872497e-14,0.01603972279413664,0.01698025456798707,1023.239585296628,665.4354465298142,-0.06787787484634789,-0.06750267193949076
LTCUSDT,adaptive126,year2025,-0.12120703196809526,-0.09371617683313006,-0.21492320880123547,1.0130785099704553e-14,0.011745182650491983,0.011561938810083577,774.6847336982881,565.8615012638892,-1.5645981738850303,-1.6561681016257295
LTCUSDT,filtered_moe,all,-0.12350523420926947,-0.09892744414552765,-0.22243267835478764,9.492406860545088e-15,0.019733426300758247,0.02251992690132124,1788.9387050729765,1355.055860488703,-0.6903827048911175,-0.7300617415864267
LTCUSDT,filtered_moe,development_2024_25,-0.14906388275482535,-0.06976274738697325,-0.21882663014178827,1.0325074129013956e-14,0.014332330724850083,0.015257964410189924,1308.042996874645,929.4178205851464,-1.1395946701369077,-0.7506069481544022
LTCUSDT,filtered_moe,reused_2026,0.03271827936248631,-0.0373344738618624,-0.004616194499377124,1.0312931064682118e-15,0.006914080515684376,0.009296223823463682,615.6068892691734,544.8701355255015,0.5314800716627504,-0.6851994893398785
LTCUSDT,filtered_moe,year2024,-0.05814411220561143,0.029436864556741146,-0.02870724764887389,3.608224830031759e-15,0.007082636297689305,0.00840418055173938,631.5074357900437,486.4529683522839,-0.9207193599054075,0.6051327974511052
LTCUSDT,filtered_moe,year2025,-0.09360696898966057,-0.10213152698153086,-0.19573849597117707,1.4349632593280148e-14,0.00746396429872668,0.0070563523117619965,696.531050444852,456.05699328098024,-1.3439023131829773,-2.2394465710693936
LTCUSDT,kalman,all,-0.15572888845509508,-0.3808168300065153,-0.5365457184616442,3.3861802251067274e-14,0.08277694750530583,0.07929167587500367,3339.173430277236,3018.849547921196,-0.4663695723110903,-1.2614634282412278
LTCUSDT,kalman,development_2024_25,-0.1413308500132715,-0.370235572075284,-0.5115664220885797,2.4202861936828413e-14,0.06478769248427507,0.061474662065230265,2650.053891949328,2312.8604143644616,-0.5333131165468914,-1.600769202394858
LTCUSDT,kalman,reused_2026,-0.02947798655323968,-0.02166365788461443,-0.05114164443787394,1.982441988346295e-14,0.03683050436039679,0.03647786437197938,1410.8766667407172,1445.4148229849363,-0.20893382992389495,-0.14987848152737673
LTCUSDT,kalman,year2024,-0.020082227081195614,-0.20375139225545966,-0.22383361933666435,9.076073226310655e-15,0.03863500623659838,0.0363965910631221,1623.3743588664292,1352.509438849307,-0.12370669138336424,-1.5064692814920986
LTCUSDT,kalman,year2025,-0.1562147317285928,-0.21449547927796347,-0.37071021100657575,1.9484414082171497e-14,0.03369469085394525,0.03231017424469695,1322.7570256334304,1237.3004029038327,-1.1809782802233542,-1.7335764117958896
LTCUSDT,trend_ensemble_long,all,-0.14546462358143464,0.0,-0.14546462358143653,1.887379141862766e-15,0.043202490417419435,0.0,3020.8920064969684,0.0,-0.4815287116142747,0.0
LTCUSDT,trend_ensemble_long,development_2024_25,-0.1704924335473923,0.0,-0.1704924335474044,1.2101430968414206e-14,0.03147332499165222,0.0,2235.3580537704825,0.0,-0.7627074922508041,0.0
LTCUSDT,trend_ensemble_long,reused_2026,0.03017188869414369,0.0,0.030171888694155935,1.2243678293444304e-14,0.014139913727281841,0.0,946.9882909999685,0.0,0.3186088886303315,0.0
LTCUSDT,trend_ensemble_long,year2024,0.02358398769340704,0.0,0.023583987693397868,9.173217740965356e-15,0.01784914986640558,0.0,1280.296115815208,0.0,0.1842072892519112,0.0
LTCUSDT,trend_ensemble_long,year2025,-0.1896047843403082,0.0,-0.18960478434031103,2.831068712794149e-15,0.013310265976266528,0.0,933.0567392984191,0.0,-2.0320820412580183,0.0
LTCUSDT,regime_gate_long,all,-0.18202120605647085,0.0,-0.1820212060564651,5.745404152435185e-15,0.04345209726113137,0.0,2577.157827744603,0.0,-0.706286608049017,0.0
LTCUSDT,regime_gate_long,development_2024_25,-0.194878673500889,0.0,-0.19487867350088672,2.275957200481571e-15,0.03056075208579715,0.0,1913.4508487252867,0.0,-1.0184670990149256,0.0
LTCUSDT,regime_gate_long,reused_2026,0.01596960237077053,0.0,0.015969602370774837,4.309053114326389e-15,0.01601168016675114,0.0,824.356475446123,0.0,0.19372204678962632,0.0
LTCUSDT,regime_gate_long,year2024,-0.029764769550507754,0.0,-0.02976476955050733,4.2327252813834093e-16,0.01847121506362104,0.0,1094.05857499668,0.0,-0.27205828125425624,0.0
LTCUSDT,regime_gate_long,year2025,-0.17017925011225055,0.0,-0.17017925011224863,1.915134717478395e-15,0.012460418507556402,0.0,844.529499664733,0.0,-2.015077628191904,0.0
LTCUSDT,expanding_tree,all,-0.17416448892864614,-0.18499885543170094,-0.3591633443603327,1.4377388168895777e-14,0.03962901536475999,0.015702638300907856,4066.7507942361913,658.3181561885773,-0.4282644738779902,-2.8101739818749194
LTCUSDT,expanding_tree,development_2024_25,-0.07559944201423321,-0.124113164100768,-0.19971260611500097,2.498001805406602e-16,0.031670097043999985,0.010715384504327484,3322.844903791544,376.8969495337279,-0.2275142060587005,-3.2930264958183573
LTCUSDT,expanding_tree,reused_2026,-0.12316206361308336,-0.07607978308312847,-0.19924184669619416,1.7680301667155618e-14,0.009945075208698959,0.006231828508968168,929.5484298876104,351.6501806790794,-1.3249666144664956,-2.163507578361232
LTCUSDT,expanding_tree,year2024,-0.15133516043152687,-0.10557859544646857,-0.2569137558779928,2.609024107869118e-15,0.01913749531066611,0.006283925402125837,2186.2105380704593,254.005817611853,-0.692225921502943,-4.156542414623098
LTCUSDT,expanding_tree,year2025,0.10192049579222012,-0.0249426884172764,0.07697780737494045,3.2751579226442118e-15,0.01686560857837136,0.005963586511331042,1529.612981954839,165.379365980697,0.6663155778265308,-1.5082104269397003
LTCUSDT,rolling_tree,all,-0.12690862658741206,-0.30934860920128315,-0.43625723578867504,2.020605904817785e-14,0.05474953023701882,0.03851629365896261,5582.381024484967,1946.5018366612396,-0.2273378080621444,-1.589254134647502
LTCUSDT,rolling_tree,development_2024_25,0.022887035639290502,-0.08064807809151989,-0.05776104245220748,2.190608805463512e-14,0.042883960283101596,0.018753965642068996,4915.320223799874,626.426803821062,0.04656265430779458,-1.2874301929544654
LTCUSDT,rolling_tree,reused_2026,-0.15897842158485,-0.24272030919307747,-0.4016987307779294,1.887379141862766e-15,0.012592951988312772,0.020973796358755646,707.9528980855799,1400.998146240648,-2.2456073280405175,-1.7324813015947105
LTCUSDT,rolling_tree,year2024,-0.030222901328565012,-0.037834932210421265,-0.0680578335389741,1.2184697695261093e-14,0.01974294757412126,0.005867804952025613,3295.0182242792357,182.48834277945176,-0.09172301720782161,-2.073279401531257
LTCUSDT,rolling_tree,year2025,0.05698844722257416,-0.045939702507160944,0.011048744715423536,1.0321604682062002e-14,0.024830953616849893,0.013827210693746721,1738.6293461466635,476.35838039975187,0.32777801288628916,-0.964393708547945
LTCUSDT,action_tcn,all,-0.23866613568587117,-0.242451031372283,-0.4811171670581619,7.716050021144838e-15,0.07395587727755909,0.056413769707082936,5211.900397352652,2547.0275448831085,-0.45792535829560355,-0.9518979559500991
LTCUSDT,action_tcn,development_2024_25,-0.08419054513192936,-0.1026326598892486,-0.186823205021181,3.0253577421035516e-15,0.05399422091651848,0.044066510504375433,3701.6290534922887,1855.983135367206,-0.22744187468622792,-0.5529827180727197
LTCUSDT,action_tcn,reused_2026,-0.18996556653828958,-0.17194092643368686,-0.3619064929719821,5.662137425588298e-15,0.0245477447023812,0.0151839787841328,1857.2484522258185,849.8083243188254,-1.0228333549591895,-2.0232906823018975
LTCUSDT,action_tcn,year2024,-0.06486786669989185,-0.08287243918606299,-0.14774030588594256,1.226796442210798e-14,0.0242341177260383,0.011365807114664856,2291.46562131003,492.333912126799,-0.28308461666034906,-1.6832567723817378
LTCUSDT,action_tcn,year2025,-0.022672289403670512,-0.023185680186045644,-0.04585796958973399,1.7832957333041577e-14,0.034919055067383485,0.038369412064832756,1654.6170632276055,1600.0395567901987,-0.1370243901597657,-0.14490691862992366
LTCUSDT,vol_long,all,0.06228496728319953,0.0,0.062284967283171566,2.796374243274613e-14,0.002072505100261959,0.0,16202.973583598361,0.0,0.03844045474853343,0.0
LTCUSDT,vol_long,development_2024_25,0.15256799404607527,0.0,0.1525679940460738,1.4710455076283324e-15,0.0016283802824567672,0.0,11702.188943765192,0.0,0.13037560304250767,0.0
LTCUSDT,vol_long,reused_2026,-0.07833206130072945,0.0,-0.07833206130075236,2.2912227670701668e-14,0.0003853350258721807,0.0,3905.0057463709554,0.0,-0.20059397191291178,0.0
LTCUSDT,vol_long,year2024,0.17737422766729463,0.0,0.17737422766728939,5.245803791353865e-15,0.0008693723315797879,0.0,5765.7293784742715,0.0,0.30763536757292526,0.0
LTCUSDT,vol_long,year2025,-0.021069115526987023,0.0,-0.02106911552698392,3.101685575046531e-15,0.0006446615978513376,0.0,5042.11781249257,0.0,-0.04178624203263412,0.0
LTCUSDT,hold,all,-0.016959559895254134,0.0,-0.016959559895252774,1.3600232051658168e-15,0.0003966074255072333,0.0,26107.661978922213,0.0,-0.0064960086847096,0.0
LTCUSDT,hold,development_2024_25,0.051542155971858794,0.0,0.05154215597186651,7.716050021144838e-15,0.00019996000800211284,0.0,21380.123436794933,0.0,0.02410751094315731,0.0
LTCUSDT,hold,reused_2026,-0.06514405102836945,0.0,-0.06514405102837552,6.0645932720149176e-15,0.00018700859151326465,0.0,4495.8145665191605,0.0,-0.1448993281740412,0.0
LTCUSDT,hold,year2024,0.41305254830743443,0.0,0.4130525483074201,1.432187701766452e-14,0.0001999600079999233,0.0,9462.325144043843,0.0,0.43652330903830183,0.0
LTCUSDT,hold,year2025,-0.2558364816429506,0.0,-0.2558364816429349,1.5709655798445965e-14,1.5495024569462766e-15,0.0,8434.080039717162,0.0,-0.3033365588637811,0.0
SOLUSDT,trend24,all,0.17199996765019498,-0.14491914130537978,0.02708082634481279,2.4147350785597155e-15,0.0715257329116112,0.07535552678909432,3441.9212466106674,3341.0263259266862,0.49972081092665027,-0.4337563585799767
SOLUSDT,trend24,development_2024_25,-0.07854494186037497,-0.23475612652536343,-0.3133010683857438,5.384581669432009e-15,0.047303176830751914,0.04955728349263719,2262.5206876874277,2183.849236765475,-0.3471567897160644,-1.0749648948892805
SOLUSDT,trend24,reused_2026,0.3648540837563297,0.13082441385018548,0.4956784976065195,4.3298697960381105e-15,0.03527390966506699,0.037568491967523494,1717.4929283066842,1685.1301726085096,2.1243411122283207,0.776346041253744
SOLUSDT,trend24,year2024,-0.004687986405944214,-0.19624984234775608,-0.20093782875370436,4.052314039881821e-15,0.025166153511474432,0.026549916315834553,1184.419224163872,1103.9072296674537,-0.03958046534793158,-1.7777747719514012
SOLUSDT,trend24,year2025,-0.09242954817800494,-0.04818934691595921,-0.14061889509396586,1.6930901125533637e-15,0.027703755872650573,0.028792962556240254,1349.2084875473986,1351.5118672351086,-0.6850649772150788,-0.3565588144967151
SOLUSDT,trend72,all,0.1027226494411838,-0.22406311904737974,-0.12134046960621292,1.697253448895708e-14,0.04566314258415909,0.048029207745401314,4433.031748951927,4158.448029182098,0.23172098748327227,-0.5388142823356372
SOLUSDT,trend72,development_2024_25,0.0953100736499354,-0.21071267902076363,-0.11540260537083813,9.908740494779522e-15,0.032259613017877165,0.034071856622513726,3253.001658887548,3021.252205158544,0.2929911621457004,-0.6974349200672117
SOLUSDT,trend72,reused_2026,0.008379603915017023,-0.015092108689979646,-0.006712504774970587,7.964115478209521e-15,0.015152124172715775,0.01577819605577603,1333.9741867079176,1285.5518577468642,0.06281683707611196,-0.11739789880146093
SOLUSDT,trend72,year2024,0.22537864610894515,-0.015916769704343976,0.20946187640458613,1.504352198367087e-14,0.014923574877666903,0.016023272164480663,1599.4059835426358,1346.2489150751053,1.4091396957871714,-0.1182305109115427
SOLUSDT,trend72,year2025,-0.10754251539177875,-0.16105998305254315,-0.26860249844431755,4.385380947269368e-15,0.014333678868610365,0.014922822132837105,1367.2160384754081,1384.9161538375936,-0.7865802650450191,-1.1629583683188833
SOLUSDT,trend168,all,0.6138268920200863,0.2753856511444283,0.8892125431645674,5.284661597215745e-14,0.030277728139612006,0.033296414291648216,5299.097531286095,4908.882715786022,1.1583611896101678,0.5609945624873884
SOLUSDT,trend168,development_2024_25,0.32480780379677127,-0.09574106949811476,0.22906673429867852,2.2010171463193728e-14,0.015473805379502928,0.018272937316409728,3112.5432426523694,2857.6592900770224,1.0435447107876472,-0.33503318548354394
SOLUSDT,trend168,reused_2026,0.23515329164631013,0.30195815270707216,0.5371114443534075,2.5202062658991053e-14,0.012044848621304841,0.012223483522895186,1779.036261917381,1668.9276248937415,1.3218015657132836,1.80929447270847
SOLUSDT,trend168,year2024,0.20917556073580507,-0.12226581740604532,0.08690974332976786,8.118505867571457e-15,0.007069780432128935,0.007547841298034104,1523.4839176834582,1136.2398071277591,1.3730080003330005,-1.0760564507514891
SOLUSDT,trend168,year2025,0.1063862420689364,0.02440381832135529,0.13079006039030447,1.27675647831893e-14,0.007732035708529127,0.00986751299654293,1461.9974976954377,1583.7740838311595,0.7276773198082361,0.15408648601145372
SOLUSDT,trend336,all,0.22640095543993613,-0.09586826559158822,0.1305326898483441,3.83026943495679e-15,0.017720035140578468,0.017833044065890962,4885.505609968479,4099.024641337276,0.4634135614909198,-0.23388067645358654
SOLUSDT,trend336,development_2024_25,0.17807246250959816,-0.2523639914493881,-0.07429152893978852,1.4155343563970746e-15,0.010019729982285813,0.01157959849718762,3314.2833014047724,2678.7031263822987,0.5372879935584306,-0.9421125803896615
SOLUSDT,trend336,reused_2026,0.05220703325204254,0.16905508672570083,0.22126211997773768,5.689893001203927e-15,0.008318283130188397,0.006755307706692248,1697.318710678093,1534.3075702097512,0.3075853281036735,1.1018331005340067
SOLUSDT,trend336,year2024,0.22366367635102974,-0.10216171608454236,0.12150196026649329,5.9119376061289586e-15,0.004347519761789177,0.005372716894085059,1720.0728929481004,1151.9797329142714,1.3003151044819024,-0.8868360541907649
SOLUSDT,trend336,year2025,-0.040651925236580115,-0.13392957006437545,-0.17458149530095962,4.052314039881821e-15,0.00505769086587133,0.005534436695614574,1421.4958733356593,1361.3203075501046,-0.2859799032774324,-0.9838211427654475
SOLUSDT,trend_ensemble,all,0.24210867581962947,-0.201028973986771,0.04107970183290899,5.051514762044462e-14,0.037988678904194884,0.040354785125297235,3137.187528329649,2897.8716719925146,0.7717379775143273,-0.6937124784706142
SOLUSDT,trend_ensemble,development_2024_25,0.08527570279262171,-0.22551061111004,-0.14023490831737362,4.468647674116255e-14,0.025259812471040505,0.026588210603306812,2167.4209254548246,1977.9612168767926,0.3934432015079256,-1.1401164450844088
SOLUSDT,trend_ensemble,reused_2026,0.1824137482949831,0.02847479777918948,0.21088854607417937,6.772360450213455e-15,0.014805051468469149,0.016012018463145757,1127.9436816595066,1069.9555774186954,1.617223902762625,0.26613065420796167
SOLUSDT,trend_ensemble,year2024,0.10751832282740756,-0.078198188825155,0.029320134002293052,4.0495384823202585e-14,0.012471979906267004,0.012350573178672587,1116.0391106701707,875.932571206476,0.9633920693231247,-0.8927421059071682
SOLUSDT,trend_ensemble,year2025,-0.021609040083866073,-0.14311623509402457,-0.16472527517788643,4.218847493575595e-15,0.012423571775527914,0.013832079014401661,1021.4332548772544,1070.637413246073,-0.21155606576038913,-1.3367385944426269
SOLUSDT,breakout,all,0.6467198177307192,0.28446753942218533,0.9311873571529279,2.3314683517128287e-14,0.0882064897478004,0.09091565870413788,5526.634702066361,5010.2026036518755,1.1701873791095987,0.5677765190869535
SOLUSDT,breakout,development_2024_25,0.3077285238518454,0.11658383269586625,0.4243123565477256,1.3933298959045715e-14,0.05312163626561642,0.05413268551841737,3492.9923221049357,3041.216276896681,0.8809882629985372,0.38334607631007017
SOLUSDT,breakout,reused_2026,0.23800347748195283,0.11787000650141011,0.3558734839833695,6.5503158452884236e-15,0.024632836555054046,0.025825074827600162,1427.8064573494291,1382.4118829718361,1.6669169428171728,0.8526402872638752
SOLUSDT,breakout,year2024,0.2546931279460009,0.033724015440963775,0.2884171433869738,9.103828801926284e-15,0.02215778422991675,0.021165271071694993,1581.983814298005,1147.7849721033626,1.609960390517771,0.2938182347793171
SOLUSDT,breakout,year2025,0.04116321812237443,0.06431132780264143,0.10547454592501951,3.649858193455202e-15,0.024032474416090355,0.025587531659240492,1483.2218878920667,1469.5794095194133,0.27752569226762824,0.4376172351494278
SOLUSDT,range_only,all,-0.07414675549395819,-0.23672069572544763,-0.31086745121941617,1.0325074129013956e-14,0.028031241400135822,0.02673933487439771,1937.8823710867964,2088.0370872220224,-0.3826174209550989,-1.1336996702505264
SOLUSDT,range_only,development_2024_25,0.03485706634498424,-0.14479391949942635,-0.10993685315442903,1.3086753902769033e-14,0.01836136091060555,0.017669655281488672,1288.228790857372,1445.2018339865501,0.27058133300828774,-1.0018941029158277
SOLUSDT,range_only,reused_2026,-0.12246751505806926,-0.10328118465730714,-0.22574869971540265,2.6256774532384952e-14,0.010864263421983964,0.010189928237173329,729.896055725743,722.2355576834215,-1.6778761043762398,-1.4300207675814616
SOLUSDT,range_only,year2024,0.010520840678898417,-0.13428211460351291,-0.12376127392459657,1.7930101847696278e-14,0.008810804002169756,0.008772761765285134,626.3394937546576,778.1799443397763,0.16797345183887633,-1.7255920764886918
SOLUSDT,range_only,year2025,0.027773510736150194,-0.011996508009860483,0.015777002726284326,5.384581669432009e-15,0.010899491912679892,0.010153504121019561,755.37553569135,761.2330633163257,0.3676781868601392,-0.1575931024014837
SOLUSDT,down_rebound,all,0.5979766090642649,-0.03080815847310285,0.5671684505911623,2.220446049250313e-16,0.06772765844342087,0.07802051301501532,4968.743538239703,3210.7897602991393,1.2034765015787319,-0.09595196438596015
SOLUSDT,down_rebound,development_2024_25,0.2939200948450126,-0.2108735753211729,0.08304651952381548,2.4202861936828413e-14,0.043851107199637765,0.05039086706315833,3168.5739825830333,2025.0292971541303,0.927610011508735,-1.0413359234729271
SOLUSDT,down_rebound,reused_2026,0.28074187833864905,0.16625824800881098,0.4470001263474826,2.2593038551121936e-14,0.022045730089489537,0.025511042650323976,1662.1350267097966,1094.8379795046606,1.6890437529276956,1.5185648572771606
SOLUSDT,down_rebound,year2024,0.22882202920530892,-0.1595064602232522,0.0693155689820435,1.3211653993039363e-14,0.019813151494217203,0.022567524502125416,1623.4461283494118,861.5728947300122,1.409483352785821,-1.8513402777513812
SOLUSDT,down_rebound,year2025,0.06087825477157793,-0.04803737698013749,0.012840877791430116,1.0325074129013956e-14,0.02247975845736911,0.02601976756732338,1444.9690054588254,1088.0384015466025,0.4213118381196493,-0.4415044258718655
SOLUSDT,selected_trend,all,0.2083783541806724,-0.03046170269746207,0.17791665148322533,1.4988010832439613e-14,0.02710816273837483,0.02770879690496467,3988.015919074023,3709.416111024672,0.5225113399974988,-0.08211993959622792
SOLUSDT,selected_trend,development_2024_25,0.08958193790337819,-0.24313865505366486,-0.1535567171502843,2.3869795029440866e-15,0.020076385917269894,0.020979284494591702,2644.0610498132196,2457.3203002305963,0.3388043476140855,-0.9894463291205814
SOLUSDT,selected_trend,reused_2026,0.14034775712005534,0.25125954291962055,0.39160730003969096,1.504352198367087e-14,0.008307440041855008,0.007950340615518567,1587.767185931368,1479.2436022159116,0.8839315887343319,1.6985677176040037
SOLUSDT,selected_trend,year2024,0.1337872509468238,-0.1361127277383385,-0.00232547679152173,7.049916206369744e-15,0.0077891279374207615,0.008049870172254192,1406.0930232965177,1030.010615941468,0.9514822186740249,-1.3214691735378514
SOLUSDT,selected_trend,year2025,-0.04430835108556567,-0.10727539375380217,-0.15158374483935844,9.409140133698202e-15,0.01231589831554868,0.012959551458482745,1240.8536027716239,1430.6365964913705,-0.35707960219156093,-0.749843768968965
SOLUSDT,selected_breakout,all,0.46318486409355164,-0.08786409050383583,0.3753207735897057,1.0103029524088925e-14,0.060861818426611196,0.06326638797420792,4981.893214841054,4494.595373268683,0.9297366364933806,-0.19548832143245162
SOLUSDT,selected_breakout,development_2024_25,0.28890236469451736,-0.06372416503257414,0.22517819966193864,4.579669976578771e-15,0.02853278298000608,0.030733253249944553,3277.519282335912,2813.36696098915,0.8814665599422943,-0.22650498820875256
SOLUSDT,selected_breakout,reused_2026,0.14225073499277407,-0.019703195402858604,0.12254753958991083,4.649058915617843e-15,0.026387210820046927,0.026553798241953832,1391.1232937179475,1372.2317396305548,1.0225602262225912,-0.143585043501204
SOLUSDT,selected_breakout,year2024,0.13559856054165936,-0.01759764307931256,0.11800091746235064,3.83026943495679e-15,0.01453166188028998,0.013812534349268303,1570.3566082228872,1096.8131848234232,0.8634889669749032,-0.1604433947623051
SOLUSDT,selected_breakout,year2025,0.1371231470013714,-0.041258035868128,0.09586511113323595,7.452372052796363e-15,0.012523353855107725,0.015134798761241687,1526.977882977018,1535.3777884744293,0.8980034912754215,-0.2687158572817606
SOLUSDT,regime_gate,all,0.3284910606249744,-0.02455267586422519,0.30393838476077706,2.786659791809143e-14,0.04683447139814058,0.053184700435075394,3189.5086568180163,2443.817991602986,1.0299111743207823,-0.1004685125839516
SOLUSDT,regime_gate,development_2024_25,0.15244883619187827,-0.1254731637388685,0.02697567245302901,1.9234613901630837e-14,0.02976240174436157,0.03399384223702936,2097.404567602803,1553.0273002216763,0.7268451616185683,-0.8079263237739522
SOLUSDT,regime_gate,reused_2026,0.1714181057596063,0.09826959935047452,0.2696877051100892,8.382183835919932e-15,0.01662363589684724,0.018686770011023583,1063.4176821410183,867.3922034137101,1.611954631170735,1.1329315500384316
SOLUSDT,regime_gate,year2024,0.1426581308852747,-0.11297883763545047,0.02967929324982843,4.191091917959966e-15,0.014303256861749412,0.015185787885690265,1086.0431960022981,641.3402589943239,1.3135585344155394,-1.7616052641480966
SOLUSDT,regime_gate,year2025,0.009508499754037603,-0.012134191864715418,-0.002625692110663285,1.4529610153912742e-14,0.015013553233473972,0.01826593432988046,982.2100708740973,885.4087357141327,0.09680719060002829,-0.13704621803768968
SOLUSDT,gate_no_range,all,0.3443138682260661,0.019952984560678406,0.36426685278678916,4.468647674116255e-14,0.04696871484266085,0.052048474277440575,3339.9337435214416,2592.507715887505,1.0309002952347208,0.07696403153750232
SOLUSDT,gate_no_range,development_2024_25,0.1714488897692141,-0.10477974515343723,0.06666914461580387,2.6992297286199118e-14,0.029655656255348082,0.03318886894689459,2178.5405561554408,1638.447173148802,0.7869896628033262,-0.6395063989281347
SOLUSDT,gate_no_range,reused_2026,0.16206054082413257,0.11693666245407545,0.2789972032782245,1.6486811915683575e-14,0.016230954719843,0.017680838923431034,1088.8035837807188,894.4296809882313,1.4884276947491293,1.3073879919198934
SOLUSDT,gate_no_range,year2024,0.1435197193119026,-0.08164265955566963,0.06187705975625124,1.8263168755083825e-14,0.014293245386752253,0.014696547973117924,1117.2457269198546,671.8527307710036,1.2845850814535982,-1.2151868380735504
SOLUSDT,gate_no_range,year2025,0.026301698676607935,-0.021788855296561927,0.004512843380054397,8.389122729823839e-15,0.014467221725387116,0.017414747596130837,999.4516968651735,910.2696338497749,0.2631612789202763,-0.23936704561274885
SOLUSDT,adaptive14,all,0.25221918405679306,-0.009006431144127346,0.24321275291266908,3.3861802251067274e-15,0.040762812513696525,0.04861690653919672,3008.0901909120457,2320.7251733442113,0.8384694874468535,-0.03880869328076835
SOLUSDT,adaptive14,development_2024_25,0.1119742307680654,-0.108648182819219,0.003326047948835731,1.0672018824209317e-14,0.025954156176687587,0.03185224580624992,2007.3746546983502,1512.4011708966316,0.5578143098797462,-0.7183820332194439
SOLUSDT,adaptive14,reused_2026,0.13978003817945275,0.09931143707351739,0.23909147525298405,1.3905543383430086e-14,0.014759565315067046,0.01670908551334821,997.3981421687625,805.644390574817,1.401446746988241,1.2326956934766213
SOLUSDT,adaptive14,year2024,0.14326755935008684,-0.07974199456269646,0.06352556478739335,2.9698465908722937e-15,0.012316131909651978,0.01396229695042711,1045.1948671242878,621.4211090844934,1.3707258221069158,-1.2832199195836151
SOLUSDT,adaptive14,year2025,-0.029424143262862874,-0.027179589483870153,-0.05660373274674591,1.2885525979555723e-14,0.012823409910002442,0.016821362314312718,904.707718771583,837.7608318143739,-0.3252336931845252,-0.3244313705261939
SOLUSDT,adaptive42,all,0.18326235485086045,-0.04031167513488519,0.14295067971599607,2.0816681711721685e-14,0.038894497361329494,0.0462034529943547,2871.054649965723,2204.4958863895363,0.638310228100494,-0.18286119463305764
SOLUSDT,adaptive42,development_2024_25,0.05512063089732916,-0.11970053744350621,-0.06457990654616041,1.6639467581569534e-14,0.025681659594121383,0.03073477469006228,1959.4351874851525,1454.3742951293686,0.2813087733107112,-0.8230380435378822
SOLUSDT,adaptive42,reused_2026,0.13698842354390242,0.08486974233736475,0.22185816588127155,4.385380947269368e-15,0.014125030945639109,0.016536611103977486,974.556211546205,801.9087856991649,1.4056492783167451,1.0583465831886212
SOLUSDT,adaptive42,year2024,0.10553541401686593,-0.08887165865142259,0.01666375536543674,6.6058269965196814e-15,0.012600123775229202,0.013849711150905027,1050.9233858988134,615.431894390793,1.0042160583057693,-1.4440535087866277
SOLUSDT,adaptive42,year2025,-0.04958845326537227,-0.030323574170303954,-0.07991202743565336,2.2870594307278225e-14,0.012867121257991603,0.01660830677797496,893.6207244447085,825.1916096261544,-0.5549161060044382,-0.3674731276538521
SOLUSDT,adaptive126,all,0.20895246738830683,-0.007263571143802508,0.20168889624449626,8.049116928532385e-15,0.04014292181975951,0.04746601701604447,3001.1265170616484,2302.0862581805977,0.6962467800020927,-0.031552124156907606
SOLUSDT,adaptive126,development_2024_25,0.07114041226668319,-0.09115996880843874,-0.020019556541780004,2.4452662117369073e-14,0.026141308726249392,0.03090228611190725,2036.0558877130095,1494.2651207756214,0.3494030428928517,-0.6100655602609579
SOLUSDT,adaptive126,reused_2026,0.1406273523533831,0.08561027745469796,0.22623762980809778,1.6708856520608606e-14,0.014287645418821117,0.01690210352125603,984.7856003565072,824.3237329862253,1.4279996813770826,1.0385516518439064
SOLUSDT,adaptive126,year2024,0.1324546970774294,-0.07555431726528507,0.05690037981210461,3.973210649377279e-14,0.012849414384014924,0.013381460679867976,1082.6877636271913,615.6983390978407,1.2233877718695487,-1.227132062366644
SOLUSDT,adaptive126,year2025,-0.05801330568321553,-0.014765489578050812,-0.07277879526125197,1.4363510381087963e-14,0.01257629819813055,0.016577556188554044,902.04161366212,831.2673535361695,-0.6431333633011938,-0.177626241608541
SOLUSDT,filtered_moe,all,0.21961646486391348,-0.03021230938056294,0.18940415548337652,2.5979218776228663e-14,0.020994811140305065,0.025628034491665744,2393.2925291103293,1764.4385829824666,0.9176331860508194,-0.1712290224888103
SOLUSDT,filtered_moe,development_2024_25,0.08322793861804316,-0.1212923231992219,-0.03806438458115713,2.160771561676711e-14,0.013506952061245466,0.015897613985287048,1579.883779591485,1121.4709045839797,0.5267978549635065,-1.081546767762258
SOLUSDT,filtered_moe,reused_2026,0.1417855042060009,0.09468410604487414,0.23646961025087945,4.413136522884997e-15,0.007784158273211723,0.01011545923699052,845.5958345659881,668.4103053181245,1.6767526329972278,1.4165566462924295
SOLUSDT,filtered_moe,year2024,0.04979027301216539,-0.027671513404991258,0.022118759607197447,2.3314683517128287e-14,0.00592399618196329,0.005861726901786002,733.3220133996937,416.5545424092026,0.6789687490947778,-0.6642950823426175
SOLUSDT,filtered_moe,year2025,0.03271407093509166,-0.09159484542697298,-0.05888077449188301,1.6930901125533637e-15,0.0074188599005817315,0.009818709410399492,828.242078755239,689.6618964763724,0.3949819958949378,-1.3281123097411978
SOLUSDT,kalman,all,0.3614405582545945,0.1084378013543359,0.46987835960895263,2.225997164373439e-14,0.10550971625695826,0.11077154109413082,4853.909443036538,4638.151876551111,0.7446380335198061,0.2337952793278716
SOLUSDT,kalman,development_2024_25,-0.002335404308941663,-0.02931181236772584,-0.031647216676664036,3.469446951953614e-15,0.06771582361757388,0.0699807283637698,3081.685268944431,2938.0891197756864,-0.007578334921079104,-0.09976488517803607
SOLUSDT,kalman,reused_2026,0.3756647048765389,0.14225147703847382,0.5179161819150322,1.942890293094024e-14,0.039029053553889456,0.04212391747392835,1830.1431096319318,1755.6233493137672,2.052652073487797,0.8102619339967007
SOLUSDT,kalman,year2024,0.1454232719648229,-0.1195029232790253,0.025920348685799732,2.123301534595612e-15,0.03154707352068542,0.032153834813408444,1451.6640156851142,1284.660850670961,1.001769489313891,-0.930229353658676
SOLUSDT,kalman,year2025,-0.1440254854707218,0.08791239108068567,-0.056113094390034875,1.2559397966072083e-15,0.035254930017930244,0.03687117971567429,1588.8380178318594,1611.6536446740345,-0.9064831270040988,0.5454794295983267
SOLUSDT,trend_ensemble_long,all,0.2938157200938025,0.0,0.2938157200937803,2.220446049250313e-14,0.04155385253491459,0.0,3596.448952407914,0.0,0.8169606297264013,0.0
SOLUSDT,trend_ensemble_long,development_2024_25,0.1041365011243647,0.0,0.10413650112434247,2.223221606811876e-14,0.026321682947091547,0.0,2416.2721734635834,0.0,0.43098001238449546,0.0
SOLUSDT,trend_ensemble_long,reused_2026,0.17178964627678495,0.0,0.17178964627678503,8.326672684688674e-17,0.01379554934766862,0.0,1068.86854817548,0.0,1.6072102277686406,0.0
SOLUSDT,trend_ensemble_long,year2024,0.10826078446348138,0.0,0.10826078446346021,2.1163626406917047e-14,0.012567133690563281,0.0,1194.8763724515015,0.0,0.9060417207963123,0.0
SOLUSDT,trend_ensemble_long,year2025,-0.0037214014940655333,0.0,-0.0037214014940665976,1.0642528525117712e-15,0.012410932020108628,0.0,1102.0833887967926,0.0,-0.03376696837912057,0.0
SOLUSDT,regime_gate_long,all,0.3189882663666706,0.0,0.3189882663666834,1.2823075934420558e-14,0.04583871640335227,0.0,3431.2787687189775,0.0,0.9296483552275197,0.0
SOLUSDT,regime_gate_long,development_2024_25,0.12569423195174062,0.0,0.12569423195175067,1.0047518372857667e-14,0.02977677630191605,0.0,2328.3273479713002,0.0,0.539847766944195,0.0
SOLUSDT,regime_gate_long,reused_2026,0.17171095749490775,0.0,0.1717109574949103,2.55351295663786e-15,0.014268475084559775,0.0,979.7966352153711,0.0,1.7525163010706157,0.0
SOLUSDT,regime_gate_long,year2024,0.15023263355613567,0.0,0.1502326335561377,2.0261570199409107e-15,0.014210124380980304,0.0,1177.0122290543493,0.0,1.2763897421595827,0.0
SOLUSDT,regime_gate_long,year2025,-0.021333424985979038,0.0,-0.021333424985972127,6.9111383282915995e-15,0.013533481373075655,0.0,1000.9411012426824,0.0,-0.21313366949856782,0.0
SOLUSDT,expanding_tree,all,0.12688294236847003,-0.11949901500110283,0.007383927367322185,4.50195436485501e-14,0.05093540932933339,0.02104773105887404,4577.8565390802005,774.9612631871522,0.27716670735593607,-1.541999847962
SOLUSDT,expanding_tree,development_2024_25,0.2837333979762237,-0.08372072999452186,0.20001266798166917,3.269606807521086e-14,0.03892408913143677,0.01190807315770343,3716.4093931002553,353.7393754732637,0.7634610936647409,-2.3667348279368925
SOLUSDT,expanding_tree,reused_2026,-0.13070733317471078,-0.02981492275973834,-0.16052225593445943,1.0297318553398327e-14,0.01000932783326259,0.007616301181672379,717.865043398945,351.0145342235028,-1.820778632092714,-0.8493928271572417
SOLUSDT,expanding_tree,year2024,0.12849346967266886,-0.05033255424159485,0.07816091543107007,3.941291737419306e-15,0.017699578292645818,0.0057018096594850754,1779.88788228644,180.50977685276004,0.7219188969790976,-2.788356127804124
SOLUSDT,expanding_tree,year2025,0.14398586155526402,-0.030967711104216533,0.1130181504510209,2.65898414397725e-14,0.01968584701505802,0.005756342498964514,1796.1340307346943,160.67137673159215,0.8016431908278456,-1.927394395577335
SOLUSDT,rolling_tree,all,-0.07400954824686565,-0.17302583071205474,-0.24703537895888328,3.710920459809586e-14,0.05950005747392768,0.04984862975846986,4952.090214403321,2932.614897621857,-0.14945113082069142,-0.5900052913608481
SOLUSDT,rolling_tree,development_2024_25,0.15617217898615848,-0.032695652411556454,0.12347652657462471,2.2676305277968822e-14,0.0460215850411261,0.026280987439004883,4310.627527618587,1082.8995827247625,0.362295693574889,-0.3019269093195931
SOLUSDT,rolling_tree,reused_2026,-0.20488343262037417,-0.12490708526715,-0.32979051788751146,1.2712053631958042e-14,0.011997110855440996,0.020977422991934263,570.962251201183,1646.4209719954756,-3.5883884125324057,-0.75865824957126
SOLUSDT,rolling_tree,year2024,0.1464307483346721,-0.05572282825314875,0.09070792008154238,1.9040324872321435e-14,0.018370953065001566,0.005968714221967852,2280.8773852130766,222.9194341026332,0.6419930737354946,-2.499684627204539
SOLUSDT,rolling_tree,year2025,0.00893129175293619,0.021112137738828148,0.03004342949176762,3.282096816548119e-15,0.02535108755243783,0.01862301798956266,1860.9474681854017,788.4605335568084,0.04799325024281872,0.26776403941982496
SOLUSDT,action_tcn,all,-0.1476895119023408,-0.18499026753651954,-0.3326797794389019,4.157785227221211e-14,0.07500126132930882,0.0641734128527462,5400.5669726195265,2930.5154132572884,-0.2734703831118393,-0.6312550573856275
SOLUSDT,action_tcn,development_2024_25,0.0902769243278573,-0.0977804066620138,-0.007503482334206724,5.022371407648052e-14,0.057545193335126796,0.050661179582202946,4202.932273369013,2171.944394020367,0.2147950965088775,-0.4501975599891757
SOLUSDT,action_tcn,reused_2026,-0.23976551251772688,-0.0878691857575587,-0.3276346982752769,8.659739592076221e-15,0.01758803953814985,0.013614388594855793,1206.6890693653766,764.3059756229369,-1.9869701201803764,-1.1496598032737104
SOLUSDT,action_tcn,year2024,0.18190148676164458,-0.0218527492419055,0.16004873751972126,1.7819079545233762e-14,0.01907970559872471,0.011916993973044538,2073.648338481036,498.0002777757131,0.8772050852889015,-0.4388099809805214
SOLUSDT,action_tcn,year2025,-0.07898337325868576,-0.06545212710842453,-0.14443550036713826,2.7977620220553945e-14,0.03315851006281376,0.033398756755683066,1835.5124797950814,1442.994645055761,-0.43030692587556557,-0.45358537769137247
SOLUSDT,vol_long,all,0.2776715854968591,0.0,0.2776715854969094,5.029310301551959e-14,0.0015788167630164899,0.0,18354.143197237714,0.0,0.15128550677247005,0.0
SOLUSDT,vol_long,development_2024_25,0.3440427303143183,0.0,0.3440427303143583,3.9968028886505635e-14,0.0010203941994778448,0.0,13347.451225251303,0.0,0.2577591215792892,0.0
SOLUSDT,vol_long,reused_2026,-0.04938172226260678,0.0,-0.049381722262598994,7.78543896018391e-15,0.0004154797693136109,0.0,3725.0988075471337,0.0,-0.13256486556157465,0.0
SOLUSDT,vol_long,year2024,0.4712456167985741,0.0,0.4712456167985919,1.7819079545233762e-14,0.0005310168700395982,0.0,5886.825067588998,0.0,0.8005089524285405,0.0
SOLUSDT,vol_long,year2025,-0.08645931381671475,0.0,-0.08645931381669987,1.4876988529977098e-14,0.0003326278928892404,0.0,5070.9589700573015,0.0,-0.17049894177262048,0.0
SOLUSDT,hold,all,0.1428074696132066,0.0,0.14280746961319135,1.5237811012980274e-14,0.0004285672233657669,0.0,33521.82862615279,0.0,0.04260133634290828,0.0
SOLUSDT,hold,development_2024_25,0.21688116946936814,0.0,0.216881169469346,2.2148949341271873e-14,0.0001999600079999101,0.0,27879.25224544498,0.0,0.07779303675721899,0.0
SOLUSDT,hold,reused_2026,-0.06087176111736821,0.0,-0.060871761117362415,5.793976409762536e-15,0.00018786322042073112,0.0,4636.916506127225,0.0,-0.13127637954432048,0.0
SOLUSDT,hold,year2024,0.8482762472867813,0.0,0.8482762472867982,1.687538997430238e-14,0.00019996000799954106,0.0,13334.063824260173,0.0,0.6361723316063751,0.0
SOLUSDT,hold,year2025,-0.3416129373216138,0.0,-0.3416129373216352,2.142730437526552e-14,1.996586927399e-16,0.0,7869.596572772393,0.0,-0.4340920581666696,0.0
TRXUSDT,trend24,all,0.6374981052366855,-0.6471134402590529,-0.009615335022367,4.440892098500626e-16,0.1723172696062078,0.16287000853690142,8327.014710570778,6784.530533928781,0.7655782142757713,-0.9538072487446275
TRXUSDT,trend24,development_2024_25,0.6232205558025186,-0.6731041498243128,-0.04988359402178699,7.216449660063518e-15,0.12992288141825856,0.12452242353256314,6220.0172472493605,5268.151347573912,1.0019595300609843,-1.2776856726682513
TRXUSDT,trend24,reused_2026,0.015027158087505226,0.027355289732630888,0.04238244782012887,7.244205235679146e-15,0.044620204346751804,0.0403609334214755,2217.620335849386,1595.9930560231162,0.06776253736755879,0.17139980421214737
TRXUSDT,trend24,year2024,0.9607183440127752,-0.0886913501112852,0.872026993901498,7.993605777301127e-15,0.059518211569002576,0.05718636563849973,3222.8779921482746,2555.241686924643,2.98093302431343,-0.3470957387910712
TRXUSDT,trend24,year2025,-0.18028468035435546,-0.3121818230275895,-0.4924665033819453,3.3306690738754696e-16,0.03760878987248223,0.035969597721306416,1601.0128405545784,1449.1829815954125,-1.126066423626598,-2.154191892896141
TRXUSDT,trend72,all,0.6850718356031715,-0.5794529723830425,0.1056188632201358,6.772360450213455e-15,0.10876316350449106,0.09366253709555979,9986.00950209418,7253.67326656422,0.6860316280086697,-0.7988407405307719
TRXUSDT,trend72,development_2024_25,0.6818998418225349,-0.4871449017403976,0.19475494008214178,4.440892098500626e-15,0.07985486156305234,0.07369191921206547,7263.977154187297,5622.744166702043,0.9387417214403764,-0.8663828324704429
TRXUSDT,trend72,reused_2026,0.0026549325507860036,-0.0772610914136907,-0.07460615886290263,2.067790383364354e-15,0.024196009551089373,0.016715241940846268,2278.3185543637424,1365.0741630330049,0.011653034847567384,-0.5659845706992747
TRXUSDT,trend72,year2024,1.0805588199951832,-0.1018624426625016,0.9786963773327142,3.26405569239796e-14,0.03435694308333124,0.03296550067568994,3766.198011821562,2653.1291849366667,2.86909720785647,-0.38393321833265037
TRXUSDT,trend72,year2025,-0.201475568833881,-0.1947153001802416,-0.3961908690141368,1.4210854715202004e-14,0.022993885772941258,0.020582449638521506,1767.718980251406,1500.7936618191118,-1.1397488576223074,-1.2974155284226563
TRXUSDT,trend168,all,0.9154315801145358,-0.26928580253637724,0.6461457775781088,4.984901380566953e-14,0.08001012166094114,0.06028194346252437,12977.738348163846,8077.994110783898,0.7053860661661865,-0.333357265236042
TRXUSDT,trend168,development_2024_25,0.7753065871411695,-0.3246044576582033,0.4507021294829374,2.881028748902281e-14,0.056091706297686034,0.04406613050106998,8613.530721161627,5621.044961031362,0.9001031194286042,-0.5774806284393145
TRXUSDT,trend168,reused_2026,0.09659115412156333,0.038132331922296696,0.1347234860438454,1.4627188349436437e-14,0.016487475186777425,0.01117790663699796,3008.341642510529,1693.6275888891455,0.3210777418250802,0.22515181125094794
TRXUSDT,trend168,year2024,1.157587600212925,0.026292965178156096,1.183880565391091,9.992007221626409e-15,0.02475447157145529,0.014895658206409515,4630.894078631228,2538.788361383937,2.499706494161659,0.10356501383921324
TRXUSDT,trend168,year2025,-0.17504666653018008,-0.16067610491030693,-0.33572277144050483,1.7819079545233762e-14,0.014349335409108717,0.013357173811122126,1823.651304766836,1411.3668341086468,-0.9598691705625203,-1.138443252506939
TRXUSDT,trend336,all,1.0334908601411288,-0.2990705743672068,0.7344202857740294,1.0746958878371515e-13,0.06204650911964869,0.040630684730296934,14593.349430534128,7893.952201218584,0.7081930471552493,-0.378860381648928
TRXUSDT,trend336,development_2024_25,0.9763729369620262,-0.28153544328927627,0.6948374936728241,7.416289804496046e-14,0.04004844205654414,0.028969921485495813,9556.721616219142,5806.772860670581,1.0216609588218828,-0.4848397725285983
TRXUSDT,trend336,reused_2026,0.033701120840396726,-0.010346202006618808,0.02335491883379733,1.941155569618047e-14,0.012979455048184764,0.0068801659677303235,2971.7467504216484,1231.4923102302548,0.11340509024066407,-0.08401353317979189
TRXUSDT,trend336,year2024,1.089357725809815,0.058508746627044,1.1478664724369088,4.973799150320701e-14,0.014383091678087283,0.009322806643938454,5020.26790474658,2338.306525099392,2.169919507243519,0.2502184636573985
TRXUSDT,trend336,year2025,-0.05260326482008891,-0.15831719256296028,-0.21092045738303775,1.1463052729254741e-14,0.011949229948795504,0.009147270136986818,2112.074362949401,1614.842626430108,-0.24905971940604976,-0.9803877478324196
TRXUSDT,trend_ensemble,all,0.6257178423994075,-0.383395478358552,0.24232236404084717,8.382183835919932e-15,0.10913501235246574,0.08231907093063705,8131.343545185115,5109.924896986876,0.7695134745228167,-0.7502957207543801
TRXUSDT,trend_ensemble,development_2024_25,0.6318875173330665,-0.416173514086272,0.21571400324681966,2.5202062658991053e-14,0.07812972263883741,0.0636621116017662,5722.748476264492,3871.4657351584015,1.104167901059893,-1.0749766175297022
TRXUSDT,trend_ensemble,reused_2026,-0.0050749394324499575,0.026961962797318557,0.021887023364840982,2.761679773755077e-14,0.0255037694974494,0.015346503601211725,1981.2184958698865,1018.7093004776689,-0.02561524356364199,0.26466787713311535
TRXUSDT,trend_ensemble,year2024,1.021123847322387,-0.024592942348349828,0.9965309049740467,9.658940314238862e-15,0.0358521951615727,0.025580511195223896,3046.7462736654306,1726.1047752464572,3.35152242951268,-0.14247653271707328
TRXUSDT,trend_ensemble,year2025,-0.1949563260050713,-0.19613048351135456,-0.3910868095164182,7.605027718682322e-15,0.021175493638458994,0.01907388476264901,1340.325960360652,1074.544328147944,-1.4545441315828342,-1.8252432996356682
TRXUSDT,breakout,all,0.8389747225380867,-0.39399364212413207,0.44498108041396867,1.404432126150823e-14,0.1698529458095514,0.13812168358907556,10025.917735328956,6685.450825972078,0.8368059111254612,-0.5893299530280287
TRXUSDT,breakout,development_2024_25,0.8294831512205909,-0.4247451624435507,0.40473798877704437,4.163336342344337e-15,0.11674111179087895,0.10178165052027656,7032.823160427647,4848.409627089371,1.1794454834125991,-0.8760504889487576
TRXUSDT,breakout,reused_2026,0.006756826819896175,0.021891285467541707,0.028648112287444915,7.032568971609976e-15,0.03780906791373332,0.025869616511500763,2130.71376926816,1307.7465075761381,0.03171156500395149,0.16739700959413326
TRXUSDT,breakout,year2024,1.0728722951571101,-0.01652084252016884,1.0563514526369553,1.3988810110276972e-14,0.048833626515687574,0.03758352186113194,3288.2744035784785,2109.085392384843,3.2627213044919614,-0.07833178580544782
TRXUSDT,breakout,year2025,-0.11835970141407971,-0.1985187499928073,-0.31687845140689186,4.829470157119431e-15,0.03302328752612325,0.031219434098592604,1820.967302086109,1332.1284312522375,-0.6499825739786007,-1.4902373174799233
TRXUSDT,range_only,all,0.03370323726084308,-0.4957407337693583,-0.4620374965084846,3.064215547965432e-14,0.03495437623484833,0.039856665068267606,2063.7795032914705,2935.70855481234,0.16330832439749804,-1.6886578640673262
TRXUSDT,range_only,development_2024_25,0.055328040615587416,-0.48153335819983195,-0.4262053175842131,3.141931159689193e-14,0.027156414379639976,0.02845516264629153,1596.192171197853,2180.0624555397058,0.34662518469857434,-2.208805334802307
TRXUSDT,range_only,reused_2026,-0.03768735406138602,-0.02476038207553722,-0.06244773613692456,1.3183898417423734e-15,0.013590160547283956,0.019870352185861234,814.9035646774973,1316.9276788889333,-0.4624762449812206,-0.1880162629463987
TRXUSDT,range_only,year2024,-0.024133142541776276,-0.5123970180591189,-0.5365301606008723,2.275957200481571e-14,0.015344644842717138,0.017082545616901892,985.6882354382263,1454.7885779533526,-0.24483545277424296,-3.522140782683192
TRXUSDT,range_only,year2025,0.17144844475830906,0.06659259618554797,0.23804104094387582,1.8790524691780774e-14,0.02548551929988882,0.024537987291975316,1317.2463100320047,1564.8782637650063,1.3015670907754788,0.4255448984595776
TRXUSDT,down_rebound,all,0.8035727550402989,-0.40930026141001963,0.39427249363029704,1.7763568394002505e-14,0.1316678962011315,0.12059143186091852,10742.920305539068,4573.740697368348,0.7480021560115041,-0.8948917057005963
TRXUSDT,down_rebound,development_2024_25,0.6735675989928999,-0.43175508565645754,0.2418125133364568,1.4488410471358293e-14,0.09399807377259241,0.09234839817496715,7309.783638129953,3408.541396766835,0.9214603774034785,-1.266685762027118
TRXUSDT,down_rebound,reused_2026,0.10468984218729269,0.018082298257816053,0.12277214044511138,2.6367796834847468e-15,0.030334548914577472,0.022743395949577777,2764.617549379566,938.3053303842928,0.378677485465529,0.19271230453748203
TRXUSDT,down_rebound,year2024,0.9739623040270455,-0.0027627431480182485,0.9711995608790478,2.0539125955565396e-14,0.04203917248260795,0.03278460607358563,3906.7016533030874,1480.2804286940636,2.4930552431705855,-0.01866364706622246
TRXUSDT,down_rebound,year2025,-0.1523918283038708,-0.2176300923672751,-0.3700219206711491,3.164135620181696e-15,0.02635902641273603,0.03021702788672463,1726.4015538382498,978.2170239591935,-0.8827136882787393,-2.22476288018837
TRXUSDT,selected_trend,all,0.7452551343547451,-0.4186057177007148,0.3266494166540641,3.3806291099836017e-14,0.11114422252896315,0.09534278105029804,10553.935948727676,7370.384464350391,0.7061395274476617,-0.5679564203542669
TRXUSDT,selected_trend,development_2024_25,0.6867978402306167,-0.47594033345239345,0.21085750677826365,4.035660694512444e-14,0.09573881581600716,0.08623321582690761,7197.85192635813,5750.677604070501,0.9541705598521714,-0.8276247882780088
TRXUSDT,selected_trend,reused_2026,0.048277599797573456,0.0473504235062548,0.09562802330382271,5.537237335317968e-15,0.012722724702715236,0.007523234709613603,2771.658930619426,1337.652738834197,0.1741830470706008,0.35398143428108303
TRXUSDT,selected_trend,year2024,1.0472869961272653,0.060019005946928085,1.1073060020742074,1.3988810110276972e-14,0.02883906780759273,0.023226793015525344,4160.558040202647,2508.474950594059,2.5171791524298874,0.23926492043587813
TRXUSDT,selected_trend,year2025,-0.17106635464513537,-0.2543338930709543,-0.42540024771607704,1.2601031329495527e-14,0.03174657498368316,0.029899038274159268,1441.3160135100914,1538.5533236678307,-1.186876112120138,-1.6530716820697222
TRXUSDT,selected_breakout,all,0.460497834647531,-0.3645521049162081,0.09594572973132598,3.0531133177191805e-15,0.10155875552442312,0.07616956018017237,9055.989454397208,5717.018511988482,0.5085008512503651,-0.6376612287536748
TRXUSDT,selected_breakout,development_2024_25,0.452122994483965,-0.37567623761445545,0.07644675686950508,4.440892098500626e-15,0.07963566181906231,0.06494367449123806,6471.284931547282,4402.673450868974,0.6986603113083177,-0.853291169119769
TRXUSDT,selected_breakout,reused_2026,0.007780078401575064,0.010334122544619148,0.018114200946201288,7.077671781985373e-15,0.020366166338887964,0.010428649273449591,2401.1447908177993,1221.0033173789764,0.03240153793026896,0.08463631832551058
TRXUSDT,selected_breakout,year2024,0.9004336961630707,-0.039546115134187446,0.860887581028875,8.215650382226158e-15,0.03206435109579377,0.024085468288383583,3367.858682227199,1974.4337930564518,2.6736089044199587,-0.20029091516393413
TRXUSDT,selected_breakout,year2025,-0.24091229704012385,-0.1806289245556808,-0.42154122159580254,2.1094237467877974e-15,0.025563774624669498,0.02195630011151141,1667.7129134282322,1304.882510135277,-1.444566958139652,-1.384254315255977
TRXUSDT,regime_gate,all,0.7152329456161505,-0.21312882417515994,0.5021041214410067,1.6209256159527285e-14,0.12322077024277545,0.10007749592331089,8090.589735981095,4279.123065974035,0.8840306689082394,-0.4980665918909404
TRXUSDT,regime_gate,development_2024_25,0.6857542086661083,-0.25830863811501364,0.42744557055107335,2.1260770921571748e-14,0.0828158161385574,0.07418689793558687,5389.145617308054,3121.23895050042,1.2724729620660187,-0.8275836685736596
TRXUSDT,regime_gate,reused_2026,0.020651391239150163,0.03165081378368201,0.052302205022858414,2.6242896744577138e-14,0.028305775672146635,0.018137712934111233,1892.5023653477263,811.1581550717952,0.1091221422878153,0.3901928814471527
TRXUSDT,regime_gate,year2024,1.0283717940000003,0.02767637800021256,1.05604817200022,7.105427357601002e-15,0.03712981346745651,0.02980037384863792,2838.53903025355,1348.9782913569159,3.6228911529468797,0.20516548099801762
TRXUSDT,regime_gate,year2025,-0.1666388900803709,-0.13909451150505223,-0.3057334015854369,1.3766765505351941e-14,0.02222029779908095,0.02158827049454181,1240.5383403897376,861.9742879950937,-1.3432788383470537,-1.6136735566507285
TRXUSDT,gate_no_range,all,0.7021089067136106,-0.23604757692889355,0.4660613297847358,1.8762769116165146e-14,0.12042851414621018,0.09520559747919714,8229.55176755702,4344.942906886934,0.8531557082871778,-0.5432696861326931
TRXUSDT,gate_no_range,development_2024_25,0.680177383342092,-0.27072290048314435,0.4094544828589535,5.828670879282072e-15,0.08178138299077072,0.07132351102690569,5552.919767902269,3200.656817222088,1.2249004339550238,-0.8458354517311544
TRXUSDT,gate_no_range,reused_2026,0.015560292040813165,0.02460194633878136,0.040162238379603685,9.159339953157541e-15,0.027419921413174817,0.016944205536775316,1899.0552956527115,811.8645217572143,0.08193701403236414,0.3030301938251035
TRXUSDT,gate_no_range,year2024,1.0387971103308555,0.046676196004398374,1.0854733063352602,6.217248937900877e-15,0.03636988006018441,0.02833457956877334,2906.7188378851474,1377.9893852119712,3.5737791243911885,0.338726818256429
TRXUSDT,gate_no_range,year2025,-0.17196083301538637,-0.1521952333426404,-0.3241560663580271,3.3306690738754696e-16,0.021775154250421258,0.02061351316631116,1268.873076427534,873.9826237397574,-1.3552248543214096,-1.741398847169289
TRXUSDT,adaptive14,all,0.7011752388715302,-0.24277609588466775,0.45839914298684414,1.8318679906315083e-14,0.11043509135641023,0.09212345010951756,7761.721681593936,4117.748909054945,0.9033759101853519,-0.5895845065997157
TRXUSDT,adaptive14,development_2024_25,0.6646264762044363,-0.29036153647910107,0.3742649397252853,4.9904524956900786e-14,0.07476913569638524,0.06803328151409163,5158.636516833197,2961.0769619121006,1.2883762483278036,-0.9805943587889777
TRXUSDT,adaptive14,reused_2026,0.02659513577811277,0.03462610390391361,0.06122123968204939,2.3016311079260277e-14,0.02595275090635332,0.017529493694455694,1894.165447661858,841.6659071387376,0.14040555861126905,0.41139962555482185
TRXUSDT,adaptive14,year2024,1.0053594710367468,0.006659324090425651,1.0120187951271462,2.6201263381153694e-14,0.034335502375752315,0.028127876880199652,2740.297104198505,1320.2645188954327,3.6687973340423574,0.05043931723619304
TRXUSDT,adaptive14,year2025,-0.16934881307148955,-0.1476233031663886,-0.31697211623788984,1.1712852909795402e-14,0.020096051497410478,0.019833514841182294,1201.9467305631547,815.5055245957478,-1.4089543967738374,-1.81020604660608
TRXUSDT,adaptive42,all,0.656986151049657,-0.19788198778793836,0.45910416326175585,3.7247982476174e-14,0.11049693825005379,0.09153370154952736,7671.254069790495,4078.2290442263625,0.8564260094537575,-0.4852154835886037
TRXUSDT,adaptive42,development_2024_25,0.6157663764588722,-0.24167813154816314,0.37408824491074744,3.835820550079916e-14,0.07572047758361011,0.06742681800621575,5082.351416136306,2912.7708034715215,1.2115777246410653,-0.8297190127699866
TRXUSDT,adaptive42,reused_2026,0.029997909336210195,0.0318728756485865,0.06187078498479589,8.049116928532385e-16,0.025308753491812712,0.01754391221422423,1884.0876219142294,848.1684091770561,0.15921716690507406,0.3757847534018801
TRXUSDT,adaptive42,year2024,0.9607909473141739,0.03229173373457341,0.9930826810487794,3.2085445411667024e-14,0.03441313853891362,0.027762461253749964,2705.618650723731,1303.9468854741215,3.551095225696977,0.2476460820168452
TRXUSDT,adaptive42,year2025,-0.17311101748862037,-0.1374603612222304,-0.3105713787108476,3.164135620181696e-15,0.02072535145554532,0.01990100919024294,1192.4908023193082,807.2038020775041,-1.451675913574612,-1.702920140718466
TRXUSDT,adaptive126,all,0.6616620341690852,-0.15330290728674636,0.5083591268823169,2.19824158875781e-14,0.114683251576381,0.09293767680466335,7819.951258147226,4022.1400044669845,0.8461204070546242,-0.38114761573811035
TRXUSDT,adaptive126,development_2024_25,0.628818629927045,-0.1969608823979258,0.43185774752906636,5.2791104820926193e-14,0.07701993348267057,0.06837649210774602,5136.981810741739,2862.7510481478007,1.224101336337511,-0.688012611244556
TRXUSDT,adaptive126,reused_2026,0.022937616742108365,0.030490441656316255,0.05342805839844615,2.153138778382413e-14,0.026303812762619335,0.01715336927799021,1873.768153320708,809.7095946297195,0.12241438035681268,0.3765602119394367
TRXUSDT,adaptive126,year2024,0.961113812253263,0.02655053069488883,0.9876643429480976,5.417888360170764e-14,0.033541175467983325,0.02712349839741299,2689.91759129298,1266.540217978563,3.5730232605054577,0.20963037981742333
TRXUSDT,adaptive126,year2025,-0.167178720846478,-0.11244927438870451,-0.2796279952351817,7.771561172376096e-16,0.02187429591366502,0.020754507096075736,1231.1254805825413,803.0585424708796,-1.3579340488296348,-1.4002624770383056
TRXUSDT,filtered_moe,all,0.4553598499760845,-0.24612846949202666,0.209231380484038,1.9817480989559044e-14,0.056441186610636726,0.04306106248292586,5513.306717609583,2552.8322465774095,0.8259287453057136,-0.9641388298115237
TRXUSDT,filtered_moe,development_2024_25,0.4391080647256891,-0.2541924263724206,0.1849156383532471,2.1371793224034263e-14,0.03882522373721874,0.031950136522287835,3606.6835918874,1864.125996642043,1.2174842997411401,-1.3636011022340335
TRXUSDT,filtered_moe,reused_2026,0.013715563137458031,0.006805511396238235,0.020521074533697645,1.3773704399255848e-15,0.014866849844179629,0.009376976386335478,1609.0792154384415,581.2280871678811,0.08523858245052787,0.11708848120879851
TRXUSDT,filtered_moe,year2024,0.6688914300129242,-0.03101095088228459,0.6378804791306556,1.5987211554602254e-14,0.016203832175112242,0.010082075414451008,1752.363863590226,705.9874858835213,3.817080709724897,-0.4392563820515225
TRXUSDT,filtered_moe,year2025,-0.14029312163803204,-0.1362623697723017,-0.27655549141035646,2.270406085358445e-14,0.013811381141872657,0.013351438878765946,1132.1459361194652,707.0958629247672,-1.2391787768889555,-1.9270706691547932
TRXUSDT,kalman,all,0.6755528199984868,-0.5925433724545973,0.08300944754389827,8.770761894538737e-15,0.21368510725974596,0.1960780656052167,9695.296200615885,7435.1841836852,0.6967840961430068,-0.796945116376266
TRXUSDT,kalman,development_2024_25,0.7024040940437304,-0.5744905177769867,0.12791357626674227,1.4432899320127035e-15,0.1555885543104051,0.1490381817817067,7134.511511516405,5678.819005921927,0.9845160287567296,-1.0116373090565176
TRXUSDT,kalman,reused_2026,-0.023806144912376873,-0.016005530084462028,-0.0398116749968302,8.701372955499664e-15,0.05150798267863171,0.04170521998609715,2270.3731411544563,1557.1806339778545,-0.10485564897174457,-0.10278531427388438
TRXUSDT,kalman,year2024,1.059633859498957,-0.09080756296752515,0.9688262965314491,1.7319479184152442e-14,0.06561998429413012,0.06221728777337595,3433.7744117578063,2548.3858627165773,3.0859157662500976,-0.3563336474905898
TRXUSDT,kalman,year2025,-0.1814430079913963,-0.24567071034229032,-0.4271137183336958,9.2148511043888e-15,0.045696550363419984,0.0440977927617516,1879.6666350293667,1589.9996605695198,-0.9652935505160016,-1.5450991370293365
TRXUSDT,trend_ensemble_long,all,0.594309759292968,0.0,0.5943097592930173,4.929390229335695e-14,0.1229263360264453,0.0,9315.873634290774,0.0,0.63795386522352,0.0
TRXUSDT,trend_ensemble_long,development_2024_25,0.5997143869577226,0.0,0.5997143869577535,3.086420008457935e-14,0.08284403936070152,0.0,6160.124511661918,0.0,0.9735426383385355,0.0
TRXUSDT,trend_ensemble_long,reused_2026,-0.0033784953794362893,0.0,-0.0033784953794248024,1.1486905177049422e-14,0.025055908099926524,0.0,1972.6953438421478,0.0,-0.01712629063571527,0.0
TRXUSDT,trend_ensemble_long,year2024,1.0148379948554807,0.0,1.0148379948555126,3.197442310920451e-14,0.034481024624093415,0.0,2993.212835627026,0.0,3.3904638613608302,0.0
TRXUSDT,trend_ensemble_long,year2025,-0.20603324384277716,0.0,-0.2060332438427777,5.551115123125783e-16,0.024003426012460263,0.0,1571.7946972019445,0.0,-1.3108152369361632,0.0
TRXUSDT,regime_gate_long,all,0.7124312213560097,0.0,0.7124312213559649,4.474198789239381e-14,0.13002195881869505,0.0,8774.369055862602,0.0,0.8119458126507663,0.0
TRXUSDT,regime_gate_long,development_2024_25,0.6770544425846388,0.0,0.6770544425846106,2.8199664825478976e-14,0.08350500403793278,0.0,5624.013336851556,0.0,1.2038635081965656,0.0
TRXUSDT,regime_gate_long,reused_2026,0.02109459172765412,0.0,0.02109459172764425,9.870576578308032e-15,0.02773729558181317,0.0,1878.5053359125557,0.0,0.112294553144863,0.0
TRXUSDT,regime_gate_long,year2024,1.0265656162388974,0.0,1.0265656162388876,9.769962616701378e-15,0.03547920063633286,0.0,2792.637896875222,0.0,3.6759710859311796,0.0
TRXUSDT,regime_gate_long,year2025,-0.17246477037487593,0.0,-0.172464770374885,9.076073226310655e-15,0.02369812406603998,0.0,1397.129911456357,0.0,-1.2344218598476646,0.0
TRXUSDT,expanding_tree,all,0.7203572417167146,-0.1317910005718679,0.5885662411448698,2.3092638912203256e-14,0.08329622759917248,0.023703927300904423,18856.16192495583,1313.709684183352,0.38202750092177196,-1.0031972981442534
TRXUSDT,expanding_tree,development_2024_25,0.546065178689627,-0.11468019975776453,0.43138497893185823,4.218847493575595e-15,0.06580362889382818,0.02135808071543106,11541.143617820677,1241.5108379348137,0.47314650676944003,-0.9237148501138247
TRXUSDT,expanding_tree,reused_2026,0.12176463047498887,-0.011954017309076385,0.10981061316593167,1.9192980538207394e-14,0.012220750505847693,0.0016388648896007735,5110.447863295198,50.43985182966999,0.2382660653864405,-2.369954881993672
TRXUSDT,expanding_tree,year2024,0.3568110992800122,-0.08837567466909618,0.2684354246109055,1.049160758270773e-14,0.03235299863699181,0.01692898743391101,3670.9155291070183,1126.4496128064382,0.9719948510142088,-0.7845506240524767
TRXUSDT,expanding_tree,year2025,0.1492027703875181,-0.02073777235978514,0.12846499802773778,4.801714581503802e-15,0.026371567371746493,0.0034917767160899615,6204.673833615032,90.71114137613333,0.24046835399982344,-2.2861328878881664
TRXUSDT,rolling_tree,all,0.978358443648688,-0.3315148654851661,0.6468435781635531,3.1308289294429414e-14,0.11166375449009522,0.03995396979785189,18566.482690958164,2107.240807466725,0.5269487279489649,-1.573217756179017
TRXUSDT,rolling_tree,development_2024_25,0.8059524817488263,-0.2499523960792615,0.5560000856695884,2.353672812205332e-14,0.0723747799778412,0.02756320077972523,11628.988873411252,1734.4342487479987,0.6930546503415889,-1.4411177377273867
TRXUSDT,rolling_tree,reused_2026,0.11080074062185612,-0.05241803657793899,0.058382704043921915,4.7878367936959876e-15,0.025249982229497703,0.007963218724884957,4458.5433390651315,239.59289086947456,0.24851331970026078,-2.1877959895936683
TRXUSDT,rolling_tree,year2024,0.4811632158740741,-0.2510114495773484,0.23015176629670697,1.8762769116165146e-14,0.029083159383502845,0.01704147600867375,3379.6903746909206,1432.14874102904,1.423690227593933,-1.7526912001960737
TRXUSDT,rolling_tree,year2025,0.26402373656098477,0.000860912878477663,0.2648846494394971,3.4638958368304884e-14,0.0351920972520854,0.008553192426595019,6705.919322096585,245.73025540496528,0.39371743661007624,0.03503487501198712
TRXUSDT,action_tcn,all,0.9193547046206213,-0.13176257791524443,0.7875921267054862,1.092459456231154e-13,0.1903759740814498,0.1320509893294394,17866.939567976897,5169.254916693261,0.5145563408455192,-0.25489665346109897
TRXUSDT,action_tcn,development_2024_25,0.8197427431308633,-0.1761348462575257,0.6436078968734322,9.470202400052585e-14,0.1484909467750032,0.10191490919139497,12889.36350938372,3324.829153352797,0.6359838812320513,-0.52975608109039
TRXUSDT,action_tcn,reused_2026,0.060605672240469206,0.026996869768445845,0.08760254200892392,8.867906409193438e-15,0.02548358850436455,0.01833532206517811,3028.444964314066,1122.1811277793452,0.20012142520211265,0.2405749758229248
TRXUSDT,action_tcn,year2024,0.9409837299737911,-0.004778836742648758,0.9362048932311846,4.2299497238218464e-14,0.03674740951913946,0.016620367997772178,5037.740105691805,677.5677663302926,1.8678687471603321,-0.07052928105672648
TRXUSDT,action_tcn,year2025,-0.06261784962261831,-0.08850096914532324,-0.15111881876791436,2.7172708527700706e-14,0.05771266132345294,0.044052435510211554,4055.1614300431497,1367.2423803271622,-0.15441518347138158,-0.647295391210344
TRXUSDT,vol_long,all,2.2819681130700884,0.0,2.2819681130698517,2.3669954885008337e-13,0.0018760088616961031,0.0,51036.70304877978,0.0,0.4471229481436198,0.0
TRXUSDT,vol_long,development_2024_25,1.764161509262944,0.0,1.764161509262924,1.9984014443252818e-14,0.0012420962316715824,0.0,31961.303979135086,0.0,0.5519679392350889,0.0
TRXUSDT,vol_long,reused_2026,0.18732863549106407,0.0,0.1873286354909859,7.815970093361102e-14,0.0002293327028468595,0.0,6900.971236927196,0.0,0.2714525666889696,0.0
TRXUSDT,vol_long,year2024,1.4902212253618161,0.0,1.4902212253618186,2.4424906541753444e-15,0.0008466952900175389,0.0,10246.033381106114,0.0,1.4544372148053053,0.0
TRXUSDT,vol_long,year2025,0.11000640469656472,0.0,0.11000640469655583,8.895661984809067e-15,0.0001587814518754627,0.0,8720.217455729795,0.0,0.12615098792551646,0.0
TRXUSDT,hold,all,2.1481615117456885,0.0,2.148161511745694,5.329070518200751e-15,0.0008297182620055951,0.0,53756.558168063806,0.0,0.3996091983846332,0.0
TRXUSDT,hold,development_2024_25,1.6337483776981419,0.0,1.6337483776981174,2.4424906541753444e-14,0.00019996000800282575,0.0,34806.170617042255,0.0,0.46938469493630663,0.0
TRXUSDT,hold,reused_2026,0.19531597566550427,0.0,0.19531597566551548,1.1213252548714081e-14,0.00023911101733764512,0.0,7195.215652143683,0.0,0.27145256668896844,0.0
TRXUSDT,hold,year2024,1.3576572318699525,0.0,1.357657231869926,2.6423307986078726e-14,0.00019996000799964975,0.0,11969.718060402121,0.0,1.1342432837756766,0.0
TRXUSDT,hold,year2025,0.11710402262724716,0.0,0.11710402262724828,1.124100812432971e-15,1.3471155252776296e-15,0.0,9686.078301775817,0.0,0.12089931443748256,0.0
XRPUSDT,trend24,all,1.0373239059804547,-0.31445446127151894,0.7228694447089277,7.993605777301127e-15,0.12068019905950648,0.13430258344244078,5398.82237727657,5771.0252386533575,1.9213892095181904,-0.5448849177878409
XRPUSDT,trend24,development_2024_25,0.6000947144434458,-0.3334194458967474,0.26667526854670065,2.275957200481571e-15,0.08096475322924457,0.08567559967495247,3571.6979955590746,3579.0083529324675,1.6801384528859458,-0.931597283430645
XRPUSDT,trend24,reused_2026,0.3451785965937874,0.014972254607123932,0.3601508512009033,8.049116928532385e-15,0.03135408641539895,0.03838946332573439,1442.4568214818123,1730.5278946796404,2.3929908434915306,0.08651842396273902
XRPUSDT,trend24,year2024,0.44949087595223913,-0.10500865826641884,0.344482217685806,1.432187701766452e-14,0.03613515672508923,0.037646591223112584,1567.0998667950862,1466.3785465964527,2.8682975825369943,-0.7161088008969435
XRPUSDT,trend24,year2025,0.11201623681600947,-0.1698875482514609,-0.057871311435439284,1.2150003225741557e-14,0.03334339116906908,0.03572305220556205,1490.9815112426024,1571.333394035055,0.7512919239531934,-1.0811680633554388
XRPUSDT,trend72,all,0.7151241108228629,-0.48680555522404106,0.22831855559885694,3.5138558729386205e-14,0.06365522977984463,0.07252882400590699,5282.833456460112,5913.152733521634,1.3536752894384234,-0.8232588893981087
XRPUSDT,trend72,development_2024_25,0.6747520418962355,-0.3371564396127879,0.33759560228346364,1.6042722705833512e-14,0.04415069977892044,0.047553558313735436,3858.2954751569614,3941.8941644331258,1.7488345468636912,-0.8553158089704155
XRPUSDT,trend72,reused_2026,0.030182567031251127,-0.11187919230280141,-0.08169662527153605,1.4224732503009818e-14,0.014581783887168302,0.018671761218065654,1064.9990018442522,1473.732842514803,0.2834046508868474,-0.7591551811513465
XRPUSDT,trend72,year2024,0.6657664577497624,-0.010286411075301455,0.6554800466744846,2.3647750424515834e-14,0.01949598994766538,0.019551576856177755,1690.6744683331244,1520.977162655013,3.9378749145372565,-0.0676302795851683
XRPUSDT,trend72,year2025,0.005427781606020371,-0.19744727772110618,-0.19201949611509045,4.6351811278100286e-15,0.014892785860380037,0.016914720001493133,1309.360998447633,1462.3655577373042,0.04145366795295951,-1.3501909743184415
XRPUSDT,trend168,all,0.6901361022184548,-0.23212089101037373,0.45801521120809197,1.0880185641326534e-14,0.030764422855572744,0.036847748678417024,4413.854279068552,5437.661654115772,1.5635679353784488,-0.42687630414570055
XRPUSDT,trend168,development_2024_25,0.5091142950318672,-0.373281065908246,0.13583322912363394,1.2712053631958042e-14,0.0191398560067793,0.02225828441339788,3067.573279904406,3283.748083216235,1.6596646553386742,-1.136753053061974
XRPUSDT,trend168,reused_2026,0.1593735792764728,0.1242789621560784,0.2836525414325495,1.7208456881689926e-15,0.010234395816859945,0.012844723935639577,1185.2805188688537,1896.3290698595029,1.3446064179690345,0.6553660128475809
XRPUSDT,trend168,year2024,0.4711351385186966,-0.22670292694665742,0.2444322115720563,1.712519015484304e-14,0.0093375375240453,0.009365517884463928,1409.7560355641288,1355.12548082552,3.3419622022059077,-1.6729294087847402
XRPUSDT,trend168,year2025,0.030519265059197307,-0.11778716236894915,-0.08726789730975568,3.83026943495679e-15,0.007876940496703315,0.010360360660101275,1332.187666731965,1549.8012543040338,0.2290913346620687,-0.760014627952044
XRPUSDT,trend336,all,0.9960962409192715,-0.7010380170526144,0.2950582238666255,3.164135620181696e-14,0.024243765792758606,0.032154865080704684,5019.432795249267,6533.099979783663,1.9844796843620356,-1.0730556997779614
XRPUSDT,trend336,development_2024_25,0.9910298854130329,-0.688664635132086,0.30236525028089956,4.7406523151494184e-14,0.015559477778689738,0.020728323352016055,3654.7125816895627,4101.974205160716,2.711649311024296,-1.678861447411525
XRPUSDT,trend336,reused_2026,0.0038901187705567683,-0.009500700297293278,-0.005610581526724583,1.1926223897340549e-14,0.006668089471978622,0.008773684437775119,1047.8782455730873,1866.7004314639003,0.03712376687836717,-0.050895688119826796
XRPUSDT,trend336,year2024,0.8543532800898198,-0.16575501791878308,0.6885982621710129,2.375877272697835e-14,0.006348035261734726,0.00874539452089438,1652.1161740319212,1708.5616654591443,5.171266364427666,-0.9701436083329161
XRPUSDT,trend336,year2025,0.08094086579687088,-0.30967082516181416,-0.22872995936495735,1.4072076837123859e-14,0.005455082314908909,0.007096376384821898,1185.9519534758522,1417.3960694620084,0.6824970063892134,-2.184786820238283
XRPUSDT,trend_ensemble,all,0.9411372335773154,-0.4594169833729689,0.48172025020434517,1.3322676295501878e-15,0.04966880686006846,0.06567341351722343,3605.9585037763627,4437.376876975244,2.609950260358525,-1.0353346044524672
XRPUSDT,trend_ensemble,development_2024_25,0.6493374199455912,-0.3636328136711545,0.2857046062744555,1.8762769116165146e-14,0.03376379728694601,0.04133892714069652,2541.4858662770966,2751.5810233021184,2.554951922265754,-1.3215413632805402
XRPUSDT,trend_ensemble,reused_2026,0.2269571192385028,-0.07449935952190843,0.15245775971657896,1.5404344466674047e-14,0.012370656133223232,0.01892696522807066,827.9293955271379,1311.1844240474495,2.7412617605393814,-0.5681836830545848
XRPUSDT,trend_ensemble,year2024,0.5284540350339842,-0.09097007785646676,0.43748395717754196,2.4480417692984702e-14,0.015120131195317446,0.01776655361767516,1151.718027529588,1085.712252684207,4.588397701540781,-0.8378838650071543
XRPUSDT,trend_ensemble,year2025,0.08409372800859503,-0.18968054179196064,-0.10558681378336968,4.066191827689636e-15,0.012969651590571393,0.016398355894910323,966.8058080288268,1158.8781650744795,0.869809917464704,-1.6367599934870647
XRPUSDT,breakout,all,1.336294424611551,0.1379248206062231,1.4742192452177503,2.375877272697835e-14,0.10153089681376512,0.12986034970683594,5494.130309279203,6818.8833448592695,2.4322219339330973,0.20226892532221438
XRPUSDT,breakout,development_2024_25,0.7195329314181066,0.08729824847399854,0.8068311798920651,4.007905118896815e-14,0.06257689198314813,0.0715720099534708,3628.1844269377834,3622.4297869982256,1.9831762852953925,0.24099362474141808
XRPUSDT,breakout,reused_2026,0.34134981732509617,0.02801953646563085,0.369369353790736,8.992806499463768e-15,0.02155929411896907,0.032259981121671326,1032.7173358016137,1769.093644959121,3.3053557395754796,0.15838356858875216
XRPUSDT,breakout,year2024,0.4939099371753932,-0.048049334042011546,0.44586060313337206,9.603429163007604e-15,0.02591829749146542,0.027795454666983233,1434.0749403187403,1251.8667401509485,3.4441013038385275,-0.38382147636750713
XRPUSDT,breakout,year2025,0.15604754272559765,0.0936103952363693,0.24965793796194588,2.1066481892262345e-14,0.025354169283151276,0.030277161706749576,1517.5110808497832,1639.551587276085,1.028312377384509,0.5709512037488955
XRPUSDT,range_only,all,0.006929728727017585,-0.49963647083480706,-0.4927067421078257,3.624878175401136e-14,0.029617780715955597,0.026200849010366865,1895.951769878531,1793.3262875774415,0.03655013190267786,-2.786087921065124
XRPUSDT,range_only,development_2024_25,0.03835054511202686,-0.3825410122033735,-0.3441904670913797,3.302913498259841e-14,0.021959336832000277,0.01974169493466998,1361.747098020756,1417.2841432800221,0.2816275148870727,-2.6991130467180593
XRPUSDT,range_only,reused_2026,-0.04791149687265584,-0.17855101634783557,-0.22646251322049646,5.051514762044462e-15,0.011677847758615056,0.009849131114409847,814.5728981530532,573.4014609845818,-0.5881793634589297,-3.1138918976810324
XRPUSDT,range_only,year2024,0.03763670972646736,-0.3077001264223077,-0.2700634166958745,3.419486915845482e-14,0.013852501864859364,0.012845960974233713,807.8135767992823,885.8267097462373,0.46590835815846865,-3.4735927810356335
XRPUSDT,range_only,year2025,0.0009779416484762566,-0.10253066840723572,-0.10155272675875787,1.5959455978986625e-15,0.011106218201099846,0.009447031588993791,758.8789682441214,728.0871320739863,0.012886661633791196,-1.4082197568191168
XRPUSDT,down_rebound,all,1.024826376487418,-0.19574708952211178,0.829079286965337,3.086420008457935e-14,0.08758201567536127,0.11750958149394938,5646.7145923421085,4606.776561669173,1.8149073407698952,-0.4249111866002608
XRPUSDT,down_rebound,development_2024_25,0.7353958964754523,-0.1732702233494,0.5621256731260775,2.5202062658991053e-14,0.05471903827965147,0.06866714482225053,3838.1078745467494,2689.6518459684216,1.9160375906899094,-0.644210601491485
XRPUSDT,down_rebound,reused_2026,0.1852798945636468,-0.014388641425841106,0.1708912531378094,3.7192471324942744e-15,0.02103734543325533,0.03126664999619198,1157.7856691747675,1227.2538302659482,1.600295283458711,-0.11724258723823304
XRPUSDT,down_rebound,year2024,0.7009840634966534,-0.003718284722496242,0.6972657787741652,7.993605777301127e-15,0.019696794991726274,0.023732473886863174,1545.3721481292707,908.4134547265944,4.536021076510407,-0.040931634193103576
XRPUSDT,down_rebound,year2025,0.02027486408383993,-0.09989710553721351,-0.07962224145336352,1.0047518372857667e-14,0.020634507409452222,0.02647474043095419,1350.8407198744012,1049.4752286399778,0.15009070859016638,-0.9518767362110191
XRPUSDT,selected_trend,all,0.6398985556383504,-0.26774480750530905,0.37215374813306745,2.609024107869118e-14,0.05687673724640058,0.06646095842161452,4507.918047978655,5263.997049302484,1.4194990876670444,-0.5086340379707984
XRPUSDT,selected_trend,development_2024_25,0.46836403283726646,-0.4093221403716458,0.0590418924656404,1.9761969838327786e-14,0.0426277460899114,0.046382499220988437,3265.939192325945,3301.1288395286933,1.4340868131831497,-1.2399459708155023
XRPUSDT,selected_trend,reused_2026,0.161971423436065,0.13368435552319774,0.29565577895926876,5.995204332975845e-15,0.013454605769479957,0.01895907928049931,1172.738174465562,1853.4377381463914,1.3811388335668215,0.7212778329251806
XRPUSDT,selected_trend,year2024,0.647842166274768,-0.05472156874498672,0.5931205975298095,2.8199664825478976e-14,0.012492549846977197,0.012582406783513536,1397.8106726953317,1436.5894799776086,4.634691800038733,-0.38091305489609767
XRPUSDT,selected_trend,year2025,-0.11265822167875336,-0.22258237836889433,-0.33524060004765316,5.495603971894525e-15,0.01891582865080013,0.02121627985344183,1172.6221621434142,1170.369250414639,-0.9607376128115087,-1.9018132806380357
XRPUSDT,selected_breakout,all,0.7565295859282837,-0.10584155624583029,0.6506880296824629,9.43689570931383e-15,0.07581189609034081,0.08922013874304172,4706.58265520467,6098.418708157311,1.6073861681610802,-0.1735557384806253
XRPUSDT,selected_breakout,development_2024_25,0.5320583998988259,-0.22355571366089735,0.3085026862379152,1.3322676295501878e-14,0.05397700301684509,0.05997678549286793,3402.0334525321136,3402.3684812546308,1.5639422931094868,-0.6570590895506435
XRPUSDT,selected_breakout,reused_2026,0.17154812778782785,0.08996095969318019,0.26150908748102536,1.7319479184152442e-14,0.01668693026246156,0.022348714723889128,996.9786202145868,2060.4086298470756,1.7206801059676118,0.436617078719269
XRPUSDT,selected_breakout,year2024,0.4942031056547318,-0.14158263832973522,0.3526204673250042,7.605027718682322e-15,0.022917639158243328,0.02343167430532264,1384.7464103535358,1374.8275021351308,3.568906927359777,-1.0298211092653802
XRPUSDT,selected_breakout,year2025,0.027986634210081147,-0.060603160540129396,-0.03261652633006363,1.5383527784962325e-14,0.0229623642469539,0.027018008429089017,1491.3917768581782,1498.9725707235862,0.1876544758013809,-0.4042979953320624
XRPUSDT,regime_gate,all,0.9210817814487596,-0.2460004190398692,0.6750813624088934,2.886579864025407e-15,0.056636581572321334,0.0818509391716723,3427.709107651003,3617.8437466959963,2.6871643786598147,-0.6799641893449092
XRPUSDT,regime_gate,development_2024_25,0.6129694242358499,-0.19942425986029463,0.41354516437553657,1.865174681370263e-14,0.03620712002856257,0.048249334477069535,2359.454712498485,2110.0193611371596,2.597928330596188,-0.9451299999106086
XRPUSDT,regime_gate,reused_2026,0.21797135668390535,-0.03294989106354485,0.1850214656203758,1.529332216421153e-14,0.014452641527576445,0.02377115747090188,755.7271052067453,1066.696999543661,2.8842601407590727,-0.3088964446102408
XRPUSDT,regime_gate,year2024,0.5379070799142024,-0.0774683647209403,0.4604387151932614,6.661338147750939e-16,0.014279741434438635,0.018498052387251756,1032.2849384132744,815.4694145255397,5.210839177223873,-0.9499849208448035
XRPUSDT,regime_gate,year2025,0.051397120290469854,-0.08350634221800653,-0.03210922192754892,1.2247147740396258e-14,0.01501424083462637,0.02037146905262695,908.7473238543834,886.411687901817,0.5655820814137074,-0.9420717636933514
XRPUSDT,gate_no_range,all,0.8340691492012738,-0.2681300412166938,0.5659391079845857,5.662137425588298e-15,0.05229506526562559,0.07561118134634352,3333.6699738613993,3562.0397356730823,2.5019547697913516,-0.7527429818691453
XRPUSDT,gate_no_range,development_2024_25,0.5653629284489634,-0.21864968476341348,0.3467132436855722,2.2315482794965646e-14,0.034434687686972706,0.045107859123212884,2340.3550302089543,2106.4169676539354,2.415714373038889,-1.038017107348594
XRPUSDT,gate_no_range,reused_2026,0.1995274213068088,-0.03674156817368677,0.1627858531331098,1.2240208846492351e-14,0.013262197919561637,0.022650198448818756,737.5845959114679,1080.8706120952081,2.7051462627177485,-0.33992568363446635
XRPUSDT,gate_no_range,year2024,0.519675783554285,-0.09854949049399515,0.4211262930603057,1.582067810090848e-14,0.013819894230688214,0.01781482683789664,1039.583079647264,827.9348887238507,4.9988865125682285,-1.1903048396220606
XRPUSDT,gate_no_range,year2025,0.03214854662655928,-0.08451057084503726,-0.0523620242184737,4.28129753871076e-15,0.014505954577683475,0.01920521238583407,915.3105933748932,899.625941180044,0.3512310122842844,-0.9393967756663875
XRPUSDT,adaptive14,all,0.9925530952347439,-0.2900618126911471,0.7024912825435603,3.6415315207705135e-14,0.051134807444389085,0.07491913405101235,3325.380476287494,3374.2665517836795,2.9847805456019443,-0.8596292208682115
XRPUSDT,adaptive14,development_2024_25,0.6307620895501436,-0.23192999469399342,0.3988320948561026,4.75175454539567e-14,0.03370763204769644,0.04464314278974579,2361.397963390406,1993.6210299642878,2.6711384498888924,-1.1633604943370206
XRPUSDT,adaptive14,reused_2026,0.25863790730496333,-0.04155739506615599,0.21708051223881522,7.882583474838611e-15,0.012458375426741521,0.021643763660127494,689.1338255977413,986.9987448074801,3.7530868127192254,-0.4210481045167084
XRPUSDT,adaptive14,year2024,0.5994761724360194,-0.08707053472941063,0.51240563770659,1.8762769116165146e-14,0.012387844197425064,0.016709649882807532,1039.775261280173,744.8471621720192,5.765439848010456,-1.1689718260523099
XRPUSDT,adaptive14,year2025,0.020686194453471064,-0.09578082516556045,-0.07509463071210853,1.915134717478395e-14,0.014096606967559764,0.01846957734784471,873.8546519268073,825.687128279889,0.23672351469273528,-1.160013543690522
XRPUSDT,adaptive42,all,0.8341358046501179,-0.25919833644289114,0.5749374682072559,2.90878432451791e-14,0.049093839164412616,0.06887453543858132,3112.448241128184,3128.3190259648604,2.679998959108039,-0.8285546783801795
XRPUSDT,adaptive42,development_2024_25,0.5166256460403217,-0.21406571304920075,0.30255993299116857,4.7628567756419216e-14,0.032667900426866736,0.040952338013507256,2208.895463209581,1854.6788307506579,2.3388415370714353,-1.1541928958263914
XRPUSDT,adaptive42,reused_2026,0.24375857921613892,-0.03464917218054522,0.20910940703557943,1.426636586643326e-14,0.012610505145683187,0.021436401287850272,693.6746287318272,977.7977680377784,3.514018952398147,-0.3543592889363857
XRPUSDT,adaptive42,year2024,0.4815764736108088,-0.07465146772826724,0.4069250058825564,1.4876988529977098e-14,0.012712773022724552,0.0162172872717151,988.2081193352965,739.5173751703646,4.873229274160731,-1.0094619847311848
XRPUSDT,adaptive42,year2025,0.024911898134561062,-0.099091454582172,-0.07417955644758778,2.3162027851242328e-14,0.0141835046791456,0.017580930496203667,867.6278684154556,792.6232392754708,0.2871265324851487,-1.2501709472050115
XRPUSDT,adaptive126,all,0.9389591465278696,-0.24288903480048157,0.6960701117274046,1.6653345369377348e-14,0.05230731434132995,0.07102493160380763,3309.9570141998815,3252.9019784183333,2.8367714218030256,-0.7466841497590473
XRPUSDT,adaptive126,development_2024_25,0.5899116479236384,-0.19721678852326674,0.3926948594003763,4.6629367034256575e-15,0.034409617456616796,0.041225267441080175,2317.5329997977046,1903.522756942519,2.5454293335850284,-1.036062152679702
XRPUSDT,adaptive126,reused_2026,0.2506274050257594,-0.03279415154650523,0.21783325347926272,8.520961713998076e-15,0.01285112583270322,0.021397123685483903,712.5925738172572,968.8979695500483,3.5171206413671143,-0.3384685754036071
XRPUSDT,adaptive126,year2024,0.5261232952319735,-0.03937707932681548,0.48674621590515854,4.996003610813204e-16,0.01264332230952675,0.015424203569021959,995.6435277637469,740.7297068858506,5.284253656664313,-0.5315984894458087
XRPUSDT,adaptive126,year2025,0.04290466793139225,-0.10616452727969812,-0.06325985934830312,2.7478019859472624e-15,0.014640222328622724,0.01735404711042096,889.1157467847777,782.1059422362403,0.4825543590532977,-1.3574187529651887
XRPUSDT,filtered_moe,all,0.9083661860786112,-0.3130148847996672,0.5953513012790352,9.126033262418787e-14,0.027031202585524584,0.04104572490381196,2738.1882770802367,2573.4999025001484,3.3173985648905524,-1.216300356163115
XRPUSDT,filtered_moe,development_2024_25,0.6341591103972964,-0.21365789575415978,0.4205012146432232,8.654188476953095e-14,0.01712649949443228,0.02368627586967056,1905.24550747735,1494.9896597400311,3.3284902544499793,-1.429159689247038
XRPUSDT,filtered_moe,reused_2026,0.19303543907928672,-0.0699450222367196,0.12309041684257048,3.3584246494910985e-15,0.006972681887906722,0.012220650609229819,586.3724444699551,759.2462657844322,3.2920278041676903,-0.9212428877006638
XRPUSDT,filtered_moe,year2024,0.5811416872435503,0.003355768571890204,0.5844974558154716,3.108624468950438e-14,0.005551942968311007,0.00820653006170421,708.86875284916,518.3548851373587,8.198156356980956,0.06473882407804375
XRPUSDT,filtered_moe,year2025,0.033460087271935994,-0.13696056344524873,-0.10350047617327775,3.4985903063500245e-14,0.007304875425100858,0.009769498683101138,755.0512310620704,616.3687868467047,0.4431498936154353,-2.222055470166302
XRPUSDT,kalman,all,1.1731200620763536,0.016065038731144156,1.1891851008074843,1.3322676295501878e-14,0.14038855021641936,0.15784323754460838,5882.637586014414,6511.584549438645,1.994207606576631,0.024671473754462887
XRPUSDT,kalman,development_2024_25,0.609255988245759,-0.05172582982127355,0.5575301584244612,2.4202861936828413e-14,0.08696555989220099,0.09348285413561137,3688.7352860239284,3720.9293515361564,1.6516663327784449,-0.1390132005594757
XRPUSDT,kalman,reused_2026,0.3620244980687745,0.04352459449067252,0.40554909255945415,7.105427357601002e-15,0.03429981116915195,0.04132207845920717,1408.5777332297405,1791.7182423776699,2.570142133644874,0.24292097641933885
XRPUSDT,kalman,year2024,0.4823660412532762,-0.23646802017170082,0.24589802108155667,1.8707257964933888e-14,0.036443235897927626,0.03986810641516659,1542.9547772321046,1366.674200557687,3.126248729846698,-1.7302442679843326
XRPUSDT,kalman,year2025,0.10184617428184883,0.14828034656484482,0.25012652084668896,4.6629367034256575e-15,0.04055093044486517,0.04303301459127621,1722.2761995633361,1889.6050167370477,0.5913463491376748,0.7847160927890313
XRPUSDT,trend_ensemble_long,all,1.0695845680718394,0.0,1.0695845680718468,7.327471962526033e-15,0.05605207619956062,0.0,4242.57643624463,0.0,2.521073183111807,0.0
XRPUSDT,trend_ensemble_long,development_2024_25,0.6657809371176465,0.0,0.6657809371176542,7.66053886991358e-15,0.035986823437146744,0.0,2826.2726756522957,0.0,2.3556854328076686,0.0
XRPUSDT,trend_ensemble_long,reused_2026,0.24241100492655737,0.0,0.2424110049265571,2.7755575615628914e-16,0.012045553118847257,0.0,850.2341028364763,0.0,2.85110893714857,0.0
XRPUSDT,trend_ensemble_long,year2024,0.5447169351724631,0.0,0.5447169351724728,9.658940314238862e-15,0.014926048109880219,0.0,1181.5602282219409,0.0,4.610149547705875,0.0
XRPUSDT,trend_ensemble_long,year2025,0.07837293628924069,0.0,0.07837293628923943,1.2628786905111156e-15,0.013634067736115694,0.0,1064.7338745248608,0.0,0.7360800493382887,0.0
XRPUSDT,regime_gate_long,all,1.0487969772720835,0.0,1.0487969772720827,8.881784197001252e-16,0.05735356683608539,0.0,3769.488464887209,0.0,2.7823323696083144,0.0
XRPUSDT,regime_gate_long,development_2024_25,0.6415487964050792,0.0,0.6415487964050723,6.8833827526759706e-15,0.036105835230807744,0.0,2552.7847739721965,0.0,2.5131331201369296,0.0
XRPUSDT,regime_gate_long,reused_2026,0.2480877703781098,0.0,0.24808777037811358,3.774758283725532e-15,0.012943710020566766,0.0,741.1925210993089,0.0,3.3471434656431143,0.0
XRPUSDT,regime_gate_long,year2024,0.554466227111399,0.0,0.5544662271113887,1.0325074129013956e-14,0.013524540346388583,0.0,1059.6110349998953,0.0,5.232733605038889,0.0
XRPUSDT,regime_gate_long,year2025,0.05602088213618043,0.0,0.05602088213618264,2.213507155346406e-15,0.014526719519909543,0.0,960.5700741064119,0.0,0.5832045328738239,0.0
XRPUSDT,expanding_tree,all,0.4011886229638776,-0.10991541744577404,0.29127320551812663,2.3092638912203256e-14,0.059887311071042074,0.026431036077809264,5988.981895806292,1070.4670496324813,0.6698778355713594,-1.0267986995350376
XRPUSDT,expanding_tree,development_2024_25,0.3414135670814539,-0.11508591610902273,0.22632765097243857,7.438494264988549e-15,0.04171449998703729,0.017829669155356633,4572.916326941356,786.1144844486298,0.746599199880423,-1.4639841700632503
XRPUSDT,expanding_tree,reused_2026,0.048743136334750393,0.004216245682096975,0.05295938201686011,1.2739809207573671e-14,0.014818887162492285,0.0070139223523436245,1154.7204107662767,231.87323955255266,0.4221206785667213,0.18183407840564492
XRPUSDT,expanding_tree,year2024,0.3002807177316928,-0.08261714475515344,0.21766357297653904,3.0531133177191805e-16,0.020388599533420922,0.008239268374458162,2577.331917294546,442.52080588368676,1.165083611143499,-1.8669663359708502
XRPUSDT,expanding_tree,year2025,0.03378014277721476,-0.026664812904356187,0.007115329872865018,6.447967160205792e-15,0.017513786999052528,0.007876067736390473,1638.8635202157434,282.17455641301586,0.20611931598042932,-0.9449758065829006
XRPUSDT,rolling_tree,all,0.3105090338165723,-0.23286002228948793,0.07764901152712156,3.7192471324942744e-14,0.08067015896217168,0.05796671446772434,7699.2033777207835,3229.6762025962676,0.40330020988287385,-0.7210011396879252
XRPUSDT,rolling_tree,development_2024_25,0.491674530159579,-0.033393023696178026,0.45828150646343446,3.347322419244847e-14,0.05097592364558662,0.028648835304749775,6198.644734836834,1388.778677806011,0.7931968215508988,-0.24044885070479508
XRPUSDT,rolling_tree,reused_2026,-0.12423218393707952,-0.13678223148906915,-0.261014415426146,2.6645352591003757e-15,0.020362485010591895,0.020104403047718204,1028.9910666994906,1262.3745940896745,-1.2073203350108443,-1.0835312444457563
XRPUSDT,rolling_tree,year2024,0.3700847063238185,-0.0755031620597486,0.29458154426410266,3.275157922644212e-14,0.017300053573882715,0.007294344195315332,3386.7787919272723,301.2303026568737,1.092733624073567,-2.506492918999353
XRPUSDT,rolling_tree,year2025,0.09392210508058617,0.03252799219187686,0.1264500972724635,4.718447854656915e-16,0.02601293848264054,0.016495284676388066,2172.0269034948647,840.0771507733398,0.43241685878504693,0.3872024392275514
XRPUSDT,action_tcn,all,-0.09051840916924582,0.010015810936190174,-0.08050259823304273,1.2906342661267445e-14,0.10352901353886156,0.08374576005567083,6781.164072247924,4222.473346293781,-0.13348505979923797,0.02372024667717895
XRPUSDT,action_tcn,development_2024_25,0.1970137740626275,0.16111122692288332,0.35812500098554145,3.064215547965432e-14,0.0755112826073045,0.06370839293518002,4684.296220956649,3120.116138114095,0.4205835087482841,0.5163629166068942
XRPUSDT,action_tcn,reused_2026,-0.21171260599961103,-0.11125295232548449,-0.3229655583251087,1.3156142841808105e-14,0.020629714430722954,0.014753698743451771,1543.943193571767,811.6758084710511,-1.3712460852256738,-1.3706574862080838
XRPUSDT,action_tcn,year2024,0.26297539650117296,0.047039906602256806,0.3100153031034414,1.1601830607332886e-14,0.023295732046670424,0.012730669003838417,2051.1713040804884,617.0225087596348,1.2820742761856312,0.7623693776879948
XRPUSDT,action_tcn,year2025,-0.05035179534336867,0.08707632655159853,0.03672453120824439,1.4536982728685643e-14,0.039858733281156966,0.038913838495302125,2009.9955402339626,1910.7361749321576,-0.2505070003165666,0.45572134810652365
XRPUSDT,vol_long,all,0.5357782434109609,0.0,0.5357782434109777,1.6764367671839864e-14,0.003301974787527708,0.0,22923.59436762921,0.0,0.23372348804406617,0.0
XRPUSDT,vol_long,development_2024_25,0.680604502357903,0.0,0.6806045023579235,2.042810365310288e-14,0.0022630336461703904,0.0,16178.994478245586,0.0,0.42067169456856524,0.0
XRPUSDT,vol_long,reused_2026,-0.08617509874794912,0.0,-0.0861750987479514,2.275957200481571e-15,0.0006181949054043713,0.0,4013.1987507595113,0.0,-0.2147292075470725,0.0
XRPUSDT,vol_long,year2024,0.7487258909045887,0.0,0.7487258909046031,1.432187701766452e-14,0.0011489119342115316,0.0,5861.611393194085,0.0,1.2773379889597154,0.0
XRPUSDT,vol_long,year2025,-0.038954869314279474,0.0,-0.03895486931427595,3.524958103184872e-15,0.00063710483029592,0.0,5899.9430034826055,0.0,-0.06602584006537908,0.0
XRPUSDT,hold,all,1.482072925878267,0.0,1.4820729258783243,5.728750807065808e-14,0.0006964738959562535,0.0,60166.7760759953,0.0,0.2463274621871536,0.0
XRPUSDT,hold,development_2024_25,1.982874499480225,0.0,1.9828744994802725,4.75175454539567e-14,0.00019996000800146183,0.0,45839.54754719667,0.0,0.43256851465181795,0.0
XRPUSDT,hold,reused_2026,-0.16789227092498088,0.0,-0.16789227092497738,3.497202527569243e-15,0.000166454836782876,0.0,4803.161692285404,0.0,-0.34954532385332976,0.0
XRPUSDT,hold,year2024,2.375601010084794,0.0,2.375601010084811,1.687538997430238e-14,0.00019996000799886747,0.0,10463.59020747031,0.0,2.2703498158679536,0.0
XRPUSDT,hold,year2025,-0.11634269258460192,0.0,-0.11634269258459287,9.048317650695026e-15,7.685369334724543e-16,0.0,10479.898908087347,0.0,-0.11101509051277218,0.0
PORT12,action_tcn,all,0.023620443295931905,-0.2001860029524531,-0.17656555965652163,4.440892098500626e-16,0.10210558561618187,0.0771695163968926,7797.8601962255,3491.8583497903865,0.03029092943646927,-0.5732935958426553
PORT12,action_tcn,development_2024_25,0.20707674428718503,-0.07097510839231295,0.13610163589486876,3.3029134982598407e-15,0.07892346448046364,0.06062190164797469,5856.12630970515,2451.26197601041,0.353607031911187,-0.2895451774919203
PORT12,action_tcn,reused_2026,-0.16147877548539116,-0.11373180926578379,-0.2752105847511724,2.55351295663786e-15,0.020404971178004192,0.014565259151206057,1709.1198755214466,915.9359875054963,-0.9448066095195606,-1.2417004115705335
PORT12,action_tcn,year2024,0.24739484683790947,0.010887881660852585,0.25828272849876127,7.771561172376096e-16,0.02605853136407365,0.013101563141959524,2861.2604582405093,552.5972440792948,0.8646358849485564,0.1970310524981596
PORT12,action_tcn,year2025,-0.0320421647993431,-0.06505929724620396,-0.09710146204554913,2.067790383364354e-15,0.04201355698449615,0.037766026211542285,2380.121560627136,1508.9333175512825,-0.13462406849043598,-0.43116085044621505
PORT12,adaptive126,all,0.3755841510981026,-0.09369263515805347,0.28189151594004613,2.9976021664879227e-15,0.05427623315156389,0.059486929654392166,3734.8731514633555,2766.115553824364,1.0056142092829727,-0.33871555014582205
PORT12,adaptive126,development_2024_25,0.2849287247763759,-0.1277685782287223,0.15716014654764365,9.908740494779522e-15,0.037269926896747976,0.04025782377606687,2642.116208946139,1833.8222103253163,1.0784110245098772,-0.6967337264720795
PORT12,adaptive126,reused_2026,0.07834302502743014,0.029447905868806076,0.10779093089624216,5.9396931817445875e-15,0.014696588286032637,0.016617497531084876,944.3437416829705,805.6735675528748,0.8296028402519027,0.365506664917035
PORT12,adaptive126,year2024,0.29271936913368896,-0.004422073942927315,0.28829729519075487,6.772360450213455e-15,0.01787779908287021,0.0182436236933885,1387.7713050297211,831.2302415702346,2.109276709157925,-0.05319914653939684
PORT12,adaptive126,year2025,-0.006047241103738916,-0.0957438199600748,-0.10179106106381608,2.3592239273284576e-15,0.015052525442899744,0.01708782605137643,973.6455308871002,778.2302831014098,-0.062109267817715974,-1.2302762053735012
PORT12,adaptive14,all,0.3783898432449605,-0.10410329521543815,0.2742865480295235,1.1657341758564144e-15,0.05354478253980669,0.06008512376486232,3731.150792160099,2804.9460001268917,1.0141370968979166,-0.37114188726174646
PORT12,adaptive14,development_2024_25,0.28809952153112256,-0.13915613567851473,0.1489433858526048,3.0253577421035516e-15,0.03646699174139989,0.040882402720313404,2644.4355382239314,1861.6807237589073,1.0894556413525487,-0.7474758367672492
PORT12,adaptive14,reused_2026,0.07858552721188741,0.030508762132839706,0.10909428934473075,3.635980405647388e-15,0.014863909752814989,0.016713374463006296,945.8388179237751,820.9849919350105,0.830855381727636,0.3716116912311936
PORT12,adaptive14,year2024,0.3094038374050463,-0.012127188928284688,0.2972766484767614,2.220446049250313e-16,0.017813962757055043,0.01878585469286444,1407.5369885660032,843.5415570179458,2.1981932973588605,-0.14376516281137633
PORT12,adaptive14,year2025,-0.016422338210541922,-0.09791970502158123,-0.1143420432321254,2.248201624865942e-15,0.014378605370139743,0.017033026882426597,953.4578080244273,784.8280996473975,-0.1722397999400639,-1.2476579911648673
PORT12,adaptive42,all,0.3592855068356382,-0.08883371919087943,0.2704517876447534,5.329070518200751e-15,0.053277075537754015,0.059089944001121116,3687.3213242655556,2763.0904673532477,0.9743807909314793,-0.3215013052973718
PORT12,adaptive42,development_2024_25,0.2657171195218388,-0.12344244933293985,0.14227467018889461,4.3298697960381105e-15,0.036801822337738536,0.04026406729567856,2619.521600593568,1836.521141302278,1.0143726986699744,-0.6721537071193568
PORT12,adaptive42,reused_2026,0.08191408752706235,0.030298080702723856,0.1122121682297853,9.020562075079397e-16,0.01442319752856905,0.01648104190415899,934.8011923396749,811.1615798131509,0.8762728182025848,0.3735147405490155
PORT12,adaptive42,year2024,0.28823873473876993,-0.0012586950794383472,0.28698003965933283,1.2212453270876722e-15,0.018024273554800498,0.01866758111612673,1395.337730297891,842.0906010283771,2.0657273753877043,-0.014947264319316766
PORT12,adaptive42,year2025,-0.017499583927418662,-0.09493834440963352,-0.11243792833705649,4.3021142204224816e-15,0.01459039627988986,0.016780746797960037,951.206570864706,772.6852861969248,-0.1839724878215512,-1.2286806298190303
PORT12,breakout,all,0.6102092158405258,0.030222457992979766,0.6404316738334969,8.659739592076221e-15,0.10186887040324771,0.10444708149943442,5914.411516625263,5457.087364471887,1.0317327668614924,0.055382030695974686
PORT12,breakout,development_2024_25,0.4454497879539187,0.005174406701870441,0.4506241946557773,1.1823875212257917e-14,0.06719604373132983,0.06675752187038013,4109.464228811462,3440.215480509344,1.0839607383144239,0.015040937787723517
PORT12,breakout,reused_2026,0.11357829856526239,0.017267085013050604,0.130845383578315,1.9984014443252818e-15,0.023902004943565338,0.025981615202549237,1244.2556069748312,1390.3476113199201,0.9128212718398452,0.12419257509751949
PORT12,breakout,year2024,0.43333275778254815,0.02250752215090735,0.4558402799334565,9.992007221626409e-16,0.030009003076976317,0.028598433696845508,1937.2079993601553,1447.5607075298778,2.2368932914053348,0.15548585999763878
PORT12,breakout,year2025,0.008323049127287768,-0.011905918312570103,-0.003582869185291139,8.803721640582296e-15,0.025543351950705236,0.026211040249057276,1492.097903453115,1368.7317217727664,0.055780851296861944,-0.08698503967709383
PORT12,down_rebound,all,0.5310195935704842,-0.10755967340779443,0.4234599201626823,7.494005416219807e-15,0.08205517160264729,0.09647300928628291,6029.7367189776805,3761.5111221082516,0.8806679600108919,-0.2859480403383983
PORT12,down_rebound,development_2024_25,0.39627880057761994,-0.16612200092908608,0.23015679964852592,7.93809462606987e-15,0.056148981055063725,0.06461784844818563,4181.068037068493,2472.5220739342776,0.9477932362360365,-0.6718726707452715
PORT12,down_rebound,reused_2026,0.10953139716120877,0.047605579661083676,0.1571369768222929,4.718447854656915e-16,0.021059258913160787,0.02589520364168111,1502.7910933284115,1047.8249996604152,0.7288531163610802,0.4543275802401351
PORT12,down_rebound,year2024,0.37176551514993483,0.008415658716175084,0.38018117386610567,4.274358644806853e-15,0.025355762583129226,0.027799967665601905,2106.117025363972,1067.111550129424,1.765170266764676,0.07886390804367545
PORT12,down_rebound,year2025,0.01776091856043767,-0.12645996261226605,-0.10869904405183109,2.706168622523819e-15,0.02231099732050237,0.026676121569932022,1503.390316426542,1018.2797377739016,0.11813910443865423,-1.2418980553293222
PORT12,expanding_tree,all,0.3276268334279826,-0.11198517452116609,0.21564165890681164,4.884981308350689e-15,0.0669641669593014,0.025324162752973407,7311.628399012203,1022.2401600157706,0.44809010462326665,-1.0954879186065087
PORT12,expanding_tree,development_2024_25,0.43436174509065684,-0.04592160518630206,0.3884401399043481,6.661338147750939e-15,0.050218814322796096,0.016627055607387566,5447.686003337128,637.2762272134767,0.7973325643669198,-0.7205918442477708
PORT12,expanding_tree,reused_2026,-0.07687397432202403,-0.04758114335373167,-0.1244551176757544,1.304512053934559e-15,0.012060550653382096,0.006263941019585478,1342.4722766971322,277.26361528903556,-0.5726298833608401,-1.7160976316394903
PORT12,expanding_tree,year2024,0.23325024302338523,-0.04019714421716063,0.19305309880622226,2.3592239273284576e-15,0.024061902897520072,0.00816188381371858,2374.9669727144183,355.940948951693,0.9821199439956708,-1.129320589146826
PORT12,expanding_tree,year2025,0.16856877725602099,-0.004798161100180176,0.16377061615583718,3.635980405647388e-15,0.02192434808764909,0.007095385613716017,2575.5090311548547,235.81119611800167,0.6545066439950901,-0.20347469412687008
PORT12,filtered_moe,all,0.2609675902408029,-0.08164317707060523,0.17932441317021156,1.3877787807814457e-14,0.02698649699145891,0.031101984989951228,2715.4418136622044,2022.1582020833798,0.9610502015833906,-0.4037427783171973
PORT12,filtered_moe,development_2024_25,0.19397830388965406,-0.09226193952707991,0.10171636436258318,9.020562075079397e-15,0.017814500385700763,0.020166571906240147,1843.0590006980995,1308.1529085456878,1.052480163772188,-0.705284060635161
PORT12,filtered_moe,reused_2026,0.06080447610479728,0.009638381347469877,0.07044285745227159,4.440892098500626e-15,0.008325188680540984,0.009925797090286438,791.8397522113924,648.0844949151609,0.7678886534173988,0.1487210606501489
PORT12,filtered_moe,year2024,0.18434609881733377,0.024471627857178987,0.2088177266745145,1.7486012637846216e-15,0.007497002750292112,0.007939783255230669,824.2588048770414,531.6860134385695,2.2365074868060835,0.46026465317215676
PORT12,filtered_moe,year2025,0.007968285755387402,-0.09656837818336406,-0.08860009242797066,5.995204332975845e-15,0.008535197166401857,0.010114666902383749,842.8071274432757,642.3357946968537,0.09454459384509299,-1.5033940032711224
PORT12,gate_no_range,all,0.3662328424136332,-0.09011197653901648,0.27612086587462237,5.662137425588298e-15,0.05853765587641875,0.06301482275511985,3957.8690488224433,3037.449397690837,0.925328346885544,-0.29666988562022595
PORT12,gate_no_range,development_2024_25,0.28226950842896315,-0.1364907582970838,0.1457787501318866,7.244205235679146e-15,0.0396049714697997,0.042594076828474964,2776.588355809184,2014.796813747904,1.016605532607663,-0.6774418014052004
PORT12,gate_no_range,reused_2026,0.07328058228956094,0.040477955934100536,0.11375853822366014,1.3322676295501878e-15,0.01652385716216134,0.01782259090098707,1030.9849897960546,892.5393177567827,0.7107822423686014,0.4535145413631043
PORT12,gate_no_range,year2024,0.30943295237592816,0.0027143176708216265,0.31214727004675374,3.941291737419306e-15,0.019323243723643743,0.019335271497673598,1460.7020098635169,907.2437900469595,2.118385203049324,0.029918283272913137
PORT12,gate_no_range,year2025,-0.02070152075688662,-0.10608952146274354,-0.1267910422196277,2.4702462297909733e-15,0.015456898938968415,0.01772575827557269,1002.8495855490219,844.0767656068673,-0.20642697624044318,-1.2568705334101713
PORT12,hold,all,0.4434020051354151,0.0,0.44340200513543093,1.582067810090848e-14,0.0004886981566591784,0.0,36568.329773428755,0.0,0.12125300988113474,0.0
PORT12,hold,development_2024_25,0.6091978814140232,0.0,0.6091978814140355,1.2323475573339238e-14,0.0001999600080014509,0.0,28359.93592166216,0.0,0.21480932929354746,0.0
PORT12,hold,reused_2026,-0.10303013581705685,0.0,-0.10303013581705461,2.2343238370581275e-15,0.00017942985880891623,0.0,5100.922606580681,0.0,-0.20198333470917215,0.0
PORT12,hold,year2024,0.9794088560883203,0.0,0.9794088560883243,3.9968028886505635e-15,0.00019996000799954867,0.0,11633.907061706126,0.0,0.8418572117634648,0.0
PORT12,hold,year2025,-0.18703107927176887,0.0,-0.1870310792717649,3.969047313034935e-15,9.61032164163406e-16,0.0,8450.012137972211,0.0,-0.221338237410688,0.0
PORT12,kalman,all,0.4899712418186255,-0.13106526357967171,0.358905978238963,9.2148511043888e-15,0.13013274635909217,0.13230542898823608,5681.963659689921,5389.260076061413,0.8623273064815139,-0.24319713973695814
PORT12,kalman,development_2024_25,0.3036605282083059,-0.16785566791632878,0.1358048602919786,1.4710455076283324e-15,0.08766168182623976,0.08860814941921341,3919.9502247923065,3577.224339097243,0.7746540409818469,-0.4692343895845494
PORT12,kalman,reused_2026,0.164034087301251,0.03239148345183114,0.19642557075308897,6.827871601444713e-15,0.03739292374742477,0.038472523843391136,1551.3346495494459,1595.3759314767801,1.0573739673054514,0.2030335472207328
PORT12,kalman,year2024,0.3727116395975937,-0.1155395030944266,0.25717213650317333,6.2727600891321345e-15,0.040568577018216624,0.04106607730272154,1897.858919294284,1611.3868466011602,1.9638532443506704,-0.7170190282869063
PORT12,kalman,year2025,-0.05492574118080092,-0.04161416189784459,-0.09653990307864926,3.747002708109903e-15,0.03745955183115393,0.03781667659985705,1608.4442589719447,1563.69794987985,-0.3414836471604389,-0.26612660009589506
PORT12,range_only,all,-0.03022090328574868,-0.30771072062633986,-0.3379316239120902,1.6653345369377348e-15,0.030986125980305056,0.029881945085636394,2023.3154987605694,2188.7649751397857,-0.14936327678140765,-1.4058646045662708
PORT12,range_only,development_2024_25,0.030590644736789477,-0.23741229518031687,-0.20682165044352746,5.551115123125783e-17,0.021389196040982168,0.020589547125355025,1387.452646011999,1590.5664865128535,0.22048064000394665,-1.492627294699374
PORT12,range_only,reused_2026,-0.07666818951442964,-0.08862877496004813,-0.1652969644744798,2.0261570199409107e-15,0.012099334209877619,0.011715395365339294,801.6644088988694,754.1790430379641,-0.956362645807585,-1.1751688909709828
PORT12,range_only,year2024,-0.005284413206150387,-0.23355170530097744,-0.23883611850713254,4.718447854656915e-15,0.011456496476936221,0.011195530455389886,752.7950807739173,921.0105850660448,-0.07019723349836055,-2.535819990431811
PORT12,range_only,year2025,0.04713184481714803,-0.005071956214958099,0.042059888602195936,6.00908212078366e-15,0.013049357445291516,0.012341647966191843,833.7988449916074,879.6474947466128,0.5652663721022836,-0.05765896276916134
PORT12,regime_gate,all,0.36580584630190416,-0.09462425010002518,0.27118159620188165,2.6645352591003757e-15,0.06023908877338805,0.06568388911765763,3882.3418472455833,2948.5476289372386,0.9422298723164564,-0.32091816720671773
PORT12,regime_gate,development_2024_25,0.28283063608160053,-0.12846388706348838,0.15436674901810854,3.608224830031759e-15,0.040702236341578255,0.04420817417864983,2719.4430696670506,1951.1621927246763,1.0400314653993779,-0.6583967624141824
PORT12,regime_gate,reused_2026,0.071879418123297,0.02931445919786484,0.10119387732116725,5.412337245047638e-15,0.016924302825274226,0.01860389253006014,1007.3910900220243,864.0108848084265,0.7135204870804001,0.33928344785106046
PORT12,regime_gate,year2024,0.3030992774384766,0.001926406986839057,0.3050256844253215,5.88418203051333e-15,0.019969981245566603,0.020121647176897562,1431.8860984022767,875.3843996821132,2.116783435335255,0.022006412126359707
PORT12,regime_gate,year2025,-0.01553122026544753,-0.09991396767623456,-0.11544518794168934,7.244205235679146e-15,0.01588647284374427,0.018456745556206404,986.6142763556104,824.3345750825515,-0.15741937490320215,-1.212056010949545
PORT12,regime_gate_long,all,0.37050541350539856,0.0,0.37050541350538985,8.715250743307479e-15,0.059266999503651926,0.0,4068.638982796604,0.0,0.9106372304645456,0.0
PORT12,regime_gate_long,development_2024_25,0.26857068805996226,0.0,0.268570688059958,4.274358644806853e-15,0.03948502631737258,0.0,2828.411723512896,0.0,0.9495459442036135,0.0
PORT12,regime_gate_long,reused_2026,0.08035399714408213,0.0,0.08035399714407873,3.400058012914542e-15,0.015593906884709897,0.0,977.6571940034371,0.0,0.821903604217734,0.0
PORT12,regime_gate_long,year2024,0.2955520756698432,0.0,0.2955520756698404,2.831068712794149e-15,0.018790894329520254,0.0,1440.2453570615353,0.0,2.0520953198755256,0.0
PORT12,regime_gate_long,year2025,-0.020826169875055492,0.0,-0.02082616987505667,1.1796119636642288e-15,0.015973215107661975,0.0,1071.486351278961,0.0,-0.19436710369849042,0.0
PORT12,rolling_tree,all,0.1118684467297082,-0.28891726411817836,-0.17704881738846134,8.826273045769994e-15,0.07076006153014201,0.04727710813359264,7433.846363759396,2885.637719318403,0.15048528212134696,-1.0012250054259118
PORT12,rolling_tree,development_2024_25,0.28299025053901417,-0.08652790402631093,0.19646234651270408,8.604228440844963e-16,0.05301810515585441,0.02642243990889763,6086.557600267332,1317.9769866927738,0.46494302547401295,-0.656520598614071
PORT12,rolling_tree,reused_2026,-0.1430231417712977,-0.16915648092208352,-0.31217962269337457,6.661338147750939e-15,0.014828679252631401,0.017430275416087722,1126.060312235459,1310.2466092600798,-1.270119728199706,-1.2910278090138259
PORT12,rolling_tree,year2024,0.23815233341183945,-0.05915443642112479,0.1789978969907153,6.38378239159465e-16,0.023315148613352966,0.008843355680141187,3021.0273740148805,430.6697721699595,0.7883157082927723,-1.373545120733017
PORT12,rolling_tree,year2025,0.03803053189629889,-0.023217571189104252,0.014812960707194787,1.5092094240998222e-16,0.025193392302323467,0.01491019133590099,2600.1150927214862,752.5943996911151,0.14626480190341545,-0.30850045122091485
PORT12,selected_breakout,all,0.2922242274001368,-0.07558299744797,0.2166412299521762,9.353628982466944e-15,0.07253102857088749,0.07101619745575556,5492.053922317663,4970.379720776905,0.5320855030440367,-0.1520668473920054
PORT12,selected_breakout,development_2024_25,0.2683597973924491,-0.09400128172723013,0.17435851566522204,3.0808688933348094e-15,0.050789350314285435,0.04920810327636442,3886.3834347615666,3300.0866837206577,0.6905129200379921,-0.28484488662355106
PORT12,selected_breakout,reused_2026,0.02032124746348831,0.015683697979425773,0.036004945442919434,5.349887199912473e-15,0.018513663388634225,0.01857021845414713,1367.2745299986648,1422.30248665596,0.14862594905141804,0.1102697782403547
PORT12,selected_breakout,year2024,0.3350604532609027,-0.026855715072432854,0.3082047381884706,7.216449660063518e-16,0.02137050803048462,0.019757764098440687,1952.2166472890121,1422.9060167642122,1.7163077352413303,-0.1887385024451905
PORT12,selected_breakout,year2025,-0.05098640443759371,-0.05132649706480712,-0.10231290150239895,1.8735013540549517e-15,0.02248794964963848,0.022512026075295316,1478.4893610390693,1434.9288090454872,-0.3448547265958066,-0.3576936830681477
PORT12,selected_trend,all,0.3706173355699192,-0.15878789840479626,0.21182943716512861,5.662137425588298e-15,0.05349459335088406,0.052745240350320355,5493.394724824368,5115.290092695215,0.6746599400460312,-0.31041816891587454
PORT12,selected_trend,development_2024_25,0.3315987394254004,-0.27332044071308437,0.058278298712320716,4.669875597329565e-15,0.041027199535406206,0.04045239278335662,3962.470900482759,3610.7532738713767,0.8368483901925962,-0.7569623842507404
PORT12,selected_trend,reused_2026,0.0368698821396937,0.10822535286573265,0.14509523500542726,9.159339953157541e-16,0.011780827246148566,0.011615893080224055,1446.6174220943476,1421.683521862361,0.25486961221796395,0.761247852995868
PORT12,selected_trend,year2024,0.4327984501085509,-0.009011818256867287,0.42378663185168913,5.551115123125783e-15,0.01614722326125549,0.01516938309687171,2075.6078303138356,1667.0499552732174,2.0851648552660884,-0.054058477542086106
PORT12,selected_trend,year2025,-0.07107786266509351,-0.18563780312536965,-0.2567156657904638,6.106226635438361e-16,0.017474511782564886,0.01775758327889579,1325.24286150586,1365.1647480846887,-0.5363383929820112,-1.3598197828197474
PORT12,trend168,all,0.4336013988323026,-0.049732776811561935,0.3838686220207442,3.497202527569243e-15,0.03661849620875978,0.036789749363806176,5753.687892872554,5246.21115763697,0.753606046948482,-0.09479751256135652
PORT12,trend168,development_2024_25,0.32857601964654065,-0.19700958422338247,0.1315664354231577,4.718447854656915e-16,0.02343087358181506,0.023845796060186313,3926.5949354967843,3457.508868303694,0.836796321097913,-0.5698021081867487
PORT12,trend168,reused_2026,0.09281415204445057,0.13015303635861664,0.22296718840307084,3.635980405647388e-15,0.01165430699790341,0.011438968935818045,1614.6581412981855,1580.7311292901486,0.5748223086394496,0.8233723872893163
PORT12,trend168,year2024,0.3370435498487272,-0.11665421041420955,0.22038933943452269,5.023759186428833e-15,0.011645779476454704,0.010846343046449353,2140.598459672966,1653.7324599533215,1.574529535540354,-0.7053995325066199
PORT12,trend168,year2025,-0.006938384275062567,-0.065844047643358,-0.07278243191842515,4.593547764386585e-15,0.009656831409901591,0.010651890010576762,1463.4645011331997,1478.0335668829814,-0.0474106769907298,-0.4454841156430312
PORT12,trend24,all,0.3224713963578855,-0.2853464493428394,0.03712494701505399,7.896461262646426e-15,0.10156098336018789,0.10291144867591875,4626.664739045265,4433.649951435904,0.6969845764628043,-0.6435926436872305
PORT12,trend24,development_2024_25,0.1863121219989373,-0.31053516398287356,-0.12422304198392786,8.409939411535561e-15,0.07148703548299125,0.07133758106886699,3285.176834942725,3070.924062435081,0.5671296595581453,-1.0112108201615235
PORT12,trend24,reused_2026,0.1554725471053664,0.028761563557341125,0.18423411066270698,5.551115123125783e-16,0.03433973410915515,0.036052407314502925,1531.7688959771901,1556.0193454825,1.0149869703822578,0.18484065536102035
PORT12,trend24,year2024,0.2832150512604026,-0.1400512935985646,0.14316375766184317,5.190292640122607e-15,0.03673706646666259,0.03653348864239173,1717.509784948779,1535.347111283228,1.6489865370336092,-0.9121800052205206
PORT12,trend24,year2025,-0.08476732105264126,-0.14913337589796075,-0.23390069695059926,2.7478019859472624e-15,0.030398067453961366,0.030445412735670887,1371.340754539276,1343.2694492455112,-0.6181346304487262,-1.1102268125112658
PORT12,trend336,all,0.5294312961705381,-0.0730591395719488,0.45637215659859487,5.6066262743570405e-15,0.027739709940420593,0.026928295785016352,6540.613077601532,5709.953844400712,0.8094520955284555,-0.12795049060438896
PORT12,trend336,development_2024_25,0.4741895281965027,-0.21512058887520843,0.25906893932129965,5.384581669432009e-15,0.016631901017133997,0.01710189824906677,4393.456151239068,3749.083723505938,1.0793086624132324,-0.5737951049917857
PORT12,trend336,reused_2026,0.043875093927591896,0.11283055666502091,0.15670565059261282,0.0,0.0088222404479887,0.007804495233792754,1705.352947170538,1557.396945993903,0.2572786706727655,0.72448168692802
PORT12,trend336,year2024,0.411000025205815,-0.053473223027517766,0.3575268021783039,6.661338147750939e-15,0.007532724610208382,0.007082662125910288,2260.517624136517,1605.6942654907907,1.8181677542231538,-0.3330224450367164
PORT12,trend336,year2025,0.046547517801706025,-0.11907489825490691,-0.07252738045320181,9.159339953157541e-16,0.006702760042987709,0.007380507041982152,1571.1944130163863,1578.8929209912014,0.29625562194015115,-0.7541670285034514
PORT12,trend72,all,0.30088695573171376,-0.31531346345322514,-0.014426507721523027,1.164346397075633e-14,0.0640112481753255,0.0638349459305393,5736.189581612975,5337.811028247082,0.5245415121846557,-0.590716797175139
PORT12,trend72,development_2024_25,0.36026449350205064,-0.24839615091691525,0.11186834258512712,8.271161533457416e-15,0.04692242927293508,0.04617822719474803,4322.109354330169,3893.5776749739935,0.8335385895340995,-0.6379637743289002
PORT12,trend72,reused_2026,-0.0534033891389356,-0.06018456500049737,-0.11358795413943604,3.066991105526995e-15,0.015369462595417,0.01588022435708428,1271.8054585446946,1298.9247898858262,-0.4199021853550164,-0.4633414149081527
PORT12,trend72,year2024,0.4985699083022358,0.015292010705556573,0.5138619190077911,1.2212453270876722e-15,0.022085577832369717,0.02140783268095586,2195.471122919586,1800.4953769605772,2.270901689835148,0.08493224087790256
PORT12,trend72,year2025,-0.09135933275264144,-0.17418243917205953,-0.2655417719247055,4.551914400963142e-15,0.016406285889563714,0.01636238695404076,1404.7768853347038,1382.6111032538922,-0.6503476367414321,-1.2598079008777785
PORT12,trend_ensemble,all,0.3788082548087086,-0.2605146679703173,0.11829358683839299,1.6792123247455493e-15,0.053119049283353384,0.054297273037743336,4001.9662366515304,3664.5821952297556,0.9465553490667622,-0.7108986893770137
PORT12,trend_ensemble,development_2024_25,0.2946687302898417,-0.2535780383394234,0.04109069195042279,4.475586568020162e-15,0.03720386085804024,0.0373948796632939,2874.168014801958,2533.870067153796,1.0252314018258448,-1.0007539124697833
PORT12,trend_ensemble,reused_2026,0.08081863104667317,-0.006662848572681609,0.07415578247398895,2.609024107869118e-15,0.015287033635366536,0.01623527470290201,1083.2852801101392,1086.0841776979453,0.7460512251994804,-0.06134744165782918
PORT12,trend_ensemble,year2024,0.3343624062436021,-0.040349842916813775,0.2940125633267938,5.495603971894525e-15,0.018657058122397662,0.017563461925163577,1525.8422215588362,1176.094658017504,2.191330148814532,-0.34308329386369213
PORT12,trend_ensemble,year2025,-0.030674876796954187,-0.16478062227960014,-0.19545549907655524,9.159339953157541e-16,0.01433278413306928,0.01532552179180198,1041.9727222560296,1049.2752911498549,-0.29439232085210837,-1.5704231641538444
PORT12,trend_ensemble_long,all,0.41344430219470407,0.0,0.4134443021947088,4.718447854656915e-15,0.057861556745706755,0.0,4531.299533968469,0.0,0.9124188306143899,0.0
PORT12,trend_ensemble_long,development_2024_25,0.29809693383737,0.0,0.29809693383736857,1.4432899320127035e-15,0.03888022163362309,0.0,3138.532147780336,0.0,0.9497972931333302,0.0
PORT12,trend_ensemble_long,reused_2026,0.08885882506196977,0.0,0.08885882506197454,4.773959005888173e-15,0.014622432745428335,0.0,1072.9301871709265,0.0,0.8281883213321672,0.0
PORT12,trend_ensemble_long,year2024,0.34139869615013557,0.0,0.34139869615013224,3.3306690738754696e-15,0.018247849373037073,0.0,1560.5994451459987,0.0,2.187612569080445,0.0
PORT12,trend_ensemble_long,year2025,-0.032281052931573066,0.0,-0.03228105293157167,1.394717674685353e-15,0.015381237748181615,0.0,1176.3338574601778,0.0,-0.27442084342680645,0.0
PORT12,vol_long,all,0.43155247832924926,0.0,0.43155247832923654,1.2712053631958042e-14,0.002022032975826867,0.0,22771.458567967933,0.0,0.18951464046150465,0.0
PORT12,vol_long,development_2024_25,0.49133702976579413,0.0,0.49133702976579813,3.9968028886505635e-15,0.0014527325149486618,0.0,16117.519542803735,0.0,0.30484655437267316,0.0
PORT12,vol_long,reused_2026,-0.04008788774321094,0.0,-0.04008788774322204,1.1102230246251565e-14,0.00038173829893274294,0.0,4461.727223529845,0.0,-0.0898483608137206,0.0
PORT12,vol_long,year2024,0.5436771536843203,0.0,0.543677153684321,6.661338147750939e-16,0.0007930739344122567,0.0,6850.984026978881,0.0,0.7935752755273449,0.0
PORT12,vol_long,year2025,-0.033906133671542084,0.0,-0.03390613367153996,2.123301534595612e-15,0.0004273293667409577,0.0,6002.897363421006,0.0,-0.05648294751489676,0.0
