symbol,policy,phase,signal_return24_ic,positive_prediction_fraction,short_prediction_fraction,direction_accuracy,mean_signal,std_signal
ADAUSDT,trend24,all,0.014127183447235792,0.4699933132731528,0.5289618856569709,0.47856068204613844,-0.035125409917603365,0.6427723299553101
ADAUSDT,trend24,development_2024_25,0.0018724360882543818,0.47640218878248974,0.522172822617419,0.47685818513451894,-0.02830066958807477,0.6358162080044226
ADAUSDT,trend24,reused_2026,0.056928414052201566,0.4523809523809524,0.5476190476190477,0.4832393483709273,-0.053880617364540966,0.6611492583274876
ADAUSDT,trend24,year2024,-0.007238299947502128,0.4838342440801457,0.5133196721311475,0.46948998178506374,-0.011147670777614997,0.6388610495202403
ADAUSDT,trend24,year2025,0.00836799780446878,0.4689497716894977,0.5310502283105023,0.48424657534246573,-0.045500662915823484,0.632281231331976
ADAUSDT,trend72,all,0.025300835282346664,0.4579572049481779,0.541165162153126,0.488716148445336,-0.05359305118142216,0.6574686277693088
ADAUSDT,trend72,development_2024_25,0.024469016410429728,0.46654126766985865,0.5332307341541268,0.4882580939352485,-0.04586915993756814,0.6550162494816492
ADAUSDT,trend72,reused_2026,0.0283385442063467,0.4343671679197995,0.5629699248120301,0.4899749373433584,-0.07481923350945707,0.6636986497264664
ADAUSDT,trend72,year2024,0.05090557151123766,0.47871129326047357,0.5208333333333334,0.4936247723132969,-0.008972417923458893,0.6562143029314034
ADAUSDT,trend72,year2025,-0.0020385958881605805,0.454337899543379,0.545662100456621,0.4828767123287671,-0.0828669889160996,0.6517185897272545
ADAUSDT,trend168,all,-0.003052522572156682,0.4344282848545637,0.5651120026746907,0.47601136743564026,-0.08121453085714421,0.663027512624446
ADAUSDT,trend168,development_2024_25,-0.008680524563688953,0.4321705426356589,0.5672024623803009,0.47343821249430007,-0.07533973676465211,0.6578859352678935
ADAUSDT,trend168,reused_2026,0.016144575224142043,0.4406328320802005,0.5593671679197995,0.4830827067669173,-0.09735917176545893,0.6766934770286148
ADAUSDT,trend168,year2024,0.03817372824426012,0.46345628415300544,0.5352914389799636,0.45002276867030966,-0.030104224004486594,0.6639598613210643
ADAUSDT,trend168,year2025,-0.05501431990906862,0.40079908675799086,0.5992009132420091,0.4969178082191781,-0.12069918243648933,0.648578273156865
ADAUSDT,trend336,all,0.0058329251087127125,0.43196255432965563,0.567744901370779,0.48788030758943496,-0.1025431277648303,0.6482153027080592
ADAUSDT,trend336,development_2024_25,0.02251409475150862,0.4211126310989512,0.5784883720930233,0.5049589603283173,-0.10970883032279226,0.6521359638519147
ADAUSDT,trend336,reused_2026,-0.05546238024808733,0.4617794486215539,0.5382205513784462,0.44094611528822053,-0.08285091509614531,0.6369015772916785
ADAUSDT,trend336,year2024,0.09764714346022867,0.4503642987249545,0.5488387978142076,0.4961293260473588,-0.05128721505006971,0.6608963616555168
ADAUSDT,trend336,year2025,-0.05090135729580211,0.3917808219178082,0.6082191780821918,0.5138127853881278,-0.16829050481544006,0.6378815462185575
ADAUSDT,trend_ensemble,all,0.016754676095565454,0.42987295218990307,0.5701270478100969,0.48236375794048814,-0.06010879071655595,0.5057310668148823
ADAUSDT,trend_ensemble,development_2024_25,0.012897632767886445,0.4375284997720018,0.5624715002279982,0.48227314181486547,-0.05416839668728513,0.5037329323431593
ADAUSDT,trend_ensemble,reused_2026,0.030368411649459078,0.40883458646616544,0.5911654135338346,0.4826127819548872,-0.07643370814286038,0.5108263054830744
ADAUSDT,trend_ensemble,year2024,0.04580126217341883,0.46288706739526414,0.5371129326047359,0.4782559198542805,-0.01951180238204247,0.5077441294740842
ADAUSDT,trend_ensemble,year2025,-0.020575792648083038,0.4121004566210046,0.5878995433789954,0.4863013698630137,-0.08891994056596679,0.49725896429301364
ADAUSDT,breakout,all,0.031398084413052134,0.4567870277499164,0.5432129722500836,0.48303243062520895,-0.0471461396548404,0.58452663178128
ADAUSDT,breakout,development_2024_25,0.02960297184095211,0.4742362061103511,0.5257637938896489,0.4860921112631099,-0.02071974171797759,0.581908370398269
ADAUSDT,breakout,reused_2026,0.03604303105790565,0.40883458646616544,0.5911654135338346,0.47462406015037595,-0.11976906030088068,0.5855518585338478
ADAUSDT,breakout,year2024,0.054952865310474906,0.5028460837887068,0.49715391621129323,0.48144353369763204,0.01368914449564239,0.5849397182839231
ADAUSDT,breakout,year2025,0.0037840962872823436,0.44554794520547947,0.5544520547945205,0.49075342465753424,-0.055222898852730774,0.5767953321988646
ADAUSDT,range_only,all,-0.02527063924011483,0.550777331995988,0.44922266800401206,0.5135824139083919,0.027377824744999068,0.3722920253047689
ADAUSDT,range_only,development_2024_25,-0.018995352155723004,0.5433766529867761,0.4566233470132239,0.5128248974008208,0.022075420247770167,0.36899153205721313
ADAUSDT,range_only,reused_2026,-0.04743485500759829,0.5711152882205514,0.42888471177944865,0.5156641604010025,0.041949470186631886,0.3808350159904611
ADAUSDT,range_only,year2024,-0.047182150885463604,0.5124089253187614,0.48759107468123863,0.5206056466302368,0.0005590598318988417,0.37026197703941693
ADAUSDT,range_only,year2025,0.009308574823187135,0.5744292237442923,0.42557077625570777,0.5050228310502283,0.04365072959628772,0.3664468319071994
ADAUSDT,down_rebound,all,0.014116141842497465,0.4140755600133735,0.36417586091608156,0.36108324974924777,0.03791069017011745,0.5975978874817122
ADAUSDT,down_rebound,development_2024_25,0.012490141687811342,0.4160966712266302,0.36103511171910624,0.3600661194710442,0.041635166232518325,0.5914293531403926
ADAUSDT,down_rebound,reused_2026,0.019954145106403493,0.40852130325814534,0.37280701754385964,0.36387844611528825,0.027675381893369183,0.6141144786814584
ADAUSDT,down_rebound,year2024,0.03567870325098504,0.4453551912568306,0.3244535519125683,0.34744990892531874,0.08120245556279419,0.5898728225877249
ADAUSDT,down_rebound,year2025,-0.011696483592316894,0.3867579908675799,0.39771689497716894,0.3727168949771689,0.0019594733698307734,0.590329086261186
ADAUSDT,selected_trend,all,0.00663981733148883,0.42414744232698093,0.575852557673019,0.4798980274155801,-0.09241557430065483,0.6089577550812949
ADAUSDT,selected_trend,development_2024_25,0.012727960467782495,0.4238486092111263,0.5761513907888737,0.4848381212950296,-0.08943692039977261,0.6163202625347263
ADAUSDT,selected_trend,reused_2026,-0.016844513330141062,0.424968671679198,0.5750313283208021,0.46632205513784464,-0.10060127355458308,0.5881726281022664
ADAUSDT,selected_trend,year2024,0.021690529477063118,0.4347677595628415,0.5652322404371585,0.47096994535519127,-0.046964263284817356,0.6034132252625117
ADAUSDT,selected_trend,year2025,0.0012351828984692457,0.4128995433789954,0.5871004566210045,0.49874429223744293,-0.13202594095887843,0.6261104135585929
ADAUSDT,selected_breakout,all,-0.014177412237726476,0.43655967903711135,0.5634403209628887,0.47179037111334005,-0.06145541631476605,0.605909437870178
ADAUSDT,selected_breakout,development_2024_25,0.00017734976446842282,0.4434564523483812,0.5565435476516188,0.4805061559507524,-0.05438194515394135,0.6104742804126174
ADAUSDT,selected_breakout,reused_2026,-0.06933757632300784,0.4176065162907268,0.5823934837092731,0.44783834586466165,-0.08089416600861137,0.5927492465573404
ADAUSDT,selected_breakout,year2024,0.041205694607710446,0.4722222222222222,0.5277777777777778,0.47370218579234974,-0.008970352064663619,0.5997580252266375
ADAUSDT,selected_breakout,year2025,-0.03914202144140149,0.4146118721461187,0.5853881278538813,0.48732876712328765,-0.09991795356675136,0.6176909797463932
ADAUSDT,regime_gate,all,0.01709231371335329,0.48303243062520895,0.516967569374791,0.48336676696756936,-0.017127866934846418,0.45622081596868974
ADAUSDT,regime_gate,development_2024_25,0.014930966515960702,0.48711810305517556,0.5128818969448244,0.48632010943912446,-0.011068885539665188,0.4523539745214004
ADAUSDT,regime_gate,reused_2026,0.02446332982875448,0.4718045112781955,0.5281954887218046,0.47525062656641603,-0.03377867670882191,0.46627707196953494
ADAUSDT,regime_gate,year2024,0.04935594449297925,0.5168488160291439,0.4831511839708561,0.4861111111111111,0.019625435050663866,0.45760761359636537
ADAUSDT,regime_gate,year2025,-0.020061592775065525,0.45730593607305936,0.5426940639269406,0.4865296803652968,-0.04184730015900884,0.4449026608329187
ADAUSDT,gate_no_range,all,0.01878127063204058,0.4676947509194249,0.5323052490805751,0.4812771648278168,-0.021565077050550524,0.4648353009117695
ADAUSDT,gate_no_range,development_2024_25,0.016657696034145096,0.47714318285453716,0.5228568171454628,0.48141814865481075,-0.01471843517711752,0.46139439246231306
ADAUSDT,gate_no_range,reused_2026,0.025996096490459707,0.4417293233082707,0.5582706766917294,0.4808897243107769,-0.04038047257490964,0.4736533243774119
ADAUSDT,gate_no_range,year2024,0.05032143913386293,0.5085382513661202,0.49146174863387976,0.4782559198542805,0.017286817683366828,0.4666632632535162
ADAUSDT,gate_no_range,year2025,-0.017709562983498118,0.445662100456621,0.554337899543379,0.4845890410958904,-0.04681137366187716,0.45378901865653914
ADAUSDT,adaptive14,all,0.013194266023244474,0.4719157472417252,0.5280842527582749,0.4800651955867603,-0.015876319322503694,0.44191634458087553
ADAUSDT,adaptive14,development_2024_25,0.009530190564228866,0.4794231646146831,0.520576835385317,0.48193114455084357,-0.008024152699918359,0.4386713092581332
ADAUSDT,adaptive14,reused_2026,0.025458846001433708,0.45128446115288223,0.5487155388471178,0.474937343358396,-0.037455017822916756,0.4500087045209071
ADAUSDT,adaptive14,year2024,0.04690267754640335,0.5132058287795993,0.48679417122040075,0.4792805100182149,0.02412369080121665,0.4445279786873787
ADAUSDT,adaptive14,year2025,-0.028660385525042305,0.44554794520547947,0.5544520547945205,0.4845890410958904,-0.04026007248461812,0.4303141526185924
ADAUSDT,adaptive42,all,0.014108778308905497,0.47204112337011034,0.5279588766298897,0.4789368104312939,-0.0157316697374974,0.43864472767168505
ADAUSDT,adaptive42,development_2024_25,0.010825582878242155,0.4800501595987232,0.5199498404012768,0.48193114455084357,-0.008029883974242593,0.43615940259086866
ADAUSDT,adaptive42,reused_2026,0.02511592922368021,0.450031328320802,0.5499686716791979,0.4707080200501253,-0.036897103545539725,0.44471687383571884
ADAUSDT,adaptive42,year2024,0.04471276466220579,0.5124089253187614,0.48759107468123863,0.47962204007285975,0.02222479395675198,0.4438922175028254
ADAUSDT,adaptive42,year2025,-0.024224804535454728,0.4476027397260274,0.5523972602739726,0.48424657534246573,-0.03836745143381524,0.4261136963917371
ADAUSDT,adaptive126,all,0.01684948624361034,0.47559344700768974,0.5244065529923103,0.480608492143096,-0.013060904548390944,0.4377255558252593
ADAUSDT,adaptive126,development_2024_25,0.014671179037437459,0.4827861377108983,0.5172138622891017,0.48352713178294576,-0.005336526403153094,0.43635245578953613
ADAUSDT,adaptive126,reused_2026,0.024032256413243035,0.4558270676691729,0.5441729323308271,0.4725877192982456,-0.03428842494000323,0.4407804098494969
ADAUSDT,adaptive126,year2024,0.048651441247301135,0.5158242258652095,0.4841757741347905,0.48076047358834245,0.024384712590857397,0.44546705125757363
ADAUSDT,adaptive126,year2025,-0.020543492542586597,0.44965753424657534,0.5503424657534246,0.4863013698630137,-0.03513919344920196,0.42493534341955735
ADAUSDT,filtered_moe,all,,0.38941825476429287,0.519307923771314,0.4396104981611501,,
ADAUSDT,filtered_moe,development_2024_25,,0.38315093479252166,0.49236206110351116,0.42487460100319197,,
ADAUSDT,filtered_moe,reused_2026,0.013272054024119845,0.4066416040100251,0.593358395989975,0.4801065162907268,-0.04321987639283881,0.3777824580038234
ADAUSDT,filtered_moe,year2024,,0.3431238615664845,0.40824225865209474,0.36441256830601093,,
ADAUSDT,filtered_moe,year2025,-0.021333391863063548,0.4232876712328767,0.5767123287671233,0.48550228310502286,-0.02068721950420078,0.3694373644990103
ADAUSDT,kalman,all,0.019277177711856303,0.47082915412905385,0.5291708458709462,0.4780591775325978,-0.0395620072810756,0.6596220894062562
ADAUSDT,kalman,development_2024_25,0.01081778191136446,0.4777701778385773,0.5222298221614227,0.48096215230278155,-0.03141459234272248,0.6541708468613903
ADAUSDT,kalman,reused_2026,0.04909436175888278,0.4517543859649123,0.5482456140350878,0.4700814536340852,-0.06195208367181293,0.6738687282343533
ADAUSDT,kalman,year2024,0.022325341563745996,0.49123406193078323,0.5087659380692168,0.4742714025500911,-0.004589871013957392,0.655558402234285
ADAUSDT,kalman,year2025,-0.0017004956775189658,0.46426940639269404,0.5357305936073059,0.4876712328767123,-0.05831280605868968,0.65166873875801
ADAUSDT,trend_ensemble_long,all,0.039998218981002635,0.42987295218990307,0.0,0.19391507856904044,0.18433112120507253,0.28420549873666295
ADAUSDT,trend_ensemble_long,development_2024_25,0.041080819820343464,0.4375284997720018,0.0,0.2004673962608299,0.18627231537345834,0.28329521304823246
ADAUSDT,trend_ensemble_long,reused_2026,0.036982541074487445,0.40883458646616544,0.0,0.17590852130325815,0.1789964861032303,0.2866244877406477
ADAUSDT,trend_ensemble_long,year2024,0.08627525843836846,0.46288706739526414,0.0,0.2152777777777778,0.20405244811714032,0.2939254248253402
ADAUSDT,trend_ensemble_long,year2025,-0.005169445032965614,0.4121004566210046,0.0,0.18561643835616437,0.1684434699373279,0.27105077429815116
ADAUSDT,regime_gate_long,all,0.04666025419095581,0.48303243062520895,0.0,0.22062019391507856,0.17173948194245733,0.26330362864513135
ADAUSDT,regime_gate_long,development_2024_25,0.05119657878558893,0.48711810305517556,0.0,0.2268581851345189,0.17253962805573467,0.2639452892240154
ADAUSDT,regime_gate_long,reused_2026,0.0311311355297355,0.4718045112781955,0.0,0.20347744360902256,0.16954058416499215,0.26151955255927817
ADAUSDT,regime_gate_long,year2024,0.0942944460546977,0.5168488160291439,0.0,0.24601548269581056,0.19065179060383183,0.27609223966769364
ADAUSDT,regime_gate_long,year2025,0.006072332647565416,0.45730593607305936,0.0,0.20764840182648403,0.15437784314449202,0.24986103115733677
ADAUSDT,expanding_tree,all,0.0322041247212287,0.6842611166833835,0.31573888331661654,0.49310431293881646,0.19227466362000975,0.3787827762291787
ADAUSDT,expanding_tree,development_2024_25,0.04776699768916679,0.7124943000455997,0.28750569995440034,0.4956110351117191,0.22100260388656903,0.38720291190151324
ADAUSDT,expanding_tree,reused_2026,-0.03645930455733215,0.6066729323308271,0.3933270676691729,0.48621553884711777,0.11332682777469076,0.34241942289603117
ADAUSDT,expanding_tree,year2024,0.04045569466990073,0.7066256830601093,0.2933743169398907,0.5052367941712204,0.23611098728080276,0.40073477938330143
ADAUSDT,expanding_tree,year2025,0.05288927458850513,0.7183789954337899,0.28162100456621003,0.48595890410958903,0.20585282766111823,0.3725267916822878
ADAUSDT,rolling_tree,all,-0.004010988171319194,0.5546221999331328,0.4453778000668673,0.5084419926446004,0.04959403650345301,0.5930578848343409
ADAUSDT,rolling_tree,development_2024_25,0.018031392800146435,0.6765845873233014,0.3234154126766986,0.5065549475604195,0.2064685442988942,0.5299207131402592
ADAUSDT,rolling_tree,reused_2026,-0.10617215429093914,0.21945488721804512,0.7805451127819549,0.5136278195488722,-0.3815159830396579,0.5413668020335807
ADAUSDT,rolling_tree,year2024,-0.03353489488002484,0.8227459016393442,0.17725409836065573,0.4903233151183971,0.37691047306827574,0.3973538981564933
ADAUSDT,rolling_tree,year2025,0.03340312189074801,0.5300228310502283,0.4699771689497717,0.5228310502283106,0.03555965134110332,0.5879954898863533
ADAUSDT,action_tcn,all,0.0033801135048781464,0.5491056502841859,0.4508943497158141,0.49473420260782347,0.07831887018909058,0.6416008193373809
ADAUSDT,action_tcn,development_2024_25,0.04054343534692888,0.5826493388052896,0.4173506611947104,0.503077975376197,0.13279689808067485,0.6356795057770969
ADAUSDT,action_tcn,reused_2026,-0.1385466454940592,0.4569235588972431,0.5430764411027569,0.4718045112781955,-0.07139330420469928,0.6339293125439561
ADAUSDT,action_tcn,year2024,0.028326403213379633,0.6730418943533698,0.32695810564663025,0.4947632058287796,0.24973764415065908,0.5139767353788973
ADAUSDT,action_tcn,year2025,0.04012772009273371,0.4920091324200913,0.5079908675799086,0.5114155251141552,0.015535766405019415,0.7189752004476888
ADAUSDT,vol_long,all,,1.0,0.0,0.4686977599465062,1.0,0.0
ADAUSDT,vol_long,development_2024_25,,1.0,0.0,0.47651618787049704,1.0,0.0
ADAUSDT,vol_long,reused_2026,,1.0,0.0,0.44721177944862156,1.0,0.0
ADAUSDT,vol_long,year2024,,1.0,0.0,0.48565573770491804,1.0,0.0
ADAUSDT,vol_long,year2025,,1.0,0.0,0.46735159817351596,1.0,0.0
ADAUSDT,hold,all,,1.0,0.0,0.4686977599465062,1.0,0.0
ADAUSDT,hold,development_2024_25,,1.0,0.0,0.47651618787049704,1.0,0.0
ADAUSDT,hold,reused_2026,,1.0,0.0,0.44721177944862156,1.0,0.0
ADAUSDT,hold,year2024,,1.0,0.0,0.48565573770491804,1.0,0.0
ADAUSDT,hold,year2025,,1.0,0.0,0.46735159817351596,1.0,0.0
AVAXUSDT,trend24,all,0.008609318552603036,0.4804831160147108,0.5188064192577733,0.4893430290872618,-0.025607395354724023,0.6545607004022991
AVAXUSDT,trend24,development_2024_25,0.0137101443255474,0.4806201550387597,0.5190948472412221,0.4993730050159599,-0.024088594436744052,0.657405634451577
AVAXUSDT,trend24,reused_2026,-0.010062338356348543,0.4801065162907268,0.5180137844611529,0.4617794486215539,-0.02978124299022538,0.6466596535219729
AVAXUSDT,trend24,year2024,0.01807536491508887,0.47165300546448086,0.5282331511839709,0.501252276867031,-0.025071886417768346,0.6548942203281684
AVAXUSDT,trend24,year2025,0.009272751979425788,0.48961187214611873,0.5099315068493151,0.49748858447488586,-0.023102608505086816,0.6599128611496005
AVAXUSDT,trend72,all,-0.021905061152851183,0.4622617853560682,0.5372367101303912,0.48244734202607825,-0.04261376258046466,0.6672270953940024
AVAXUSDT,trend72,development_2024_25,-0.010003454904830698,0.4639762881896945,0.5358527131782945,0.492875056999544,-0.042308398867941306,0.6774301561248116
AVAXUSDT,trend72,reused_2026,-0.06853671269045455,0.4575501253132832,0.5410401002506265,0.45379072681704263,-0.04345293879796308,0.6383477666739403
AVAXUSDT,trend72,year2024,0.0278403522077896,0.4611794171220401,0.5387067395264117,0.5088797814207651,-0.029964879463683293,0.6783807618339134
AVAXUSDT,trend72,year2025,-0.05086896702613184,0.46678082191780823,0.5329908675799087,0.47682648401826483,-0.054685736133580846,0.6762494106280904
AVAXUSDT,trend168,all,-5.9548891489552e-05,0.46180207288532266,0.5380307589434972,0.4909729187562688,-0.06216624629845675,0.6638125485145729
AVAXUSDT,trend168,development_2024_25,-0.0049588632107224525,0.4643182854537164,0.5356247150022799,0.4956110351117191,-0.06002719303432141,0.6797587341054286
AVAXUSDT,trend168,reused_2026,0.019722710679142854,0.4548872180451128,0.5446428571428571,0.4782268170426065,-0.06804462199801668,0.6178364998371847
AVAXUSDT,trend168,year2024,0.028900490455574936,0.48861566484517305,0.5112704918032787,0.5096766848816029,-0.020557474009473355,0.691089798220516
AVAXUSDT,trend168,year2025,-0.0452101765685783,0.43995433789954336,0.5600456621004566,0.4815068493150685,-0.09960504827567589,0.6658585990223265
AVAXUSDT,trend336,all,0.021436630587998443,0.4395687061183551,0.5603059177532598,0.48758776328986964,-0.08421958373861324,0.6600320198762002
AVAXUSDT,trend336,development_2024_25,0.018007863018582943,0.4276105791153671,0.5723324213406292,0.4908800729594163,-0.09378012811665322,0.6725009707611023
AVAXUSDT,trend336,reused_2026,0.03506388191909357,0.4724310776942356,0.5272556390977443,0.47854010025062654,-0.05794605764708227,0.6237306858624423
AVAXUSDT,trend336,year2024,0.035336742797314157,0.48759107468123863,0.5124089253187614,0.49578779599271405,-0.010097369638086117,0.6937831507573874
AVAXUSDT,trend336,year2025,-0.008837261323800466,0.36746575342465754,0.632420091324201,0.48595890410958903,-0.17769215442666844,0.6395601368813072
AVAXUSDT,trend_ensemble,all,-0.0031209188052151973,0.4473420260782347,0.5526579739217653,0.48207121364092276,-0.047680725648145725,0.5153584137950452
AVAXUSDT,trend_ensemble,development_2024_25,0.0022138796260075997,0.44488144094847243,0.5551185590515276,0.4946420428636571,-0.04761109950356929,0.5211736736254908
AVAXUSDT,trend_ensemble,reused_2026,-0.023568148164688187,0.4541040100250627,0.5458959899749374,0.4475250626566416,-0.047872066669519306,0.4990284467092961
AVAXUSDT,trend_ensemble,year2024,0.03243235707725214,0.4544626593806922,0.5455373406193078,0.5100182149362478,-0.02489848528149841,0.5256103628457889
AVAXUSDT,trend_ensemble,year2025,-0.032587848328789526,0.4352739726027397,0.5647260273972603,0.47922374429223746,-0.07038594006597458,0.5156830898059928
AVAXUSDT,breakout,all,0.00798002387371432,0.4732948846539619,0.5267051153460381,0.4870444667335339,-0.030333850584254845,0.5880938231330709
AVAXUSDT,breakout,development_2024_25,0.025212138747453126,0.4742362061103511,0.5257637938896489,0.5006839945280438,-0.02202338741522855,0.5922612983280926
AVAXUSDT,breakout,reused_2026,-0.05633094314880151,0.4707080200501253,0.5292919799498746,0.44956140350877194,-0.05317200312770679,0.5758686373665995
AVAXUSDT,breakout,year2024,0.055907894628422904,0.47563752276867033,0.5243624772313297,0.5207194899817851,-0.012315554585239722,0.5912171668054257
AVAXUSDT,breakout,year2025,-0.007762891956950524,0.4728310502283105,0.5271689497716895,0.4805936073059361,-0.031757817047491324,0.5931469285365906
AVAXUSDT,range_only,all,0.0027460044526486315,0.5324724172517553,0.46752758274824474,0.5145436308926781,0.022319095826595626,0.381394878804091
AVAXUSDT,range_only,development_2024_25,-0.0044257374065720285,0.5335727314181486,0.46642726858185135,0.5017669858641131,0.02121411271384519,0.38596702973395675
AVAXUSDT,range_only,reused_2026,0.030220667663211007,0.5294486215538847,0.4705513784461153,0.5496553884711779,0.02535572235073309,0.36852097931547356
AVAXUSDT,range_only,year2024,-0.03405378617892171,0.5317622950819673,0.4682377049180328,0.48474499089253187,0.010169066835834205,0.3851022679544836
AVAXUSDT,range_only,year2025,0.028148400795818176,0.5353881278538812,0.4646118721461187,0.5188356164383562,0.03228941899152196,0.38651542847587506
AVAXUSDT,down_rebound,all,-0.009060814431036521,0.43401036442661317,0.3445753928452023,0.37261785356068206,0.05176175273527612,0.6029892814903881
AVAXUSDT,down_rebound,development_2024_25,-8.515266720993647e-05,0.44066347469220246,0.34102827177382583,0.38206794345645234,0.06347324201475028,0.6087199466879947
AVAXUSDT,down_rebound,reused_2026,-0.043021407638499674,0.4157268170426065,0.3543233082706767,0.3466478696741855,0.019577171294315156,0.5857479190214386
AVAXUSDT,down_rebound,year2024,0.02918977067724852,0.4534380692167577,0.3283242258652095,0.39936247723132967,0.09118001326200076,0.6110000945788243
AVAXUSDT,down_rebound,year2025,-0.03369006206277396,0.4278538812785388,0.35376712328767124,0.3647260273972603,0.0356905618051786,0.605152514796202
AVAXUSDT,selected_trend,all,-0.005361287890744847,0.44713306586425944,0.5528251420929455,0.48399364760949515,-0.07597659440021581,0.624634929697376
AVAXUSDT,selected_trend,development_2024_25,-0.012986096973114791,0.4471044231646147,0.5528385772913816,0.4889420884632923,-0.07801237725088493,0.6467795745540427
AVAXUSDT,selected_trend,reused_2026,0.026774831296798748,0.44721177944862156,0.5527882205513784,0.47039473684210525,-0.07038201822036949,0.5592429860327951
AVAXUSDT,selected_trend,year2024,0.02200876522651393,0.4741575591985428,0.5258424408014571,0.5053506375227687,-0.04061431311422714,0.6375826986012555
AVAXUSDT,selected_trend,year2025,-0.052107205096443024,0.41997716894977166,0.5799086757990868,0.47248858447488584,-0.11551290183723223,0.6537274387472605
AVAXUSDT,selected_breakout,all,-0.013255338287417638,0.4791875626880642,0.5208124373119358,0.47810096957539283,-0.02855741109591227,0.632167171035297
AVAXUSDT,selected_breakout,development_2024_25,0.006070314861525021,0.47115823073415414,0.5288417692658459,0.4914500683994528,-0.03506976498266011,0.6375760553997732
AVAXUSDT,selected_breakout,reused_2026,-0.08688248585955848,0.5012531328320802,0.49874686716791977,0.44141604010025065,-0.010660679174060153,0.6167047020765422
AVAXUSDT,selected_breakout,year2024,0.0165301737383994,0.47290528233151186,0.5270947176684881,0.4895264116575592,-0.038317685053396916,0.6143989991091523
AVAXUSDT,selected_breakout,year2025,-0.003835161457955173,0.4694063926940639,0.5305936073059361,0.49337899543378994,-0.0318129465007706,0.6599838156146036
AVAXUSDT,regime_gate,all,-0.0031309039708946954,0.5050150451354062,0.49498495486459376,0.47630391173520564,-0.0065002772965604095,0.462838860950582
AVAXUSDT,regime_gate,development_2024_25,-0.0008922052699986552,0.5086069311445508,0.49139306885544914,0.4833561331509348,-0.00248037243248201,0.4718976828051781
AVAXUSDT,regime_gate,reused_2026,-0.011850174853713997,0.4951441102756892,0.5048558897243107,0.4569235588972431,-0.01754745946062548,0.4367875300185042
AVAXUSDT,regime_gate,year2024,0.033005327946194554,0.5272085610200364,0.47279143897996356,0.4969262295081967,0.019938360324107618,0.47845447367627575
AVAXUSDT,regime_gate,year2025,-0.04028987042868935,0.4899543378995434,0.5100456621004567,0.4697488584474886,-0.024960526374706134,0.4641441121698941
AVAXUSDT,gate_no_range,all,-0.0005209539345772064,0.4894266131728519,0.5105733868271481,0.4818622534269475,-0.010026319818854514,0.47184055695308597
AVAXUSDT,gate_no_range,development_2024_25,0.003453910534455165,0.4895690834473324,0.5104309165526676,0.4946420428636571,-0.006053144470091364,0.48089540849585544
AVAXUSDT,gate_no_range,reused_2026,-0.01603445789831878,0.48903508771929827,0.5109649122807017,0.4467418546365915,-0.020945083653237464,0.4458286644728599
AVAXUSDT,gate_no_range,year2024,0.037051125805517025,0.5007969034608379,0.4992030965391621,0.513091985428051,0.01614428695938728,0.48686382958213265
AVAXUSDT,gate_no_range,year2025,-0.035408622553091705,0.478310502283105,0.521689497716895,0.47614155251141554,-0.02831139078019872,0.4737922215502734
AVAXUSDT,adaptive14,all,-0.0031303990007543418,0.49786860581745235,0.5021313941825476,0.47747408893346704,-0.008383623975075211,0.44836557802391735
AVAXUSDT,adaptive14,development_2024_25,-0.003432694206695997,0.500968992248062,0.499031007751938,0.4851801185590515,-0.0032100339034982625,0.462528653976647
AVAXUSDT,adaptive14,reused_2026,-0.0016541708533704125,0.4893483709273183,0.5106516290726817,0.45629699248120303,-0.02260127187854419,0.4065738768704193
AVAXUSDT,adaptive14,year2024,0.02937960287266255,0.5171903460837887,0.4828096539162113,0.4998861566484517,0.022459577374041514,0.4692966328847133
AVAXUSDT,adaptive14,year2025,-0.04222041370275232,0.48470319634703196,0.515296803652968,0.4704337899543379,-0.028949972883168296,0.4541867731349651
AVAXUSDT,adaptive42,all,-0.0017942215383933363,0.49632230023403545,0.5036776997659645,0.47438147776663325,-0.009587660848457004,0.44582163280472237
AVAXUSDT,adaptive42,development_2024_25,-0.0019319077059296666,0.4995440036479708,0.5004559963520292,0.48193114455084357,-0.004384752004124569,0.4611468259246572
AVAXUSDT,adaptive42,reused_2026,-0.0009731554667418036,0.487468671679198,0.5125313283208021,0.45363408521303256,-0.02388588026652847,0.4003507087890726
AVAXUSDT,adaptive42,year2024,0.033306481442850845,0.5178734061930783,0.4821265938069217,0.4998861566484517,0.020694990102416974,0.4702474712043162
AVAXUSDT,adaptive42,year2025,-0.043689990360649945,0.4811643835616438,0.5188356164383562,0.4639269406392694,-0.029533205732875815,0.45043725620553976
AVAXUSDT,adaptive126,all,-0.001480627820176579,0.4991223671013039,0.5008776328986961,0.47270979605483116,-0.008251335490573214,0.44641650756481005
AVAXUSDT,adaptive126,development_2024_25,0.00046082209778127396,0.5052439580483357,0.4947560419516644,0.48147514819881443,-0.0030848016455917258,0.46077223100011305
AVAXUSDT,adaptive126,reused_2026,-0.009340685986807913,0.4822994987468672,0.5177005012531328,0.44862155388471175,-0.02244959203448852,0.4040086851815609
AVAXUSDT,adaptive126,year2024,0.03545421407017133,0.5196948998178507,0.48030510018214934,0.49760928961748635,0.01964371484186054,0.46859795344385374
AVAXUSDT,adaptive126,year2025,-0.04047854144903963,0.49075342465753424,0.5092465753424658,0.46529680365296805,-0.025875588041228786,0.4516422356605557
AVAXUSDT,filtered_moe,all,,0.40997993981945835,0.4987462387161484,0.4366850551654965,,
AVAXUSDT,filtered_moe,development_2024_25,,0.3907888736890105,0.4847241222070223,0.4333675330597355,,
AVAXUSDT,filtered_moe,reused_2026,-0.025154664042527763,0.46271929824561403,0.5372807017543859,0.4458020050125313,-0.023851719219741937,0.34593390793689394
AVAXUSDT,filtered_moe,year2024,,0.34153005464480873,0.4098360655737705,0.39355646630236796,,
AVAXUSDT,filtered_moe,year2025,-0.03863691391650406,0.44018264840182647,0.5598173515981735,0.47328767123287674,-0.0256154639702725,0.38587339551644895
AVAXUSDT,kalman,all,0.002996568755591942,0.4791875626880642,0.5208124373119358,0.4880474757606152,-0.029657081619417658,0.6721542729946262
AVAXUSDT,kalman,development_2024_25,0.010480349839394507,0.47794117647058826,0.5220588235294118,0.4998860009119927,-0.028637826040502804,0.676344526039179
AVAXUSDT,kalman,reused_2026,-0.024918934084225915,0.4826127819548872,0.5173872180451128,0.45551378446115287,-0.032458118567488176,0.6604939602041248
AVAXUSDT,kalman,year2024,0.02969833956202812,0.4768897996357013,0.5231102003642987,0.5099043715846995,-0.02346206239364317,0.6735802858826409
AVAXUSDT,kalman,year2025,-0.009927599804244581,0.47899543378995435,0.5210045662100456,0.48984018264840185,-0.03382776986173741,0.6790654314347673
AVAXUSDT,trend_ensemble_long,all,0.01954717147751361,0.4473420260782347,0.0,0.2057422266800401,0.19513355853617692,0.28698452381525696
AVAXUSDT,trend_ensemble_long,development_2024_25,0.021339986508422774,0.44488144094847243,0.0,0.20992932056543548,0.19793652073389362,0.2910754669927824
AVAXUSDT,trend_ensemble_long,reused_2026,0.013240833164405153,0.4541040100250627,0.0,0.19423558897243107,0.1874306812183916,0.2752824145606325
AVAXUSDT,trend_ensemble_long,year2024,0.04759920098000634,0.4544626593806922,0.0,0.2174408014571949,0.20977124988591608,0.300746942199445
AVAXUSDT,trend_ensemble_long,year2025,-0.0105250308368067,0.4352739726027397,0.0,0.2023972602739726,0.18606936766638613,0.2805426460118274
AVAXUSDT,regime_gate_long,all,0.01629862274501654,0.5050150451354062,0.0,0.23156970912738215,0.18041042459594042,0.2646911893257964
AVAXUSDT,regime_gate_long,development_2024_25,0.013041452738360805,0.5086069311445508,0.0,0.23614911080711354,0.1874283835136589,0.2704825946278863
AVAXUSDT,regime_gate_long,reused_2026,0.030233044268638588,0.4951441102756892,0.0,0.21898496240601503,0.1611242292243156,0.2470558070682062
AVAXUSDT,regime_gate_long,year2024,0.04111542989693013,0.5272085610200364,0.0,0.24726775956284153,0.2014189406811056,0.2805761451509269
AVAXUSDT,regime_gate_long,year2025,-0.021848051288100877,0.4899543378995434,0.0,0.225,0.17339949605260271,0.2592110614778598
AVAXUSDT,expanding_tree,all,-0.013175335200374144,0.7402624540287529,0.2597375459712471,0.4849966566365764,0.250303490208692,0.38486130605740704
AVAXUSDT,expanding_tree,development_2024_25,-0.004108117521575289,0.8160054719562243,0.18399452804377564,0.4850091199270406,0.31271979887253026,0.3681615980432862
AVAXUSDT,expanding_tree,reused_2026,-0.04504958403734508,0.5321115288220551,0.46788847117794485,0.4849624060150376,0.0787759652716028,0.37755629071612873
AVAXUSDT,expanding_tree,year2024,-0.00743946479527921,0.8062386156648452,0.19376138433515483,0.48599726775956287,0.3319969813740263,0.39978007506971663
AVAXUSDT,expanding_tree,year2025,-0.0032502915808665144,0.8257990867579909,0.17420091324200912,0.4840182648401826,0.2933898021724,0.33233870642790936
AVAXUSDT,rolling_tree,all,-0.022297321686651245,0.6115011701771983,0.38849882982280176,0.4907221664994985,0.14665860656547308,0.5799402844862215
AVAXUSDT,rolling_tree,development_2024_25,-0.002362688779973597,0.739968080255358,0.26003191974464207,0.4897400820793434,0.31206601035682296,0.5029368339866677
AVAXUSDT,rolling_tree,reused_2026,-0.0995328922822037,0.25845864661654133,0.7415413533834586,0.4934210526315789,-0.30790083768819887,0.5326084054442688
AVAXUSDT,rolling_tree,year2024,-0.029787896904061403,0.8102231329690346,0.18977686703096538,0.47540983606557374,0.40642762218414735,0.4453911944121924
AVAXUSDT,rolling_tree,year2025,0.011330058198460495,0.6695205479452054,0.3304794520547945,0.5041095890410959,0.21744587356558806,0.5383174116784093
AVAXUSDT,action_tcn,all,-0.0345074563873407,0.6098294884653962,0.3901705115346038,0.4848294884653962,0.17022119893332957,0.6240538445333921
AVAXUSDT,action_tcn,development_2024_25,-0.01918634678989852,0.6123461012311902,0.38765389876880985,0.484610123119015,0.18741376504521604,0.6268963477296946
AVAXUSDT,action_tcn,reused_2026,-0.09231868925855047,0.6029135338345865,0.39708646616541354,0.48543233082706766,0.12297395897923552,0.6136992337522925
AVAXUSDT,action_tcn,year2024,-0.03017329856727216,0.6409380692167578,0.3590619307832423,0.47996357012750457,0.21715105947015684,0.5285579158162174
AVAXUSDT,action_tcn,year2025,-0.013544950995735284,0.583675799086758,0.416324200913242,0.48926940639269406,0.15759499858075487,0.7107460909887201
AVAXUSDT,vol_long,all,,1.0,0.0,0.4805667001003009,1.0,0.0
AVAXUSDT,vol_long,development_2024_25,,1.0,0.0,0.4801641586867305,1.0,0.0
AVAXUSDT,vol_long,reused_2026,,1.0,0.0,0.4816729323308271,1.0,0.0
AVAXUSDT,vol_long,year2024,,1.0,0.0,0.4700591985428051,1.0,0.0
AVAXUSDT,vol_long,year2025,,1.0,0.0,0.490296803652968,1.0,0.0
AVAXUSDT,hold,all,,1.0,0.0,0.4805667001003009,1.0,0.0
AVAXUSDT,hold,development_2024_25,,1.0,0.0,0.4801641586867305,1.0,0.0
AVAXUSDT,hold,reused_2026,,1.0,0.0,0.4816729323308271,1.0,0.0
AVAXUSDT,hold,year2024,,1.0,0.0,0.4700591985428051,1.0,0.0
AVAXUSDT,hold,year2025,,1.0,0.0,0.490296803652968,1.0,0.0
BCHUSDT,trend24,all,-0.016115447331661467,0.48788030758943496,0.5116181878970244,0.47074557004346373,-0.015561343171758543,0.6274994038931319
BCHUSDT,trend24,development_2024_25,-0.04678999365410787,0.5,0.4995440036479708,0.46785225718194257,0.0006343930526161506,0.6304345968936478
BCHUSDT,trend24,reused_2026,0.07111085879396764,0.45457393483709274,0.5447994987468672,0.47869674185463656,-0.06006917467558524,0.617176547385107
BCHUSDT,trend24,year2024,-0.016485783532756218,0.4961293260473588,0.5034153005464481,0.47074225865209474,-0.0048943770281221185,0.6222888341248228
BCHUSDT,trend24,year2025,-0.08490690756583746,0.5038812785388128,0.495662100456621,0.4649543378995434,0.006178310448644113,0.6384502643173058
BCHUSDT,trend72,all,0.026847640299513056,0.4812353727850217,0.5184720829154129,0.4773487128050819,-0.022101652442670722,0.6437368914225479
BCHUSDT,trend72,development_2024_25,0.007696170180244654,0.501937984496124,0.49777701778385774,0.47680118559051526,0.01321890488477506,0.6429288663686511
BCHUSDT,trend72,reused_2026,0.07249559904640145,0.4243421052631579,0.5753446115288221,0.47885338345864664,-0.11916679306809501,0.6359278691077198
BCHUSDT,trend72,year2024,0.07430278343540336,0.5006830601092896,0.4992030965391621,0.4966985428051002,0.009182068649600578,0.6484246288428134
BCHUSDT,trend72,year2025,-0.07795649377513328,0.5031963470319635,0.4963470319634703,0.45684931506849313,0.017266800945251397,0.6373447930399092
BCHUSDT,trend168,all,0.00588489586838702,0.49368940153794716,0.5062270143764627,0.4676529588766299,-0.0141703411714338,0.6558094510681318
BCHUSDT,trend168,development_2024_25,-0.03849287868209819,0.5241678066575467,0.47571819425444595,0.45109439124487005,0.04096699830454056,0.648880380742842
BCHUSDT,trend168,reused_2026,0.11870616490962752,0.4099310776942356,0.5900689223057645,0.5131578947368421,-0.16569438311480686,0.6508576389309905
BCHUSDT,trend168,year2024,0.0004863233815075862,0.5135473588342441,0.48633879781420764,0.45981329690346084,0.028569428754509747,0.6703645630731578
BCHUSDT,trend168,year2025,-0.09121300459557513,0.5348173515981736,0.46506849315068494,0.442351598173516,0.053398533798544055,0.626351765322975
BCHUSDT,trend336,all,-0.013505150079182824,0.5175526579739218,0.48244734202607825,0.4815697091273822,-5.655001514306742e-05,0.639838413363315
BCHUSDT,trend336,development_2024_25,-0.04131001784462804,0.5719334245326038,0.42806657546739624,0.4719562243502052,0.07456758530824556,0.6177661491446123
BCHUSDT,trend336,reused_2026,0.0377434622257568,0.3681077694235589,0.6318922305764411,0.5079887218045113,-0.20513265122340282,0.6544586921130344
BCHUSDT,trend336,year2024,0.005509972508185937,0.5340391621129326,0.4659608378870674,0.48520036429872493,0.051038444354825095,0.6558034344012352
BCHUSDT,trend336,year2025,-0.10805356922276696,0.6099315068493151,0.3900684931506849,0.458675799086758,0.09816118966153843,0.5761487387591896
BCHUSDT,trend_ensemble,all,0.003922706226246425,0.47939652290203943,0.5206034770979605,0.4683634236041458,-0.016077012113647936,0.49308142609340205
BCHUSDT,trend_ensemble,development_2024_25,-0.035372661958948025,0.5072389420884633,0.4927610579115367,0.45998632010943913,0.022255932899413494,0.48690430542183927
BCHUSDT,trend_ensemble,reused_2026,0.10171822284117887,0.40288220551378445,0.5971177944862155,0.49138471177944865,-0.1214205564916476,0.4946004662464208
BCHUSDT,trend_ensemble,year2024,0.024527834591040402,0.49157559198542805,0.5084244080145719,0.48463114754098363,0.01429652117448675,0.4948285936206915
BCHUSDT,trend_ensemble,year2025,-0.1138797401753513,0.522945205479452,0.47705479452054794,0.4352739726027397,0.0302371512318058,0.4786937734817781
BCHUSDT,breakout,all,0.01182787132232022,0.48913406887328653,0.5108659311267135,0.47262621196924104,-0.010762267915862225,0.5754011300962917
BCHUSDT,breakout,development_2024_25,-0.01761279865473175,0.511000911992704,0.48899908800729597,0.46762425900592797,0.024984998215388843,0.5695603503329875
BCHUSDT,breakout,reused_2026,0.08429241347727491,0.42904135338345867,0.5709586466165414,0.48637218045112784,-0.10900005566753339,0.5799155381392731
BCHUSDT,breakout,year2024,0.04016005386873666,0.5149134790528234,0.4850865209471767,0.4888433515482696,0.014879625615442756,0.5682857621053843
BCHUSDT,breakout,year2025,-0.0903962870738873,0.5070776255707763,0.49292237442922376,0.4463470319634703,0.03511805676766355,0.5706559156861296
BCHUSDT,range_only,all,-0.007407634768826211,0.5236960882647944,0.47630391173520564,0.527457372116349,0.010283374472238134,0.3627299677524711
BCHUSDT,range_only,development_2024_25,0.029710461695787786,0.5038759689922481,0.49612403100775193,0.5348267213862289,-0.010136827604355754,0.3595038865190451
BCHUSDT,range_only,reused_2026,-0.10360334162462195,0.5781641604010025,0.4218358395989975,0.5072055137844611,0.06640054634438149,0.3656241893602691
BCHUSDT,range_only,year2024,-0.02810008208924228,0.50591985428051,0.49408014571949,0.5158242258652095,-0.007675611693460394,0.3615111592960905
BCHUSDT,range_only,year2025,0.1040852816222623,0.5018264840182648,0.49817351598173515,0.5538812785388127,-0.012604786572541238,0.3574627818581194
BCHUSDT,down_rebound,all,0.0068295701732035245,0.46527081243731194,0.3226345703778001,0.3581578067535941,0.07995482476004033,0.5743169406368719
BCHUSDT,down_rebound,development_2024_25,-0.024408666283094835,0.4903670770633835,0.2909826721386229,0.34610123119015046,0.11876022109181995,0.5663391729584695
BCHUSDT,down_rebound,reused_2026,0.08239828602277936,0.39630325814536344,0.40961779448621555,0.39129072681704263,-0.02668707267804575,0.5825261916163721
BCHUSDT,down_rebound,year2024,0.036388443908525296,0.4841757741347905,0.3028233151183971,0.36247723132969034,0.121767644393771,0.5743042987327601
BCHUSDT,down_rebound,year2025,-0.1041493418158375,0.4965753424657534,0.2791095890410959,0.32968036529680367,0.11574455827397315,0.5582218511431097
BCHUSDT,selected_trend,all,0.02387287124289474,0.47074557004346373,0.5290454697425611,0.4795218990304246,-0.03441994924559512,0.6395993333187561
BCHUSDT,selected_trend,development_2024_25,0.007696170180244654,0.501937984496124,0.49777701778385774,0.47680118559051526,0.01321890488477506,0.6429288663686511
BCHUSDT,selected_trend,reused_2026,0.057724650077582644,0.3850250626566416,0.6149749373433584,0.48699874686716793,-0.16533725138582295,0.6115358849437404
BCHUSDT,selected_trend,year2024,0.07430278343540336,0.5006830601092896,0.4992030965391621,0.4966985428051002,0.009182068649600578,0.6484246288428134
BCHUSDT,selected_trend,year2025,-0.07795649377513328,0.5031963470319635,0.4963470319634703,0.45684931506849313,0.017266800945251397,0.6373447930399092
BCHUSDT,selected_breakout,all,-0.016722942731650654,0.5018806419257773,0.4981193580742227,0.47454864593781343,-0.006762528853592679,0.6108005259338832
BCHUSDT,selected_breakout,development_2024_25,-0.053756909690357686,0.5338577291381669,0.46614227086183313,0.4688782489740082,0.03931196882188181,0.6042455144459564
BCHUSDT,selected_breakout,reused_2026,0.07467779061236164,0.41400375939849626,0.5859962406015038,0.4901315789473684,-0.13338079126250943,0.6108183168588469
BCHUSDT,selected_breakout,year2024,0.010572261012388678,0.5099043715846995,0.4900956284153005,0.4920309653916211,0.014563571600751538,0.6243287686109721
BCHUSDT,selected_breakout,year2025,-0.14065135203424065,0.5578767123287671,0.4421232876712329,0.445662100456621,0.06412816987101516,0.5823583671043954
BCHUSDT,regime_gate,all,0.0039024777570830353,0.5267051153460381,0.4732948846539619,0.4718321631561351,0.015296338979154602,0.43761009430989883
BCHUSDT,regime_gate,development_2024_25,-0.03467375212081196,0.5588235294117647,0.4411764705882353,0.46602827177382583,0.051920619095821005,0.42921164736589595
BCHUSDT,regime_gate,reused_2026,0.09631995462749503,0.43843984962406013,0.5615601503759399,0.48778195488721804,-0.08535158870987977,0.4446263907919377
BCHUSDT,regime_gate,year2024,0.033083217259348874,0.552367941712204,0.447632058287796,0.4921448087431694,0.04975941540195042,0.4383586946803639
BCHUSDT,regime_gate,year2025,-0.12461116125899768,0.5652968036529681,0.434703196347032,0.4398401826484018,0.05408774389570221,0.4198283096413044
BCHUSDT,gate_no_range,all,0.003887681344077353,0.5157556001337346,0.48424439986626544,0.46945001671681713,0.012522346880623416,0.44668966478157573
BCHUSDT,gate_no_range,development_2024_25,-0.03569238645292383,0.5426926584587324,0.4573073415412677,0.46215230278157776,0.04893371447335759,0.43857486025461495
BCHUSDT,gate_no_range,reused_2026,0.09986889393073312,0.4417293233082707,0.5582706766917294,0.48950501253132833,-0.08754047157910845,0.4534506259942832
BCHUSDT,gate_no_range,year2024,0.031660689793951736,0.5292577413479053,0.47074225865209474,0.4831511839708561,0.046088331092059176,0.44800387833685607
BCHUSDT,gate_no_range,year2025,-0.12510315047922396,0.5561643835616439,0.4438356164383562,0.4410958904109589,0.05178689342556367,0.4288929693391656
BCHUSDT,adaptive14,all,0.006772467232410523,0.5222333667669675,0.4777666332330324,0.472542627883651,0.01397477597878958,0.4221062816844921
BCHUSDT,adaptive14,development_2024_25,-0.03281794672416138,0.5594505243958048,0.44054947560419516,0.4672252621979024,0.05060016063585576,0.4130344167886161
BCHUSDT,adaptive14,reused_2026,0.10098736294053326,0.4199561403508772,0.5800438596491229,0.48715538847117795,-0.08667618712014043,0.4303222689461838
BCHUSDT,adaptive14,year2024,0.03428895609067647,0.5522540983606558,0.44774590163934425,0.4952185792349727,0.04961144813027405,0.42992879311823584
BCHUSDT,adaptive14,year2025,-0.1254978373043927,0.5666666666666667,0.43333333333333335,0.4391552511415525,0.05159158194282264,0.3953670588722675
BCHUSDT,adaptive42,all,0.008339663785898276,0.5252006018054163,0.4747993981945838,0.47199933132731525,0.016099954525317345,0.4184032959663205
BCHUSDT,adaptive42,development_2024_25,-0.030369535668604137,0.5630414956680346,0.43695850433196537,0.46534427724578203,0.05249615772014237,0.4093407385998607
BCHUSDT,adaptive42,reused_2026,0.10002421494409171,0.42120927318295737,0.5787907268170426,0.49028822055137844,-0.08392119034467174,0.4266516871690953
BCHUSDT,adaptive42,year2024,0.03681765118281528,0.5500910746812386,0.44990892531876137,0.49260018214936246,0.04960222243166363,0.4283472726554151
BCHUSDT,adaptive42,year2025,-0.12408080689332844,0.576027397260274,0.42397260273972603,0.438013698630137,0.05539802159845257,0.38933000818096436
BCHUSDT,adaptive126,all,0.006820978303409773,0.5265379471748579,0.4734620528251421,0.4722500835840856,0.01904018141891356,0.4156269674561337
BCHUSDT,adaptive126,development_2024_25,-0.030164093121948655,0.5616735066119471,0.4383264933880529,0.46659826721386227,0.054508412932651164,0.40775008783876987
BCHUSDT,adaptive126,reused_2026,0.09464376583036686,0.4299812030075188,0.5700187969924813,0.48778195488721804,-0.07843078563575634,0.4214396613078418
BCHUSDT,adaptive126,year2024,0.03653661261181007,0.5500910746812386,0.44990892531876137,0.492827868852459,0.052046881649972045,0.4225688500022737
BCHUSDT,adaptive126,year2025,-0.1213251378021698,0.5732876712328767,0.4267123287671233,0.440296803652968,0.056976688136652694,0.3923135949031828
BCHUSDT,filtered_moe,all,,0.4462972250083584,0.4624289535272484,0.42389669007021064,,
BCHUSDT,filtered_moe,development_2024_25,,0.45964432284541723,0.4158686730506156,0.39734382124943,,
BCHUSDT,filtered_moe,reused_2026,0.0887376369716165,0.40961779448621555,0.5903822055137845,0.4968671679197995,-0.07122832443556472,0.33117344616461175
BCHUSDT,filtered_moe,year2024,,0.361908014571949,0.38945810564663025,0.36020036429872493,,
BCHUSDT,filtered_moe,year2025,-0.1086558647542728,0.557648401826484,0.442351598173516,0.4345890410958904,0.050812846909397226,0.3370414895151603
BCHUSDT,kalman,all,-0.005649930085142207,0.480608492143096,0.519391507856904,0.46949180875961216,-0.020789945545402592,0.6439102100854056
BCHUSDT,kalman,development_2024_25,-0.03878115192120422,0.4986890104879161,0.5013109895120839,0.46511627906976744,0.002736648669302143,0.6446619618524849
BCHUSDT,kalman,reused_2026,0.08569719989377986,0.4309210526315789,0.569078947368421,0.48151629072681706,-0.08544385671438443,0.6373829910732283
BCHUSDT,kalman,year2024,0.0037170885086347163,0.4973816029143898,0.5026183970856102,0.4726775956284153,7.872797434490576e-05,0.6361072874423277
BCHUSDT,kalman,year2025,-0.09189445090169612,0.5,0.5,0.4575342465753425,0.005401851338766116,0.6531167122057905
BCHUSDT,trend_ensemble_long,all,0.012892974622957154,0.47939652290203943,0.0,0.2180708793045804,0.19842655797499598,0.2793029942703177
BCHUSDT,trend_ensemble_long,development_2024_25,-0.028462903623061937,0.5072389420884633,0.0,0.23358413132694938,0.21504112253339225,0.287004072887445
BCHUSDT,trend_ensemble_long,reused_2026,0.13884979368308445,0.40288220551378445,0.0,0.17543859649122806,0.1527677358239144,0.2513598991331665
BCHUSDT,trend_ensemble_long,year2024,0.025262268481646085,0.49157559198542805,0.0,0.23736338797814208,0.21478815920329639,0.2918644343614084
BCHUSDT,trend_ensemble_long,year2025,-0.099257780711146,0.522945205479452,0.0,0.22979452054794522,0.21529477891370757,0.2820460794062522
BCHUSDT,regime_gate_long,all,0.010231542972422217,0.5267051153460381,0.0,0.2433968572383818,0.17861594396451594,0.25732376567000986
BCHUSDT,regime_gate_long,development_2024_25,-0.032157812098367905,0.5588235294117647,0.0,0.26231190150478795,0.1947116368150247,0.2653439593583977
BCHUSDT,regime_gate_long,reused_2026,0.14137447028412764,0.43843984962406013,0.0,0.19141604010025062,0.13438304368736595,0.22809466492789257
BCHUSDT,regime_gate_long,year2024,0.031445503305254766,0.552367941712204,0.0,0.27151639344262296,0.19756065153305824,0.27026993622836126
BCHUSDT,regime_gate_long,year2025,-0.11653802554014432,0.5652968036529681,0.0,0.2530821917808219,0.1918548165772157,0.26027959199643097
BCHUSDT,expanding_tree,all,0.03614947275923743,0.796765295887663,0.20323470411233702,0.48779672350384484,0.28381445115702203,0.3506594605229365
BCHUSDT,expanding_tree,development_2024_25,0.03460080721222404,0.8213064295485636,0.17869357045143638,0.4992020063839489,0.30372884823513174,0.34960817174199066
BCHUSDT,expanding_tree,reused_2026,0.028647956448194175,0.7293233082706767,0.2706766917293233,0.45645363408521306,0.22908729226943483,0.3477071437254602
BCHUSDT,expanding_tree,year2024,0.034120850856770336,0.7741347905282332,0.22586520947176686,0.49373861566484517,0.30043577082123485,0.3937249448750749
BCHUSDT,expanding_tree,year2025,0.03571143476232143,0.868607305936073,0.13139269406392695,0.5046803652968036,0.30703094777892975,0.29886584324435095
BCHUSDT,rolling_tree,all,0.008726315483855582,0.683049147442327,0.316950852557673,0.4980775660314276,0.2148686327274584,0.5488662219679737
BCHUSDT,rolling_tree,development_2024_25,0.01963410946898362,0.8014135886912904,0.19858641130870952,0.49264705882352944,0.37948701636619175,0.42614295116824774
BCHUSDT,rolling_tree,reused_2026,-0.07264171892759247,0.35776942355889724,0.6422305764411027,0.5130012531328321,-0.23752248922710587,0.592414090737858
BCHUSDT,rolling_tree,year2024,0.006394528925527141,0.8417577413479053,0.1582422586520947,0.47962204007285975,0.43765579533724436,0.42714055445062454
BCHUSDT,rolling_tree,year2025,0.033949942036597805,0.760958904109589,0.23904109589041095,0.5057077625570776,0.32115887087741035,0.4170721696366471
BCHUSDT,action_tcn,all,-0.00959209183770137,0.6474423269809428,0.35255767301905716,0.4913072550986292,0.22104034304586784,0.6318237855641036
BCHUSDT,action_tcn,development_2024_25,0.008440151139358148,0.666780665754674,0.333219334245326,0.49304605563155496,0.26210073199805894,0.610376874638479
BCHUSDT,action_tcn,reused_2026,-0.0722589463902953,0.5942982456140351,0.4057017543859649,0.48652882205513787,0.10820145460958318,0.6745733124435854
BCHUSDT,action_tcn,year2024,-0.004397690262412802,0.7262067395264117,0.2737932604735883,0.4783697632058288,0.32204909276285926,0.49736039285620887
BCHUSDT,action_tcn,year2025,0.018567089165052963,0.6071917808219178,0.3928082191780822,0.5077625570776255,0.20198812914897155,0.7006270863450309
BCHUSDT,vol_long,all,,1.0,0.0,0.48788030758943496,1.0,0.0
BCHUSDT,vol_long,development_2024_25,,1.0,0.0,0.4996010031919745,1.0,0.0
BCHUSDT,vol_long,reused_2026,,1.0,0.0,0.4556704260651629,1.0,0.0
BCHUSDT,vol_long,year2024,,1.0,0.0,0.49852003642987247,1.0,0.0
BCHUSDT,vol_long,year2025,,1.0,0.0,0.5006849315068493,1.0,0.0
BCHUSDT,hold,all,,1.0,0.0,0.48788030758943496,1.0,0.0
BCHUSDT,hold,development_2024_25,,1.0,0.0,0.4996010031919745,1.0,0.0
BCHUSDT,hold,reused_2026,,1.0,0.0,0.4556704260651629,1.0,0.0
BCHUSDT,hold,year2024,,1.0,0.0,0.49852003642987247,1.0,0.0
BCHUSDT,hold,year2025,,1.0,0.0,0.5006849315068493,1.0,0.0
BNBUSDT,trend24,all,0.016291633663760092,0.5301320628552324,0.4695753928452023,0.4829070544968238,0.03675477636704524,0.6344171967542382
BNBUSDT,trend24,development_2024_25,0.005364728336686429,0.5351687186502508,0.46454628362973094,0.48033515731874143,0.04531007331826632,0.6272012924929576
BNBUSDT,trend24,reused_2026,0.0498574556214706,0.5162907268170426,0.4833959899749373,0.4899749373433584,0.013243791136433907,0.6532605778234685
BNBUSDT,trend24,year2024,-0.0013395725299103901,0.5373406193078324,0.4623178506375228,0.47575136612021857,0.047697842545375166,0.6249279085343917
BNBUSDT,trend24,year2025,0.012552908199393129,0.5329908675799087,0.46678082191780823,0.4849315068493151,0.04291576225765856,0.6294635658875745
BNBUSDT,trend72,all,-0.0023822239641362025,0.543505516549649,0.4562019391507857,0.4747993981945838,0.06685891284866693,0.6376997769602432
BNBUSDT,trend72,development_2024_25,0.001960050386879162,0.5485066119471044,0.451265389876881,0.4786821705426357,0.07558711918108087,0.6317387707025709
BNBUSDT,trend72,reused_2026,-0.019984302096699734,0.5297619047619048,0.46976817042606517,0.4641290726817043,0.04287275183740906,0.6532011176654758
BNBUSDT,trend72,year2024,0.022729565535383994,0.557035519125683,0.44296448087431695,0.49373861566484517,0.09163276303493832,0.6334904105460925
BNBUSDT,trend72,year2025,-0.022947693089295004,0.5399543378995434,0.45958904109589044,0.46358447488584476,0.05949751465913063,0.6295669410591082
BNBUSDT,trend168,all,-0.00013641188116072497,0.5336425944500167,0.46619023737880305,0.4768054162487462,0.08002778404029469,0.6459807939349215
BNBUSDT,trend168,development_2024_25,-0.005283969522809996,0.5347127222982216,0.46511627906976744,0.47663018695850434,0.08937336272267721,0.6400853013597052
BNBUSDT,trend168,reused_2026,0.013741446887733964,0.5307017543859649,0.4691416040100251,0.47728696741854637,0.05434500954096532,0.6612320243600668
BNBUSDT,trend168,year2024,-0.013710020500492368,0.5593123861566485,0.4405737704918033,0.48178506375227687,0.1304552943160576,0.6525113832343451
BNBUSDT,trend168,year2025,0.00022837912733442557,0.5100456621004567,0.4897260273972603,0.4714611872146119,0.048178877892054724,0.6246710662066861
BNBUSDT,trend336,all,0.016190747710730247,0.5724256101638248,0.4275743898361752,0.48888331661651624,0.12500976754828247,0.6351574339954111
BNBUSDT,trend336,development_2024_25,0.0040883286091663576,0.5794003647970816,0.4205996352029184,0.48580711354309164,0.13901603946795246,0.6241129504732167
BNBUSDT,trend336,reused_2026,0.05109390320042308,0.5532581453634086,0.4467418546365915,0.4973370927318296,0.08651884734798636,0.6630423313542657
BNBUSDT,trend336,year2024,0.0006784521729300314,0.6280737704918032,0.3719262295081967,0.48633879781420764,0.19498155676294024,0.6113806721152183
BNBUSDT,trend336,year2025,0.002092147887452782,0.5305936073059361,0.4694063926940639,0.48527397260273974,0.0828971919885948,0.6316650029539586
BNBUSDT,trend_ensemble,all,0.009194689640270265,0.5610999665663657,0.43890003343363426,0.4772651287194918,0.06761312917529769,0.489902788570864
BNBUSDT,trend_ensemble,development_2024_25,0.0025929163688822427,0.5672024623803009,0.432797537619699,0.47674418604651164,0.07789360146565964,0.48283717881707255
BNBUSDT,trend_ensemble,reused_2026,0.026431147330682168,0.544329573934837,0.4556704260651629,0.47869674185463656,0.03936115457283686,0.5077439887559226
BNBUSDT,trend_ensemble,year2024,0.005592493467826355,0.5883424408014571,0.4116575591985428,0.48360655737704916,0.09836339156881983,0.4844437820602669
BNBUSDT,trend_ensemble,year2025,-0.0035169063936903357,0.5460045662100457,0.45399543378995433,0.46986301369863015,0.05736772974577849,0.48034568301243125
BNBUSDT,breakout,all,0.007588885262958874,0.561267134737546,0.43873286526245403,0.4728769642260114,0.09174149108939021,0.562737162516138
BNBUSDT,breakout,development_2024_25,0.00881401851834898,0.5772913816689467,0.42270861833105333,0.4744072047423621,0.11325362477358439,0.5559793281737391
BNBUSDT,breakout,reused_2026,-0.004800568577048303,0.5172305764411027,0.48276942355889724,0.46867167919799496,0.03262355979936788,0.5767863536011818
BNBUSDT,breakout,year2024,0.030003365872118545,0.5972222222222222,0.4027777777777778,0.4883879781420765,0.13343706561396115,0.5600344694712635
BNBUSDT,breakout,year2025,-0.01748641073676821,0.5573059360730593,0.44269406392694066,0.4603881278538813,0.09301488683501483,0.5511414763444941
BNBUSDT,range_only,all,-0.007656713758688192,0.4538197927114677,0.5461802072885322,0.5209796054831161,-0.038205795743013415,0.36026116160356836
BNBUSDT,range_only,development_2024_25,0.0017664631987389348,0.4429434564523484,0.5570565435476517,0.52234382124943,-0.04648064867678879,0.3549909215674581
BNBUSDT,range_only,reused_2026,-0.03362571341325461,0.48370927318295737,0.5162907268170426,0.5172305764411027,-0.015465504409969051,0.37341931990154986
BNBUSDT,range_only,year2024,-0.018387622793151724,0.4224726775956284,0.5775273224043715,0.5109289617486339,-0.056340294899427226,0.3570167169979187
BNBUSDT,range_only,year2025,0.0262966274495454,0.4634703196347032,0.5365296803652968,0.5337899543378996,-0.03659398972477327,0.3526712291338986
BNBUSDT,down_rebound,all,0.01483238327914635,0.5168421932464059,0.2705616850551655,0.38068371782012705,0.15292201982075712,0.5718250206576702
BNBUSDT,down_rebound,development_2024_25,0.0226984977028628,0.5196648426812586,0.25980392156862747,0.38240994072047424,0.16154628052454678,0.563877866851805
BNBUSDT,down_rebound,reused_2026,-0.013805813434473058,0.5090852130325815,0.300125313283208,0.37593984962406013,0.12922151390169603,0.5924704133513821
BNBUSDT,down_rebound,year2024,0.02167900138426769,0.5470173041894353,0.24146174863387979,0.39207650273224043,0.19035847246508725,0.5664878504607501
BNBUSDT,down_rebound,year2025,0.02065640869320189,0.4922374429223744,0.2781963470319635,0.3727168949771689,0.13265515107184042,0.5597613918130461
BNBUSDT,selected_trend,all,0.01086257215810427,0.5272484119023738,0.472584419926446,0.48340855901036445,0.05475712685806863,0.6181410130006609
BNBUSDT,selected_trend,development_2024_25,0.0016683163747504611,0.5478226174190607,0.4520063839489284,0.4800501595987232,0.08479237634232163,0.612777566484762
BNBUSDT,selected_trend,reused_2026,0.031207582430755776,0.4707080200501253,0.5291353383458647,0.4926378446115288,-0.027783351987754508,0.6252593494927553
BNBUSDT,selected_trend,year2024,0.010818495251181217,0.585724043715847,0.414275956284153,0.49077868852459017,0.1406510548527162,0.6068671432478987
BNBUSDT,selected_trend,year2025,-0.014272677686254568,0.5098173515981735,0.48984018264840185,0.46929223744292237,0.028780660356556097,0.6135622701001399
BNBUSDT,selected_breakout,all,0.0063706805073196855,0.5570461384152458,0.44295386158475425,0.4713724506853895,0.0865373732152033,0.5899480270680106
BNBUSDT,selected_breakout,development_2024_25,-0.00052312960238189,0.5682854537163703,0.4317145462836297,0.46688326493388055,0.10395365067913781,0.5891494465831487
BNBUSDT,selected_breakout,reused_2026,0.023429472543045213,0.5261591478696742,0.47384085213032584,0.48370927318295737,0.03867534755303742,0.5894929724159893
BNBUSDT,selected_breakout,year2024,-0.0011155530791646792,0.5990437158469946,0.40095628415300544,0.4622040072859745,0.1360030949886146,0.5848258652997005
BNBUSDT,selected_breakout,year2025,-0.003377653403369681,0.5374429223744293,0.4625570776255708,0.47157534246575344,0.0718163996729227,0.591712743141917
BNBUSDT,regime_gate,all,0.010067429691390004,0.586216984286192,0.4137830157138081,0.4828234704112337,0.08863505834238052,0.431884233396555
BNBUSDT,regime_gate,development_2024_25,0.013482262787117078,0.5962722298221614,0.40372777017783856,0.490766073871409,0.0987184760280375,0.42516258123406403
BNBUSDT,regime_gate,reused_2026,-0.005899970892637944,0.5585839598997494,0.44141604010025065,0.46099624060150374,0.060924613499466033,0.44867359726023237
BNBUSDT,regime_gate,year2024,0.01832973356496409,0.6224954462659381,0.37750455373406194,0.49464936247723135,0.12031027223340458,0.4286524039927605
BNBUSDT,regime_gate,year2025,0.004737755586933809,0.5699771689497717,0.4300228310502283,0.4868721461187215,0.07706752421662837,0.42052246955515143
BNBUSDT,gate_no_range,all,0.012069395017316246,0.5939903042460716,0.4060096957539285,0.4824891340688733,0.08999418720830277,0.4401490757184389
BNBUSDT,gate_no_range,development_2024_25,0.012058493736616889,0.604765161878705,0.395234838121295,0.47999316005471954,0.10073350226875069,0.4331731207535854
BNBUSDT,gate_no_range,reused_2026,0.0071153731136954865,0.5643796992481203,0.4356203007518797,0.4893483709273183,0.060481257474515444,0.45747732231558236
BNBUSDT,gate_no_range,year2024,0.019479531598238457,0.6334244080145719,0.36657559198542805,0.4888433515482696,0.12305811272629537,0.4367306357912287
BNBUSDT,gate_no_range,year2025,0.0003358964410691734,0.576027397260274,0.42397260273972603,0.4711187214611872,0.07834772849488397,0.4284097357473329
BNBUSDT,adaptive14,all,0.010523393930359625,0.5933216315613508,0.4066783684386493,0.48085924439986627,0.09087630657002951,0.4171092026817074
BNBUSDT,adaptive14,development_2024_25,0.011072420644137269,0.6021431828545372,0.39785681714546284,0.4860921112631099,0.10237901075469066,0.4115100238533193
BNBUSDT,adaptive14,reused_2026,0.0029157790218154148,0.569078947368421,0.4309210526315789,0.46647869674185466,0.05926549168661866,0.43054311903157494
BNBUSDT,adaptive14,year2024,0.015924651356306347,0.6290983606557377,0.3709016393442623,0.4872495446265938,0.12610832022074656,0.4208784648838148
BNBUSDT,adaptive14,year2025,0.001624124768009306,0.5751141552511415,0.42488584474885843,0.4849315068493151,0.07858468948187844,0.4004874028471163
BNBUSDT,adaptive42,all,0.011120772908766072,0.5948679371447676,0.40513206285523234,0.48391006352390503,0.09157346280417417,0.41369942319112035
BNBUSDT,adaptive42,development_2024_25,0.011844785197935654,0.6060191518467852,0.39398084815321477,0.4886000911992704,0.10371805166536884,0.40906832376424024
BNBUSDT,adaptive42,reused_2026,0.0024880126047845176,0.5642230576441103,0.4357769423558897,0.47102130325814534,0.0581986716104399,0.4243809946305879
BNBUSDT,adaptive42,year2024,0.016486265413706833,0.6337659380692168,0.36623406193078323,0.4921448087431694,0.1277769432929093,0.4192129994653867
BNBUSDT,adaptive42,year2025,0.0025384990665778466,0.5781963470319634,0.4218036529680365,0.48504566210045663,0.07959324526624603,0.3971760374959433
BNBUSDT,adaptive126,all,0.010251943440587531,0.5946589769307924,0.4053410230692076,0.4848712805081912,0.09246664532219734,0.4123020303868842
BNBUSDT,adaptive126,development_2024_25,0.011717993154257785,0.6043661650706794,0.3956338349293206,0.4892270861833105,0.10434446034621046,0.4080329805459661
BNBUSDT,adaptive126,reused_2026,-0.0007823111605248965,0.5679824561403509,0.43201754385964913,0.47290100250626566,0.05982498072613125,0.42209457698300534
BNBUSDT,adaptive126,year2024,0.014637900485089226,0.6312613843351548,0.36873861566484517,0.4919171220400729,0.12723998017934407,0.4149665080555514
BNBUSDT,adaptive126,year2025,0.004703818770668894,0.5773972602739726,0.4226027397260274,0.4865296803652968,0.08138621306147922,0.3996451774062597
BNBUSDT,filtered_moe,all,,0.5188482113005684,0.3898779672350384,0.4318789702440655,,
BNBUSDT,filtered_moe,development_2024_25,,0.5054719562243503,0.3700410396716826,0.41336069311445506,,
BNBUSDT,filtered_moe,reused_2026,0.011469403936813387,0.5556077694235589,0.4443922305764411,0.48276942355889724,0.07047101876072281,0.3590426142325519
BNBUSDT,filtered_moe,year2024,,0.44000455373406194,0.3113615664845173,0.34904371584699456,,
BNBUSDT,filtered_moe,year2025,-0.012012560767495255,0.5711187214611873,0.4288812785388128,0.47785388127853884,0.08039790935953053,0.3393114256761701
BNBUSDT,kalman,all,0.010451674944254058,0.5424607154797727,0.45753928452022735,0.4789786024740889,0.053549547728077934,0.6439674102277173
BNBUSDT,kalman,development_2024_25,-0.0011571141880002017,0.5528385772913816,0.4471614227086183,0.47674418604651164,0.06529095436799125,0.6367791330332362
BNBUSDT,kalman,reused_2026,0.04508704164373247,0.5139411027568922,0.48605889724310775,0.4851190476190476,0.02128274978154922,0.6622493560692508
BNBUSDT,kalman,year2024,0.006172377690701048,0.5607923497267759,0.43920765027322406,0.48360655737704916,0.07309704625932174,0.6376494747473103
BNBUSDT,kalman,year2025,-0.010139459854307004,0.5448630136986301,0.45513698630136984,0.46986301369863015,0.05746347592353381,0.6358089851366641
BNBUSDT,trend_ensemble_long,all,0.013646772561674696,0.5610999665663657,0.0,0.2848127716482782,0.23929825584225864,0.2975468798269084
BNBUSDT,trend_ensemble_long,development_2024_25,0.016045102657267732,0.5672024623803009,0.0,0.29035567715458277,0.24092448678031705,0.2982208206129481
BNBUSDT,trend_ensemble_long,reused_2026,0.004333542614851779,0.544329573934837,0.0,0.26958020050125314,0.23482917758766944,0.29564083206509234
BNBUSDT,trend_ensemble_long,year2024,0.0075674253189973,0.5883424408014571,0.0,0.3068078324225865,0.2547263807158546,0.3006275368686783
BNBUSDT,trend_ensemble_long,year2025,0.022719882446650578,0.5460045662100457,0.0,0.27385844748858446,0.227084779436737,0.2951404740897391
BNBUSDT,regime_gate_long,all,0.01801664716794711,0.586216984286192,0.0,0.300025075225677,0.21446512583163377,0.2818593628384084
BNBUSDT,regime_gate_long,development_2024_25,0.02773589314576616,0.5962722298221614,0.0,0.31173050615595077,0.2158594585002447,0.28382121399111093
BNBUSDT,regime_gate_long,reused_2026,-0.017171726578346005,0.5585839598997494,0.0,0.26785714285714285,0.2106333319190225,0.2763600243018555
BNBUSDT,regime_gate_long,year2024,0.012998386503259024,0.6224954462659381,0.0,0.3292349726775956,0.2310945233821754,0.28913456887793076
BNBUSDT,regime_gate_long,year2025,0.04142422717076543,0.5699771689497717,0.0,0.2941780821917808,0.20058265371452794,0.2775530573248086
BNBUSDT,expanding_tree,all,-0.01131692500400368,0.8110163824807757,0.18898361751922435,0.5157138080909395,0.34678484527912645,0.37276066168942473
BNBUSDT,expanding_tree,development_2024_25,0.017805948472784352,0.8485522115823073,0.15144778841769266,0.531577747378021,0.39878790432039923,0.37157545169913625
BNBUSDT,expanding_tree,reused_2026,-0.15905865039117079,0.7078634085213033,0.29213659147869675,0.47211779448621555,0.20387418302660615,0.33692675583002946
BNBUSDT,expanding_tree,year2024,-0.011415298057175243,0.8180783242258652,0.1819216757741348,0.5379098360655737,0.37697158773735584,0.38567200589920053
BNBUSDT,expanding_tree,year2025,0.0571537537096199,0.8791095890410959,0.12089041095890411,0.5252283105022831,0.420663991633807,0.3555399727312824
BNBUSDT,rolling_tree,all,-0.012768076173099397,0.7203694416583083,0.27963055834169176,0.5138331661651622,0.32692289689373827,0.5776700992442926
BNBUSDT,rolling_tree,development_2024_25,-0.006440856325979013,0.8407432740538076,0.15925672594619242,0.5195508435932512,0.5001378613682885,0.4632307574960454
BNBUSDT,rolling_tree,reused_2026,-0.10555823008311836,0.38956766917293234,0.6104323308270677,0.4981203007518797,-0.14909266337278926,0.5933085421490741
BNBUSDT,rolling_tree,year2024,0.035479204440861674,0.8525728597449909,0.1474271402550091,0.5318761384335154,0.5002308489844967,0.44023446412145206
BNBUSDT,rolling_tree,year2025,-0.04887228200502207,0.8288812785388128,0.1711187214611872,0.5071917808219178,0.5000446189914882,0.48519685708614646
BNBUSDT,action_tcn,all,0.0008105495195393613,0.6781176863925109,0.32188231360748915,0.49995820795720497,0.2687593954744357,0.6072297834707563
BNBUSDT,action_tcn,development_2024_25,0.025468510541376308,0.708561331509348,0.2914386684906521,0.508264933880529,0.31927798849674704,0.5962536600082723
BNBUSDT,action_tcn,reused_2026,-0.10027530145102308,0.5944548872180451,0.4055451127819549,0.47713032581453635,0.12992822442439983,0.6154200868298271
BNBUSDT,action_tcn,year2024,-0.021836010572265373,0.8320810564663024,0.16791894353369763,0.5183287795992714,0.4713084048672716,0.4375552977000764
BNBUSDT,action_tcn,year2025,0.047890745826785736,0.5847031963470319,0.41529680365296806,0.49817351598173515,0.16683105043753607,0.6881969667482697
BNBUSDT,vol_long,all,,1.0,0.0,0.5307589434971581,1.0,0.0
BNBUSDT,vol_long,development_2024_25,,1.0,0.0,0.5360807113543091,1.0,0.0
BNBUSDT,vol_long,reused_2026,,1.0,0.0,0.5161340852130326,1.0,0.0
BNBUSDT,vol_long,year2024,,1.0,0.0,0.5409836065573771,1.0,0.0
BNBUSDT,vol_long,year2025,,1.0,0.0,0.5311643835616439,1.0,0.0
BNBUSDT,hold,all,,1.0,0.0,0.5307589434971581,1.0,0.0
BNBUSDT,hold,development_2024_25,,1.0,0.0,0.5360807113543091,1.0,0.0
BNBUSDT,hold,reused_2026,,1.0,0.0,0.5161340852130326,1.0,0.0
BNBUSDT,hold,year2024,,1.0,0.0,0.5409836065573771,1.0,0.0
BNBUSDT,hold,year2025,,1.0,0.0,0.5311643835616439,1.0,0.0
BTCUSDT,trend24,all,0.006586388563342062,0.5215229020394517,0.4783099297893681,0.4880892678034102,0.021582012061620578,0.6397026608258467
BTCUSDT,trend24,development_2024_25,-0.011041223618414125,0.5262767897856817,0.4734952120383037,0.48044915640674873,0.031215168534942196,0.6371890898288977
BTCUSDT,trend24,reused_2026,0.055669814356055,0.5084586466165414,0.49154135338345867,0.5090852130325815,-0.004891060803033928,0.6458203334659255
BTCUSDT,trend24,year2024,0.0029313929236016475,0.5382513661202186,0.4614071038251366,0.4732468123861566,0.04906907084230407,0.6390959934958619
BTCUSDT,trend24,year2025,-0.031379929211853626,0.514269406392694,0.48561643835616436,0.4876712328767123,0.013312351426738213,0.63476717752872
BTCUSDT,trend72,all,0.014037319547617525,0.5228184553660983,0.47713975259110664,0.4786442661317285,0.03395545220731171,0.660942367298096
BTCUSDT,trend72,development_2024_25,0.01724261191661475,0.530608755129959,0.469391244870041,0.48757409940720475,0.0454546164276584,0.659609462784913
BTCUSDT,trend72,reused_2026,0.0022484904618921687,0.5014097744360902,0.49843358395989973,0.4541040100250627,0.002354365571697302,0.6635660898871322
BTCUSDT,trend72,year2024,0.04007921155393803,0.5433743169398907,0.4566256830601093,0.5068306010928961,0.0826391248671897,0.6713488916369525
BTCUSDT,trend72,year2025,-0.017754289502115172,0.5178082191780822,0.4821917808219178,0.4682648401826484,0.008168232622539356,0.6454768739821337
BTCUSDT,trend168,all,0.016557114641113636,0.5325977933801405,0.4673604145770645,0.4877131394182548,0.04779948579818865,0.6620109625725213
BTCUSDT,trend168,development_2024_25,-0.007552372123762236,0.538531691746466,0.46146830825353397,0.48557911536707704,0.06452156703415703,0.661238001932421
BTCUSDT,trend168,reused_2026,0.08392631232395165,0.5162907268170426,0.48355263157894735,0.49357769423558895,0.0018451948828018395,0.6619585311726339
BTCUSDT,trend168,year2024,0.004135570741146344,0.5724043715846995,0.4275956284153005,0.48554189435336975,0.1309836470101109,0.6751536582382748
BTCUSDT,trend168,year2025,-0.034177063773917715,0.5045662100456622,0.4954337899543379,0.48561643835616436,-0.0021226008321419275,0.6400915739132312
BTCUSDT,trend336,all,0.03474442452007011,0.5343112671347375,0.46568873286526247,0.5033433634236042,0.07214814572597092,0.6605442824019253
BTCUSDT,trend336,development_2024_25,0.01765775597264422,0.538531691746466,0.46146830825353397,0.5039329685362517,0.08997103405925283,0.6558063486023864
BTCUSDT,trend336,reused_2026,0.08037298082909466,0.5227130325814536,0.47728696741854637,0.5017230576441103,0.023168704479245003,0.6709591909093455
BTCUSDT,trend336,year2024,0.05014770882633518,0.586976320582878,0.41302367941712204,0.5103597449908925,0.1767134977261415,0.6646102692482097
BTCUSDT,trend336,year2025,-0.03824509536003024,0.4899543378995434,0.5100456621004567,0.49748858447488586,0.0029909198069754364,0.635070756044816
BTCUSDT,trend_ensemble,all,0.01841633501653784,0.5341858910063524,0.4658141089936476,0.48424439986626544,0.03929310538396535,0.5139926004823653
BTCUSDT,trend_ensemble,development_2024_25,0.0036374155638753416,0.5422366621067032,0.4577633378932969,0.4844961240310077,0.052569013161014234,0.5126496525314068
BTCUSDT,trend_ensemble,reused_2026,0.05807994878087533,0.5120614035087719,0.48793859649122806,0.48355263157894735,0.0028093137109475377,0.5159087892278128
BTCUSDT,trend_ensemble,year2024,0.028271568277184276,0.5721766848816029,0.4278233151183971,0.49829234972677594,0.09669096003053501,0.5209009454046624
BTCUSDT,trend_ensemble,year2025,-0.0372055526389199,0.5122146118721461,0.4877853881278539,0.470662100456621,0.008326184245275581,0.500348543681613
BTCUSDT,breakout,all,0.025149596207107525,0.5397442326980942,0.4602557673019057,0.4929371447676362,0.0693781160663178,0.5894173276014982
BTCUSDT,breakout,development_2024_25,0.020602670400982983,0.5515845873233014,0.4484154126766986,0.4953830369357045,0.08883730056408261,0.5890558507307919
BTCUSDT,breakout,reused_2026,0.03405122452475729,0.5072055137844611,0.49279448621553884,0.48621553884711777,0.015901936111934044,0.5870972281988699
BTCUSDT,breakout,year2024,0.04490139079795365,0.5807149362477231,0.41928506375227687,0.5030737704918032,0.12847255613317554,0.5903117665123239
BTCUSDT,breakout,year2025,-0.01631517362404193,0.5223744292237443,0.4776255707762557,0.4876712328767123,0.04909345525370452,0.5851040250470714
BTCUSDT,range_only,all,-0.016412310383419136,0.4728769642260114,0.5271230357739887,0.5129973253092611,-0.02293184499898076,0.37719901379352516
BTCUSDT,range_only,development_2024_25,-0.002669729571941481,0.46477428180574554,0.5352257181942545,0.5136798905608755,-0.03118837822711173,0.3770136492877914
BTCUSDT,range_only,reused_2026,-0.05383634415382038,0.4951441102756892,0.5048558897243107,0.5111215538847118,-0.00024189842092160467,0.37677728295562335
BTCUSDT,range_only,year2024,-0.031138259051663467,0.4395491803278688,0.5604508196721312,0.5010245901639344,-0.05710892333354286,0.38239062619512815
BTCUSDT,range_only,year2025,0.04080407617899948,0.49006849315068496,0.5099315068493151,0.5263698630136986,-0.00519681792860818,0.36972358425937446
BTCUSDT,down_rebound,all,0.02440863487100868,0.5012955533266467,0.2874038783015714,0.3846121698428619,0.13533536362915907,0.5930369016177739
BTCUSDT,down_rebound,development_2024_25,0.012352848423778833,0.5127678978568172,0.2802097583219334,0.3874829001367989,0.14843578605944047,0.5917749610679145
BTCUSDT,down_rebound,reused_2026,0.056686130379167046,0.46976817042606517,0.30717418546365916,0.3767230576441103,0.09933382680007753,0.5950074840686281
BTCUSDT,down_rebound,year2024,0.03020642650672296,0.5409836065573771,0.25455373406193077,0.394011839708561,0.20289448961732473,0.5974509702118729
BTCUSDT,down_rebound,year2025,-0.020082953137093452,0.48447488584474885,0.3059360730593607,0.3809360730593607,0.09382788057400032,0.580924396889077
BTCUSDT,selected_trend,all,0.030713801082219334,0.5198930123704447,0.48010698762955534,0.48599966566365765,0.02528580460067922,0.6423393060271738
BTCUSDT,selected_trend,development_2024_25,0.012849760820765704,0.520234838121295,0.479765161878705,0.4841541267669859,0.030497064177846072,0.6518633905258572
BTCUSDT,selected_trend,reused_2026,0.08525495947314636,0.518953634085213,0.48104636591478694,0.49107142857142855,0.01096463636417931,0.61518002460636
BTCUSDT,selected_trend,year2024,0.04007921155393803,0.5433743169398907,0.4566256830601093,0.5068306010928961,0.0826391248671897,0.6713488916369525
BTCUSDT,selected_trend,year2025,-0.03154623058597606,0.49703196347031964,0.5029680365296804,0.46141552511415523,-0.021787851472290277,0.6273849139587109
BTCUSDT,selected_breakout,all,0.0168464742501754,0.5412487462387161,0.45875125376128384,0.48691909060514876,0.07760301413317813,0.6107894052391135
BTCUSDT,selected_breakout,development_2024_25,-0.0009835589111086283,0.5559165526675787,0.44408344733242133,0.48683310533515733,0.09723601134528352,0.6091460032883409
BTCUSDT,selected_breakout,reused_2026,0.06463027989285618,0.5009398496240601,0.49906015037593987,0.48715538847117795,0.023649175929986253,0.6120481667886117
BTCUSDT,selected_breakout,year2024,0.016248451673012126,0.6185109289617486,0.38148907103825136,0.49123406193078323,0.17879021583101826,0.6090184346676939
BTCUSDT,selected_breakout,year2025,-0.03742243512669272,0.4931506849315068,0.5068493150684932,0.48242009132420094,0.015458370682875524,0.5982121577585906
BTCUSDT,regime_gate,all,0.016885945851342846,0.5585088599130725,0.44149114008692747,0.48666833834837847,0.0641825550593596,0.4598877289781276
BTCUSDT,regime_gate,development_2024_25,0.004462923322388277,0.5728454172366622,0.4271545827633379,0.49116507067943455,0.07841345678324792,0.4574977000462594
BTCUSDT,regime_gate,reused_2026,0.048686312849380096,0.5191102756892231,0.4808897243107769,0.4743107769423559,0.025074325133937182,0.4641510439235024
BTCUSDT,regime_gate,year2024,0.029334697859682134,0.5931238615664846,0.4068761384335155,0.4996584699453552,0.12159611477392487,0.4678631447936466
BTCUSDT,regime_gate,year2025,-0.03818103481699729,0.5525114155251142,0.4474885844748858,0.482648401826484,0.03511249014054174,0.4426525335444784
BTCUSDT,gate_no_range,all,0.020896202326323464,0.5615178869943163,0.43848211300568374,0.490346038114343,0.06541736564023982,0.46884676927974234
BTCUSDT,gate_no_range,development_2024_25,0.008190062711297921,0.5699954400364797,0.43000455996352027,0.4904810761513908,0.07925278251301208,0.46691118092408407
BTCUSDT,gate_no_range,reused_2026,0.05386126426013477,0.5382205513784462,0.4617794486215539,0.4899749373433584,0.027395975662809272,0.472041456469222
BTCUSDT,gate_no_range,year2024,0.03434803422323679,0.5957422586520947,0.40425774134790526,0.5011384335154827,0.12375462468552274,0.47701213004825077
BTCUSDT,gate_no_range,year2025,-0.03606386904467459,0.5441780821917809,0.4558219178082192,0.4797945205479452,0.034629017485234295,0.45218169733054775
BTCUSDT,adaptive14,all,0.013010146482396163,0.5584670678702774,0.4415329321297225,0.48746238716148443,0.06508084523612326,0.4450815902469396
BTCUSDT,adaptive14,development_2024_25,-0.0010190777825697472,0.5718194254445964,0.42818057455540354,0.48899908800729597,0.08054699877016729,0.4469427528288516
BTCUSDT,adaptive14,reused_2026,0.05027862661253217,0.5217731829573935,0.4782268170426065,0.4832393483709273,0.022577994734671404,0.4371170762387193
BTCUSDT,adaptive14,year2024,0.024229927299561624,0.5961976320582878,0.4038023679417122,0.49977231329690347,0.12574760809227736,0.46143029477330305
BTCUSDT,adaptive14,year2025,-0.04587774454748276,0.5473744292237442,0.4526255707762557,0.47819634703196345,0.0352225521622432,0.4271518214469061
BTCUSDT,adaptive42,all,0.014489256817210024,0.5605148779672351,0.43948512203276496,0.49017886994316284,0.06535412801373841,0.4429888767471864
BTCUSDT,adaptive42,development_2024_25,0.0008037804511928501,0.5717624259005928,0.4282375740994072,0.4903100775193798,0.08119259313920361,0.4450380175686458
BTCUSDT,adaptive42,reused_2026,0.05067216457374657,0.5296052631578947,0.47039473684210525,0.4898182957393484,0.02182812046969679,0.43434377337690955
BTCUSDT,adaptive42,year2024,0.02524472773188678,0.5947176684881603,0.40528233151183973,0.5014799635701275,0.12334124411386259,0.46139006788031556
BTCUSDT,adaptive42,year2025,-0.04250551630122539,0.5487442922374429,0.4512557077625571,0.4791095890410959,0.038928466408449686,0.4238261895948049
BTCUSDT,adaptive126,all,0.015609847462442435,0.5616432631227014,0.43835673687729854,0.49005349381477764,0.06779784220970665,0.4434177867757132
BTCUSDT,adaptive126,development_2024_25,0.0023659507808509958,0.5734724122207022,0.4265275877792978,0.4895120839033288,0.0831674633583102,0.4444027430515337
BTCUSDT,adaptive126,reused_2026,0.05028110945970682,0.5291353383458647,0.4708646616541353,0.49154135338345867,0.025560274316363794,0.4379303742531969
BTCUSDT,adaptive126,year2024,0.026730870982221887,0.5914162112932605,0.4085837887067395,0.5015938069216758,0.12283413106364614,0.4608777719307289
BTCUSDT,adaptive126,year2025,-0.04016441857362411,0.5554794520547945,0.44452054794520546,0.4773972602739726,0.043392119851041855,0.4235310855331661
BTCUSDT,filtered_moe,all,,0.48754597124707455,0.4211802072885323,0.441115011701772,,
BTCUSDT,filtered_moe,development_2024_25,,0.47645918832649337,0.39905380756953945,0.42601459188326496,,
BTCUSDT,filtered_moe,reused_2026,0.06334241094439418,0.5180137844611529,0.48198621553884713,0.4826127819548872,0.026494596564303297,0.3743832884646659
BTCUSDT,filtered_moe,year2024,,0.4180327868852459,0.3333333333333333,0.37215391621129323,,
BTCUSDT,filtered_moe,year2025,-0.030127708310186026,0.5350456621004567,0.4649543378995434,0.4800228310502283,0.038392045931355416,0.3618336815526847
BTCUSDT,kalman,all,0.00886147751793608,0.5245737211634904,0.4754262788365095,0.48729521899030426,0.0341643443174763,0.6562540920116658
BTCUSDT,kalman,development_2024_25,-0.008741948955228063,0.5337437300501596,0.4662562699498404,0.48176014591883265,0.04615828278632375,0.6542168656583413
BTCUSDT,kalman,reused_2026,0.05760985934399407,0.4993734335839599,0.5006265664160401,0.5025062656641605,0.0012035585252677063,0.6606999458011011
BTCUSDT,kalman,year2024,0.010542712598289854,0.5540755919854281,0.44592440801457195,0.4805327868852459,0.07499283017201282,0.65436655277188
BTCUSDT,kalman,year2025,-0.03723365212442289,0.5133561643835617,0.48664383561643837,0.48299086757990867,0.017244736640673917,0.6527890857066264
BTCUSDT,trend_ensemble_long,all,0.021627512647105763,0.5341858910063524,0.0,0.2700601805416249,0.2376979862703433,0.2992297120737113
BTCUSDT,trend_ensemble_long,development_2024_25,0.016555243305590894,0.5422366621067032,0.0,0.2768467852257182,0.2439420853179805,0.30307233978884435
BTCUSDT,trend_ensemble_long,reused_2026,0.03432673077215583,0.5120614035087719,0.0,0.25140977443609025,0.22053845091762592,0.2877090778571623
BTCUSDT,trend_ensemble_long,year2024,0.0318022633319017,0.5721766848816029,0.0,0.30487249544626593,0.2736983928231167,0.32031473320801723
BTCUSDT,trend_ensemble_long,year2025,-0.01595182933552665,0.5122146118721461,0.0,0.24874429223744293,0.2141042536826933,0.2815964304415405
BTCUSDT,regime_gate_long,all,0.02398129048996648,0.5585088599130725,0.0,0.28343363423604145,0.21617103566059734,0.2842622077716726
BTCUSDT,regime_gate_long,development_2024_25,0.02093797413403347,0.5728454172366622,0.0,0.2954856361149111,0.22236918786638754,0.28813045310393
BTCUSDT,regime_gate_long,reused_2026,0.03028707955926176,0.5191102756892231,0.0,0.25031328320802004,0.19913776775671524,0.27262525709177887
BTCUSDT,regime_gate_long,year2024,0.02962269228803763,0.5931238615664846,0.0,0.31602914389799636,0.25441266012672253,0.3086794527763519
BTCUSDT,regime_gate_long,year2025,-0.004650256971376883,0.5525114155251142,0.0,0.27488584474885847,0.1902379252710927,0.2620299536469001
BTCUSDT,expanding_tree,all,-0.004932164816990812,0.8102641257104647,0.18973587428953528,0.515295887662989,0.32995235735206246,0.3870845680739513
BTCUSDT,expanding_tree,development_2024_25,0.02518225022139897,0.8345873233014136,0.16541267669858642,0.5272457820337437,0.3746834565171353,0.37243378736657734
BTCUSDT,expanding_tree,reused_2026,-0.10388451635524158,0.743421052631579,0.2565789473684211,0.4824561403508772,0.20702591566158043,0.3997558353389217
BTCUSDT,expanding_tree,year2024,0.00045761831625289813,0.862363387978142,0.13763661202185792,0.5317622950819673,0.4154203392772773,0.361304104153061
BTCUSDT,expanding_tree,year2025,0.042670088402548975,0.8067351598173516,0.1932648401826484,0.522716894977169,0.3338349658590202,0.3788969916031767
BTCUSDT,rolling_tree,all,-0.01103468242480151,0.6748161150117018,0.32518388498829826,0.5076479438314945,0.25402449321111187,0.5390118030175556
BTCUSDT,rolling_tree,development_2024_25,0.012837270343165678,0.7788417692658459,0.22115823073415414,0.5232558139534884,0.3891867658595168,0.4872001194562154
BTCUSDT,rolling_tree,reused_2026,-0.12276410278344317,0.38894110275689225,0.6110588972431078,0.46475563909774437,-0.11741769214973022,0.4984740454202992
BTCUSDT,rolling_tree,year2024,-0.016425342713852067,0.8209244080145719,0.17907559198542805,0.5272085610200364,0.4416108728474958,0.46137070295491284
BTCUSDT,rolling_tree,year2025,0.034194400713474744,0.7366438356164383,0.26335616438356163,0.5192922374429224,0.33661903118115966,0.5063723235792107
BTCUSDT,action_tcn,all,-0.01502061756143847,0.7077064526914075,0.2922935473085924,0.508901705115346,0.32245092855504387,0.6023386666048347
BTCUSDT,action_tcn,development_2024_25,0.0025034632871990506,0.720702234382125,0.27929776561787506,0.5136228910168719,0.3506165196537219,0.6057125112888809
BTCUSDT,action_tcn,reused_2026,-0.07540030419302685,0.6719924812030075,0.32800751879699247,0.49592731829573933,0.2450484958740903,0.5860374747367636
BTCUSDT,action_tcn,year2024,-0.03198880586285897,0.8280965391621129,0.17190346083788707,0.5292577413479053,0.48092310647367403,0.44685927187967805
BTCUSDT,action_tcn,year2025,0.008884937571926871,0.613013698630137,0.386986301369863,0.49794520547945204,0.2199529284863179,0.7074255278859604
BTCUSDT,vol_long,all,,1.0,0.0,0.5215646940822467,1.0,0.0
BTCUSDT,vol_long,development_2024_25,,1.0,0.0,0.5267897856817145,1.0,0.0
BTCUSDT,vol_long,reused_2026,,1.0,0.0,0.5072055137844611,1.0,0.0
BTCUSDT,vol_long,year2024,,1.0,0.0,0.5389344262295082,1.0,0.0
BTCUSDT,vol_long,year2025,,1.0,0.0,0.5146118721461187,1.0,0.0
BTCUSDT,hold,all,,1.0,0.0,0.5215646940822467,1.0,0.0
BTCUSDT,hold,development_2024_25,,1.0,0.0,0.5267897856817145,1.0,0.0
BTCUSDT,hold,reused_2026,,1.0,0.0,0.5072055137844611,1.0,0.0
BTCUSDT,hold,year2024,,1.0,0.0,0.5389344262295082,1.0,0.0
BTCUSDT,hold,year2025,,1.0,0.0,0.5146118721461187,1.0,0.0
DOGEUSDT,trend24,all,0.051439919489275836,0.4875041792042795,0.5114092276830492,0.48019057171514545,-0.015526876926779086,0.6421653615763326
DOGEUSDT,trend24,development_2024_25,0.060309109327751055,0.49566803465572273,0.5033629730962152,0.48147514819881443,-0.006875548404150194,0.6442766676930038
DOGEUSDT,trend24,reused_2026,0.015488860807010141,0.4650689223057644,0.5335213032581454,0.4766604010025063,-0.03930176846828932,0.6357211075616716
DOGEUSDT,trend24,year2024,0.08107059868843308,0.5058060109289617,0.492827868852459,0.4749544626593807,0.016026544824233997,0.6386081973224341
DOGEUSDT,trend24,year2025,0.03210052152188516,0.48550228310502286,0.5139269406392694,0.488013698630137,-0.029840387093434066,0.6491001586509461
DOGEUSDT,trend72,all,0.029116585972506142,0.4692828485456369,0.5299231026412571,0.4666917418923437,-0.03364512919487093,0.6441538751495997
DOGEUSDT,trend72,development_2024_25,0.04302271466704481,0.47685818513451894,0.5224578203374373,0.47104423164614684,-0.02282614768355906,0.64919671634517
DOGEUSDT,trend72,reused_2026,-0.03108340581500362,0.44846491228070173,0.5504385964912281,0.45473057644110276,-0.06337699191956632,0.6291302551299279
DOGEUSDT,trend72,year2024,0.07285505223398632,0.5062613843351548,0.4929417122040073,0.47404371584699456,0.03022857926171218,0.639063054113487
DOGEUSDT,trend72,year2025,-0.0017126950488090802,0.4473744292237443,0.552054794520548,0.4680365296803653,-0.0760262300451187,0.6549001205020938
DOGEUSDT,trend168,all,0.033837857828323575,0.44972417251755265,0.5498579070544968,0.4747993981945838,-0.056849141033811265,0.6486270539730089
DOGEUSDT,trend168,development_2024_25,0.0444609960020423,0.46146830825353397,0.5384176926584587,0.4782261741906065,-0.03972755347390925,0.6591603467140732
DOGEUSDT,trend168,reused_2026,-0.015750142184301503,0.4174498746867168,0.581296992481203,0.46538220551378445,-0.10390132338827879,0.6163126941225744
DOGEUSDT,trend168,year2024,0.0603006328210364,0.5351775956284153,0.46459471766848814,0.4828096539162113,0.047907484152529524,0.6508956836328537
DOGEUSDT,trend168,year2025,0.009028897029483698,0.3875570776255708,0.6124429223744292,0.47363013698630135,-0.1276026870938451,0.6556875918627361
DOGEUSDT,trend336,all,0.04485949839041357,0.43714476763624205,0.5624791039786025,0.4997492477432297,-0.07751910450292342,0.6644583209771882
DOGEUSDT,trend336,development_2024_25,0.05718097507472693,0.4485864113087095,0.5512425900592796,0.5049589603283173,-0.06086143438535173,0.6753865847243468
DOGEUSDT,trend336,reused_2026,-0.011451649126158668,0.4057017543859649,0.593358395989975,0.48543233082706766,-0.12329638591625014,0.6311959204237386
DOGEUSDT,trend336,year2024,0.10009111642706951,0.5339253187613844,0.46584699453551914,0.5108151183970856,0.053020418700049934,0.675395102036057
DOGEUSDT,trend336,year2025,-0.016612403744267153,0.363013698630137,0.6368721461187214,0.4990867579908676,-0.17505529254769972,0.6558129739916786
DOGEUSDT,trend_ensemble,all,0.05080763973849214,0.44245235707121366,0.5575476429287863,0.4737128050819124,-0.036898145741952416,0.49789395918855883
DOGEUSDT,trend_ensemble,development_2024_25,0.06592568745406835,0.4549703602371181,0.5450296397628819,0.47737118103055176,-0.024745117125892856,0.5028858878379344
DOGEUSDT,trend_ensemble,reused_2026,-0.01526599828211327,0.4080513784461153,0.5919486215538847,0.46365914786967416,-0.07029613039736421,0.482335944983909
DOGEUSDT,trend_ensemble,year2024,0.1002744368392941,0.5062613843351548,0.49373861566484517,0.4791666666666667,0.03325393842100759,0.5006874652009382
DOGEUSDT,trend_ensemble,year2025,0.010776000681005695,0.4035388127853881,0.5964611872146118,0.47557077625570776,-0.08290307419483961,0.49834835668343325
DOGEUSDT,breakout,all,0.050119119090047896,0.4699515212303577,0.5300484787696422,0.4673186225342695,-0.029949943703573723,0.5657449108414158
DOGEUSDT,breakout,development_2024_25,0.07104787355965769,0.4915640674874601,0.5084359325125399,0.47668718650250796,-0.002294035147588856,0.5667353156037349
DOGEUSDT,breakout,reused_2026,-0.04200714802269528,0.4105576441102757,0.5894423558897243,0.44157268170426067,-0.10595170744201333,0.5559737480709536
DOGEUSDT,breakout,year2024,0.0967050316762513,0.5331284153005464,0.46687158469945356,0.47575136612021857,0.04715177056553733,0.5621091921071323
DOGEUSDT,breakout,year2025,0.030432858619376137,0.44988584474885845,0.5501141552511416,0.4776255707762557,-0.051875308821572916,0.5670233775213097
DOGEUSDT,range_only,all,-0.04596255790264059,0.5380725509862923,0.4619274490137078,0.5278335005015045,0.015971751927758744,0.36596608531940866
DOGEUSDT,range_only,development_2024_25,-0.060383745778668445,0.5235978112175103,0.47640218878248974,0.524281805745554,0.008026509654732365,0.3689497990525034
DOGEUSDT,range_only,reused_2026,0.016363419870940085,0.5778508771929824,0.42214912280701755,0.5375939849624061,0.03780623351265456,0.35672809160445806
DOGEUSDT,range_only,year2024,-0.09990424853863848,0.4834927140255009,0.5165072859744991,0.524931693989071,-0.02229645089639625,0.36344435632415345
DOGEUSDT,range_only,year2025,-0.004627907547299122,0.5638127853881278,0.43618721461187215,0.5236301369863013,0.03843254681011066,0.3719148116634849
DOGEUSDT,down_rebound,all,0.028456014661486558,0.4253176195252424,0.3417335339351387,0.3542711467736543,0.050994399300935356,0.5751944631733021
DOGEUSDT,down_rebound,development_2024_25,0.04373684780342637,0.4370725034199726,0.32643638850889195,0.35630414956680345,0.0678133767622508,0.5780233520457618
DOGEUSDT,down_rebound,reused_2026,-0.038981764085230894,0.39301378446115287,0.38377192982456143,0.34868421052631576,0.004773825901606091,0.5647740119674459
DOGEUSDT,down_rebound,year2024,0.0766417290813679,0.5038706739526412,0.2839253187613843,0.3722677595628415,0.13044367224725575,0.5678868187242243
DOGEUSDT,down_rebound,year2025,-0.007990105948401811,0.37009132420091323,0.3690639269406393,0.34029680365296805,0.005011491426602013,0.5812753204336469
DOGEUSDT,selected_trend,all,0.02267243706890202,0.46585590103644264,0.533809762621197,0.4676947509194249,-0.033781782681606684,0.6134831165063607
DOGEUSDT,selected_trend,development_2024_25,0.040059222204534915,0.4833561331509348,0.5163018695850433,0.4801641586867305,-0.016579906216431194,0.6286882323497884
DOGEUSDT,selected_trend,reused_2026,-0.0607377879974238,0.41776315789473684,0.5819235588972431,0.43342731829573933,-0.08105460860658142,0.5669293584342313
DOGEUSDT,selected_trend,year2024,0.07807977284243313,0.5004553734061931,0.49943078324225865,0.491120218579235,0.020266715310097907,0.6019153325014482
DOGEUSDT,selected_trend,year2025,-0.008417401177813599,0.46621004566210045,0.5332191780821918,0.4691780821917808,-0.053527477390978156,0.6523491922118712
DOGEUSDT,selected_breakout,all,0.03607549039125801,0.4663574055499833,0.5336425944500167,0.4751755265797392,-0.021865671072348554,0.6148195950580865
DOGEUSDT,selected_breakout,development_2024_25,0.057284528539143176,0.48250113999088007,0.5174988600091199,0.488828089375285,0.005589784323632126,0.6220486101328415
DOGEUSDT,selected_breakout,reused_2026,-0.06168802997205331,0.42199248120300753,0.5780075187969925,0.43765664160401,-0.0973165654124308,0.5879344210005993
DOGEUSDT,selected_breakout,year2024,0.07322174520415782,0.5351775956284153,0.4648224043715847,0.4861111111111111,0.07781662512674548,0.5986122425802025
DOGEUSDT,selected_breakout,year2025,0.02591505456966744,0.42968036529680365,0.5703196347031964,0.49155251141552514,-0.06683493823510618,0.6365173667026701
DOGEUSDT,regime_gate,all,0.04768865273575757,0.4976596456034771,0.5023403543965229,0.48110999665663656,0.0007808777965034918,0.44176280451185956
DOGEUSDT,regime_gate,development_2024_25,0.0641651687734309,0.5090059279525764,0.4909940720474236,0.48250113999088007,0.013202471245248124,0.4471762435794013
DOGEUSDT,regime_gate,reused_2026,-0.025841139660083747,0.46647869674185466,0.5335213032581454,0.47728696741854637,-0.033355155327678195,0.42466519814646964
DOGEUSDT,regime_gate,year2024,0.09875269008454624,0.5541894353369763,0.44581056466302366,0.4870218579234973,0.0631664448252821,0.43977971094338436
DOGEUSDT,regime_gate,year2025,0.01048374762926233,0.4636986301369863,0.5363013698630137,0.47796803652968034,-0.03689838993363525,0.44892274478572336
DOGEUSDT,gate_no_range,all,0.04938722689242632,0.4819040454697426,0.5180959545302575,0.47078736208625876,-0.0033875779900472227,0.4497091588524645
DOGEUSDT,gate_no_range,development_2024_25,0.06629978965296664,0.49640902872777015,0.5035909712722298,0.4748062015503876,0.009876932323832755,0.4552195015438759
DOGEUSDT,gate_no_range,reused_2026,-0.026183071865065525,0.44204260651629074,0.5579573934837093,0.45974310776942356,-0.03984004806315348,0.43211411634169183
DOGEUSDT,gate_no_range,year2024,0.10050112348843218,0.5478142076502732,0.4521857923497268,0.4715391621129326,0.06096260049039346,0.4486732089335558
DOGEUSDT,gate_no_range,year2025,0.012833305190199342,0.4448630136986301,0.5551369863013699,0.4780821917808219,-0.04134869657743085,0.45597937626645474
DOGEUSDT,adaptive14,all,0.04437066992585579,0.4840354396522902,0.5159645603477098,0.4812353727850217,-0.0007448766695033518,0.428352322117596
DOGEUSDT,adaptive14,development_2024_25,0.060071337437384506,0.5000569995440036,0.4999430004559964,0.4834701322389421,0.012797351833839619,0.43590804979910397
DOGEUSDT,adaptive14,reused_2026,-0.028471456945014705,0.4400062656641604,0.5599937343358395,0.475093984962406,-0.037960549736960884,0.4045382281106689
DOGEUSDT,adaptive14,year2024,0.09515721313814322,0.546448087431694,0.453551912568306,0.48770491803278687,0.06223575911864418,0.4323170786827295
DOGEUSDT,adaptive14,year2025,0.004568385994756953,0.4535388127853881,0.5464611872146119,0.47922374429223746,-0.0367765031421562,0.43385910333623773
DOGEUSDT,adaptive42,all,0.04490408963218232,0.48788030758943496,0.512119692410565,0.47851889000334336,0.00032773701242216755,0.4252175116598434
DOGEUSDT,adaptive42,development_2024_25,0.060625313329583486,0.5042749658002736,0.4957250341997264,0.4798791609667123,0.013963686286338678,0.43356385200168646
DOGEUSDT,adaptive42,reused_2026,-0.02879120396868539,0.44282581453634084,0.5571741854636592,0.47478070175438597,-0.03714549200725065,0.39899505652153433
DOGEUSDT,adaptive42,year2024,0.09445690019298936,0.5515710382513661,0.4484289617486339,0.4854280510018215,0.06209565531270361,0.4278839540997662
DOGEUSDT,adaptive42,year2025,0.0074626511549492815,0.45684931506849313,0.5431506849315069,0.4743150684931507,-0.034300151148317665,0.433856569755016
DOGEUSDT,adaptive126,all,0.046685476029964215,0.49210130391173523,0.5078986960882648,0.47818455366098295,0.0024402763599328083,0.42468818819138515
DOGEUSDT,adaptive126,development_2024_25,0.06270933156663264,0.509233926128591,0.490766073871409,0.48113315093479253,0.01535126554585833,0.43215269628624964
DOGEUSDT,adaptive126,reused_2026,-0.027221850071704155,0.4450187969924812,0.5549812030075187,0.4700814536340852,-0.03304067512469709,0.4013307541485462
DOGEUSDT,adaptive126,year2024,0.09670183462424145,0.5549863387978142,0.4450136612021858,0.4880464480874317,0.0636548067467591,0.42140686966467206
DOGEUSDT,adaptive126,year2025,0.010545817017612823,0.46335616438356164,0.5366438356164384,0.47420091324200914,-0.03308461412408599,0.4373415443212699
DOGEUSDT,filtered_moe,all,,0.4063440320962889,0.502382146439318,0.4266549648946841,,
DOGEUSDT,filtered_moe,development_2024_25,,0.4048107615139079,0.47070223438212494,0.41558367533059737,,
DOGEUSDT,filtered_moe,reused_2026,-0.02412992119544686,0.4105576441102757,0.5894423558897243,0.45708020050125314,-0.030455311509921965,0.34029642861349757
DOGEUSDT,filtered_moe,year2024,,0.39048269581056466,0.3608834244080146,0.35473588342440804,,
DOGEUSDT,filtered_moe,year2025,0.008695974087669376,0.4191780821917808,0.5808219178082191,0.4765981735159817,-0.015186903868129122,0.377702698321155
DOGEUSDT,kalman,all,0.0467701613192317,0.4851220327649616,0.5148779672350384,0.47279338014042127,-0.019945953666685903,0.6503034732217772
DOGEUSDT,kalman,development_2024_25,0.05667939669014444,0.4954970360237118,0.5045029639762882,0.4799361605107159,-0.00825476315387901,0.651241035072369
DOGEUSDT,kalman,reused_2026,0.005835813915264846,0.4566102756892231,0.5433897243107769,0.4531641604010025,-0.05207475165488831,0.6466322383460587
DOGEUSDT,kalman,year2024,0.0858340876870359,0.5159380692167578,0.4840619307832423,0.4772313296903461,0.02481971272161095,0.6422766283147915
DOGEUSDT,kalman,year2025,0.01697038939715246,0.475,0.525,0.482648401826484,-0.041419854031767574,0.6584416692551569
DOGEUSDT,trend_ensemble_long,all,0.09363787867779212,0.44245235707121366,0.0,0.20323470411233702,0.18869193557453684,0.2879986377982252
DOGEUSDT,trend_ensemble_long,development_2024_25,0.1128789460174373,0.4549703602371181,0.0,0.2149452804377565,0.19666647411804158,0.29277476240665795
DOGEUSDT,trend_ensemble_long,reused_2026,0.008867116638884792,0.4080513784461153,0.0,0.17105263157894737,0.1667769443140031,0.2732495630955593
DOGEUSDT,trend_ensemble_long,year2024,0.13003882126655658,0.5062613843351548,0.0,0.24726775956284153,0.2246234885316428,0.3035990245183993
DOGEUSDT,trend_ensemble_long,year2025,0.07891905516660613,0.4035388127853881,0.0,0.18253424657534248,0.1686328651444031,0.2787013640142885
DOGEUSDT,regime_gate_long,all,0.08655892299960025,0.4976596456034771,0.0,0.23428619190906053,0.17046563747588683,0.26446217165913255
DOGEUSDT,regime_gate_long,development_2024_25,0.10522510203135273,0.5090059279525764,0.0,0.2445280437756498,0.1788641167469681,0.27097970400822463
DOGEUSDT,regime_gate_long,reused_2026,-0.000450209717907059,0.46647869674185466,0.0,0.20614035087719298,0.14738560609558465,0.24417910562344194
DOGEUSDT,regime_gate_long,year2024,0.12217856256804452,0.5541894353369763,0.0,0.27515938069216755,0.20261553745958977,0.2804072706315634
DOGEUSDT,regime_gate_long,year2025,0.07255801588259893,0.4636986301369863,0.0,0.21381278538812784,0.15504762364883237,0.25900698814578993
DOGEUSDT,expanding_tree,all,0.04566056708004271,0.6961718488799733,0.30382815112002676,0.49118187897024407,0.21164801775386696,0.39343324222010767
DOGEUSDT,expanding_tree,development_2024_25,0.05952375539051187,0.7318741450068399,0.26812585499316005,0.4936160510715914,0.2501580471566783,0.3981388720670645
DOGEUSDT,expanding_tree,reused_2026,-0.030016859293976683,0.5980576441102757,0.4019423558897243,0.48449248120300753,0.10581782416944947,0.3595522759945094
DOGEUSDT,expanding_tree,year2024,0.07601581645444737,0.69933970856102,0.30066029143898,0.5019353369763205,0.2493110333968229,0.4416477132385007
DOGEUSDT,expanding_tree,year2025,0.03535973505600477,0.7644977168949771,0.23550228310502283,0.48527397260273974,0.251007381502177,0.34910582210819807
DOGEUSDT,rolling_tree,all,0.011637456235318793,0.633901705115346,0.36609829488465395,0.49239384821130056,0.15356695941375476,0.558835915620052
DOGEUSDT,rolling_tree,development_2024_25,0.01670079511330706,0.7158002735978112,0.28419972640218877,0.4887140902872777,0.26223193777406384,0.5216378802342981
DOGEUSDT,rolling_tree,reused_2026,-0.036561362142535324,0.40883458646616544,0.5911654135338346,0.5025062656641605,-0.14505747359897422,0.5487459293319116
DOGEUSDT,rolling_tree,year2024,0.03376433735368323,0.8155737704918032,0.18442622950819673,0.48759107468123863,0.40169118640948315,0.436701811810862
DOGEUSDT,rolling_tree,year2025,-0.030858789730822084,0.6157534246575342,0.38424657534246576,0.48984018264840185,0.1223906090053968,0.5609535872249287
DOGEUSDT,action_tcn,all,0.03195629309495268,0.5779421598127716,0.42205784018722836,0.5015045135406219,0.1231441486508215,0.6186408164701869
DOGEUSDT,action_tcn,development_2024_25,0.04469655299669231,0.5823643410852714,0.4176356589147287,0.49811901504787964,0.13744155437511973,0.6303439377194324
DOGEUSDT,action_tcn,reused_2026,-0.027208245872477017,0.5657894736842105,0.4342105263157895,0.5108082706766918,0.08385315773179136,0.5834737261886955
DOGEUSDT,action_tcn,year2024,0.017835274979291955,0.6534608378870674,0.3465391621129326,0.48770491803278687,0.22546465221109274,0.5266070004708635
DOGEUSDT,action_tcn,year2025,0.05494145777713063,0.5110730593607306,0.4889269406392694,0.5085616438356164,0.049177297366993396,0.7086049479334449
DOGEUSDT,vol_long,all,,1.0,0.0,0.48729521899030426,1.0,0.0
DOGEUSDT,vol_long,development_2024_25,,1.0,0.0,0.4958390332877337,1.0,0.0
DOGEUSDT,vol_long,reused_2026,,1.0,0.0,0.46381578947368424,1.0,0.0
DOGEUSDT,vol_long,year2024,,1.0,0.0,0.5063752276867031,1.0,0.0
DOGEUSDT,vol_long,year2025,,1.0,0.0,0.48527397260273974,1.0,0.0
DOGEUSDT,hold,all,,1.0,0.0,0.48729521899030426,1.0,0.0
DOGEUSDT,hold,development_2024_25,,1.0,0.0,0.4958390332877337,1.0,0.0
DOGEUSDT,hold,reused_2026,,1.0,0.0,0.46381578947368424,1.0,0.0
DOGEUSDT,hold,year2024,,1.0,0.0,0.5063752276867031,1.0,0.0
DOGEUSDT,hold,year2025,,1.0,0.0,0.48527397260273974,1.0,0.0
ETHUSDT,trend24,all,0.025092402869315855,0.5162988966900702,0.48370110330992977,0.4796472751588098,0.011547949339067687,0.6393568169897975
ETHUSDT,trend24,development_2024_25,0.018631426467456035,0.5180118559051528,0.48198814409484725,0.4781691746466028,0.01886436771506725,0.638368385354275
ETHUSDT,trend24,reused_2026,0.04470916337774477,0.5115914786967418,0.4884085213032581,0.48370927318295737,-0.008558448528810814,0.6416357903468203
ETHUSDT,trend24,year2024,0.03165866663402841,0.529143897996357,0.470856102003643,0.48030510018214934,0.03219121433215267,0.6358668651962041
ETHUSDT,trend24,year2025,0.006920261324832457,0.5068493150684932,0.4931506849315068,0.476027397260274,0.005501009189441871,0.6405886220894144
ETHUSDT,trend72,all,0.017786091391136332,0.5216064861250418,0.4783517218321632,0.4688649281176864,0.02129823092846411,0.661383288466055
ETHUSDT,trend72,development_2024_25,0.027282346262391316,0.5277587779297765,0.47224122207022345,0.4740082079343365,0.02813000755918525,0.665044885290725
ETHUSDT,trend72,reused_2026,-0.013624404169812004,0.5046992481203008,0.4951441102756892,0.45473057644110276,0.002523686879377062,0.6508455365174126
ETHUSDT,trend72,year2024,0.06595714462960668,0.5508879781420765,0.4491120218579235,0.4783697632058288,0.05755913696206226,0.6625780551072143
ETHUSDT,trend72,year2025,-0.0071315058386981454,0.5045662100456622,0.4954337899543379,0.46963470319634704,-0.001379749595480469,0.6662052388132648
ETHUSDT,trend168,all,0.03199699691856133,0.51207790036777,0.48792209963223004,0.48971915747241723,0.0109359432323381,0.6675557230835067
ETHUSDT,trend168,development_2024_25,0.024154790679206034,0.5078089375284998,0.49219106247150024,0.4898540811673507,0.011431234201746434,0.6775089961203028
ETHUSDT,trend168,reused_2026,0.058290205056051696,0.5238095238095238,0.47619047619047616,0.4893483709273183,0.009574824064527997,0.6394035044870824
ETHUSDT,trend168,year2024,0.033375182414850546,0.5187841530054644,0.4812158469945355,0.4920309653916211,0.047895062259070885,0.699021735696834
ETHUSDT,trend168,year2025,0.014305796805824389,0.4968036529680365,0.5031963470319635,0.4876712328767123,-0.025132494754365207,0.6531877230232042
ETHUSDT,trend336,all,0.0337253754868157,0.4880892678034102,0.5119107321965898,0.5017134737545971,0.0027881626952404787,0.6898595715012474
ETHUSDT,trend336,development_2024_25,0.02101069107882868,0.4680232558139535,0.5319767441860465,0.49840401276789786,-0.007708012022988683,0.6972336462419364
ETHUSDT,trend336,reused_2026,0.07710513713779847,0.543233082706767,0.4567669172932331,0.5108082706766918,0.03163291351864471,0.6683279291193952
ETHUSDT,trend336,year2024,0.02033900114643293,0.4948770491803279,0.5051229508196722,0.5022768670309654,0.04468107460505123,0.7213750226364585
ETHUSDT,trend336,year2025,0.019694517493984806,0.4410958904109589,0.5589041095890411,0.4945205479452055,-0.06024063039521502,0.6680433757478357
ETHUSDT,trend_ensemble,all,0.031137229700560775,0.5019642260113675,0.4980357739886326,0.4726680040120361,0.015149877007083066,0.5126152448860793
ETHUSDT,trend_ensemble,development_2024_25,0.028568848940490763,0.5037619699042407,0.49623803009575923,0.4742932056543548,0.01911524951727526,0.5157319387081237
ETHUSDT,trend_ensemble,reused_2026,0.03898930598625695,0.49702380952380953,0.5029761904761905,0.4682017543859649,0.004252556311780464,0.5037902154263203
ETHUSDT,trend_ensemble,year2024,0.0507164359856518,0.5305100182149363,0.46948998178506374,0.4853142076502732,0.04761101632257218,0.5210967062128209
ETHUSDT,trend_ensemble,year2025,0.0075626679911455245,0.4769406392694064,0.5230593607305936,0.4632420091324201,-0.009458587882008753,0.5086955386968818
ETHUSDT,breakout,all,0.028627864757161642,0.5142510865931127,0.4857489134068873,0.480608492143096,0.03493499848204137,0.5752548000677216
ETHUSDT,breakout,development_2024_25,0.038909970806402704,0.5255357957136343,0.4744642042863657,0.48295713634290927,0.04912893807161268,0.5751743100487027
ETHUSDT,breakout,reused_2026,-0.005651832662661336,0.4832393483709273,0.5167606516290727,0.4741541353383459,-0.0040716550517053505,0.5736700955325448
ETHUSDT,breakout,year2024,0.06406748132528582,0.5459927140255009,0.4540072859744991,0.49055100182149364,0.07703284583104884,0.577561782125815
ETHUSDT,breakout,year2025,0.015779261405724304,0.5050228310502283,0.4949771689497717,0.47534246575342465,0.02114858124982189,0.5714036751499058
ETHUSDT,range_only,all,-0.02885218238396382,0.48859077231695086,0.5114092276830492,0.5194750919424942,-0.010889156911977504,0.37591280580937486
ETHUSDT,range_only,development_2024_25,-0.029573733893626504,0.4838691290469676,0.5161308709530323,0.5178978568171455,-0.016152280077227917,0.3778958611620865
ETHUSDT,range_only,reused_2026,-0.025564566996895414,0.5015664160401002,0.49843358395989973,0.5238095238095238,0.003574538703804648,0.37002311126334303
ETHUSDT,range_only,year2024,-0.06441469117169481,0.4643670309653916,0.5356329690346083,0.5043260473588342,-0.03160544068062459,0.37708242127361236
ETHUSDT,range_only,year2025,0.0015140250260013246,0.5034246575342466,0.4965753424657534,0.5315068493150685,-0.0006567820475205677,0.37807608890389577
ETHUSDT,down_rebound,all,0.036278252237110856,0.4760531594784353,0.29572049481778667,0.3694416583082581,0.1147876407790182,0.5908617566018716
ETHUSDT,down_rebound,development_2024_25,0.04030515849153636,0.48318513451892386,0.2954856361149111,0.3760829913360693,0.1228715349464549,0.5957253839206306
ETHUSDT,down_rebound,reused_2026,0.02220292617278062,0.45645363408521306,0.29636591478696744,0.35119047619047616,0.09257212710835568,0.576701632545866
ETHUSDT,down_rebound,year2024,0.07614313414351102,0.5099043715846995,0.28790983606557374,0.3967440801457195,0.15849674104586503,0.6050935125747054
ETHUSDT,down_rebound,year2025,0.006828843038979676,0.45639269406392696,0.3030821917808219,0.355365296803653,0.08714872554266281,0.5840031979626862
ETHUSDT,selected_trend,all,0.008257638643052413,0.5218572383818121,0.4781427616181879,0.47212470745570045,0.033180910323751055,0.641725084813802
ETHUSDT,selected_trend,development_2024_25,0.005656726306011541,0.5066119471044231,0.49338805289557686,0.4690492476060191,0.024077716686270515,0.6511741385446359
ETHUSDT,selected_trend,reused_2026,0.018208749236684536,0.5637531328320802,0.43624686716791977,0.4805764411027569,0.05819758156058667,0.6143163912657348
ETHUSDT,selected_trend,year2024,0.042536714950028316,0.4943078324225865,0.5056921675774135,0.4793943533697632,0.014461049379148033,0.6438876178248925
ETHUSDT,selected_trend,year2025,-0.025110399266835372,0.5189497716894977,0.48105022831050226,0.458675799086758,0.03372073102711112,0.6582586004400172
ETHUSDT,selected_breakout,all,0.013417791581832116,0.5076479438314945,0.4923520561685055,0.4809846205282514,0.03168553745387895,0.6173586540287793
ETHUSDT,selected_breakout,development_2024_25,0.01733794431247161,0.49327405380756956,0.5067259461924305,0.4788531691746466,0.02124609990728569,0.6179797796125597
ETHUSDT,selected_breakout,reused_2026,0.002460137059886023,0.5471491228070176,0.45285087719298245,0.4868421052631579,0.060374367704103274,0.6147361465900476
ETHUSDT,selected_breakout,year2024,0.0398796426230318,0.526183970856102,0.473816029143898,0.4734744990892532,0.06744268945859686,0.6165032991700095
ETHUSDT,selected_breakout,year2025,-0.004223142258207877,0.4602739726027397,0.5397260273972603,0.48424657534246573,-0.025077055642796185,0.6159877314202388
ETHUSDT,regime_gate,all,0.036461509850013354,0.5455115346038114,0.4544884653961886,0.4776412571046473,0.049674252310538396,0.458976377514654
ETHUSDT,regime_gate,development_2024_25,0.03378633677781682,0.5482216142270862,0.4517783857729138,0.4791951664386685,0.056116765558213114,0.46311577585958247
ETHUSDT,regime_gate,reused_2026,0.044257079720351686,0.5380639097744361,0.4619360902255639,0.4733709273182957,0.031969450866740586,0.44692557861898946
ETHUSDT,regime_gate,year2024,0.04826527080632093,0.5728597449908925,0.42714025500910746,0.4828096539162113,0.08601528020680754,0.47414467992051257
ETHUSDT,regime_gate,year2025,0.01907666436848984,0.5235159817351598,0.47648401826484016,0.47557077625570776,0.026136337170855423,0.449795230536175
ETHUSDT,gate_no_range,all,0.036559401291117025,0.5292962219993314,0.47070377800066865,0.47584419926446003,0.04715083675651884,0.4676604923969508
ETHUSDT,gate_no_range,development_2024_25,0.035633710131583,0.5319767441860465,0.4680232558139535,0.4778841769265846,0.053788410021178956,0.47192602613199786
ETHUSDT,gate_no_range,reused_2026,0.03861331524196181,0.5219298245614035,0.4780701754385965,0.47023809523809523,0.028909986920178397,0.45523456769194404
ETHUSDT,gate_no_range,year2024,0.05512610387108202,0.557832422586521,0.44216757741347906,0.49373861566484517,0.08356606626181493,0.4825465984569379
ETHUSDT,gate_no_range,year2025,0.016457767006536315,0.5060502283105023,0.4939497716894977,0.461986301369863,0.023929171160705632,0.45909546237779847
ETHUSDT,adaptive14,all,0.03645897852571422,0.539535272484119,0.46046472751588097,0.48110999665663656,0.04991303734685441,0.4479784128468459
ETHUSDT,adaptive14,development_2024_25,0.0341357921094504,0.542407660738714,0.4575923392612859,0.48022115823073414,0.05966442143637285,0.45619078745315617
ETHUSDT,adaptive14,reused_2026,0.04267503543137459,0.531641604010025,0.4683583959899749,0.48355263157894735,0.023115060770019888,0.4234375779779122
ETHUSDT,adaptive14,year2024,0.0522051966620944,0.5719489981785064,0.42805100182149364,0.4850865209471767,0.09227574582062816,0.4682337210499707
ETHUSDT,adaptive14,year2025,0.015884787599136297,0.5127853881278539,0.4872146118721461,0.47534246575342465,0.026963750957914114,0.44137399650228576
ETHUSDT,adaptive42,all,0.034716667045551625,0.5437980608492143,0.4562019391507857,0.48144433299899697,0.049319367889978344,0.4460584922511892
ETHUSDT,adaptive42,development_2024_25,0.033016953219716115,0.5454856361149111,0.4545143638850889,0.48010715914272684,0.05951255693095638,0.4554040673822124
ETHUSDT,adaptive42,reused_2026,0.03874950052996053,0.5391604010025063,0.4608395989974937,0.4851190476190476,0.021307258157065048,0.4180262152628693
ETHUSDT,adaptive42,year2024,0.05043698259274107,0.5713797814207651,0.428620218579235,0.48474499089253187,0.08881255674131049,0.4664073244486858
ETHUSDT,adaptive42,year2025,0.015609952967854538,0.5195205479452055,0.48047945205479453,0.4754566210045662,0.03013228314851911,0.4421516770637819
ETHUSDT,adaptive126,all,0.034765982619270004,0.5450936141758609,0.45490638582413906,0.4803159478435306,0.04986301126474286,0.4464864489925776
ETHUSDT,adaptive126,development_2024_25,0.033258968664862686,0.5480506155950753,0.45194938440492477,0.48084815321477425,0.05883658388482422,0.4543892859505859
ETHUSDT,adaptive126,reused_2026,0.03831728761452432,0.5369674185463659,0.4630325814536341,0.47885338345864664,0.025202554177226034,0.4230313787567846
ETHUSDT,adaptive126,year2024,0.05022231698701005,0.5709244080145719,0.42907559198542805,0.4842896174863388,0.08723969343133549,0.46332853531810786
ETHUSDT,adaptive126,year2025,0.016444878577366064,0.5251141552511416,0.4748858447488584,0.4773972602739726,0.030355657599829337,0.44342229171351166
ETHUSDT,filtered_moe,all,,0.45427950518221333,0.4544466733533935,0.4238131059846205,,
ETHUSDT,filtered_moe,development_2024_25,,0.4316575467396261,0.44385544915640673,0.4065207478340173,,
ETHUSDT,filtered_moe,reused_2026,0.03690479964882713,0.5164473684210527,0.48355263157894735,0.47133458646616544,0.03730802720869025,0.36140510183642777
ETHUSDT,filtered_moe,year2024,,0.37215391621129323,0.37921220400728595,0.3524590163934426,,
ETHUSDT,filtered_moe,year2025,0.012560110597339469,0.491324200913242,0.508675799086758,0.46073059360730595,0.020523149399435732,0.37992045285393705
ETHUSDT,kalman,all,0.022103795396092973,0.5155466399197592,0.4844533600802407,0.47856068204613844,0.015862028051636206,0.6516749938745867
ETHUSDT,kalman,development_2024_25,0.017795843067919034,0.5216598267213862,0.4783401732786138,0.4790811673506612,0.02425654529799048,0.6515692962178626
ETHUSDT,kalman,reused_2026,0.034867419816861,0.49874686716791977,0.5012531328320802,0.47713032581453635,-0.007207115208081741,0.6514084825647692
ETHUSDT,kalman,year2024,0.04191841974783884,0.5349499089253188,0.46505009107468126,0.4861111111111111,0.042874001676208716,0.6490096689537274
ETHUSDT,kalman,year2025,-0.003679608987521401,0.5083333333333333,0.49166666666666664,0.4720319634703196,0.0055880821899688985,0.6535936007035565
ETHUSDT,trend_ensemble_long,all,0.03148535604869766,0.5019642260113675,0.0,0.24561183550651955,0.22153442485045433,0.2985184092946312
ETHUSDT,trend_ensemble_long,development_2024_25,0.04563612314105722,0.5037619699042407,0.0,0.24800501595987232,0.22538186278838435,0.3020926532116783
ETHUSDT,trend_ensemble_long,reused_2026,-0.016335472347054184,0.49702380952380953,0.0,0.23903508771929824,0.21096120254734582,0.2882035640793571
ETHUSDT,trend_ensemble_long,year2024,0.051409433351490175,0.5305100182149363,0.0,0.27151639344262296,0.24291896998620616,0.31146322426199347
ETHUSDT,trend_ensemble_long,year2025,0.03917669797516096,0.4769406392694064,0.0,0.22442922374429225,0.2077967087215275,0.29133695287418515
ETHUSDT,regime_gate_long,all,0.03635192290533651,0.5455115346038114,0.0,0.26980942828485455,0.20409378859391156,0.28316949208801895
ETHUSDT,regime_gate_long,development_2024_25,0.04948143884997734,0.5482216142270862,0.0,0.2726858185134519,0.2093225165798776,0.2885704630335166
ETHUSDT,regime_gate_long,reused_2026,-0.009905169426353793,0.5380639097744361,0.0,0.2619047619047619,0.1897246150685688,0.267240144971372
ETHUSDT,regime_gate_long,year2024,0.046657837545206936,0.5728597449908925,0.0,0.29143897996357016,0.23309913147257738,0.3009545290394583
ETHUSDT,regime_gate_long,year2025,0.0506556023239185,0.5235159817351598,0.0,0.25388127853881276,0.18548076027651286,0.27352675948981015
ETHUSDT,expanding_tree,all,-0.0016602890068771635,0.7848963557338683,0.21510364426613174,0.5213975259110666,0.3454403969185342,0.4041717641083076
ETHUSDT,expanding_tree,development_2024_25,0.02838579633080958,0.8064295485636115,0.1935704514363885,0.5269607843137255,0.3691378006932907,0.3942293147726022
ETHUSDT,expanding_tree,reused_2026,-0.09465809371128259,0.7257205513784462,0.2742794486215539,0.506109022556391,0.2803170805300115,0.42353897711029015
ETHUSDT,expanding_tree,year2024,0.021777543032956075,0.8132969034608379,0.18670309653916212,0.5351775956284153,0.3751682002431791,0.3945730088982916
ETHUSDT,expanding_tree,year2025,0.03382303418348651,0.7995433789954338,0.2004566210045662,0.5187214611872146,0.36309087950079977,0.3937916613340147
ETHUSDT,rolling_tree,all,-0.03436975821607943,0.6565947843530592,0.3434052156469408,0.49828652624540287,0.2044449544992309,0.5676985458362948
ETHUSDT,rolling_tree,development_2024_25,-0.01774637387841417,0.7382010943912448,0.26179890560875513,0.5049019607843137,0.30330171416432555,0.5419303244216049
ETHUSDT,rolling_tree,reused_2026,-0.10761984879616632,0.4323308270676692,0.5676691729323309,0.4801065162907268,-0.06722531360296542,0.5479031958956582
ETHUSDT,rolling_tree,year2024,-0.008677433691049738,0.8094262295081968,0.19057377049180327,0.5048952641165756,0.3698374728889461,0.4241979703084731
ETHUSDT,rolling_tree,year2025,-0.026560546787450397,0.6667808219178082,0.33321917808219176,0.5049086757990867,0.2365836656897746,0.6315490717283069
ETHUSDT,action_tcn,all,0.00026704650466631064,0.6592694750919424,0.3407305249080575,0.5010030090270813,0.24675400746694506,0.6098809159673039
ETHUSDT,action_tcn,development_2024_25,0.01573724348877132,0.6837665298677611,0.31623347013223896,0.5016529867761058,0.2877356222179357,0.6129598240537696
ETHUSDT,action_tcn,reused_2026,-0.05647561316013418,0.5919486215538847,0.4080513784461153,0.4992167919799499,0.13413160001215502,0.5867782927239221
ETHUSDT,action_tcn,year2024,-0.008006695107865435,0.7874544626593807,0.21254553734061932,0.5111566484517304,0.41595740353947747,0.47783719044312406
ETHUSDT,action_tcn,year2025,0.02507774268652612,0.5797945205479452,0.4202054794520548,0.49212328767123287,0.15916254834482804,0.7003556377370858
ETHUSDT,vol_long,all,,1.0,0.0,0.5163406887328653,1.0,0.0
ETHUSDT,vol_long,development_2024_25,,1.0,0.0,0.5179548563611491,1.0,0.0
ETHUSDT,vol_long,reused_2026,,1.0,0.0,0.5119047619047619,1.0,0.0
ETHUSDT,vol_long,year2024,,1.0,0.0,0.5272085610200364,1.0,0.0
ETHUSDT,vol_long,year2025,,1.0,0.0,0.508675799086758,1.0,0.0
ETHUSDT,hold,all,,1.0,0.0,0.5163406887328653,1.0,0.0
ETHUSDT,hold,development_2024_25,,1.0,0.0,0.5179548563611491,1.0,0.0
ETHUSDT,hold,reused_2026,,1.0,0.0,0.5119047619047619,1.0,0.0
ETHUSDT,hold,year2024,,1.0,0.0,0.5272085610200364,1.0,0.0
ETHUSDT,hold,year2025,,1.0,0.0,0.508675799086758,1.0,0.0
LINKUSDT,trend24,all,-0.024325895921568766,0.49272818455366096,0.5061434302908726,0.47651287194918085,-0.007077762914110875,0.6528227907456488
LINKUSDT,trend24,development_2024_25,-0.029147095694686508,0.49224806201550386,0.5070679434564523,0.4798221614227086,-0.00831848065050668,0.6508787007235683
LINKUSDT,trend24,reused_2026,-0.006628788216776809,0.49404761904761907,0.5036027568922306,0.4674185463659148,-0.0036681213152186557,0.6581237625664929
LINKUSDT,trend24,year2024,-0.007193741874244394,0.49385245901639346,0.5053506375227687,0.4903233151183971,-0.0012779012963095209,0.6523412452463087
LINKUSDT,trend24,year2025,-0.05124936231333969,0.4906392694063927,0.5087899543378995,0.46929223744292237,-0.01537834926320849,0.6493321927848297
LINKUSDT,trend72,all,-0.022195906995185432,0.4886325643597459,0.5108659311267135,0.4796890672016048,-0.0055426999808415485,0.6605585697784413
LINKUSDT,trend72,development_2024_25,-0.016483818362019936,0.48877108983128137,0.5107729138166894,0.4835841313269494,-0.012445390202586665,0.6616566589106161
LINKUSDT,trend72,reused_2026,-0.04634005953312771,0.4882518796992481,0.5111215538847118,0.46898496240601506,0.013426723147337699,0.6571581401923301
LINKUSDT,trend72,year2024,0.026411489172839246,0.4943078324225865,0.5051229508196722,0.5043260473588342,0.006136242403119519,0.6693076667356316
LINKUSDT,trend72,year2025,-0.060801912956619616,0.4832191780821918,0.5164383561643836,0.46278538812785386,-0.031077931390774235,0.6533643868131614
LINKUSDT,trend168,all,-0.012186921908057868,0.48386827148111,0.5154630558341692,0.4864593781344032,-0.01578755848006859,0.6628568617167604
LINKUSDT,trend168,development_2024_25,-0.026319386596246046,0.4717282261741906,0.5278157774737802,0.48136114911080713,-0.028667729335201383,0.6663121177797785
LINKUSDT,trend168,reused_2026,0.04556934321041592,0.5172305764411027,0.48151629072681706,0.5004699248120301,0.019608700524074523,0.6519580846350179
LINKUSDT,trend168,year2024,-0.01558152620340392,0.5060336976320583,0.4936247723132969,0.49123406193078323,0.019621552252438834,0.6819053642413755
LINKUSDT,trend168,year2025,-0.04085449468221641,0.43732876712328766,0.5621004566210046,0.4714611872146119,-0.07708931032445156,0.6466902353170557
LINKUSDT,trend336,all,0.0034360224992484823,0.47981444332998996,0.5200601805416248,0.49139083918421933,-0.018070321136660593,0.6575851169983502
LINKUSDT,trend336,development_2024_25,-0.002999263478547311,0.4602143182854537,0.5397856817145463,0.4883720930232558,-0.03966942911733257,0.6605062043627242
LINKUSDT,trend336,reused_2026,0.03076462184959245,0.5336779448621554,0.4658521303258145,0.49968671679197996,0.04128662598315606,0.6457800743372116
LINKUSDT,trend336,year2024,0.02986688146866197,0.514344262295082,0.48565573770491804,0.4830373406193078,0.039670585827663585,0.6636786304836123
LINKUSDT,trend336,year2025,-0.04137425971564041,0.40593607305936075,0.5940639269406393,0.4937214611872146,-0.11922681396628762,0.647622263823188
LINKUSDT,trend_ensemble,all,-0.022592240343020372,0.48633400200601806,0.5136659979939819,0.4757606151788699,-0.009169982352431973,0.5119324915907779
LINKUSDT,trend_ensemble,development_2024_25,-0.026470955265966753,0.4835841313269494,0.5164158686730507,0.48153214774281805,-0.016890577887320533,0.5111501456942482
LINKUSDT,trend_ensemble,reused_2026,-0.008151828190224912,0.49389097744360905,0.506109022556391,0.4598997493734336,0.012047142970889607,0.5134788297097348
LINKUSDT,trend_ensemble,year2024,0.010721721206813629,0.5119535519125683,0.4880464480874317,0.49852003642987247,0.010279936454777113,0.5188573029334168
LINKUSDT,trend_ensemble,year2025,-0.06661102729746049,0.45513698630136984,0.5448630136986301,0.46449771689497715,-0.044135531994739005,0.5018284029595941
LINKUSDT,breakout,all,-0.015763324438357623,0.5011283851554664,0.49887161484453363,0.4773487128050819,0.005053088136972187,0.5882377370045987
LINKUSDT,breakout,development_2024_25,-0.01020669700754983,0.5066119471044231,0.49338805289557686,0.48580711354309164,0.010293941310069322,0.5891827221336596
LINKUSDT,breakout,reused_2026,-0.03930403521092719,0.48605889724310775,0.5139411027568922,0.4541040100250627,-0.009349406861275956,0.585391356429753
LINKUSDT,breakout,year2024,0.026697597326352508,0.5259562841530054,0.47404371584699456,0.5009107468123861,0.03448867215173484,0.5882243910465116
LINKUSDT,breakout,year2025,-0.04811561767242294,0.4872146118721461,0.5127853881278539,0.470662100456621,-0.013967076465408974,0.5891452549919728
LINKUSDT,range_only,all,0.021828228032809004,0.5074807756603142,0.4925192243396857,0.5176362420595119,0.0012435726769167944,0.3773975577994979
LINKUSDT,range_only,development_2024_25,0.022789803639842152,0.5083789329685362,0.49162106703146374,0.5133948928408573,0.003902569297418569,0.37688572278502497
LINKUSDT,range_only,reused_2026,0.019145577104023034,0.5050125313283208,0.4949874686716792,0.5292919799498746,-0.006063669915514768,0.37870444128048203
LINKUSDT,range_only,year2024,-0.01921152130000662,0.4895264116575592,0.5104735883424408,0.4882741347905282,-0.009584199496787724,0.380297724898387
LINKUSDT,range_only,year2025,0.06637440578606833,0.527283105022831,0.47271689497716896,0.5385844748858447,0.017426288143115837,0.37294366352171926
LINKUSDT,down_rebound,all,-0.01438697694996689,0.4621782012704781,0.3213390170511535,0.373370110330993,0.08146999163960618,0.5979788180742271
LINKUSDT,down_rebound,development_2024_25,-0.013915848932706431,0.46027131782945735,0.327234382124943,0.37613999088007294,0.07442462236536167,0.5984362077782216
LINKUSDT,down_rebound,reused_2026,-0.016876538855797193,0.4674185463659148,0.3051378446115288,0.3657581453634085,0.100831513968451,0.5962914900474308
LINKUSDT,down_rebound,year2024,0.005570750925529239,0.49749544626593806,0.302367941712204,0.398224043715847,0.10985101368095591,0.6053862603599809
LINKUSDT,down_rebound,year2025,-0.036210410580830125,0.4229452054794521,0.3521689497716895,0.35399543378995435,0.038901172443423344,0.5892503372274563
LINKUSDT,selected_trend,all,-0.02389907911223327,0.4931878970244066,0.5066867268472083,0.48432798395185556,-0.004947928346869336,0.6293900440197232
LINKUSDT,selected_trend,development_2024_25,-0.03818650340692367,0.48096215230278155,0.5188668490652075,0.4790241678066575,-0.01634872307148421,0.6412566193488289
LINKUSDT,selected_trend,reused_2026,0.037443679677094575,0.5267857142857143,0.4732142857142857,0.49890350877192985,0.026382827080549752,0.5944377522798631
LINKUSDT,selected_trend,year2024,0.003539259757430104,0.48372040072859745,0.5162795992714025,0.49533242258652094,-0.00320794149753108,0.6313381877641483
LINKUSDT,selected_trend,year2025,-0.07875675953728552,0.47819634703196345,0.5214611872146119,0.4626712328767123,-0.029525506786735843,0.650784139896033
LINKUSDT,selected_breakout,all,-0.012100557770947235,0.5051404212637913,0.4948595787362086,0.48382647943831497,0.005460899765736045,0.626789854459067
LINKUSDT,selected_breakout,development_2024_25,-0.01467915641718408,0.5029639762881897,0.4970360237118103,0.48204514363885087,0.005063087330986281,0.6414861361172353
LINKUSDT,selected_breakout,reused_2026,-0.0011262873883500946,0.5111215538847118,0.48887844611528825,0.48872180451127817,0.006554136193563413,0.5845013592359296
LINKUSDT,selected_breakout,year2024,0.002855033092433159,0.5283469945355191,0.47165300546448086,0.49089253187613846,0.046707661516697314,0.6321285210028454
LINKUSDT,selected_breakout,year2025,-0.03429917597882603,0.47751141552511417,0.5224885844748859,0.4731735159817352,-0.03669558157852123,0.6480527001909611
LINKUSDT,regime_gate,all,-0.021155544528392793,0.5280424607154798,0.4719575392845202,0.47433968572383817,0.02507566485945471,0.4590579095958898
LINKUSDT,regime_gate,development_2024_25,-0.023937470358105107,0.5224008207934336,0.47759917920656636,0.4781121751025992,0.01758568958227885,0.45888735288240223
LINKUSDT,regime_gate,reused_2026,-0.010913307323801075,0.543546365914787,0.45645363408521306,0.46397243107769426,0.04565901797079135,0.4588971252818687
LINKUSDT,regime_gate,year2024,-0.005532223083117898,0.5499772313296903,0.45002276867030966,0.478028233151184,0.0442024982445109,0.46674557644182346
LINKUSDT,regime_gate,year2025,-0.04536350171714973,0.49474885844748856,0.5052511415525114,0.47819634703196345,-0.009104041843411344,0.44928955763730777
LINKUSDT,gate_no_range,all,-0.0202369204823712,0.5165914409896356,0.48340855901036445,0.4753844867937145,0.022221999509862273,0.46792738663884853
LINKUSDT,gate_no_range,development_2024_25,-0.022681647387558783,0.5176698586411309,0.48233014135886915,0.4789671682626539,0.01571338157679575,0.4679559149415768
LINKUSDT,gate_no_range,reused_2026,-0.011313344698890941,0.5136278195488722,0.48637218045112784,0.4655388471177945,0.04010846458156012,0.4673824182156092
LINKUSDT,gate_no_range,year2024,0.0006098393725211611,0.5449681238615665,0.4550318761384335,0.4919171220400729,0.04264294822899983,0.475866627793773
LINKUSDT,gate_no_range,year2025,-0.04904012438733717,0.490296803652968,0.509703196347032,0.46598173515981733,-0.011289964710071916,0.45830077944950515
LINKUSDT,adaptive14,all,-0.019130373333356907,0.5252423938482113,0.4747576061517887,0.4754262788365095,0.02409175787061494,0.44360343531374147
LINKUSDT,adaptive14,development_2024_25,-0.022657737970988637,0.5238828089375285,0.4761171910624715,0.4791381668946648,0.017725902836440557,0.4460530472248347
LINKUSDT,adaptive14,reused_2026,-0.005362939743244512,0.5289786967418546,0.47102130325814534,0.46522556390977443,0.04158589332167311,0.43632279713515804
LINKUSDT,adaptive14,year2024,-0.0030116562389003536,0.557832422586521,0.44216757741347906,0.48451730418943534,0.04539399958423516,0.454759693882099
LINKUSDT,adaptive14,year2025,-0.04565191053960567,0.48984018264840185,0.5101598173515982,0.4737442922374429,-0.010017996916142524,0.4353865294087382
LINKUSDT,adaptive42,all,-0.019579566938010617,0.5291708458709462,0.47082915412905385,0.4763457037780007,0.0248269949881733,0.4391551148277678
LINKUSDT,adaptive42,development_2024_25,-0.02295701941061779,0.5267327861377109,0.4732672138622891,0.4792521659826721,0.018706441406918083,0.44259031596276877
LINKUSDT,adaptive42,reused_2026,-0.006285651111842008,0.5358709273182958,0.4641290726817043,0.4683583959899749,0.041647012536660394,0.42912395894515676
LINKUSDT,adaptive42,year2024,-0.003946102982097875,0.5591985428051002,0.4408014571948998,0.48451730418943534,0.04696114653025724,0.45073610007860637
LINKUSDT,adaptive42,year2025,-0.045344721837826216,0.49417808219178083,0.5058219178082192,0.473972602739726,-0.009625673867443922,0.4324189898422568
LINKUSDT,adaptive126,all,-0.019719935890787285,0.5294215981277165,0.4705784018722835,0.474172517552658,0.027892000419822028,0.43800927686014124
LINKUSDT,adaptive126,development_2024_25,-0.022292980874507356,0.5263907888736891,0.473609211126311,0.47549019607843135,0.021732719212797708,0.44158189973066647
LINKUSDT,adaptive126,reused_2026,-0.009741808654471974,0.537750626566416,0.46224937343358397,0.4705513784461153,0.044818446142885104,0.42758103722445123
LINKUSDT,adaptive126,year2024,-0.0037570822235060575,0.5544171220400729,0.4455828779599271,0.48041894353369763,0.04963680382024085,0.44848065595146736
LINKUSDT,adaptive126,year2025,-0.04403892856463569,0.4982876712328767,0.5017123287671232,0.47054794520547943,-0.006247814941515133,0.43275136659028873
LINKUSDT,filtered_moe,all,,0.44232698094282846,0.4663991975927783,0.4303326646606486,,
LINKUSDT,filtered_moe,development_2024_25,,0.420656634746922,0.4548563611491108,0.41888964888280894,,
LINKUSDT,filtered_moe,reused_2026,-0.01824917218269002,0.5018796992481203,0.4981203007518797,0.4617794486215539,0.03727117279055499,0.36220061657267427
LINKUSDT,filtered_moe,year2024,,0.37625227686703094,0.3751138433515483,0.37454462659380694,,
LINKUSDT,filtered_moe,year2025,-0.06037978225827489,0.4651826484018265,0.5348173515981736,0.46335616438356164,-0.012011665997909766,0.36604526300527146
LINKUSDT,kalman,all,-0.021241762251435335,0.49494316282179873,0.5050568371782013,0.4809846205282514,-0.003715488212045534,0.6691262993100622
LINKUSDT,kalman,development_2024_25,-0.024204505997973795,0.4946990424076607,0.5053009575923393,0.4834701322389421,-0.005695461397730549,0.6680693625242154
LINKUSDT,kalman,reused_2026,-0.010621681315916565,0.4956140350877193,0.5043859649122807,0.4741541353383459,0.0017257162944798302,0.67199228319863
LINKUSDT,kalman,year2024,0.016410931447596984,0.49874772313296906,0.501252276867031,0.5052367941712204,0.007747736629379241,0.6691477635929413
LINKUSDT,kalman,year2025,-0.06504400959194902,0.4906392694063927,0.5093607305936073,0.46164383561643835,-0.019175490104366665,0.6667141366859944
LINKUSDT,trend_ensemble_long,all,-0.014145117546282476,0.48633400200601806,0.0,0.229020394516884,0.2107295100811659,0.293389675131796
LINKUSDT,trend_ensemble_long,development_2024_25,-0.01219397797991651,0.4835841313269494,0.0,0.22993616051071591,0.20706999814228227,0.2902997584361449
LINKUSDT,trend_ensemble_long,reused_2026,-0.022442276021134033,0.49389097744360905,0.0,0.22650375939849623,0.22078628913125592,0.3014895302947696
LINKUSDT,trend_ensemble_long,year2024,0.00668764027346287,0.5119535519125683,0.0,0.2533014571948998,0.2241280032151769,0.2992165248599258
LINKUSDT,trend_ensemble_long,year2025,-0.03468437264526189,0.45513698630136984,0.0,0.2065068493150685,0.189965258808914,0.2800332557440838
LINKUSDT,regime_gate_long,all,-0.011213819199082719,0.5280424607154798,0.0,0.24891340688732866,0.19376532537399796,0.27402512085947395
LINKUSDT,regime_gate_long,development_2024_25,-0.009363485542945055,0.5224008207934336,0.0,0.24754901960784315,0.19026785780929967,0.2716495512747454
LINKUSDT,regime_gate_long,reused_2026,-0.018931477374909196,0.543546365914787,0.0,0.2526629072681704,0.20337678698976652,0.28022513571199337
LINKUSDT,regime_gate_long,year2024,-0.01289918959842264,0.5499772313296903,0.0,0.2620673952641166,0.20856425553098018,0.282050642794713
LINKUSDT,regime_gate_long,year2025,-0.008742455922532985,0.49474885844748856,0.0,0.23299086757990867,0.17192133297057346,0.2595117409806866
LINKUSDT,expanding_tree,all,0.013267256645966473,0.7278084252758275,0.2721915747241725,0.4961969241056503,0.23836988730023792,0.38623141834931685
LINKUSDT,expanding_tree,development_2024_25,0.031627989431050565,0.7618559051527588,0.23814409484724122,0.4984610123119015,0.2742632574911952,0.3933628121996601
LINKUSDT,expanding_tree,reused_2026,-0.07113510678516277,0.6342418546365914,0.3657581453634085,0.4899749373433584,0.13973058801606583,0.34731263798898626
LINKUSDT,expanding_tree,year2024,0.015293530604793439,0.729735883424408,0.27026411657559196,0.5006830601092896,0.2812572606886724,0.43444520144457816
LINKUSDT,expanding_tree,year2025,0.05133927071871291,0.7940639269406393,0.20593607305936074,0.49623287671232874,0.26725009264112215,0.3471808792211065
LINKUSDT,rolling_tree,all,0.007869658480949834,0.5236125041792042,0.4763874958207957,0.5049732530926112,0.04310364486640969,0.5803201999259263
LINKUSDT,rolling_tree,development_2024_25,0.03139352596934717,0.6253419972640218,0.3746580027359781,0.5116279069767442,0.17211847678253306,0.5497632367736656
LINKUSDT,rolling_tree,reused_2026,-0.09566593862097691,0.24404761904761904,0.7559523809523809,0.4866854636591479,-0.31144463382038046,0.510120505998606
LINKUSDT,rolling_tree,year2024,-0.01632533457811286,0.729735883424408,0.27026411657559196,0.4990892531876138,0.30168419972125443,0.4751843311077736
LINKUSDT,rolling_tree,year2025,0.06151520860502627,0.520662100456621,0.479337899543379,0.5242009132420091,0.042197779260417914,0.5875166814155343
LINKUSDT,action_tcn,all,0.0008024953911204966,0.5870528251420929,0.41294717485790705,0.48834002006018057,0.13652091749281375,0.6251912425435145
LINKUSDT,action_tcn,development_2024_25,-0.003097949572394938,0.603454172366621,0.3965458276333789,0.47714318285453716,0.1686764817064913,0.6351709086146864
LINKUSDT,action_tcn,reused_2026,0.016647910285949426,0.5419799498746867,0.45802005012531327,0.5191102756892231,0.04815355869507591,0.5879183262785325
LINKUSDT,action_tcn,year2024,-0.020243467803658016,0.6996812386156649,0.30031876138433516,0.4733606557377049,0.29056690537710894,0.5202982724991564
LINKUSDT,action_tcn,year2025,0.001571818837256874,0.5069634703196347,0.4930365296803653,0.48093607305936076,0.04645211166965275,0.7118291549237891
LINKUSDT,vol_long,all,,1.0,0.0,0.4929371447676362,1.0,0.0
LINKUSDT,vol_long,development_2024_25,,1.0,0.0,0.49270405836753306,1.0,0.0
LINKUSDT,vol_long,reused_2026,,1.0,0.0,0.49357769423558895,1.0,0.0
LINKUSDT,vol_long,year2024,,1.0,0.0,0.49408014571949,1.0,0.0
LINKUSDT,vol_long,year2025,,1.0,0.0,0.491324200913242,1.0,0.0
LINKUSDT,hold,all,,1.0,0.0,0.4929371447676362,1.0,0.0
LINKUSDT,hold,development_2024_25,,1.0,0.0,0.49270405836753306,1.0,0.0
LINKUSDT,hold,reused_2026,,1.0,0.0,0.49357769423558895,1.0,0.0
LINKUSDT,hold,year2024,,1.0,0.0,0.49408014571949,1.0,0.0
LINKUSDT,hold,year2025,,1.0,0.0,0.491324200913242,1.0,0.0
LTCUSDT,trend24,all,-0.031739622651795335,0.5131227014376463,0.4841608157806754,0.47392176529588764,0.009098282791439965,0.6256676379934121
LTCUSDT,trend24,development_2024_25,-0.04812407915643536,0.5214888280893752,0.47640218878248974,0.4690492476060191,0.018688133481484546,0.624249905282735
LTCUSDT,trend24,reused_2026,0.033364435667270896,0.4901315789473684,0.5054824561403509,0.487312030075188,-0.017255780571050965,0.6287945044593165
LTCUSDT,trend24,year2024,-0.027380704670540802,0.5356329690346083,0.46209016393442626,0.483948087431694,0.03588612049847872,0.6232411327511372
LTCUSDT,trend24,year2025,-0.06769017922107695,0.5073059360730594,0.49075342465753424,0.4541095890410959,0.0014430286918410851,0.6247846444791061
LTCUSDT,trend72,all,-0.0387859594419534,0.5057255098629221,0.49339685723838184,0.4597542627883651,0.004857975147451722,0.6357077314413353
LTCUSDT,trend72,development_2024_25,-0.04639131390509607,0.5211468308253534,0.4784541723666211,0.45536935704514364,0.020903947649052127,0.6358317519783414
LTCUSDT,trend72,reused_2026,-0.01221729469276895,0.4633458646616541,0.5344611528822055,0.4718045112781955,-0.039238287629502794,0.6332763232982249
LTCUSDT,trend72,year2024,0.018059070772411624,0.5486111111111112,0.45104735883424407,0.47290528233151186,0.05104494887137567,0.6512412756452541
LTCUSDT,trend72,year2025,-0.10884470693080692,0.49360730593607305,0.5059360730593607,0.4377853881278539,-0.009319631658812026,0.6185224841272117
LTCUSDT,trend168,all,-0.03190598445548965,0.4836175192243397,0.5154212637913741,0.4603393513874958,-0.013796999510298145,0.6303789301847207
LTCUSDT,trend168,development_2024_25,-0.06393153864203467,0.4856361149110807,0.5135658914728682,0.44596443228454175,0.0010886286389326129,0.6306084196390394
LTCUSDT,trend168,reused_2026,0.10018500261537511,0.4780701754385965,0.5205200501253133,0.49984335839599,-0.05470449641664284,0.6279331002679012
LTCUSDT,trend168,year2024,-0.05495632873594772,0.5096766848816029,0.48964025500910746,0.4394353369763206,0.03223189545114346,0.6370406492789559
LTCUSDT,trend168,year2025,-0.07435533629030257,0.4615296803652968,0.5375570776255708,0.45251141552511415,-0.03013996219194181,0.622529553176874
LTCUSDT,trend336,all,-0.02662986903856948,0.48616683383483783,0.5130809093948512,0.4667753259779338,-0.015162671448925991,0.6234315357337752
LTCUSDT,trend336,development_2024_25,-0.04721281739667905,0.479765161878705,0.5195508435932512,0.4617533059735522,-0.005110658733555212,0.6249148137085183
LTCUSDT,trend336,reused_2026,0.0582986838229007,0.5037593984962406,0.49530075187969924,0.4805764411027569,-0.042786811655452464,0.6184962135518471
LTCUSDT,trend336,year2024,-0.028274039753916916,0.4992030965391621,0.5003415300546448,0.456511839708561,0.03335629539504529,0.6287551190787589
LTCUSDT,trend336,year2025,-0.06691713948126987,0.4602739726027397,0.5388127853881278,0.46700913242009134,-0.04368300177757652,0.6186430897335338
LTCUSDT,trend_ensemble,all,-0.04535424111240017,0.49682380474757604,0.503176195252424,0.46205282514209295,0.0005476785158757516,0.4790130253663609
LTCUSDT,trend_ensemble,development_2024_25,-0.06816389924713553,0.514249886000912,0.485750113999088,0.4523483812129503,0.014391805039131428,0.4753655957166735
LTCUSDT,trend_ensemble,reused_2026,0.04231548941063175,0.44893483709273185,0.5510651629072681,0.48872180451127817,-0.037497646628860716,0.48687330337756507
LTCUSDT,trend_ensemble,year2024,-0.025365200444009688,0.5418943533697632,0.4581056466302368,0.46493624772313297,0.041634885942862514,0.47870481256715114
LTCUSDT,trend_ensemble,year2025,-0.10945286755210133,0.4865296803652968,0.5134703196347032,0.4397260273972603,-0.012925914442418094,0.47041194353133675
LTCUSDT,breakout,all,-0.021505047440929206,0.517761618187897,0.482238381812103,0.4723336676696757,0.03043220297257556,0.5642810349378719
LTCUSDT,breakout,development_2024_25,-0.033230599069526065,0.5341427268581851,0.46585727314181485,0.4681942544459644,0.05123281159954476,0.56125621966132
LTCUSDT,breakout,reused_2026,0.02182812543167689,0.47274436090225563,0.5272556390977443,0.48370927318295737,-0.026730371863193166,0.5686058404918772
LTCUSDT,breakout,year2024,0.004555562214572403,0.5599954462659381,0.44000455373406194,0.48269581056466304,0.07773636393377416,0.5623725792263412
LTCUSDT,breakout,year2025,-0.06889471510898573,0.5082191780821917,0.4917808219178082,0.45365296803652966,0.024656646793166762,0.55887393784315
LTCUSDT,range_only,all,0.03746918804437132,0.49511033099297896,0.504889669007021,0.5289200936141759,-0.00217833914842646,0.3535654740108343
LTCUSDT,range_only,development_2024_25,0.05381313712070715,0.4840971272229822,0.5159028727770177,0.5343137254901961,-0.010022554627827654,0.35206316894234857
LTCUSDT,range_only,reused_2026,-0.025664485603535035,0.525375939849624,0.47462406015037595,0.5140977443609023,0.0193785086539881,0.356774366572111
LTCUSDT,range_only,year2024,0.003755043953231315,0.45457650273224043,0.5454234972677595,0.5174180327868853,-0.0244655768342422,0.35654597523572107
LTCUSDT,range_only,year2025,0.10137618353701525,0.5136986301369864,0.4863013698630137,0.5512557077625571,0.004460037502440074,0.34690675493965945
LTCUSDT,down_rebound,all,-0.026527400891002653,0.45361083249749246,0.3037027749916416,0.3468321631561351,0.08140240534595389,0.5613573952814814
LTCUSDT,down_rebound,development_2024_25,-0.04105704988931501,0.4602143182854537,0.2973666210670315,0.3437642498860009,0.09198610995894206,0.5612979668157609
LTCUSDT,down_rebound,reused_2026,0.031341272898986854,0.43546365914786966,0.32111528822055135,0.35526315789473684,0.05231711184183972,0.5604923630259888
LTCUSDT,down_rebound,year2024,-0.008119144520516352,0.4751821493624772,0.2645719489981785,0.341643897996357,0.12380626358371234,0.5586150168005102
LTCUSDT,down_rebound,year2025,-0.07240297959262171,0.4452054794520548,0.3302511415525114,0.3458904109589041,0.06007877783109023,0.5621698462462439
LTCUSDT,selected_trend,all,-0.027019172163177296,0.5149615513206286,0.4847876964226011,0.4667753259779338,0.001247387458077312,0.59586068810474
LTCUSDT,selected_trend,development_2024_25,-0.052686302597979996,0.5255927952576379,0.4740652074783402,0.45799133606931147,0.02207844755702685,0.608960330972934
LTCUSDT,selected_trend,reused_2026,0.08761976543315045,0.4857456140350877,0.5142543859649122,0.4909147869674185,-0.05599887168602839,0.5542630224107564
LTCUSDT,selected_trend,year2024,-0.0035266170853024965,0.555783242258652,0.4438752276867031,0.4610655737704918,0.05406058594868788,0.6244749839755264
LTCUSDT,selected_trend,year2025,-0.10127711842769535,0.49531963470319634,0.504337899543379,0.4549086757990868,-0.009991313131597618,0.5912611998385039
LTCUSDT,selected_breakout,all,-0.02822389772580257,0.5166332330324306,0.48336676696756936,0.45239886325643597,0.024486144199086388,0.593463167541308
LTCUSDT,selected_breakout,development_2024_25,-0.03131719329630908,0.5353967168262654,0.4646032831737346,0.45941632466940263,0.049390955377579045,0.6054928463235487
LTCUSDT,selected_breakout,reused_2026,-0.020617166726090413,0.4650689223057644,0.5349310776942355,0.4331140350877193,-0.04395527298692166,0.5533294595850099
LTCUSDT,selected_breakout,year2024,-0.015663784448885068,0.546448087431694,0.453551912568306,0.46573315118397085,0.07876305712052724,0.6026255155383368
LTCUSDT,selected_breakout,year2025,-0.047016766187218825,0.5243150684931507,0.4756849315068493,0.45308219178082193,0.01993838212300632,0.6069288380749076
LTCUSDT,regime_gate,all,-0.0533330177706096,0.5305499832831829,0.46945001671681713,0.4514376462721498,0.029528427757356628,0.42201349835034
LTCUSDT,regime_gate,development_2024_25,-0.07141462587091395,0.5447446420428637,0.45525535795713634,0.45548335613315094,0.042762591033096604,0.4189088691750409
LTCUSDT,regime_gate,reused_2026,0.013695489130529214,0.49154135338345867,0.5084586466165414,0.44031954887218044,-0.006840645004169379,0.42832934755921565
LTCUSDT,regime_gate,year2024,-0.03370328692985714,0.56841985428051,0.43158014571949,0.4583333333333333,0.06841796304681116,0.4197192631651995
LTCUSDT,regime_gate,year2025,-0.10791494862694367,0.5210045662100456,0.47899543378995435,0.4526255707762557,0.01703693032893351,0.41651092241422527
LTCUSDT,gate_no_range,all,-0.0460567225234225,0.5308425275827482,0.46915747241725175,0.46334837846873955,0.02850945688604727,0.43050610335810957
LTCUSDT,gate_no_range,development_2024_25,-0.06528438441095351,0.5466826265389877,0.4533173734610123,0.4573073415412677,0.04213673002510341,0.42762051646718724
LTCUSDT,gate_no_range,reused_2026,0.026645325122557652,0.487312030075188,0.512687969924812,0.4799498746867168,-0.00893992907128369,0.4361509005412491
LTCUSDT,gate_no_range,year2024,-0.0273818502008663,0.5718351548269581,0.4281648451730419,0.46687158469945356,0.06794870380817306,0.42917900067802545
LTCUSDT,gate_no_range,year2025,-0.10200082058504162,0.5214611872146119,0.4785388127853881,0.44771689497716893,0.016254038505641798,0.42447890657794424
LTCUSDT,adaptive14,all,-0.05084661304643535,0.5257856904045469,0.474214309595453,0.4541959210966232,0.028552045930477738,0.4024724017292594
LTCUSDT,adaptive14,development_2024_25,-0.07171883653096875,0.5416666666666666,0.4583333333333333,0.45229138166894667,0.04279993839593905,0.4015903392235046
LTCUSDT,adaptive14,reused_2026,0.029639854583854805,0.48214285714285715,0.5178571428571429,0.4594298245614035,-0.010602876596786225,0.40229604809551944
LTCUSDT,adaptive14,year2024,-0.035253984017206794,0.5729735883424408,0.4270264116575592,0.45981329690346084,0.06844808867268778,0.406632458939843
LTCUSDT,adaptive14,year2025,-0.1080809118680524,0.5102739726027398,0.4897260273972603,0.44474885844748857,0.01708151921432251,0.3948004719796258
LTCUSDT,adaptive42,all,-0.050636724064549686,0.5295469742561016,0.47045302574389836,0.45461384152457374,0.027751783116422256,0.39571890400573156
LTCUSDT,adaptive42,development_2024_25,-0.07176288286071107,0.5452006383948929,0.45479936160510714,0.45491336069311444,0.041766360163999997,0.395883019005256
LTCUSDT,adaptive42,reused_2026,0.03197878509975716,0.48652882205513787,0.5134711779448622,0.45379072681704263,-0.01076196057447747,0.39270010197921784
LTCUSDT,adaptive42,year2024,-0.03563068910650393,0.5732012750455373,0.42679872495446264,0.4591302367941712,0.06504551408212875,0.3993970020440547
LTCUSDT,adaptive42,year2025,-0.10727447089256702,0.5171232876712328,0.4828767123287671,0.4506849315068493,0.018423427741985958,0.39093837312433527
LTCUSDT,adaptive126,all,-0.05154252793551962,0.533809762621197,0.46619023737880305,0.4541541290538281,0.028051897666156872,0.39092076415691507
LTCUSDT,adaptive126,development_2024_25,-0.07111988185480858,0.5481646146830825,0.45183538531691747,0.45531235750113996,0.04158157900559047,0.3917279898367781
LTCUSDT,adaptive126,reused_2026,0.025030013440996653,0.4943609022556391,0.5056390977443609,0.45097117794486213,-0.009129294285444468,0.38626074315948905
LTCUSDT,adaptive126,year2024,-0.03528295860038283,0.5718351548269581,0.4281648451730419,0.45787795992714025,0.06286325733813937,0.39298052712213766
LTCUSDT,adaptive126,year2025,-0.10570330758918912,0.5244292237442922,0.47557077625570776,0.45273972602739726,0.020241594705007176,0.38930155782075543
LTCUSDT,filtered_moe,all,,0.4618438649281177,0.44688231360748915,0.4119441658308258,,
LTCUSDT,filtered_moe,development_2024_25,,0.4570793433652531,0.41843365253077974,0.38953488372093026,,
LTCUSDT,filtered_moe,reused_2026,0.03856291760595719,0.474937343358396,0.525062656641604,0.47352756892230574,0.0056191019445291,0.3089665928069654
LTCUSDT,filtered_moe,year2024,,0.40744535519125685,0.3439207650273224,0.3422131147540984,,
LTCUSDT,filtered_moe,year2025,-0.11461274636011054,0.5068493150684932,0.4931506849315068,0.436986301369863,0.030991136503432767,0.3252307297980813
LTCUSDT,kalman,all,-0.03139645224885242,0.5194750919424942,0.48052490805750586,0.4735456369107322,0.014012829858891957,0.6399731412450647
LTCUSDT,kalman,development_2024_25,-0.04476327939071836,0.5267897856817145,0.47321021431828547,0.47001823985408114,0.023626315090032893,0.6359459539273621
LTCUSDT,kalman,reused_2026,0.019991659102518843,0.4993734335839599,0.5006265664160401,0.4832393483709273,-0.012406184065784805,0.6501803781511653
LTCUSDT,kalman,year2024,-0.01251625803294024,0.5406420765027322,0.4593579234972678,0.4944216757741348,0.04442371385685325,0.6380378290040901
LTCUSDT,kalman,year2025,-0.07502786148655764,0.5128995433789955,0.48710045662100454,0.44554794520547947,0.002771937148508907,0.6331558402863793
LTCUSDT,trend_ensemble_long,all,-0.036878602680179576,0.49682380474757604,0.0,0.23800568371782013,0.19892184089319412,0.27621530683751644
LTCUSDT,trend_ensemble_long,development_2024_25,-0.061448290630663364,0.514249886000912,0.0,0.24481304149566804,0.20408995041529268,0.27761973890602365
LTCUSDT,trend_ensemble_long,reused_2026,0.06540623985048011,0.44893483709273185,0.0,0.21929824561403508,0.1847192541990059,0.2718128559167814
LTCUSDT,trend_ensemble_long,year2024,-0.03254924395051928,0.5418943533697632,0.0,0.2731102003642987,0.22110363791318036,0.28115535986559276
LTCUSDT,trend_ensemble_long,year2025,-0.09067776159991135,0.4865296803652968,0.0,0.21643835616438356,0.18702965007494513,0.2729658904769098
LTCUSDT,regime_gate_long,all,-0.042922865991016794,0.5305499832831829,0.0,0.2493731193580742,0.17701680364104314,0.2554191430636216
LTCUSDT,regime_gate_long,development_2024_25,-0.06424885290936971,0.5447446420428637,0.0,0.2616279069767442,0.18277941752045154,0.25862241537890956
LTCUSDT,regime_gate_long,reused_2026,0.04746691598922169,0.49154135338345867,0.0,0.21569548872180452,0.1611804474536464,0.2457067221207342
LTCUSDT,regime_gate_long,year2024,-0.03848287423546771,0.56841985428051,0.0,0.2829007285974499,0.1979482949514325,0.26430132631694403
LTCUSDT,regime_gate_long,year2025,-0.09108352912428648,0.5210045662100456,0.0,0.24029680365296804,0.16756898152116645,0.25188429443805344
LTCUSDT,expanding_tree,all,-0.023772544737419604,0.7824724172517553,0.21752758274824474,0.50405382815112,0.2738779022348072,0.3728670129550562
LTCUSDT,expanding_tree,development_2024_25,-0.017920819247524596,0.8133264933880529,0.1866735066119471,0.5155038759689923,0.3100591160802405,0.36412066668419657
LTCUSDT,expanding_tree,reused_2026,-0.06230952948904138,0.6976817042606517,0.3023182957393484,0.4725877192982456,0.1744475739603268,0.3784972307989696
LTCUSDT,expanding_tree,year2024,-0.03406405000119497,0.7975865209471766,0.2024134790528233,0.5208333333333334,0.36114817634933355,0.4052775367054511
LTCUSDT,expanding_tree,year2025,-0.0061453108522323985,0.8291095890410959,0.17089041095890412,0.5101598173515982,0.2588300857830131,0.3091753956401158
LTCUSDT,rolling_tree,all,-0.008816584172700377,0.674941491140087,0.32505850885991305,0.5151287194918087,0.24477435509297246,0.5257919150074442
LTCUSDT,rolling_tree,development_2024_25,0.016013480193429252,0.7936046511627907,0.2063953488372093,0.5214888280893752,0.38628714693649546,0.4405179813044936
LTCUSDT,rolling_tree,reused_2026,-0.1297567100175977,0.34884085213032584,0.6511591478696742,0.4976503759398496,-0.14411982098828807,0.544640197303896
LTCUSDT,rolling_tree,year2024,-0.018994368801780768,0.8836520947176685,0.1163479052823315,0.5239071038251366,0.5243023528871347,0.39573026181859877
LTCUSDT,rolling_tree,year2025,0.03437896001784159,0.703310502283105,0.29668949771689496,0.5190639269406393,0.24789381713393668,0.43972634522154397
LTCUSDT,action_tcn,all,-0.029635053573025642,0.6231193580742227,0.3768806419257773,0.4728351721832163,0.18022229462685946,0.613712608056519
LTCUSDT,action_tcn,development_2024_25,-0.014219512093706664,0.6215800273597811,0.37841997264021887,0.4781121751025992,0.1841001664362296,0.6252649441438897
LTCUSDT,action_tcn,reused_2026,-0.10294529926645925,0.6273496240601504,0.3726503759398496,0.4583333333333333,0.169565436383816,0.5806498006835042
LTCUSDT,action_tcn,year2024,-0.04765137939670547,0.7447632058287796,0.2552367941712204,0.47256375227686703,0.33369743150481396,0.5013352672732235
LTCUSDT,action_tcn,year2025,-0.0013201540039379299,0.4980593607305936,0.5019406392694064,0.483675799086758,0.03409304584690941,0.6971478879597541
LTCUSDT,vol_long,all,,1.0,0.0,0.5138749582079573,1.0,0.0
LTCUSDT,vol_long,development_2024_25,,1.0,0.0,0.5209758321933424,1.0,0.0
LTCUSDT,vol_long,reused_2026,,1.0,0.0,0.4943609022556391,1.0,0.0
LTCUSDT,vol_long,year2024,,1.0,0.0,0.5369990892531876,1.0,0.0
LTCUSDT,vol_long,year2025,,1.0,0.0,0.5049086757990867,1.0,0.0
LTCUSDT,hold,all,,1.0,0.0,0.5138749582079573,1.0,0.0
LTCUSDT,hold,development_2024_25,,1.0,0.0,0.5209758321933424,1.0,0.0
LTCUSDT,hold,reused_2026,,1.0,0.0,0.4943609022556391,1.0,0.0
LTCUSDT,hold,year2024,,1.0,0.0,0.5369990892531876,1.0,0.0
LTCUSDT,hold,year2025,,1.0,0.0,0.5049086757990867,1.0,0.0
SOLUSDT,trend24,all,-0.015144223949346444,0.501546305583417,0.49778502173186223,0.4879638916750251,0.0012849051582812265,0.6561128574727096
SOLUSDT,trend24,development_2024_25,-0.024190778106208104,0.4996580027359781,0.4997720018239854,0.4893410852713178,0.003113237684901507,0.6526256926616328
SOLUSDT,trend24,reused_2026,0.015980733678762713,0.5067355889724311,0.4923245614035088,0.4841791979949875,-0.0037395725746489404,0.6655760555364586
SOLUSDT,trend24,year2024,-0.04486720391148553,0.5092213114754098,0.49055100182149364,0.4887295081967213,0.0170952230760454,0.646125556909883
SOLUSDT,trend24,year2025,-0.005384900260820462,0.49006849315068496,0.5090182648401826,0.4899543378995434,-0.010907054515533199,0.6587813620374205
SOLUSDT,trend72,all,-0.011253597459982055,0.5025075225677031,0.49699097291875627,0.4825309261116683,0.007470113709728745,0.661815841228451
SOLUSDT,trend72,development_2024_25,-0.016369374470518887,0.5005129958960328,0.4993160054719562,0.48643410852713176,0.007375886544862859,0.6617125608872865
SOLUSDT,trend72,reused_2026,0.006783189563986262,0.5079887218045113,0.4906015037593985,0.4718045112781955,0.007729061294378981,0.6620995159952905
SOLUSDT,trend72,year2024,-0.0004891737313372449,0.5103597449908925,0.48929872495446264,0.4959016393442623,0.03989789863353352,0.6534691922367815
SOLUSDT,trend72,year2025,-0.034942116035648396,0.4906392694063927,0.5093607305936073,0.4769406392694064,-0.025235226946790465,0.6682893687135788
SOLUSDT,trend168,all,0.02325088483552507,0.4929371447676362,0.5067703109327983,0.49949849548645936,0.007649176800701448,0.665381428549927
SOLUSDT,trend168,development_2024_25,0.005280596408314217,0.49150706794345644,0.5083219334245326,0.5032489740082079,0.011101436750530512,0.6658529892983813
SOLUSDT,trend168,reused_2026,0.08814895102450265,0.4968671679197995,0.5025062656641605,0.4891917293233083,-0.001838048850896482,0.6639913639609636
SOLUSDT,trend168,year2024,0.003198348184303914,0.5241347905282332,0.47586520947176686,0.49874772313296906,0.06619574054960854,0.657131032100588
SOLUSDT,trend168,year2025,0.002173651030379968,0.45878995433789954,0.5408675799086758,0.5077625570776255,-0.04414381034662717,0.6699515589487004
SOLUSDT,trend336,all,-0.0021042330752742396,0.49690738883316615,0.5028418589100635,0.49114008692744904,0.020313238095349698,0.6710307616354431
SOLUSDT,trend336,development_2024_25,-0.01498681990879359,0.4896260829913361,0.510373917008664,0.49162106703146374,0.023704152708520068,0.6673527346646576
SOLUSDT,trend336,reused_2026,0.04274086475812445,0.5169172932330827,0.48214285714285715,0.4898182957393484,0.010994596808779969,0.6809491709239687
SOLUSDT,trend336,year2024,0.006011382394581177,0.5309653916211293,0.4690346083788707,0.49146174863387976,0.1026559949474171,0.6572158306073483
SOLUSDT,trend336,year2025,-0.04321195600107227,0.44817351598173516,0.5518264840182648,0.4917808219178082,-0.05546399594746981,0.6680609376034718
SOLUSDT,trend_ensemble,all,-0.007461156602956107,0.49632230023403545,0.5036776997659645,0.4813189568706118,0.00787482502391203,0.5179346006677622
SOLUSDT,trend_ensemble,development_2024_25,-0.020299939248551935,0.4941290469676243,0.5058709530323757,0.4848951208390333,0.010523113880799247,0.5161271067291192
SOLUSDT,trend_ensemble,reused_2026,0.03739259497529327,0.5023496240601504,0.4976503759398496,0.47149122807017546,0.0005970086540453032,0.5228005476894774
SOLUSDT,trend_ensemble,year2024,-0.019871509956948454,0.5208333333333334,0.4791666666666667,0.4929417122040073,0.04748979055098579,0.512656131106637
SOLUSDT,trend_ensemble,year2025,-0.02535188128466833,0.46735159817351596,0.532648401826484,0.47682648401826483,-0.026544841355606977,0.516936691148495
SOLUSDT,breakout,all,0.006603880431004662,0.5144182547642929,0.48558174523570713,0.48303243062520895,0.027519151414174114,0.5894407548569911
SOLUSDT,breakout,development_2024_25,0.009946815786568133,0.5151618787049703,0.4848381212950296,0.4892840857273142,0.03574138307379378,0.5906822048386314
SOLUSDT,breakout,reused_2026,-0.006396802511777604,0.512374686716792,0.487625313283208,0.4658521303258145,0.004923469672888511,0.5854211139248044
SOLUSDT,breakout,year2024,0.00015902821628373275,0.5558970856102003,0.44410291438979965,0.5011384335154827,0.07933602176925454,0.587577642095751
SOLUSDT,breakout,year2025,0.015050664677306886,0.4743150684931507,0.5256849315068494,0.4773972602739726,-0.007972692987955934,0.5905563908764
SOLUSDT,range_only,all,0.007128941955149768,0.4986208625877633,0.5013791374122367,0.5135824139083919,-0.006244514310913806,0.37908696881517917
SOLUSDT,range_only,development_2024_25,0.016343064441932172,0.49897400820793436,0.5010259917920656,0.5091199270405837,-0.008333498152310345,0.3782380968188885
SOLUSDT,range_only,reused_2026,-0.025023828917570868,0.4976503759398496,0.5023496240601504,0.5258458646616542,-0.0005037354084293353,0.3813511120915463
SOLUSDT,range_only,year2024,0.011295834073550707,0.46493624772313297,0.535063752276867,0.4973816029143898,-0.030281084339007985,0.3735933706689462
SOLUSDT,range_only,year2025,0.02495505920981067,0.5331050228310502,0.4668949771689498,0.5208904109589041,0.013674218407501533,0.3815734799251552
SOLUSDT,down_rebound,all,0.008603299287499429,0.47270979605483116,0.31699264460046805,0.3891675025075226,0.09794183883512539,0.6007694649447939
SOLUSDT,down_rebound,development_2024_25,0.0005020362661955446,0.47583219334245325,0.31965344277245783,0.3960898312813497,0.1006048088294185,0.60146844700976
SOLUSDT,down_rebound,reused_2026,0.03769184588847378,0.4641290726817043,0.30968045112781956,0.3701441102756892,0.09062367693351539,0.5987833861524765
SOLUSDT,down_rebound,year2024,0.00800287414902357,0.5073998178506375,0.29439890710382516,0.4039162112932605,0.13986470787422317,0.5995229993953309
SOLUSDT,down_rebound,year2025,-0.01105878352573606,0.44417808219178084,0.3449771689497717,0.3882420091324201,0.06123734841736775,0.6008425754792424
SOLUSDT,selected_trend,all,-0.0003976865714981931,0.49285356068204617,0.5071046472751588,0.4867937144767636,0.001337582644516018,0.6275451483017684
SOLUSDT,selected_trend,development_2024_25,-0.01977480277346234,0.49327405380756956,0.5066689466484268,0.48318513451892386,0.0026242968400855115,0.6310322007348066
SOLUSDT,selected_trend,reused_2026,0.07043662236304951,0.4916979949874687,0.5083020050125313,0.4967105263157895,-0.0021984627575941267,0.6178471613789827
SOLUSDT,selected_trend,year2024,-0.013303119098096684,0.5382513661202186,0.46163479052823314,0.486908014571949,0.07297719066965654,0.6070878646736656
SOLUSDT,selected_trend,year2025,-0.03295112525210355,0.44817351598173516,0.5518264840182648,0.4794520547945205,-0.06792134464381311,0.646520723219923
SOLUSDT,selected_breakout,all,-0.0007728625134447374,0.5105315947843531,0.48946840521564694,0.4902206619859579,0.023638074946322536,0.6243633955149838
SOLUSDT,selected_breakout,development_2024_25,0.005099938600783405,0.515218878248974,0.484781121751026,0.49578203374373003,0.03230184667929834,0.6158543046466072
SOLUSDT,selected_breakout,reused_2026,-0.02190448297408682,0.4976503759398496,0.5023496240601504,0.474937343358396,-0.00017101203414856956,0.6465738611210464
SOLUSDT,selected_breakout,year2024,-0.013538490534941279,0.5689890710382514,0.43101092896174864,0.5001138433515483,0.08740606944097366,0.615668590149017
SOLUSDT,selected_breakout,year2025,0.01815117906222722,0.4613013698630137,0.5386986301369863,0.4914383561643836,-0.022953346555696624,0.6110711349413525
SOLUSDT,regime_gate,all,0.0006400527439461798,0.5444667335339352,0.45553326646606485,0.4857071213640923,0.042706019185365846,0.46483005198858157
SOLUSDT,regime_gate,development_2024_25,-0.011285901067533816,0.55375056999544,0.44624943000455997,0.4895120839033288,0.0490116170284881,0.46242823222706414
SOLUSDT,regime_gate,reused_2026,0.04164530063869302,0.518953634085213,0.48104636591478694,0.47525062656641603,0.025377477744304308,0.47093289412956635
SOLUSDT,regime_gate,year2024,-0.016295996888266544,0.586976320582878,0.41302367941712204,0.49077868852459017,0.08792459384095234,0.4570923773248276
SOLUSDT,regime_gate,year2025,-0.011748740565881122,0.5204337899543379,0.4795662100456621,0.4882420091324201,0.00999202932064726,0.4644554276206077
SOLUSDT,gate_no_range,all,0.0003241158288245779,0.5323052490805751,0.4676947509194249,0.4828234704112337,0.040869040926309566,0.4732156486127035
SOLUSDT,gate_no_range,development_2024_25,-0.011475963156161732,0.5327747378020976,0.4672252621979024,0.48683310533515733,0.04615668813288209,0.47147528188281745
SOLUSDT,gate_no_range,reused_2026,0.04126956708843918,0.5310150375939849,0.46898496240601506,0.4718045112781955,0.02633795029471364,0.47766439119574616
SOLUSDT,gate_no_range,year2024,-0.01334147985222695,0.5632969034608379,0.4367030965391621,0.5001138433515483,0.08534799060180977,0.4665591185208072
SOLUSDT,gate_no_range,year2025,-0.01495454861773588,0.5021689497716895,0.4978310502283105,0.4735159817351598,0.006858012232532709,0.4731052249620821
SOLUSDT,adaptive14,all,-0.0032292988392520036,0.5369859578736209,0.46301404212637914,0.4791875626880642,0.039427614024022464,0.4512434472016143
SOLUSDT,adaptive14,development_2024_25,-0.01619775653602492,0.5450866393068855,0.45491336069311444,0.4840971272229822,0.045642219482248274,0.4501623381548255
SOLUSDT,adaptive14,reused_2026,0.04177502807059982,0.5147243107769424,0.48527568922305764,0.4656954887218045,0.022349130603108665,0.4537630775749398
SOLUSDT,adaptive14,year2024,-0.020429659891171174,0.5793488160291439,0.4206511839708561,0.48747723132969034,0.0853809054009713,0.446303255903548
SOLUSDT,adaptive14,year2025,-0.01772551474892954,0.5107305936073059,0.48926940639269406,0.48070776255707764,0.005794660451419149,0.4504928697980384
SOLUSDT,adaptive42,all,-0.0026218667348914125,0.5374456703443664,0.4625543296556336,0.48173687729856235,0.038693950830246064,0.4486345958331813
SOLUSDT,adaptive42,development_2024_25,-0.015560293610074634,0.5461696306429549,0.4538303693570451,0.4858641130870953,0.045436226337385026,0.4481501109562525
SOLUSDT,adaptive42,reused_2026,0.04243085409273214,0.5134711779448622,0.48652882205513787,0.47039473684210525,0.02016536663581532,0.44944272923858847
SOLUSDT,adaptive42,year2024,-0.01923081213119764,0.5774134790528234,0.4225865209471767,0.48895719489981787,0.08528332223702015,0.4456564386773995
SOLUSDT,adaptive42,year2025,-0.017673451199393474,0.5148401826484018,0.4851598173515982,0.48276255707762555,0.005479960311997487,0.44708482939395666
SOLUSDT,adaptive126,all,-0.0012714796327207096,0.5375292544299566,0.4624707455700435,0.4828652624540288,0.041066516039762024,0.44971310976791135
SOLUSDT,adaptive126,development_2024_25,-0.013176882182246177,0.5448586411308709,0.45514135886912904,0.4859781121751026,0.04839014069710411,0.44942552407133457
SOLUSDT,adaptive126,reused_2026,0.04010701442177773,0.5173872180451128,0.4826127819548872,0.4743107769423559,0.02094031444383321,0.44988890593908637
SOLUSDT,adaptive126,year2024,-0.01683260733809559,0.5730874316939891,0.42691256830601093,0.48781876138433516,0.08964034376843072,0.44653235426120147
SOLUSDT,adaptive126,year2025,-0.015473835611698399,0.5165525114155252,0.4834474885844749,0.4841324200913242,0.0070269233707875725,0.4485146652151724
SOLUSDT,filtered_moe,all,,0.45720494817786694,0.4515212303577399,0.4360581745235707,,
SOLUSDT,filtered_moe,development_2024_25,,0.43946648426812585,0.436046511627907,0.42413360693114455,,
SOLUSDT,filtered_moe,reused_2026,0.037916641846629406,0.5059523809523809,0.49404761904761907,0.46882832080200504,0.01839223350759303,0.37927090002389097
SOLUSDT,filtered_moe,year2024,,0.39503642987249543,0.3563296903460838,0.37215391621129323,,
SOLUSDT,filtered_moe,year2025,-0.01328439803458062,0.4840182648401826,0.5159817351598174,0.4762557077625571,0.015729280031579786,0.39050271213490917
SOLUSDT,kalman,all,-0.006567694822555206,0.5039702440655299,0.4960297559344701,0.48921765295887665,0.006490783765325546,0.673184237060045
SOLUSDT,kalman,development_2024_25,-0.01519724691676773,0.5029639762881897,0.4970360237118103,0.49247606019151846,0.008720998274024833,0.6723089104622954
SOLUSDT,kalman,reused_2026,0.02379909427203726,0.5067355889724311,0.4932644110275689,0.48026315789473684,0.00036188599893763557,0.6755459809709301
SOLUSDT,kalman,year2024,-0.015941028802050932,0.5247040072859745,0.4752959927140255,0.5,0.03416879486206042,0.6652075628511968
SOLUSDT,kalman,year2025,-0.016871704951321866,0.4811643835616438,0.5188356164383562,0.4849315068493151,-0.01679651830466291,0.678397342755594
SOLUSDT,trend_ensemble_long,all,0.0034703636365164634,0.49632230023403545,0.0,0.23980274155800735,0.22275981541397324,0.29811930185582525
SOLUSDT,trend_ensemble_long,development_2024_25,-0.0028069126374620054,0.4941290469676243,0.0,0.23865709074327404,0.22398990760749302,0.29808806795495935
SOLUSDT,trend_ensemble_long,reused_2026,0.02576545887905345,0.5023496240601504,0.0,0.24295112781954886,0.21937937408516522,0.29817898596745906
SOLUSDT,trend_ensemble_long,year2024,-0.00596197145549588,0.5208333333333334,0.0,0.26035974499089254,0.24182985799240483,0.305051388105043
SOLUSDT,trend_ensemble_long,year2025,-0.003395960900603852,0.46735159817351596,0.0,0.21689497716894976,0.2061010806461842,0.2898378697945051
SOLUSDT,regime_gate_long,all,0.009764982148563,0.5444667335339352,0.0,0.26575560013373456,0.2053207663310177,0.28153781518336995
SOLUSDT,regime_gate_long,development_2024_25,0.003802724055176242,0.55375056999544,0.0,0.2706908344733242,0.20823666400543925,0.2816978594535399
SOLUSDT,regime_gate_long,reused_2026,0.030690567424194893,0.518953634085213,0.0,0.25219298245614036,0.19730752873702448,0.2809417035522803
SOLUSDT,regime_gate_long,year2024,0.0006706581644721803,0.586976320582878,0.0,0.2923497267759563,0.22845716689912343,0.28929188951985707
SOLUSDT,regime_gate_long,year2025,0.002464769905448249,0.5204337899543379,0.0,0.24897260273972602,0.1879607624736902,0.2723684817088781
SOLUSDT,expanding_tree,all,-0.002802626451193687,0.7635824139083919,0.23641758609160815,0.4873370110330993,0.2662141627026188,0.36747306742760544
SOLUSDT,expanding_tree,development_2024_25,0.018009084856132333,0.8254673962608299,0.1745326037391701,0.49162106703146374,0.32000222030408604,0.3544610515214787
SOLUSDT,expanding_tree,reused_2026,-0.08783499375880255,0.5935150375939849,0.40648496240601506,0.4755639097744361,0.11839810967001517,0.36201032302903197
SOLUSDT,expanding_tree,year2024,0.0005316210038688548,0.8005464480874317,0.1994535519125683,0.4887295081967213,0.33636576284744324,0.3871184321059935
SOLUSDT,expanding_tree,year2025,0.03623724152820551,0.8504566210045662,0.1495433789954338,0.4945205479452055,0.3035938461373225,0.31752245422924225
SOLUSDT,rolling_tree,all,-0.007018547185190863,0.618480441323972,0.3815195586760281,0.4912654630558342,0.16027729332059293,0.5569708695357861
SOLUSDT,rolling_tree,development_2024_25,0.01610883039602209,0.7424190606475148,0.25758093935248516,0.4948700410396717,0.31625863886050376,0.4751458387833242
SOLUSDT,rolling_tree,reused_2026,-0.10648777580285951,0.27788220551378445,0.7221177944862155,0.48135964912280704,-0.2683782088962298,0.5400886043619406
SOLUSDT,rolling_tree,year2024,-0.019864950393758282,0.8250227686703097,0.17497723132969034,0.48929872495446264,0.42484735904626125,0.4171271471497521
SOLUSDT,rolling_tree,year2025,0.03310092339417557,0.6595890410958904,0.3404109589041096,0.5004566210045662,0.20737241533177161,0.5039780605753901
SOLUSDT,action_tcn,all,-0.003594891649740958,0.6100384486793714,0.38996155132062854,0.4989551989301237,0.16624521530240846,0.6162619171194498
SOLUSDT,action_tcn,development_2024_25,0.01062859209939763,0.6224920200638395,0.37750797993616053,0.5025079799361605,0.19230299990653546,0.6295610415146983
SOLUSDT,action_tcn,reused_2026,-0.06334819277351103,0.5758145363408521,0.4241854636591479,0.4891917293233083,0.09463528843918725,0.5720602603410764
SOLUSDT,action_tcn,year2024,-0.01780139069919091,0.7110655737704918,0.2889344262295082,0.4973816029143898,0.29769634166452064,0.5003522250140342
SOLUSDT,action_tcn,year2025,0.02159588895994676,0.533675799086758,0.466324200913242,0.507648401826484,0.08662090926702157,0.721411778087861
SOLUSDT,vol_long,all,,1.0,0.0,0.49945670344366433,1.0,0.0
SOLUSDT,vol_long,development_2024_25,,1.0,0.0,0.49743502051983585,1.0,0.0
SOLUSDT,vol_long,reused_2026,,1.0,0.0,0.5050125313283208,1.0,0.0
SOLUSDT,vol_long,year2024,,1.0,0.0,0.5069444444444444,1.0,0.0
SOLUSDT,vol_long,year2025,,1.0,0.0,0.48789954337899544,1.0,0.0
SOLUSDT,hold,all,,1.0,0.0,0.49945670344366433,1.0,0.0
SOLUSDT,hold,development_2024_25,,1.0,0.0,0.49743502051983585,1.0,0.0
SOLUSDT,hold,reused_2026,,1.0,0.0,0.5050125313283208,1.0,0.0
SOLUSDT,hold,year2024,,1.0,0.0,0.5069444444444444,1.0,0.0
SOLUSDT,hold,year2025,,1.0,0.0,0.48789954337899544,1.0,0.0
TRXUSDT,trend24,all,0.02074741861143074,0.5367769976596456,0.46167669675693745,0.49536108324974926,0.05846687171070563,0.6629077301454612
TRXUSDT,trend24,development_2024_25,0.023356041249303013,0.5279297765617875,0.47036023711810304,0.49241906064751484,0.044789276411895,0.661535157213477
TRXUSDT,trend24,reused_2026,0.016253325743741127,0.5610902255639098,0.43781328320802004,0.5034461152882206,0.09605454901683563,0.6652183918272517
TRXUSDT,trend24,year2024,0.07590884952045186,0.5365437158469946,0.4611794171220401,0.5181010928961749,0.06209660265079094,0.6754333043231056
TRXUSDT,trend24,year2025,-0.08343789497951477,0.5192922374429224,0.4795662100456621,0.4666666666666667,0.02743453284083769,0.6468345388385984
TRXUSDT,trend72,all,0.012634203204718288,0.563732865262454,0.43526412571046474,0.4947759946506185,0.09554443987317138,0.6698518745026463
TRXUSDT,trend72,development_2024_25,0.018790198811357985,0.5442316461468308,0.4548563611491108,0.49213406292749656,0.0725890970539284,0.6710336757089891
TRXUSDT,trend72,reused_2026,-0.020016337183126703,0.6173245614035088,0.38142230576441105,0.5020363408521303,0.1586284834854519,0.6625096109574418
TRXUSDT,trend72,year2024,0.06934026785132771,0.551115664845173,0.44785974499089254,0.5132058287795993,0.10215834095566975,0.6964004682928685
TRXUSDT,trend72,year2025,-0.09084618296624011,0.5373287671232877,0.46187214611872146,0.47100456621004566,0.042938841525059,0.643232359508871
TRXUSDT,trend168,all,0.012256956378430505,0.5940320962888666,0.40559177532597795,0.49339685723838184,0.1374806005668967,0.6752794656568234
TRXUSDT,trend168,development_2024_25,0.008788245986640656,0.58031235750114,0.41917464660282716,0.48107615139078885,0.12014312749221365,0.6677231499608127
TRXUSDT,trend168,reused_2026,0.049887611403680296,0.6317355889724311,0.3682644110275689,0.5272556390977443,0.18512606228717232,0.6933935077780857
TRXUSDT,trend168,year2024,0.049261178721950766,0.6194216757741348,0.3800091074681239,0.5033014571948998,0.18181641623341954,0.7081233264386829
TRXUSDT,trend168,year2025,-0.09229457519596755,0.541095890410959,0.45844748858447487,0.45878995433789954,0.05830087083664827,0.6184488647762139
TRXUSDT,trend336,all,0.017350639587514795,0.6232029421598128,0.3765463055834169,0.5001671681711802,0.1831427569032337,0.6643610823539484
TRXUSDT,trend336,development_2024_25,0.021150214552350412,0.6043091655266758,0.3954628362973096,0.5012539899680802,0.1574709596626135,0.6723254406378726
TRXUSDT,trend336,reused_2026,0.004541791573919678,0.675125313283208,0.32456140350877194,0.49718045112781956,0.25369194405696815,0.636656310701242
TRXUSDT,trend336,year2024,0.04881522087562613,0.6556238615664846,0.3442622950819672,0.524476320582878,0.2540276897770206,0.7208705680513633
TRXUSDT,trend336,year2025,-0.059608197709703964,0.5528538812785389,0.44680365296803654,0.47796803652968034,0.060649690561591627,0.6045496021993398
TRXUSDT,trend_ensemble,all,0.020070496292087844,0.5856736877298563,0.41432631227014377,0.4890086927449014,0.10233110995484271,0.5189320230787047
TRXUSDT,trend_ensemble,development_2024_25,0.023169922143243767,0.5695394436844505,0.43046055631554947,0.4842111263109895,0.08370587617466091,0.5169755622153122
TRXUSDT,trend_ensemble,reused_2026,0.015513015971050245,0.6300125313283208,0.3699874686716792,0.5021929824561403,0.15351549301241005,0.5208521216055162
TRXUSDT,trend_ensemble,year2024,0.081198742960908,0.6028005464480874,0.39719945355191255,0.5056921675774135,0.12500960866046634,0.5394309296878657
TRXUSDT,trend_ensemble,year2025,-0.10832007002127733,0.5361872146118721,0.46381278538812787,0.4626712328767123,0.04228898277793545,0.4899497043963558
TRXUSDT,breakout,all,0.036961022202008226,0.5715897693079238,0.42841023069207623,0.4980775660314276,0.10690110119337945,0.59289069699906
TRXUSDT,breakout,development_2024_25,0.04298097507227373,0.5646374829001368,0.4353625170998632,0.49886000911992706,0.09785093722046126,0.5921398737367273
TRXUSDT,breakout,reused_2026,0.013251561703137361,0.5906954887218046,0.4093045112781955,0.49592731829573933,0.13177204053248923,0.5942397368512987
TRXUSDT,breakout,year2024,0.09662108374913572,0.5732012750455373,0.42679872495446264,0.5224271402550091,0.11622303888079798,0.6108569584506242
TRXUSDT,breakout,year2025,-0.0668288277688436,0.5560502283105023,0.44394977168949773,0.4752283105022831,0.07942850103502772,0.5721656247340672
TRXUSDT,range_only,all,-0.024898503288623332,0.43108492143095956,0.5689150785690404,0.5028418589100635,-0.05486243723702144,0.3839215021482281
TRXUSDT,range_only,development_2024_25,-0.03122343050272145,0.4408344733242134,0.5591655266757866,0.5017099863201094,-0.04521028897097496,0.3822153376166017
TRXUSDT,range_only,reused_2026,0.0038061847097832485,0.4042919799498747,0.5957080200501254,0.5059523809523809,-0.08138770183281079,0.3873349002291534
TRXUSDT,range_only,year2024,-0.08493728620792364,0.4237249544626594,0.5762750455373407,0.47404371584699456,-0.06661821333425215,0.40135989559141705
TRXUSDT,range_only,year2025,0.08853765582404015,0.4579908675799087,0.5420091324200913,0.5294520547945205,-0.023743712760127145,0.3607296701317754
TRXUSDT,down_rebound,all,0.008633596756610422,0.5569625543296556,0.23599966566365763,0.39255265797392175,0.20403763065839498,0.5891384596457496
TRXUSDT,down_rebound,development_2024_25,0.00944673254634321,0.533686730506156,0.2416780665754674,0.3740880072959416,0.18141985335624417,0.5880651703838708
TRXUSDT,down_rebound,reused_2026,0.016035159863232906,0.6209273182957393,0.22039473684210525,0.4432957393483709,0.26619400362032064,0.5876113222289586
TRXUSDT,down_rebound,year2024,0.0540184323167944,0.5824225865209471,0.22392987249544627,0.41632513661202186,0.2428967622734895,0.611890815867714
TRXUSDT,down_rebound,year2025,-0.0978935916057403,0.4848173515981735,0.25947488584474887,0.3317351598173516,0.11977451455155433,0.556383570931529
TRXUSDT,selected_trend,all,0.034796805424729335,0.5753092611166833,0.42431461049816116,0.4977432296890672,0.10059806934901142,0.6489809950997605
TRXUSDT,selected_trend,development_2024_25,0.03770889908683291,0.5449156406748746,0.45457136342909255,0.4932170542635659,0.062293568211586374,0.6547665993812375
TRXUSDT,selected_trend,reused_2026,0.042994495491825435,0.6588345864661654,0.34116541353383456,0.5101817042606517,0.20586344653494265,0.6207531007086806
TRXUSDT,selected_trend,year2024,0.09030608982506448,0.5954007285974499,0.40425774134790526,0.518556466302368,0.14273983962387388,0.6745992813304561
TRXUSDT,selected_trend,year2025,-0.08292571987624224,0.4942922374429224,0.5050228310502283,0.4678082191780822,-0.01837310394429641,0.6239276651846845
TRXUSDT,selected_breakout,all,0.01773627183663302,0.5945753928452022,0.4054246071547977,0.4809846205282514,0.13060854454847734,0.6173630109342291
TRXUSDT,selected_breakout,development_2024_25,0.02083720253583394,0.5764933880528956,0.4235066119471044,0.4775421796625627,0.11145506576991748,0.6231968655173036
TRXUSDT,selected_breakout,reused_2026,0.0090776120709285,0.644266917293233,0.3557330827067669,0.49044486215538846,0.18324460840985796,0.5978875696000676
TRXUSDT,selected_breakout,year2024,0.07112629437272218,0.6040528233151184,0.3959471766848816,0.48668032786885246,0.14988134559010094,0.6284554098246697
TRXUSDT,selected_breakout,year2025,-0.08344254636708892,0.5488584474885845,0.4511415525114155,0.46837899543378997,0.07292350847077461,0.6154747163085138
TRXUSDT,regime_gate,all,0.024108103299274746,0.6102474088933467,0.3897525911066533,0.48955198930123706,0.11760527017873998,0.46676245513942277
TRXUSDT,regime_gate,development_2024_25,0.027051784389240913,0.593422252621979,0.406577747378021,0.48204514363885087,0.10130300393818459,0.46190636742003915
TRXUSDT,regime_gate,reused_2026,0.02343436152511395,0.6564849624060151,0.34351503759398494,0.5101817042606517,0.1624058589826723,0.47699364382273995
TRXUSDT,regime_gate,year2024,0.08334575672120953,0.6344489981785064,0.36555100182149364,0.49715391621129323,0.14269662125372187,0.4913117531299289
TRXUSDT,regime_gate,year2025,-0.10773517596187256,0.5522831050228311,0.44771689497716893,0.4668949771689498,0.059795979451919785,0.4263918303245562
TRXUSDT,gate_no_range,all,0.02417902472570425,0.6234954864593781,0.37650451354062187,0.49364760949515213,0.1209708460914704,0.47415299662217797
TRXUSDT,gate_no_range,development_2024_25,0.027951534180782573,0.6104651162790697,0.38953488372093026,0.4858641130870953,0.10454144108300972,0.4695908789260309
TRXUSDT,gate_no_range,reused_2026,0.017290634786641428,0.6593045112781954,0.3406954887218045,0.5150375939849624,0.16612082752449578,0.4836038743727915
TRXUSDT,gate_no_range,year2024,0.08336789231511213,0.6475409836065574,0.3524590163934426,0.5081967213114754,0.14615292369176344,0.4980774445591249
TRXUSDT,gate_no_range,year2025,-0.10370347254158448,0.5732876712328767,0.4267123287671233,0.4634703196347032,0.06281595441231423,0.43519794199249734
TRXUSDT,adaptive14,all,0.023443855182650557,0.6174356402540956,0.38256435974590436,0.49051320628552325,0.11545895277743876,0.45672773493121227
TRXUSDT,adaptive14,development_2024_25,0.027088350276898543,0.6032831737346102,0.3967168262653899,0.48119015047879615,0.09899700026711658,0.4509574639684189
TRXUSDT,adaptive14,reused_2026,0.017911967700869245,0.656328320802005,0.34367167919799496,0.5161340852130326,0.1606983786610685,0.46925730157404444
TRXUSDT,adaptive14,year2024,0.08351061259204591,0.6442395264116576,0.35576047358834245,0.5009107468123861,0.13926679292658023,0.4841153506585811
TRXUSDT,adaptive14,year2025,-0.11105518150228892,0.5622146118721462,0.4377853881278539,0.46141552511415523,0.058616879408585884,0.41111555225813184
TRXUSDT,adaptive42,all,0.024241828903357274,0.6144266131728519,0.3855733868271481,0.48984453360080243,0.11483880495626642,0.45397681339710166
TRXUSDT,adaptive42,development_2024_25,0.02757869175628351,0.6006041951664387,0.39939580483356135,0.4795371637026904,0.09954638610852355,0.44811452208454644
TRXUSDT,adaptive42,reused_2026,0.020838675298995486,0.6524122807017544,0.3475877192982456,0.518170426065163,0.15686421163934924,0.4671392595002021
TRXUSDT,adaptive42,year2024,0.0847008241144965,0.6378642987249544,0.3621357012750455,0.49863387978142076,0.13790118692491343,0.4828385646761558
TRXUSDT,adaptive42,year2025,-0.11283606932459411,0.5632420091324201,0.4367579908675799,0.4603881278538813,0.06108650364606136,0.40673986889430747
TRXUSDT,adaptive126,all,0.025454100638493612,0.6150534938147777,0.38494650618522236,0.48892510865931127,0.11836957644540445,0.45027994622048473
TRXUSDT,adaptive126,development_2024_25,0.028773278077117496,0.6013451892384861,0.39865481076151393,0.4795371637026904,0.1033048116561905,0.4450754468285793
TRXUSDT,adaptive126,reused_2026,0.022560523058899436,0.6527255639097744,0.34727443609022557,0.5147243107769424,0.15976936238869544,0.4617578490230539
TRXUSDT,adaptive126,year2024,0.08573421028246735,0.6366120218579235,0.3633879781420765,0.49578779599271405,0.1394524627260478,0.47813416337367176
TRXUSDT,adaptive126,year2025,-0.10942502874960609,0.5659817351598173,0.43401826484018263,0.4632420091324201,0.06705812592586784,0.40603492091113386
TRXUSDT,filtered_moe,all,,0.5609327983951855,0.34779338014042127,0.4388582413908392,,
TRXUSDT,filtered_moe,development_2024_25,,0.5234268125854993,0.35208618331053354,0.4131326949384405,,
TRXUSDT,filtered_moe,reused_2026,0.005583047844132483,0.6640037593984962,0.33599624060150374,0.5095551378446115,0.157523184234845,0.3793464984099618
TRXUSDT,filtered_moe,year2024,,0.4824681238615665,0.2688979963570127,0.36361566484517305,,
TRXUSDT,filtered_moe,year2025,-0.11532984594049055,0.5644977168949772,0.4355022831050228,0.46278538812785386,0.0596463493716108,0.35162628234334564
TRXUSDT,kalman,all,0.022177998667293513,0.5551237044466734,0.44487629555332664,0.4965312604480107,0.07886856200477889,0.6739720433844734
TRXUSDT,kalman,development_2024_25,0.026798198588367753,0.5481646146830825,0.45183538531691747,0.4960670314637483,0.0641666163188817,0.6703882272867215
TRXUSDT,kalman,reused_2026,0.004184120674332065,0.5742481203007519,0.4257518796992481,0.49780701754385964,0.11927127740474447,0.6820939935151522
TRXUSDT,kalman,year2024,0.08097775504749358,0.5589708561020036,0.44102914389799636,0.525728597449909,0.0850898499408357,0.6832759500704889
TRXUSDT,kalman,year2025,-0.08303989377151716,0.5373287671232877,0.4626712328767123,0.466324200913242,0.0431860587691963,0.6565422799977252
TRXUSDT,trend_ensemble_long,all,0.030185868205427357,0.5856736877298563,0.0,0.30712972250083587,0.275028155040201,0.31708902997989896
TRXUSDT,trend_ensemble_long,development_2024_25,0.038214214088928306,0.5695394436844505,0.0,0.2920656634746922,0.26237853461860394,0.31352028907841545
TRXUSDT,trend_ensemble_long,reused_2026,-0.0030648475473148582,0.6300125313283208,0.0,0.34852756892230574,0.3097908337175974,0.3241633348770383
TRXUSDT,trend_ensemble_long,year2024,0.10170492458454543,0.6028005464480874,0.0,0.32433970856102,0.2957986705326938,0.3345265297645026
TRXUSDT,trend_ensemble_long,year2025,-0.11532803853763329,0.5361872146118721,0.0,0.259703196347032,0.228866836688311,0.2870568738908878
TRXUSDT,regime_gate_long,all,0.030935552596911612,0.6102474088933467,0.0,0.3197509194249415,0.2515601359558406,0.2999470704436808
TRXUSDT,regime_gate_long,development_2024_25,0.03980447091830153,0.593422252621979,0.0,0.3030095759233926,0.23803369424564425,0.2954937007213791
TRXUSDT,regime_gate_long,reused_2026,-0.005734020224921009,0.6564849624060151,0.0,0.3657581453634085,0.2887324250165681,0.3088217883992809
TRXUSDT,regime_gate_long,year2024,0.0992963588966913,0.6344489981785064,0.0,0.3360655737704918,0.27743469612384636,0.31819452659433084
TRXUSDT,regime_gate_long,year2025,-0.11238279493345293,0.5522831050228311,0.0,0.26986301369863014,0.19852474441709092,0.26500845364287595
TRXUSDT,expanding_tree,all,-0.004618678384230387,0.8495486459378134,0.15045135406218657,0.5180959545302575,0.5272509745947261,0.45895741942966206
TRXUSDT,expanding_tree,development_2024_25,-0.00011246671692934987,0.8039785681714546,0.19602143182854537,0.5055289557683539,0.45026997975630695,0.48956215498049555
TRXUSDT,expanding_tree,reused_2026,-0.0007402801083486074,0.9747807017543859,0.025219298245614034,0.5526315789473685,0.7388040092822615,0.2642460120924623
TRXUSDT,expanding_tree,year2024,0.013875552248114605,0.6693989071038251,0.33060109289617484,0.4959016393442623,0.2741115560129504,0.5605436710101013
TRXUSDT,expanding_tree,year2025,0.018350307654513013,0.9389269406392694,0.06107305936073059,0.5151826484018265,0.6269110293181385,0.3203278271350705
TRXUSDT,rolling_tree,all,0.01291121708440372,0.8079237713139418,0.19207622868605817,0.5129137412236711,0.4776335352828851,0.5395891386500999
TRXUSDT,rolling_tree,development_2024_25,0.017023514958506975,0.7781577747378021,0.2218422252621979,0.5012539899680802,0.42840665552828805,0.5672784183135842
TRXUSDT,rolling_tree,reused_2026,0.004304548422056942,0.8897243107769424,0.11027568922305764,0.5449561403508771,0.612914922879165,0.42658001495195175
TRXUSDT,rolling_tree,year2024,0.02279514865980694,0.6545992714025501,0.3454007285974499,0.48964025500910746,0.2309528654032493,0.6359006487590668
TRXUSDT,rolling_tree,year2025,0.06339867743852041,0.9020547945205479,0.09794520547945205,0.5128995433789955,0.6264014149413406,0.40089528212923475
TRXUSDT,action_tcn,all,0.023605333958313882,0.7261367435640254,0.2738632564359746,0.5134570377800067,0.3631196238843776,0.5914874049062431
TRXUSDT,action_tcn,development_2024_25,0.01914737735119607,0.7343251253989969,0.2656748746010032,0.5070679434564523,0.3831079513600014,0.5831357657362485
TRXUSDT,action_tcn,reused_2026,0.060514464967217234,0.7036340852130326,0.29636591478696744,0.5310150375939849,0.3081892953705392,0.6104925743191104
TRXUSDT,action_tcn,year2024,0.062199679794467805,0.7921220400728597,0.20787795992714025,0.5292577413479053,0.42836073293015176,0.4820216857177995
TRXUSDT,action_tcn,year2025,-0.04381418165609223,0.6763698630136986,0.3236301369863014,0.4848173515981735,0.3377311895663712,0.666282475358921
TRXUSDT,vol_long,all,,1.0,0.0,0.5381979271146774,1.0,0.0
TRXUSDT,vol_long,development_2024_25,,1.0,0.0,0.5291837665298678,1.0,0.0
TRXUSDT,vol_long,reused_2026,,1.0,0.0,0.5629699248120301,1.0,0.0
TRXUSDT,vol_long,year2024,,1.0,0.0,0.5384790528233151,1.0,0.0
TRXUSDT,vol_long,year2025,,1.0,0.0,0.5198630136986301,1.0,0.0
TRXUSDT,hold,all,,1.0,0.0,0.5381979271146774,1.0,0.0
TRXUSDT,hold,development_2024_25,,1.0,0.0,0.5291837665298678,1.0,0.0
TRXUSDT,hold,reused_2026,,1.0,0.0,0.5629699248120301,1.0,0.0
TRXUSDT,hold,year2024,,1.0,0.0,0.5384790528233151,1.0,0.0
TRXUSDT,hold,year2025,,1.0,0.0,0.5198630136986301,1.0,0.0
XRPUSDT,trend24,all,0.028309981467874668,0.4842861919090605,0.5142092945503176,0.46627382146439317,-0.015755348986265055,0.624548543195607
XRPUSDT,trend24,development_2024_25,0.022215700083682444,0.4958390332877337,0.5028499772001824,0.4622093023255814,-0.0003804529434800923,0.6162223504618626
XRPUSDT,trend24,reused_2026,0.044873122574391376,0.4525375939849624,0.5454260651629073,0.4774436090225564,-0.058007412923392176,0.6449934683599644
XRPUSDT,trend24,year2024,0.03867176490493367,0.5070582877959927,0.4910063752276867,0.44581056466302366,0.01634052673504586,0.603311371823401
XRPUSDT,trend24,year2025,0.0022187816832225054,0.4845890410958904,0.5147260273972603,0.4786529680365297,-0.017147243525234876,0.6284560562406574
XRPUSDT,trend72,all,0.02272253520266424,0.46761116683383486,0.5311768639251087,0.4670260782347041,-0.02949928871250318,0.6305374143674054
XRPUSDT,trend72,development_2024_25,0.027698551402866416,0.4859781121751026,0.5127108983128135,0.47036023711810304,-0.004922282572289235,0.6292691409103263
XRPUSDT,trend72,reused_2026,-0.00206192076081517,0.41713659147869675,0.5819235588972431,0.45786340852130325,-0.09703985821812869,0.6290839744372028
XRPUSDT,trend72,year2024,0.06825997890834268,0.5100182149362478,0.48747723132969034,0.4779143897996357,0.025003803937685958,0.6113619570629555
XRPUSDT,trend72,year2025,-0.019339641165731208,0.46187214611872146,0.538013698630137,0.46278538812785386,-0.034930358360373955,0.6453357407598919
XRPUSDT,trend168,all,0.02555851047935094,0.4644767636242059,0.5351471079906386,0.4825309261116683,-0.04814868622559984,0.6393034249183911
XRPUSDT,trend168,development_2024_25,0.017507663616869847,0.48147514819881443,0.5180118559051528,0.4731532147742818,-0.017069694859111428,0.6402180126709525
XRPUSDT,trend168,reused_2026,0.045016598931993314,0.41776315789473684,0.5822368421052632,0.5083020050125313,-0.13355749332673905,0.6289227612701777
XRPUSDT,trend168,year2024,0.07549456233525832,0.5093351548269581,0.48964025500910746,0.4812158469945355,0.01957950434343612,0.6356471604801016
XRPUSDT,trend168,year2025,-0.051830977425455435,0.4535388127853881,0.5464611872146119,0.46506849315068494,-0.05381930282659745,0.6426737080287438
XRPUSDT,trend336,all,0.03120208247632874,0.4315028418589101,0.5682464058843196,0.48913406887328653,-0.06748656636028844,0.6271276182802646
XRPUSDT,trend336,development_2024_25,0.04217493385201445,0.44670542635658916,0.552952576379389,0.4939010487916097,-0.036978385603961106,0.6212864254912976
XRPUSDT,trend336,reused_2026,-0.015034037179942871,0.38972431077694236,0.6102756892230576,0.47603383458646614,-0.15132671723575938,0.6354069448727587
XRPUSDT,trend336,year2024,0.1298356821553399,0.45867486338797814,0.5406420765027322,0.50591985428051,0.00010154884308478583,0.6302304914709616
XRPUSDT,trend336,year2025,-0.0644694629025149,0.434703196347032,0.5652968036529681,0.48184931506849316,-0.07415990891250573,0.6099273325269118
XRPUSDT,trend_ensemble,all,0.03359264217052738,0.4562019391507857,0.5437980608492143,0.4663991975927783,-0.03143636655168758,0.48692875209385933
XRPUSDT,trend_ensemble,development_2024_25,0.03358485790314264,0.4830141358869129,0.5169858641130871,0.4679092567259462,-0.007907218077786805,0.48497655089509417
XRPUSDT,trend_ensemble,reused_2026,0.02494108540238502,0.3825187969924812,0.6174812030075187,0.46224937343358397,-0.09609729713221941,0.4864270921712756
XRPUSDT,trend_ensemble,year2024,0.08814306032153574,0.5039845173041895,0.4960154826958106,0.4759790528233151,0.020311936291708927,0.481428052052206
XRPUSDT,trend_ensemble,year2025,-0.031887742456111735,0.461986301369863,0.538013698630137,0.4598173515981735,-0.036203685198979776,0.4868693288872619
XRPUSDT,breakout,all,0.04340746967935356,0.47697258441992646,0.5230274155800736,0.4714560347709796,-0.02079755623007625,0.5573193301902052
XRPUSDT,breakout,development_2024_25,0.04645488445078059,0.5072959416324669,0.49270405836753306,0.4731532147742818,0.017733388145671967,0.5568561433853041
XRPUSDT,breakout,reused_2026,0.020054431177490905,0.39364035087719296,0.606359649122807,0.4667919799498747,-0.12668522667621138,0.5447301270728646
XRPUSDT,breakout,year2024,0.08758775903784642,0.5245901639344263,0.47540983606557374,0.4783697632058288,0.03917349005044663,0.5563435850123976
XRPUSDT,breakout,year2025,-0.002831068064749333,0.4899543378995434,0.5100456621004567,0.46792237442922374,-0.0037654537643212484,0.5565408969114924
XRPUSDT,range_only,all,-0.038239278920992895,0.5352724841190237,0.46472751588097627,0.5295887662988967,0.01165608731607365,0.35440005841791183
XRPUSDT,range_only,development_2024_25,-0.04003737713597512,0.5137368901048791,0.48626310989512084,0.5281007751937985,-0.0028883523792170235,0.35192811137360486
XRPUSDT,range_only,reused_2026,-0.02509772431023542,0.5944548872180451,0.4055451127819549,0.5336779448621554,0.05162595730576345,0.35807639632773625
XRPUSDT,range_only,year2024,-0.08885438535025049,0.4988615664845173,0.5011384335154827,0.52367941712204,-0.018929416962624703,0.34437495888065
XRPUSDT,range_only,year2025,0.01619103041842854,0.5286529680365297,0.47134703196347033,0.5325342465753424,0.013196660326336974,0.3586228373651429
XRPUSDT,down_rebound,all,0.03324884290317788,0.43622534269475094,0.3375543296556336,0.3592861919090605,0.06124183000248931,0.5705649069585492
XRPUSDT,down_rebound,development_2024_25,0.037801849423183355,0.4579343365253078,0.32136342909256727,0.36206110351117193,0.08539857693770687,0.5692987832362084
XRPUSDT,down_rebound,reused_2026,0.009649851227584003,0.37656641604010027,0.38204887218045114,0.3516604010025063,-0.005143816650307842,0.5687703474755914
XRPUSDT,down_rebound,year2024,0.09919169181034942,0.4879326047358834,0.30669398907103823,0.38148907103825136,0.11325095012922534,0.5568416662309079
XRPUSDT,down_rebound,year2025,-0.03219579523596339,0.4278538812785388,0.3360730593607306,0.34257990867579907,0.05746989587443084,0.580181101734736
XRPUSDT,selected_trend,all,0.00922225057330756,0.47179037111334005,0.5277081243731193,0.4665245737211635,-0.03113025323105744,0.5945382967520005
XRPUSDT,selected_trend,development_2024_25,0.003339665920081762,0.4877450980392157,0.5117989056087552,0.4587893296853625,-0.0045199271663655255,0.5936984588512371
XRPUSDT,selected_trend,reused_2026,0.020970097025663336,0.42794486215538846,0.5714285714285714,0.48778195488721804,-0.10425863049906416,0.5906982971024107
XRPUSDT,selected_trend,year2024,0.06960395407755438,0.4801912568306011,0.519011839708561,0.46015482695810567,-0.005883912802469302,0.5685743899150786
XRPUSDT,selected_trend,year2025,-0.0645005690340383,0.49531963470319634,0.5045662100456622,0.4574200913242009,-0.0031522045833135143,0.6178633747047658
XRPUSDT,selected_breakout,all,0.020606344719242494,0.46777833500501503,0.5322216649949849,0.4732113005683718,-0.030602548315103534,0.5982404969343288
XRPUSDT,selected_breakout,development_2024_25,0.023404407762415775,0.49766301869585045,0.5023369813041496,0.47036023711810304,0.01692564692591345,0.6035253478777444
XRPUSDT,selected_breakout,reused_2026,-0.00626154743204515,0.3856516290726817,0.6143483709273183,0.48104636591478694,-0.1612157465150412,0.5631787829498107
XRPUSDT,selected_breakout,year2024,0.0922879817538828,0.49237249544626593,0.5076275045537341,0.480988160291439,0.017419495608705895,0.5928349930565512
XRPUSDT,selected_breakout,year2025,-0.05075756493324434,0.5029680365296804,0.49703196347031964,0.45970319634703194,0.016430445233031145,0.614057743263174
XRPUSDT,regime_gate,all,0.04280926203806199,0.5053075894349716,0.49469241056502844,0.47036944165830824,0.0018511262786084736,0.4338715823594421
XRPUSDT,regime_gate,development_2024_25,0.042908607858903526,0.5234268125854993,0.47657318741450067,0.47343821249430007,0.02212444518988499,0.432363767505865
XRPUSDT,regime_gate,reused_2026,0.034427349623028514,0.45551378446115287,0.5444862155388471,0.4619360902255639,-0.05386239298508752,0.4331286617611002
XRPUSDT,regime_gate,year2024,0.10178557669519181,0.5318761384335154,0.4681238615664845,0.4871357012750455,0.04377069755408465,0.4295868633642815
XRPUSDT,regime_gate,year2025,-0.026571307856445264,0.5149543378995434,0.48504566210045663,0.45970319634703194,0.00041888802468751296,0.43404788241801656
XRPUSDT,gate_no_range,all,0.04321790801841988,0.4908893346706787,0.5091106653293213,0.4684052156469408,-0.00092987155582251,0.44166606541545644
XRPUSDT,gate_no_range,development_2024_25,0.044005881626865875,0.5176128590971272,0.48238714090287277,0.47093023255813954,0.02114070194699979,0.4407237567524781
XRPUSDT,gate_no_range,reused_2026,0.031727019920157314,0.4174498746867168,0.5825501253132832,0.46146616541353386,-0.06158246264816498,0.4385619180363672
XRPUSDT,gate_no_range,year2024,0.10213586699299623,0.5311930783242259,0.46880692167577415,0.48258196721311475,0.042419437352381455,0.4379610124566617
XRPUSDT,gate_no_range,year2025,-0.02448605962711408,0.5039954337899544,0.4960045662100457,0.45924657534246577,-0.00019633136360209573,0.4424504129629503
XRPUSDT,adaptive14,all,0.043547040773321166,0.5012119692410565,0.4987880307589435,0.4648528920093614,0.006678323355337792,0.41949808898693547
XRPUSDT,adaptive14,development_2024_25,0.04444618911985043,0.5229708162334701,0.47702918376652986,0.47081623347013224,0.028485333636131333,0.42020012381837696
XRPUSDT,adaptive14,reused_2026,0.031023460450712994,0.44141604010025065,0.5585839598997494,0.44846491228070173,-0.05324996429601587,0.41165565763658285
XRPUSDT,adaptive14,year2024,0.109106870403414,0.5357468123861566,0.4642531876138434,0.48451730418943534,0.05374009616032756,0.4191585994160106
XRPUSDT,adaptive14,year2025,-0.03301425944250833,0.5101598173515982,0.48984018264840185,0.45707762557077625,0.003161379981731838,0.41971883289668416
XRPUSDT,adaptive42,all,0.04431376523657654,0.5001671681711802,0.49983283182881977,0.4644767636242059,0.008415476618821855,0.4154927816594322
XRPUSDT,adaptive42,development_2024_25,0.04479956544867989,0.5234268125854993,0.47657318741450067,0.47132922936616506,0.030047980489808307,0.4156498897321274
XRPUSDT,adaptive42,reused_2026,0.033369154572209715,0.43624686716791977,0.5637531328320802,0.4456453634085213,-0.05103324642512962,0.40921293820446164
XRPUSDT,adaptive42,year2024,0.10713241535974415,0.5352914389799636,0.46470856102003644,0.48679417122040075,0.05172118207394244,0.41305179801918274
XRPUSDT,adaptive42,year2025,-0.028713255254003554,0.5115296803652968,0.4884703196347032,0.4558219178082192,0.00831540027119709,0.41710964138306694
XRPUSDT,adaptive126,all,0.04572991871984344,0.5022567703109327,0.4977432296890672,0.4660648612504179,0.01164682571820423,0.41082253769956173
XRPUSDT,adaptive126,development_2024_25,0.04555406197120068,0.5237118103055176,0.47628818969448244,0.4719562243502052,0.032546370532250686,0.41000634052852564
XRPUSDT,adaptive126,reused_2026,0.03755967215475247,0.4432957393483709,0.556704260651629,0.449874686716792,-0.0457876376617505,0.4075747925348288
XRPUSDT,adaptive126,year2024,0.10555097226565352,0.5324453551912568,0.46755464480874315,0.4862249544626594,0.0510865044020991,0.40525131265964875
XRPUSDT,adaptive126,year2025,-0.023938671303892618,0.5149543378995434,0.48504566210045663,0.45764840182648403,0.013955441775087634,0.41388656893212517
XRPUSDT,filtered_moe,all,,0.428243062520896,0.4804831160147108,0.42623704446673355,,
XRPUSDT,filtered_moe,development_2024_25,,0.43923848609211125,0.4362745098039216,0.4132466940264478,,
XRPUSDT,filtered_moe,reused_2026,0.03468441810474752,0.3980263157894737,0.6019736842105263,0.4619360902255639,-0.03593412379467977,0.34702233258801846
XRPUSDT,filtered_moe,year2024,,0.39765482695810567,0.35371129326047357,0.3669171220400729,,
XRPUSDT,filtered_moe,year2025,-0.03714455598534427,0.48093607305936076,0.5190639269406393,0.45970319634703194,0.01678874644619352,0.35819469979365076
XRPUSDT,kalman,all,0.03891832811902649,0.4825309261116683,0.5174690738883316,0.4663574055499833,-0.018877531593924062,0.6330128627907707
XRPUSDT,kalman,development_2024_25,0.03796672266703585,0.5002849977200182,0.4997150022799818,0.46654126766985865,0.0013914279203585934,0.6260745819092046
XRPUSDT,kalman,reused_2026,0.03714889288150316,0.43374060150375937,0.5662593984962406,0.4658521303258145,-0.07457907071024215,0.6484450025555266
XRPUSDT,kalman,year2024,0.06887905378706895,0.5141165755919854,0.4858834244080146,0.4632285974499089,0.02383341763636849,0.6103947313494442
XRPUSDT,kalman,year2025,0.0020925498615591664,0.48641552511415526,0.5135844748858448,0.46986301369863015,-0.02111204669898285,0.6406236991486549
XRPUSDT,trend_ensemble_long,all,0.07373444908332291,0.4562019391507857,0.0,0.20503176195252423,0.18599951370880652,0.2803557929233008
XRPUSDT,trend_ensemble_long,development_2024_25,0.07449567329968619,0.4830141358869129,0.0,0.22503419972640218,0.19659151697751004,0.2836327842979271
XRPUSDT,trend_ensemble_long,reused_2026,0.06463758665302999,0.3825187969924812,0.0,0.150062656641604,0.15689141450045216,0.26900695056885665
XRPUSDT,trend_ensemble_long,year2024,0.12290569976244675,0.5039845173041895,0.0,0.24760928961748635,0.20788598418684875,0.2941723172677022
XRPUSDT,trend_ensemble_long,year2025,0.012416757165564346,0.461986301369863,0.0,0.2023972602739726,0.1852661060223923,0.27218540854019685
XRPUSDT,regime_gate_long,all,0.08835901425926469,0.5053075894349716,0.0,0.23156970912738215,0.16772286250152024,0.25816152886180566
XRPUSDT,regime_gate_long,development_2024_25,0.09008386313131848,0.5234268125854993,0.0,0.24800501595987232,0.17795439613755953,0.26378286864383377
XRPUSDT,regime_gate_long,reused_2026,0.07473231070086638,0.45551378446115287,0.0,0.18640350877192982,0.13960537720849497,0.23980416672947194
XRPUSDT,regime_gate_long,year2024,0.14478807649335845,0.5318761384335154,0.0,0.2676457194899818,0.18783937777933327,0.27420933687243915
XRPUSDT,regime_gate_long,year2025,0.020361035217673306,0.5149543378995434,0.0,0.228310502283105,0.16804233235430144,0.25250830772290783
XRPUSDT,expanding_tree,all,0.01906196597948705,0.7129722500835841,0.28702774991641594,0.5002507522567703,0.24534396462358865,0.3958291964299223
XRPUSDT,expanding_tree,development_2024_25,0.017169177360366654,0.7129502963976289,0.2870497036023712,0.49555403556771543,0.2546935092187088,0.4090269934142819
XRPUSDT,expanding_tree,reused_2026,0.02144491212235998,0.7130325814536341,0.2869674185463659,0.5131578947368421,0.2196502913189538,0.3557933766956008
XRPUSDT,expanding_tree,year2024,-0.006754578089573281,0.66382058287796,0.3361794171220401,0.510132058287796,0.2737082561379288,0.4584433034113243
XRPUSDT,expanding_tree,year2025,0.047041850475071804,0.7622146118721461,0.23778538812785388,0.48093607305936076,0.23562666710244984,0.35155705122057596
XRPUSDT,rolling_tree,all,0.012554638201537602,0.6727265128719492,0.3272734871280508,0.5069792711467737,0.2263403911977864,0.5544030114520072
XRPUSDT,rolling_tree,development_2024_25,0.017660855014573297,0.7583219334245326,0.2416780665754674,0.49806201550387597,0.34158138854553627,0.5043208515059806
XRPUSDT,rolling_tree,reused_2026,-0.04194469851176969,0.4375,0.5625,0.5314849624060151,-0.09035573309245848,0.5623912856622776
XRPUSDT,rolling_tree,year2024,-0.007641860457744525,0.8372040072859745,0.1627959927140255,0.4920309653916211,0.46225163636480304,0.4555128690396373
XRPUSDT,rolling_tree,year2025,0.021531910779813104,0.6792237442922374,0.3207762557077626,0.5041095890410959,0.22058053730758656,0.5216061822928468
XRPUSDT,action_tcn,all,0.019074280990269296,0.5889752591106653,0.41102474088933466,0.5011701771982614,0.1343369987004228,0.6255343271144662
XRPUSDT,action_tcn,development_2024_25,0.037418910529723216,0.5905722754217966,0.40942772457820337,0.5012539899680802,0.13908177539718405,0.638976463996894
XRPUSDT,action_tcn,reused_2026,-0.052469906501607856,0.5845864661654135,0.41541353383458646,0.5009398496240601,0.1212977815375187,0.5868130077044116
XRPUSDT,action_tcn,year2024,0.03156278859061725,0.6869307832422586,0.31306921675774135,0.5015938069216758,0.2576881640514509,0.5214825349698229
XRPUSDT,action_tcn,year2025,0.029208546355936196,0.4939497716894977,0.5060502283105023,0.5009132420091325,0.020150437732905573,0.7188606835711562
XRPUSDT,vol_long,all,,1.0,0.0,0.48407723169508526,1.0,0.0
XRPUSDT,vol_long,development_2024_25,,1.0,0.0,0.49589603283173733,1.0,0.0
XRPUSDT,vol_long,reused_2026,,1.0,0.0,0.4515977443609023,1.0,0.0
XRPUSDT,vol_long,year2024,,1.0,0.0,0.510132058287796,1.0,0.0
XRPUSDT,vol_long,year2025,,1.0,0.0,0.48162100456621004,1.0,0.0
XRPUSDT,hold,all,,1.0,0.0,0.48407723169508526,1.0,0.0
XRPUSDT,hold,development_2024_25,,1.0,0.0,0.49589603283173733,1.0,0.0
XRPUSDT,hold,reused_2026,,1.0,0.0,0.4515977443609023,1.0,0.0
XRPUSDT,hold,year2024,,1.0,0.0,0.510132058287796,1.0,0.0
XRPUSDT,hold,year2025,,1.0,0.0,0.48162100456621004,1.0,0.0
