symbol,policy,state,hours,price_bp_hour,long_bp_hour,short_bp_hour,fee_bp_hour
ADAUSDT,trend24,up_persistent,2452.0,1.393362001993865,1.4999580947452724,-0.1065960927514372,0.04834268725910979
ADAUSDT,trend24,down_persistent,2840.0,-0.1457611278902211,0.03139631926917898,-0.1771574471593866,0.0496040643100037
ADAUSDT,trend24,panic_continuation,570.0,3.864109261878605,-0.014062762514031171,3.8781720243926636,0.032000614160584154
ADAUSDT,trend24,rebound,1202.0,-2.432222749776227,-0.9484834714310814,-1.4837392783451373,0.11938485950540609
ADAUSDT,trend24,range,4383.0,0.31469117382677136,0.040824715294664894,0.2738664585321112,0.07078230494724556
ADAUSDT,trend24,transition,12504.833333333334,-0.016052712855655446,-0.012206179744493329,-0.0038465331111511075,0.07459406408333824
ADAUSDT,trend72,up_persistent,2452.0,1.886110343477718,1.8516177452891167,0.034492598188573836,0.018167995707460735
ADAUSDT,trend72,down_persistent,2840.0,-0.3602727720372022,0.10718614575516673,-0.4674589177923694,0.03242860348527598
ADAUSDT,trend72,panic_continuation,570.0,4.253598219743444,0.07574276840826479,4.177855451335226,0.0146540685092637
ADAUSDT,trend72,rebound,1202.0,-0.4643701522965201,-0.0476416608880392,-0.4167284914084765,0.0436990033820528
ADAUSDT,trend72,range,4383.0,0.0052441902758670455,-0.07497537675972857,0.08021956703559818,0.05751332994213096
ADAUSDT,trend72,transition,12504.833333333334,-0.05921290545957198,-0.1296982136824261,0.0704853082228629,0.0324868675486836
ADAUSDT,trend168,up_persistent,2452.0,1.7479215991540684,1.7479215991540396,0.0,0.008461229857070398
ADAUSDT,trend168,down_persistent,2840.0,-0.3525014715708285,0.0,-0.3525014715708195,0.010378742709095667
ADAUSDT,trend168,panic_continuation,570.0,3.2533442249702462,0.0,3.253344224970288,0.012174604631237236
ADAUSDT,trend168,rebound,1202.0,0.7408862011187305,0.13131360102608022,0.609572600092634,0.018825508007949895
ADAUSDT,trend168,range,4383.0,-0.2155404093818248,-0.20722939745363192,-0.008311011928196962,0.028430469704097704
ADAUSDT,trend168,transition,12504.833333333334,0.09242765610326693,0.0013569837699146457,0.09107067233335402,0.021974348003083746
ADAUSDT,trend336,up_persistent,2452.0,2.188273412664241,1.8711180159292589,0.3171553967349613,0.015874146928964286
ADAUSDT,trend336,down_persistent,2840.0,-0.01419805086037114,0.01775587686478112,-0.03195392772515947,0.012074886821224956
ADAUSDT,trend336,panic_continuation,570.0,2.680485406555763,0.006087421895975458,2.6743979846598056,0.012630771630140621
ADAUSDT,trend336,rebound,1202.0,0.28225554048749324,0.3021434117462768,-0.01988787125881648,0.014127724742235592
ADAUSDT,trend336,range,4383.0,-0.4686077993374117,-0.3049837127341451,-0.16362408660325475,0.013763915162009734
ADAUSDT,trend336,transition,12504.833333333334,-0.08456305847015598,-0.06137634851065034,-0.02318670995949865,0.012406138500338388
ADAUSDT,trend_ensemble,up_persistent,2452.0,1.6150044353616353,1.6128784359021922,0.0021259994594178652,0.01878650091124547
ADAUSDT,trend_ensemble,down_persistent,2840.0,-0.18727141347197868,-0.01178593300308013,-0.17548548046889284,0.02319305507048552
ADAUSDT,trend_ensemble,panic_continuation,570.0,2.682924970022763,0.0,2.682924970022801,0.013828146599747503
ADAUSDT,trend_ensemble,rebound,1202.0,-0.8360643597989013,-0.14846089802203985,-0.6876034617768607,0.056409948122510815
ADAUSDT,trend_ensemble,range,4383.0,0.011167003487573043,-0.01375562669497638,0.024922630182552356,0.03676330038331572
ADAUSDT,trend_ensemble,transition,12504.833333333334,0.009533884134855505,0.010559832043599272,-0.0010259479087353326,0.031122399320426253
ADAUSDT,breakout,up_persistent,2452.0,1.935992088020184,1.942910363380665,-0.006918275360504269,0.037198669493131144
ADAUSDT,breakout,down_persistent,2840.0,-0.09186548803414438,-0.020244097066923875,-0.07162139096720921,0.03828231046214215
ADAUSDT,breakout,panic_continuation,570.0,3.7556589847899113,-0.024535889621933066,3.7801948744118823,0.031820976960017254
ADAUSDT,breakout,rebound,1202.0,-1.0541676662380826,-0.5092351907254385,-0.544932475512641,0.08621715449764192
ADAUSDT,breakout,range,4383.0,0.3407162696851435,-0.10043153241140412,0.4411478020965426,0.05789873400693066
ADAUSDT,breakout,transition,12504.833333333334,0.11820901261294138,0.019650904946588967,0.09855810766636594,0.047844013940261124
ADAUSDT,range_only,up_persistent,2452.0,-1.5946709246125632,0.00014747221446356765,-1.594818396827011,0.013357487109741297
ADAUSDT,range_only,down_persistent,2840.0,0.14709545894407716,0.13559498011951523,0.011500478824555491,0.016384522118155276
ADAUSDT,range_only,panic_continuation,570.0,-1.7475444247987,-1.7621951245547718,0.0146506997560494,0.011176216373949338
ADAUSDT,range_only,rebound,1202.0,1.0359858049796333,0.6969899185364822,0.33899588644314765,0.0525979132128589
ADAUSDT,range_only,range,4383.0,-0.22145679017639353,-0.17621262198252527,-0.04524416819386914,0.025271215118908282
ADAUSDT,range_only,transition,12504.833333333334,-0.15498379706612184,-0.07580199119731558,-0.07918180586881157,0.023650045269458186
ADAUSDT,down_rebound,up_persistent,2452.0,1.7533352602134384,1.7533352602134091,0.0,0.009900261805601466
ADAUSDT,down_rebound,down_persistent,2840.0,-0.23351297626764664,-0.011053472693464609,-0.22245950357417113,0.04638985062703858
ADAUSDT,down_rebound,panic_continuation,570.0,4.38932451665765,0.2495812748921253,4.139743241765557,0.03923168519569905
ADAUSDT,down_rebound,rebound,1202.0,-0.32631809895530345,0.0011812861290706235,-0.3274993850843631,0.22724536400594486
ADAUSDT,down_rebound,range,4383.0,0.1358256782480113,-0.11870526496550689,0.25453094321351816,0.047087600330957984
ADAUSDT,down_rebound,transition,12504.833333333334,0.15006397234930277,0.08900839243344053,0.06105557991586906,0.04360574504607516
ADAUSDT,selected_trend,up_persistent,2452.0,1.6289752389924743,1.6003637670914523,0.028611471900994865,0.014163851127905705
ADAUSDT,selected_trend,down_persistent,2840.0,-0.5670912611047659,-0.025054709545986705,-0.5420365515587755,0.016441685046943752
ADAUSDT,selected_trend,panic_continuation,570.0,3.4299283242500964,0.006965802603253501,3.422962521646884,0.008856693123008576
ADAUSDT,selected_trend,rebound,1202.0,0.8320001513861875,0.31556912296924555,0.5164310284169238,0.022207369411453633
ADAUSDT,selected_trend,range,4383.0,-0.3187258747520458,-0.2376012880262135,-0.08112458672582872,0.028040675206487932
ADAUSDT,selected_trend,transition,12504.833333333334,0.00015213975127973835,-0.10811550680993404,0.10826764656122666,0.02101763975777449
ADAUSDT,selected_breakout,up_persistent,2452.0,1.819179912766454,1.8625406427938724,-0.0433607300274417,0.03800083165292708
ADAUSDT,selected_breakout,down_persistent,2840.0,-0.03566529215265089,-0.0026909138754213384,-0.03297437827722248,0.034812594185279294
ADAUSDT,selected_breakout,panic_continuation,570.0,3.9586100159576776,0.043532918872519984,3.915077097085198,0.02893985257583539
ADAUSDT,selected_breakout,rebound,1202.0,-1.0971839084132278,-0.6744582010493257,-0.42272570736390436,0.06968870527477297
ADAUSDT,selected_breakout,range,4383.0,-0.46219061542549916,-0.25055137408191896,-0.2116392413435854,0.05322873702928798
ADAUSDT,selected_breakout,transition,12504.833333333334,-0.23303538190239953,-0.1630745928195643,-0.06996078908282015,0.04008036302952862
ADAUSDT,regime_gate,up_persistent,2452.0,1.5019575342441378,1.50298957836765,-0.0010320441235334961,0.025573209468529073
ADAUSDT,regime_gate,down_persistent,2840.0,-0.3560363072501682,0.011333860948259148,-0.36737016819842033,0.04075112779043324
ADAUSDT,regime_gate,panic_continuation,570.0,3.2370273736981594,0.025665267761708875,3.211362105936484,0.037277694854300374
ADAUSDT,regime_gate,rebound,1202.0,-0.605837935407125,-0.3221266728855583,-0.28371126252155565,0.1464626034599801
ADAUSDT,regime_gate,range,4383.0,-0.15660269748782107,-0.14455302966062736,-0.012049667827197075,0.022548903839652343
ADAUSDT,regime_gate,transition,12504.833333333334,0.059046209580558916,0.01701855235808424,0.04202765722248071,0.029997889934886376
ADAUSDT,gate_no_range,up_persistent,2452.0,1.5561652104861308,1.5564956022583154,-0.0003303917722062025,0.022694791403628716
ADAUSDT,gate_no_range,down_persistent,2840.0,-0.3777328486375097,0.007153931983317938,-0.384886780620821,0.037754377162571295
ADAUSDT,gate_no_range,panic_continuation,570.0,3.1059151054279637,-0.004408081171145238,3.1103231865991443,0.03440709428139197
ADAUSDT,gate_no_range,rebound,1202.0,-0.7382053527497854,-0.3611864424707587,-0.3770189102790173,0.14744270740872933
ADAUSDT,gate_no_range,range,4383.0,-0.030064569333447873,-0.06461592156636102,0.03455135223291124,0.02053325515228569
ADAUSDT,gate_no_range,transition,12504.833333333334,0.04485474053776275,0.002943846168764363,0.04191089436900515,0.02937466967528796
ADAUSDT,adaptive14,up_persistent,2452.0,1.4323254599518316,1.4332238159822648,-0.0008983560304542742,0.022934984951775896
ADAUSDT,adaptive14,down_persistent,2840.0,-0.34688992669290963,0.005026810514975086,-0.351916737207877,0.03703092353822001
ADAUSDT,adaptive14,panic_continuation,570.0,3.115015461109446,0.02440485782556733,3.0906106032839133,0.032841440136214275
ADAUSDT,adaptive14,rebound,1202.0,-0.514682890679455,-0.15981562847223937,-0.35486726220720655,0.1358490238249628
ADAUSDT,adaptive14,range,4383.0,-0.14760398295919067,-0.08595383231705243,-0.0616501506421405,0.018985154638538306
ADAUSDT,adaptive14,transition,12504.833333333334,0.011712708028935238,-0.026603708865111344,0.03831641689405199,0.028102907733819793
ADAUSDT,adaptive42,up_persistent,2452.0,1.4964239494234404,1.4985368322666273,-0.0021128828432079787,0.02419209227793368
ADAUSDT,adaptive42,down_persistent,2840.0,-0.355084172423676,-0.004146791782487511,-0.35093738064117996,0.03557041049413094
ADAUSDT,adaptive42,panic_continuation,570.0,3.057451477647803,0.05454882433926246,3.0029026533085768,0.03370733627681148
ADAUSDT,adaptive42,rebound,1202.0,-0.6086719247668022,-0.28674947713692467,-0.32192244762986977,0.1357906522397237
ADAUSDT,adaptive42,range,4383.0,-0.12976369241414748,-0.0920220160939784,-0.03774167632017198,0.01904896392736481
ADAUSDT,adaptive42,transition,12504.833333333334,0.022956334633372797,-0.027562902246644722,0.05051923688002475,0.027133344480125825
ADAUSDT,adaptive126,up_persistent,2452.0,1.505334886035788,1.5064888353422725,-0.0011539493065065253,0.025606599344255975
ADAUSDT,adaptive126,down_persistent,2840.0,-0.41542626054058196,-0.01224772117252605,-0.403178539368048,0.035908947004975586
ADAUSDT,adaptive126,panic_continuation,570.0,2.959154156053848,0.09282589675053422,2.8663282593033466,0.03452920501480589
ADAUSDT,adaptive126,rebound,1202.0,-0.4363384216860288,-0.18702195785071868,-0.2493164638353013,0.13695569895736318
ADAUSDT,adaptive126,range,4383.0,-0.13275080234199896,-0.09839922692601345,-0.034351575415988676,0.018902524659846525
ADAUSDT,adaptive126,transition,12504.833333333334,0.027056991180531884,-0.02244057196175991,0.049497563142298945,0.026720017715977373
ADAUSDT,filtered_moe,up_persistent,2452.0,1.4566686240301332,1.457272073117603,-0.0006034490874868582,0.013706086674617942
ADAUSDT,filtered_moe,down_persistent,2840.0,-0.2899026381285945,-0.004441128377572734,-0.28546150975101836,0.01566329192102749
ADAUSDT,filtered_moe,panic_continuation,570.0,2.868305077562983,0.0,2.8683050775630083,0.014444164268324178
ADAUSDT,filtered_moe,rebound,1202.0,-0.3290269345307719,-0.05891317293945645,-0.27011376159131734,0.0515646486093761
ADAUSDT,filtered_moe,range,4383.0,-0.012192389559865312,-0.0012024977332097421,-0.010989891826656509,0.012611463453807616
ADAUSDT,filtered_moe,transition,12504.833333333334,0.05405033691959843,-0.014232791988675917,0.06828312890827916,0.01538974349731464
ADAUSDT,kalman,up_persistent,2452.0,1.7553837442819007,1.7921969698277433,-0.0368132255458696,0.041462138778968836
ADAUSDT,kalman,down_persistent,2840.0,-0.38609749603235544,-0.03129180407929726,-0.3548056919530395,0.049972320188873535
ADAUSDT,kalman,panic_continuation,570.0,3.61220775051268,-0.06589593531859453,3.6781036858313088,0.025951579292131304
ADAUSDT,kalman,rebound,1202.0,-1.7161269890670259,-0.7199540943475161,-0.9961728947195058,0.1451368485926889
ADAUSDT,kalman,range,4383.0,0.41525771525076616,-0.022191406323190062,0.43744912157395666,0.08523769923401438
ADAUSDT,kalman,transition,12504.833333333334,0.22512568716294934,0.08916478106267188,0.13596090610028425,0.08030183113176975
ADAUSDT,trend_ensemble_long,up_persistent,2452.0,1.621257553012685,1.6212575530126592,0.0,0.01823417822480573
ADAUSDT,trend_ensemble_long,down_persistent,2840.0,-0.007045454535811007,-0.007045454535810562,0.0,0.00044079521463121884
ADAUSDT,trend_ensemble_long,panic_continuation,570.0,0.026999788868876603,0.026999788868876218,0.0,0.0006975966550914368
ADAUSDT,trend_ensemble_long,rebound,1202.0,-0.056929421508807324,-0.056929421508808434,0.0,0.005862160444958427
ADAUSDT,trend_ensemble_long,range,4383.0,-0.007423296484674849,-0.007423296484677746,0.0,0.013703991789982483
ADAUSDT,trend_ensemble_long,transition,12504.833333333334,0.02480404411567312,0.024804044115673232,0.0,0.01430695961557743
ADAUSDT,regime_gate_long,up_persistent,2452.0,1.5294560796143573,1.5294560796143364,0.0,0.02520622608076026
ADAUSDT,regime_gate_long,down_persistent,2840.0,0.04065225670020968,0.040652256700209104,0.0,0.0008586106547980282
ADAUSDT,regime_gate_long,panic_continuation,570.0,-0.0015977637069819034,-0.0015977637069846348,0.0,0.001032013381540559
ADAUSDT,regime_gate_long,rebound,1202.0,-0.3169202036257908,-0.3169202036257871,0.0,0.038872813769952226
ADAUSDT,regime_gate_long,range,4383.0,-0.1570847185700251,-0.1570847185700272,0.0,0.008378649630236873
ADAUSDT,regime_gate_long,transition,12504.833333333334,0.008230760070908725,0.008230760070908802,0.0,0.013877472436745836
ADAUSDT,expanding_tree,up_persistent,2452.0,1.3253888062322294,1.2736534952298793,0.05173531100235058,0.03710481429708172
ADAUSDT,expanding_tree,down_persistent,2840.0,-0.20105160434441488,-0.08397487770796072,-0.11707672663646738,0.02622549195786049
ADAUSDT,expanding_tree,panic_continuation,570.0,-0.9853846104125834,-1.1310323520586998,0.1456477416461347,0.03818464152377401
ADAUSDT,expanding_tree,rebound,1202.0,-0.058336341989662345,0.20063467325168916,-0.25897101524134425,0.032177984392142235
ADAUSDT,expanding_tree,range,4383.0,-0.014662815867479034,-0.05659504238307178,0.041932226515587506,0.019438802399564574
ADAUSDT,expanding_tree,transition,12504.833333333334,0.08969722764529439,0.07443039137008213,0.01526683627521136,0.0262228703298389
ADAUSDT,rolling_tree,up_persistent,2452.0,0.23347857501056823,0.7790817685271622,-0.5456031935165956,0.03544177283235402
ADAUSDT,rolling_tree,down_persistent,2840.0,-0.10607909804937206,-0.06482144702738521,-0.04125765102199864,0.03541932937914011
ADAUSDT,rolling_tree,panic_continuation,570.0,-1.310485034284151,-0.22802562948773186,-1.0824594047964213,0.04968597555182478
ADAUSDT,rolling_tree,rebound,1202.0,1.6032514071275559,0.39950551716469923,1.2037458899628672,0.040461901557675976
ADAUSDT,rolling_tree,range,4383.0,-0.2567347965267578,-0.18076981228933695,-0.07596498423742132,0.03222659421980839
ADAUSDT,rolling_tree,transition,12504.833333333334,-0.24878783595428317,-0.1821200326989938,-0.06666780325528096,0.03328163036525846
ADAUSDT,action_tcn,up_persistent,2452.0,0.6910286790517062,1.3081122995879384,-0.6170836205362239,0.03100228244767772
ADAUSDT,action_tcn,down_persistent,2840.0,-0.6574245862795314,-0.1213404374622546,-0.5360841488172702,0.05648966673227062
ADAUSDT,action_tcn,panic_continuation,570.0,-2.805027250194421,-2.791589074725301,-0.013438175469099348,0.04763990502637777
ADAUSDT,action_tcn,rebound,1202.0,0.32206957336890424,-0.23755822645999647,0.5596277998289121,0.055178378606284745
ADAUSDT,action_tcn,range,4383.0,0.30280164076907423,0.01727892324493762,0.2855227175241447,0.057781516958457596
ADAUSDT,action_tcn,transition,12504.833333333334,-0.20706303998853887,-0.051545040358633144,-0.15551799962989882,0.0510784495278281
ADAUSDT,vol_long,up_persistent,2452.0,2.340531464962039,2.340531464962,0.0,0.0013495581008721427
ADAUSDT,vol_long,down_persistent,2840.0,0.437684161578058,0.43768416157805123,0.0,0.0002121782770773325
ADAUSDT,vol_long,panic_continuation,570.0,-1.8498078858777016,-1.8498078858777511,0.0,0.0028545483260798126
ADAUSDT,vol_long,rebound,1202.0,0.35037994679474727,0.35037994679474266,0.0,0.00045809907761080754
ADAUSDT,vol_long,range,4383.0,-0.8365053033646365,-0.836505303364659,0.0,0.0008830234882867717
ADAUSDT,vol_long,transition,12504.833333333334,-0.16310726658428554,-0.163107266584311,0.0,0.0005698565859321502
ADAUSDT,hold,up_persistent,2452.0,3.753255445668475,3.7532554456684224,0.0,0.0
ADAUSDT,hold,down_persistent,2840.0,2.000206786353803,2.0002067863537802,0.0,0.0
ADAUSDT,hold,panic_continuation,570.0,2.108729400645512,2.108729400645451,0.0,0.0
ADAUSDT,hold,rebound,1202.0,0.3020376002507301,0.30203760025069454,0.0,0.0
ADAUSDT,hold,range,4383.0,-1.6209047063421238,-1.6209047063421513,0.0,0.0
ADAUSDT,hold,transition,12504.833333333334,-0.31497996727871036,-0.31497996727875194,0.0,0.00031965109343706695
AVAXUSDT,trend24,up_persistent,2455.0,0.6156360101285727,0.6116886684469003,0.0039473416816821994,0.045985868859011146
AVAXUSDT,trend24,down_persistent,2845.0,0.21079490977117485,0.019387738335797496,0.1914071714354215,0.047144121965065136
AVAXUSDT,trend24,panic_continuation,536.0,1.8273107612445223,0.16386936848913025,1.6634413927553855,0.030664461237914553
AVAXUSDT,trend24,rebound,1347.0,-2.1225424858048147,-0.6657370701909695,-1.456805415613834,0.10239635662189028
AVAXUSDT,trend24,range,4353.0,0.4335362950877095,0.04585224463649241,0.387684050451209,0.07782821694118007
AVAXUSDT,trend24,transition,12415.833333333334,-0.26284289864012933,-0.043446660716801866,-0.21939623792332394,0.07430913865416368
AVAXUSDT,trend72,up_persistent,2455.0,0.8991576415738202,0.8912256158051034,0.00793202576873357,0.018260394097313355
AVAXUSDT,trend72,down_persistent,2845.0,-0.36634871964982874,-0.0635036387369604,-0.302845080912824,0.0287926485886723
AVAXUSDT,trend72,panic_continuation,536.0,2.202568900791191,0.13949688277770728,2.0630720180134827,0.024723119996978033
AVAXUSDT,trend72,rebound,1347.0,-1.378911203566007,-0.46137407935571784,-0.9175371242102732,0.03836631816105708
AVAXUSDT,trend72,range,4353.0,0.13884132955505737,0.0028342843483173566,0.13600704520673004,0.05815151461768919
AVAXUSDT,trend72,transition,12415.833333333334,-0.2673090410149257,-0.17163538337701184,-0.09567365763790746,0.03211429685544347
AVAXUSDT,trend168,up_persistent,2455.0,0.4061789730090286,0.4061789730090438,0.0,0.009767991154660432
AVAXUSDT,trend168,down_persistent,2845.0,0.31973071991641994,-0.00045751821570751464,0.32018823813217434,0.009546538060671546
AVAXUSDT,trend168,panic_continuation,536.0,1.5907328772195186,0.04573090383965856,1.5450019733798508,0.014174728332033955
AVAXUSDT,trend168,rebound,1347.0,-0.37011586323528145,-0.014099659740455886,-0.3560162034947891,0.013384435518811159
AVAXUSDT,trend168,range,4353.0,0.05977483119558309,-0.07347762430603764,0.13325245550161707,0.03215819704151309
AVAXUSDT,trend168,transition,12415.833333333334,0.13083956831534332,0.05295283059537934,0.07788673771995609,0.020879172833265347
AVAXUSDT,trend336,up_persistent,2455.0,1.151514173506919,1.0192885863169718,0.13222558718993654,0.012650106162794933
AVAXUSDT,trend336,down_persistent,2845.0,0.7184903056566773,0.09251544279146724,0.625974862865229,0.011971974959055089
AVAXUSDT,trend336,panic_continuation,536.0,1.853036513360836,0.1105428270224384,1.742493686338405,0.01114210423262377
AVAXUSDT,trend336,rebound,1347.0,-0.692585637088194,-0.08174949066396911,-0.6108361464242006,0.013136840481546485
AVAXUSDT,trend336,range,4353.0,-0.026565960579046533,-0.2561177627385737,0.2295518021595383,0.015090534257656368
AVAXUSDT,trend336,transition,12415.833333333334,0.06749792577595118,0.13758683002008434,-0.07008890424413325,0.012689581516277842
AVAXUSDT,trend_ensemble,up_persistent,2455.0,0.6639157570038778,0.663280854372591,0.0006349026312989541,0.01888785830507119
AVAXUSDT,trend_ensemble,down_persistent,2845.0,-0.022712755680358174,-0.0014011508585969144,-0.021311604821720422,0.024679111424552747
AVAXUSDT,trend_ensemble,panic_continuation,536.0,1.4010262753014917,0.003761168970537028,1.3972651063309498,0.023576109068693108
AVAXUSDT,trend_ensemble,rebound,1347.0,-1.2836426812552513,-0.18671464809411667,-1.0969280331611135,0.04669107135377097
AVAXUSDT,trend_ensemble,range,4353.0,0.18729744633278195,0.05758956341107096,0.12970788292170513,0.039764340241269895
AVAXUSDT,trend_ensemble,transition,12415.833333333334,-0.19388852337571647,-0.022040469596122315,-0.1718480537795922,0.031202403983649745
AVAXUSDT,breakout,up_persistent,2455.0,0.5201754037000589,0.5025345484494513,0.017640855250618308,0.038214967083185385
AVAXUSDT,breakout,down_persistent,2845.0,0.24243595242226346,-0.051275360787484764,0.2937113132097937,0.03609444078252201
AVAXUSDT,breakout,panic_continuation,536.0,2.6320189951051085,0.13225894243729736,2.49976005266781,0.03527403207423789
AVAXUSDT,breakout,rebound,1347.0,-0.9744293382155362,-0.3087358274388981,-0.6656935107766262,0.07315882810655217
AVAXUSDT,breakout,range,4353.0,0.2028089028510832,0.15952706866051286,0.043281834190556485,0.059770683126549505
AVAXUSDT,breakout,transition,12415.833333333334,0.0036244955208651567,0.10283186163110222,-0.09920736611023327,0.04562141257247325
AVAXUSDT,range_only,up_persistent,2455.0,-0.4575684983716994,0.004354483619206842,-0.461922981990913,0.01390425194620529
AVAXUSDT,range_only,down_persistent,2845.0,0.038799755365632516,0.010238846407858217,0.02856090895774437,0.015067873678960243
AVAXUSDT,range_only,panic_continuation,536.0,-0.6264573103990635,-0.5790566795133103,-0.047400630885748335,0.017329257102565786
AVAXUSDT,range_only,rebound,1347.0,0.84484869881293,0.6769481190613478,0.16790057975157008,0.049415794132464975
AVAXUSDT,range_only,range,4353.0,-0.2521843879503979,-0.16426609300852535,-0.0879182949418666,0.027982166612422716
AVAXUSDT,range_only,transition,12415.833333333334,0.06153617563558851,0.06957015816980923,-0.008033982534223539,0.022402547992336635
AVAXUSDT,down_rebound,up_persistent,2455.0,0.5501819848113239,0.5501819848113417,0.0,0.010123752848187452
AVAXUSDT,down_rebound,down_persistent,2845.0,0.07900100932032907,-0.035033029718412996,0.1140340390387877,0.04321387398754453
AVAXUSDT,down_rebound,panic_continuation,536.0,2.649762647668875,0.37451850238034057,2.2752441452885264,0.04104485979920117
AVAXUSDT,down_rebound,rebound,1347.0,-1.0881082517313314,-0.3556793748140767,-0.7324288769172549,0.19650630855267617
AVAXUSDT,down_rebound,range,4353.0,0.05896206075544119,-0.04371838624552477,0.10268044700095763,0.04860484565393878
AVAXUSDT,down_rebound,transition,12415.833333333334,-0.03407231286064563,0.12814038098628824,-0.1622126938469337,0.043854356945140935
AVAXUSDT,selected_trend,up_persistent,2455.0,0.7294771669256849,0.7323827420956955,-0.002905575169997568,0.014913689211681472
AVAXUSDT,selected_trend,down_persistent,2845.0,0.24306813166366226,-0.02656915026541816,0.26963728192911895,0.015849639008144276
AVAXUSDT,selected_trend,panic_continuation,536.0,1.1996220391368968,-0.00503963627100394,1.2046616754078923,0.01204487677023832
AVAXUSDT,selected_trend,rebound,1347.0,-0.7709768637938567,-0.3680942334962735,-0.4028826302975439,0.021485372564210105
AVAXUSDT,selected_trend,range,4353.0,0.31352377401120995,0.0012331818895799382,0.3122905921216299,0.028820811815874307
AVAXUSDT,selected_trend,transition,12415.833333333334,0.022091349056082375,0.010232570654632227,0.011858778401445705,0.019255034375063654
AVAXUSDT,selected_breakout,up_persistent,2455.0,0.4361673210775256,0.4533284756717693,-0.017161154594235922,0.04406431668860582
AVAXUSDT,selected_breakout,down_persistent,2845.0,0.4006968474545884,-0.13210354393537196,0.5328003913900031,0.04012354532246735
AVAXUSDT,selected_breakout,panic_continuation,536.0,2.3120856898335735,0.11139834618989644,2.2006873436436707,0.03797423243918756
AVAXUSDT,selected_breakout,rebound,1347.0,-1.2330577139567869,-0.717651429954364,-0.5154062840024191,0.07590128602501514
AVAXUSDT,selected_breakout,range,4353.0,0.07140540624616822,-0.13702689855411102,0.20843230480027483,0.059213293078021326
AVAXUSDT,selected_breakout,transition,12415.833333333334,-0.19874230843265656,0.0018572240288979593,-0.2005995324615587,0.04829740822824096
AVAXUSDT,regime_gate,up_persistent,2455.0,0.42297181620987556,0.43311374491116666,-0.010141928701279515,0.02805381903038703
AVAXUSDT,regime_gate,down_persistent,2845.0,-0.03405556841303235,-0.06559617269324929,0.031540604280260655,0.036865425601271394
AVAXUSDT,regime_gate,panic_continuation,536.0,1.9718449955552164,0.06005877440685194,1.911786221148359,0.03818271111614575
AVAXUSDT,regime_gate,rebound,1347.0,-1.2270779656565989,-0.5509091286552654,-0.676168837001325,0.1296325454133004
AVAXUSDT,regime_gate,range,4353.0,-0.06329454394683366,0.012355711181536508,-0.07565025512837179,0.02386168654236328
AVAXUSDT,regime_gate,transition,12415.833333333334,-0.03613123524443706,0.03414770162823083,-0.07027893687266681,0.030582893693544878
AVAXUSDT,gate_no_range,up_persistent,2455.0,0.4876582221696217,0.48639244755635136,0.0012657746132820503,0.024510388152463702
AVAXUSDT,gate_no_range,down_persistent,2845.0,0.05904828907200577,-0.04092181077230243,0.09997009984435036,0.03315986470148161
AVAXUSDT,gate_no_range,panic_continuation,536.0,1.9293028142640902,0.018774974940806693,1.9105278393232739,0.035858874866416396
AVAXUSDT,gate_no_range,rebound,1347.0,-1.4354793094474498,-0.6521736652907658,-0.7833056441566756,0.12960216205955544
AVAXUSDT,gate_no_range,range,4353.0,0.08042474814791485,0.06946447828978418,0.010960269858126932,0.022241266158672356
AVAXUSDT,gate_no_range,transition,12415.833333333334,-0.06447186443137003,0.01780010033233448,-0.08227196476370285,0.03006710535428659
AVAXUSDT,adaptive14,up_persistent,2455.0,0.48164423067336165,0.48284932899963096,-0.0012050983262589905,0.02286800347023014
AVAXUSDT,adaptive14,down_persistent,2845.0,-0.024072668750414358,-0.02780837899571232,0.003735710245335523,0.0340667339900886
AVAXUSDT,adaptive14,panic_continuation,536.0,1.806660862862266,0.041886798382097086,1.7647740644801684,0.03328306403862325
AVAXUSDT,adaptive14,rebound,1347.0,-1.1171289290958188,-0.429364261876067,-0.6877646672197437,0.11785894595978191
AVAXUSDT,adaptive14,range,4353.0,-0.0601703719825003,-0.026190939831136236,-0.03397943215136625,0.019961553448722306
AVAXUSDT,adaptive14,transition,12415.833333333334,-0.04562113262167026,0.03471211531923302,-0.08033324794090003,0.027630483992110974
AVAXUSDT,adaptive42,up_persistent,2455.0,0.6080025360459964,0.6115474467620432,-0.003544910716036675,0.022256848265827363
AVAXUSDT,adaptive42,down_persistent,2845.0,0.03362774381737217,-0.018596067500640776,0.05222381131805057,0.03288302059378823
AVAXUSDT,adaptive42,panic_continuation,536.0,1.874443457724755,0.08265236346941089,1.7917910942553437,0.03255826306283491
AVAXUSDT,adaptive42,rebound,1347.0,-1.1064362751502994,-0.4081498663560311,-0.6982864087942595,0.11663828202009997
AVAXUSDT,adaptive42,range,4353.0,-0.0923631034676809,-0.023221155149714314,-0.0691419483179676,0.019706817177869356
AVAXUSDT,adaptive42,transition,12415.833333333334,-0.02717221165760029,0.03213005248063267,-0.05930226413823031,0.027155341893622204
AVAXUSDT,adaptive126,up_persistent,2455.0,0.5505535560911313,0.5546845340795796,-0.004130977988437028,0.02250958662526439
AVAXUSDT,adaptive126,down_persistent,2845.0,0.006453505322778003,-0.018659536679151992,0.025113042001967577,0.033072743504501595
AVAXUSDT,adaptive126,panic_continuation,536.0,2.0439396724488006,0.08762194444666357,1.9563177280021353,0.02963521143749708
AVAXUSDT,adaptive126,rebound,1347.0,-1.1028190043260095,-0.38986775402922647,-0.7129512502967731,0.11643841437427396
AVAXUSDT,adaptive126,range,4353.0,-0.06262999582540198,-0.0214546919864748,-0.041175303838928326,0.02005827606907969
AVAXUSDT,adaptive126,transition,12415.833333333334,-0.0760444271338129,0.025517815173611246,-0.10156224230742267,0.027198381952311092
AVAXUSDT,filtered_moe,up_persistent,2455.0,0.5444182178038481,0.5437036610496134,0.0007145567542435576,0.014192226865187873
AVAXUSDT,filtered_moe,down_persistent,2845.0,-0.10484130756320176,-0.004694025939940754,-0.10014728162323201,0.01748742211107272
AVAXUSDT,filtered_moe,panic_continuation,536.0,1.831795618012687,0.00697190464162309,1.8248237133710528,0.02056103260529098
AVAXUSDT,filtered_moe,rebound,1347.0,-0.785869400115645,-0.05791632172140891,-0.7279530783942234,0.04760412126544659
AVAXUSDT,filtered_moe,range,4353.0,0.0028739212090053293,-0.027098509506478317,0.029972430715479514,0.01667041057362906
AVAXUSDT,filtered_moe,transition,12415.833333333334,-0.09181920743252941,-0.0034136872608626478,-0.08840552017166707,0.015818862429082738
AVAXUSDT,kalman,up_persistent,2455.0,0.521261107627942,0.5892186813243792,-0.06795757369642458,0.043645238048288224
AVAXUSDT,kalman,down_persistent,2845.0,-0.22262625528578162,-0.13963381108962272,-0.08299244419611253,0.050386803010693704
AVAXUSDT,kalman,panic_continuation,536.0,2.4249309401203907,-0.07788179332536888,2.502812733445751,0.025304173160710215
AVAXUSDT,kalman,rebound,1347.0,-1.567741161323214,-0.6885785132376939,-0.8791626480855128,0.1274080479981792
AVAXUSDT,kalman,range,4353.0,0.5577878331268,0.3396945160016024,0.21809331712519073,0.09059685875199623
AVAXUSDT,kalman,transition,12415.833333333334,0.008533174877362134,0.13614065068158215,-0.12760747580421938,0.07786350266719307
AVAXUSDT,trend_ensemble_long,up_persistent,2455.0,0.6408576056715621,0.6408576056715737,0.0,0.018835650998631846
AVAXUSDT,trend_ensemble_long,down_persistent,2845.0,-0.007612372331951181,-0.007612372331951871,0.0,0.0007788661251406396
AVAXUSDT,trend_ensemble_long,panic_continuation,536.0,-0.02069040896453047,-0.020690408964530237,0.0,0.0011398679867145563
AVAXUSDT,trend_ensemble_long,rebound,1347.0,-0.14386678022953542,-0.14386678022953434,0.0,0.005217889132468029
AVAXUSDT,trend_ensemble_long,range,4353.0,0.056787173261491936,0.0567871732614891,0.0,0.016058875436950466
AVAXUSDT,trend_ensemble_long,transition,12415.833333333334,-0.02454823245880845,-0.024548232458809122,0.0,0.014986612545303028
AVAXUSDT,regime_gate_long,up_persistent,2455.0,0.44669722122769623,0.4466972212277072,0.0,0.0273633929543787
AVAXUSDT,regime_gate_long,down_persistent,2845.0,-0.029317807852119192,-0.029317807852119588,0.0,0.00045502485234559146
AVAXUSDT,regime_gate_long,panic_continuation,536.0,-0.017692046619220258,-0.01769204661921905,0.0,0.0005293310518453128
AVAXUSDT,regime_gate_long,rebound,1347.0,-0.522353836988378,-0.5223538369883797,0.0,0.03509580273827782
AVAXUSDT,regime_gate_long,range,4353.0,0.008510669163534792,0.008510669163533527,0.0,0.009411991369356424
AVAXUSDT,regime_gate_long,transition,12415.833333333334,0.043835052137165514,0.04383505213716601,0.0,0.014358328412136932
AVAXUSDT,expanding_tree,up_persistent,2455.0,1.0100533488182954,0.9525769396472819,0.05747640917102242,0.030979167039564853
AVAXUSDT,expanding_tree,down_persistent,2845.0,-0.7311138477158214,-0.4760800441728542,-0.255033803542976,0.03214603164894125
AVAXUSDT,expanding_tree,panic_continuation,536.0,1.9994606667310582,1.1633290439202015,0.8361316228108836,0.04785336909779039
AVAXUSDT,expanding_tree,rebound,1347.0,-0.982423192145591,-0.6928408173406971,-0.2895823748049104,0.03140805192626196
AVAXUSDT,expanding_tree,range,4353.0,-0.2474490038253614,-0.20514426223032878,-0.04230474159504032,0.01954378382020098
AVAXUSDT,expanding_tree,transition,12415.833333333334,0.06409457654670536,0.12338017464972952,-0.059285598103023654,0.0252129316560137
AVAXUSDT,rolling_tree,up_persistent,2455.0,-0.19107484016602597,0.13731909273326343,-0.3283939328992834,0.03589862740950968
AVAXUSDT,rolling_tree,down_persistent,2845.0,-0.4516494841103352,-0.3091354269911681,-0.14251405711916967,0.030811616847173005
AVAXUSDT,rolling_tree,panic_continuation,536.0,1.985076367316329,2.2453058030299524,-0.2602294357136039,0.046348100183449335
AVAXUSDT,rolling_tree,rebound,1347.0,-0.9428932155747711,-0.25663068413243884,-0.6862625314423441,0.03685138572746935
AVAXUSDT,rolling_tree,range,4353.0,-0.5686347000212607,-0.23210709258884868,-0.3365276074324216,0.03365141331203087
AVAXUSDT,rolling_tree,transition,12415.833333333334,0.15501150196888022,0.007256929700185607,0.1477545722686962,0.033342997294336645
AVAXUSDT,action_tcn,up_persistent,2455.0,-1.0329348364925648,-0.2532588357970185,-0.7796760006955197,0.0341336194403505
AVAXUSDT,action_tcn,down_persistent,2845.0,-0.4841026479963299,-0.31927992964082164,-0.16482271835551673,0.054992744991126725
AVAXUSDT,action_tcn,panic_continuation,536.0,-0.9726531722663246,-0.2447798505263418,-0.7278733217399597,0.06102269386980297
AVAXUSDT,action_tcn,rebound,1347.0,-1.4289891209937444,-0.9140949698449513,-0.5148941511487873,0.05038228713169705
AVAXUSDT,action_tcn,range,4353.0,-0.6406423852000419,-0.4384073025086722,-0.20223508269137572,0.059899539422838884
AVAXUSDT,action_tcn,transition,12415.833333333334,0.36016324316490705,0.18749361625479147,0.17266962691010648,0.04915240218437902
AVAXUSDT,vol_long,up_persistent,2455.0,0.681170651304654,0.6811706513046811,0.0,0.0009868268488097615
AVAXUSDT,vol_long,down_persistent,2845.0,-0.4731722893784375,-0.4731722893784914,0.0,0.0002262786517366251
AVAXUSDT,vol_long,panic_continuation,536.0,0.04257523309286681,0.042575233092880534,0.0,0.0013496176233545331
AVAXUSDT,vol_long,rebound,1347.0,0.5097175962266932,0.5097175962266663,0.0,0.00041970899136061955
AVAXUSDT,vol_long,range,4353.0,-0.6236279895894925,-0.623627989589504,0.0,0.0009010350420028275
AVAXUSDT,vol_long,transition,12415.833333333334,0.10367792328118362,0.10367792328117702,0.0,0.0003321709922391182
AVAXUSDT,hold,up_persistent,2455.0,0.6906843594968624,0.6906843594969073,0.0,0.0
AVAXUSDT,hold,down_persistent,2845.0,-0.8389535731556166,-0.8389535731557227,0.0,0.0
AVAXUSDT,hold,panic_continuation,536.0,7.1889089407125,7.188908940712547,0.0,0.0
AVAXUSDT,hold,rebound,1347.0,0.26265566382810673,0.26265566382806554,0.0,0.0
AVAXUSDT,hold,range,4353.0,-1.097955902720491,-1.097955902720509,0.0,0.0
AVAXUSDT,hold,transition,12415.833333333334,0.1939347484385005,0.1939347484384873,0.0,0.00032207380535095664
BCHUSDT,trend24,up_persistent,2411.0,1.3218777942798483,1.2453311675766787,0.07654662670319658,0.04862684493497012
BCHUSDT,trend24,down_persistent,2203.0,-0.6795758775055712,-0.06623120478010162,-0.6133446727254593,0.06375824160666073
BCHUSDT,trend24,panic_continuation,519.0,3.9263015775979335,0.058861897529513464,3.8674396800684425,0.03232071518182677
BCHUSDT,trend24,rebound,1041.0,-3.1732149945176373,-0.342481171285476,-2.8307338232321637,0.11487473914284177
BCHUSDT,trend24,range,4891.0,0.2119754276469453,-0.04067831811987734,0.25265374576681804,0.08678772938996114
BCHUSDT,trend24,transition,12886.833333333334,-0.28640814074951987,-0.12071462902596448,-0.16569351172355182,0.0848933511015668
BCHUSDT,trend72,up_persistent,2411.0,1.2309258318954264,1.2385117450104945,-0.0075859131150488365,0.016780254494793936
BCHUSDT,trend72,down_persistent,2203.0,-0.5253057908659591,-0.12387581635804613,-0.4014299745079091,0.03317518190958161
BCHUSDT,trend72,panic_continuation,519.0,3.8550566753719875,0.3079438831542184,3.5471127922178134,0.0217364382000434
BCHUSDT,trend72,rebound,1041.0,-1.8137241841803062,-0.07858749873305786,-1.7351366854472545,0.05103797735869549
BCHUSDT,trend72,range,4891.0,0.1549263451381838,0.004641847848715492,0.1502844972894679,0.061761499542043026
BCHUSDT,trend72,transition,12886.833333333334,0.05474248779231939,0.13175867649200582,-0.07701618869967829,0.03965463654933616
BCHUSDT,trend168,up_persistent,2411.0,1.2920842815149804,1.3151802087600122,-0.023095927245012735,0.012229849240756723
BCHUSDT,trend168,down_persistent,2203.0,-0.000628087219703463,-0.0013345915012865014,0.0007065042816078532,0.013404083663691469
BCHUSDT,trend168,panic_continuation,519.0,3.201507698352982,0.0,3.201507698352988,0.011250707497594322
BCHUSDT,trend168,rebound,1041.0,-2.488362867995388,-0.3780917160464055,-2.1102711519490303,0.015168568923335296
BCHUSDT,trend168,range,4891.0,0.09659369675141119,0.027607592365345213,0.06898610438606403,0.03361037774485007
BCHUSDT,trend168,transition,12886.833333333334,-0.018726261128453287,-0.0701387376957877,0.05141247656734246,0.02470746023507257
BCHUSDT,trend336,up_persistent,2411.0,0.3975783292081522,0.4584265668890532,-0.060848237680897956,0.01903172385873615
BCHUSDT,trend336,down_persistent,2203.0,0.14746421222247255,-0.0035261102106701435,0.15099032243315308,0.014702422040663823
BCHUSDT,trend336,panic_continuation,519.0,1.498254855658537,-0.21994027698425397,1.7181951326427918,0.022554333005178905
BCHUSDT,trend336,rebound,1041.0,-2.3797138554718975,-0.2717392989649222,-2.107974556506984,0.018064011582933578
BCHUSDT,trend336,range,4891.0,0.24494879230251898,0.0612369720088241,0.18371182029369626,0.016998034396047117
BCHUSDT,trend336,transition,12886.833333333334,-0.25408901047268345,-0.2833147417903795,0.029225731317693793,0.015483476959833426
BCHUSDT,trend_ensemble,up_persistent,2411.0,1.448558740342142,1.4513339244947085,-0.002775184152546043,0.020691605903541813
BCHUSDT,trend_ensemble,down_persistent,2203.0,-0.42125880206348565,-0.007769788256519693,-0.41348901380695735,0.03318685391503809
BCHUSDT,trend_ensemble,panic_continuation,519.0,3.636891945251955,0.0,3.6368919452519797,0.021337889255253647
BCHUSDT,trend_ensemble,rebound,1041.0,-2.6722738274628663,-0.013646330943499561,-2.658627496519383,0.05650786292269704
BCHUSDT,trend_ensemble,range,4891.0,0.22788036381938684,0.009186757526378715,0.21869360629300613,0.04286663618399898
BCHUSDT,trend_ensemble,transition,12886.833333333334,-0.15642590134912474,-0.06904554222925889,-0.08738035911986214,0.03624115103667208
BCHUSDT,breakout,up_persistent,2411.0,1.319774929248311,1.3237999540053924,-0.004025024757066279,0.037815590226112666
BCHUSDT,breakout,down_persistent,2203.0,-0.11746249593128262,-0.0215086760161345,-0.09595381991512761,0.04456070363134471
BCHUSDT,breakout,panic_continuation,519.0,5.209478298105152,0.10543964632401569,5.104038651781169,0.03178487365305826
BCHUSDT,breakout,rebound,1041.0,-1.0603146212071761,-0.00798469463668401,-1.052329926570491,0.08814422851862028
BCHUSDT,breakout,range,4891.0,0.41761746453305393,0.015307056641940455,0.40231040789110745,0.07011213563572181
BCHUSDT,breakout,transition,12886.833333333334,-0.03919314992147713,0.018921755662958773,-0.05811490558442547,0.05560649850406709
BCHUSDT,range_only,up_persistent,2411.0,-0.6386782488293188,0.010813151322027786,-0.6494914001513599,0.015418841951688939
BCHUSDT,range_only,down_persistent,2203.0,0.13295852844005412,0.10734852508825315,0.025610003351794957,0.020855827410733892
BCHUSDT,range_only,panic_continuation,519.0,-2.3958274415045353,-2.3918025618757763,-0.00402487962878167,0.011223811394221298
BCHUSDT,range_only,rebound,1041.0,1.476374480230985,1.3033335311265417,0.17304094910444226,0.055683955612911
BCHUSDT,range_only,range,4891.0,-0.22609853059723853,-0.19545623882032706,-0.030642291776908664,0.033019379478736906
BCHUSDT,range_only,transition,12886.833333333334,0.04096548162903334,0.07383252455111558,-0.032867042922087294,0.02667198652803241
BCHUSDT,down_rebound,up_persistent,2411.0,1.3554238716021503,1.3554238716021707,0.0,0.011393761721332593
BCHUSDT,down_rebound,down_persistent,2203.0,-0.6462218707258616,-0.074555719517975,-0.5716661512078566,0.06233372440976027
BCHUSDT,down_rebound,panic_continuation,519.0,4.759411806568822,0.6165413868171356,4.142870419751708,0.03744882867463242
BCHUSDT,down_rebound,rebound,1041.0,-0.0026330084148490198,0.7560779868589221,-0.7587109952737429,0.23504303241059085
BCHUSDT,down_rebound,range,4891.0,0.17670244581286948,-0.007582666051610657,0.18428511186448177,0.05046790426393756
BCHUSDT,down_rebound,transition,12886.833333333334,0.012115699105110091,0.08623600802670624,-0.0741203089215899,0.048360398663761954
BCHUSDT,selected_trend,up_persistent,2411.0,1.1736640147497335,1.2174149116065567,-0.04375089685680233,0.0171027660874274
BCHUSDT,selected_trend,down_persistent,2203.0,-0.22504662923672175,-0.13636011898840658,-0.08868651024829573,0.025932704934595926
BCHUSDT,selected_trend,panic_continuation,519.0,3.6483295403119382,0.3079438831542184,3.340385657157765,0.021864140984817437
BCHUSDT,selected_trend,rebound,1041.0,-2.4525421252615724,-0.5127981558094753,-1.9397439694521161,0.04336138886341769
BCHUSDT,selected_trend,range,4891.0,-0.004911917773793417,-0.0690395155914573,0.06412759781766773,0.05402359343282155
BCHUSDT,selected_trend,transition,12886.833333333334,0.1649608061873086,0.1662698742451167,-0.00130906805780254,0.034693208756522785
BCHUSDT,selected_breakout,up_persistent,2411.0,0.6511114990471834,0.810330087232492,-0.15921858818529624,0.032782294164264786
BCHUSDT,selected_breakout,down_persistent,2203.0,-0.6367210743642272,-0.13094841427663081,-0.5057726600875659,0.02732710339922492
BCHUSDT,selected_breakout,panic_continuation,519.0,3.34737658942989,-0.009498508820510773,3.3568750982504367,0.02887331723510947
BCHUSDT,selected_breakout,rebound,1041.0,-1.8071430130580504,-0.09344191107683424,-1.7137011019812263,0.05296553201311629
BCHUSDT,selected_breakout,range,4891.0,0.07260156479303002,-0.09055892279935912,0.1631604875923781,0.052131636796696426
BCHUSDT,selected_breakout,transition,12886.833333333334,-0.0964045276625166,-0.11590728181309022,0.019502754150582856,0.03715236104506887
BCHUSDT,regime_gate,up_persistent,2411.0,1.2849109693309466,1.2890526623389622,-0.004141693007998449,0.02938010248625159
BCHUSDT,regime_gate,down_persistent,2203.0,-0.6221593207445051,-0.02479704016683834,-0.5973622805776488,0.05333658497077808
BCHUSDT,regime_gate,panic_continuation,519.0,4.718132561477789,0.02905709034240891,4.6890754711354115,0.03920211782315076
BCHUSDT,regime_gate,rebound,1041.0,-1.4095854761549933,-0.42749928354523953,-0.9820861926097494,0.15573869456532205
BCHUSDT,regime_gate,range,4891.0,0.03809410242533088,0.009349920449764695,0.028744181975568484,0.0279866733653385
BCHUSDT,regime_gate,transition,12886.833333333334,-0.07251651697245746,-0.046705784514257304,-0.025810732458197618,0.03407297948147437
BCHUSDT,gate_no_range,up_persistent,2411.0,1.2809147382250778,1.2894752711462958,-0.008560532921201748,0.024599446488979822
BCHUSDT,gate_no_range,down_persistent,2203.0,-0.5973530179598797,0.002858368317636583,-0.6002113862774995,0.04771590474904107
BCHUSDT,gate_no_range,panic_continuation,519.0,4.662788350706048,0.007806408380798601,4.654981942325279,0.03651923676625944
BCHUSDT,gate_no_range,rebound,1041.0,-1.5613655875128243,-0.44318610869649766,-1.1181794788163213,0.1541163404977689
BCHUSDT,gate_no_range,range,4891.0,0.12996931169759474,0.036513506827250505,0.09345580487034376,0.025436035362696622
BCHUSDT,gate_no_range,transition,12886.833333333334,-0.07359394572626062,-0.04248532596355614,-0.031108619762700882,0.0335056711656643
BCHUSDT,adaptive14,up_persistent,2411.0,1.2846027020240236,1.2876076958759954,-0.0030049938519545513,0.026265507987739085
BCHUSDT,adaptive14,down_persistent,2203.0,-0.41490956453803274,0.018660660281226715,-0.4335702248192415,0.04759986437284957
BCHUSDT,adaptive14,panic_continuation,519.0,4.529330443973345,0.09706682912084663,4.432263614852531,0.03456211653885828
BCHUSDT,adaptive14,rebound,1041.0,-1.053139616217211,-0.12983381295535207,-0.9233058032618533,0.14336332223054682
BCHUSDT,adaptive14,range,4891.0,0.08196450065320587,0.05779648330288301,0.024168017350325446,0.023155083626005355
BCHUSDT,adaptive14,transition,12886.833333333334,-0.0666055508994971,-0.07036553814493718,0.0037599872454424916,0.030794012226353643
BCHUSDT,adaptive42,up_persistent,2411.0,1.2840985842627752,1.2844066825594058,-0.000308098296613598,0.02563959684813639
BCHUSDT,adaptive42,down_persistent,2203.0,-0.3794817275990644,0.01715989226781506,-0.39664161986686014,0.048035292370711566
BCHUSDT,adaptive42,panic_continuation,519.0,4.561128780677133,0.18471864564153628,4.376410135035626,0.04003642347835101
BCHUSDT,adaptive42,rebound,1041.0,-0.8214274146138891,-0.004828587707564403,-0.8165988269063172,0.14880838467730664
BCHUSDT,adaptive42,range,4891.0,0.059405948420371245,0.039008613526983836,0.02039733489338937,0.022957619935967236
BCHUSDT,adaptive42,transition,12886.833333333334,-0.05963615804686179,-0.049370069752962854,-0.010266088293895881,0.030406582351182668
BCHUSDT,adaptive126,up_persistent,2411.0,1.2622345048642134,1.2683465066027275,-0.006112001738499659,0.025261259837518243
BCHUSDT,adaptive126,down_persistent,2203.0,-0.4898568091673165,0.006738022084339839,-0.49659483125163684,0.04952521705362893
BCHUSDT,adaptive126,panic_continuation,519.0,4.759297422630044,0.24969863924567245,4.509598783384398,0.038883150477996134
BCHUSDT,adaptive126,rebound,1041.0,-0.6718916269485379,0.1823861584128295,-0.8542777853613606,0.15450325646457064
BCHUSDT,adaptive126,range,4891.0,0.09106945412339543,0.0550921153416513,0.03597733878174646,0.023189589452424973
BCHUSDT,adaptive126,transition,12886.833333333334,-0.08279971864206907,-0.04420958606813288,-0.03859013257393346,0.030734090501734635
BCHUSDT,filtered_moe,up_persistent,2411.0,-0.21000207921010866,-0.20259580907568953,-0.0074062701344009005,0.0135313817253042
BCHUSDT,filtered_moe,down_persistent,2203.0,-0.05523677182673981,0.00018244583589399987,-0.05541921766262885,0.02217007211411082
BCHUSDT,filtered_moe,panic_continuation,519.0,3.299797342894081,0.0,3.299797342894107,0.01875379497275008
BCHUSDT,filtered_moe,rebound,1041.0,-1.2223338029163198,-0.1551870709927629,-1.0671467319235612,0.05196006120373029
BCHUSDT,filtered_moe,range,4891.0,0.08671625068530008,0.03967401967283311,0.047042231012466226,0.0156348757880195
BCHUSDT,filtered_moe,transition,12886.833333333334,-0.02415864285496426,-0.011695703127416569,-0.01246293972754423,0.017945652966278612
BCHUSDT,kalman,up_persistent,2411.0,1.305401128709341,1.3675717928895208,-0.0621706641801595,0.04277374000166875
BCHUSDT,kalman,down_persistent,2203.0,-0.3347755121614478,-0.09158595148901448,-0.24318956067242076,0.056090671862590494
BCHUSDT,kalman,panic_continuation,519.0,4.359070917462655,0.07644171444513445,4.282629203017549,0.020645462093010068
BCHUSDT,kalman,rebound,1041.0,-2.123689405798847,-0.16673957739394493,-1.956949828404885,0.1471932332367516
BCHUSDT,kalman,range,4891.0,0.28914530410150663,0.0391370934072549,0.2500082106942503,0.10363568315563924
BCHUSDT,kalman,transition,12886.833333333334,-0.015360110820376978,0.11291033567337753,-0.12827044649374666,0.08870436053992642
BCHUSDT,trend_ensemble_long,up_persistent,2411.0,1.4283679043002593,1.4283679043002804,0.0,0.020551494249743958
BCHUSDT,trend_ensemble_long,down_persistent,2203.0,0.02177030361944021,0.02177030361944008,0.0,0.000691430214536263
BCHUSDT,trend_ensemble_long,panic_continuation,519.0,0.02502780845981194,0.025027808459812156,0.0,0.0002865595139613075
BCHUSDT,trend_ensemble_long,rebound,1041.0,-0.013521908968232684,-0.013521908968229359,0.0,0.005980479813796835
BCHUSDT,trend_ensemble_long,range,4891.0,-0.03251523980376534,-0.032515239803765424,0.0,0.02010852753567697
BCHUSDT,trend_ensemble_long,transition,12886.833333333334,-0.06667529861964626,-0.06667529861964813,0.0,0.01868665850151128
BCHUSDT,regime_gate_long,up_persistent,2411.0,1.303562324841304,1.3035623248413217,0.0,0.028522590265122244
BCHUSDT,regime_gate_long,down_persistent,2203.0,-0.006273858465131566,-0.006273858465132386,0.0,0.0007463529189217848
BCHUSDT,regime_gate_long,panic_continuation,519.0,0.04056851429723009,0.04056851429722984,0.0,0.0
BCHUSDT,regime_gate_long,rebound,1041.0,-0.49209085617749626,-0.4920908561774944,0.0,0.039915645178689875
BCHUSDT,regime_gate_long,range,4891.0,0.04283935612800686,0.04283935612800741,0.0,0.011732084754196128
BCHUSDT,regime_gate_long,transition,12886.833333333334,-0.04108238469445014,-0.041082384694452134,0.0,0.016734784351600883
BCHUSDT,expanding_tree,up_persistent,2411.0,0.42042227388793335,0.7594922357758145,-0.3390699618878625,0.03713258997676015
BCHUSDT,expanding_tree,down_persistent,2203.0,-0.2905535232938589,-0.22155411089889254,-0.06899941239498053,0.035177568263907166
BCHUSDT,expanding_tree,panic_continuation,519.0,-0.42742970925875046,-0.5790922894777494,0.15166258021896636,0.03932554347162517
BCHUSDT,expanding_tree,rebound,1041.0,2.4774414280292225,2.3063393924135056,0.17110203561573156,0.03357200467103752
BCHUSDT,expanding_tree,range,4891.0,-0.181355016863839,-0.1910194302822661,0.009664413418432558,0.023857793743301624
BCHUSDT,expanding_tree,transition,12886.833333333334,0.2826411153881636,0.2638981373876726,0.01874297800048757,0.026595938226574526
BCHUSDT,rolling_tree,up_persistent,2411.0,-2.0636199098776515,-0.09236186450357221,-1.971258045374081,0.040244061239323524
BCHUSDT,rolling_tree,down_persistent,2203.0,0.28253796016253596,0.15767257063992152,0.12486538952260728,0.038264184553442764
BCHUSDT,rolling_tree,panic_continuation,519.0,-3.318174478814822,-3.0368323252673206,-0.28134215354752745,0.04305409691107172
BCHUSDT,rolling_tree,rebound,1041.0,3.681940964876201,2.9140873233689004,0.767853641507324,0.039771832195271986
BCHUSDT,rolling_tree,range,4891.0,-0.5410428829643935,-0.42187125187785635,-0.11917163108652092,0.03267995764605614
BCHUSDT,rolling_tree,transition,12886.833333333334,0.3973607112879194,0.3019430205592646,0.09541769072864746,0.033337083349926105
BCHUSDT,action_tcn,up_persistent,2411.0,-1.9438336908196374,-0.1619255760176187,-1.7819081148020115,0.032907042608786206
BCHUSDT,action_tcn,down_persistent,2203.0,-0.6703961519971627,-0.3034723607911894,-0.3669237912059596,0.05323436624095049
BCHUSDT,action_tcn,panic_continuation,519.0,-0.46840463970622315,-1.720317029032493,1.251912389326242,0.04276036735443524
BCHUSDT,action_tcn,rebound,1041.0,2.221450202273999,2.031106769255784,0.19034343301824747,0.05768732639405563
BCHUSDT,action_tcn,range,4891.0,-0.10971216309467625,-0.1406309030587137,0.03091873996404089,0.07255575262134568
BCHUSDT,action_tcn,transition,12886.833333333334,0.24362764381271015,0.1556257665856092,0.08800187722709793,0.05309486572772271
BCHUSDT,vol_long,up_persistent,2411.0,1.5414428957188444,1.5414428957188673,0.0,0.0014533867586315335
BCHUSDT,vol_long,down_persistent,2203.0,0.1710905700399961,0.17109057003996303,0.0,0.00021358680327406566
BCHUSDT,vol_long,panic_continuation,519.0,-3.233651402820612,-3.233651402820615,0.0,0.0025476277772154238
BCHUSDT,vol_long,rebound,1041.0,2.5813503773974187,2.581350377397462,0.0,0.0009590390622669244
BCHUSDT,vol_long,range,4891.0,-0.2896585153546683,-0.28965851535466725,0.0,0.0004220970014858157
BCHUSDT,vol_long,transition,12886.833333333334,0.07180252258571061,0.07180252258569253,0.0,0.000659775810827515
BCHUSDT,hold,up_persistent,2411.0,2.715825772091681,2.715825772091714,0.0,0.0
BCHUSDT,hold,down_persistent,2203.0,1.0218069764438034,1.0218069764437485,0.0,0.0
BCHUSDT,hold,panic_continuation,519.0,-4.074807174171672,-4.07480717417167,0.0,0.0
BCHUSDT,hold,rebound,1041.0,3.9406461597393783,3.940646159739446,0.0,0.0
BCHUSDT,hold,range,4891.0,-0.2547747832449314,-0.25477478324492836,0.0,0.0
BCHUSDT,hold,transition,12886.833333333334,0.21177558848740463,0.21177558848738068,0.0,0.00031059327314277057
BNBUSDT,trend24,up_persistent,3204.0,1.5800772928351918,1.557477730735767,0.022599562099418626,0.07833306384618982
BNBUSDT,trend24,down_persistent,1496.0,-1.1706757137548183,0.022156961549246797,-1.1928326753040879,0.08948378885182061
BNBUSDT,trend24,panic_continuation,468.0,2.041566708411055,0.017022292766732675,2.0245444156443244,0.043184173980385786
BNBUSDT,trend24,rebound,1013.0,-0.5270278356593799,0.24099514838475575,-0.7680229840441494,0.13690628584144723
BNBUSDT,trend24,range,5337.0,0.21571738791515707,0.09927538044680857,0.1164420074683353,0.11534253135148144
BNBUSDT,trend24,transition,12433.833333333334,-0.01534422986905527,-0.000675287462079851,-0.014668942406981309,0.11956174076327053
BNBUSDT,trend72,up_persistent,3204.0,1.6729771171900658,1.6429766500057361,0.030000467184314268,0.031573451141555936
BNBUSDT,trend72,down_persistent,1496.0,-0.5083796903248134,0.30120220706121015,-0.8095818973860084,0.05694640546542716
BNBUSDT,trend72,panic_continuation,468.0,1.2465844754109288,-0.006933971275292557,1.2535184466862113,0.03259562100790284
BNBUSDT,trend72,rebound,1013.0,-0.20964591037500396,0.4506665407715191,-0.6603124511465356,0.06428739202396358
BNBUSDT,trend72,range,5337.0,-0.31798667522668,-0.09644245840514082,-0.22154421682154424,0.08571409724520894
BNBUSDT,trend72,transition,12433.833333333334,-0.1112922139071439,-0.07356629276809401,-0.037725921139045215,0.05629992779021094
BNBUSDT,trend168,up_persistent,3204.0,1.5429167637954928,1.5533064129178378,-0.010389649122367412,0.016695905531750443
BNBUSDT,trend168,down_persistent,1496.0,-1.097207611477972,0.0,-1.0972076114779867,0.026539541126357702
BNBUSDT,trend168,panic_continuation,468.0,2.433117212786499,0.0,2.433117212786489,0.02810721595250231
BNBUSDT,trend168,rebound,1013.0,-1.2203238144761779,0.042274215170547885,-1.2625980296466923,0.032659062045914164
BNBUSDT,trend168,range,5337.0,-0.013588486354222813,0.019738828547065768,-0.03332731490130018,0.04911751969163812
BNBUSDT,trend168,transition,12433.833333333334,-0.08257527856416269,0.0252061909550836,-0.107781469519244,0.03660120421431629
BNBUSDT,trend336,up_persistent,3204.0,1.6419314386539874,1.620363568294767,0.021567870359208784,0.019750751760333883
BNBUSDT,trend336,down_persistent,1496.0,0.1721749371283217,0.35876729280912867,-0.18659235568082444,0.028649326534006214
BNBUSDT,trend336,panic_continuation,468.0,3.8345167886851157,0.4527431416132869,3.3817736470718107,0.020873335281909287
BNBUSDT,trend336,rebound,1013.0,-1.8930784204836972,-0.2875841287427725,-1.6054942917409245,0.02411098808492289
BNBUSDT,trend336,range,5337.0,-0.34328634537206554,-0.22797207658904134,-0.11531426878301798,0.025560940760538317
BNBUSDT,trend336,transition,12433.833333333334,0.1962970867727975,0.06811460537984866,0.1281824813929574,0.023180790692438696
BNBUSDT,trend_ensemble,up_persistent,3204.0,1.5431797592929593,1.5470861773380602,-0.003906418045115297,0.035838463395837426
BNBUSDT,trend_ensemble,down_persistent,1496.0,-0.7712591189030022,0.04560978560934909,-0.8168689045123605,0.050995676983363464
BNBUSDT,trend_ensemble,panic_continuation,468.0,2.361620293609211,0.0008472351429031495,2.360773058466297,0.029662838342314094
BNBUSDT,trend_ensemble,rebound,1013.0,-0.6993508460180992,-0.02322559995130941,-0.6761252460667936,0.06986751113183678
BNBUSDT,trend_ensemble,range,5337.0,-0.08651280389365248,-0.06518514787060653,-0.021327656023053736,0.062160126217158565
BNBUSDT,trend_ensemble,transition,12433.833333333334,-0.033081476665923336,-0.0167590353851653,-0.016322441280756887,0.05279125926528335
BNBUSDT,breakout,up_persistent,3204.0,1.455487123958203,1.4528056035506824,0.0026815204075147986,0.0687037595177652
BNBUSDT,breakout,down_persistent,1496.0,-0.9125940585453097,-0.0013796279425796816,-0.9112144306027431,0.081748593390192
BNBUSDT,breakout,panic_continuation,468.0,2.670470651443919,-0.030757376037952974,2.7012280274818523,0.06478055191839331
BNBUSDT,breakout,rebound,1013.0,-0.38419805078849145,0.059815730334597986,-0.4440137811230955,0.11176245463921032
BNBUSDT,breakout,range,5337.0,0.13766594313387787,0.22152599374000922,-0.08386005060613741,0.09451526233470332
BNBUSDT,breakout,transition,12433.833333333334,-0.023279574851465794,-0.017133871110203064,-0.0061457037412644445,0.07871919897638013
BNBUSDT,range_only,up_persistent,3204.0,-0.9902016699005431,0.00015958237312368675,-0.9903612522736563,0.02613029942010484
BNBUSDT,range_only,down_persistent,1496.0,0.7597311716078541,0.774003828264797,-0.014272656656943059,0.036490224358740025
BNBUSDT,range_only,panic_continuation,468.0,-0.8096026719290098,-0.8096026719290011,0.0,0.022404220766061345
BNBUSDT,range_only,rebound,1013.0,0.295390579564001,0.4262291238888985,-0.13083854432489161,0.07269244677994681
BNBUSDT,range_only,range,5337.0,-0.09397628622604098,0.015029255170825472,-0.10900554139686237,0.044674016957058534
BNBUSDT,range_only,transition,12433.833333333334,0.09096409476311781,0.016403809695325462,0.07456028506779051,0.04188288023196402
BNBUSDT,down_rebound,up_persistent,3204.0,1.598922424215291,1.5989224242152749,0.0,0.018024129534928348
BNBUSDT,down_rebound,down_persistent,1496.0,-0.46648411647417704,0.17047973827231977,-0.6369638547465206,0.09552925998237177
BNBUSDT,down_rebound,panic_continuation,468.0,3.151961531456085,0.3998269920142761,2.7521345394418026,0.050024282240375896
BNBUSDT,down_rebound,rebound,1013.0,0.8658096301093415,0.646352685881787,0.21945694422754947,0.2861193369567534
BNBUSDT,down_rebound,range,5337.0,-0.011324702200524738,-0.10181855459927146,0.09049385239874266,0.06689203452561558
BNBUSDT,down_rebound,transition,12433.833333333334,-0.07895317313286362,-0.015221976566144407,-0.06373119656672203,0.061689728993705825
BNBUSDT,selected_trend,up_persistent,3204.0,1.60227697692418,1.6073919314655971,-0.005114954541435821,0.029303841618756776
BNBUSDT,selected_trend,down_persistent,1496.0,-0.6288291091809921,0.198129076680685,-0.8269581858616593,0.03827321619927795
BNBUSDT,selected_trend,panic_continuation,468.0,2.6426419357095914,-0.012513326652921025,2.65515526236252,0.029264269904775875
BNBUSDT,selected_trend,rebound,1013.0,-0.39042014584953194,0.34611908443445094,-0.7365392302839742,0.048065562916836294
BNBUSDT,selected_trend,range,5337.0,-0.06252227889872702,-0.08128656809028262,0.018764289191544017,0.06642368565072228
BNBUSDT,selected_trend,transition,12433.833333333334,0.06595936623222251,0.11851381981671273,-0.05255445358448123,0.048288783811591636
BNBUSDT,selected_breakout,up_persistent,3204.0,1.4265978124511185,1.4071585146269736,0.01943929782414511,0.05239269108547906
BNBUSDT,selected_breakout,down_persistent,1496.0,-0.3531264891018267,-0.017730017924623975,-0.33539647117722626,0.05248526718672259
BNBUSDT,selected_breakout,panic_continuation,468.0,3.196909915919,-0.09137188960562354,3.288281805524615,0.047169572164234584
BNBUSDT,selected_breakout,rebound,1013.0,-0.013607895059496746,0.19211876712591636,-0.20572666218540167,0.07240234422204636
BNBUSDT,selected_breakout,range,5337.0,0.004636442853415017,-0.0337977324544079,0.038434175307823976,0.06499929790120766
BNBUSDT,selected_breakout,transition,12433.833333333334,-0.16186663510961385,-0.06392980924407596,-0.09793682586553436,0.05351211434566502
BNBUSDT,regime_gate,up_persistent,3204.0,1.516777498472806,1.5112833746317527,0.0054941238410370075,0.04737556968981225
BNBUSDT,regime_gate,down_persistent,1496.0,-0.6347442063072869,0.0023244126742199725,-0.6370686189815188,0.08837403907463094
BNBUSDT,regime_gate,panic_continuation,468.0,2.7778840761679855,0.09750123733702105,2.6803828388309516,0.06567181439905115
BNBUSDT,regime_gate,rebound,1013.0,0.2210750294397205,0.16163391929872128,0.05944111014099821,0.178338118340102
BNBUSDT,regime_gate,range,5337.0,-0.15949248826822196,-0.08468988337296697,-0.07480260489524934,0.03761222976088733
BNBUSDT,regime_gate,transition,12433.833333333334,-0.03633034649526829,-0.02232042860824704,-0.014009917887019774,0.04963686019677056
BNBUSDT,gate_no_range,up_persistent,3204.0,1.4918333608618506,1.4916765560936935,0.00015680476814175528,0.0430831793513826
BNBUSDT,gate_no_range,down_persistent,1496.0,-0.6292861349093664,-0.0021543833898867333,-0.6271317515194924,0.08047211044941813
BNBUSDT,gate_no_range,panic_continuation,468.0,2.701292221143385,0.03474513702055697,2.6665470841228176,0.060473626886814534
BNBUSDT,gate_no_range,rebound,1013.0,0.12352845937803604,0.12218096190272178,0.001347497475311369,0.17858608677477877
BNBUSDT,gate_no_range,range,5337.0,-0.09735469260020263,-0.09081134036883397,-0.006543352231365966,0.03443600994790964
BNBUSDT,gate_no_range,transition,12433.833333333334,-0.019226817434184272,-0.015351060263494577,-0.003875757170688783,0.048935822343641314
BNBUSDT,adaptive14,up_persistent,3204.0,1.4879985807338496,1.47767573010786,0.010322850625974603,0.04276092952847284
BNBUSDT,adaptive14,down_persistent,1496.0,-0.6622415964967447,0.015153036197261296,-0.6773946326940133,0.07872425100083708
BNBUSDT,adaptive14,panic_continuation,468.0,2.5850620921225302,0.12471750117636878,2.460344590946146,0.05300392523196065
BNBUSDT,adaptive14,rebound,1013.0,-0.048530432302055275,0.06964198793813149,-0.11817242024018573,0.1613362994512043
BNBUSDT,adaptive14,range,5337.0,-0.1880665294411198,-0.12399821809876758,-0.06406831134234835,0.03037491305059242
BNBUSDT,adaptive14,transition,12433.833333333334,0.00466358039753038,-0.002521815508883902,0.007185395906414657,0.04524597005841711
BNBUSDT,adaptive42,up_persistent,3204.0,1.4897307306259766,1.47600478823876,0.013725942387200953,0.04362046883095336
BNBUSDT,adaptive42,down_persistent,1496.0,-0.4663371195116741,0.03804145209121694,-0.504378571602901,0.07874419578946146
BNBUSDT,adaptive42,panic_continuation,468.0,2.8438280605336788,0.16115802836001084,2.6826700321736543,0.05853793333563872
BNBUSDT,adaptive42,rebound,1013.0,-0.07622752325922563,0.05689070253096233,-0.1331182257901864,0.16150608534157457
BNBUSDT,adaptive42,range,5337.0,-0.14842256175724358,-0.10439173360660021,-0.04403082815063976,0.029326683702923052
BNBUSDT,adaptive42,transition,12433.833333333334,-0.02319139257311675,-0.02202092620391718,-0.0011704663691989286,0.043909300466307956
BNBUSDT,adaptive126,up_persistent,3204.0,1.4754685175863749,1.4616443308058165,0.013824186780542822,0.044678453680456455
BNBUSDT,adaptive126,down_persistent,1496.0,-0.4970178078994623,0.04530638065003014,-0.5423241885495048,0.08051795690518856
BNBUSDT,adaptive126,panic_continuation,468.0,2.5148137493899703,0.18539535299626753,2.3294183963936925,0.05575620809173851
BNBUSDT,adaptive126,rebound,1013.0,0.022413785475460024,0.09619758382800488,-0.07378379835254628,0.163581858227579
BNBUSDT,adaptive126,range,5337.0,-0.13938042105501663,-0.09216042146290217,-0.04721999959211095,0.029517803170253296
BNBUSDT,adaptive126,transition,12433.833333333334,-0.00548613474639064,0.004767977234051908,-0.01025411198044151,0.04385084755993549
BNBUSDT,filtered_moe,up_persistent,3204.0,0.6515567201723346,0.6515567201723259,0.0,0.028114776291221243
BNBUSDT,filtered_moe,down_persistent,1496.0,-0.19995126148471026,0.005418156435179487,-0.2053694179198919,0.03802855244098359
BNBUSDT,filtered_moe,panic_continuation,468.0,1.4784482747294814,0.00018364698563432346,1.4782646277438514,0.02759499160284541
BNBUSDT,filtered_moe,rebound,1013.0,-0.12346634995857267,-0.006858137182818033,-0.11660821277574995,0.06967677933362332
BNBUSDT,filtered_moe,range,5337.0,0.04233769099668731,0.04397060976793706,-0.001632918771250919,0.022601762050659977
BNBUSDT,filtered_moe,transition,12433.833333333334,-0.07621036653430559,-0.0853072627320859,0.00909689619778242,0.026346293831555886
BNBUSDT,kalman,up_persistent,3204.0,1.3743553667752335,1.4137015581219825,-0.039346191346751984,0.07741412534580049
BNBUSDT,kalman,down_persistent,1496.0,-1.353641390609024,-0.036227244116540165,-1.3174141464924964,0.09521166408431557
BNBUSDT,kalman,panic_continuation,468.0,1.2576169370477264,-0.09836663478135409,1.3559835718290625,0.040058768660462145
BNBUSDT,kalman,rebound,1013.0,-0.9482420855130277,-0.08696764402368425,-0.8612744414893516,0.1888390305421834
BNBUSDT,kalman,range,5337.0,0.09641308282394237,0.17892280989973766,-0.08250972707579926,0.13847624150005314
BNBUSDT,kalman,transition,12433.833333333334,-0.004079996954103689,0.020200471059304656,-0.02428046801340687,0.12828940042984563
BNBUSDT,trend_ensemble_long,up_persistent,3204.0,1.5636177797585213,1.5636177797585071,0.0,0.035690889458887994
BNBUSDT,trend_ensemble_long,down_persistent,1496.0,0.03691387215132272,0.0369138721513232,0.0,0.001265219677229201
BNBUSDT,trend_ensemble_long,panic_continuation,468.0,0.05681498892602875,0.05681498892602783,0.0,0.0010018323769410843
BNBUSDT,trend_ensemble_long,rebound,1013.0,-0.10395519704516125,-0.10395519704516305,0.0,0.009899317624355947
BNBUSDT,trend_ensemble_long,range,5337.0,-0.04973086172195716,-0.04973086172195919,0.0,0.03095481056906593
BNBUSDT,trend_ensemble_long,transition,12433.833333333334,-0.01051813419276549,-0.010518134192764608,0.0,0.030066480784818245
BNBUSDT,regime_gate_long,up_persistent,3204.0,1.5108157179989377,1.5108157179989214,0.0,0.046619890857062606
BNBUSDT,regime_gate_long,down_persistent,1496.0,-0.028724549633350957,-0.02872454963335026,0.0,0.002944636564545633
BNBUSDT,regime_gate_long,panic_continuation,468.0,0.05840256177878656,0.05840256177878806,0.0,0.0
BNBUSDT,regime_gate_long,rebound,1013.0,0.14547542916088707,0.14547542916088843,0.0,0.053057279300369825
BNBUSDT,regime_gate_long,range,5337.0,-0.11217990719811367,-0.11217990719810865,0.0,0.017581855429344737
BNBUSDT,regime_gate_long,transition,12433.833333333334,-0.023486177827543114,-0.023486177827542688,0.0,0.02772274461896173
BNBUSDT,expanding_tree,up_persistent,3204.0,0.5779803588727559,0.8698705047238018,-0.2918901458510639,0.04827109572887293
BNBUSDT,expanding_tree,down_persistent,1496.0,0.6483880650128686,0.548209283229804,0.10017878178307663,0.04257617841034207
BNBUSDT,expanding_tree,panic_continuation,468.0,-0.9173394267199908,-1.4785826017106962,0.5612431749907447,0.05309349597799362
BNBUSDT,expanding_tree,rebound,1013.0,0.34746805107824685,0.6106917010399255,-0.2632236499616594,0.03753331298649094
BNBUSDT,expanding_tree,range,5337.0,-0.3135627344690105,-0.25656892649933727,-0.05699380796966438,0.028319411281594303
BNBUSDT,expanding_tree,transition,12433.833333333334,0.21409084718891236,0.2350489404087909,-0.020958093219875795,0.03878059930823887
BNBUSDT,rolling_tree,up_persistent,3204.0,0.18721464801210144,0.5097427397202714,-0.3225280917081889,0.05305956484954812
BNBUSDT,rolling_tree,down_persistent,1496.0,0.3155525032661302,0.39224694758607404,-0.07669444431994389,0.0572905184357124
BNBUSDT,rolling_tree,panic_continuation,468.0,-2.8584320833193777,-2.437190973168662,-0.42124111015068366,0.03923330889657022
BNBUSDT,rolling_tree,rebound,1013.0,1.116154925705818,1.0182873153303535,0.0978676103754807,0.048421793070348856
BNBUSDT,rolling_tree,range,5337.0,-0.3807125068939061,-0.23503088395764732,-0.1456816229362326,0.04044269873596426
BNBUSDT,rolling_tree,transition,12433.833333333334,0.010885813140205518,0.10896507458258611,-0.09807926144237719,0.04455994364066458
BNBUSDT,action_tcn,up_persistent,3204.0,0.633560711936193,1.0961439703913973,-0.46258325845522436,0.05895220920609146
BNBUSDT,action_tcn,down_persistent,1496.0,0.809007509216083,1.0874450020405615,-0.27843749282449887,0.09183777573663601
BNBUSDT,action_tcn,panic_continuation,468.0,-0.4075420506441679,-1.9126974581429586,1.5051554074987883,0.07921862811223747
BNBUSDT,action_tcn,rebound,1013.0,-0.1838895015367202,-0.06303577709826429,-0.1208537244384278,0.1061069364673803
BNBUSDT,action_tcn,range,5337.0,0.03696528509843359,0.07765776610101825,-0.04069248100259296,0.09755648088410787
BNBUSDT,action_tcn,transition,12433.833333333334,-0.2584494720489754,-0.06111788360513486,-0.197331588443832,0.07679803546572095
BNBUSDT,vol_long,up_persistent,3204.0,1.7567126639015238,1.7567126639015052,0.0,0.0006491227168986351
BNBUSDT,vol_long,down_persistent,1496.0,1.2815819711550218,1.2815819711550471,0.0,0.0003164571964532064
BNBUSDT,vol_long,panic_continuation,468.0,-2.617540027537815,-2.6175400275378116,0.0,0.00671445992760275
BNBUSDT,vol_long,rebound,1013.0,1.27452757929603,1.2745275792960382,0.0,0.000610082983363071
BNBUSDT,vol_long,range,5337.0,0.016795907779090426,0.016795907779113505,0.0,0.00039307013717476127
BNBUSDT,vol_long,transition,12433.833333333334,0.11258622508590214,0.1125862250859006,0.0,0.0007658362380703768
BNBUSDT,hold,up_persistent,3204.0,1.9219344048228502,1.9219344048228266,0.0,0.0
BNBUSDT,hold,down_persistent,1496.0,2.22165689898653,2.2216568989865606,0.0,0.0
BNBUSDT,hold,panic_continuation,468.0,0.13061156760806011,0.13061156760807258,0.0,0.0
BNBUSDT,hold,rebound,1013.0,2.040234237851159,2.040234237851179,0.0,0.0
BNBUSDT,hold,range,5337.0,0.2663826326445647,0.26638263264459466,0.0,0.0
BNBUSDT,hold,transition,12433.833333333334,0.08060830714828324,0.08060830714827291,0.0,0.00032162519605178827
BTCUSDT,trend24,up_persistent,3069.0,1.1117451152180884,1.1555629139489714,-0.0438177987308691,0.07890782817340267
BTCUSDT,trend24,down_persistent,1820.0,-0.4618753743486142,-0.09090272520520594,-0.3709726491434234,0.09379970975690685
BTCUSDT,trend24,panic_continuation,728.0,-1.170892210019629,-0.20190496758499782,-0.9689872424346629,0.06809088307957342
BTCUSDT,trend24,rebound,1060.0,-0.06371400420128806,0.23778111550779063,-0.30149511970908743,0.18106878090063652
BTCUSDT,trend24,range,4273.0,0.7248101351411901,0.4723613338553342,0.2524488012858259,0.13348171570104075
BTCUSDT,trend24,transition,13001.833333333334,-0.2376811169855612,-0.07682723376037992,-0.1608538832251965,0.12399327743315583
BTCUSDT,trend72,up_persistent,3069.0,1.4246503538010884,1.4137205442090008,0.010929809592082614,0.028080977743104068
BTCUSDT,trend72,down_persistent,1820.0,-0.3093227535514215,-0.14479405757066469,-0.16452869598074987,0.0613426237272746
BTCUSDT,trend72,panic_continuation,728.0,-0.6223340598201968,-0.22453798221169324,-0.39779607760851887,0.04493732440172989
BTCUSDT,trend72,rebound,1060.0,-0.22415533376563124,0.16026468265607322,-0.38442001642171014,0.0858307287073179
BTCUSDT,trend72,range,4273.0,-0.1574862059884715,-0.05460002362688329,-0.10288618236157777,0.10058819057738
BTCUSDT,trend72,transition,13001.833333333334,-0.026033075431581457,-0.012262455033231683,-0.013770620398351658,0.061984595985691227
BTCUSDT,trend168,up_persistent,3069.0,1.3640786953507167,1.3640786953507178,0.0,0.01719986030508379
BTCUSDT,trend168,down_persistent,1820.0,-0.03204350350355577,0.0,-0.032043503503566176,0.02288042259320888
BTCUSDT,trend168,panic_continuation,728.0,-0.4841452969277149,-8.856232075870838e-05,-0.4840567346069829,0.027044983647606904
BTCUSDT,trend168,rebound,1060.0,-1.1267338594162948,-0.09775734318449558,-1.0289765162318092,0.029275176715641924
BTCUSDT,trend168,range,4273.0,0.18334567140904853,0.011668555950279255,0.171677115458766,0.055017618202077394
BTCUSDT,trend168,transition,13001.833333333334,0.028419264100559567,0.054535432491136605,-0.026116168390581878,0.03960438677316569
BTCUSDT,trend336,up_persistent,3069.0,1.179159817497683,1.1612266590149272,0.017933158482755326,0.01815613123189907
BTCUSDT,trend336,down_persistent,1820.0,0.21170638628330227,-0.13906998155309752,0.35077636783638017,0.029814199587281837
BTCUSDT,trend336,panic_continuation,728.0,-0.5006181705471549,-0.37973432684907693,-0.1208838436980686,0.03621263909182143
BTCUSDT,trend336,rebound,1060.0,-1.3221848319226985,-0.2793818660053405,-1.0428029659173286,0.03506830450791463
BTCUSDT,trend336,range,4273.0,0.14954436049711325,0.17636795293089522,-0.026823592433793723,0.02512823776972445
BTCUSDT,trend336,transition,13001.833333333334,0.30178297860983366,0.30547646948787216,-0.0036934908780426323,0.024544630296906737
BTCUSDT,trend_ensemble,up_persistent,3069.0,1.1955889390882635,1.1897967027954592,0.005792236292809984,0.032698020144153385
BTCUSDT,trend_ensemble,down_persistent,1820.0,-0.24065390371942028,-0.014449437412433323,-0.2262044663069937,0.05043205360007351
BTCUSDT,trend_ensemble,panic_continuation,728.0,-0.7121493260155387,-0.07362589650864423,-0.638523429506915,0.0427918022719583
BTCUSDT,trend_ensemble,rebound,1060.0,-0.4038929295099799,0.11276301599361056,-0.5166559455035975,0.0929878809742727
BTCUSDT,trend_ensemble,range,4273.0,0.2183812764966006,0.1700034115822658,0.04837786491432636,0.07027159206344781
BTCUSDT,trend_ensemble,transition,13001.833333333334,-0.020000071425075268,-0.04503275625777971,0.025032684832697275,0.05682538534605321
BTCUSDT,breakout,up_persistent,3069.0,1.4032039448831712,1.3970599253573364,0.006144019525837271,0.05867644894096305
BTCUSDT,breakout,down_persistent,1820.0,-0.4319067659117596,-0.03423202641851809,-0.39767473949323995,0.08203625896337183
BTCUSDT,breakout,panic_continuation,728.0,-1.1045779225643317,-0.06629366045976764,-1.0382842621045703,0.08179492977640761
BTCUSDT,breakout,rebound,1060.0,0.0406917415265136,0.1662327192736565,-0.12554097774716277,0.13708161944175068
BTCUSDT,breakout,range,4273.0,0.6751089288092265,0.3910934394915893,0.28401548931760057,0.10200858527564233
BTCUSDT,breakout,transition,13001.833333333334,-0.03417497287616203,-0.07455374489405911,0.04037877201788715,0.08608326571085036
BTCUSDT,range_only,up_persistent,3069.0,-0.938706429404394,-0.018001421216427515,-0.9207050081879686,0.021690603621725722
BTCUSDT,range_only,down_persistent,1820.0,0.2085675877617741,0.1680340100092377,0.04053357775254027,0.03839455667014568
BTCUSDT,range_only,panic_continuation,728.0,0.7996498683846196,0.7568710338951796,0.0427788344894505,0.029412754814635882
BTCUSDT,range_only,rebound,1060.0,0.014007834660445653,0.23635309021063883,-0.22234525555017048,0.09117657957603627
BTCUSDT,range_only,range,4273.0,-0.3767156594314467,-0.1980417888063428,-0.1786738706250882,0.05136296163175307
BTCUSDT,range_only,transition,13001.833333333334,0.08125317417006533,-0.01115643185047077,0.09240960602054298,0.04392142250769386
BTCUSDT,down_rebound,up_persistent,3069.0,1.3747176276103488,1.3747176276103468,0.0,0.01523768257786475
BTCUSDT,down_rebound,down_persistent,1820.0,-0.24189103357015565,0.06628587058225327,-0.3081769041524056,0.08706697186995076
BTCUSDT,down_rebound,panic_continuation,728.0,-0.4989312144910845,0.022917707428571035,-0.5218489219196654,0.10169705547762851
BTCUSDT,down_rebound,rebound,1060.0,0.9356383882180249,0.9101943917543275,0.02544399646369758,0.36019547487227627
BTCUSDT,down_rebound,range,4273.0,0.1687183527118,0.03199437241581369,0.1367239802959844,0.07623998672704389
BTCUSDT,down_rebound,transition,13001.833333333334,0.158491800356501,0.15275375340881703,0.005738046947678071,0.07235252942224815
BTCUSDT,selected_trend,up_persistent,3069.0,1.3114372592760781,1.2994146174651668,0.012022641810904192,0.025222171669400325
BTCUSDT,selected_trend,down_persistent,1820.0,-0.02669967273325836,0.04562368786706212,-0.07232336060031981,0.042663675768300685
BTCUSDT,selected_trend,panic_continuation,728.0,-0.7983388244346701,-0.24468802496692718,-0.5536507994677644,0.037677940254056505
BTCUSDT,selected_trend,rebound,1060.0,-0.1746374707645758,0.0840576934582088,-0.2586951642228139,0.05482263381248798
BTCUSDT,selected_trend,range,4273.0,-0.02864256370706457,0.029116171288420287,-0.05775873499548072,0.07661849527375833
BTCUSDT,selected_trend,transition,13001.833333333334,0.1937572292118359,0.08837129471495375,0.10538593449687447,0.05013455931839571
BTCUSDT,selected_breakout,up_persistent,3069.0,1.571890798820348,1.5883527736302692,-0.01646197480992875,0.04199681068127222
BTCUSDT,selected_breakout,down_persistent,1820.0,-0.0019477303324233217,0.013390782744076334,-0.015338513076510579,0.04882902235557462
BTCUSDT,selected_breakout,panic_continuation,728.0,-1.4358481931089813,-0.094055633616382,-1.341792559492592,0.0603452787155096
BTCUSDT,selected_breakout,rebound,1060.0,0.31262288163982904,0.291178798698758,0.021444082941049648,0.08374548747610734
BTCUSDT,selected_breakout,range,4273.0,0.02743920368214373,-0.02636758863076112,0.053806792312888235,0.056280969123910535
BTCUSDT,selected_breakout,transition,13001.833333333334,-0.00811105695154684,-0.07051516050136167,0.06240410354980829,0.052002653036598394
BTCUSDT,regime_gate,up_persistent,3069.0,1.156927763465447,1.150858359276958,0.006069404188491463,0.04561444691365658
BTCUSDT,regime_gate,down_persistent,1820.0,-0.30779608633313904,-0.02108704597600975,-0.286709040357125,0.07671882650342136
BTCUSDT,regime_gate,panic_continuation,728.0,-1.0859487674529105,-0.0034663381539469947,-1.0824824292989643,0.09718964476399664
BTCUSDT,regime_gate,rebound,1060.0,0.4462896396472773,0.2901491680019643,0.15614047164531533,0.2376607695508888
BTCUSDT,regime_gate,range,4273.0,-0.17390809090220452,-0.06994076780566245,-0.10396732309654523,0.046088500859675356
BTCUSDT,regime_gate,transition,13001.833333333334,0.12084549656987982,0.026121137858632897,0.09472435871124076,0.05567346071641417
BTCUSDT,gate_no_range,up_persistent,3069.0,1.1748373854932948,1.1726221373614696,0.002215248131827624,0.040834868572887165
BTCUSDT,gate_no_range,down_persistent,1820.0,-0.2907497190842636,-0.005488377666670136,-0.28526134141759113,0.07166548962183227
BTCUSDT,gate_no_range,panic_continuation,728.0,-1.0119142143192947,-0.012813332249375304,-0.9991008820699233,0.08697989104629779
BTCUSDT,gate_no_range,rebound,1060.0,0.4528458014381427,0.35919022684227425,0.09365557459586807,0.23671499969647397
BTCUSDT,gate_no_range,range,4273.0,0.015828521566848212,0.05481646834687533,-0.03898794678003716,0.0403992656527392
BTCUSDT,gate_no_range,transition,13001.833333333334,0.11055347955388803,0.025095454009827888,0.08545802554405438,0.053697868857188864
BTCUSDT,adaptive14,up_persistent,3069.0,1.0746137686964652,1.0728594942441056,0.0017542744523624757,0.04054816888381125
BTCUSDT,adaptive14,down_persistent,1820.0,-0.2585806000982024,-0.009752277112803692,-0.24882832298539578,0.07012223828518681
BTCUSDT,adaptive14,panic_continuation,728.0,-1.014935903693937,-0.028821805022374244,-0.9861140986715679,0.08519675022758887
BTCUSDT,adaptive14,rebound,1060.0,0.4749623523098117,0.1967066131979473,0.2782557391118661,0.22073264205713142
BTCUSDT,adaptive14,range,4273.0,-0.12427377962190096,-0.047059314434847094,-0.07721446518705719,0.03835872480667476
BTCUSDT,adaptive14,transition,13001.833333333334,0.10062453906398824,0.024293037853940245,0.0763315012100423,0.05011393790308132
BTCUSDT,adaptive42,up_persistent,3069.0,1.0723822270001857,1.0713354005582063,0.0010468264419815393,0.04211044346345776
BTCUSDT,adaptive42,down_persistent,1820.0,-0.22783125277717442,0.008239312159505165,-0.2360705649366784,0.06807604770496306
BTCUSDT,adaptive42,panic_continuation,728.0,-1.1015707287159984,-0.020843896453256523,-1.080726832262753,0.08774566729421798
BTCUSDT,adaptive42,rebound,1060.0,0.46866775484192025,0.1701165003921805,0.29855125444973973,0.2218477537480717
BTCUSDT,adaptive42,range,4273.0,-0.12104436081691113,-0.04714727306556989,-0.07389708775134617,0.03886593473199261
BTCUSDT,adaptive42,transition,13001.833333333334,0.11493550304460709,0.02101384609733731,0.09392165694726452,0.04990974623421252
BTCUSDT,adaptive126,up_persistent,3069.0,1.0936364187338485,1.0901427814037976,0.003493637330053344,0.043007246613945865
BTCUSDT,adaptive126,down_persistent,1820.0,-0.31206354270882875,0.0033955381256944852,-0.31545908083452223,0.06729814764377862
BTCUSDT,adaptive126,panic_continuation,728.0,-1.1545488457150268,-0.010509558182098302,-1.144039287532937,0.09023631756194068
BTCUSDT,adaptive126,rebound,1060.0,0.4996234136326987,0.21033592153497058,0.2892874920977298,0.2275994841759341
BTCUSDT,adaptive126,range,4273.0,-0.1254559648953726,-0.06336841885971804,-0.06208754603566068,0.03905396176944985
BTCUSDT,adaptive126,transition,13001.833333333334,0.11428413840307401,0.03143990732530719,0.08284423107776197,0.050821040196677054
BTCUSDT,filtered_moe,up_persistent,3069.0,0.5590751167961893,0.5568831167189674,0.002192000077224792,0.02180093157359943
BTCUSDT,filtered_moe,down_persistent,1820.0,-0.04715605586897063,-0.004521957876799549,-0.042634097992166456,0.03528838633490557
BTCUSDT,filtered_moe,panic_continuation,728.0,-0.48613612753141283,-0.035452087698240896,-0.450684039833181,0.04014652813573513
BTCUSDT,filtered_moe,rebound,1060.0,-0.19007834322011205,0.09201118185416117,-0.28208952507427826,0.09047143724069051
BTCUSDT,filtered_moe,range,4273.0,0.16269917467408163,0.0952950306915422,0.06740414398253428,0.02909729249985225
BTCUSDT,filtered_moe,transition,13001.833333333334,-0.02474645828315734,-0.04023472799917254,0.015488269716009985,0.030282203088143323
BTCUSDT,kalman,up_persistent,3069.0,1.3097467199475064,1.2711661760683477,0.038580543879158324,0.075509797849807
BTCUSDT,kalman,down_persistent,1820.0,-0.6240039936729809,-0.12504319100273237,-0.49896080267025816,0.09533176558405966
BTCUSDT,kalman,panic_continuation,728.0,-0.8996322252774333,0.036597434014405225,-0.936229659291848,0.061755828161349266
BTCUSDT,kalman,rebound,1060.0,0.24383210788249776,0.4548999126071012,-0.21106780472464456,0.2272023518939642
BTCUSDT,kalman,range,4273.0,0.9276889604222509,0.440372801344655,0.4873161590775594,0.14848219871306367
BTCUSDT,kalman,transition,13001.833333333334,-0.276573743925562,-0.11908384258751424,-0.1574899013380594,0.13356866545018084
BTCUSDT,trend_ensemble_long,up_persistent,3069.0,1.1900397055610086,1.1900397055610143,0.0,0.03286944179359751
BTCUSDT,trend_ensemble_long,down_persistent,1820.0,-0.008068686422569598,-0.008068686422570302,0.0,0.0017719966878298815
BTCUSDT,trend_ensemble_long,panic_continuation,728.0,-0.08999692248558808,-0.08999692248558704,0.0,0.0030956760324473685
BTCUSDT,trend_ensemble_long,rebound,1060.0,0.09598842649426265,0.09598842649426573,0.0,0.010334020409703437
BTCUSDT,trend_ensemble_long,range,4273.0,0.17855834532110454,0.17855834532109577,0.0,0.03610627947995668
BTCUSDT,trend_ensemble_long,transition,13001.833333333334,-0.05462034734431577,-0.054620347344317824,0.0,0.03195306037870067
BTCUSDT,regime_gate_long,up_persistent,3069.0,1.1512533206273206,1.1512533206273234,0.0,0.044871150783592585
BTCUSDT,regime_gate_long,down_persistent,1820.0,-0.02863377267964452,-0.028633772679644662,0.0,0.0011585122017911441
BTCUSDT,regime_gate_long,panic_continuation,728.0,0.04037940610194027,0.04037940610194294,0.0,0.004071465041324849
BTCUSDT,regime_gate_long,rebound,1060.0,0.29098745917419666,0.29098745917420415,0.0,0.07249151364672218
BTCUSDT,regime_gate_long,range,4273.0,-0.04882200405608151,-0.04882200405608556,0.0,0.02342343094077877
BTCUSDT,regime_gate_long,transition,13001.833333333334,0.014433467273434532,0.014433467273432149,0.0,0.03206629089083628
BTCUSDT,expanding_tree,up_persistent,3069.0,0.8512139072152332,0.9454532391730943,-0.09423933195784441,0.06737974489227488
BTCUSDT,expanding_tree,down_persistent,1820.0,-0.5588528482539831,-0.5246400804367746,-0.034212767817201395,0.04518365585636914
BTCUSDT,expanding_tree,panic_continuation,728.0,-0.03911005230548915,-0.21613638611933267,0.17702633381387195,0.050380781033480565
BTCUSDT,expanding_tree,rebound,1060.0,0.6906124215745323,0.7555196736516282,-0.06490725207708789,0.0407233371883696
BTCUSDT,expanding_tree,range,4273.0,-0.07859761531057288,0.04291734087305375,-0.12151495618364241,0.03557507817972076
BTCUSDT,expanding_tree,transition,13001.833333333334,0.06452427755376033,0.056794956230425665,0.0077293213233435515,0.047312870584585484
BTCUSDT,rolling_tree,up_persistent,3069.0,0.05939657959641974,0.6074053488419942,-0.5480087692455722,0.06309555594477495
BTCUSDT,rolling_tree,down_persistent,1820.0,-0.3366776858146049,-0.39925976962024656,0.06258208380565351,0.0672399002203103
BTCUSDT,rolling_tree,panic_continuation,728.0,-0.6559001459040582,-0.43583883482397795,-0.2200613110801468,0.0815509712720961
BTCUSDT,rolling_tree,rebound,1060.0,1.4323998931801418,1.1230317631354136,0.3093681300447247,0.06827520082417417
BTCUSDT,rolling_tree,range,4273.0,-0.10908037691305213,-0.025607650701689067,-0.08347272621139477,0.0570653727829326
BTCUSDT,rolling_tree,transition,13001.833333333334,0.05351882438604742,0.1173784144788216,-0.0638595900927774,0.062079491147086385
BTCUSDT,action_tcn,up_persistent,3069.0,0.48494680181295363,0.7193477846112997,-0.23440098279833896,0.05060534237291488
BTCUSDT,action_tcn,down_persistent,1820.0,-0.22983867801106211,-0.265087309099442,0.0352486310883897,0.08710972768361006
BTCUSDT,action_tcn,panic_continuation,728.0,-1.5393391597304937,-1.147852755898588,-0.3914864038318263,0.09980257706701645
BTCUSDT,action_tcn,rebound,1060.0,0.0226936046101464,0.177472260925476,-0.15477865631524818,0.1099977399716279
BTCUSDT,action_tcn,range,4273.0,0.009716850823357827,0.09334882955305177,-0.08363197872974396,0.11168861055266831
BTCUSDT,action_tcn,transition,13001.833333333334,-0.053770243178151905,-0.010207799340195136,-0.0435624438379549,0.07721059982458552
BTCUSDT,vol_long,up_persistent,3069.0,1.4913626316207358,1.4913626316207365,0.0,0.00039206712178384593
BTCUSDT,vol_long,down_persistent,1820.0,0.1502814219309134,0.15028142193092564,0.0,0.0003814709001521637
BTCUSDT,vol_long,panic_continuation,728.0,0.42206746656504995,0.4220674665650945,0.0,0.0008491660668594484
BTCUSDT,vol_long,rebound,1060.0,0.8501325883499524,0.8501325883499854,0.0,0.00093167807365557
BTCUSDT,vol_long,range,4273.0,0.11054244058500089,0.11054244058495166,0.0,0.0008223592287771792
BTCUSDT,vol_long,transition,13001.833333333334,0.16134918276728372,0.1613491827672871,0.0,0.0005062020577774449
BTCUSDT,hold,up_persistent,3069.0,1.4937370744531948,1.4937370744531937,0.0,0.0
BTCUSDT,hold,down_persistent,1820.0,0.43671181212864324,0.43671181212865257,0.0,0.0
BTCUSDT,hold,panic_continuation,728.0,0.8158588949769444,0.8158588949769965,0.0,0.0
BTCUSDT,hold,rebound,1060.0,1.069396636880369,1.0693966368804035,0.0,0.0
BTCUSDT,hold,range,4273.0,0.13496399254410088,0.1349639925440451,0.0,0.0004679616381895631
BTCUSDT,hold,transition,13001.833333333334,0.1883545902734309,0.1883545902734382,0.0,0.00015377122094728236
DOGEUSDT,trend24,up_persistent,2430.0,3.1784193444439106,3.1943700340196406,-0.015950689575736046,0.043230279560455186
DOGEUSDT,trend24,down_persistent,2319.0,-0.5000068195636758,-0.06145416006871632,-0.43855265949496847,0.055460304036817336
DOGEUSDT,trend24,panic_continuation,579.0,5.620278359954833,0.10556831153382483,5.514710048421026,0.028421117488659584
DOGEUSDT,trend24,rebound,1202.0,-1.6042530840641116,-0.3169609539150697,-1.287292130149062,0.10264597870540706
DOGEUSDT,trend24,range,5169.0,0.49941796368307606,0.25814913334587253,0.24126883033719992,0.07623691131863863
DOGEUSDT,trend24,transition,12252.833333333334,0.030234581695474137,0.09540218822997347,-0.06516760653449986,0.0701118884694827
DOGEUSDT,trend72,up_persistent,2430.0,2.9598156925288506,2.9560232339351207,0.0037924585937305338,0.01561517603056839
DOGEUSDT,trend72,down_persistent,2319.0,-0.9914475477656287,-0.0793086406631382,-0.9121389071024986,0.032184873978331204
DOGEUSDT,trend72,panic_continuation,579.0,3.9613730478359894,-0.039852591142487334,4.001225638978478,0.018485474027812195
DOGEUSDT,trend72,rebound,1202.0,-1.1687683035643208,-0.07126864584519399,-1.0974996577191394,0.0377262148621799
DOGEUSDT,trend72,range,5169.0,-0.1395737745822591,-0.027442490864495787,-0.11213128371776583,0.05627033616552692
DOGEUSDT,trend72,transition,12252.833333333334,-0.1307013907650556,-0.11743344810258018,-0.01326794266247048,0.03277309408686894
DOGEUSDT,trend168,up_persistent,2430.0,2.706923973662717,2.7043672115990116,0.002556762063706272,0.009347690464481737
DOGEUSDT,trend168,down_persistent,2319.0,-0.1324741060324083,0.0,-0.1324741060324093,0.010923563767751426
DOGEUSDT,trend168,panic_continuation,579.0,4.6031030093657455,0.03838129554228857,4.56472171382347,0.014085748667629211
DOGEUSDT,trend168,rebound,1202.0,-0.6231059429912433,0.12244302005384122,-0.7455489630450937,0.014273911459232418
DOGEUSDT,trend168,range,5169.0,-0.12385606425849228,-0.007232726862821092,-0.11662333739567073,0.032167370565010345
DOGEUSDT,trend168,transition,12252.833333333334,-0.07076246025259951,-0.06903911766129064,-0.001723342591301968,0.022288107172584056
DOGEUSDT,trend336,up_persistent,2430.0,3.038274634336445,2.8402231432285108,0.1980514911079243,0.011444014459943313
DOGEUSDT,trend336,down_persistent,2319.0,0.07532243392822523,0.0786910510337133,-0.0033686171054707436,0.010998276755480584
DOGEUSDT,trend336,panic_continuation,579.0,2.791825261790727,-0.11312789378953123,2.9049531555802677,0.01082073731801829
DOGEUSDT,trend336,rebound,1202.0,-1.2030734275844663,0.02333453958773292,-1.2264079671722246,0.010312394958262618
DOGEUSDT,trend336,range,5169.0,0.5029378443077197,0.38367079136391774,0.11926705294379368,0.016851013077197878
DOGEUSDT,trend336,transition,12252.833333333334,0.008831112171151113,0.015463386545205576,-0.006632274374052735,0.013308909040391522
DOGEUSDT,trend_ensemble,up_persistent,2430.0,2.860867492837548,2.860044322704618,0.000823170132929913,0.016642139891239412
DOGEUSDT,trend_ensemble,down_persistent,2319.0,-0.41949327854384466,-0.0059710481186439944,-0.41352223042520364,0.026265951926892756
DOGEUSDT,trend_ensemble,panic_continuation,579.0,3.9482639806127646,0.005867385495044179,3.942396595117727,0.015868667401022087
DOGEUSDT,trend_ensemble,rebound,1202.0,-1.0986335293815752,-0.05371388307558822,-1.0449196463060024,0.04753199637426937
DOGEUSDT,trend_ensemble,range,5169.0,0.06833856595366092,0.14854522727451153,-0.0802066613208556,0.039544009987230413
DOGEUSDT,trend_ensemble,transition,12252.833333333334,-0.022886741886723093,0.031063714237072177,-0.053950456123793206,0.02910744817019183
DOGEUSDT,breakout,up_persistent,2430.0,3.102335478362758,3.109461851796341,-0.00712637343358528,0.03402833517240398
DOGEUSDT,breakout,down_persistent,2319.0,0.024029778127403784,-0.019550465971986477,0.04358024409938424,0.04106354052631384
DOGEUSDT,breakout,panic_continuation,579.0,6.042424909876431,-0.007998249908846587,6.050423159785286,0.03618331399690124
DOGEUSDT,breakout,rebound,1202.0,-1.3609073965444383,-0.2787724260185858,-1.0821349705258603,0.07012310131400043
DOGEUSDT,breakout,range,5169.0,0.29320670931469367,0.17053514776536263,0.12267156154931788,0.06127706047682339
DOGEUSDT,breakout,transition,12252.833333333334,0.18077649397866336,0.17633113758639635,0.004445356392269071,0.04577058727012825
DOGEUSDT,range_only,up_persistent,2430.0,-1.9658990777162553,-0.010245869492911128,-1.9556532082233473,0.009366151907286915
DOGEUSDT,range_only,down_persistent,2319.0,0.3715663099425547,0.34763174765951615,0.023934562283045354,0.017770265531366014
DOGEUSDT,range_only,panic_continuation,579.0,-2.899045075117566,-2.9083563845075404,0.009311309389965737,0.014070132571782109
DOGEUSDT,range_only,rebound,1202.0,1.157159909077952,1.048786905810883,0.10837300326707566,0.04650739987921512
DOGEUSDT,range_only,range,5169.0,-0.22702167653843536,-0.07498843964707302,-0.1520332368913576,0.02716342671026869
DOGEUSDT,range_only,transition,12252.833333333334,-0.044703874574539726,-0.011823349127661264,-0.03288052544688064,0.02262354087678082
DOGEUSDT,down_rebound,up_persistent,2430.0,2.799552447362658,2.799552447362662,0.0,0.009119386233731035
DOGEUSDT,down_rebound,down_persistent,2319.0,-0.28172518100165106,0.10202971246427657,-0.3837548934659415,0.051304430102398164
DOGEUSDT,down_rebound,panic_continuation,579.0,4.556333279805243,0.03301240955918835,4.523320870246072,0.058848315748447066
DOGEUSDT,down_rebound,rebound,1202.0,0.3809845166736478,0.6235462752494995,-0.2425617585758553,0.19947575423924835
DOGEUSDT,down_rebound,range,5169.0,0.014736202626324257,0.005137579101267911,0.009598623525054596,0.05046669202756045
DOGEUSDT,down_rebound,transition,12252.833333333334,-0.19102237457738488,0.020265993181934866,-0.21128836775931614,0.04185647220366251
DOGEUSDT,selected_trend,up_persistent,2430.0,3.0707982117237838,3.060610970952195,0.01018724077158298,0.01952798898221588
DOGEUSDT,selected_trend,down_persistent,2319.0,-0.5834754931134579,-0.03871983805815975,-0.5447556550552939,0.027319289228462686
DOGEUSDT,selected_trend,panic_continuation,579.0,4.940646315983719,0.053182340214703444,4.887463975769032,0.025202875348341872
DOGEUSDT,selected_trend,rebound,1202.0,-0.9793667421778114,-0.25955849539835957,-0.7198082467794557,0.043259591297477834
DOGEUSDT,selected_trend,range,5169.0,-0.10092036808444209,0.012785755779458376,-0.11370612386390705,0.04112013777723525
DOGEUSDT,selected_trend,transition,12252.833333333334,-0.23500236432510413,-0.12823814136720957,-0.1067642229578952,0.03365181454602133
DOGEUSDT,selected_breakout,up_persistent,2430.0,2.761557899420252,2.7757238742220034,-0.014165974801759405,0.036006308174797275
DOGEUSDT,selected_breakout,down_persistent,2319.0,0.11953203494861493,-0.020245545469410462,0.13977758041802335,0.04396256470172217
DOGEUSDT,selected_breakout,panic_continuation,579.0,5.3917705676785666,-0.03183249045587259,5.423603058134444,0.039807673043960747
DOGEUSDT,selected_breakout,rebound,1202.0,-1.4737080208325959,-0.4159404514158213,-1.0577675694167736,0.07561101816236657
DOGEUSDT,selected_breakout,range,5169.0,0.6595792429156533,0.4964925718238669,0.1630866710917774,0.05563899428183876
DOGEUSDT,selected_breakout,transition,12252.833333333334,-0.0005864287292673728,0.000854976475263754,-0.0014414052045338339,0.04741339204674231
DOGEUSDT,regime_gate,up_persistent,2430.0,2.9801688234258292,2.9482718238925787,0.0318969995332532,0.022476804066362877
DOGEUSDT,regime_gate,down_persistent,2319.0,-0.29013959037221826,0.0008179914479755099,-0.29095758182020265,0.044856396034214804
DOGEUSDT,regime_gate,panic_continuation,579.0,4.599015322585431,0.023454151969395213,4.575561170616046,0.04680496739819368
DOGEUSDT,regime_gate,rebound,1202.0,0.043097797185269404,0.1381320095475439,-0.09503421236229266,0.1274001371147106
DOGEUSDT,regime_gate,range,5169.0,-0.10488225623713714,0.0015860981410049993,-0.1064683543781432,0.021384711120383974
DOGEUSDT,regime_gate,transition,12252.833333333334,-0.0640785437924721,0.0039256037408036785,-0.06800414753327291,0.028693696577949297
DOGEUSDT,gate_no_range,up_persistent,2430.0,2.9830833305586526,2.977226712163784,0.005856618394868069,0.020611285863881612
DOGEUSDT,gate_no_range,down_persistent,2319.0,-0.3485286782479126,-0.011985587195054732,-0.33654309105286695,0.041132713830082365
DOGEUSDT,gate_no_range,panic_continuation,579.0,4.6204501069388195,0.005451793894685451,4.614998313044147,0.043395397896752154
DOGEUSDT,gate_no_range,rebound,1202.0,-0.30027726701977003,-0.021578889960411893,-0.27869837705937656,0.130114822601357
DOGEUSDT,gate_no_range,range,5169.0,-0.0578689270513861,0.01962091134975658,-0.0774898384011457,0.021560984560411386
DOGEUSDT,gate_no_range,transition,12252.833333333334,-0.1368372104976626,-0.0657084791395443,-0.0711287313581148,0.028529844302530628
DOGEUSDT,adaptive14,up_persistent,2430.0,2.8281539549178136,2.806040012663137,0.02211394225467923,0.021994266811473474
DOGEUSDT,adaptive14,down_persistent,2319.0,-0.17812680516948512,0.005413502789223718,-0.1835403079587163,0.04049631371142383
DOGEUSDT,adaptive14,panic_continuation,579.0,4.197381191934115,0.04638603987524166,4.150995152058884,0.04011615135814623
DOGEUSDT,adaptive14,rebound,1202.0,-0.06813468781735046,0.01950750791626058,-0.08764219573362701,0.11748322932461994
DOGEUSDT,adaptive14,range,5169.0,-0.10856510802016128,-0.02035706738721474,-0.08820804063294774,0.01806353906095185
DOGEUSDT,adaptive14,transition,12252.833333333334,-0.07472270795423906,-0.005385889801663418,-0.0693368181525728,0.02604544169003077
DOGEUSDT,adaptive42,up_persistent,2430.0,3.0089586783313713,2.9901734253590293,0.0187852529723461,0.022871823729711374
DOGEUSDT,adaptive42,down_persistent,2319.0,-0.22237807189996986,0.027661939582803528,-0.25004001148278215,0.04152225541169812
DOGEUSDT,adaptive42,panic_continuation,579.0,4.211531243927054,0.0726182140730546,4.138913029854004,0.042573596302571966
DOGEUSDT,adaptive42,rebound,1202.0,-0.06716595000909413,0.022577222916066987,-0.08974317292517568,0.11678111743945414
DOGEUSDT,adaptive42,range,5169.0,-0.11063417653599858,-0.02264667992960409,-0.08798749660639557,0.01806214307020349
DOGEUSDT,adaptive42,transition,12252.833333333334,-0.07306443793454684,-0.009259726171594098,-0.06380471176294941,0.025463895142021593
DOGEUSDT,adaptive126,up_persistent,2430.0,2.941708503632261,2.931850038872136,0.00985846476012679,0.023223623134465157
DOGEUSDT,adaptive126,down_persistent,2319.0,-0.1798184360436703,0.036516326854247674,-0.2163347628979275,0.0414513381726843
DOGEUSDT,adaptive126,panic_continuation,579.0,4.42883123620431,0.08412019135962608,4.344711044844696,0.04440545816911231
DOGEUSDT,adaptive126,rebound,1202.0,0.042697633942440846,0.14226492834665228,-0.09956729440422346,0.11777863774274702
DOGEUSDT,adaptive126,range,5169.0,-0.1048615292889348,-0.030591317846873297,-0.0742702114420634,0.01844447336968928
DOGEUSDT,adaptive126,transition,12252.833333333334,-0.06707097839545693,-0.014023882854968285,-0.053047095540485666,0.025515346781928377
DOGEUSDT,filtered_moe,up_persistent,2430.0,2.33840026209361,2.33845062541191,-5.0363318300388344e-05,0.011345334607935603
DOGEUSDT,filtered_moe,down_persistent,2319.0,-0.5153902236213508,-0.0003690654200049341,-0.5150211582013502,0.018748180546222775
DOGEUSDT,filtered_moe,panic_continuation,579.0,4.443156349585392,0.001539498038674446,4.441616851546725,0.020385206640764868
DOGEUSDT,filtered_moe,rebound,1202.0,-0.7182168178949647,-0.019232651977173304,-0.6989841659177995,0.04294011114281404
DOGEUSDT,filtered_moe,range,5169.0,0.03257155818592005,0.08336678675585704,-0.050795228569942535,0.013751991279657455
DOGEUSDT,filtered_moe,transition,12252.833333333334,-0.05887098757786084,-0.023721650513790465,-0.03514933706406816,0.014520793226069563
DOGEUSDT,kalman,up_persistent,2430.0,3.333663451942216,3.280144204984104,0.0535192469581122,0.03832184840148208
DOGEUSDT,kalman,down_persistent,2319.0,-0.5585963851341414,-0.1247154342405725,-0.43388095089357853,0.0524198852476728
DOGEUSDT,kalman,panic_continuation,579.0,5.855147311469036,-0.020157514750839486,5.875304826219885,0.02859369982785534
DOGEUSDT,kalman,rebound,1202.0,-1.9961926160595598,-0.5311357859450127,-1.465056830114554,0.13256923794183662
DOGEUSDT,kalman,range,5169.0,0.7169077385008822,0.454428002721226,0.2624797357796502,0.08931555809681906
DOGEUSDT,kalman,transition,12252.833333333334,0.25799580235649355,0.15739172502680104,0.10060407732969628,0.07479069413294917
DOGEUSDT,trend_ensemble_long,up_persistent,2430.0,2.8938320438669995,2.8938320438669978,0.0,0.016637700053350964
DOGEUSDT,trend_ensemble_long,down_persistent,2319.0,0.023627667464386676,0.023627667464387322,0.0,0.0006589165422250161
DOGEUSDT,trend_ensemble_long,panic_continuation,579.0,-0.006764400371744716,-0.00676440037174547,0.0,0.0006018035750448205
DOGEUSDT,trend_ensemble_long,rebound,1202.0,-0.024073721178378315,-0.024073721178379748,0.0,0.00510030482592908
DOGEUSDT,trend_ensemble_long,range,5169.0,0.16025888852024409,0.16025888852024436,0.0,0.014672389097748812
DOGEUSDT,trend_ensemble_long,transition,12252.833333333334,0.037724679085235996,0.0377246790852379,0.0,0.014361514273524601
DOGEUSDT,regime_gate_long,up_persistent,2430.0,3.022810821383506,3.022810821383506,0.0,0.02276119719982449
DOGEUSDT,regime_gate_long,down_persistent,2319.0,-0.020459079484139792,-0.020459079484139518,0.0,0.0006813616189999679
DOGEUSDT,regime_gate_long,panic_continuation,579.0,-0.03444420578839672,-0.03444420578839828,0.0,0.0004043392566992618
DOGEUSDT,regime_gate_long,rebound,1202.0,-0.009265730796549342,-0.00926573079655295,0.0,0.03369058419866376
DOGEUSDT,regime_gate_long,range,5169.0,0.0024019981829758123,0.002401998182977633,0.0,0.009452690348265264
DOGEUSDT,regime_gate_long,transition,12252.833333333334,-0.04635659895677816,-0.04635659895677554,0.0,0.01377696104977425
DOGEUSDT,expanding_tree,up_persistent,2430.0,3.0357067106506483,3.079738070312333,-0.04403135966168211,0.035961503359797066
DOGEUSDT,expanding_tree,down_persistent,2319.0,0.26968903231865904,0.1393364812063794,0.13035255111227997,0.028940644446628444
DOGEUSDT,expanding_tree,panic_continuation,579.0,1.4566953813074723,-0.11344955919090434,1.5701449404983587,0.05481365585150329
DOGEUSDT,expanding_tree,rebound,1202.0,0.47246036829710486,0.5211865285895909,-0.04872616029247589,0.029875361822332965
DOGEUSDT,expanding_tree,range,5169.0,-0.029053917170244054,0.04184352323905149,-0.07089744040929508,0.02357243845695598
DOGEUSDT,expanding_tree,transition,12252.833333333334,-0.06898756834173882,0.0025285755851736824,-0.07151614392691102,0.02459990388181257
DOGEUSDT,rolling_tree,up_persistent,2430.0,0.6411616239403914,1.4328690038714027,-0.7917073799310209,0.03541078300208193
DOGEUSDT,rolling_tree,down_persistent,2319.0,0.38858101263092093,0.3325087647696226,0.05607224786128489,0.038257196302278355
DOGEUSDT,rolling_tree,panic_continuation,579.0,-1.095359317794992,-1.4391064217947116,0.34374710399968694,0.06052877893720518
DOGEUSDT,rolling_tree,rebound,1202.0,0.8788939003400595,0.8939770232014804,-0.015083122861420889,0.03990450705419048
DOGEUSDT,rolling_tree,range,5169.0,0.17548965330518357,0.11432126773882163,0.0611683855663672,0.03986124885249191
DOGEUSDT,rolling_tree,transition,12252.833333333334,-0.05073154405365409,0.011536770336950778,-0.06226831439059847,0.034744067621821896
DOGEUSDT,action_tcn,up_persistent,2430.0,2.3462931509679907,2.5440377674567287,-0.1977446164887394,0.030010006585331605
DOGEUSDT,action_tcn,down_persistent,2319.0,-0.14663799760374532,-0.0034669580823210185,-0.14317103952142016,0.0590835344642489
DOGEUSDT,action_tcn,panic_continuation,579.0,-0.7600736701848632,-1.9014558623601583,1.1413821921753193,0.0652730924248216
DOGEUSDT,action_tcn,rebound,1202.0,0.08228360240145395,0.08248020525990882,-0.0001966028584387968,0.06211365224465493
DOGEUSDT,action_tcn,range,5169.0,0.4424474633292866,0.2609896632131883,0.18145780011609722,0.05718335315122456
DOGEUSDT,action_tcn,transition,12252.833333333334,-0.3229600733589294,-0.1939760554914648,-0.12898401786746488,0.04880774401279576
DOGEUSDT,vol_long,up_persistent,2430.0,2.7885070426572556,2.788507042657257,0.0,0.0015950350080726934
DOGEUSDT,vol_long,down_persistent,2319.0,0.15816733223000598,0.15816733223000967,0.0,0.0005351965999365577
DOGEUSDT,vol_long,panic_continuation,579.0,-4.590620806772647,-4.590620806772669,0.0,0.0019389907454077902
DOGEUSDT,vol_long,rebound,1202.0,1.0551270719982506,1.05512707199826,0.0,0.0007493381593779662
DOGEUSDT,vol_long,range,5169.0,0.0036839961633720456,0.003683996163394813,0.0,0.00035906132070227646
DOGEUSDT,vol_long,transition,12252.833333333334,0.023870278451214817,0.023870278451217145,0.0,0.000618995941561075
DOGEUSDT,hold,up_persistent,2430.0,5.436151691843906,5.436151691843901,0.0,0.0
DOGEUSDT,hold,down_persistent,2319.0,0.4211571159151019,0.42115711591510346,0.0,0.0
DOGEUSDT,hold,panic_continuation,579.0,-5.198425064899078,-5.1984250648990935,0.0,0.0
DOGEUSDT,hold,rebound,1202.0,2.615238571619572,2.615238571619611,0.0,0.0
DOGEUSDT,hold,range,5169.0,-0.48140365936481344,-0.48140365936478346,0.0,0.0
DOGEUSDT,hold,transition,12252.833333333334,0.2833120716262163,0.2833120716262198,0.0,0.00032637131950530556
ETHUSDT,trend24,up_persistent,3016.0,1.2913198240727954,1.3385168263654252,-0.04719700229262308,0.06232636144818236
ETHUSDT,trend24,down_persistent,1873.0,1.0957008253734786,-0.05631333675041095,1.1520141621238953,0.07202743182486679
ETHUSDT,trend24,panic_continuation,762.0,1.2057317133202314,-0.07716519070474526,1.2828969040249703,0.037784583158704116
ETHUSDT,trend24,rebound,1157.0,-0.9942263545545833,-0.536680657841034,-0.4575456967135485,0.13595593978629203
ETHUSDT,trend24,range,4714.0,-0.10079770193123833,-0.09506205225273638,-0.005735649678496176,0.10636143930545608
ETHUSDT,trend24,transition,12429.833333333334,0.03493434421923327,0.08159449502700694,-0.04666015080777281,0.09747599236862119
ETHUSDT,trend72,up_persistent,3016.0,1.1996422147593593,1.184783338393925,0.014858876365449993,0.022099580379655176
ETHUSDT,trend72,down_persistent,1873.0,1.5294538195647625,-0.031062595780798945,1.5605164153455664,0.03576115152209974
ETHUSDT,trend72,panic_continuation,762.0,1.1907501733949735,-0.04957896903309011,1.2403291424280616,0.021617143734871308
ETHUSDT,trend72,rebound,1157.0,0.5473877183589175,0.10078393491490455,0.4466037834440145,0.062113925029652385
ETHUSDT,trend72,range,4714.0,-0.21692379078848822,-0.061268549427233435,-0.15565524136125647,0.07149852192499412
ETHUSDT,trend72,transition,12429.833333333334,0.014828950113612707,0.134503583686064,-0.11967463357244405,0.04739137133530075
ETHUSDT,trend168,up_persistent,3016.0,1.3962435222810359,1.3494370992828746,0.04680642299817639,0.011470787273144512
ETHUSDT,trend168,down_persistent,1873.0,1.42310013589586,0.0005851884767685511,1.4225149474191046,0.014334493780745318
ETHUSDT,trend168,panic_continuation,762.0,1.1819702075223721,0.037445768078130645,1.1445244394442347,0.01476721484560291
ETHUSDT,trend168,rebound,1157.0,-0.5898993222101852,-0.1888526632377251,-0.4010466589724645,0.021302314300782693
ETHUSDT,trend168,range,4714.0,-0.562074696958227,-0.2471101863207533,-0.31496451063748154,0.041426343606323135
ETHUSDT,trend168,transition,12429.833333333334,0.391919595066748,0.3216866497426559,0.07023294532408446,0.03098082778637346
ETHUSDT,trend336,up_persistent,3016.0,1.579207276463859,1.4062859024393504,0.172921374024523,0.011517506852318086
ETHUSDT,trend336,down_persistent,1873.0,1.6061564043209162,0.07380342701315278,1.532352977307772,0.020777859479890103
ETHUSDT,trend336,panic_continuation,762.0,0.08045127211215547,0.06018031043220406,0.020270961679961386,0.01781563506008585
ETHUSDT,trend336,rebound,1157.0,-0.638997972284757,-0.20551458213582474,-0.43348339014897547,0.023261446963422017
ETHUSDT,trend336,range,4714.0,-0.3618175817562278,-0.12209573685732643,-0.23972184489891735,0.01955290347403629
ETHUSDT,trend336,transition,12429.833333333334,0.46604388140174036,0.42848630104019964,0.03755758036152921,0.01739546767695162
ETHUSDT,trend_ensemble,up_persistent,3016.0,1.2027524293385479,1.1898038554519075,0.01294857388665166,0.023784378852676865
ETHUSDT,trend_ensemble,down_persistent,1873.0,1.1855705450000549,-0.04234442448166292,1.227914969481726,0.03380674617816568
ETHUSDT,trend_ensemble,panic_continuation,762.0,0.7578439480100607,-0.0024043108512912773,0.7602482588613537,0.02005313578668819
ETHUSDT,trend_ensemble,rebound,1157.0,-0.4714928030504741,-0.1273573636084592,-0.3441354394420204,0.06911304927918288
ETHUSDT,trend_ensemble,range,4714.0,-0.27969840907599147,-0.10680255517061168,-0.17289585390538192,0.053012591976142824
ETHUSDT,trend_ensemble,transition,12429.833333333334,0.15317084779109086,0.18928769521610642,-0.03611684742501474,0.0428781451573045
ETHUSDT,breakout,up_persistent,3016.0,1.4236273470208678,1.4185234832661133,0.0051038637547714105,0.04613169463714119
ETHUSDT,breakout,down_persistent,1873.0,1.7608997485708562,-0.09296616555315959,1.8538659141240297,0.05163982868514195
ETHUSDT,breakout,panic_continuation,762.0,1.3465971222108772,0.00610146322776126,1.3404956589830954,0.046486012004959554
ETHUSDT,breakout,rebound,1157.0,-0.59687974435377,-0.255885998022169,-0.3409937463315836,0.10049936615902128
ETHUSDT,breakout,range,4714.0,-0.05111181027808791,-0.043327675964631204,-0.0077841343134547585,0.08136914422611925
ETHUSDT,breakout,transition,12429.833333333334,0.3655364360223005,0.33962745247823445,0.025908983544065983,0.06499607593084542
ETHUSDT,range_only,up_persistent,3016.0,-1.0192000898878757,0.0017387264809575927,-1.0209388163688402,0.01753127578913329
ETHUSDT,range_only,down_persistent,1873.0,-1.1609081405598007,-1.2314302743991716,0.07052213383936579,0.022815754752570215
ETHUSDT,range_only,panic_continuation,762.0,-0.6079487011909381,-0.6012547090062441,-0.006693992184684771,0.013734688563725223
ETHUSDT,range_only,rebound,1157.0,0.5343860732369697,0.3558738727412638,0.17851220049570538,0.06232401824836135
ETHUSDT,range_only,range,4714.0,0.023382840684563474,-0.045795826860849924,0.06917866754541377,0.03883395048318724
ETHUSDT,range_only,transition,12429.833333333334,-0.1643864872782047,-0.04744878009666655,-0.11693770718153755,0.033185000113266756
ETHUSDT,down_rebound,up_persistent,3016.0,1.3229688513579732,1.3109861537607659,0.011982697597226217,0.011448604955262762
ETHUSDT,down_rebound,down_persistent,1873.0,1.469343842948694,0.02544982461057841,1.4438940183381246,0.06674213599319158
ETHUSDT,down_rebound,panic_continuation,762.0,2.1171721821505898,0.43943812696714774,1.677734055183436,0.06073394578053057
ETHUSDT,down_rebound,rebound,1157.0,0.569215134769213,0.11686704982493223,0.4523480849443365,0.26650181704550074
ETHUSDT,down_rebound,range,4714.0,-0.26699672469764346,-0.11967356126727853,-0.14732316343037322,0.06234886218957575
ETHUSDT,down_rebound,transition,12429.833333333334,0.2039910615922442,0.27161770874237257,-0.06762664715012653,0.057068796070913634
ETHUSDT,selected_trend,up_persistent,3016.0,1.261662140035194,1.2586136412915294,0.0030484987436812556,0.0204926448729797
ETHUSDT,selected_trend,down_persistent,1873.0,1.2472778515734264,-0.22692006122957833,1.4741979128030067,0.03465481956346684
ETHUSDT,selected_trend,panic_continuation,762.0,0.6665412212805061,-0.11854040178664942,0.7850816230671535,0.02881057233479233
ETHUSDT,selected_trend,rebound,1157.0,-0.5959814450722148,-0.27301036780178567,-0.32297107727044067,0.05497054223060423
ETHUSDT,selected_trend,range,4714.0,-0.359872543830054,-0.13243538990099185,-0.22743715392906153,0.05521548340205814
ETHUSDT,selected_trend,transition,12429.833333333334,0.1229950120790825,0.19350911728042072,-0.07051410520134392,0.03883623217406767
ETHUSDT,selected_breakout,up_persistent,3016.0,1.2919501342671784,1.3107986216461784,-0.018848487378980087,0.0437063699248525
ETHUSDT,selected_breakout,down_persistent,1873.0,1.5709060661202783,-0.0808983765657865,1.651804442686075,0.046824364755497366
ETHUSDT,selected_breakout,panic_continuation,762.0,1.554943625284516,-0.06934623029769356,1.6242898555821867,0.04671678057014939
ETHUSDT,selected_breakout,rebound,1157.0,-0.3020098139160894,0.1812435637187051,-0.4832533776347702,0.08833535873075307
ETHUSDT,selected_breakout,range,4714.0,-0.23307535340947666,-0.1293011420011687,-0.10377421140831339,0.07119478059908521
ETHUSDT,selected_breakout,transition,12429.833333333334,0.18820927443708577,0.22492548683617974,-0.03671621239909729,0.056285713241668894
ETHUSDT,regime_gate,up_persistent,3016.0,1.1713066941704495,1.1672314578414715,0.004075236328986732,0.03139085210281806
ETHUSDT,regime_gate,down_persistent,1873.0,1.4260247252501754,-0.029415036034702188,1.4554397612848844,0.05696325095611862
ETHUSDT,regime_gate,panic_continuation,762.0,1.6514420856831364,0.11583974639765686,1.53560233928547,0.060421331953501224
ETHUSDT,regime_gate,rebound,1157.0,-0.09983120293054559,-0.2332590431110517,0.1334278401805359,0.1783739521965528
ETHUSDT,regime_gate,range,4714.0,-0.08474651011770427,-0.019413735996443512,-0.0653327741212655,0.028823434570956874
ETHUSDT,regime_gate,transition,12429.833333333334,0.09644206774450473,0.186256081175888,-0.08981401343138236,0.04125038688396094
ETHUSDT,gate_no_range,up_persistent,3016.0,1.2142705592247092,1.2134709378810038,0.0007996213437144196,0.027750283285809692
ETHUSDT,gate_no_range,down_persistent,1873.0,1.4116865406958536,-0.042122447059012365,1.4538089877548734,0.05286663396438644
ETHUSDT,gate_no_range,panic_continuation,762.0,1.5284675483745904,0.015183570313398372,1.5132839780611842,0.05442081461083906
ETHUSDT,gate_no_range,rebound,1157.0,-0.2574267826659249,-0.35224651702749826,0.0948197343616001,0.1776487359408142
ETHUSDT,gate_no_range,range,4714.0,-0.04949007225276436,0.008147571053037867,-0.05763764330580539,0.027655349774683063
ETHUSDT,gate_no_range,transition,12429.833333333334,0.11748890835873711,0.21628001826223994,-0.09879110990350233,0.04117067372050511
ETHUSDT,adaptive14,up_persistent,3016.0,1.1913302738530576,1.1927900180500899,-0.0014597441970247676,0.02574204339802556
ETHUSDT,adaptive14,down_persistent,1873.0,1.3653742788180212,0.020490359112374543,1.344883919705654,0.053444066287616485
ETHUSDT,adaptive14,panic_continuation,762.0,1.4228830041255174,0.05372743569038578,1.369155568435128,0.05104387805555604
ETHUSDT,adaptive14,rebound,1157.0,-0.14533580235200314,-0.2491834516853876,0.10384764933341326,0.16626868495834293
ETHUSDT,adaptive14,range,4714.0,-0.11362243171368605,-0.03168549039248112,-0.0819369413212091,0.02549960776209114
ETHUSDT,adaptive14,transition,12429.833333333334,0.10543832831969085,0.22651983403355563,-0.12108150571386284,0.0383675510913302
ETHUSDT,adaptive42,up_persistent,3016.0,1.2187603755781535,1.2206551277343685,-0.001894752156205564,0.02639584373084792
ETHUSDT,adaptive42,down_persistent,1873.0,1.3206996963458355,-0.005163431309244989,1.3258631276550892,0.05444553638314106
ETHUSDT,adaptive42,panic_continuation,762.0,1.148796206232584,0.07421759915093244,1.0745786070816477,0.05409571832968485
ETHUSDT,adaptive42,rebound,1157.0,-0.2047544502711998,-0.27404963035470126,0.06929518008353325,0.16514184645794214
ETHUSDT,adaptive42,range,4714.0,-0.0795321801021773,-0.0071627162629490145,-0.07236946383923304,0.02554808055447537
ETHUSDT,adaptive42,transition,12429.833333333334,0.09161261513629358,0.20504228875230737,-0.11342967361601262,0.03789483297297193
ETHUSDT,adaptive126,up_persistent,3016.0,1.1794692487204272,1.1800628647700457,-0.0005936160496093175,0.02786029915138863
ETHUSDT,adaptive126,down_persistent,1873.0,1.2809464590065405,0.00041120040280263176,1.2805352586037473,0.05391784767000642
ETHUSDT,adaptive126,panic_continuation,762.0,1.4172624801909122,0.08849348478360256,1.3287689954073028,0.0549333903595895
ETHUSDT,adaptive126,rebound,1157.0,-0.13329568818020573,-0.20235614334422788,0.06906045516405428,0.1645180625085057
ETHUSDT,adaptive126,range,4714.0,-0.10083330628796054,-0.013144462741589834,-0.08768884354637582,0.025686492400670047
ETHUSDT,adaptive126,transition,12429.833333333334,0.07372105401851896,0.18602518926541917,-0.11230413524689974,0.0379571266964669
ETHUSDT,filtered_moe,up_persistent,3016.0,0.8663001653536637,0.8615892738409879,0.00471089151268525,0.015330993265222779
ETHUSDT,filtered_moe,down_persistent,1873.0,0.9301123153207076,0.0010051634511478596,0.9291071518695743,0.02616607901493579
ETHUSDT,filtered_moe,panic_continuation,762.0,1.2407632252522531,0.00036233075401908584,1.2404008944982212,0.02769227905450146
ETHUSDT,filtered_moe,rebound,1157.0,-0.05818328487037999,-0.07813951403901225,0.01995622916863596,0.06778249405466376
ETHUSDT,filtered_moe,range,4714.0,-0.1547194444796288,-0.04470232515160234,-0.11001711932802948,0.0197202867838179
ETHUSDT,filtered_moe,transition,12429.833333333334,0.10653486120782493,0.11916873985916973,-0.012633878651343619,0.0228430953641493
ETHUSDT,kalman,up_persistent,3016.0,1.5626338686794787,1.5848116292234466,-0.022177760543954424,0.05373862021208273
ETHUSDT,kalman,down_persistent,1873.0,1.5089714224701776,-0.18637299370901786,1.695344416179208,0.06613088148623852
ETHUSDT,kalman,panic_continuation,762.0,0.9541537116299219,0.01815822105646377,0.9359954905734458,0.0309861379731224
ETHUSDT,kalman,rebound,1157.0,-1.3128705855694218,-0.8766683577261634,-0.436202227843254,0.16236445989021753
ETHUSDT,kalman,range,4714.0,0.03950638688759914,-0.11218701342235789,0.15169340030995782,0.11946943821839191
ETHUSDT,kalman,transition,12429.833333333334,0.24919404877075063,0.20988961533114875,0.03930443343960058,0.10652329367918784
ETHUSDT,trend_ensemble_long,up_persistent,3016.0,1.212497526028427,1.2124975260284383,0.0,0.023619358249519416
ETHUSDT,trend_ensemble_long,down_persistent,1873.0,-0.04387748583582313,-0.04387748583582358,0.0,0.0009744004874564161
ETHUSDT,trend_ensemble_long,panic_continuation,762.0,-0.025590964600878174,-0.025590964600877508,0.0,0.0
ETHUSDT,trend_ensemble_long,rebound,1157.0,-0.07416613341459037,-0.07416613341459094,0.0,0.0076451392226217964
ETHUSDT,trend_ensemble_long,range,4714.0,-0.0595524326133315,-0.05955243261332762,0.0,0.02225379738101784
ETHUSDT,trend_ensemble_long,transition,12429.833333333334,0.1757226348914469,0.17572263489144951,0.0,0.023610531844339602
ETHUSDT,regime_gate_long,up_persistent,3016.0,1.1851566852305173,1.1851566852305264,0.0,0.03136127449893379
ETHUSDT,regime_gate_long,down_persistent,1873.0,-0.026170135820823864,-0.02617013582082441,0.0,0.0017304950257727965
ETHUSDT,regime_gate_long,panic_continuation,762.0,0.12224055725464886,0.12224055725464783,0.0,0.002215487520786155
ETHUSDT,regime_gate_long,rebound,1157.0,-0.2723551375968475,-0.2723551375968364,0.0,0.053444830596509084
ETHUSDT,regime_gate_long,range,4714.0,-0.002720403391176124,-0.0027204033911745933,0.0,0.013436772153317074
ETHUSDT,regime_gate_long,transition,12429.833333333334,0.18800804412691943,0.18800804412692254,0.0,0.02266447039578729
ETHUSDT,expanding_tree,up_persistent,3016.0,0.7270366853689267,0.8115113424730789,-0.08447465710415812,0.06290177238386958
ETHUSDT,expanding_tree,down_persistent,1873.0,-0.3647909130574842,-0.4395092524468148,0.07471833938933864,0.03238479118156302
ETHUSDT,expanding_tree,panic_continuation,762.0,0.6947712922401601,0.11868820318444886,0.5760830890556992,0.05919576645224606
ETHUSDT,expanding_tree,rebound,1157.0,0.10318688315568281,0.09348852429981713,0.009698358855845624,0.03377729535472352
ETHUSDT,expanding_tree,range,4714.0,0.007010729321539451,0.033205935262513434,-0.026195205940959757,0.025008815463424802
ETHUSDT,expanding_tree,transition,12429.833333333334,0.2500034455586377,0.26148855308524954,-0.011485107526600702,0.03501312851553528
ETHUSDT,rolling_tree,up_persistent,3016.0,-0.2627493083436309,0.22315172491493296,-0.4859010332585861,0.06291374241847436
ETHUSDT,rolling_tree,down_persistent,1873.0,-1.1783942408681989,-1.2742870974459,0.0958928565777125,0.045863380970069104
ETHUSDT,rolling_tree,panic_continuation,762.0,0.030108459584525165,-0.26469563297113463,0.2948040925556638,0.06647799856296673
ETHUSDT,rolling_tree,rebound,1157.0,0.48909249934051763,0.09910444793468895,0.3899880514058218,0.055123420500292536
ETHUSDT,rolling_tree,range,4714.0,-0.19321728831225077,-0.17964217622082398,-0.013575112091410007,0.043005856278325594
ETHUSDT,rolling_tree,transition,12429.833333333334,0.023516365937299808,0.1510866050386426,-0.1275702391013392,0.047446151080733884
ETHUSDT,action_tcn,up_persistent,3016.0,1.025565537759979,1.0259739679964814,-0.00040843023650362034,0.044530520541689635
ETHUSDT,action_tcn,down_persistent,1873.0,-0.685774712217943,-1.0147792864608927,0.32900457424295326,0.07884061670477792
ETHUSDT,action_tcn,panic_continuation,762.0,-0.4130304405939334,-0.5027213626769934,0.0896909220830794,0.07972676498819481
ETHUSDT,action_tcn,rebound,1157.0,0.06080121874911892,-0.3098960529662755,0.3706972717154095,0.06638052763360014
ETHUSDT,action_tcn,range,4714.0,-0.34307403954531346,-0.1886021989565859,-0.15447184058872923,0.07485590000763788
ETHUSDT,action_tcn,transition,12429.833333333334,0.18950581261334093,0.186979827231795,0.0025259853815397574,0.06356996878429239
ETHUSDT,vol_long,up_persistent,3016.0,1.4697477456904364,1.4697477456904624,0.0,0.0011176595880267183
ETHUSDT,vol_long,down_persistent,1873.0,-1.6113750756165544,-1.6113750756165675,0.0,0.00013862244354805468
ETHUSDT,vol_long,panic_continuation,762.0,-0.6874508056714331,-0.6874508056714325,0.0,0.002824517669351292
ETHUSDT,vol_long,rebound,1157.0,-0.24455232938912427,-0.24455232938915372,0.0,0.000986063378380988
ETHUSDT,vol_long,range,4714.0,0.2692987773604092,0.2692987773604463,0.0,0.0005377652550214724
ETHUSDT,vol_long,transition,12429.833333333334,0.33442744084568515,0.3344274408456918,0.0,0.0007554024886737635
ETHUSDT,hold,up_persistent,3016.0,1.6170208595795772,1.6170208595796163,0.0,0.0
ETHUSDT,hold,down_persistent,1873.0,-1.2638919356660963,-1.2638919356661014,0.0,0.0
ETHUSDT,hold,panic_continuation,762.0,-0.3642306295847939,-0.3642306295847872,0.0,0.0
ETHUSDT,hold,rebound,1157.0,-0.45767093870028225,-0.45767093870030756,0.0,0.0
ETHUSDT,hold,range,4714.0,0.3876802191830744,0.3876802191831308,0.0,0.0
ETHUSDT,hold,transition,12429.833333333334,0.3355131292056326,0.33551312920564086,0.0,0.00032159948919752043
LINKUSDT,trend24,up_persistent,2805.0,0.5280491997816803,0.48903129105879806,0.03901790872287187,0.05085125194609688
LINKUSDT,trend24,down_persistent,2431.0,0.43984294245136013,-0.03100253132037153,0.470845473771714,0.051870294820631165
LINKUSDT,trend24,panic_continuation,546.0,0.14893487675675815,-0.06787621079994019,0.21681108755672512,0.0369083628522349
LINKUSDT,trend24,rebound,1203.0,-1.744906498463107,-0.02924898150711358,-1.7156575169560002,0.11317814707085869
LINKUSDT,trend24,range,4578.0,0.12215855039216604,0.16113547449160368,-0.03897692409944439,0.08042034549761305
LINKUSDT,trend24,transition,12388.833333333334,-0.02676913291816894,0.050239066325642096,-0.07700819924381345,0.07628039529494814
LINKUSDT,trend72,up_persistent,2805.0,0.580162663499521,0.5815723793976687,-0.0014097158981506831,0.01970891250484809
LINKUSDT,trend72,down_persistent,2431.0,0.15514631610989874,0.03878090518356083,0.11636541092632503,0.02802850987405876
LINKUSDT,trend72,panic_continuation,546.0,-0.05682429338288477,-0.08851279888886031,0.03168850550597987,0.02386096848510678
LINKUSDT,trend72,rebound,1203.0,-0.9381860911909256,0.24613847617095763,-1.1843245673618963,0.046231266926897774
LINKUSDT,trend72,range,4578.0,-0.19924899449921155,-0.02100734026044815,-0.17824165423876387,0.05982917360166201
LINKUSDT,trend72,transition,12388.833333333334,-0.2591753609819616,-0.12614017544320016,-0.13303518553875895,0.035112633755025935
LINKUSDT,trend168,up_persistent,2805.0,0.6458309072955883,0.6462705910666809,-0.000439683771095138,0.00893382663031031
LINKUSDT,trend168,down_persistent,2431.0,0.3512829163218364,-0.0002915454296731144,0.3515744617515038,0.011397224550139416
LINKUSDT,trend168,panic_continuation,546.0,0.18795565688172133,0.0030746808613236675,0.18488097602040673,0.0124340186732011
LINKUSDT,trend168,rebound,1203.0,-1.8321878094974233,0.007166565258987661,-1.8393543747564425,0.01525250925451889
LINKUSDT,trend168,range,4578.0,0.3476138130604981,0.18614728386096266,0.16146652919953094,0.032199356620705014
LINKUSDT,trend168,transition,12388.833333333334,0.15791952006934773,0.09681486124715213,0.06110465882219365,0.02256589251172649
LINKUSDT,trend336,up_persistent,2805.0,0.6262091430811602,0.5608638972222356,0.06534524585891688,0.014197006727614784
LINKUSDT,trend336,down_persistent,2431.0,0.1608150196380673,0.0021590124722773237,0.15865600716579736,0.015630191394495677
LINKUSDT,trend336,panic_continuation,546.0,0.9483443637596084,0.7353483815219579,0.2129959822376551,0.013586788045110638
LINKUSDT,trend336,rebound,1203.0,-2.7502459027005455,-0.22676143376148902,-2.5234844689390497,0.014676091769157563
LINKUSDT,trend336,range,4578.0,0.28356360620490917,0.20124391667219915,0.08231968953271504,0.015342679955613697
LINKUSDT,trend336,transition,12388.833333333334,0.20228936706642758,0.04285672670894432,0.15943264035748753,0.013838415747195939
LINKUSDT,trend_ensemble,up_persistent,2805.0,0.6442162494283171,0.6482274199758802,-0.0040111705475683575,0.02000348512414784
LINKUSDT,trend_ensemble,down_persistent,2431.0,-0.011406707239809336,-0.03550009083357633,0.024093383593758736,0.026013396866656747
LINKUSDT,trend_ensemble,panic_continuation,546.0,0.4175964673399257,-0.04322888920387535,0.46082535654380874,0.019323034486370978
LINKUSDT,trend_ensemble,rebound,1203.0,-1.5988245686979787,-0.23978978251132957,-1.3590347861866652,0.05527378422945678
LINKUSDT,trend_ensemble,range,4578.0,0.17309672853313737,0.18223866057872795,-0.009141932045594537,0.039826314867630476
LINKUSDT,trend_ensemble,transition,12388.833333333334,-0.13213633033840053,-0.010110374697669433,-0.12202595564073071,0.03314534432775442
LINKUSDT,breakout,up_persistent,2805.0,0.6903818086817749,0.7036716185815283,-0.013289809899753409,0.037011996889584
LINKUSDT,breakout,down_persistent,2431.0,0.3832442704150197,-0.054830779808750396,0.4380750502237569,0.035930550105695375
LINKUSDT,breakout,panic_continuation,546.0,0.731754246610078,-0.03266957996674777,0.7644238265768554,0.04247632135976613
LINKUSDT,breakout,rebound,1203.0,-1.225623573441748,-0.03992755658850372,-1.185696016853254,0.08090153995126907
LINKUSDT,breakout,range,4578.0,0.1970956546272069,0.04988342714614642,0.14721222748105361,0.059320136066466606
LINKUSDT,breakout,transition,12388.833333333334,0.1489479154731534,0.09346396828840724,0.0554839471847469,0.05134526165170919
LINKUSDT,range_only,up_persistent,2805.0,-0.5177411409582423,-0.004465063659899865,-0.5132760772983395,0.013807849262385104
LINKUSDT,range_only,down_persistent,2431.0,-0.03333703362578058,-0.10058577358428071,0.06724873995850787,0.016346467186922897
LINKUSDT,range_only,panic_continuation,546.0,0.05306645368456005,0.030281509448644616,0.022784944235904256,0.014664556908751378
LINKUSDT,range_only,rebound,1203.0,0.8252544346954174,0.754186148831475,0.07106828586395647,0.0488419788719285
LINKUSDT,range_only,range,4578.0,-0.205272461151291,-0.06492343663835609,-0.14034902451293282,0.028475828752209418
LINKUSDT,range_only,transition,12388.833333333334,0.011717997509942533,0.040747331409597874,-0.029029333899657096,0.02570303928712276
LINKUSDT,down_rebound,up_persistent,2805.0,0.5629810344306301,0.5807946370359807,-0.017813602605351756,0.010688405109625276
LINKUSDT,down_rebound,down_persistent,2431.0,0.17007241718785943,0.0009546607317289127,0.16911775645611532,0.04695393837915415
LINKUSDT,down_rebound,panic_continuation,546.0,1.3193007363305982,0.3811487761196998,0.9381519602109191,0.06144950341646507
LINKUSDT,down_rebound,rebound,1203.0,-0.5881066583637427,0.3023200460891459,-0.8904267044528669,0.21486331789740837
LINKUSDT,down_rebound,range,4578.0,0.30525970397869795,0.053202228412046325,0.2520574755666433,0.048148983994664364
LINKUSDT,down_rebound,transition,12388.833333333334,0.030265543638046954,0.03597905727389854,-0.00571351363584688,0.042556716617352094
LINKUSDT,selected_trend,up_persistent,2805.0,0.6363749270313815,0.6357422709099043,0.0006326561214734312,0.01700821135750536
LINKUSDT,selected_trend,down_persistent,2431.0,0.09593038183765475,-0.05509294379632773,0.15102332563397683,0.021431417296716465
LINKUSDT,selected_trend,panic_continuation,546.0,0.6972593400016286,0.0041016697205031915,0.6931576702811328,0.018192129360762182
LINKUSDT,selected_trend,rebound,1203.0,-1.2326224111553947,0.05406998893133872,-1.28669240008675,0.04355339788032435
LINKUSDT,selected_trend,range,4578.0,-0.08051339397201318,-0.024656259907608294,-0.05585713406440699,0.03931154857133383
LINKUSDT,selected_trend,transition,12388.833333333334,0.07134961131250112,0.04458512924530917,0.02676448206719358,0.02923424873944688
LINKUSDT,selected_breakout,up_persistent,2805.0,0.43439087186143466,0.4848265002058128,-0.05043562834438167,0.032826445065718524
LINKUSDT,selected_breakout,down_persistent,2431.0,0.2141766596765511,-0.05869077496166815,0.2728674346382124,0.027687669808249684
LINKUSDT,selected_breakout,panic_continuation,546.0,1.2272466155222617,-0.008149146039055796,1.2353957615613345,0.02905408985989571
LINKUSDT,selected_breakout,rebound,1203.0,-1.5061116725008528,0.100447816980176,-1.6065594894810487,0.066183858504297
LINKUSDT,selected_breakout,range,4578.0,-0.0948172673160341,0.026859641533080295,-0.12167690884912502,0.04285438283164506
LINKUSDT,selected_breakout,transition,12388.833333333334,0.2823360860616133,0.041437554009978575,0.2408985320516385,0.038569571254191234
LINKUSDT,regime_gate,up_persistent,2805.0,0.6465226515959541,0.6390310902038343,0.007491561392114585,0.027826041308211636
LINKUSDT,regime_gate,down_persistent,2431.0,0.3235578485388004,-0.0015440640872290583,0.32510191262601673,0.04161988265538652
LINKUSDT,regime_gate,panic_continuation,546.0,1.4626688680726985,0.013263152291908274,1.4494057157808056,0.049489331896205746
LINKUSDT,regime_gate,rebound,1203.0,-0.7393980757550952,-0.040053398842406884,-0.6993446769126843,0.14296375179260318
LINKUSDT,regime_gate,range,4578.0,-0.05759822954413755,-0.005187157317370651,-0.05241107222676832,0.0227876494537438
LINKUSDT,regime_gate,transition,12388.833333333334,0.005982298453448912,0.005347816207760732,0.0006344822456895588,0.03179138315024348
LINKUSDT,gate_no_range,up_persistent,2805.0,0.6997039811392884,0.7037197150463035,-0.004015733907019423,0.023992966369172537
LINKUSDT,gate_no_range,down_persistent,2431.0,0.3431517746297775,-0.010058728601197805,0.35321050323096287,0.037599847099171455
LINKUSDT,gate_no_range,panic_continuation,546.0,1.3316791294294796,-0.02047342305095225,1.3521525524804492,0.044604074255001284
LINKUSDT,gate_no_range,rebound,1203.0,-0.9885353117484466,-0.12122607174996256,-0.867309239998482,0.14254776235402694
LINKUSDT,gate_no_range,range,4578.0,-0.02838401531225652,0.012198409866630415,-0.040582425178888853,0.021213295887452
LINKUSDT,gate_no_range,transition,12388.833333333334,0.013032445816007068,0.01711212017816838,-0.004079674362159193,0.030880656813115654
LINKUSDT,adaptive14,up_persistent,2805.0,0.6435143096863365,0.6435058996150027,8.410071330524192e-06,0.023932606710332406
LINKUSDT,adaptive14,down_persistent,2431.0,0.3280217585674658,0.0028198398095971135,0.3252019187578582,0.03659766209046022
LINKUSDT,adaptive14,panic_continuation,546.0,1.0294360538868226,0.08776065373171031,0.941675400155128,0.041899778241822
LINKUSDT,adaptive14,rebound,1203.0,-0.8047480912890866,-0.038234020128527266,-0.7665140711605569,0.13368877321113515
LINKUSDT,adaptive14,range,4578.0,0.00872227332301497,0.03575866512046948,-0.027036391797456025,0.019406329006037674
LINKUSDT,adaptive14,transition,12388.833333333334,0.039947692275140535,0.04441073378412689,-0.00446304150898622,0.029574475110018074
LINKUSDT,adaptive42,up_persistent,2805.0,0.6282305868716802,0.628478015810157,-0.00024742893848087646,0.02484529867838021
LINKUSDT,adaptive42,down_persistent,2431.0,0.37489156032322607,-0.0035626944442832035,0.3784542547674956,0.03674525761421532
LINKUSDT,adaptive42,panic_continuation,546.0,0.8559872233084633,0.11338000136269803,0.7426072219457795,0.0410224065033949
LINKUSDT,adaptive42,rebound,1203.0,-0.856983300865522,-0.10299509757014849,-0.7539882032953734,0.13548303219771463
LINKUSDT,adaptive42,range,4578.0,-0.0067660930719898585,0.01712687047954101,-0.023892963551532635,0.019220165689168144
LINKUSDT,adaptive42,transition,12388.833333333334,0.030096374473153765,0.020842757596918827,0.009253616876236057,0.029170642520313504
LINKUSDT,adaptive126,up_persistent,2805.0,0.6282594575669901,0.6288444263890421,-0.0005849688220557414,0.024806909087660416
LINKUSDT,adaptive126,down_persistent,2431.0,0.29611235525321034,-0.007628178282096478,0.3037405335352946,0.03729076406086235
LINKUSDT,adaptive126,panic_continuation,546.0,0.9787261321550766,0.17116626182373582,0.8075598703313507,0.03967425714411955
LINKUSDT,adaptive126,rebound,1203.0,-0.9011816628613435,-0.09750662876980969,-0.8036750340915332,0.1379374328479305
LINKUSDT,adaptive126,range,4578.0,-0.025827571041153564,0.011096563566833303,-0.03692413460798836,0.01897830555109319
LINKUSDT,adaptive126,transition,12388.833333333334,0.027036199249951494,0.021748059257382626,0.005288139992569745,0.029204893024503346
LINKUSDT,filtered_moe,up_persistent,2805.0,0.4113633862241308,0.4193964560211181,-0.008033069796993794,0.014963952924366562
LINKUSDT,filtered_moe,down_persistent,2431.0,0.12764957179335965,-0.0027604738780469896,0.13041004567139977,0.018304241652889103
LINKUSDT,filtered_moe,panic_continuation,546.0,0.2719162186741834,-0.011634930134550485,0.2835511488087444,0.02349464000059166
LINKUSDT,filtered_moe,rebound,1203.0,-0.8458808169338237,-0.12263966420571265,-0.7232411527281137,0.049341956383432216
LINKUSDT,filtered_moe,range,4578.0,-0.00828877238912372,0.017531879906190026,-0.02582065229531576,0.015481872002158621
LINKUSDT,filtered_moe,transition,12388.833333333334,-0.026572743386094062,0.01989662367950067,-0.046469367065592876,0.016044609478488046
LINKUSDT,kalman,up_persistent,2805.0,0.8448221100837481,0.8379803101628159,0.006841799920926107,0.045494401292615366
LINKUSDT,kalman,down_persistent,2431.0,-0.1803630433279856,-0.19318911820459686,0.012826074876595095,0.04664439269296758
LINKUSDT,kalman,panic_continuation,546.0,0.9451544882506998,0.0533419584876521,0.8918125297630618,0.034364752930074044
LINKUSDT,kalman,rebound,1203.0,-1.0827024508341079,0.0810368138798121,-1.1637392647139255,0.13572896656076736
LINKUSDT,kalman,range,4578.0,0.16406426167121976,0.10833480391647445,0.05572945775474564,0.094627900876293
LINKUSDT,kalman,transition,12388.833333333334,0.27515920859690385,0.12286698656716291,0.15229222202974274,0.08539182924628091
LINKUSDT,trend_ensemble_long,up_persistent,2805.0,0.6783185646199523,0.6783185646199474,0.0,0.01931653739493877
LINKUSDT,trend_ensemble_long,down_persistent,2431.0,-0.02197121748277445,-0.021971217482774207,0.0,0.0005473147182452585
LINKUSDT,trend_ensemble_long,panic_continuation,546.0,0.019546140997655257,0.01954614099765623,0.0,0.0025881797163888934
LINKUSDT,trend_ensemble_long,rebound,1203.0,-0.218960269345203,-0.21896026934520432,0.0,0.005098934911780383
LINKUSDT,trend_ensemble_long,range,4578.0,0.1372626365059263,0.1372626365059282,0.0,0.0166482194310019
LINKUSDT,trend_ensemble_long,transition,12388.833333333334,-0.003174412105753929,-0.003174412105750412,0.0,0.017593672630900628
LINKUSDT,regime_gate_long,up_persistent,2805.0,0.6390949082380295,0.6390949082380242,0.0,0.02739535762153088
LINKUSDT,regime_gate_long,down_persistent,2431.0,-0.026761293019010063,-0.026761293019010875,0.0,0.0010023939184596194
LINKUSDT,regime_gate_long,panic_continuation,546.0,0.02639055726406404,0.026390557264064796,0.0,0.0017153726282932355
LINKUSDT,regime_gate_long,rebound,1203.0,-0.01344344945229978,-0.013443449452295194,0.0,0.039674492461505326
LINKUSDT,regime_gate_long,range,4578.0,-0.028663038398864513,-0.02866303839886384,0.0,0.00967772045926427
LINKUSDT,regime_gate_long,transition,12388.833333333334,-0.0015087744922260495,-0.0015087744922217263,0.0,0.01664222475320406
LINKUSDT,expanding_tree,up_persistent,2805.0,-0.4399323013152102,-0.12098012076601536,-0.31895218054919655,0.03982020935807676
LINKUSDT,expanding_tree,down_persistent,2431.0,0.227709973378918,0.0735129915083381,0.1541969818705888,0.0289026585290783
LINKUSDT,expanding_tree,panic_continuation,546.0,-0.7627178840286924,-0.46308375572413246,-0.2996341283045636,0.04331319854248106
LINKUSDT,expanding_tree,rebound,1203.0,0.6207822996400201,0.798018565086349,-0.17723626544629936,0.030031221713594895
LINKUSDT,expanding_tree,range,4578.0,0.10350808308243058,0.10722110981801693,-0.0037130267355828406,0.018728780946720376
LINKUSDT,expanding_tree,transition,12388.833333333334,0.1511760898461424,0.14737509100045365,0.0038009988456923047,0.02644104588451009
LINKUSDT,rolling_tree,up_persistent,2805.0,-1.266480677348642,-0.4122863101337382,-0.8541943672149014,0.039433964663541085
LINKUSDT,rolling_tree,down_persistent,2431.0,-0.1320040463626772,-0.31087615170717914,0.17887210534450573,0.034717019720895095
LINKUSDT,rolling_tree,panic_continuation,546.0,-0.09276416206891024,0.3409579792984548,-0.4337221413673729,0.05509929098932287
LINKUSDT,rolling_tree,rebound,1203.0,-0.33740838909498805,0.653426644252255,-0.9908350333471985,0.0421985877587624
LINKUSDT,rolling_tree,range,4578.0,0.03774351422689344,0.0841729691606969,-0.04642945493381099,0.031075383042031966
LINKUSDT,rolling_tree,transition,12388.833333333334,0.18328025986266044,0.07807482948676679,0.10520543037590577,0.036700893066870854
LINKUSDT,action_tcn,up_persistent,2805.0,0.08719109155301091,0.25431068422129577,-0.1671195926682825,0.04234903337709992
LINKUSDT,action_tcn,down_persistent,2431.0,0.24025883738246184,-0.13119196460047577,0.37145080198295355,0.05922936988821359
LINKUSDT,action_tcn,panic_continuation,546.0,-1.151904235766097,-1.0697554506320817,-0.08214878513401078,0.05588959064982404
LINKUSDT,action_tcn,rebound,1203.0,0.737616284963166,1.028870026472612,-0.29125374150945005,0.05846846699971489
LINKUSDT,action_tcn,range,4578.0,-0.11557183928817855,0.005222399364267048,-0.1207942386524451,0.06501855396137637
LINKUSDT,action_tcn,transition,12388.833333333334,0.11648218735118195,0.0007476462365552674,0.115734541114628,0.052901676766608174
LINKUSDT,vol_long,up_persistent,2805.0,0.3178665483440561,0.3178665483440567,0.0,0.00038244076142167376
LINKUSDT,vol_long,down_persistent,2431.0,-0.3242152469555239,-0.32421524695551296,0.0,0.00025032699173291263
LINKUSDT,vol_long,panic_continuation,546.0,0.7964546285942462,0.7964546285942389,0.0,0.0023096811270653123
LINKUSDT,vol_long,rebound,1203.0,2.3195486893449124,2.3195486893449377,0.0,0.00022550866270978296
LINKUSDT,vol_long,range,4578.0,0.41489834826919275,0.4148983482692089,0.0,0.00040306897405305195
LINKUSDT,vol_long,transition,12388.833333333334,-0.09886979587728925,-0.09886979587727726,0.0,0.000616256686947113
LINKUSDT,hold,up_persistent,2805.0,-0.0373559529176107,-0.03735595291758852,0.0,0.0
LINKUSDT,hold,down_persistent,2431.0,-0.24718673060477986,-0.2471867306047683,0.0,0.0
LINKUSDT,hold,panic_continuation,546.0,5.297311323999109,5.2973113239991045,0.0,0.0
LINKUSDT,hold,rebound,1203.0,4.439224342846829,4.439224342846889,0.0,0.0
LINKUSDT,hold,range,4578.0,1.2185834130785682,1.2185834130785995,0.0,0.0
LINKUSDT,hold,transition,12388.833333333334,-0.17912566299147237,-0.17912566299144836,0.0,0.00032272910253912775
LTCUSDT,trend24,up_persistent,2561.8333333333335,-0.17092540902154252,-0.04679016443840253,-0.12413524458314079,0.06461262391662222
LTCUSDT,trend24,down_persistent,1710.0,0.6585932651661944,0.0005250070246432296,0.6580682581415822,0.062161512308178145
LTCUSDT,trend24,panic_continuation,607.0,-1.8976681006486014,0.16975408858223395,-2.067422189230804,0.041525233783676146
LTCUSDT,trend24,rebound,1175.0,-2.5663980415362695,-0.9211902912922013,-1.6452077502440203,0.1291082453239729
LTCUSDT,trend24,range,5349.0,0.6570547778978147,0.205385795936484,0.4516689819613257,0.10212621860669976
LTCUSDT,trend24,transition,12549.0,-0.19274627650374057,-0.02643326040990693,-0.1663130160938328,0.09428841714039984
LTCUSDT,trend72,up_persistent,2561.8333333333335,-0.03363632184010814,-0.03539803328136527,0.0017617114412609087,0.0225428843832108
LTCUSDT,trend72,down_persistent,1710.0,0.38276758497662966,0.15167335989828948,0.23109422507835256,0.04327546422131719
LTCUSDT,trend72,panic_continuation,607.0,-1.7006553712851207,0.06087191489469729,-1.7615272861798008,0.03528473648977446
LTCUSDT,trend72,rebound,1175.0,-0.5688248126773393,0.20245675542213812,-0.7712815680995193,0.049171733514973885
LTCUSDT,trend72,range,5349.0,-0.3348486060446158,-0.27502570422183525,-0.05982290182278542,0.0730656657508431
LTCUSDT,trend72,transition,12549.0,0.0006903835598022968,0.15635743258310691,-0.15566704902329637,0.04344944122632301
LTCUSDT,trend168,up_persistent,2561.8333333333335,-0.214812040114541,-0.18759988958720772,-0.027212150527324033,0.014336688846256947
LTCUSDT,trend168,down_persistent,1710.0,0.38730918787512647,-0.005327828683067091,0.3926370165582163,0.015576734869964075
LTCUSDT,trend168,panic_continuation,607.0,-2.2972909513057864,0.04612951191020619,-2.3434204632159688,0.024480490611077987
LTCUSDT,trend168,rebound,1175.0,0.03965284426381366,0.555022926183286,-0.5153700819195239,0.020253771357820922
LTCUSDT,trend168,range,5349.0,-0.0304278105459951,-0.08982615147132092,0.059398340925326275,0.0408286398524086
LTCUSDT,trend168,transition,12549.0,0.17576959160928818,0.15550560536388083,0.02026398624540878,0.02853277288173151
LTCUSDT,trend336,up_persistent,2561.8333333333335,-0.4780740727693432,-0.22988830038924363,-0.24818577238009845,0.019501579201116014
LTCUSDT,trend336,down_persistent,1710.0,1.330180801743212,0.5357259146224235,0.79445488712079,0.019382227217670883
LTCUSDT,trend336,panic_continuation,607.0,-0.8122442248795269,0.24691012105016566,-1.0591543459296655,0.018786004919582117
LTCUSDT,trend336,rebound,1175.0,0.502522861101556,0.7923214380767541,-0.2897985769752392,0.019586296971199776
LTCUSDT,trend336,range,5349.0,-0.5457863853005338,-0.3847318566961957,-0.1610545286043326,0.021418688647037772
LTCUSDT,trend336,transition,12549.0,0.0899956331664845,0.03221413653257261,0.05778149663391194,0.0179198284151172
LTCUSDT,trend_ensemble,up_persistent,2561.8333333333335,-0.23591136008729227,-0.23719620876834135,0.0012848486810499678,0.027618770397883356
LTCUSDT,trend_ensemble,down_persistent,1710.0,0.5335169115824988,-0.01799973257656213,0.5515166441590819,0.033597924166628136
LTCUSDT,trend_ensemble,panic_continuation,607.0,-1.71992371265452,0.04815553955268482,-1.7680792522071795,0.031291557898333114
LTCUSDT,trend_ensemble,rebound,1175.0,-1.140579064453563,-0.09912605906378197,-1.0414530053897986,0.06387102290547768
LTCUSDT,trend_ensemble,range,5349.0,-0.009070680048738481,0.007850614516302007,-0.016921294565043096,0.05329701438389543
LTCUSDT,trend_ensemble,transition,12549.0,-0.08541755080994712,0.012996624862591935,-0.09841417567253755,0.04188418064436624
LTCUSDT,breakout,up_persistent,2561.8333333333335,-0.3933398834777695,-0.3773449579539783,-0.015994925523783416,0.05410935235454563
LTCUSDT,breakout,down_persistent,1710.0,0.3962520574121679,0.01140139240609755,0.38485066500609905,0.05201012794410093
LTCUSDT,breakout,panic_continuation,607.0,-2.2486198140844467,0.08404597656043436,-2.332665790644851,0.0548813598693993
LTCUSDT,breakout,rebound,1175.0,-1.8892559747964772,-0.5717751058008091,-1.3174808689956723,0.09386423459024476
LTCUSDT,breakout,range,5349.0,0.6403050966623383,0.1939310514842348,0.4463740451781053,0.08053646880414454
LTCUSDT,breakout,transition,12549.0,-0.11502032988533213,0.04261004667527392,-0.1576303765605997,0.06486517276120546
LTCUSDT,range_only,up_persistent,2561.8333333333335,0.11361922607055083,0.006714216336062468,0.10690500973448573,0.0208227987402448
LTCUSDT,range_only,down_persistent,1710.0,-0.2561266559166824,-0.26664270516094185,0.01051604924424344,0.02310413911014397
LTCUSDT,range_only,panic_continuation,607.0,1.1398296511467199,1.2075825072018562,-0.06775285605514834,0.020316391014078207
LTCUSDT,range_only,rebound,1175.0,1.2635168903399954,0.9220800379042842,0.3414368524357228,0.061379729090816695
LTCUSDT,range_only,range,5349.0,-0.29281274514442046,-0.21553317620665885,-0.07727956893776035,0.03840915804838924
LTCUSDT,range_only,transition,12549.0,0.12139895523717117,0.13179063240015737,-0.010391677162990604,0.03171338830484941
LTCUSDT,down_rebound,up_persistent,2561.8333333333335,-0.20827394779922592,-0.20851748720816965,0.00024353940895259187,0.014466992891217313
LTCUSDT,down_rebound,down_persistent,1710.0,0.7060971427137384,0.04130630369084199,0.6647908390229281,0.0566725807009706
LTCUSDT,down_rebound,panic_continuation,607.0,-2.0540541869190885,-0.11361417847987085,-1.9404400084391948,0.07935985560811512
LTCUSDT,down_rebound,rebound,1175.0,-0.6690683470140097,0.09900346943557406,-0.768071816449587,0.26309563856345874
LTCUSDT,down_rebound,range,5349.0,0.0590567578235933,-0.17005677030726885,0.22911352813086233,0.057898361422266516
LTCUSDT,down_rebound,transition,12549.0,0.15426364037802265,0.12001915404318764,0.03424448633483855,0.053393808878252735
LTCUSDT,selected_trend,up_persistent,2561.8333333333335,-0.28717055689331544,-0.28805765185175386,0.0008870949584428234,0.019491866021611685
LTCUSDT,selected_trend,down_persistent,1710.0,0.5251791581590312,0.1602390448379691,0.36494011332107446,0.029264908063143535
LTCUSDT,selected_trend,panic_continuation,607.0,-1.4086496612344175,0.08260919331795477,-1.4912588545523573,0.02451683291307824
LTCUSDT,selected_trend,rebound,1175.0,-0.17222876255833497,0.418683882739926,-0.5909126452983072,0.028989218795525573
LTCUSDT,selected_trend,range,5349.0,-0.3424160395144499,-0.2651374729032308,-0.0772785666112174,0.04236573853188511
LTCUSDT,selected_trend,transition,12549.0,0.23814893738540338,0.15211781754919132,0.08603111983621547,0.028759362669414014
LTCUSDT,selected_breakout,up_persistent,2561.8333333333335,-0.6668651535679776,-0.5051352683475919,-0.16172988522037898,0.04413748546062218
LTCUSDT,selected_breakout,down_persistent,1710.0,0.9689068422464059,0.018635367547639704,0.9502714746987907,0.03817857331708633
LTCUSDT,selected_breakout,panic_continuation,607.0,-1.8415509857380477,0.20598926912803847,-2.04754025486606,0.04687270342847109
LTCUSDT,selected_breakout,rebound,1175.0,-0.6388504776788628,-0.08540499957904099,-0.5534454780998597,0.06770852607598873
LTCUSDT,selected_breakout,range,5349.0,0.08845947961461016,-0.0988156744731767,0.18727515408778547,0.05721288459627416
LTCUSDT,selected_breakout,transition,12549.0,-0.18228502899939528,-0.06697914113938531,-0.11530588786000139,0.04715290482138375
LTCUSDT,regime_gate,up_persistent,2561.8333333333335,-0.19579011570291946,-0.1799578436612311,-0.015832272041685275,0.0387869394691765
LTCUSDT,regime_gate,down_persistent,1710.0,0.7125160418319055,-0.002552246600375865,0.7150682884323004,0.059154953570172884
LTCUSDT,regime_gate,panic_continuation,607.0,-2.240732127199951,0.004027542826498058,-2.2447596700264243,0.07143392106428446
LTCUSDT,regime_gate,rebound,1175.0,-0.7103675987099884,-0.22343542756984647,-0.4869321711401483,0.16990201127931467
LTCUSDT,regime_gate,range,5349.0,-0.14653968791351152,-0.11311580699792075,-0.03342388091559123,0.031477021610203874
LTCUSDT,regime_gate,transition,12549.0,0.021085623214791252,0.0264010240223425,-0.005315400807550601,0.03934171690221337
LTCUSDT,gate_no_range,up_persistent,2561.8333333333335,-0.17341691692421637,-0.16903174233135038,-0.004385174592862606,0.03450560963463822
LTCUSDT,gate_no_range,down_persistent,1710.0,0.7060961210166214,-0.019181644165837737,0.7252777651824782,0.05345097353623787
LTCUSDT,gate_no_range,panic_continuation,607.0,-1.99511357985323,0.0058777520592593665,-2.0009913319124575,0.06461136566217776
LTCUSDT,gate_no_range,rebound,1175.0,-0.9052648909798792,-0.348945490406283,-0.556319400573604,0.1668491493359322
LTCUSDT,gate_no_range,range,5349.0,-0.09006630889110169,-0.09984186849105202,0.009775559599948783,0.02785653466297123
LTCUSDT,gate_no_range,transition,12549.0,0.052974865461076374,0.05234950858903895,0.000625356872039059,0.03863488423797458
LTCUSDT,adaptive14,up_persistent,2561.8333333333335,-0.23423377297169154,-0.2243624539909006,-0.009871318980788983,0.0338284070959049
LTCUSDT,adaptive14,down_persistent,1710.0,0.7103480651302995,-0.0034096465602488414,0.7137577116905672,0.05560251595264503
LTCUSDT,adaptive14,panic_continuation,607.0,-2.082091799181962,0.039194719741094085,-2.121286518923037,0.06043465502653728
LTCUSDT,adaptive14,rebound,1175.0,-0.6544199143737981,-0.11017617078759707,-0.5442437435862078,0.15215172063589358
LTCUSDT,adaptive14,range,5349.0,-0.12099708921114513,-0.07258443592344681,-0.04841265328769952,0.02517432837072747
LTCUSDT,adaptive14,transition,12549.0,0.05169411918444094,0.051475229457455016,0.0002188897269866711,0.03457125047250431
LTCUSDT,adaptive42,up_persistent,2561.8333333333335,-0.2001570223711267,-0.1870080397421671,-0.013148982628958021,0.032846474534135854
LTCUSDT,adaptive42,down_persistent,1710.0,0.7013121364373155,-0.011768210534539759,0.7130803469718727,0.055894188084155985
LTCUSDT,adaptive42,panic_continuation,607.0,-2.064739732746385,0.07478400640105408,-2.139523739147417,0.061881663186152784
LTCUSDT,adaptive42,rebound,1175.0,-0.68173611477202,-0.21716207903196355,-0.4645740357400653,0.15073163005231646
LTCUSDT,adaptive42,range,5349.0,-0.108675579621174,-0.07403415594056238,-0.03464142368061247,0.02414319884392867
LTCUSDT,adaptive42,transition,12549.0,0.06411091924626437,0.0490534404541625,0.015057478792103113,0.03289120408893838
LTCUSDT,adaptive126,up_persistent,2561.8333333333335,-0.22200457144133845,-0.2119332884892278,-0.010071282952107973,0.03191477545547069
LTCUSDT,adaptive126,down_persistent,1710.0,0.680915488804283,0.016852966292994827,0.6640625225113059,0.05557028559371254
LTCUSDT,adaptive126,panic_continuation,607.0,-1.923167956857581,0.11577802425138059,-2.038945981108938,0.06127940478075566
LTCUSDT,adaptive126,rebound,1175.0,-0.5939706235047395,-0.09428226534275619,-0.499688358161992,0.1506359114229089
LTCUSDT,adaptive126,range,5349.0,-0.10537589452078076,-0.08184686476477933,-0.023529029756002313,0.024407903693587737
LTCUSDT,adaptive126,transition,12549.0,0.045584685185448795,0.04618689262191321,-0.0006022074364637443,0.03236078762776675
LTCUSDT,filtered_moe,up_persistent,2561.8333333333335,-0.15894986295555366,-0.15461548254418175,-0.004334380411371706,0.017584204719209646
LTCUSDT,filtered_moe,down_persistent,1710.0,0.07655042632028831,-0.00490322882842864,0.08145365514872703,0.023960597709288822
LTCUSDT,filtered_moe,panic_continuation,607.0,-1.3473382858869616,0.02504316744157294,-1.3723814533285124,0.03588569313045273
LTCUSDT,filtered_moe,rebound,1175.0,-0.4359354200344304,0.09564689988776061,-0.5315823199222018,0.05748118185437242
LTCUSDT,filtered_moe,range,5349.0,-0.027050711055584268,-0.08207051625851093,0.055019805202926125,0.017837824950465368
LTCUSDT,filtered_moe,transition,12549.0,0.028817849912108506,0.004303277797876477,0.024514572114233375,0.01819175718196575
LTCUSDT,kalman,up_persistent,2561.8333333333335,-0.1793024366578046,-0.08020771870201189,-0.09909471795578549,0.06412246494576686
LTCUSDT,kalman,down_persistent,1710.0,0.365428581001817,-0.127544338926367,0.4929729199282206,0.05881709097307652
LTCUSDT,kalman,panic_continuation,607.0,-1.8246316460773964,0.26625283752715495,-2.0908844836045315,0.03502181191459904
LTCUSDT,kalman,rebound,1175.0,-2.341978660808023,-1.1265247558600033,-1.2154539049480104,0.16533981196256953
LTCUSDT,kalman,range,5349.0,0.7706380016062391,0.29957505856481353,0.4710629430414223,0.11829270636353872
LTCUSDT,kalman,transition,12549.0,-0.32273359375210836,-0.060256789863370554,-0.2624768038887334,0.10379719135406411
LTCUSDT,trend_ensemble_long,up_persistent,2561.8333333333335,-0.24462346971932436,-0.24462346971932375,0.0,0.0271818724756225
LTCUSDT,trend_ensemble_long,down_persistent,1710.0,-0.0363597531467899,-0.03635975314679067,0.0,0.0003897734020107684
LTCUSDT,trend_ensemble_long,panic_continuation,607.0,0.06549113610844802,0.06549113610844798,0.0,0.0016634296703960686
LTCUSDT,trend_ensemble_long,rebound,1175.0,-0.007217836757731494,-0.00721783675772423,0.0,0.006563606313062057
LTCUSDT,trend_ensemble_long,range,5349.0,-0.008647307691998203,-0.008647307692002847,0.0,0.02287644786483372
LTCUSDT,trend_ensemble_long,transition,12549.0,0.03068603208060018,0.030686032080602183,0.0,0.021852593758826033
LTCUSDT,regime_gate_long,up_persistent,2561.8333333333335,-0.17724708274936735,-0.1772470827493642,0.0,0.03803306472358757
LTCUSDT,regime_gate_long,down_persistent,1710.0,0.006894923351704782,0.006894923351704282,0.0,0.0013109976447757703
LTCUSDT,regime_gate_long,panic_continuation,607.0,0.03176553400917774,0.03176553400917907,0.0,0.0028619892175064643
LTCUSDT,regime_gate_long,rebound,1175.0,-0.2472022042240632,-0.24720220422405084,0.0,0.04927532283755078
LTCUSDT,regime_gate_long,range,5349.0,-0.11944272132334761,-0.11944272132334795,0.0,0.015198747158425363
LTCUSDT,regime_gate_long,transition,12549.0,0.030192431194826386,0.03019243119482694,0.0,0.020864708215278846
LTCUSDT,expanding_tree,up_persistent,2561.8333333333335,0.7724972531755139,0.6095138054254879,0.16298344775002074,0.033100875126404666
LTCUSDT,expanding_tree,down_persistent,1710.0,-1.0892303551658478,-0.8265729141013339,-0.2626574410645231,0.03482300714691642
LTCUSDT,expanding_tree,panic_continuation,607.0,-0.16858935865084113,0.48001937075401957,-0.6486087294048899,0.04436353881911824
LTCUSDT,expanding_tree,rebound,1175.0,-0.06387264962865073,0.1387909656375035,-0.2026636152661402,0.04107001925373288
LTCUSDT,expanding_tree,range,5349.0,-0.5696613930590801,-0.4009357347037455,-0.16872565835534462,0.02440392703801688
LTCUSDT,expanding_tree,transition,12549.0,0.035217397039521876,0.07863656882608348,-0.043419171786566596,0.02907799008174673
LTCUSDT,rolling_tree,up_persistent,2561.8333333333335,-0.04296724126850977,0.21828487226634027,-0.26125211353485694,0.03918734843421485
LTCUSDT,rolling_tree,down_persistent,1710.0,-1.2430062015014045,-0.962988379378264,-0.28001782212316784,0.0426212341995612
LTCUSDT,rolling_tree,panic_continuation,607.0,1.0774188393195605,1.7444248493080494,-0.667006009988516,0.05667321084091193
LTCUSDT,rolling_tree,rebound,1175.0,0.3089985584943233,0.6383568581211141,-0.3293582996267888,0.056883325278193606
LTCUSDT,rolling_tree,range,5349.0,-0.41107142677890063,-0.3176909167506648,-0.09338051002824363,0.04559010262388649
LTCUSDT,rolling_tree,transition,12549.0,0.02065604866967922,0.10689293555629897,-0.08623688688662462,0.042974373866938274
LTCUSDT,action_tcn,up_persistent,2561.8333333333335,-1.0774545196298535,-0.530995906557193,-0.546458613072662,0.04322030394228976
LTCUSDT,action_tcn,down_persistent,1710.0,-1.6774236808365968,-0.9887223529365343,-0.688701327900068,0.07213938323686431
LTCUSDT,action_tcn,panic_continuation,607.0,1.9590044841516414,1.2918957537466154,0.6671087304050047,0.0714959858974732
LTCUSDT,action_tcn,rebound,1175.0,2.183490519048731,1.362036754395681,0.8214537646530402,0.06134332274475975
LTCUSDT,action_tcn,range,5349.0,0.18372343769595817,-0.037541561566872945,0.22126499926282336,0.07297508556732837
LTCUSDT,action_tcn,transition,12549.0,-0.1901651143698832,0.012871117695357993,-0.2030362320652331,0.06440512843415727
LTCUSDT,vol_long,up_persistent,2561.8333333333335,-0.27191432074358757,-0.2719143207435779,0.0,0.002052560544434621
LTCUSDT,vol_long,down_persistent,1710.0,-0.27427096855538013,-0.27427096855541266,0.0,9.75830944899785e-05
LTCUSDT,vol_long,panic_continuation,607.0,2.4358755627461086,2.4358755627460784,0.0,0.0039784249281377216
LTCUSDT,vol_long,rebound,1175.0,0.9996294565971521,0.9996294565972282,0.0,0.0010188411429171843
LTCUSDT,vol_long,range,5349.0,-0.39812078018998087,-0.39812078018999475,0.0,0.0007241964854477643
LTCUSDT,vol_long,transition,12549.0,0.3598436322255485,0.3598436322255536,0.0,0.0005601472560463735
LTCUSDT,hold,up_persistent,2561.8333333333335,-0.23857511640022858,-0.23857511640020876,0.0,0.0007814524549878838
LTCUSDT,hold,down_persistent,1710.0,1.2827045152275791,1.2827045152275272,0.0,0.0
LTCUSDT,hold,panic_continuation,607.0,4.650069367971249,4.650069367971219,0.0,0.0
LTCUSDT,hold,rebound,1175.0,1.2362044254058975,1.2362044254059938,0.0,0.0
LTCUSDT,hold,range,5349.0,-0.8089553368579221,-0.8089553368579369,0.0,0.0
LTCUSDT,hold,transition,12549.0,0.623335110196799,0.6233351101968031,0.0,0.00015934338034775706
SOLUSDT,trend24,up_persistent,3083.0,0.3057475486837463,0.326123658587617,-0.020376109903873,0.04646889487658902
SOLUSDT,trend24,down_persistent,2177.0,0.034851803332495365,-0.043056157334187724,0.0779079606666983,0.05962850817931093
SOLUSDT,trend24,panic_continuation,698.0,-0.3551173966964605,0.0055659354474050455,-0.36068333214385656,0.03517203117537163
SOLUSDT,trend24,rebound,1183.0,-0.4063406587279272,-0.11388072367874727,-0.29245993504917417,0.12683954878008646
SOLUSDT,trend24,range,4738.0,0.0908982656495712,0.14523294167541012,-0.054334676025835124,0.07762954463858937
SOLUSDT,trend24,transition,12072.833333333334,0.2340878098268929,0.1513830970847525,0.08270471274213081,0.08056070736585952
SOLUSDT,trend72,up_persistent,3083.0,0.09023051531010187,0.09509681079333591,-0.004866295483235943,0.016461498410317237
SOLUSDT,trend72,down_persistent,2177.0,0.09155708841875389,-0.02129266349978393,0.11284975191854064,0.03367841748255321
SOLUSDT,trend72,panic_continuation,698.0,-0.6324298397765387,-0.0014878582589441707,-0.6309419815176007,0.024232699276335617
SOLUSDT,trend72,rebound,1183.0,-0.03798407031385861,-0.09751085762969902,0.05952678731582581,0.04972605760245968
SOLUSDT,trend72,range,4738.0,0.024357995779122354,-0.023682224362342796,0.048040220141469574,0.05912804267102351
SOLUSDT,trend72,transition,12072.833333333334,0.08571574696749897,0.19434029735700617,-0.1086245503895088,0.03697481178105151
SOLUSDT,trend168,up_persistent,3083.0,0.038592939252138886,0.03846394066384076,0.00012899858830091077,0.009374890762574046
SOLUSDT,trend168,down_persistent,2177.0,0.6006926878396469,0.0,0.6006926878396575,0.013945896767073746
SOLUSDT,trend168,panic_continuation,698.0,0.23986960708337002,0.0,0.23986960708337063,0.010786712575983813
SOLUSDT,trend168,rebound,1183.0,-0.10322820928230908,-0.06287357294775336,-0.04035463633460831,0.01714921497239371
SOLUSDT,trend168,range,4738.0,-0.0050896934968391655,0.011394549542937168,-0.016484243039785247,0.03299839120040689
SOLUSDT,trend168,transition,12072.833333333334,0.5773305209561199,0.4748109358543478,0.10251958510176713,0.022062481853369682
SOLUSDT,trend336,up_persistent,3083.0,-0.311438758341593,-0.1943849634896272,-0.11705379485196477,0.013217114516279346
SOLUSDT,trend336,down_persistent,2177.0,1.5885026750873514,0.35173328170227486,1.236769393385071,0.017568402288059937
SOLUSDT,trend336,panic_continuation,698.0,-0.9135072826691757,-0.02687276030521257,-0.8866345223639651,0.01763328536288591
SOLUSDT,trend336,rebound,1183.0,-0.31476981925528663,0.13055108312894978,-0.44532090238428274,0.01567880422208068
SOLUSDT,trend336,range,4738.0,-0.04285030697262556,-0.08785741082930985,0.04500710385668176,0.013605005540723443
SOLUSDT,trend336,transition,12072.833333333334,0.1408751657327363,0.2679754759505062,-0.1271003102177702,0.013669739539372814
SOLUSDT,trend_ensemble,up_persistent,3083.0,-0.019509367049245083,-0.015012631788262079,-0.004496735260985549,0.018657327473576856
SOLUSDT,trend_ensemble,down_persistent,2177.0,0.22015259725586092,-0.0077153281090142885,0.22786792536488468,0.030885625939606004
SOLUSDT,trend_ensemble,panic_continuation,698.0,-1.0368666751901252,-0.0288152809194948,-1.0080513942706275,0.02253847430261587
SOLUSDT,trend_ensemble,rebound,1183.0,-0.3557494876811051,-0.029802283376049336,-0.3259472043050759,0.06226229870218099
SOLUSDT,trend_ensemble,range,4738.0,0.018223453364386213,0.06785608583869082,-0.04963263247430413,0.040203180498928105
SOLUSDT,trend_ensemble,transition,12072.833333333334,0.24164305462854804,0.2682130667678099,-0.02657001213926473,0.03374409296557937
SOLUSDT,breakout,up_persistent,3083.0,0.13151480656310532,0.1391312670852805,-0.007616460522171046,0.03226268367559242
SOLUSDT,breakout,down_persistent,2177.0,0.6500471978839133,0.009380647177540611,0.6406665507063886,0.0448473261556528
SOLUSDT,breakout,panic_continuation,698.0,-0.23561736427360158,-0.05244998061837057,-0.1831673836552289,0.03980836824266164
SOLUSDT,breakout,rebound,1183.0,0.03232214543497118,-0.011553499629500861,0.04387564506445695,0.08652973713286455
SOLUSDT,breakout,range,4738.0,0.21327877124727018,0.2108537059539766,0.002425065293291098,0.058946752352530975
SOLUSDT,breakout,transition,12072.833333333334,0.5329445089705472,0.3802280227258992,0.15271648624464276,0.05270248706753593
SOLUSDT,range_only,up_persistent,3083.0,0.061854833013127025,0.0032587635133444555,0.05859606949978115,0.012459308678690006
SOLUSDT,range_only,down_persistent,2177.0,-0.1454186970043373,-0.1327556279730846,-0.01266306903126232,0.021264350396710673
SOLUSDT,range_only,panic_continuation,698.0,0.5467657564186051,0.49917504434016857,0.047590712078429874,0.013388916460593484
SOLUSDT,range_only,rebound,1183.0,0.02191143243185466,-0.048219846989320116,0.07013127942118244,0.059789556967074727
SOLUSDT,range_only,range,4738.0,-0.07016460607026859,0.01761695342508723,-0.08778155949535534,0.02844374045769137
SOLUSDT,range_only,transition,12072.833333333334,-0.19553997231067233,-0.031086292192804458,-0.16445368011786526,0.02741422890296814
SOLUSDT,down_rebound,up_persistent,3083.0,0.11175116399022186,0.11175116399022042,0.0,0.008856518281120461
SOLUSDT,down_rebound,down_persistent,2177.0,0.20317427907178,0.05613692906313561,0.14703735000866103,0.05441028716861562
SOLUSDT,down_rebound,panic_continuation,698.0,-0.15771827348789794,0.018720323378270145,-0.1764385968661831,0.047261333305976455
SOLUSDT,down_rebound,rebound,1183.0,0.49955862499798204,0.29234667644578477,0.2072119485521964,0.24487279223252484
SOLUSDT,down_rebound,range,4738.0,-0.06100181390106354,-0.04865852111145563,-0.01234329278961036,0.046626143753780366
SOLUSDT,down_rebound,transition,12072.833333333334,0.5114836912123614,0.47749840493701756,0.03398528627533994,0.046236268432039235
SOLUSDT,selected_trend,up_persistent,3083.0,-0.34591864068333233,-0.33492344654344425,-0.010995194139889104,0.01288132492833067
SOLUSDT,selected_trend,down_persistent,2177.0,0.7442744481812803,-0.010124896364523833,0.7543993445457985,0.019996376893580546
SOLUSDT,selected_trend,panic_continuation,698.0,-0.19214086219877755,-0.06757345956957612,-0.12456740262920145,0.014484698997861901
SOLUSDT,selected_trend,rebound,1183.0,0.3195592439691299,0.19759943024138119,0.12195981372771322,0.02470041425586911
SOLUSDT,selected_trend,range,4738.0,-0.3239639363752902,-0.15016101368516216,-0.17380292269012537,0.030602510291166972
SOLUSDT,selected_trend,transition,12072.833333333334,0.3591406975809908,0.3682727069502865,-0.009132009369297998,0.023498440691246972
SOLUSDT,selected_breakout,up_persistent,3083.0,-0.07922254457473059,-0.012734784888005772,-0.06648775968672761,0.029917714503894088
SOLUSDT,selected_breakout,down_persistent,2177.0,0.7154806576029685,-0.02467777648384388,0.7401584340868321,0.036522879017151316
SOLUSDT,selected_breakout,panic_continuation,698.0,-0.44358335867434395,0.08907806801286891,-0.5326614266872067,0.032111007793338135
SOLUSDT,selected_breakout,rebound,1183.0,-0.4712450347844892,-0.043247580005056116,-0.4279974547794407,0.06756028921594773
SOLUSDT,selected_breakout,range,4738.0,0.18450485602438252,0.1496685967183732,0.03483625930601125,0.053389144265120335
SOLUSDT,selected_breakout,transition,12072.833333333334,0.3628734505392566,0.37476936550679085,-0.011895914967537962,0.044063119651630935
SOLUSDT,regime_gate,up_persistent,3083.0,0.1790176726534723,0.17530692529444522,0.00371074735902709,0.02508282710365661
SOLUSDT,regime_gate,down_persistent,2177.0,0.4220285139443485,0.012109027439821686,0.4099194865045353,0.04824909246257552
SOLUSDT,regime_gate,panic_continuation,698.0,-0.05607931517371361,0.019042139205924583,-0.07512145437964592,0.04162078673453025
SOLUSDT,regime_gate,rebound,1183.0,0.2318110770339991,-0.005425255314735614,0.23723633234872232,0.15845267585942063
SOLUSDT,regime_gate,range,4738.0,-0.1126248304148495,-0.017560276826888908,-0.09506455358795612,0.025586995442869746
SOLUSDT,regime_gate,transition,12072.833333333334,0.27877852390705965,0.28371442065376057,-0.004935896746704384,0.03391598716971852
SOLUSDT,gate_no_range,up_persistent,3083.0,0.12346965001429612,0.12354224859810306,-7.259858380689824e-05,0.021658140806150455
SOLUSDT,gate_no_range,down_persistent,2177.0,0.4905901317558914,0.011365641457269166,0.47922449029863035,0.04425590701687703
SOLUSDT,gate_no_range,panic_continuation,698.0,-0.06398188561046317,0.0053220586271000994,-0.0693039442375698,0.039438377859904894
SOLUSDT,gate_no_range,rebound,1183.0,0.25442007632827773,-0.03789007929626185,0.29231015562452944,0.15840756916883258
SOLUSDT,gate_no_range,range,4738.0,-0.08418991827570606,-0.003817020914837369,-0.08037289736086663,0.023408579646651186
SOLUSDT,gate_no_range,transition,12072.833333333334,0.30393918435695066,0.30094927157043,0.002989912786517396,0.03315502652214779
SOLUSDT,adaptive14,up_persistent,3083.0,-0.06405793680871419,-0.06371750884808548,-0.0003404279606272171,0.020914901698869323
SOLUSDT,adaptive14,down_persistent,2177.0,0.38568564585931225,0.008345406927727735,0.3773402389315932,0.04448967839110521
SOLUSDT,adaptive14,panic_continuation,698.0,-0.07463963122885549,0.036573184158882985,-0.11121281538774,0.03534957398477768
SOLUSDT,adaptive14,rebound,1183.0,0.3131606071404022,-0.03232260540896993,0.34548321254935804,0.1440560892958071
SOLUSDT,adaptive14,range,4738.0,-0.151046947230044,-0.0438286443524318,-0.10721830287760876,0.022471764738446524
SOLUSDT,adaptive14,transition,12072.833333333334,0.30184818164517146,0.2950821242339322,0.006766057411235822,0.03136394669578936
SOLUSDT,adaptive42,up_persistent,3083.0,-0.03810623970705247,-0.03906307169884603,0.0009568319917952047,0.02055400196768377
SOLUSDT,adaptive42,down_persistent,2177.0,0.35324891624955296,0.00682725189079889,0.3464216643587627,0.04374218897598155
SOLUSDT,adaptive42,panic_continuation,698.0,-0.21443577209945358,0.05351338604111693,-0.2679491581405775,0.03824404609013998
SOLUSDT,adaptive42,rebound,1183.0,0.1921879346075324,-0.07034816168630312,0.26253609629381924,0.14448805887726066
SOLUSDT,adaptive42,range,4738.0,-0.15812358689673067,-0.048363434401981736,-0.1097601524947455,0.022573899035680647
SOLUSDT,adaptive42,transition,12072.833333333334,0.253616907539142,0.24597662482279442,0.007640282716343649,0.03152408137906376
SOLUSDT,adaptive126,up_persistent,3083.0,-0.0011341113187176566,-0.001806885002043489,0.0006727736833258542,0.018995211101143907
SOLUSDT,adaptive126,down_persistent,2177.0,0.44719008277485595,0.01752949371587494,0.42966058905898924,0.04226812343713532
SOLUSDT,adaptive126,panic_continuation,698.0,-0.37056209051943806,0.029720962234169007,-0.4002830527536129,0.03418104987423495
SOLUSDT,adaptive126,rebound,1183.0,0.21323520347152983,-0.09210501328340923,0.3053402167549244,0.1451635114382456
SOLUSDT,adaptive126,range,4738.0,-0.15873597073060206,-0.05091646099615716,-0.10781950973444135,0.02337005529239373
SOLUSDT,adaptive126,transition,12072.833333333334,0.2750766796771307,0.256952505732097,0.018124173945029742,0.03156914394540988
SOLUSDT,filtered_moe,up_persistent,3083.0,-0.00155156649446899,-0.001348840897917845,-0.00020272559654634822,0.013544454243604412
SOLUSDT,filtered_moe,down_persistent,2177.0,0.3425476606442496,-0.0022428701099867095,0.344790530754235,0.021110037519627235
SOLUSDT,filtered_moe,panic_continuation,698.0,-0.07086170788115934,-0.0015815636227271045,-0.06928014425843401,0.02257869563681089
SOLUSDT,filtered_moe,rebound,1183.0,-0.1868425130239693,-0.06803223981474955,-0.1188102732092334,0.05914971435823464
SOLUSDT,filtered_moe,range,4738.0,-0.027977841347968317,-0.01218323176107559,-0.015794609586891772,0.014488481749369866
SOLUSDT,filtered_moe,transition,12072.833333333334,0.20295122336250343,0.22402763227767572,-0.021076408915175312,0.01760953160628263
SOLUSDT,kalman,up_persistent,3083.0,0.16048540540759942,0.1352348944055281,0.025250511002072464,0.03967522691628423
SOLUSDT,kalman,down_persistent,2177.0,0.23010983793100395,-0.03204232690828981,0.2621521648393128,0.05802377090548894
SOLUSDT,kalman,panic_continuation,698.0,-0.24166454119577316,-0.12011095506212566,-0.12155358613364486,0.02595706326014531
SOLUSDT,kalman,rebound,1183.0,0.4481258443546353,-0.2587309442695322,0.7068567886241708,0.15367697721466275
SOLUSDT,kalman,range,4738.0,0.09165863906462005,0.17751925905836258,-0.08586061999373518,0.09163895614735039
SOLUSDT,kalman,transition,12072.833333333334,0.47031016056976505,0.3199228128202792,0.1503873477494787,0.08950048554905252
SOLUSDT,trend_ensemble_long,up_persistent,3083.0,0.007702973125944293,0.0077029731259416825,0.0,0.01809756160776489
SOLUSDT,trend_ensemble_long,down_persistent,2177.0,-0.0175081233830857,-0.017508123383086455,0.0,0.0012662462364993986
SOLUSDT,trend_ensemble_long,panic_continuation,698.0,-0.012115223480510973,-0.012115223480510905,0.0,0.002220592133935528
SOLUSDT,trend_ensemble_long,rebound,1183.0,-0.16191887108189323,-0.1619188710818935,0.0,0.007554338872636026
SOLUSDT,trend_ensemble_long,range,4738.0,0.06886496685609755,0.06886496685609841,0.0,0.01719592526191002
SOLUSDT,trend_ensemble_long,transition,12072.833333333334,0.2754972997218684,0.2754972997218643,0.0,0.018477116150237456
SOLUSDT,regime_gate_long,up_persistent,3083.0,0.1697576551854635,0.16975765518546398,0.0,0.02500576436602147
SOLUSDT,regime_gate_long,down_persistent,2177.0,-0.016820162579475714,-0.016820162579476126,0.0,0.001035913758364284
SOLUSDT,regime_gate_long,panic_continuation,698.0,0.1102852320145647,0.11028523201456528,0.0,0.0011462680756107067
SOLUSDT,regime_gate_long,rebound,1183.0,-0.20113919404115316,-0.2011391940411469,0.0,0.044193761671018836
SOLUSDT,regime_gate_long,range,4738.0,0.001485802245303728,0.0014858022453061916,0.0,0.010752566893013595
SOLUSDT,regime_gate_long,transition,12072.833333333334,0.2717899324753622,0.27178993247535854,0.0,0.018347267742206772
SOLUSDT,expanding_tree,up_persistent,3083.0,-0.43081956453202963,-0.2641938869789778,-0.16662567755306035,0.04276366114688843
SOLUSDT,expanding_tree,down_persistent,2177.0,-0.9012355734673433,-0.6111823235033,-0.2900532499640393,0.031881163527937746
SOLUSDT,expanding_tree,panic_continuation,698.0,0.887654478973932,1.043152801675888,-0.15549832270196276,0.04264537589707178
SOLUSDT,expanding_tree,rebound,1183.0,0.3466672450218435,0.29763371690361173,0.049033528118237246,0.029313637143375232
SOLUSDT,expanding_tree,range,4738.0,0.06106044354536388,-0.02988691975267105,0.09094736329803461,0.01748155940569469
SOLUSDT,expanding_tree,transition,12072.833333333334,0.3047807436739565,0.31084957710543093,-0.006068833431475241,0.02578806842021636
SOLUSDT,rolling_tree,up_persistent,3083.0,-0.7979870854944012,-0.33743194504534046,-0.46055514044907925,0.0401356117501596
SOLUSDT,rolling_tree,down_persistent,2177.0,-0.728632453209254,-0.45510873578391464,-0.27352371742534654,0.04666984987126103
SOLUSDT,rolling_tree,panic_continuation,698.0,1.6642434511308755,1.751653269902733,-0.08740981877186549,0.06135083555933596
SOLUSDT,rolling_tree,rebound,1183.0,-0.13684920982361007,-0.06270220416271215,-0.07414700566090324,0.045737498788853324
SOLUSDT,rolling_tree,range,4738.0,-0.08490426955326075,-0.09524206496176105,0.010337795408503443,0.03667356937546719
SOLUSDT,rolling_tree,transition,12072.833333333334,0.23895489195760042,0.16494274804415918,0.07401214391344048,0.03770951385638119
SOLUSDT,action_tcn,up_persistent,3083.0,-0.7833071813892885,-0.5319818762425168,-0.25132530514677576,0.038749402934743514
SOLUSDT,action_tcn,down_persistent,2177.0,-0.09913512165374544,-0.2965420873071435,0.19740696565340565,0.060730637784266905
SOLUSDT,action_tcn,panic_continuation,698.0,-2.371085991435917,-1.3668577359355953,-1.0042282555002822,0.07052270837631584
SOLUSDT,action_tcn,rebound,1183.0,0.8268303228085999,0.6043097294921324,0.22252059331648064,0.06786080559468148
SOLUSDT,action_tcn,range,4738.0,-0.14851237142766824,-0.13632199641532725,-0.012190375012338703,0.06244837448044022
SOLUSDT,action_tcn,transition,12072.833333333334,0.21758923154183474,0.25063693315604074,-0.033047701614209044,0.05243476117658547
SOLUSDT,vol_long,up_persistent,3083.0,-0.010755209672658863,-0.010755209672656791,0.0,0.0008163552814033311
SOLUSDT,vol_long,down_persistent,2177.0,-0.45010356381416616,-0.4501035638141803,0.0,6.157364930510049e-05
SOLUSDT,vol_long,panic_continuation,698.0,1.1411190636969788,1.1411190636969797,0.0,0.0017134100533628808
SOLUSDT,vol_long,rebound,1183.0,0.339645463893028,0.3396454638930688,0.0,0.0004965672186404685
SOLUSDT,vol_long,range,4738.0,-0.06971807273944404,-0.06971807273944532,0.0,0.0005251566297825765
SOLUSDT,vol_long,transition,12072.833333333334,0.47790367208726764,0.47790367208726886,0.0,0.0004735368705552594
SOLUSDT,hold,up_persistent,3083.0,-0.6316964937002326,-0.631696493700227,0.0,0.0
SOLUSDT,hold,down_persistent,2177.0,-0.62029971162921,-0.620299711629235,0.0,0.0
SOLUSDT,hold,panic_continuation,698.0,4.717147203638901,4.717147203638905,0.0,0.0
SOLUSDT,hold,rebound,1183.0,1.243247965776306,1.243247965776372,0.0,0.0
SOLUSDT,hold,range,4738.0,-0.23270490278428888,-0.2327049027842858,0.0,0.00042203463064246593
SOLUSDT,hold,transition,12072.833333333334,0.9534359722530206,0.9534359722530168,0.0,0.000165661195245524
TRXUSDT,trend24,up_persistent,4006.0,1.4557159484189512,1.4522730493798033,0.0034428990391218756,0.08779976042673814
TRXUSDT,trend24,down_persistent,1820.0,1.421540785925203,0.008714202615939373,1.4128265833092488,0.10187760613001579
TRXUSDT,trend24,panic_continuation,459.0,-4.402170511095073,-0.13098502660027336,-4.271185484494767,0.07661180759069758
TRXUSDT,trend24,rebound,1096.0,-0.33924400938147403,0.31945037669464904,-0.6586943860761211,0.18714985067779652
TRXUSDT,trend24,range,3761.0,-0.15134348314791857,0.14226468683012153,-0.2936081699780397,0.13171027904961458
TRXUSDT,trend24,transition,12809.833333333334,-0.14302346952638406,0.017388546676001707,-0.16041201620237808,0.13313498483207067
TRXUSDT,trend72,up_persistent,4006.0,1.3937836935353818,1.3843063755898533,0.009477317945501506,0.034635515465968505
TRXUSDT,trend72,down_persistent,1820.0,1.1468641022989383,-0.12863063331591534,1.2754947356148638,0.053608822096434076
TRXUSDT,trend72,panic_continuation,459.0,-4.279277564005412,0.1477481263651234,-4.427025690370519,0.047946010471360136
TRXUSDT,trend72,rebound,1096.0,-0.5562980092199553,0.17048563767519553,-0.7267836468951022,0.08201376921333406
TRXUSDT,trend72,range,3761.0,-0.24767595445701204,0.06461995001764913,-0.31229590447465844,0.10685703410281693
TRXUSDT,trend72,transition,12809.833333333334,-0.06459881285689997,0.05564260435897533,-0.12024141721587298,0.06600660042409136
TRXUSDT,trend168,up_persistent,4006.0,1.6124478896710233,1.612447889670995,0.0,0.016769455153951025
TRXUSDT,trend168,down_persistent,1820.0,1.508764245989532,0.0,1.5087642459895263,0.01778275012459638
TRXUSDT,trend168,panic_continuation,459.0,-3.964296271548569,-0.025860187463015133,-3.9384360840855237,0.035023451249796354
TRXUSDT,trend168,rebound,1096.0,-0.5943922336264186,-0.003606672293871526,-0.5907855613325207,0.037647225279398816
TRXUSDT,trend168,range,3761.0,0.02900341580824081,0.15260778348907156,-0.12360436768082592,0.05777073565347261
TRXUSDT,trend168,transition,12809.833333333334,-0.013734569308583635,0.018951456261960736,-0.0326860255705387,0.04263380849692835
TRXUSDT,trend336,up_persistent,4006.0,1.4151526810744433,1.513311623930416,-0.09815894285598901,0.020097852055852627
TRXUSDT,trend336,down_persistent,1820.0,1.44505962594197,0.10884223026207861,1.3362173956798562,0.02832357582126579
TRXUSDT,trend336,panic_continuation,459.0,-4.18560612606524,0.07942127367511408,-4.265027399740348,0.045692121639458294
TRXUSDT,trend336,rebound,1096.0,0.30716924805148355,0.556791925638254,-0.24962267758678874,0.028663538163964067
TRXUSDT,trend336,range,3761.0,0.3484042961934375,0.17704340931410215,0.17136088687931467,0.02825928929892204
TRXUSDT,trend336,transition,12809.833333333334,-0.09367910095986089,0.03224359767261836,-0.12592269863247968,0.0253700047207156
TRXUSDT,trend_ensemble,up_persistent,4006.0,1.4494946296018205,1.4500887040563208,-0.0005940744545257226,0.039488857329279564
TRXUSDT,trend_ensemble,down_persistent,1820.0,1.2471193340413744,-0.05625992452919567,1.3033792585705617,0.05078986715292309
TRXUSDT,trend_ensemble,panic_continuation,459.0,-4.092042300427046,0.0,-4.092042300427023,0.05017861464136982
TRXUSDT,trend_ensemble,rebound,1096.0,-0.3637155408470049,0.03787681526041556,-0.4015923561073982,0.09262367329962033
TRXUSDT,trend_ensemble,range,3761.0,-0.15629751807386041,0.027068227731290407,-0.18336574580515141,0.0730765503687867
TRXUSDT,trend_ensemble,transition,12809.833333333334,-0.08125936560540332,-0.007970262542648087,-0.07328910306275066,0.0625577859500296
TRXUSDT,breakout,up_persistent,4006.0,1.4336143634586214,1.4329418240783849,0.0006725393802028475,0.07048093151862528
TRXUSDT,breakout,down_persistent,1820.0,1.3411248638748587,-0.09480821618201717,1.4359330800568804,0.07876577211657944
TRXUSDT,breakout,panic_continuation,459.0,-3.5985711034061576,0.09342400319330997,-3.69199510659945,0.09097014800079234
TRXUSDT,breakout,rebound,1096.0,-0.31747320825945635,-0.027912328404911962,-0.28956087985454376,0.13334978680526705
TRXUSDT,breakout,range,3761.0,-0.10822988721305965,0.1023409349962073,-0.21057082220926904,0.10383264871228766
TRXUSDT,breakout,transition,12809.833333333334,0.05358891406060579,0.15086224208945187,-0.0972733280288402,0.09018213165668838
TRXUSDT,range_only,up_persistent,4006.0,-1.3151815373925944,-0.000781115957979363,-1.314400421434598,0.02789449695830507
TRXUSDT,range_only,down_persistent,1820.0,-0.8057094529292698,-0.8586450592738832,0.05293560634461694,0.03464631763848294
TRXUSDT,range_only,panic_continuation,459.0,2.9817060243173303,2.9992318877027113,-0.017525863385401064,0.0384280444330705
TRXUSDT,range_only,rebound,1096.0,0.018357956135390277,0.09044648059787888,-0.07208852446249306,0.09027981893045468
TRXUSDT,range_only,range,3761.0,0.07538284187709418,0.15709111339440338,-0.08170827151730865,0.05764245465942656
TRXUSDT,range_only,transition,12809.833333333334,0.03265579437369868,0.07107337133217592,-0.0384175769584796,0.05036311143449804
TRXUSDT,down_rebound,up_persistent,4006.0,1.3966550081027986,1.3943311314680171,0.002323876634754718,0.019264747821027155
TRXUSDT,down_rebound,down_persistent,1820.0,1.4530128249558025,0.03915256729280935,1.413860257662977,0.0931079469770482
TRXUSDT,down_rebound,panic_continuation,459.0,-4.280157112322812,0.23712014249035418,-4.5172772548131395,0.11410529069920157
TRXUSDT,down_rebound,rebound,1096.0,0.0273921863666392,0.44797979798918625,-0.4205876116225954,0.35638220691104316
TRXUSDT,down_rebound,range,3761.0,-0.07441529837257199,0.10949409125348401,-0.18390938962605136,0.07400983691190194
TRXUSDT,down_rebound,transition,12809.833333333334,-0.012319891127618476,0.07004018531923985,-0.08236007644685572,0.07021802497176628
TRXUSDT,selected_trend,up_persistent,4006.0,1.4595531073483852,1.4654828322923033,-0.005929724943945595,0.037045084526756145
TRXUSDT,selected_trend,down_persistent,1820.0,1.225607886206166,-0.032515720203403174,1.258123606409545,0.04058928469453933
TRXUSDT,selected_trend,panic_continuation,459.0,-4.387569243822376,-0.05331366409291585,-4.334255579729433,0.04419703499398785
TRXUSDT,selected_trend,rebound,1096.0,-0.0877826178623599,0.2752082804781297,-0.36299089834050563,0.07055405906952318
TRXUSDT,selected_trend,range,3761.0,0.232017542564354,0.3046798962841059,-0.07266235371975509,0.07707314501439122
TRXUSDT,selected_trend,transition,12809.833333333334,-0.14401696879029383,-0.060288909177755826,-0.08372805961253761,0.0644489387393284
TRXUSDT,selected_breakout,up_persistent,4006.0,1.4006450626610225,1.4187508910785056,-0.01810582841752082,0.0506242144964879
TRXUSDT,selected_breakout,down_persistent,1820.0,1.3585585612906954,-0.091407670065129,1.4499662313557877,0.049469065863231354
TRXUSDT,selected_breakout,panic_continuation,459.0,-3.403590999359459,0.1328474035420197,-3.53643840290145,0.0774882102599856
TRXUSDT,selected_breakout,rebound,1096.0,-0.4822489886480968,-0.001272997751230392,-0.48097599089686033,0.08881681342466029
TRXUSDT,selected_breakout,range,3761.0,-0.35505864181332214,-0.02248790164017042,-0.33257074017314503,0.07692945030674139
TRXUSDT,selected_breakout,transition,12809.833333333334,-0.12332735116021207,-0.027084120826140118,-0.09624323033406922,0.061644391722405725
TRXUSDT,regime_gate,up_persistent,4006.0,1.4576583959996703,1.4587225543388351,-0.001064158339190836,0.04915034757014827
TRXUSDT,regime_gate,down_persistent,1820.0,1.451515744485681,-0.00846257481080109,1.4599783192964744,0.07773871844338534
TRXUSDT,regime_gate,panic_continuation,459.0,-3.644335552250164,0.004357125465017905,-3.6486926777151605,0.10142612869171852
TRXUSDT,regime_gate,rebound,1096.0,-0.2585152247361242,0.23711039886222124,-0.49562562359836926,0.22710960258712626
TRXUSDT,regime_gate,range,3761.0,-0.07720288562826333,-0.018720098423613458,-0.058482787204651485,0.04913351460111862
TRXUSDT,regime_gate,transition,12809.833333333334,-0.010525860389148756,0.03574801632632751,-0.046273876715473485,0.05725805352028317
TRXUSDT,gate_no_range,up_persistent,4006.0,1.4463945008491406,1.445400268509253,0.0009942323398612115,0.04420241470789294
TRXUSDT,gate_no_range,down_persistent,1820.0,1.4180468478296822,-0.031212759474619718,1.4492596073042956,0.07186980488234108
TRXUSDT,gate_no_range,panic_continuation,459.0,-3.651877842219534,0.0025083088050174883,-3.654386151024526,0.0947721228479424
TRXUSDT,gate_no_range,rebound,1096.0,-0.2878395039449618,0.25391638985724974,-0.541755893802235,0.22792544858965696
TRXUSDT,gate_no_range,range,3761.0,-0.11674534982892558,-0.022786945757730236,-0.09395840407119654,0.04415296228325717
TRXUSDT,gate_no_range,transition,12809.833333333334,-0.010221677603167306,0.030801735319338212,-0.041023412922502396,0.057160922684787514
TRXUSDT,adaptive14,up_persistent,4006.0,1.4067882675292251,1.4065915414703745,0.0001967260588238344,0.04296379306494043
TRXUSDT,adaptive14,down_persistent,1820.0,1.395197143632793,-0.014517684716459821,1.4097148283492453,0.07197267942998284
TRXUSDT,adaptive14,panic_continuation,459.0,-3.53981393028546,-0.007057604521144265,-3.5327563257643,0.08820228519430016
TRXUSDT,adaptive14,rebound,1096.0,-0.08263819774767821,0.23461301825696454,-0.3172512160046595,0.21119601981592384
TRXUSDT,adaptive14,range,3761.0,-0.1017552468086129,-0.04395532084127899,-0.057799925967335075,0.04347907091620538
TRXUSDT,adaptive14,transition,12809.833333333334,-0.03102564420921026,0.04837123264658847,-0.07939687685579538,0.055047283673227095
TRXUSDT,adaptive42,up_persistent,4006.0,1.4314583331927764,1.4301260735332495,0.001332259659500876,0.043189524212128474
TRXUSDT,adaptive42,down_persistent,1820.0,1.351174474131829,-0.006387215455531301,1.3575616895873515,0.07474030229921831
TRXUSDT,adaptive42,panic_continuation,459.0,-3.3054709813124115,3.656172344542039e-05,-3.3055075430358376,0.08888178381256251
TRXUSDT,adaptive42,rebound,1096.0,-0.13938009862584622,0.22607704241712448,-0.36545714104299204,0.21054884489889453
TRXUSDT,adaptive42,range,3761.0,-0.07400758754063433,-0.02305038178908613,-0.05095720575154834,0.04393245084330033
TRXUSDT,adaptive42,transition,12809.833333333334,-0.044487190810737064,0.013520907387215106,-0.05800809819795015,0.054515001508613624
TRXUSDT,adaptive126,up_persistent,4006.0,1.4317966400715134,1.4305395874660711,0.0012570526054175091,0.046378113683847984
TRXUSDT,adaptive126,down_persistent,1820.0,1.3721387991974396,-0.011346180340725294,1.3834849795381547,0.07858679391918683
TRXUSDT,adaptive126,panic_continuation,459.0,-3.0826739039086988,0.012523022111673514,-3.095196926020359,0.09059986423472519
TRXUSDT,adaptive126,rebound,1096.0,-0.17179132990892834,0.23223890377397383,-0.4040302336829256,0.20827015651670283
TRXUSDT,adaptive126,range,3761.0,-0.0782137468538683,-0.022108816796115028,-0.056104930057753806,0.04383312505365719
TRXUSDT,adaptive126,transition,12809.833333333334,-0.025113168433701205,0.017815949668883366,-0.042929118102582486,0.05392042882635066
TRXUSDT,filtered_moe,up_persistent,4006.0,0.9202404005107316,0.9204217247816315,-0.00018132427091622073,0.026262496301655155
TRXUSDT,filtered_moe,down_persistent,1820.0,0.7470434971323009,-0.02192271321036036,0.7689662103426561,0.03286043796371713
TRXUSDT,filtered_moe,panic_continuation,459.0,-2.6311773474082525,0.0005947349592411116,-2.631772082367479,0.043830275877325305
TRXUSDT,filtered_moe,rebound,1096.0,-0.23165600020150867,0.13381581334254097,-0.3654718135440608,0.07728854896810367
TRXUSDT,filtered_moe,range,3761.0,-0.06828279508659314,0.0285682566447196,-0.0968510517313127,0.03188335881399448
TRXUSDT,filtered_moe,transition,12809.833333333334,-0.02370412583374177,0.037962550764556596,-0.061666676598293384,0.03276783884313679
TRXUSDT,kalman,up_persistent,4006.0,1.2717070786261413,1.293413465282911,-0.02170638665680015,0.08289156065522343
TRXUSDT,kalman,down_persistent,1820.0,1.327187554813343,-0.036465585279650325,1.363653140092984,0.09541358182411382
TRXUSDT,kalman,panic_continuation,459.0,-4.467286283421244,0.044259144246356685,-4.511545427667565,0.06977640612377344
TRXUSDT,kalman,rebound,1096.0,-0.0717277961635938,0.2260710731576627,-0.2977988693212752,0.21996071049310573
TRXUSDT,kalman,range,3761.0,-0.03762003670531836,0.22646620688525537,-0.2640862435905764,0.15175138694035578
TRXUSDT,kalman,transition,12809.833333333334,-0.030142913625095944,0.07753615424367137,-0.10767906786876096,0.1499630174096717
TRXUSDT,trend_ensemble_long,up_persistent,4006.0,1.457562308246666,1.4575623082466405,0.0,0.039250961960226684
TRXUSDT,trend_ensemble_long,down_persistent,1820.0,-0.057259713571263214,-0.05725971357126432,0.0,0.003012259473561321
TRXUSDT,trend_ensemble_long,panic_continuation,459.0,0.009424231305766091,0.009424231305765649,0.0,0.003573348107328813
TRXUSDT,trend_ensemble_long,rebound,1096.0,0.04353499245391769,0.043534992453903215,0.0,0.012794949440961656
TRXUSDT,trend_ensemble_long,range,3761.0,0.01205872208196675,0.012058722081964918,0.0,0.04001479840161506
TRXUSDT,trend_ensemble_long,transition,12809.833333333334,0.0008207965034494781,0.0008207965034502608,0.0,0.03778506508278145
TRXUSDT,regime_gate_long,up_persistent,4006.0,1.458713774635923,1.458713774635897,0.0,0.04828505870819377
TRXUSDT,regime_gate_long,down_persistent,1820.0,-0.00865999648363578,-0.00865999648363741,0.0,0.002573454475087026
TRXUSDT,regime_gate_long,panic_continuation,459.0,0.006374544401976362,0.00637454440197479,0.0,0.0034090002509323167
TRXUSDT,regime_gate_long,rebound,1096.0,0.2749219116730568,0.2749219116730283,0.0,0.07474202578913487
TRXUSDT,regime_gate_long,range,3761.0,-0.022908075587816313,-0.02290807558781691,0.0,0.027451404406439367
TRXUSDT,regime_gate_long,transition,12809.833333333334,0.03850612291998765,0.03850612291998746,0.0,0.034982704114035514
TRXUSDT,expanding_tree,up_persistent,4006.0,0.6329259296354692,0.6123534226117623,0.020572507023684843,0.0400517526853062
TRXUSDT,expanding_tree,down_persistent,1820.0,-0.48750507615713573,-0.5043895623367519,0.01688448617963341,0.05226098770858213
TRXUSDT,expanding_tree,panic_continuation,459.0,2.605544123201157,3.004679444074567,-0.3991353208734535,0.05520511704429538
TRXUSDT,expanding_tree,rebound,1096.0,0.19436905780660316,0.18230312884686495,0.012065928959682965,0.05941944421798158
TRXUSDT,expanding_tree,range,3761.0,0.12618060217452254,0.22828358778312885,-0.10210298560860115,0.022542904779365405
TRXUSDT,expanding_tree,transition,12809.833333333334,0.20074249506702668,0.23370599753957524,-0.032963502472555625,0.03209329305230307
TRXUSDT,rolling_tree,up_persistent,4006.0,0.8733719080684722,0.9164723427155306,-0.04310043464706252,0.058919867371700456
TRXUSDT,rolling_tree,down_persistent,1820.0,-1.236878933805652,-1.1268070231065521,-0.11007191069910847,0.05196853641041082
TRXUSDT,rolling_tree,panic_continuation,459.0,4.035334357833605,4.576871364589653,-0.541537006756107,0.061992888531412625
TRXUSDT,rolling_tree,rebound,1096.0,0.30103153505079033,0.5836474194379102,-0.2826158843871624,0.057165462075759656
TRXUSDT,rolling_tree,range,3761.0,0.16845918253859068,0.38718194540011897,-0.21872276286151798,0.03812471155924021
TRXUSDT,rolling_tree,transition,12809.833333333334,0.22022317001901737,0.2841792649868694,-0.06395609496785741,0.0437527166519879
TRXUSDT,action_tcn,up_persistent,4006.0,1.429406988315641,1.3772433963318071,0.05216359198381191,0.05665876992098253
TRXUSDT,action_tcn,down_persistent,1820.0,-0.3282945371423298,-0.9211448484811697,0.5928503113388365,0.09146062823257493
TRXUSDT,action_tcn,panic_continuation,459.0,2.1148037588478896,2.9238490771738133,-0.8090453183259692,0.07709555878162619
TRXUSDT,action_tcn,rebound,1096.0,0.514940520661145,0.7970151113053145,-0.2820745906442004,0.09600546496218501
TRXUSDT,action_tcn,range,3761.0,-0.3329059193373277,-0.0737199383246872,-0.25918598101267093,0.09358730191447201
TRXUSDT,action_tcn,transition,12809.833333333334,0.23704203883314537,0.18879567022871224,0.04824636860442895,0.07876860443791994
TRXUSDT,vol_long,up_persistent,4006.0,1.661163886055377,1.661163886055344,0.0,0.0005130775109742683
TRXUSDT,vol_long,down_persistent,1820.0,-1.7120243392125136,-1.712024339212504,0.0,0.00013548121235319692
TRXUSDT,vol_long,panic_continuation,459.0,5.190189338040304,5.190189338040262,0.0,0.0005112484581059191
TRXUSDT,vol_long,rebound,1096.0,1.071846066429466,1.0718460664293448,0.0,0.0
TRXUSDT,vol_long,range,3761.0,0.6045395599194079,0.6045395599193926,0.0,0.00012289892617072383
TRXUSDT,vol_long,transition,12809.833333333334,0.29944373361923393,0.299443733619225,0.0,0.00045734450779894416
TRXUSDT,hold,up_persistent,4006.0,1.9154004818149017,1.9154004818148644,0.0,0.0
TRXUSDT,hold,down_persistent,1820.0,-1.9788965101452891,-1.9788965101452831,0.0,0.0
TRXUSDT,hold,panic_continuation,459.0,6.633896492238587,6.633896492238548,0.0,0.0
TRXUSDT,hold,rebound,1096.0,1.080525924068437,1.0805259240683038,0.0,0.0
TRXUSDT,hold,range,3761.0,0.5730605636731249,0.5730605636731048,0.0,0.0
TRXUSDT,hold,transition,12809.833333333334,0.2560188638090529,0.2560188638090402,0.0,0.00031223807810812267
XRPUSDT,trend24,up_persistent,2388.0,4.234553068639513,4.203187600112566,0.03136546852696123,0.05000581375893273
XRPUSDT,trend24,down_persistent,2392.0,-0.2464681662344423,-0.015230614027998943,-0.23123755220645364,0.07457667544073196
XRPUSDT,trend24,panic_continuation,535.0,-2.2602908123389662,-0.1262020226799816,-2.134088789658964,0.0402627685892543
XRPUSDT,trend24,rebound,1106.0,-1.0637055583651696,-0.3560565359289533,-0.7076490224362378,0.14311872033002243
XRPUSDT,trend24,range,5280.0,0.4173084265800629,0.13631322789205827,0.2809951986880054,0.09152749340795985
XRPUSDT,trend24,transition,12250.833333333334,0.0037975812679198516,-0.06740150258380931,0.07119908385173254,0.08726182246570717
XRPUSDT,trend72,up_persistent,2388.0,3.82127204601069,3.795806183635323,0.025465862375377662,0.02117551709792211
XRPUSDT,trend72,down_persistent,2392.0,-0.4746721529865559,-0.11542079370011693,-0.3592513592864463,0.0450236822495858
XRPUSDT,trend72,panic_continuation,535.0,-2.2739631509459293,-0.2232128208282063,-2.0507503301176926,0.024331037567886637
XRPUSDT,trend72,rebound,1106.0,-0.7217125450870799,0.18322275705577007,-0.9049353021428332,0.06839352751915673
XRPUSDT,trend72,range,5280.0,0.06490706841535411,0.0006437203275751699,0.06426334808777605,0.06362058454192528
XRPUSDT,trend72,transition,12250.833333333334,-0.11401908738218221,-0.19384408162068176,0.07982499423848788,0.04247863836243733
XRPUSDT,trend168,up_persistent,2388.0,4.312471367612841,4.312471367612849,0.0,0.014640877279025648
XRPUSDT,trend168,down_persistent,2392.0,0.34777724326290105,-0.0016648643201849056,0.3494421075830765,0.018040116931623603
XRPUSDT,trend168,panic_continuation,535.0,-2.3018654996274512,0.11795358609149698,-2.419819085718912,0.0179127071678736
XRPUSDT,trend168,rebound,1106.0,-1.9674130219770982,-0.14732145387360643,-1.8200915681034469,0.023337782468606398
XRPUSDT,trend168,range,5280.0,-0.14805761760602373,-0.20519122215516364,0.05713360454913643,0.035947949422338414
XRPUSDT,trend168,transition,12250.833333333334,-0.058412584799947515,-0.1229194635474717,0.0645068787475069,0.02673544087510077
XRPUSDT,trend336,up_persistent,2388.0,3.622272912540415,3.8213652047319338,-0.19909229219150498,0.021065565261715536
XRPUSDT,trend336,down_persistent,2392.0,0.7833875008352517,0.34005775676836075,0.44332974406689424,0.02140218538080026
XRPUSDT,trend336,panic_continuation,535.0,-0.9512829761253538,1.2942304302775267,-2.24551340640287,0.02038673333258338
XRPUSDT,trend336,rebound,1106.0,-1.3178799037823612,-0.01736108833983779,-1.300518815442485,0.019011791990059153
XRPUSDT,trend336,range,5280.0,-0.7284737595986422,-0.35544377808979266,-0.3730299815088329,0.01777710495968425
XRPUSDT,trend336,transition,12250.833333333334,-0.0029455831287181966,-0.008187679647227114,0.00524209651850287,0.017169181877567646
XRPUSDT,trend_ensemble,up_persistent,2388.0,3.948414244792529,3.9479194160084257,0.0004948287841131355,0.022093246020801236
XRPUSDT,trend_ensemble,down_persistent,2392.0,0.019532651241360284,-0.004385867506693078,0.02391851874804392,0.03800207389120859
XRPUSDT,trend_ensemble,panic_continuation,535.0,-2.788421094636891,0.0,-2.7884210946368584,0.023740277422931104
XRPUSDT,trend_ensemble,rebound,1106.0,-1.120398830362064,-0.17184438289635756,-0.9485544474656957,0.0700704173596986
XRPUSDT,trend_ensemble,range,5280.0,0.06106226869897915,0.005350615332880626,0.05571165336609761,0.04495558489229348
XRPUSDT,trend_ensemble,transition,12250.833333333334,-0.06770666846912728,-0.08540961912819484,0.017702950659060718,0.03849282402685317
XRPUSDT,breakout,up_persistent,2388.0,3.8794747371195193,3.8801101744257194,-0.0006354373061886209,0.044101339793310115
XRPUSDT,breakout,down_persistent,2392.0,0.13697714753327708,-0.023921444697665887,0.16089859223093078,0.05838859226419143
XRPUSDT,breakout,panic_continuation,535.0,-1.5829269653050109,0.021021078520993032,-1.6039480438259868,0.05415113218612305
XRPUSDT,breakout,rebound,1106.0,-0.05696553317139297,0.031218994453560224,-0.08818452762494726,0.10449834233308654
XRPUSDT,breakout,range,5280.0,0.5125848231378234,0.10690512794659557,0.4056796951912236,0.0712438884514694
XRPUSDT,breakout,transition,12250.833333333334,0.06499010305415862,-0.010603093515389458,0.07559319656954439,0.05836413998046826
XRPUSDT,range_only,up_persistent,2388.0,-2.923509080016401,-0.0006655791920828022,-2.9228435008243236,0.015404527147578256
XRPUSDT,range_only,down_persistent,2392.0,0.014985599667774714,-0.0059399107283665325,0.020925510396148664,0.024030114768675462
XRPUSDT,range_only,panic_continuation,535.0,2.684746589372002,2.6676464418235524,0.01710014754844123,0.015721502181467204
XRPUSDT,range_only,rebound,1106.0,0.6567708793822274,0.5239317309218878,0.13283914846033804,0.07031238344894125
XRPUSDT,range_only,range,5280.0,-0.14153138360691558,-0.12850873760393133,-0.013022646002982781,0.03280777088180078
XRPUSDT,range_only,transition,12250.833333333334,0.0356849365681186,-0.032205349069991125,0.06789028563811317,0.02923617304839124
XRPUSDT,down_rebound,up_persistent,2388.0,4.20342156455063,4.203421564550637,0.0,0.01288396567027766
XRPUSDT,down_rebound,down_persistent,2392.0,0.19868573411298668,0.16902943503183887,0.029656299081131078,0.0680247301026222
XRPUSDT,down_rebound,panic_continuation,535.0,-1.4307698917010945,0.16133321251743474,-1.5921031042185108,0.06142459096983926
XRPUSDT,down_rebound,rebound,1106.0,0.49613392886517915,0.6778125703108508,-0.18167864144571566,0.2793814317316786
XRPUSDT,down_rebound,range,5280.0,0.15823211350346444,-0.12799225910230438,0.28622437260576333,0.050976133168543054
XRPUSDT,down_rebound,transition,12250.833333333334,-0.1526133913163123,-0.16357286787741773,0.010959476561090227,0.05289437818805882
XRPUSDT,selected_trend,up_persistent,2388.0,3.825665814288342,3.808102673438419,0.0175631408499374,0.02710972942256946
XRPUSDT,selected_trend,down_persistent,2392.0,0.06178426268374089,-0.011708460650243082,0.07349272333397283,0.03985453864245093
XRPUSDT,selected_trend,panic_continuation,535.0,-2.1201341019636937,-0.15760081446737922,-1.9625332874963015,0.03683166372735443
XRPUSDT,selected_trend,rebound,1106.0,-0.5761602132979234,-0.2855201593132693,-0.29064005398464515,0.07816778346811942
XRPUSDT,selected_trend,range,5280.0,0.038135994218058446,-0.09357937689399295,0.131715371112047,0.04727238546605385
XRPUSDT,selected_trend,transition,12250.833333333334,-0.14798991506685819,-0.1731152869107605,0.02512537184389418,0.04235669977950851
XRPUSDT,selected_breakout,up_persistent,2388.0,3.9083715250174196,3.8928705486223443,0.015500976395093659,0.04958082831215645
XRPUSDT,selected_breakout,down_persistent,2392.0,0.020917901916054315,-0.028132868576769134,0.049050770492813846,0.052540953323958785
XRPUSDT,selected_breakout,panic_continuation,535.0,-1.335509260861564,0.09283188796758424,-1.4283411488291302,0.05441734582869816
XRPUSDT,selected_breakout,rebound,1106.0,0.33348275857845483,0.26315414650882746,0.07032861206963925,0.10057325913691306
XRPUSDT,selected_breakout,range,5280.0,0.2587682049694076,-0.02888677333961599,0.28765497830901676,0.05856936013436228
XRPUSDT,selected_breakout,transition,12250.833333333334,-0.1834932471935874,-0.14152613125558647,-0.041967115938000156,0.051925694231460276
XRPUSDT,regime_gate,up_persistent,2388.0,3.7058154185986747,3.704302716837232,0.0015127017614524286,0.031223628916408237
XRPUSDT,regime_gate,down_persistent,2392.0,0.38282590422439894,0.007727399427166208,0.37509850479722234,0.058006729429632406
XRPUSDT,regime_gate,panic_continuation,535.0,-1.7583157868670334,0.026665051649691806,-1.7849808385166972,0.06100287698096349
XRPUSDT,regime_gate,rebound,1106.0,-0.19787648212544195,0.009582206656299072,-0.20745868878176177,0.18063890296353438
XRPUSDT,regime_gate,range,5280.0,-0.061745153520258486,-0.01339776316878403,-0.04834739035147328,0.028438910834653358
XRPUSDT,regime_gate,transition,12250.833333333334,-0.06763642586262839,-0.08745776985002279,0.019821343987386195,0.0374092272612023
XRPUSDT,gate_no_range,up_persistent,2388.0,3.726533035216565,3.724895942437554,0.0016370927790219539,0.028520876157595267
XRPUSDT,gate_no_range,down_persistent,2392.0,0.3062135905893769,-0.015659016239268932,0.321872606828635,0.052859979900917474
XRPUSDT,gate_no_range,panic_continuation,535.0,-1.9376778704392417,-0.016794529191733982,-1.9208833412474808,0.05443166645514111
XRPUSDT,gate_no_range,rebound,1106.0,-0.3013730239129795,-0.03638334923223719,-0.264989674680761,0.18132052658859138
XRPUSDT,gate_no_range,range,5280.0,-0.03459599928770075,-0.015310826529148962,-0.019285172758552165,0.024503159897675635
XRPUSDT,gate_no_range,transition,12250.833333333334,-0.10775416727470874,-0.11388699886362365,0.006132831588906123,0.03730957915554225
XRPUSDT,adaptive14,up_persistent,2388.0,3.8614165212498146,3.859651009722037,0.0017655115277878414,0.02983938683800149
XRPUSDT,adaptive14,down_persistent,2392.0,0.2155397226603874,0.02143733421115701,0.19410238844921954,0.054739729747435295
XRPUSDT,adaptive14,panic_continuation,535.0,-1.3149430321170712,0.030410481024676316,-1.3453535131417236,0.05311278415791738
XRPUSDT,adaptive14,rebound,1106.0,-0.36353705091490385,-0.031700399495759764,-0.3318366514191633,0.16759833465056173
XRPUSDT,adaptive14,range,5280.0,-0.09052715907282255,-0.014489073952779033,-0.07603808512004337,0.023140621098898667
XRPUSDT,adaptive14,transition,12250.833333333334,-0.05733232937151989,-0.07126190105226542,0.013929571680736802,0.03376103807345811
XRPUSDT,adaptive42,up_persistent,2388.0,3.7510480443533734,3.74974965028524,0.0012983940681429071,0.03190583540184013
XRPUSDT,adaptive42,down_persistent,2392.0,0.28552549112797715,0.0367514530984491,0.24877403802951514,0.052647808504441077
XRPUSDT,adaptive42,panic_continuation,535.0,-1.2032891824223961,0.03329288548880375,-1.2365820679111725,0.05168845449914784
XRPUSDT,adaptive42,rebound,1106.0,-0.378449133155321,-0.024351743886884766,-0.3540973892684554,0.1655957860081117
XRPUSDT,adaptive42,range,5280.0,-0.07265848929856236,-0.009039993510923407,-0.063618495787639,0.0235227417662821
XRPUSDT,adaptive42,transition,12250.833333333334,-0.12953088488402317,-0.13062778300625683,0.0010968981222245835,0.03351940419040245
XRPUSDT,adaptive126,up_persistent,2388.0,3.747074347154043,3.7465191508344082,0.0005551963196453502,0.03158058537927261
XRPUSDT,adaptive126,down_persistent,2392.0,0.31987857651643087,0.02958226223382073,0.29029631428259617,0.05018689067744691
XRPUSDT,adaptive126,panic_continuation,535.0,-1.231906407643997,0.003971940987867524,-1.235878348631843,0.04643392027328451
XRPUSDT,adaptive126,rebound,1106.0,-0.3557173902976187,-0.03665168241068009,-0.3190657078869594,0.163934912832235
XRPUSDT,adaptive126,range,5280.0,-0.0749753413482346,-0.013281191326394305,-0.061694150021839846,0.0234527239120552
XRPUSDT,adaptive126,transition,12250.833333333334,-0.0792972602812157,-0.09221698547519001,0.012919725193965743,0.033318085580474575
XRPUSDT,filtered_moe,up_persistent,2388.0,3.579513483790861,3.5793360066629964,0.00017747712787673017,0.016900886495859014
XRPUSDT,filtered_moe,down_persistent,2392.0,0.2047941265084928,0.012517790036192742,0.1922763364722932,0.026050854897928626
XRPUSDT,filtered_moe,panic_continuation,535.0,-1.164135682041409,-0.012301233786111676,-1.1518344482552905,0.026918174366773993
XRPUSDT,filtered_moe,rebound,1106.0,-0.9300063059969897,-0.009146540786997111,-0.9208597652099939,0.06461449646716041
XRPUSDT,filtered_moe,range,5280.0,0.03354742057689074,0.0120142956777676,0.021533124899123214,0.014745125140466095
XRPUSDT,filtered_moe,transition,12250.833333333334,-0.13370585492281523,-0.12730430539008378,-0.006401549532737168,0.018532272396803235
XRPUSDT,kalman,up_persistent,2388.0,4.011865981097252,4.027407856046057,-0.015541874948791959,0.04134176303949142
XRPUSDT,kalman,down_persistent,2392.0,-0.22215134068945794,-0.05843352233229404,-0.16371781835717736,0.06746743952701906
XRPUSDT,kalman,panic_continuation,535.0,-2.3174877352678944,-0.05121502794343171,-2.2662727073244455,0.03455836832088622
XRPUSDT,kalman,rebound,1106.0,-0.6779842807303146,-0.2995385131203671,-0.3784457676099667,0.17706081722522932
XRPUSDT,kalman,range,5280.0,0.48918328328544775,0.14647437487577025,0.3427089084096755,0.10327284353773154
XRPUSDT,kalman,transition,12250.833333333334,0.19882143052613463,0.039181624783845716,0.15963980574229047,0.09624210596130611
XRPUSDT,trend_ensemble_long,up_persistent,2388.0,3.9363912809154584,3.9363912809154664,0.0,0.02207722516193386
XRPUSDT,trend_ensemble_long,down_persistent,2392.0,-0.017246792748958555,-0.01724679274895799,0.0,0.0006155419943503886
XRPUSDT,trend_ensemble_long,panic_continuation,535.0,0.13115815106206985,0.13115815106206907,0.0,0.0
XRPUSDT,trend_ensemble_long,rebound,1106.0,-0.12546040129964087,-0.1254604012996458,0.0,0.00844572059746597
XRPUSDT,trend_ensemble_long,range,5280.0,-0.02342808763611686,-0.02342808763611665,0.0,0.019377829143638472
XRPUSDT,trend_ensemble_long,transition,12250.833333333334,-0.07152982815374868,-0.0715298281537542,0.0,0.018090477943297902
XRPUSDT,regime_gate_long,up_persistent,2388.0,3.7571397161586746,3.7571397161586844,0.0,0.030358514449262523
XRPUSDT,regime_gate_long,down_persistent,2392.0,0.0466412647329963,0.0466412647329969,0.0,0.0006191303011627778
XRPUSDT,regime_gate_long,panic_continuation,535.0,0.11384801570212558,0.11384801570212467,0.0,0.0018701086015076732
XRPUSDT,regime_gate_long,rebound,1106.0,-0.05913478406398937,-0.059134784064000225,0.0,0.05146334961944583
XRPUSDT,regime_gate_long,range,5280.0,0.007373924849203447,0.0073739248492042135,0.0,0.010128929106403955
XRPUSDT,regime_gate_long,transition,12250.833333333334,-0.08033451121468026,-0.0803345112146861,0.0,0.01689446425595845
XRPUSDT,expanding_tree,up_persistent,2388.0,1.3376498036960416,1.6553974251970425,-0.3177476215010025,0.03572551842159974
XRPUSDT,expanding_tree,down_persistent,2392.0,-0.4608931144277489,-0.31740959108162214,-0.14348352334614134,0.03789765952003623
XRPUSDT,expanding_tree,panic_continuation,535.0,3.026838988717113,3.609817486755813,-0.5829784980387342,0.056201210768745534
XRPUSDT,expanding_tree,rebound,1106.0,1.2050086015773258,1.1258288997815362,0.07917970179575856,0.03437390227095061
XRPUSDT,expanding_tree,range,5280.0,-0.1095989453100408,-0.18314383400589138,0.07354488869584096,0.025141028480732925
XRPUSDT,expanding_tree,transition,12250.833333333334,0.017043103739264102,-0.007903513110172348,0.024946616849427675,0.029110262220758413
XRPUSDT,rolling_tree,up_persistent,2388.0,-0.8533737782549535,0.6384527338703593,-1.4918265121253025,0.04265009527880946
XRPUSDT,rolling_tree,down_persistent,2392.0,0.04768836713638939,0.09305611460208182,-0.045367747465707646,0.04905009185924302
XRPUSDT,rolling_tree,panic_continuation,535.0,3.723736184635303,4.463984973033145,-0.7402487883978514,0.07239526538023176
XRPUSDT,rolling_tree,rebound,1106.0,1.6689281268337954,1.2308614942886607,0.43806663254511174,0.04713587964999864
XRPUSDT,rolling_tree,range,5280.0,0.10476865008775316,-0.10282319193401045,0.2075918420217553,0.03601666292453445
XRPUSDT,rolling_tree,transition,12250.833333333334,0.1067433980179504,0.018607582448427917,0.08813581556950398,0.04052027278235466
XRPUSDT,action_tcn,up_persistent,2388.0,0.9941685303512737,1.9568264937775048,-0.9626579634262117,0.04874408888594106
XRPUSDT,action_tcn,down_persistent,2392.0,-0.961993895691444,-0.7263045308543874,-0.23568936483704736,0.06985973120658348
XRPUSDT,action_tcn,panic_continuation,535.0,4.6399923240942424,3.5320164168505555,1.1079759072436253,0.06535063144335458
XRPUSDT,action_tcn,rebound,1106.0,0.18138180176734847,0.2223894948134928,-0.04100769304616011,0.07691024332394572
XRPUSDT,action_tcn,range,5280.0,-0.22162517644744753,-0.26015368907843744,0.038528512630978444,0.06750768449520551
XRPUSDT,action_tcn,transition,12250.833333333334,0.08184665366882474,-0.1547894954060555,0.23663614907487382,0.059093762060651006
XRPUSDT,vol_long,up_persistent,2388.0,4.846803368639054,4.846803368639063,0.0,0.0018768450174322373
XRPUSDT,vol_long,down_persistent,2392.0,-0.19304910246491233,-0.19304910246489798,0.0,0.0007572553495222495
XRPUSDT,vol_long,panic_continuation,535.0,6.466971888976741,6.466971888976701,0.0,0.006453725207635091
XRPUSDT,vol_long,rebound,1106.0,0.904356845481689,0.9043568454816391,0.0,0.0009953661877695685
XRPUSDT,vol_long,range,5280.0,-0.34546890257393953,-0.34546890257393287,0.0,0.0006236372591846666
XRPUSDT,vol_long,transition,12250.833333333334,-0.434429646385894,-0.4344296463859045,0.0,0.0008726536416531346
XRPUSDT,hold,up_persistent,2388.0,7.565685780931594,7.565685780931609,0.0,0.0
XRPUSDT,hold,down_persistent,2392.0,0.7721630067876032,0.7721630067876344,0.0,0.0
XRPUSDT,hold,panic_continuation,535.0,11.366687562462305,11.366687562462236,0.0,0.0
XRPUSDT,hold,rebound,1106.0,1.7244029848750662,1.7244029848749722,0.0,0.0
XRPUSDT,hold,range,5280.0,-0.1557923724711378,-0.15579237247112737,0.0,0.0
XRPUSDT,hold,transition,12250.833333333334,-0.5920775733290283,-0.5920775733290464,0.0,0.0003262204557148616
