symbol,phase,state,horizon,n,mean_bp,median_bp,positive_rate
ADAUSDT,all,up_persistent,24,2452,55.8086564955563,-15.816904107495699,0.48083197389885807
ADAUSDT,all,up_persistent,72,2415,115.49672930446427,25.49213992352417,0.5126293995859214
ADAUSDT,all,up_persistent,240,2363,52.15808967434333,-300.8987885892933,0.38848920863309355
ADAUSDT,all,down_persistent,24,2840,9.442132582889547,16.715034599069647,0.5169014084507042
ADAUSDT,all,down_persistent,72,2840,79.00939603686018,-2.033006048430819,0.49577464788732395
ADAUSDT,all,down_persistent,240,2808,119.64281561830947,44.24148069152034,0.5181623931623932
ADAUSDT,all,panic_continuation,24,570,84.31632841614685,123.42323974476099,0.6017543859649123
ADAUSDT,all,panic_continuation,72,570,67.96861962867654,201.70885626367706,0.6210526315789474
ADAUSDT,all,panic_continuation,240,570,194.97330107218738,138.59905067973855,0.5578947368421052
ADAUSDT,all,rebound,24,1202,-1.5190490511481771,-47.52709475206396,0.46089850249584025
ADAUSDT,all,rebound,72,1202,27.688803432754156,-49.82373262207129,0.456738768718802
ADAUSDT,all,rebound,240,1197,32.08863325384835,-51.734631771149786,0.47619047619047616
ADAUSDT,all,range,24,4383,-32.56772125758083,-43.70506132806984,0.4357745836185261
ADAUSDT,all,range,72,4383,-99.25990112363753,-81.05147864184036,0.44786675792835956
ADAUSDT,all,range,240,4370,-105.0492701211084,-189.41370441737214,0.4320366132723112
ADAUSDT,all,transition,24,12481,-0.9550925039903608,-27.75850104094424,0.46158160403813797
ADAUSDT,all,transition,72,12470,0.8700032039756073,-97.4792526701973,0.4370489174017642
ADAUSDT,all,transition,240,12404,18.457671334980155,-223.40615319742517,0.4255079006772009
ADAUSDT,development_2024_25,up_persistent,24,1759,62.145270956296955,-6.393861892584063,0.4928936895963616
ADAUSDT,development_2024_25,up_persistent,72,1759,150.2059627941214,30.398690517947635,0.5167708925525867
ADAUSDT,development_2024_25,up_persistent,240,1759,290.4889401186505,-138.41807909604432,0.45821489482660605
ADAUSDT,development_2024_25,down_persistent,24,1971,4.994668875490558,7.651109410864443,0.5088787417554541
ADAUSDT,development_2024_25,down_persistent,72,1971,63.122949738952855,-55.76679340937973,0.4642313546423135
ADAUSDT,development_2024_25,down_persistent,240,1971,97.16640557102362,-46.296296296296504,0.4824961948249619
ADAUSDT,development_2024_25,panic_continuation,24,405,221.45636952141757,201.20198588973182,0.6765432098765433
ADAUSDT,development_2024_25,panic_continuation,72,405,273.3500243202561,279.6271637816239,0.6666666666666666
ADAUSDT,development_2024_25,panic_continuation,240,405,330.1347977955192,218.87015675835508,0.6098765432098765
ADAUSDT,development_2024_25,rebound,24,844,19.712589256477766,-15.638354858352743,0.48696682464454977
ADAUSDT,development_2024_25,rebound,72,844,103.61315084571065,13.065713079849495,0.5130331753554502
ADAUSDT,development_2024_25,rebound,240,844,115.25525758944643,7.372526636224563,0.5023696682464455
ADAUSDT,development_2024_25,range,24,3251,-48.49073607258865,-48.24063564131564,0.42971393417410025
ADAUSDT,development_2024_25,range,72,3251,-143.98638066613233,-134.64741810105596,0.41956321131959395
ADAUSDT,development_2024_25,range,240,3251,-76.90318846371787,-312.23863953164346,0.41218086742540755
ADAUSDT,development_2024_25,transition,24,9314,2.3357863155226735,-21.20514696435205,0.4732660511058621
ADAUSDT,development_2024_25,transition,72,9314,17.18229310526565,-59.375082626054734,0.4627442559587717
ADAUSDT,development_2024_25,transition,240,9314,62.64838135872136,-238.23207872942564,0.4301052179514709
ADAUSDT,reused_2026,up_persistent,24,693,39.72481113272394,-33.87533875338744,0.45021645021645024
ADAUSDT,reused_2026,up_persistent,72,656,22.427305968630534,10.668094383933235,0.5015243902439024
ADAUSDT,reused_2026,up_persistent,240,604,-641.9213241195906,-692.9370956758596,0.18543046357615894
ADAUSDT,reused_2026,down_persistent,24,869,19.5295330055402,24.645717806532907,0.5350978135788262
ADAUSDT,reused_2026,down_persistent,72,869,115.04183062049127,67.36068585425636,0.567318757192175
ADAUSDT,reused_2026,down_persistent,240,837,172.5711360522406,386.26609442060203,0.6021505376344086
ADAUSDT,reused_2026,panic_continuation,24,165,-252.30013611497233,-151.5151515151514,0.41818181818181815
ADAUSDT,reused_2026,panic_continuation,72,165,-436.1493737052005,36.923076923076614,0.509090909090909
ADAUSDT,reused_2026,panic_continuation,240,165,-136.7867363396271,-363.1361760660246,0.4303030303030303
ADAUSDT,reused_2026,rebound,24,358,-51.573525955160214,-83.2533090455495,0.3994413407821229
ADAUSDT,reused_2026,rebound,72,358,-151.3060267810316,-153.47280186900124,0.3240223463687151
ADAUSDT,reused_2026,rebound,240,353,-166.7573467440121,-226.53721682847961,0.41359773371104813
ADAUSDT,reused_2026,range,24,1132,13.161714399301175,-28.680828762261967,0.4531802120141343
ADAUSDT,reused_2026,range,72,1132,29.190438975877118,44.41761345107875,0.5291519434628975
ADAUSDT,reused_2026,range,240,1119,-186.82130896666402,-7.984031936126845,0.4897229669347632
ADAUSDT,reused_2026,transition,24,3167,-10.633414362198243,-49.63898916967469,0.4272181875592043
ADAUSDT,reused_2026,transition,72,3156,-47.27089291155527,-172.9300890867591,0.3612167300380228
ADAUSDT,reused_2026,transition,240,3090,-114.74371156506048,-175.95592566807704,0.4116504854368932
ADAUSDT,year2024,up_persistent,24,978,101.00933895381579,-17.639829761642023,0.48466257668711654
ADAUSDT,year2024,up_persistent,72,978,272.58166158707667,78.34092852981867,0.523517382413088
ADAUSDT,year2024,up_persistent,240,978,733.4663815150986,71.83876570890035,0.5276073619631901
ADAUSDT,year2024,down_persistent,24,918,18.037647311807827,33.11091927111431,0.5272331154684096
ADAUSDT,year2024,down_persistent,72,918,57.40676662089594,-37.5815191946538,0.47058823529411764
ADAUSDT,year2024,down_persistent,240,918,21.71884640481294,-70.27399572224424,0.4662309368191721
ADAUSDT,year2024,panic_continuation,24,201,252.0783651607097,253.01559282141727,0.7263681592039801
ADAUSDT,year2024,panic_continuation,72,201,194.74571733245108,281.7272248551861,0.6417910447761194
ADAUSDT,year2024,panic_continuation,240,201,345.32513435415785,257.96178343949094,0.6517412935323383
ADAUSDT,year2024,rebound,24,413,-5.78919294509517,5.178663904712444,0.5060532687651331
ADAUSDT,year2024,rebound,72,413,126.09052405107683,111.30136986301497,0.5690072639225182
ADAUSDT,year2024,rebound,240,413,324.36158512538276,54.5029846872569,0.5375302663438256
ADAUSDT,year2024,range,24,1614,-57.494100805130024,-53.03960020851317,0.42193308550185876
ADAUSDT,year2024,range,72,1614,-144.6981435471958,-100.0980652590916,0.43246592317224286
ADAUSDT,year2024,range,240,1614,-111.29971988077095,-383.5751534959808,0.3537794299876084
ADAUSDT,year2024,transition,24,4660,25.1371397011127,-8.982217092657896,0.4875536480686695
ADAUSDT,year2024,transition,72,4660,101.14249115636542,-33.85719889307581,0.47532188841201717
ADAUSDT,year2024,transition,240,4660,422.10422580448386,-33.948524295167594,0.48819742489270385
ADAUSDT,year2025,up_persistent,24,781,13.478102580402718,5.745145352178405,0.5032010243277849
ADAUSDT,year2025,up_persistent,72,781,-3.037870009348855,11.231222799381602,0.5083226632522407
ADAUSDT,year2025,up_persistent,240,781,-264.2254487235088,-507.318283304391,0.3713188220230474
ADAUSDT,year2025,down_persistent,24,1053,-6.3761328382219435,-7.301046483328966,0.4928774928774929
ADAUSDT,year2025,down_persistent,72,1053,68.10628886751529,-72.26322263222507,0.4586894586894587
ADAUSDT,year2025,down_persistent,240,1053,162.94120074156623,-6.12088752869111,0.49667616334283
ADAUSDT,year2025,panic_continuation,24,204,191.28469734740926,165.21651830645024,0.6274509803921569
ADAUSDT,year2025,panic_continuation,72,204,350.79838561706384,253.9570633340593,0.6911764705882353
ADAUSDT,year2025,panic_continuation,240,204,315.1678485392135,159.39699777134499,0.5686274509803921
ADAUSDT,year2025,rebound,24,431,44.14933183014279,-45.054709289851225,0.46867749419953597
ADAUSDT,year2025,rebound,72,431,82.07450784381686,-62.96851574213002,0.4593967517401392
ADAUSDT,year2025,rebound,240,431,-85.1180910702791,-99.64018820924458,0.46867749419953597
ADAUSDT,year2025,range,24,1637,-39.61386943952709,-45.40736896730735,0.43738546120952965
ADAUSDT,year2025,range,72,1637,-143.28461811876736,-173.47725520431734,0.4068417837507636
ADAUSDT,year2025,range,240,1637,-42.98993146486408,-191.10019110019084,0.46976175931582165
ADAUSDT,year2025,transition,24,4654,-20.494962884487975,-37.156787572030225,0.45896003437902877
ADAUSDT,year2025,transition,72,4654,-66.88614757331729,-102.14628685686733,0.4501504082509669
ADAUSDT,year2025,transition,240,4654,-297.2708784430089,-467.5040440562495,0.3719381177481736
AVAXUSDT,all,up_persistent,24,2455,40.449574312970384,-18.936524768974337,0.4814663951120163
AVAXUSDT,all,up_persistent,72,2445,-12.109930056891544,-66.79716173232153,0.46830265848670755
AVAXUSDT,all,up_persistent,240,2364,-42.61045398519986,-282.38480216295716,0.41243654822335024
AVAXUSDT,all,down_persistent,24,2845,-1.993402813209631,6.656681644201523,0.5043936731107206
AVAXUSDT,all,down_persistent,72,2845,73.93922723108177,18.987864278048328,0.5152899824253075
AVAXUSDT,all,down_persistent,240,2821,-31.748939355538834,3.045066991473888,0.500531726338178
AVAXUSDT,all,panic_continuation,24,536,94.37959800739964,45.999274788840474,0.539179104477612
AVAXUSDT,all,panic_continuation,72,536,35.61875133636187,8.518052390676933,0.5018656716417911
AVAXUSDT,all,panic_continuation,240,534,-36.213358150808354,102.02616206169691,0.5299625468164794
AVAXUSDT,all,rebound,24,1345,-17.400895015918344,-47.8875760830666,0.45055762081784384
AVAXUSDT,all,rebound,72,1345,-26.23926766282432,-102.62635179872026,0.4408921933085502
AVAXUSDT,all,rebound,240,1343,-241.12144375050485,-194.9458483754496,0.43484735666418467
AVAXUSDT,all,range,24,4353,-8.553546694434042,-16.29488115974631,0.4789800137835975
AVAXUSDT,all,range,72,4353,39.41904037608613,-38.9772372934194,0.48219618653801977
AVAXUSDT,all,range,240,4325,14.65962461874504,-57.75374784959486,0.47630057803468207
AVAXUSDT,all,transition,24,12394,-12.438145633900163,-20.6245479334205,0.47619816040019364
AVAXUSDT,all,transition,72,12356,-43.60017363263571,-88.07951141639181,0.4428617675623179
AVAXUSDT,all,transition,240,12325,-55.64167313491126,-141.06102422569822,0.45030425963488846
AVAXUSDT,development_2024_25,up_persistent,24,1938,13.67294556498194,-37.57947077337731,0.46904024767801855
AVAXUSDT,development_2024_25,up_persistent,72,1938,-58.19612360211885,-74.35598402418198,0.4664602683178535
AVAXUSDT,development_2024_25,up_persistent,240,1938,18.372946639039295,-193.36146316558222,0.44633642930856554
AVAXUSDT,development_2024_25,down_persistent,24,2225,-12.875649210317233,-11.887465328225266,0.4858426966292135
AVAXUSDT,development_2024_25,down_persistent,72,2225,64.71155755904601,-8.170824708574331,0.4939325842696629
AVAXUSDT,development_2024_25,down_persistent,240,2225,38.69731751275581,49.61870192147666,0.5164044943820225
AVAXUSDT,development_2024_25,panic_continuation,24,356,215.18754577640996,185.1677325512502,0.6460674157303371
AVAXUSDT,development_2024_25,panic_continuation,72,356,235.52798125964017,190.51068930005965,0.5702247191011236
AVAXUSDT,development_2024_25,panic_continuation,240,356,231.4764812773555,320.36968848936584,0.6095505617977528
AVAXUSDT,development_2024_25,rebound,24,1070,-9.071495636269468,-43.54469297209784,0.45981308411214955
AVAXUSDT,development_2024_25,rebound,72,1070,16.40005845466513,-70.26845070129627,0.4700934579439252
AVAXUSDT,development_2024_25,rebound,240,1070,-214.47941269469558,-155.33658701958163,0.44485981308411215
AVAXUSDT,development_2024_25,range,24,2859,-12.815778000982936,-15.094834941261626,0.48408534452605806
AVAXUSDT,development_2024_25,range,72,2859,21.97549002040554,-61.10092762317332,0.47359216509268975
AVAXUSDT,development_2024_25,range,240,2859,43.61431808384512,-92.59633658161958,0.4697446659671214
AVAXUSDT,development_2024_25,transition,24,9096,-10.145164457823876,-24.552453615985236,0.4758135444151275
AVAXUSDT,development_2024_25,transition,72,9096,-40.864980984140544,-93.8704393429679,0.4525065963060686
AVAXUSDT,development_2024_25,transition,240,9096,-69.86723792073745,-164.9303729011753,0.45800351802990324
AVAXUSDT,reused_2026,up_persistent,24,517,140.82308787893092,15.316695197764574,0.528046421663443
AVAXUSDT,reused_2026,up_persistent,72,507,164.05386302131473,-30.525030525030417,0.47534516765285995
AVAXUSDT,reused_2026,up_persistent,240,426,-320.0419807687104,-382.3790470370575,0.25821596244131456
AVAXUSDT,reused_2026,down_persistent,24,620,37.05982014415234,54.328657150156666,0.5709677419354838
AVAXUSDT,reused_2026,down_persistent,72,620,107.05465468314551,111.23157794290961,0.5919354838709677
AVAXUSDT,reused_2026,down_persistent,240,596,-294.74041843600105,-148.96443399915026,0.4412751677852349
AVAXUSDT,reused_2026,panic_continuation,24,180,-144.55167646908745,-109.13013854190356,0.3277777777777778
AVAXUSDT,reused_2026,panic_continuation,72,180,-359.7572811785664,-306.2060149045298,0.36666666666666664
AVAXUSDT,reused_2026,panic_continuation,240,178,-571.593037007136,-675.3785051305211,0.3707865168539326
AVAXUSDT,reused_2026,rebound,24,275,-49.80983078400677,-62.883435582821164,0.41454545454545455
AVAXUSDT,reused_2026,rebound,72,275,-192.14500928360147,-156.94763902042942,0.32727272727272727
AVAXUSDT,reused_2026,rebound,240,273,-345.5425911121014,-332.4697754749562,0.3956043956043956
AVAXUSDT,reused_2026,range,24,1494,-0.3971080696527219,-17.11771932360051,0.46921017402945114
AVAXUSDT,reused_2026,range,72,1494,72.79997107681622,-2.6187164941238184,0.49866131191432395
AVAXUSDT,reused_2026,range,240,1466,-41.80795288242895,-30.612643852819254,0.48908594815825374
AVAXUSDT,reused_2026,transition,24,3298,-18.762268368160292,-15.250996995698763,0.47725894481503944
AVAXUSDT,reused_2026,transition,72,3260,-51.23186453162708,-77.56324288168803,0.41595092024539876
AVAXUSDT,reused_2026,transition,240,3229,-15.568666850651448,-118.61893666596069,0.4286156704862186
AVAXUSDT,year2024,up_persistent,24,1100,36.39730197415231,-19.072990866201287,0.4818181818181818
AVAXUSDT,year2024,up_persistent,72,1100,-15.532902097477582,-89.87664890543701,0.45454545454545453
AVAXUSDT,year2024,up_persistent,240,1100,79.60023877446127,-75.96223293284187,0.46545454545454545
AVAXUSDT,year2024,down_persistent,24,1072,7.980805804980463,-16.903861845515287,0.47574626865671643
AVAXUSDT,year2024,down_persistent,72,1072,46.39315479933874,-104.90799360012682,0.439365671641791
AVAXUSDT,year2024,down_persistent,240,1072,171.32123592747965,228.81080980790335,0.5606343283582089
AVAXUSDT,year2024,panic_continuation,24,204,133.8635782709784,79.77971158459884,0.553921568627451
AVAXUSDT,year2024,panic_continuation,72,204,83.14085703950254,15.086049525802059,0.5098039215686274
AVAXUSDT,year2024,panic_continuation,240,204,60.39638547433199,219.01943247140787,0.5931372549019608
AVAXUSDT,year2024,rebound,24,493,7.262036914390516,-46.07465533998045,0.4685598377281947
AVAXUSDT,year2024,rebound,72,493,130.56163483483806,-4.546143355054211,0.4969574036511156
AVAXUSDT,year2024,rebound,240,493,56.163391982435286,146.0365221000215,0.5476673427991886
AVAXUSDT,year2024,range,24,1405,-24.235094312848894,-56.645761683188354,0.43416370106761565
AVAXUSDT,year2024,range,72,1405,77.55119522594968,-80.85319370115029,0.45907473309608543
AVAXUSDT,year2024,range,240,1405,130.27766319936592,-48.245858664731635,0.48398576512455516
AVAXUSDT,year2024,transition,24,4510,9.2117189829938,-24.64970171717873,0.47339246119733924
AVAXUSDT,year2024,transition,72,4510,17.30774490500525,-77.55244561394036,0.46651884700665186
AVAXUSDT,year2024,transition,240,4510,152.86783783955244,74.72334544751047,0.5201773835920177
AVAXUSDT,year2025,up_persistent,24,838,-16.156161893356263,-51.221437737458686,0.4522673031026253
AVAXUSDT,year2025,up_persistent,72,838,-114.19796567265033,-44.63028673215908,0.4821002386634845
AVAXUSDT,year2025,up_persistent,240,838,-61.997007238006375,-474.70383974536065,0.4212410501193317
AVAXUSDT,year2025,down_persistent,24,1153,-32.266906605286124,-8.373806732541178,0.49522983521248914
AVAXUSDT,year2025,down_persistent,72,1153,81.74306472158393,64.08360445627537,0.5446660884648742
AVAXUSDT,year2025,down_persistent,240,1153,-84.60956933944189,-51.43444965138855,0.47528187337380745
AVAXUSDT,year2025,panic_continuation,24,152,324.3328705863312,310.39683135044237,0.7697368421052632
AVAXUSDT,year2025,panic_continuation,72,152,440.0475427129829,403.3694619390649,0.6513157894736842
AVAXUSDT,year2025,panic_continuation,240,152,461.0839782761502,415.31085657414366,0.631578947368421
AVAXUSDT,year2025,rebound,24,577,-23.02718289359244,-43.26177454901603,0.45233968804159447
AVAXUSDT,year2025,rebound,72,577,-81.14180836582926,-101.45119315425055,0.44714038128249567
AVAXUSDT,year2025,rebound,240,577,-445.72187838936725,-426.06903657908424,0.35701906412478335
AVAXUSDT,year2025,range,24,1454,-1.7812942195718902,23.512605868312164,0.53232462173315
AVAXUSDT,year2025,range,72,1454,-31.72730627518554,-36.92265227171365,0.48762035763411277
AVAXUSDT,year2025,range,240,1454,-40.12846038060253,-110.98449373282693,0.45598349381017883
AVAXUSDT,year2025,transition,24,4586,-29.181262215802,-24.155306880753734,0.47819450501526384
AVAXUSDT,year2025,transition,72,4586,-98.07365821049197,-106.33754611409918,0.43872655909289143
AVAXUSDT,year2025,transition,240,4586,-288.9111087621913,-340.8602011341533,0.396860008722198
BCHUSDT,all,up_persistent,24,2409,25.818539499665604,-72.65135699373704,0.42382731423827313
BCHUSDT,all,up_persistent,72,2364,52.944845298268426,-117.48028005197698,0.4183587140439932
BCHUSDT,all,up_persistent,240,2316,-72.86998464291901,-289.88300118345245,0.39162348877374786
BCHUSDT,all,down_persistent,24,2203,1.4271186512907081,36.69524778375121,0.5515206536541081
BCHUSDT,all,down_persistent,72,2203,19.41127389085954,25.881033515937624,0.5156604630049932
BCHUSDT,all,down_persistent,240,2183,144.21206131359435,64.6203554119551,0.5359596885020614
BCHUSDT,all,panic_continuation,24,519,149.88336941190227,144.54705500818397,0.6647398843930635
BCHUSDT,all,panic_continuation,72,519,47.33644154838625,10.608522932464837,0.5105973025048169
BCHUSDT,all,panic_continuation,240,519,350.78719759998046,258.9489718202587,0.558766859344894
BCHUSDT,all,rebound,24,1041,-2.7132808240668975,-36.48096207079843,0.4553314121037464
BCHUSDT,all,rebound,72,1041,48.96376733121312,13.583600889108816,0.505283381364073
BCHUSDT,all,rebound,240,1031,160.76409510332508,56.93096302759271,0.524733268671193
BCHUSDT,all,range,24,4891,-3.375504559826075,-13.82128477855793,0.475362911470047
BCHUSDT,all,range,72,4891,8.388432422605101,0.9572125969170564,0.5015334287466776
BCHUSDT,all,range,240,4885,120.312149754344,35.10554760035145,0.5150460593654043
BCHUSDT,all,transition,24,12865,12.358015930872845,-6.685280585158049,0.4892343567819666
BCHUSDT,all,transition,72,12862,41.21469118202245,-28.221599360362948,0.4782304462758513
BCHUSDT,all,transition,240,12778,86.51098344881672,22.240655766896378,0.509860698074816
BCHUSDT,development_2024_25,up_persistent,24,1989,-21.577781250406982,-94.65111160026352,0.41025641025641024
BCHUSDT,development_2024_25,up_persistent,72,1989,12.244274390663588,-129.44539108448393,0.40623428858722976
BCHUSDT,development_2024_25,up_persistent,240,1989,-28.051309511146208,-249.12292538118996,0.40774258421317244
BCHUSDT,development_2024_25,down_persistent,24,1419,34.110303418493565,93.46312270267276,0.6039464411557435
BCHUSDT,development_2024_25,down_persistent,72,1419,122.5015164802758,123.24331122080201,0.57646229739253
BCHUSDT,development_2024_25,down_persistent,240,1419,423.8827791548019,218.321097989147,0.6363636363636364
BCHUSDT,development_2024_25,panic_continuation,24,296,189.1802789941683,184.16210669738308,0.7027027027027027
BCHUSDT,development_2024_25,panic_continuation,72,296,238.95042439077164,192.8770153559689,0.6722972972972973
BCHUSDT,development_2024_25,panic_continuation,240,296,893.8996501144989,617.6830064201722,0.722972972972973
BCHUSDT,development_2024_25,rebound,24,720,29.0421148409245,-2.8813909434260987,0.49444444444444446
BCHUSDT,development_2024_25,rebound,72,720,155.32549300016498,140.85054380219785,0.5708333333333333
BCHUSDT,development_2024_25,rebound,240,720,366.766839708504,204.55520359328406,0.5847222222222223
BCHUSDT,development_2024_25,range,24,3645,4.049089471349435,-18.058063619947884,0.47050754458161864
BCHUSDT,development_2024_25,range,72,3645,16.78495289345142,4.231013327691269,0.5042524005486968
BCHUSDT,development_2024_25,range,240,3645,188.35079260714596,94.16780495881571,0.5426611796982167
BCHUSDT,development_2024_25,transition,24,9475,28.429445700045886,5.817643325576327,0.5079683377308707
BCHUSDT,development_2024_25,transition,72,9475,69.94306130667327,1.7721593762010102,0.5012137203166227
BCHUSDT,development_2024_25,transition,240,9475,206.79262757900847,145.4220915581672,0.5632717678100264
BCHUSDT,reused_2026,up_persistent,24,420,250.27397276608085,-9.647333685492976,0.4880952380952381
BCHUSDT,reused_2026,up_persistent,72,375,268.82067339220447,-58.646350106306144,0.4826666666666667
BCHUSDT,reused_2026,up_persistent,240,327,-345.4826599857202,-489.94593281088794,0.29357798165137616
BCHUSDT,reused_2026,down_persistent,24,784,-57.72777826791954,-21.074890424530036,0.45663265306122447
BCHUSDT,reused_2026,down_persistent,72,784,-167.17680548972925,-142.97967763834464,0.40561224489795916
BCHUSDT,reused_2026,down_persistent,240,764,-375.228709127078,-300.32057285931444,0.3494764397905759
BCHUSDT,reused_2026,panic_continuation,24,223,97.72244906952226,113.5127465354957,0.6143497757847534
BCHUSDT,reused_2026,panic_continuation,72,223,-207.00319487020596,-126.64933063661788,0.29596412556053814
BCHUSDT,reused_2026,panic_continuation,240,223,-370.1154299529227,-507.50756936005394,0.34080717488789236
BCHUSDT,reused_2026,rebound,24,321,-73.94033652124385,-90.91153608219659,0.367601246105919
BCHUSDT,reused_2026,rebound,72,321,-189.60458930942653,-211.84489269595596,0.3582554517133956
BCHUSDT,reused_2026,rebound,240,311,-316.1554422462852,-290.8113391984357,0.3858520900321543
BCHUSDT,reused_2026,range,24,1246,-25.09512353545586,-4.173227203795871,0.4895666131621188
BCHUSDT,reused_2026,range,72,1246,-16.17442240583379,-4.680686812392754,0.49357945425361155
BCHUSDT,reused_2026,range,240,1240,-79.68853830893269,-128.98514736139845,0.4338709677419355
BCHUSDT,reused_2026,transition,24,3390,-32.56139323222879,-27.95619657675219,0.4368731563421829
BCHUSDT,reused_2026,transition,72,3387,-39.151800383099065,-85.90423545230541,0.413935636256274
BCHUSDT,reused_2026,transition,240,3303,-258.52945800851506,-278.29435316253483,0.3566454738116863
BCHUSDT,year2024,up_persistent,24,1016,23.918719264916263,-52.24167006324887,0.45570866141732286
BCHUSDT,year2024,up_persistent,72,1016,196.46440232648115,-22.606954747459994,0.4911417322834646
BCHUSDT,year2024,up_persistent,240,1016,218.8738872016825,-226.7018408891286,0.4498031496062992
BCHUSDT,year2024,down_persistent,24,743,3.748752030153947,63.82100086345987,0.5693135935397039
BCHUSDT,year2024,down_persistent,72,743,125.81255212216165,56.5695378375497,0.5477792732166891
BCHUSDT,year2024,down_persistent,240,743,456.4334505948917,114.20778999403413,0.5814266487213997
BCHUSDT,year2024,panic_continuation,24,157,188.99271283932373,190.46119943333827,0.6815286624203821
BCHUSDT,year2024,panic_continuation,72,157,141.6287468192703,128.01664668762535,0.6369426751592356
BCHUSDT,year2024,panic_continuation,240,157,725.5525758605108,550.7814932436639,0.7261146496815286
BCHUSDT,year2024,rebound,24,391,45.91534069551287,5.924323210466653,0.5140664961636828
BCHUSDT,year2024,rebound,72,391,139.92459230371267,165.89560259825166,0.5652173913043478
BCHUSDT,year2024,rebound,240,391,268.5761195829181,78.94903050590597,0.5421994884910486
BCHUSDT,year2024,range,24,1723,-0.6011750429197246,-30.125594025798286,0.4567614625652931
BCHUSDT,year2024,range,72,1723,16.58448686791146,22.5858129579537,0.5235055136390018
BCHUSDT,year2024,range,240,1723,304.95066527746894,-1.6432503491903283,0.4991294254207777
BCHUSDT,year2024,transition,24,4754,32.31971166740848,3.166106564215232,0.5044173327724022
BCHUSDT,year2024,transition,72,4754,67.73566222266805,-18.992744760412684,0.48632730332351704
BCHUSDT,year2024,transition,240,4754,257.7435544600937,49.86264257939577,0.5208245687841817
BCHUSDT,year2025,up_persistent,24,973,-69.0849184791515,-123.27014769159095,0.36279547790339156
BCHUSDT,year2025,up_persistent,72,973,-180.1171336080935,-199.3559996211769,0.3175745118191161
BCHUSDT,year2025,up_persistent,240,973,-285.88892498929005,-270.27673467435176,0.36382322713257964
BCHUSDT,year2025,down_persistent,24,676,67.48106182313315,146.40438764592534,0.6420118343195266
BCHUSDT,year2025,down_persistent,72,676,118.86231606323267,230.57047870348123,0.6079881656804734
BCHUSDT,year2025,down_persistent,240,676,388.10593169920026,357.10046602050795,0.6967455621301775
BCHUSDT,year2025,panic_continuation,24,139,189.39213429136686,178.08346500604034,0.7266187050359713
BCHUSDT,year2025,panic_continuation,72,139,348.8749091298055,353.19267589924766,0.7122302158273381
BCHUSDT,year2025,panic_continuation,240,139,1084.0470649193628,1002.7979024995815,0.7194244604316546
BCHUSDT,year2025,rebound,24,329,8.989132138358988,-22.26814408379907,0.47112462006079026
BCHUSDT,year2025,rebound,72,329,173.62869109230127,106.07132033538802,0.5775075987841946
BCHUSDT,year2025,rebound,240,329,483.4615861191548,482.74114014470683,0.6352583586626139
BCHUSDT,year2025,range,24,1922,8.217874985441904,-10.340394938961328,0.48283038501560877
BCHUSDT,year2025,range,72,1922,16.964663071393865,-13.387061926639078,0.4869927159209157
BCHUSDT,year2025,range,240,1922,83.8234353693903,151.3121403708484,0.5816857440166493
BCHUSDT,year2025,transition,24,4721,24.511986600524235,8.34042269262314,0.511544164371955
BCHUSDT,year2025,transition,72,4721,72.16589020846547,19.82412443450432,0.5162041940266893
BCHUSDT,year2025,transition,240,4721,155.48555145262011,208.88831135079,0.6060156746452023
BNBUSDT,all,up_persistent,24,3204,24.065507181686343,-9.942661480491498,0.4809612983770287
BNBUSDT,all,up_persistent,72,3189,57.59099454226378,26.98898487841994,0.5255566008153026
BNBUSDT,all,up_persistent,240,3117,181.5000276016933,56.96289667515675,0.5277510426692332
BNBUSDT,all,down_persistent,24,1496,22.495017645809693,59.42683978927388,0.6169786096256684
BNBUSDT,all,down_persistent,72,1496,94.12840216242549,126.5755914689215,0.6209893048128342
BNBUSDT,all,down_persistent,240,1468,113.75215442531636,22.90050857553627,0.5149863760217984
BNBUSDT,all,panic_continuation,24,468,-18.903046054474117,47.590244311368494,0.5341880341880342
BNBUSDT,all,panic_continuation,72,468,10.884290308931469,131.88124804178526,0.5683760683760684
BNBUSDT,all,panic_continuation,240,468,106.16013670273907,220.94674351559763,0.6068376068376068
BNBUSDT,all,rebound,24,1010,47.40248821220247,38.06380908806584,0.5772277227722772
BNBUSDT,all,rebound,72,1010,52.07158013605218,102.68785282594561,0.5683168316831683
BNBUSDT,all,rebound,240,1010,163.9727617902601,212.98068703770602,0.600990099009901
BNBUSDT,all,range,24,5337,-2.6179580442085193,2.888295183767209,0.5075885328836425
BNBUSDT,all,range,72,5337,-3.604507991549697,3.674689739263659,0.5044032227843358
BNBUSDT,all,range,240,5310,52.47842089368319,56.771584078503246,0.5323917137476459
BNBUSDT,all,transition,24,12413,14.113566047712897,19.01764050101562,0.5392733424635463
BNBUSDT,all,transition,72,12380,44.79122906558841,41.23999591712835,0.5503231017770598
BNBUSDT,all,transition,240,12339,141.84889874922618,92.65315020710707,0.5503687494934759
BNBUSDT,development_2024_25,up_persistent,24,2340,32.16014013712831,-6.622613547133671,0.4876068376068376
BNBUSDT,development_2024_25,up_persistent,72,2340,88.91353926436452,52.59620569405654,0.5418803418803418
BNBUSDT,development_2024_25,up_persistent,240,2340,276.9156333865215,131.3281288858692,0.5452991452991452
BNBUSDT,development_2024_25,down_persistent,24,1003,10.6779501745507,61.85456110155086,0.6061814556331007
BNBUSDT,development_2024_25,down_persistent,72,1003,86.79060192410164,127.17959513033783,0.6001994017946162
BNBUSDT,development_2024_25,down_persistent,240,1003,222.78956248302435,75.69645136209724,0.5483549351944168
BNBUSDT,development_2024_25,panic_continuation,24,303,61.28363567903781,110.03569719942652,0.6039603960396039
BNBUSDT,development_2024_25,panic_continuation,72,303,180.48734149108685,263.8984046197512,0.6732673267326733
BNBUSDT,development_2024_25,panic_continuation,240,303,578.662965786586,430.46252499920666,0.7326732673267327
BNBUSDT,development_2024_25,rebound,24,751,73.71755660316005,52.579725175005976,0.6165113182423435
BNBUSDT,development_2024_25,rebound,72,751,129.32466198815618,188.59891374390037,0.6564580559254327
BNBUSDT,development_2024_25,rebound,240,751,361.14562089510514,408.1560094572745,0.6644474034620506
BNBUSDT,development_2024_25,range,24,4152,-11.432983449796081,-1.922759038213151,0.4951830443159923
BNBUSDT,development_2024_25,range,72,4152,-24.502331406866954,-8.324349408267985,0.4857899807321773
BNBUSDT,development_2024_25,range,240,4152,27.816735839714738,5.730626771887071,0.5033718689788054
BNBUSDT,development_2024_25,transition,24,8995,23.039908830850194,25.27430949678333,0.5507504168982769
BNBUSDT,development_2024_25,transition,72,8995,66.218993599861,50.92102639610907,0.562757087270706
BNBUSDT,development_2024_25,transition,240,8995,194.61559990419937,116.50005407827457,0.5603112840466926
BNBUSDT,reused_2026,up_persistent,24,864,2.142542927364322,-21.52552154099263,0.46296296296296297
BNBUSDT,reused_2026,up_persistent,72,849,-28.739694091088026,-14.644245821340274,0.48056537102473496
BNBUSDT,reused_2026,up_persistent,240,777,-105.85198981979687,-25.475210660395042,0.4749034749034749
BNBUSDT,reused_2026,down_persistent,24,493,46.53663767354352,55.960255658824565,0.6389452332657201
BNBUSDT,reused_2026,down_persistent,72,493,109.05703023349812,121.2399032609901,0.6632860040567952
BNBUSDT,reused_2026,down_persistent,240,465,-121.44036230991183,-57.57782765687614,0.443010752688172
BNBUSDT,reused_2026,panic_continuation,24,165,-166.1549525105596,-71.95886326294642,0.40606060606060607
BNBUSDT,reused_2026,panic_continuation,72,165,-300.5685854982993,-235.20253976006543,0.37575757575757573
BNBUSDT,reused_2026,panic_continuation,240,165,-761.52687670578,-788.2116107640846,0.37575757575757573
BNBUSDT,reused_2026,rebound,24,259,-28.90104986350848,-26.324904745410606,0.46332046332046334
BNBUSDT,reused_2026,rebound,72,259,-171.93252979031897,-121.71619839740244,0.3127413127413127
BNBUSDT,reused_2026,rebound,240,259,-407.75240109676184,-190.96262077491156,0.416988416988417
BNBUSDT,reused_2026,range,24,1185,28.268105655369162,21.978753871256806,0.5510548523206751
BNBUSDT,reused_2026,range,72,1185,69.61723278515683,64.84698097601216,0.569620253164557
BNBUSDT,reused_2026,range,240,1158,140.90270098355973,227.55413769752874,0.6364421416234888
BNBUSDT,reused_2026,transition,24,3418,-9.377496952380714,4.607012386906861,0.5090696313633704
BNBUSDT,reused_2026,transition,72,3385,-12.149019674672108,14.770563907307022,0.5172821270310192
BNBUSDT,reused_2026,transition,240,3344,-0.08784673192926296,30.8034721422612,0.5236244019138756
BNBUSDT,year2024,up_persistent,24,1274,21.78653724430169,-9.63975223790936,0.478806907378336
BNBUSDT,year2024,up_persistent,72,1274,95.00978743988412,22.86564439408889,0.5149136577708007
BNBUSDT,year2024,up_persistent,240,1274,311.1924475616452,-33.30184753324084,0.4913657770800628
BNBUSDT,year2024,down_persistent,24,457,33.115369479738675,71.101605883237,0.6280087527352297
BNBUSDT,year2024,down_persistent,72,457,183.7787384157461,180.58095372063488,0.6783369803063457
BNBUSDT,year2024,down_persistent,240,457,401.6973649965482,407.4336080148378,0.6673960612691466
BNBUSDT,year2024,panic_continuation,24,150,-5.514182845520314,-24.59794999481013,0.4666666666666667
BNBUSDT,year2024,panic_continuation,72,150,74.36442564843269,164.7735975726272,0.5733333333333334
BNBUSDT,year2024,panic_continuation,240,150,492.9084162709528,440.4456135587942,0.7333333333333333
BNBUSDT,year2024,rebound,24,338,87.40140396523226,76.48736110516863,0.636094674556213
BNBUSDT,year2024,rebound,72,338,245.54557572036117,266.0994511971504,0.7544378698224852
BNBUSDT,year2024,rebound,240,338,519.9793269796274,584.7121429487534,0.772189349112426
BNBUSDT,year2024,range,24,1975,10.3107153482481,16.86173378298017,0.5377215189873418
BNBUSDT,year2024,range,72,1975,39.22653007479726,29.105750894915516,0.5351898734177215
BNBUSDT,year2024,range,240,1975,117.85038172752166,83.75925197859901,0.5326582278481012
BNBUSDT,year2024,transition,24,4590,31.843635597653158,24.40304325513898,0.5464052287581699
BNBUSDT,year2024,transition,72,4590,71.13074732584272,46.99421391409775,0.5549019607843138
BNBUSDT,year2024,transition,240,4590,282.76198072131956,173.7504732272932,0.5784313725490197
BNBUSDT,year2025,up_persistent,24,1066,44.55786066757965,-1.98662333074473,0.4981238273921201
BNBUSDT,year2025,up_persistent,72,1066,81.62777924971913,78.9319128532584,0.574108818011257
BNBUSDT,year2025,up_persistent,240,1066,235.9506603479589,207.24712666732924,0.6097560975609756
BNBUSDT,year2025,down_persistent,24,546,-8.10208759554253,54.733239564728194,0.5879120879120879
BNBUSDT,year2025,down_persistent,72,546,5.611886948494497,65.40283879578945,0.5347985347985348
BNBUSDT,year2025,down_persistent,240,546,73.04438711914088,-57.47657899236258,0.44871794871794873
BNBUSDT,year2025,panic_continuation,24,153,126.77169305605555,157.44048559957147,0.738562091503268
BNBUSDT,year2025,panic_continuation,72,153,284.5294158466302,380.5641041911234,0.7712418300653595
BNBUSDT,year2025,panic_continuation,240,153,662.7360535470106,404.45780115201615,0.7320261437908496
BNBUSDT,year2025,rebound,24,413,62.51866941579827,47.967141072224884,0.6004842615012107
BNBUSDT,year2025,rebound,72,413,34.209241064463,107.7964829691802,0.576271186440678
BNBUSDT,year2025,rebound,240,413,231.1558081673363,127.50038173767075,0.576271186440678
BNBUSDT,year2025,range,24,2177,-31.15912269009799,-16.012135513231442,0.4565916398713826
BNBUSDT,year2025,range,72,2177,-82.31790394994772,-32.0715211539091,0.440973817179605
BNBUSDT,year2025,range,240,2177,-53.86284644251709,-36.980511857243044,0.47680293982544786
BNBUSDT,year2025,transition,24,4405,13.866445525600334,26.13171737195996,0.5552780930760499
BNBUSDT,year2025,transition,72,4405,61.10095736779378,54.72613676883231,0.5709421112372304
BNBUSDT,year2025,transition,240,4405,102.76727119805153,81.5660685154973,0.5414301929625426
BTCUSDT,all,up_persistent,24,3069,29.52234025141713,8.298788564564674,0.5203649397197784
BTCUSDT,all,up_persistent,72,3041,39.32079604591043,-5.440895152221126,0.49161460046037486
BTCUSDT,all,up_persistent,240,2990,86.18282082897562,2.445475914084616,0.5033444816053512
BTCUSDT,all,down_persistent,24,1820,-0.2719614963653542,29.119783956096377,0.5736263736263736
BTCUSDT,all,down_persistent,72,1820,32.86776686759464,44.54055241242871,0.5708791208791208
BTCUSDT,all,down_persistent,240,1798,49.910942936175516,59.2305349648381,0.5461624026696329
BTCUSDT,all,panic_continuation,24,728,40.54847662954555,37.72624488518894,0.5631868131868132
BTCUSDT,all,panic_continuation,72,728,68.99834953217068,114.30506567855491,0.635989010989011
BTCUSDT,all,panic_continuation,240,725,118.5057012491969,221.00630936599197,0.6193103448275862
BTCUSDT,all,rebound,24,1060,11.362850588620642,13.220109841952654,0.529245283018868
BTCUSDT,all,rebound,72,1060,-3.9518657326114943,-4.052573205800547,0.49528301886792453
BTCUSDT,all,rebound,240,1059,83.7373065496446,76.11407189023645,0.5524079320113314
BTCUSDT,all,range,24,4273,22.267384276099374,16.22948491672327,0.5429440673999532
BTCUSDT,all,range,72,4273,83.9726085169378,67.18532671632803,0.5759419611514158
BTCUSDT,all,range,240,4251,188.51080676363512,82.78143811700556,0.564337802869913
BTCUSDT,all,transition,24,12978,0.3841681510381354,1.5092484773859827,0.504546155031592
BTCUSDT,all,transition,72,12958,7.481508894251507,1.6928870627230808,0.5017749652724186
BTCUSDT,all,transition,240,12889,63.16563817505322,17.382163152688257,0.5105128404065482
BTCUSDT,development_2024_25,up_persistent,24,2252,30.961142583897892,12.23790464530694,0.533303730017762
BTCUSDT,development_2024_25,up_persistent,72,2252,51.81216334253353,9.16624372264807,0.5102131438721137
BTCUSDT,development_2024_25,up_persistent,240,2252,89.39171375702445,-19.422117023069617,0.4849023090586146
BTCUSDT,development_2024_25,down_persistent,24,1220,3.805421663961659,31.38297994793371,0.5631147540983606
BTCUSDT,development_2024_25,down_persistent,72,1220,39.82858449633824,28.839665778269683,0.5409836065573771
BTCUSDT,development_2024_25,down_persistent,240,1220,135.6226233481324,110.57554867169306,0.590983606557377
BTCUSDT,development_2024_25,panic_continuation,24,522,88.56026912658534,62.811716110530156,0.6226053639846744
BTCUSDT,development_2024_25,panic_continuation,72,522,172.9041348025195,156.33520378429023,0.7241379310344828
BTCUSDT,development_2024_25,panic_continuation,240,522,261.2326397713388,279.4329412753471,0.6839080459770115
BTCUSDT,development_2024_25,rebound,24,802,18.44892976542226,16.471682006787837,0.5336658354114713
BTCUSDT,development_2024_25,rebound,72,802,30.413015662626464,29.937002296200887,0.5324189526184538
BTCUSDT,development_2024_25,rebound,240,802,161.52313821874642,94.34177603194205,0.5536159600997507
BTCUSDT,development_2024_25,range,24,3294,23.172103808887407,14.052865222049515,0.5376442015786278
BTCUSDT,development_2024_25,range,72,3294,93.59060726278086,69.00457558775663,0.5898603521554341
BTCUSDT,development_2024_25,range,240,3294,260.1287409639014,122.95829788241508,0.5807528840315725
BTCUSDT,development_2024_25,transition,24,9454,1.4966282665326724,4.565433239520633,0.5108948593188068
BTCUSDT,development_2024_25,transition,72,9454,7.686696769364554,5.385236849584363,0.5056060926591919
BTCUSDT,development_2024_25,transition,240,9454,77.23282645126402,23.215934379752223,0.5122699386503068
BTCUSDT,reused_2026,up_persistent,24,817,25.55638816727187,-4.716553854612338,0.4847001223990208
BTCUSDT,reused_2026,up_persistent,72,789,3.667362393191596,-58.46307719658661,0.4385297845373891
BTCUSDT,reused_2026,up_persistent,240,738,76.39091449568835,56.12137261463368,0.559620596205962
BTCUSDT,reused_2026,down_persistent,24,600,-8.56264058903027,27.64282489261527,0.595
BTCUSDT,reused_2026,down_persistent,72,600,18.714104355816012,72.50182391267845,0.6316666666666667
BTCUSDT,reused_2026,down_persistent,240,578,-131.00298457695135,-77.27024198026456,0.4515570934256055
BTCUSDT,reused_2026,panic_continuation,24,206,-81.1124732901378,-84.19165817395269,0.41262135922330095
BTCUSDT,reused_2026,panic_continuation,72,206,-194.2968927548298,-151.86373346793235,0.41262135922330095
BTCUSDT,reused_2026,panic_continuation,240,203,-248.5064263791681,-167.80131884234996,0.45320197044334976
BTCUSDT,reused_2026,rebound,24,258,-10.66441879042937,5.8491086709600015,0.5155038759689923
BTCUSDT,reused_2026,rebound,72,258,-110.77603193021163,-106.14009099605637,0.3798449612403101
BTCUSDT,reused_2026,rebound,240,257,-159.00291523486771,59.11819695021414,0.5486381322957199
BTCUSDT,reused_2026,range,24,979,19.223312630538807,22.134142565182202,0.5607763023493361
BTCUSDT,reused_2026,range,72,979,51.611333880771234,47.845899191008016,0.5291113381001021
BTCUSDT,reused_2026,range,240,957,-57.9985717689429,12.78263173470462,0.5078369905956113
BTCUSDT,reused_2026,transition,24,3524,-2.6002807513129813,-4.519100292729172,0.4875141884222474
BTCUSDT,reused_2026,transition,72,3504,6.927899827094338,-7.865881723106982,0.4914383561643836
BTCUSDT,reused_2026,transition,240,3435,24.44913221776165,9.529164494639364,0.5056768558951965
BTCUSDT,year2024,up_persistent,24,1364,48.50572332747918,11.832243347678073,0.532258064516129
BTCUSDT,year2024,up_persistent,72,1364,94.76282289999911,43.727242296192074,0.530791788856305
BTCUSDT,year2024,up_persistent,240,1364,290.9814144235004,249.01501644979396,0.5989736070381232
BTCUSDT,year2024,down_persistent,24,572,-16.412692080514987,30.772548805316767,0.5611888111888111
BTCUSDT,year2024,down_persistent,72,572,47.901037900471486,13.437007340880713,0.5244755244755245
BTCUSDT,year2024,down_persistent,240,572,158.30122144745783,152.0150475796189,0.5961538461538461
BTCUSDT,year2024,panic_continuation,24,191,98.98597730504193,90.85005777210054,0.6492146596858639
BTCUSDT,year2024,panic_continuation,72,191,196.7924121235438,180.8822412876765,0.7225130890052356
BTCUSDT,year2024,panic_continuation,240,191,413.7788775865197,439.34000113013514,0.7643979057591623
BTCUSDT,year2024,rebound,24,376,33.564484884001544,19.61935655609981,0.5186170212765957
BTCUSDT,year2024,rebound,72,376,68.99379036532838,48.89746795128325,0.550531914893617
BTCUSDT,year2024,rebound,240,376,278.6534934924042,255.9553483304411,0.6170212765957447
BTCUSDT,year2024,range,24,1425,49.07702198761655,19.751803537593204,0.5459649122807018
BTCUSDT,year2024,range,72,1425,226.62485396292436,169.36845824459647,0.6687719298245614
BTCUSDT,year2024,range,240,1425,559.0455516923332,319.092850048206,0.7010526315789474
BTCUSDT,year2024,transition,24,4856,12.787283298778512,13.949895037218552,0.5333607907742999
BTCUSDT,year2024,transition,72,4856,23.519650807985098,6.515399279541922,0.5059719934102141
BTCUSDT,year2024,transition,240,4856,152.5318340553391,77.72453386716282,0.5352141680395387
BTCUSDT,year2025,up_persistent,24,888,4.012034324613131,12.78987368674711,0.5349099099099099
BTCUSDT,year2025,up_persistent,72,888,-14.161597509249207,-14.179933653695187,0.4786036036036036
BTCUSDT,year2025,up_persistent,240,888,-220.25733096040025,-267.6974267356114,0.3096846846846847
BTCUSDT,year2025,down_persistent,24,648,21.652275154456472,31.651218033681427,0.5648148148148148
BTCUSDT,year2025,down_persistent,72,648,32.70290031861569,36.94745390316445,0.5555555555555556
BTCUSDT,year2025,down_persistent,240,648,115.60386082835745,90.04006405206711,0.5864197530864198
BTCUSDT,year2025,panic_continuation,24,331,82.54422603871463,47.59902991107401,0.6072507552870091
BTCUSDT,year2025,panic_continuation,72,331,159.11966057800095,151.3138979249007,0.7250755287009063
BTCUSDT,year2025,panic_continuation,240,331,173.2074693100109,190.51494168745188,0.6374622356495468
BTCUSDT,year2025,rebound,24,426,5.107500834469651,14.547725254243637,0.5469483568075117
BTCUSDT,year2025,rebound,72,426,-3.639499098443739,7.764656572608608,0.5164319248826291
BTCUSDT,year2025,rebound,240,426,58.140477226034434,-0.7693062053987232,0.49765258215962443
BTCUSDT,year2025,range,24,1869,3.421162982408531,10.003827181495062,0.5313001605136437
BTCUSDT,year2025,range,72,1869,-7.839998166702577,22.61234775304377,0.5296950240770465
BTCUSDT,year2025,range,240,1869,32.22266536838756,-10.74601407216047,0.48903156768325307
BTCUSDT,year2025,transition,24,4598,-10.42756069314236,-5.245180966989005,0.4871683340582862
BTCUSDT,year2025,transition,72,4598,-9.034665738582678,4.020028474482906,0.505219660722053
BTCUSDT,year2025,transition,240,4598,-2.291310331117207,-16.100534159094735,0.4880382775119617
DOGEUSDT,all,up_persistent,24,2430,144.25120284058855,6.887411464608917,0.5041152263374485
DOGEUSDT,all,up_persistent,72,2399,284.9515759552223,-55.45093115714606,0.47769904126719465
DOGEUSDT,all,up_persistent,240,2378,418.97841879143493,-88.14712436219895,0.47098402018502944
DOGEUSDT,all,down_persistent,24,2319,-3.1262168963677865,45.75062034739563,0.5472186287192755
DOGEUSDT,all,down_persistent,72,2319,104.40745018628864,48.005719830448434,0.53126347563605
DOGEUSDT,all,down_persistent,240,2283,156.8089955613081,22.90235269623242,0.5129215943933421
DOGEUSDT,all,panic_continuation,24,579,123.31512477965032,102.48044505793308,0.5872193436960277
DOGEUSDT,all,panic_continuation,72,579,175.9572332012071,142.13992306187473,0.5785837651122625
DOGEUSDT,all,panic_continuation,240,579,90.696629331319,66.17142143704457,0.538860103626943
DOGEUSDT,all,rebound,24,1196,-3.936878739960365,-0.88994363690309,0.4991638795986622
DOGEUSDT,all,rebound,72,1196,31.662049753980355,-33.34130198731411,0.4790969899665552
DOGEUSDT,all,rebound,240,1191,143.4597359747879,-96.20747350808645,0.45675902602854745
DOGEUSDT,all,range,24,5169,8.024043778476505,-2.7966812715574108,0.4948732830334688
DOGEUSDT,all,range,72,5169,-2.75854739927731,-11.477761836441447,0.4886825304701103
DOGEUSDT,all,range,240,5163,113.36615027191935,-68.06930693069258,0.4706565950029053
DOGEUSDT,all,transition,24,12235,-13.362226466293112,-27.93462109955458,0.46350633428688187
DOGEUSDT,all,transition,72,12218,-7.902513212553195,-68.94254233152542,0.4440170240628581
DOGEUSDT,all,transition,240,12118,103.61240555280301,-170.15885044079525,0.43010397755405183
DOGEUSDT,development_2024_25,up_persistent,24,1878,176.15925805595356,17.96310698953252,0.5138445154419595
DOGEUSDT,development_2024_25,up_persistent,72,1878,358.9567579463839,-26.004640060092733,0.4882854100106496
DOGEUSDT,development_2024_25,up_persistent,240,1878,573.0624972803014,-71.50374787590341,0.48242811501597443
DOGEUSDT,development_2024_25,down_persistent,24,1640,-13.936794710420134,52.81283505633172,0.5463414634146342
DOGEUSDT,development_2024_25,down_persistent,72,1640,86.00085194397946,2.613057127508478,0.5018292682926829
DOGEUSDT,development_2024_25,down_persistent,240,1640,260.3603639851277,56.33891098107635,0.5335365853658537
DOGEUSDT,development_2024_25,panic_continuation,24,434,182.7685599200301,168.88823728392288,0.6336405529953917
DOGEUSDT,development_2024_25,panic_continuation,72,434,290.45323412709826,242.97749190903107,0.619815668202765
DOGEUSDT,development_2024_25,panic_continuation,240,434,137.40654679151572,93.219754493582,0.5668202764976958
DOGEUSDT,development_2024_25,rebound,24,875,10.415135947227096,30.493327697602712,0.5234285714285715
DOGEUSDT,development_2024_25,rebound,72,875,74.32375895762937,36.07007901064829,0.5154285714285715
DOGEUSDT,development_2024_25,rebound,240,875,276.49768963234925,-89.67403488319925,0.46285714285714286
DOGEUSDT,development_2024_25,range,24,3703,9.809525394342636,-2.5258903763580864,0.4968944099378882
DOGEUSDT,development_2024_25,range,72,3703,-0.8181444058479066,-4.852798447104734,0.49662435862813936
DOGEUSDT,development_2024_25,range,240,3703,166.08500409505154,-105.73925799156613,0.47096948420199836
DOGEUSDT,development_2024_25,transition,24,9014,-13.630073274383037,-23.486897360229243,0.4731528733081873
DOGEUSDT,development_2024_25,transition,72,9014,7.118509475537651,-61.21272793150445,0.4544042600399379
DOGEUSDT,development_2024_25,transition,240,9014,204.77516646364845,-135.16930389809667,0.4540714444197914
DOGEUSDT,reused_2026,up_persistent,24,552,35.6944497709227,-34.75091818711584,0.47101449275362317
DOGEUSDT,reused_2026,up_persistent,72,521,18.192013998597904,-149.71699835676478,0.43953934740882916
DOGEUSDT,reused_2026,up_persistent,240,500,-159.76138001274728,-137.48888424319705,0.428
DOGEUSDT,reused_2026,down_persistent,24,679,22.98475160885439,35.35461752731894,0.5493372606774669
DOGEUSDT,reused_2026,down_persistent,72,679,148.8652132457688,107.13520462823922,0.6023564064801178
DOGEUSDT,reused_2026,down_persistent,240,643,-107.30335936103121,-78.3491502979472,0.4603421461897356
DOGEUSDT,reused_2026,panic_continuation,24,145,-54.63515695086564,-108.88313928417381,0.4482758620689655
DOGEUSDT,reused_2026,panic_continuation,72,145,-166.74114198387403,-66.06397774687079,0.45517241379310347
DOGEUSDT,reused_2026,panic_continuation,240,145,-49.1109856874766,-38.097740409879236,0.45517241379310347
DOGEUSDT,reused_2026,rebound,24,321,-43.05841410223148,-40.97277293153678,0.43302180685358255
DOGEUSDT,reused_2026,rebound,72,321,-84.62765601920619,-149.6201052016366,0.38006230529595014
DOGEUSDT,reused_2026,rebound,240,316,-224.92067367826957,-126.2395928387805,0.439873417721519
DOGEUSDT,reused_2026,range,24,1466,3.5140584963808226,-2.856744602216521,0.4897680763983629
DOGEUSDT,reused_2026,range,72,1466,-7.659851822653266,-17.516463420282903,0.4686221009549795
DOGEUSDT,reused_2026,range,240,1460,-20.344750897298763,-31.59522180092411,0.46986301369863015
DOGEUSDT,reused_2026,transition,24,3221,-12.612654554426422,-32.86653329522604,0.43651040049674017
DOGEUSDT,reused_2026,transition,72,3204,-50.16203209846171,-79.62926143209536,0.4147940074906367
DOGEUSDT,reused_2026,transition,240,3104,-190.16373067476155,-241.50232091648516,0.3605025773195876
DOGEUSDT,year2024,up_persistent,24,1053,232.18097170893955,-7.706139224249453,0.49572649572649574
DOGEUSDT,year2024,up_persistent,72,1053,568.039683302094,-59.73239885313841,0.47673314339981004
DOGEUSDT,year2024,up_persistent,240,1053,1169.0565667617104,343.7347635299859,0.5859449192782527
DOGEUSDT,year2024,down_persistent,24,647,-9.932444365615298,49.501546923340634,0.5486862442040186
DOGEUSDT,year2024,down_persistent,72,647,158.5748583157332,43.744531933509464,0.5193199381761978
DOGEUSDT,year2024,down_persistent,240,647,506.95263324241307,92.00690051753836,0.5672333848531684
DOGEUSDT,year2024,panic_continuation,24,168,206.40237746470407,251.9864654270465,0.6785714285714286
DOGEUSDT,year2024,panic_continuation,72,168,202.23746873956998,-5.183364667681323,0.49404761904761907
DOGEUSDT,year2024,panic_continuation,240,168,171.79836774521982,164.54863124105822,0.5714285714285714
DOGEUSDT,year2024,rebound,24,386,73.60475408015795,31.92462133454366,0.5207253886010362
DOGEUSDT,year2024,rebound,72,386,271.24840954008795,137.46515382215387,0.5777202072538861
DOGEUSDT,year2024,rebound,240,386,1004.6086496683001,176.18026134677555,0.5932642487046632
DOGEUSDT,year2024,range,24,1985,38.76811409830081,31.68316831683171,0.5340050377833753
DOGEUSDT,year2024,range,72,1985,74.53743110084386,89.04109589041198,0.5556675062972293
DOGEUSDT,year2024,range,240,1985,331.28801992560403,64.12825651302524,0.5204030226700251
DOGEUSDT,year2024,transition,24,4545,13.594032702801918,-12.622907254850046,0.48316831683168315
DOGEUSDT,year2024,transition,72,4545,100.20871920993038,-13.368090368290897,0.4884488448844885
DOGEUSDT,year2024,transition,240,4545,648.8628845026346,138.19095477386912,0.5410341034103411
DOGEUSDT,year2025,up_persistent,24,825,104.65517990250595,46.35542311149044,0.536969696969697
DOGEUSDT,year2025,up_persistent,72,825,92.09091503782298,12.671594508977257,0.503030303030303
DOGEUSDT,year2025,up_persistent,240,825,-187.6426604941515,-520.7809619574322,0.3503030303030303
DOGEUSDT,year2025,down_persistent,24,993,-16.545872931053296,54.662641755731656,0.5448136958710977
DOGEUSDT,year2025,down_persistent,72,993,38.71446511364247,-11.960039397774791,0.4904330312185297
DOGEUSDT,year2025,down_persistent,240,993,99.69047656371424,22.65588795633544,0.5115810674723061
DOGEUSDT,year2025,panic_continuation,24,266,167.84193831286754,114.18416418401578,0.6052631578947368
DOGEUSDT,year2025,panic_continuation,72,266,346.1684543718531,404.9014420318664,0.6992481203007519
DOGEUSDT,year2025,panic_continuation,240,266,115.68539671549209,73.0776141326872,0.5639097744360902
DOGEUSDT,year2025,rebound,24,489,-39.4646035196672,30.493327697602712,0.5255623721881391
DOGEUSDT,year2025,rebound,72,489,-81.12187524447498,-95.789708175541,0.4662576687116564
DOGEUSDT,year2025,rebound,240,489,-298.2483851608555,-282.09373408048964,0.35991820040899797
DOGEUSDT,year2025,range,24,1718,-23.649612310754566,-38.14035577463515,0.4540162980209546
DOGEUSDT,year2025,range,72,1718,-87.88497640863201,-144.4330357654583,0.42840512223515714
DOGEUSDT,year2025,range,240,1718,-24.7927528453715,-293.2639046867602,0.4138533178114086
DOGEUSDT,year2025,transition,24,4469,-41.31715353088464,-35.96491228070264,0.4629671067352875
DOGEUSDT,year2025,transition,72,4469,-87.55479624001731,-129.9558018338942,0.4197807115685836
DOGEUSDT,year2025,transition,240,4469,-246.86472579126132,-424.9277158199083,0.3656298948310584
ETHUSDT,all,up_persistent,24,3016,40.36733108501998,0.6354666819674559,0.5013262599469496
ETHUSDT,all,up_persistent,72,2995,91.5226684147195,50.86127386633832,0.5382303839732888
ETHUSDT,all,up_persistent,240,2959,269.06985493616327,127.65651694901736,0.5711388982764447
ETHUSDT,all,down_persistent,24,1873,-22.998245893735042,30.44486720070738,0.5504538174052322
ETHUSDT,all,down_persistent,72,1873,25.551377937094546,70.52537845057883,0.5531233315536572
ETHUSDT,all,down_persistent,240,1870,-13.683760280900398,-30.722902889006587,0.4802139037433155
ETHUSDT,all,panic_continuation,24,762,38.73360413619201,81.19638239662552,0.5879265091863517
ETHUSDT,all,panic_continuation,72,762,-8.638112314684705,136.62202360895213,0.5761154855643045
ETHUSDT,all,panic_continuation,240,762,-15.68920816580825,37.49809325321984,0.5144356955380578
ETHUSDT,all,rebound,24,1157,-14.809213081348174,-1.8672212528403342,0.4978392394122731
ETHUSDT,all,rebound,72,1157,-8.07722027715922,6.715749055674625,0.5047536732929991
ETHUSDT,all,rebound,240,1144,-108.65546482216754,-121.44699693546535,0.4562937062937063
ETHUSDT,all,range,24,4714,15.464406857698433,11.999081921916233,0.525668222316504
ETHUSDT,all,range,72,4714,38.250876070161205,46.83628700173803,0.5490029698769623
ETHUSDT,all,range,240,4701,193.37586067353138,65.36583368311311,0.5354179961710275
ETHUSDT,all,transition,24,12406,1.4081058427809634,4.833365864427286,0.5086248589392229
ETHUSDT,all,transition,72,12379,5.474442926558364,0.9976446910120451,0.5014136844656273
ETHUSDT,all,transition,240,12276,22.382885638906725,-59.3313203419088,0.4694525904203324
ETHUSDT,development_2024_25,up_persistent,24,2301,50.114821254676684,0.23590787460392448,0.500651890482399
ETHUSDT,development_2024_25,up_persistent,72,2301,122.72974190937613,92.66532920815918,0.5662755323772273
ETHUSDT,development_2024_25,up_persistent,240,2301,344.89055208340733,178.30826578821845,0.5814863102998696
ETHUSDT,development_2024_25,down_persistent,24,1381,-17.104236581541574,30.488868727756024,0.5488776249094859
ETHUSDT,development_2024_25,down_persistent,72,1381,56.57053888843703,81.7448972319923,0.5677045619116582
ETHUSDT,development_2024_25,down_persistent,240,1381,117.53072114937348,11.249241179702718,0.5119478638667632
ETHUSDT,development_2024_25,panic_continuation,24,552,106.30395796129021,129.5121264624255,0.6503623188405797
ETHUSDT,development_2024_25,panic_continuation,72,552,128.48097934234025,193.31200860081998,0.644927536231884
ETHUSDT,development_2024_25,panic_continuation,240,552,162.08625383742563,185.98534570767876,0.5778985507246377
ETHUSDT,development_2024_25,rebound,24,900,-13.041163836985547,-0.9442332375975138,0.4988888888888889
ETHUSDT,development_2024_25,rebound,72,900,25.82029897872291,17.35738002827114,0.5222222222222223
ETHUSDT,development_2024_25,rebound,240,900,-29.33815460329355,-61.22224403852905,0.4722222222222222
ETHUSDT,development_2024_25,range,24,3441,8.02298034428902,9.948625947973078,0.5213600697471665
ETHUSDT,development_2024_25,range,72,3441,18.32471908290404,35.81806441197877,0.5370531822144725
ETHUSDT,development_2024_25,range,240,3441,163.4224232912416,-40.86462428268156,0.4847428073234525
ETHUSDT,development_2024_25,transition,24,8969,1.1420640507463946,4.9949146796257615,0.5100903110714684
ETHUSDT,development_2024_25,transition,72,8969,2.6563314102824265,6.40828960808415,0.506968446872561
ETHUSDT,development_2024_25,transition,240,8969,37.04155086975516,-94.32584998702364,0.4614784256884826
ETHUSDT,reused_2026,up_persistent,24,715,8.998135448124723,2.6664381148289173,0.5034965034965035
ETHUSDT,reused_2026,up_persistent,72,694,-11.946317336296351,-59.18460175926843,0.4452449567723343
ETHUSDT,reused_2026,up_persistent,240,658,3.9278729668495163,52.78034442096291,0.5349544072948328
ETHUSDT,reused_2026,down_persistent,24,492,-39.54220292653822,29.57634785701768,0.5548780487804879
ETHUSDT,reused_2026,down_persistent,72,492,-61.51663278201922,25.641583370997758,0.5121951219512195
ETHUSDT,reused_2026,down_persistent,240,489,-384.25062910545705,-327.91004460079097,0.39059304703476483
ETHUSDT,reused_2026,panic_continuation,24,210,-138.87989734692323,-122.48773559828064,0.4238095238095238
ETHUSDT,reused_2026,panic_continuation,72,210,-369.0654389560075,-411.4256466163507,0.3952380952380952
ETHUSDT,reused_2026,panic_continuation,240,210,-482.9847082885945,-648.8526637854592,0.3476190476190476
ETHUSDT,reused_2026,rebound,24,257,-21.000825221139486,-6.575749778426898,0.49416342412451364
ETHUSDT,reused_2026,rebound,72,257,-126.78448615378927,-43.136045215730334,0.44357976653696496
ETHUSDT,reused_2026,rebound,240,244,-401.21931399014534,-446.3073819666191,0.3975409836065574
ETHUSDT,reused_2026,range,24,1273,35.57905621562601,16.27295561832387,0.5373134328358209
ETHUSDT,reused_2026,range,72,1273,92.11254629259007,69.95643767699677,0.5813040062843676
ETHUSDT,reused_2026,range,240,1260,275.1772718104034,170.76334217278722,0.6738095238095239
ETHUSDT,reused_2026,transition,24,3437,2.1023533937725407,2.5553607587158744,0.5048006982833867
ETHUSDT,reused_2026,transition,72,3410,12.886654712329271,-12.842623150650656,0.4868035190615836
ETHUSDT,reused_2026,transition,240,3307,-17.373258435928403,-11.219147344802005,0.49107952827335954
ETHUSDT,year2024,up_persistent,24,1394,22.469513661045784,-6.21449683980424,0.48421807747489237
ETHUSDT,year2024,up_persistent,72,1394,121.1967220556395,93.29490554285114,0.5817790530846485
ETHUSDT,year2024,up_persistent,240,1394,430.721730167422,292.19575114121545,0.6054519368723099
ETHUSDT,year2024,down_persistent,24,673,-17.66066758083877,34.35935846678673,0.5661218424962853
ETHUSDT,year2024,down_persistent,72,673,65.77759618006452,99.68556481621427,0.6032689450222882
ETHUSDT,year2024,down_persistent,240,673,209.40085070869603,27.746331268372337,0.524517087667162
ETHUSDT,year2024,panic_continuation,24,271,58.068856536883125,115.28265410802207,0.6346863468634686
ETHUSDT,year2024,panic_continuation,72,271,-8.39151826511874,147.76768408811148,0.6088560885608856
ETHUSDT,year2024,panic_continuation,240,271,272.60787312139036,252.8959945562681,0.6014760147601476
ETHUSDT,year2024,rebound,24,453,12.129287967293498,-0.2257059760502056,0.4988962472406181
ETHUSDT,year2024,rebound,72,453,97.24428120162021,66.79289416930523,0.5982339955849889
ETHUSDT,year2024,rebound,240,453,115.37549248850122,143.26261821690167,0.543046357615894
ETHUSDT,year2024,range,24,1617,-13.793177282258931,-8.807170685571908,0.48237476808905383
ETHUSDT,year2024,range,72,1617,-4.1634302239517185,-3.605271890760875,0.49474335188620905
ETHUSDT,year2024,range,240,1617,121.81425959225015,-225.94083993826342,0.41187384044526903
ETHUSDT,year2024,transition,24,4376,27.435959726143086,26.45667167773258,0.5477605118829981
ETHUSDT,year2024,transition,72,4376,41.95113697905503,50.51014983421198,0.5507312614259597
ETHUSDT,year2024,transition,240,4376,104.92542823420459,-61.70648606827977,0.48080438756855576
ETHUSDT,year2025,up_persistent,24,907,92.60386070949643,19.28922855294113,0.525909592061742
ETHUSDT,year2025,up_persistent,72,907,125.08589370221954,90.64458742747084,0.5424476295479603
ETHUSDT,year2025,up_persistent,240,907,212.97361465329,79.35371470848108,0.5446527012127894
ETHUSDT,year2025,down_persistent,24,708,-16.575312764413017,27.132362309861826,0.5324858757062146
ETHUSDT,year2025,down_persistent,72,708,47.81863273410748,56.89312385112832,0.5338983050847458
ETHUSDT,year2025,down_persistent,240,708,30.202194040017375,-0.9202857184487101,0.5
ETHUSDT,year2025,panic_continuation,24,281,152.82250773358314,149.63236207367726,0.6654804270462633
ETHUSDT,year2025,panic_continuation,72,281,260.48256956163345,351.27617186031745,0.6797153024911032
ETHUSDT,year2025,panic_continuation,240,281,55.49778826463407,100.01623054588737,0.5551601423487544
ETHUSDT,year2025,rebound,24,447,-38.54947405474485,-3.955461503469815,0.4988814317673378
ETHUSDT,year2025,rebound,72,447,-46.56239441495153,-96.41583497960293,0.4451901565995526
ETHUSDT,year2025,rebound,240,447,-175.99426675672314,-246.1597348104605,0.4004474272930649
ETHUSDT,year2025,range,24,1824,27.36329113492939,21.992508063901628,0.555921052631579
ETHUSDT,year2025,range,72,1824,38.260759340133106,78.65783079921917,0.5745614035087719
ETHUSDT,year2025,range,240,1824,200.30860788623568,175.81106205380448,0.5493421052631579
ETHUSDT,year2025,transition,24,4593,-23.909555255923735,-16.117024322799267,0.47419986936642716
ETHUSDT,year2025,transition,72,4593,-34.781959286201115,-45.192094159449695,0.4652732418898324
ETHUSDT,year2025,transition,240,4593,-27.63509780144683,-115.20553819763579,0.44306553450903546
LINKUSDT,all,up_persistent,24,2804,-1.66956746445163,-28.837487880766233,0.4689728958630528
LINKUSDT,all,up_persistent,72,2789,12.346131084965302,-58.62646566164087,0.46468268196486195
LINKUSDT,all,up_persistent,240,2734,148.84706995703624,-124.7549991364355,0.4590343818580834
LINKUSDT,all,down_persistent,24,2431,19.307180446276135,44.29783223374173,0.5470999588646648
LINKUSDT,all,down_persistent,72,2431,100.14753210594274,11.689070718876593,0.5084327437268614
LINKUSDT,all,down_persistent,240,2402,214.64370093794525,163.71739137729602,0.5657785179017485
LINKUSDT,all,panic_continuation,24,546,126.05713704571514,120.54508117500195,0.5934065934065934
LINKUSDT,all,panic_continuation,72,546,98.025265663832,65.55638138927566,0.521978021978022
LINKUSDT,all,panic_continuation,240,546,160.91898521926348,243.89849433542722,0.6062271062271062
LINKUSDT,all,rebound,24,1203,17.755653114309016,2.8522532800923095,0.5020781379883624
LINKUSDT,all,rebound,72,1203,52.20822516331814,-49.88633493306472,0.4771404821280133
LINKUSDT,all,rebound,240,1196,130.80948033228307,22.718973827031697,0.5108695652173914
LINKUSDT,all,range,24,4578,16.216442758944968,9.869551953329836,0.5115771079073831
LINKUSDT,all,range,72,4578,18.887720024341185,41.27434979946942,0.5292704237658367
LINKUSDT,all,range,240,4559,-44.4300875233632,-26.203734032100854,0.49155516560649265
LINKUSDT,all,transition,24,12366,-1.2950931870914335,-18.028631558664188,0.4754973313925279
LINKUSDT,all,transition,72,12333,4.468405704101032,-32.78324165138735,0.47376956133949566
LINKUSDT,all,transition,240,12275,50.73500022682213,-79.96395990539473,0.4758452138492872
LINKUSDT,development_2024_25,up_persistent,24,1932,-17.035511376255958,-45.34943552424841,0.4523809523809524
LINKUSDT,development_2024_25,up_persistent,72,1932,-3.6356809507191397,-69.06281697260374,0.4648033126293996
LINKUSDT,development_2024_25,up_persistent,240,1932,116.40745333243734,-235.5233809479318,0.4601449275362319
LINKUSDT,development_2024_25,down_persistent,24,1867,28.729879897603112,54.78114660736555,0.5527584359935725
LINKUSDT,development_2024_25,down_persistent,72,1867,130.7562002462177,16.566165264064736,0.5115158007498661
LINKUSDT,development_2024_25,down_persistent,240,1867,361.420252382797,207.65206017004712,0.5923942153186931
LINKUSDT,development_2024_25,panic_continuation,24,356,206.07745553361724,211.16850386750042,0.6544943820224719
LINKUSDT,development_2024_25,panic_continuation,72,356,204.56625341661348,193.13870514326425,0.550561797752809
LINKUSDT,development_2024_25,panic_continuation,240,356,353.5713305437688,347.24509627724996,0.7050561797752809
LINKUSDT,development_2024_25,rebound,24,932,40.72215397295799,12.125949951061754,0.5118025751072961
LINKUSDT,development_2024_25,rebound,72,932,134.28563424393442,79.6869206261397,0.5396995708154506
LINKUSDT,development_2024_25,rebound,240,932,254.1039254704401,91.05521872173506,0.5418454935622318
LINKUSDT,development_2024_25,range,24,3242,5.404269940337402,6.8464565759907,0.5061690314620605
LINKUSDT,development_2024_25,range,72,3242,-17.32932527467907,-12.5443688737642,0.49383096853793956
LINKUSDT,development_2024_25,range,240,3242,-130.1669958600536,-221.57313794396893,0.44108574953732266
LINKUSDT,development_2024_25,transition,24,9215,0.19191811166507952,-20.290307476197313,0.4760716223548562
LINKUSDT,development_2024_25,transition,72,9215,7.246678599276228,-26.994924954106825,0.48149755832881175
LINKUSDT,development_2024_25,transition,240,9215,69.8886825575522,-130.4966782663719,0.4634834508952794
LINKUSDT,reused_2026,up_persistent,24,872,32.375161477757025,6.319983766435167,0.5057339449541285
LINKUSDT,reused_2026,up_persistent,72,857,48.3751402482586,-53.498374069023136,0.4644107351225204
LINKUSDT,reused_2026,up_persistent,240,802,226.99337833449883,-62.92494013765915,0.456359102244389
LINKUSDT,reused_2026,down_persistent,24,564,-11.884627843843491,18.768125880938015,0.5283687943262412
LINKUSDT,reused_2026,down_persistent,72,564,-1.1758427484780052,-4.344936260524679,0.49822695035460995
LINKUSDT,reused_2026,down_persistent,240,535,-297.5653113004438,-64.31218661434369,0.47289719626168225
LINKUSDT,reused_2026,panic_continuation,24,190,-23.875670226354114,-21.322503384359482,0.4789473684210526
LINKUSDT,reused_2026,panic_continuation,72,190,-101.59890086243222,-39.10556147218747,0.46842105263157896
LINKUSDT,reused_2026,panic_continuation,240,190,-200.05067233612567,-279.57948701309243,0.42105263157894735
LINKUSDT,reused_2026,rebound,24,271,-61.228770502889695,-28.2438943346075,0.46863468634686345
LINKUSDT,reused_2026,rebound,72,271,-230.06537359363523,-219.12758550071686,0.26199261992619927
LINKUSDT,reused_2026,rebound,240,264,-304.4572729584835,-248.72419664952793,0.4015151515151515
LINKUSDT,reused_2026,range,24,1336,42.453766320266624,16.734130898445887,0.5247005988023952
LINKUSDT,reused_2026,range,72,1336,106.77369372151456,138.87081028311266,0.6152694610778443
LINKUSDT,reused_2026,range,240,1317,166.6246253297502,149.09090909090762,0.615793470007593
LINKUSDT,reused_2026,transition,24,3151,-5.643810774537088,-14.252823155355143,0.4738178356077436
LINKUSDT,reused_2026,transition,72,3118,-3.7425579678166816,-39.63306052204185,0.4509300833867864
LINKUSDT,reused_2026,transition,240,3060,-6.945124831242454,26.69929873794219,0.5130718954248366
LINKUSDT,year2024,up_persistent,24,1098,-30.830908841626133,-51.52446435392643,0.4435336976320583
LINKUSDT,year2024,up_persistent,72,1098,-22.784000523973862,-110.417919949935,0.4225865209471767
LINKUSDT,year2024,up_persistent,240,1098,215.30823590170473,23.78342351997187,0.5081967213114754
LINKUSDT,year2024,down_persistent,24,879,44.33308834063165,51.07832009080493,0.5563139931740614
LINKUSDT,year2024,down_persistent,72,879,168.71481906174338,110.41009463722551,0.5688282138794084
LINKUSDT,year2024,down_persistent,240,879,328.00879921145736,376.49619151251426,0.6313993174061433
LINKUSDT,year2024,panic_continuation,24,174,124.97430712192457,116.76382883672231,0.5804597701149425
LINKUSDT,year2024,panic_continuation,72,174,-87.67777620014256,-181.8051399926385,0.4540229885057471
LINKUSDT,year2024,panic_continuation,240,174,180.68438708230823,271.9388629542674,0.6551724137931034
LINKUSDT,year2024,rebound,24,479,30.49814823166135,15.08028031579789,0.5177453027139874
LINKUSDT,year2024,rebound,72,479,166.44792573956443,122.29110972072021,0.5448851774530271
LINKUSDT,year2024,rebound,240,479,275.7372642900245,177.83857729138265,0.6116910229645094
LINKUSDT,year2024,range,24,1509,26.1511040683817,9.52590312889301,0.510934393638171
LINKUSDT,year2024,range,72,1509,90.32191129547353,28.860028860029363,0.5129224652087475
LINKUSDT,year2024,range,240,1509,-47.471510159035155,-124.7309454164136,0.45129224652087474
LINKUSDT,year2024,transition,24,4645,18.818618207083368,-15.678218089419937,0.48310010764262645
LINKUSDT,year2024,transition,72,4645,48.92367866364864,-19.074262461851177,0.489989235737352
LINKUSDT,year2024,transition,240,4645,273.00601314581064,78.21526975380078,0.5190527448869753
LINKUSDT,year2025,up_persistent,24,834,1.1267744954184502,-36.83655965038224,0.46402877697841727
LINKUSDT,year2025,up_persistent,72,834,21.57397719248669,45.2044147164099,0.5203836930455635
LINKUSDT,year2025,up_persistent,240,834,-13.800051776741968,-386.57922611968934,0.39688249400479614
LINKUSDT,year2025,down_persistent,24,988,14.848078054058483,60.66027913950833,0.5495951417004049
LINKUSDT,year2025,down_persistent,72,988,96.98532378989471,-49.811946710868746,0.4605263157894737
LINKUSDT,year2025,down_persistent,240,988,391.1456241819949,105.59002668200091,0.5576923076923077
LINKUSDT,year2025,panic_continuation,24,182,283.61563038875204,270.7837668238067,0.7252747252747253
LINKUSDT,year2025,panic_continuation,72,182,483.96439162164387,471.37437796185066,0.6428571428571429
LINKUSDT,year2025,panic_continuation,240,182,518.8588479190114,398.1006129552744,0.7527472527472527
LINKUSDT,year2025,rebound,24,453,51.532967990797054,5.1319334559307705,0.5055187637969095
LINKUSDT,year2025,rebound,72,453,100.27738341301436,59.81067125645501,0.5342163355408388
LINKUSDT,year2025,rebound,240,453,231.2289380651843,-121.14455592716511,0.46799116997792495
LINKUSDT,year2025,range,24,1733,-12.660919153268393,1.6267216137078044,0.5020196191575302
LINKUSDT,year2025,range,72,1733,-111.06603386346164,-35.85982070089533,0.4772071552221581
LINKUSDT,year2025,range,240,1733,-202.17362478263692,-361.40301050837877,0.432198499711483
LINKUSDT,year2025,transition,24,4570,-18.740471810264463,-25.51809682539097,0.46892778993435447
LINKUSDT,year2025,transition,72,4570,-35.1142984902226,-37.74904340942076,0.47286652078774616
LINKUSDT,year2025,transition,240,4570,-136.5620834342335,-300.0528461683177,0.40700218818380746
LTCUSDT,all,up_persistent,24,2541,-26.67798556214451,-37.2928176795595,0.43998425816607634
LTCUSDT,all,up_persistent,72,2513,-35.81824018120302,-82.81292424653807,0.4365300437723836
LTCUSDT,all,up_persistent,240,2450,-161.9233525753206,-265.01811570660504,0.3783673469387755
LTCUSDT,all,down_persistent,24,1710,39.07087889749451,81.61791481063219,0.6222222222222222
LTCUSDT,all,down_persistent,72,1710,144.36350605753378,97.5566622183166,0.583625730994152
LTCUSDT,all,down_persistent,240,1677,101.2338050681281,53.03324278877142,0.5193798449612403
LTCUSDT,all,panic_continuation,24,607,100.91833359952247,96.82471878114552,0.6309719934102141
LTCUSDT,all,panic_continuation,72,607,122.44711494505808,155.61959654178725,0.6013179571663921
LTCUSDT,all,panic_continuation,240,607,254.01164448005707,268.1118083285794,0.5782537067545305
LTCUSDT,all,rebound,24,1175,18.60066996286931,24.721878862792313,0.548936170212766
LTCUSDT,all,rebound,72,1175,74.89853455497055,55.793193230424535,0.5497872340425531
LTCUSDT,all,rebound,240,1171,175.43910199809343,138.58497447118756,0.5713065755764304
LTCUSDT,all,range,24,5349,9.635773878448372,14.135702746365109,0.5245840343989531
LTCUSDT,all,range,72,5349,-15.176904478841736,0.0,0.49934567208824077
LTCUSDT,all,range,240,5334,28.45546822362268,76.10705430492692,0.5311211098612674
LTCUSDT,all,transition,24,12546,1.9540739483185285,1.333343786747987,0.5005579467559381
LTCUSDT,all,transition,72,12526,12.339919644122872,4.24430376950391,0.5035126935973175
LTCUSDT,all,transition,240,12473,50.73811906559851,-11.096316023081476,0.49514952296961434
LTCUSDT,development_2024_25,up_persistent,24,1923,-51.102745840582735,-55.28680027643284,0.42121684867394693
LTCUSDT,development_2024_25,up_persistent,72,1923,-56.41063442069165,-76.43838446441565,0.44877795111804475
LTCUSDT,development_2024_25,up_persistent,240,1923,-91.667658228022,-175.2717391304337,0.43733749349974
LTCUSDT,development_2024_25,down_persistent,24,1181,55.56279948355861,99.38837920489219,0.6248941574936494
LTCUSDT,development_2024_25,down_persistent,72,1181,177.98614114720365,141.47521160822185,0.598645215918713
LTCUSDT,development_2024_25,down_persistent,240,1181,194.76893354691074,96.10250934329878,0.5351397121083827
LTCUSDT,development_2024_25,panic_continuation,24,386,171.8611560233037,150.92914006635928,0.7098445595854922
LTCUSDT,development_2024_25,panic_continuation,72,386,276.0674891723929,309.52521168287615,0.6968911917098446
LTCUSDT,development_2024_25,panic_continuation,240,386,562.8884284075668,478.61264602497846,0.7046632124352331
LTCUSDT,development_2024_25,rebound,24,866,48.427315410397995,48.02054073522966,0.5969976905311778
LTCUSDT,development_2024_25,rebound,72,866,148.58538885495926,146.60117641769332,0.6131639722863741
LTCUSDT,development_2024_25,rebound,240,866,275.10384822196283,192.2636944860301,0.5946882217090069
LTCUSDT,development_2024_25,range,24,3900,9.699643714834409,14.179215332789097,0.5243589743589744
LTCUSDT,development_2024_25,range,72,3900,-23.23866629772871,-2.168188569612872,0.4971794871794872
LTCUSDT,development_2024_25,range,240,3900,49.72866265184902,39.22057150388181,0.5117948717948718
LTCUSDT,development_2024_25,transition,24,9288,5.716921518598247,10.608207362028388,0.5120585701981051
LTCUSDT,development_2024_25,transition,72,9288,26.265852948453304,29.84388523622816,0.5241171403962102
LTCUSDT,development_2024_25,transition,240,9288,90.50926892690099,-2.50196789257473,0.49892334194659776
LTCUSDT,reused_2026,up_persistent,24,618,49.32333161493749,0.0,0.49838187702265374
LTCUSDT,reused_2026,up_persistent,72,590,31.299004094282836,-92.76942083238926,0.39661016949152544
LTCUSDT,reused_2026,up_persistent,240,527,-418.283315060814,-462.86198957954826,0.16318785578747627
LTCUSDT,reused_2026,down_persistent,24,529,2.252432371706822,52.209584187954405,0.6162570888468809
LTCUSDT,reused_2026,down_persistent,72,529,69.30049652842213,47.755491881567025,0.5500945179584121
LTCUSDT,reused_2026,down_persistent,240,496,-121.47786173316692,-44.717812612728444,0.48185483870967744
LTCUSDT,reused_2026,panic_continuation,24,221,-22.990849457398514,-11.904761904760752,0.49321266968325794
LTCUSDT,reused_2026,panic_continuation,72,221,-145.8672038411467,-93.14989968472464,0.4343891402714932
LTCUSDT,reused_2026,panic_continuation,240,221,-285.4745030132406,-480.4998922645976,0.3574660633484163
LTCUSDT,reused_2026,rebound,24,309,-64.99115837874831,-43.94141145139807,0.41423948220064727
LTCUSDT,reused_2026,rebound,72,309,-131.6154325123118,-76.41921397379959,0.37216828478964403
LTCUSDT,reused_2026,rebound,240,305,-107.5434233457456,20.351526364477124,0.5049180327868853
LTCUSDT,reused_2026,range,24,1449,9.463867486519103,13.911430558775084,0.5251897860593513
LTCUSDT,reused_2026,range,72,1449,6.521419257292998,8.936550491509543,0.505175983436853
LTCUSDT,reused_2026,range,240,1434,-29.40049988661627,130.8234398419894,0.5836820083682008
LTCUSDT,reused_2026,transition,24,3258,-8.773160008942986,-13.743682060513574,0.4677716390423573
LTCUSDT,reused_2026,transition,72,3238,-27.605746980528465,-41.26218370344159,0.44441012970969734
LTCUSDT,reused_2026,transition,240,3185,-65.24129691926098,-27.2426542128823,0.48414442700156984
LTCUSDT,year2024,up_persistent,24,1078,-9.736190890583323,-32.61632767977862,0.45732838589981445
LTCUSDT,year2024,up_persistent,72,1078,22.398958559642825,-21.17244496576354,0.48886827458256027
LTCUSDT,year2024,up_persistent,240,1078,73.78641383857344,-99.45296977601825,0.4582560296846011
LTCUSDT,year2024,down_persistent,24,495,65.77109582098369,102.62482731399069,0.6727272727272727
LTCUSDT,year2024,down_persistent,72,495,227.32989370307203,300.26311716452534,0.7252525252525253
LTCUSDT,year2024,down_persistent,240,495,381.0406564136757,274.77420175550105,0.6181818181818182
LTCUSDT,year2024,panic_continuation,24,200,94.16680235715091,139.92592858358188,0.685
LTCUSDT,year2024,panic_continuation,72,200,108.69522429410763,184.13348633267046,0.635
LTCUSDT,year2024,panic_continuation,240,200,436.5053679249245,247.81291250573378,0.61
LTCUSDT,year2024,rebound,24,479,44.176916041633206,57.065625469288065,0.6200417536534447
LTCUSDT,year2024,rebound,72,479,152.50864881866227,178.06670435273952,0.6743215031315241
LTCUSDT,year2024,rebound,240,479,300.3521859357964,200.24611254055412,0.6304801670146137
LTCUSDT,year2024,range,24,1801,26.587231773355118,31.312268716197078,0.5652415324819545
LTCUSDT,year2024,range,72,1801,10.918546202677902,21.431122752708642,0.5208217656857301
LTCUSDT,year2024,range,240,1801,83.36926756301422,22.592487997741273,0.5063853414769572
LTCUSDT,year2024,transition,24,4731,8.816580903671845,11.381419832123818,0.5155358275206088
LTCUSDT,year2024,transition,72,4731,46.56522436834182,67.96941376380428,0.549143944197844
LTCUSDT,year2024,transition,240,4731,213.13552743287127,79.24370916168488,0.5413231874867893
LTCUSDT,year2025,up_persistent,24,845,-103.8756999661441,-94.90844126842424,0.37514792899408284
LTCUSDT,year2025,up_persistent,72,845,-156.95115658968643,-127.15639426581271,0.39763313609467454
LTCUSDT,year2025,up_persistent,240,845,-302.7439773851698,-429.51160374090745,0.4106508875739645
LTCUSDT,year2025,down_persistent,24,686,48.19675475028541,91.94486162709903,0.5903790087463557
LTCUSDT,year2025,down_persistent,72,686,142.38095526505373,11.910886326820247,0.5072886297376094
LTCUSDT,year2025,down_persistent,240,686,60.36003730923045,-70.09482137305845,0.4752186588921283
LTCUSDT,year2025,panic_continuation,24,186,255.40347179336032,179.58619484823467,0.7365591397849462
LTCUSDT,year2025,panic_continuation,72,186,456.0376664608717,378.03395569261824,0.7634408602150538
LTCUSDT,year2025,panic_continuation,240,186,698.7841923673972,599.0386502256406,0.8064516129032258
LTCUSDT,year2025,rebound,24,387,53.68814563685365,29.501332318233597,0.5684754521963824
LTCUSDT,year2025,rebound,72,387,143.72946760789543,102.26442658875179,0.537467700258398
LTCUSDT,year2025,rebound,240,387,243.8533216976056,169.3811074918572,0.5503875968992248
LTCUSDT,year2025,range,24,2099,-4.790373480685286,-5.177993527508695,0.48928060981419724
LTCUSDT,year2025,range,72,2099,-52.54649846220336,-18.25610710249559,0.47689375893282515
LTCUSDT,year2025,range,240,2099,20.8640940739507,61.59087930808438,0.5164363982848976
LTCUSDT,year2025,transition,24,4557,2.498907792290759,8.40437027254115,0.5084485407066052
LTCUSDT,year2025,transition,72,4557,5.191390322275425,-2.2760896779350226,0.4981347377660742
LTCUSDT,year2025,transition,240,4557,-36.79922986435317,-133.40849304772638,0.4549045424621461
SOLUSDT,all,up_persistent,24,3083,31.11613067135175,17.906560312550557,0.5176775867661368
SOLUSDT,all,up_persistent,72,3062,37.76184266486457,-5.566124189925192,0.49738732854343565
SOLUSDT,all,up_persistent,240,3005,-0.13011760970748854,14.624634384141633,0.502828618968386
SOLUSDT,all,down_persistent,24,2177,7.3220949939015885,12.749445676274451,0.5149288011024346
SOLUSDT,all,down_persistent,72,2177,67.4160948917718,38.224929821417675,0.5250344510794671
SOLUSDT,all,down_persistent,240,2151,171.2831756792883,143.20685434516588,0.5509065550906556
SOLUSDT,all,panic_continuation,24,698,57.95308081135395,44.32414097337634,0.5487106017191977
SOLUSDT,all,panic_continuation,72,698,42.95763399105389,89.55793141155243,0.5601719197707736
SOLUSDT,all,panic_continuation,240,698,261.45004774152744,342.31778060752504,0.6002865329512894
SOLUSDT,all,rebound,24,1183,-11.823855061053193,-4.532064355314835,0.48774302620456467
SOLUSDT,all,rebound,72,1183,-0.22746438390549695,0.0,0.4995773457311919
SOLUSDT,all,rebound,240,1178,122.71295123223948,138.0498496382454,0.5560271646859083
SOLUSDT,all,range,24,4738,2.3444804281392777,-8.171471975850775,0.48459265512874633
SOLUSDT,all,range,72,4738,20.6095255775139,2.72350910360708,0.5018995356690586
SOLUSDT,all,range,240,4701,129.98055921769944,92.21902017291006,0.5254201233780047
SOLUSDT,all,transition,24,12049,6.620815397922329,-2.263126131563098,0.4961407585691759
SOLUSDT,all,transition,72,12022,21.559581718900706,-4.425693275777465,0.4955082349026784
SOLUSDT,all,transition,240,11979,62.81248885364267,-34.93362611038941,0.48751982636280156
SOLUSDT,development_2024_25,up_persistent,24,2219,22.419037286457765,-0.8138517569022952,0.4997746732762506
SOLUSDT,development_2024_25,up_persistent,72,2219,9.168055659743807,-45.45719447520247,0.4709328526363227
SOLUSDT,development_2024_25,up_persistent,240,2219,-20.0366814984709,1.4371945961477728,0.5006759801712483
SOLUSDT,development_2024_25,down_persistent,24,1581,10.943847160617393,-6.7616460456232375,0.4946236559139785
SOLUSDT,development_2024_25,down_persistent,72,1581,91.44423254534196,9.145362393712109,0.502213788741303
SOLUSDT,development_2024_25,down_persistent,240,1581,323.75493551004814,265.3422706907915,0.5838077166350412
SOLUSDT,development_2024_25,panic_continuation,24,466,140.6097739398508,144.1365924107485,0.6008583690987125
SOLUSDT,development_2024_25,panic_continuation,72,466,186.673239398947,193.1632354681134,0.6158798283261803
SOLUSDT,development_2024_25,panic_continuation,240,466,509.21322660935795,505.13081708131955,0.6995708154506438
SOLUSDT,development_2024_25,rebound,24,894,-6.41106573371431,-15.887330337282513,0.48210290827740493
SOLUSDT,development_2024_25,rebound,72,894,48.1018818653018,61.377929781228914,0.5257270693512305
SOLUSDT,development_2024_25,rebound,240,894,249.53573483702996,193.6538264444221,0.5883668903803132
SOLUSDT,development_2024_25,range,24,3412,-4.664651705564916,-16.640113700669424,0.47567409144196954
SOLUSDT,development_2024_25,range,72,3412,-3.5118357490922154,-49.96464522097954,0.47362250879249707
SOLUSDT,development_2024_25,range,240,3412,107.36336043832165,-2.4838624727874237,0.49941383352872215
SOLUSDT,development_2024_25,transition,24,8972,11.305342698654085,2.0245523363260354,0.5017833259028087
SOLUSDT,development_2024_25,transition,72,8972,36.88515610352331,19.683122780896902,0.5113687026304057
SOLUSDT,development_2024_25,transition,240,8972,95.85611890034329,-17.9424768735309,0.49364690147124385
SOLUSDT,reused_2026,up_persistent,24,864,53.45276287167557,45.706096143872664,0.5636574074074074
SOLUSDT,reused_2026,up_persistent,72,843,113.028287936944,74.13290971670428,0.5670225385527876
SOLUSDT,reused_2026,up_persistent,240,786,56.06920207116523,42.02175715529499,0.5089058524173028
SOLUSDT,reused_2026,down_persistent,24,596,-2.2852710725039276,41.27915884491573,0.5687919463087249
SOLUSDT,reused_2026,down_persistent,72,596,3.6770250422845687,82.73807008091882,0.5855704697986577
SOLUSDT,reused_2026,down_persistent,240,570,-251.6253371144509,-140.3673117057369,0.45964912280701753
SOLUSDT,reused_2026,panic_continuation,24,232,-108.07286314502336,-42.25606611844124,0.44396551724137934
SOLUSDT,reused_2026,panic_continuation,72,232,-245.71250445755894,-208.83954837825624,0.4482758620689655
SOLUSDT,reused_2026,panic_continuation,240,232,-236.2121994671321,-267.3330867502988,0.40086206896551724
SOLUSDT,reused_2026,rebound,24,289,-28.567916163617078,6.239860227132965,0.5051903114186851
SOLUSDT,reused_2026,rebound,72,289,-149.73070157003468,-121.72031376791904,0.4186851211072664
SOLUSDT,reused_2026,rebound,240,284,-276.5108816645307,-122.8233212983193,0.45422535211267606
SOLUSDT,reused_2026,range,24,1326,20.38004516433741,5.057255435927388,0.5075414781297134
SOLUSDT,reused_2026,range,72,1326,82.67746286739325,75.11743712000474,0.5746606334841629
SOLUSDT,reused_2026,range,240,1289,189.84858267405087,192.67364414843112,0.5942591155934833
SOLUSDT,reused_2026,transition,24,3077,-7.038456276489538,-11.033468186831819,0.479688007799805
SOLUSDT,reused_2026,transition,72,3050,-23.52273086432355,-39.44673203846227,0.4488524590163934
SOLUSDT,reused_2026,transition,240,3007,-35.77994506022428,-65.71087216248439,0.46923844363152645
SOLUSDT,year2024,up_persistent,24,1249,12.689100345690163,-2.6382011526915328,0.49639711769415534
SOLUSDT,year2024,up_persistent,72,1249,26.15462693672548,-15.230144404332346,0.49399519615692555
SOLUSDT,year2024,up_persistent,240,1249,185.95952921768006,189.04203024672438,0.5580464371497198
SOLUSDT,year2024,down_persistent,24,680,59.42844051331081,55.86608932370507,0.5676470588235294
SOLUSDT,year2024,down_persistent,72,680,271.01002026485116,162.21303121589204,0.5897058823529412
SOLUSDT,year2024,down_persistent,240,680,578.6487615883005,565.4528774018274,0.7058823529411765
SOLUSDT,year2024,panic_continuation,24,185,144.89382386556525,193.0718003245846,0.5783783783783784
SOLUSDT,year2024,panic_continuation,72,185,-22.82310024707496,-92.42693075775298,0.4594594594594595
SOLUSDT,year2024,panic_continuation,240,185,489.90441900335907,496.30850835065576,0.7081081081081081
SOLUSDT,year2024,rebound,24,414,30.208106062416473,23.0418215573569,0.5193236714975845
SOLUSDT,year2024,rebound,72,414,98.18624343694825,2.6725346735345656,0.5
SOLUSDT,year2024,rebound,240,414,390.51501804002,274.7707658484666,0.6594202898550725
SOLUSDT,year2024,range,24,1758,-10.912466806805332,-16.234903541248457,0.4761092150170648
SOLUSDT,year2024,range,72,1758,55.998636144087904,-9.843783623713076,0.4960182025028441
SOLUSDT,year2024,range,240,1758,219.62905905512406,36.679710837660416,0.5079635949943118
SOLUSDT,year2024,transition,24,4498,33.764823146306675,9.330077522917701,0.5086705202312138
SOLUSDT,year2024,transition,72,4498,78.36498654228494,25.32122383132385,0.512894619831036
SOLUSDT,year2024,transition,240,4498,266.8953910964685,98.54468003530847,0.5291240551356158
SOLUSDT,year2025,up_persistent,24,970,34.94758495554924,2.312228841048203,0.5041237113402062
SOLUSDT,year2025,up_persistent,72,970,-12.704343850514062,-92.78522921593868,0.44123711340206184
SOLUSDT,year2025,up_persistent,240,970,-285.283348698958,-197.02030711667763,0.4268041237113402
SOLUSDT,year2025,down_persistent,24,901,-25.64829876594367,-84.0680746360456,0.43951165371809103
SOLUSDT,year2025,down_persistent,72,901,-44.07711667692918,-123.42803912435917,0.4361820199778024
SOLUSDT,year2025,down_persistent,240,901,131.38223658306532,-35.52784222737637,0.4916759156492786
SOLUSDT,year2025,panic_continuation,24,281,137.78931402434483,119.24403779810966,0.6156583629893239
SOLUSDT,year2025,panic_continuation,72,281,324.5978758207052,333.06055646481036,0.7188612099644128
SOLUSDT,year2025,panic_continuation,240,281,521.9254309051224,520.4152249134952,0.693950177935943
SOLUSDT,year2025,rebound,24,480,-37.995101407877115,-67.18712814888117,0.45
SOLUSDT,year2025,rebound,72,480,4.904120009756758,89.23145115227071,0.5479166666666667
SOLUSDT,year2025,rebound,240,480,127.94110307445098,85.69475561524764,0.5270833333333333
SOLUSDT,year2025,range,24,1654,1.9760127128030687,-17.072336432595314,0.4752116082224909
SOLUSDT,year2025,range,72,1654,-66.76419946626912,-92.91879096140099,0.4498186215235792
SOLUSDT,year2025,range,240,1654,-11.961366386550534,-32.23622988420382,0.49032648125755746
SOLUSDT,year2025,transition,24,4474,-11.274617751399852,-3.3044034871360095,0.494859186410371
SOLUSDT,year2025,transition,72,4474,-4.817185718906214,13.690509307759946,0.5098345999105945
SOLUSDT,year2025,transition,240,4474,-76.10066391998997,-163.76697731931122,0.4579794367456415
TRXUSDT,all,up_persistent,24,4006,36.64609016748686,-5.967326649982119,0.4840239640539191
TRXUSDT,all,up_persistent,72,3992,28.0675571511697,20.117588474243277,0.5280561122244489
TRXUSDT,all,up_persistent,240,3988,150.30774863282787,57.84385378847401,0.5504012036108324
TRXUSDT,all,down_persistent,24,1820,-13.07089347463073,12.428759689837587,0.5230769230769231
TRXUSDT,all,down_persistent,72,1820,0.5807068164517614,5.598290732827804,0.5082417582417582
TRXUSDT,all,down_persistent,240,1808,103.11472098235527,114.70115562770556,0.588495575221239
TRXUSDT,all,panic_continuation,24,459,77.55090945119764,67.68588362068951,0.6013071895424836
TRXUSDT,all,panic_continuation,72,459,112.39496306592477,76.08627303024474,0.6274509803921569
TRXUSDT,all,panic_continuation,240,459,143.7834614524713,69.75507522912761,0.5708061002178649
TRXUSDT,all,rebound,24,1094,4.879799793414222,5.556785331751746,0.5191956124314442
TRXUSDT,all,rebound,72,1093,47.63483347147524,31.214615784802557,0.5571820677035682
TRXUSDT,all,rebound,240,1077,216.18943019739433,172.97297297297342,0.6313834726090993
TRXUSDT,all,range,24,3761,9.513561495216367,20.23935234072516,0.5639457591066206
TRXUSDT,all,range,72,3758,26.832789840053653,61.6451115444816,0.5787653006918574
TRXUSDT,all,range,240,3740,109.4626494360227,134.8584978785594,0.6379679144385026
TRXUSDT,all,transition,24,12788,12.68994583191179,17.191353072765203,0.549108539255552
TRXUSDT,all,transition,72,12758,58.734477883322704,45.339690633104944,0.5757171970528296
TRXUSDT,all,transition,240,12640,155.57546045233454,140.92167753595564,0.6097310126582278
TRXUSDT,development_2024_25,up_persistent,24,2699,53.21841319449439,-14.030711668874263,0.46758058540200076
TRXUSDT,development_2024_25,up_persistent,72,2699,37.751220020635515,-7.354605114279211,0.49092256391256023
TRXUSDT,development_2024_25,up_persistent,240,2699,238.44196073420122,107.33282674772138,0.5954057058169693
TRXUSDT,development_2024_25,down_persistent,24,1344,-9.836885884297931,14.659168339792306,0.5208333333333334
TRXUSDT,development_2024_25,down_persistent,72,1344,12.010273712154975,4.896983418821721,0.5066964285714286
TRXUSDT,development_2024_25,down_persistent,240,1344,124.3215139348918,114.70115562770556,0.5833333333333334
TRXUSDT,development_2024_25,panic_continuation,24,309,126.35265085799321,114.40888741502064,0.6666666666666666
TRXUSDT,development_2024_25,panic_continuation,72,309,136.2653165975931,96.36926140606627,0.6537216828478964
TRXUSDT,development_2024_25,panic_continuation,240,309,248.93313071007063,137.9453764037142,0.6407766990291263
TRXUSDT,development_2024_25,rebound,24,776,12.636922614546453,4.237893772806034,0.5154639175257731
TRXUSDT,development_2024_25,rebound,72,776,81.66072951351335,59.46439099665191,0.5734536082474226
TRXUSDT,development_2024_25,rebound,240,776,322.03848291550366,250.60148372376912,0.6675257731958762
TRXUSDT,development_2024_25,range,24,2875,8.432082272631165,20.807324178109265,0.5554782608695652
TRXUSDT,development_2024_25,range,72,2875,18.87618913347908,43.330363651090664,0.5467826086956522
TRXUSDT,development_2024_25,range,240,2875,86.3210672000816,102.3435182438459,0.5836521739130435
TRXUSDT,development_2024_25,transition,24,9541,11.582671639289211,14.838090250501867,0.5365265695419767
TRXUSDT,development_2024_25,transition,72,9541,67.99512679630418,42.39766081871154,0.5581175977360864
TRXUSDT,development_2024_25,transition,240,9541,175.26425024190763,153.5271219121759,0.5932292212556336
TRXUSDT,reused_2026,up_persistent,24,1307,2.423672531761314,5.805426546074965,0.5179801071155318
TRXUSDT,reused_2026,up_persistent,72,1293,7.85394068969389,45.70632926718554,0.605568445475638
TRXUSDT,reused_2026,up_persistent,240,1289,-34.233941407208334,-42.89726259914195,0.4561675717610551
TRXUSDT,reused_2026,down_persistent,24,476,-22.202209023805676,4.841403903050878,0.5294117647058824
TRXUSDT,reused_2026,down_persistent,72,476,-31.69101147729847,11.133877302127448,0.5126050420168067
TRXUSDT,reused_2026,down_persistent,240,464,41.6881482922494,111.85754198288267,0.603448275862069
TRXUSDT,reused_2026,panic_continuation,24,150,-22.98067784680124,-19.102533736172212,0.4666666666666667
TRXUSDT,reused_2026,panic_continuation,72,150,63.22203479068798,36.67896494141787,0.5733333333333334
TRXUSDT,reused_2026,panic_continuation,240,150,-72.82485721818324,-91.28517253816138,0.4266666666666667
TRXUSDT,reused_2026,rebound,24,318,-14.049531367587697,8.048533829245752,0.5283018867924528
TRXUSDT,reused_2026,rebound,72,317,-35.65884264405026,8.297480024583859,0.5173501577287066
TRXUSDT,reused_2026,rebound,240,301,-56.69716418550541,33.689806515422305,0.5382059800664452
TRXUSDT,reused_2026,range,24,886,13.022876128322972,18.68040844072216,0.5914221218961625
TRXUSDT,reused_2026,range,72,883,52.73904921876476,83.46326699073758,0.6828992072480181
TRXUSDT,reused_2026,range,240,865,186.37831293698292,173.8812116774957,0.8184971098265896
TRXUSDT,reused_2026,transition,24,3247,15.94356550293489,21.38656211014167,0.586079457961195
TRXUSDT,reused_2026,transition,72,3217,31.269183733880322,49.87954260120109,0.6279142057817843
TRXUSDT,reused_2026,transition,240,3099,94.95889272651435,129.7811745196298,0.6605356566634398
TRXUSDT,year2024,up_persistent,24,1634,119.90599407563673,12.178862450356043,0.5281517747858017
TRXUSDT,year2024,up_persistent,72,1634,126.89192008783519,60.14564040872528,0.5679314565483476
TRXUSDT,year2024,up_persistent,240,1634,418.09355638448216,284.0453153060518,0.6731946144430845
TRXUSDT,year2024,down_persistent,24,711,-32.143908179939515,-20.569718880508738,0.45850914205344584
TRXUSDT,year2024,down_persistent,72,711,-53.95814140209292,-78.76106194690257,0.4388185654008439
TRXUSDT,year2024,down_persistent,240,711,51.19409182577769,7.827175954915333,0.5035161744022504
TRXUSDT,year2024,panic_continuation,24,151,125.81685799183876,114.3946615824598,0.6887417218543046
TRXUSDT,year2024,panic_continuation,72,151,98.69624186015523,74.5772723916427,0.5761589403973509
TRXUSDT,year2024,panic_continuation,240,151,261.9471403925223,158.66317832728515,0.5695364238410596
TRXUSDT,year2024,rebound,24,393,12.578223553114672,6.783603062312515,0.5318066157760815
TRXUSDT,year2024,rebound,72,393,75.47888457926551,26.80965147453085,0.544529262086514
TRXUSDT,year2024,rebound,240,393,446.5375299117258,258.72067088946295,0.7073791348600509
TRXUSDT,year2024,range,24,1136,-3.559079715636616,13.174929384859313,0.5255281690140845
TRXUSDT,year2024,range,72,1136,46.730867809831985,55.150035333340064,0.5448943661971831
TRXUSDT,year2024,range,240,1136,164.5107201579025,194.47667709253545,0.6065140845070423
TRXUSDT,year2024,transition,24,4759,15.780383090555686,21.09244308676983,0.5528472368144568
TRXUSDT,year2024,transition,72,4759,113.39490672896616,49.037864680323565,0.5625131330111368
TRXUSDT,year2024,transition,240,4759,319.5143148446562,235.4048964218447,0.6289136373187645
TRXUSDT,year2025,up_persistent,24,1065,-49.09849493676064,-57.617479796470136,0.37464788732394366
TRXUSDT,year2025,up_persistent,72,1065,-99.0148869369272,-84.27047917938025,0.3727699530516432
TRXUSDT,year2025,up_persistent,240,1065,-37.19250620716869,-31.83767033153595,0.476056338028169
TRXUSDT,year2025,down_persistent,24,633,15.218869016493805,46.97328649620136,0.5908372827804107
TRXUSDT,year2025,down_persistent,72,633,86.10749827176043,37.20260418229371,0.5829383886255924
TRXUSDT,year2025,down_persistent,240,633,206.45989801005786,221.1265501269999,0.6729857819905213
TRXUSDT,year2025,panic_continuation,24,158,126.86470606552055,118.2754096426597,0.6455696202531646
TRXUSDT,year2025,panic_continuation,72,158,172.16993865679007,98.43822398511004,0.7278481012658228
TRXUSDT,year2025,panic_continuation,240,158,236.49569107684144,125.44535215299413,0.7088607594936709
TRXUSDT,year2025,rebound,24,383,12.697154288548257,-0.34890617912730626,0.49869451697127937
TRXUSDT,year2025,rebound,72,383,88.00398032071809,85.27087715308967,0.6031331592689295
TRXUSDT,year2025,rebound,240,383,194.2888080603724,238.87111722323607,0.6266318537859008
TRXUSDT,year2025,range,24,1739,16.265296774455315,26.179888107875637,0.5750431282346176
TRXUSDT,year2025,range,72,1739,0.6801483190242761,39.80777506813915,0.5480161012075906
TRXUSDT,year2025,range,240,1739,35.243755089624706,69.47755602479289,0.5687176538240368
TRXUSDT,year2025,transition,24,4782,7.405149933605992,8.489104191838903,0.520284399832706
TRXUSDT,year2025,transition,72,4782,22.813706323795103,36.17818193285105,0.5537432036804685
TRXUSDT,year2025,transition,240,4782,31.707985615291033,65.6599159787452,0.5577164366373902
XRPUSDT,all,up_persistent,24,2388,157.62877586312257,11.202403901459101,0.5150753768844221
XRPUSDT,all,up_persistent,72,2351,355.1502492228115,5.076142131981154,0.5023394300297745
XRPUSDT,all,up_persistent,240,2343,938.0810458805832,-44.18011894647522,0.4835680751173709
XRPUSDT,all,down_persistent,24,2392,24.007448606150817,41.91678665195431,0.5852842809364549
XRPUSDT,all,down_persistent,72,2392,68.31894373628427,32.86910839570445,0.5384615384615384
XRPUSDT,all,down_persistent,240,2386,200.49051585773285,101.66735935552839,0.5603520536462699
XRPUSDT,all,panic_continuation,24,535,127.60889780536041,83.52910467240848,0.594392523364486
XRPUSDT,all,panic_continuation,72,535,245.62097622415445,202.76672351715152,0.6
XRPUSDT,all,panic_continuation,240,516,465.49612884827894,354.56721711576876,0.7189922480620154
XRPUSDT,all,rebound,24,1104,-5.30409211878733,-19.370322798043517,0.46467391304347827
XRPUSDT,all,rebound,72,1104,0.6109534922860632,-41.893504342717655,0.45652173913043476
XRPUSDT,all,rebound,240,1096,209.48991090025467,23.19587628866082,0.5127737226277372
XRPUSDT,all,range,24,5280,-0.9679884331301333,-15.329599693411634,0.4660984848484849
XRPUSDT,all,range,72,5280,3.692430755537554,-37.11485632936329,0.4647727272727273
XRPUSDT,all,range,240,5272,-67.84132682103971,-216.32161961671892,0.39434749620637327
XRPUSDT,all,transition,24,12229,-5.607413211327749,-20.71787434609229,0.46291601929838905
XRPUSDT,all,transition,72,12218,13.160287673966247,-52.985294066265624,0.44655426420036015
XRPUSDT,all,transition,240,12099,158.13473347447214,-116.4237825685488,0.4510290106620382
XRPUSDT,development_2024_25,up_persistent,24,1850,153.50645747502455,3.47673172596763,0.5043243243243243
XRPUSDT,development_2024_25,up_persistent,72,1850,401.4787614584042,46.507648232898546,0.5243243243243243
XRPUSDT,development_2024_25,up_persistent,240,1850,1261.6955818581002,111.64808433555606,0.5367567567567567
XRPUSDT,development_2024_25,down_persistent,24,1578,44.247579866095286,59.1339130144608,0.6096324461343473
XRPUSDT,development_2024_25,down_persistent,72,1578,120.33031141903082,81.3320626370484,0.5690747782002535
XRPUSDT,development_2024_25,down_persistent,240,1578,280.495693817237,127.71061895032298,0.5874524714828897
XRPUSDT,development_2024_25,panic_continuation,24,357,169.81329115205372,127.41172187841431,0.6246498599439776
XRPUSDT,development_2024_25,panic_continuation,72,357,328.5155517682883,308.46663676683096,0.6190476190476191
XRPUSDT,development_2024_25,panic_continuation,240,357,692.7764495024974,456.5850950640704,0.8627450980392157
XRPUSDT,development_2024_25,rebound,24,769,29.517155888461353,12.210438180295657,0.5214564369310793
XRPUSDT,development_2024_25,rebound,72,769,91.23156769360558,69.7084917617241,0.5604681404421327
XRPUSDT,development_2024_25,rebound,240,769,324.481326723521,150.35136460205933,0.5799739921976593
XRPUSDT,development_2024_25,range,24,3836,-8.778935140831548,-12.500250629959853,0.4700208550573514
XRPUSDT,development_2024_25,range,72,3836,-32.96945896853351,-38.54918304776245,0.4629822732012513
XRPUSDT,development_2024_25,range,240,3836,-75.99363867959858,-262.8106904950078,0.38503649635036497
XRPUSDT,development_2024_25,transition,24,9154,3.3497854168244134,-13.406900084354522,0.4782608695652174
XRPUSDT,development_2024_25,transition,72,9154,39.379426548309546,-33.00115292580508,0.4677736508630107
XRPUSDT,development_2024_25,transition,240,9154,249.71336380332914,-55.578413230533144,0.4808826742407691
XRPUSDT,reused_2026,up_persistent,24,538,171.80403426085755,52.8794927231413,0.5520446096654275
XRPUSDT,reused_2026,up_persistent,72,501,184.07690064826758,-84.36255652291224,0.42115768463073855
XRPUSDT,reused_2026,up_persistent,240,493,-276.2939877064484,-376.1957321559961,0.2839756592292089
XRPUSDT,reused_2026,down_persistent,24,814,-15.229562607844736,19.84872884247535,0.538083538083538
XRPUSDT,reused_2026,down_persistent,72,814,-32.5089901744947,-11.082682254778264,0.47911547911547914
XRPUSDT,reused_2026,down_persistent,240,808,44.242779694245925,28.359267170323665,0.5074257425742574
XRPUSDT,reused_2026,panic_continuation,24,178,42.96300777856537,36.374004336761075,0.5337078651685393
XRPUSDT,reused_2026,panic_continuation,72,178,79.36612527327924,118.64223665118855,0.5617977528089888
XRPUSDT,reused_2026,panic_continuation,240,159,-44.81251563949459,-270.5515088449528,0.39622641509433965
XRPUSDT,reused_2026,rebound,24,335,-85.23704649960594,-83.35701430330688,0.33432835820895523
XRPUSDT,reused_2026,rebound,72,335,-207.4106952265638,-215.96724667349076,0.21791044776119403
XRPUSDT,reused_2026,rebound,240,327,-60.933326922656214,-303.46820809248555,0.3547400611620795
XRPUSDT,reused_2026,range,24,1444,19.781867225278894,-20.577424887500694,0.4556786703601108
XRPUSDT,reused_2026,range,72,1444,101.08509625521663,-30.489498892874444,0.4695290858725762
XRPUSDT,reused_2026,range,240,1436,-46.06398121558577,-119.97040205221022,0.4192200557103064
XRPUSDT,reused_2026,transition,24,3075,-32.272192477052926,-38.16247674474083,0.4172357723577236
XRPUSDT,reused_2026,transition,72,3064,-65.17195686119646,-98.97455742810368,0.3831592689295039
XRPUSDT,reused_2026,transition,240,2945,-126.5208801181788,-253.68903103874297,0.35823429541595925
XRPUSDT,year2024,up_persistent,24,1016,194.96304137567776,-1.8664312424016005,0.4970472440944882
XRPUSDT,year2024,up_persistent,72,1016,602.9491497218927,93.85864512028941,0.5452755905511811
XRPUSDT,year2024,up_persistent,240,1016,2250.8314683262956,528.9222651649727,0.655511811023622
XRPUSDT,year2024,down_persistent,24,679,61.52344856080272,77.87274453941117,0.6597938144329897
XRPUSDT,year2024,down_persistent,72,679,148.25492804408663,94.42870632672351,0.6156111929307806
XRPUSDT,year2024,down_persistent,240,679,320.62321907829,85.57980316645342,0.5773195876288659
XRPUSDT,year2024,panic_continuation,24,137,96.26424566834194,68.62281116895463,0.5766423357664233
XRPUSDT,year2024,panic_continuation,72,137,348.3976853415439,-30.06388575723551,0.49635036496350365
XRPUSDT,year2024,panic_continuation,240,137,934.1246088801051,371.74033660070324,0.8394160583941606
XRPUSDT,year2024,rebound,24,310,23.70393803625286,13.768025156941643,0.5387096774193548
XRPUSDT,year2024,rebound,72,310,187.37828292006438,120.94733834602023,0.632258064516129
XRPUSDT,year2024,rebound,240,310,679.9061184541795,289.5823669920006,0.6580645161290323
XRPUSDT,year2024,range,24,2106,-17.011058529725016,-7.5084582024109725,0.4795821462488129
XRPUSDT,year2024,range,72,2106,-34.08205136062516,-19.31608230267279,0.47530864197530864
XRPUSDT,year2024,range,240,2106,-203.2807360789184,-330.0849328744626,0.2962962962962963
XRPUSDT,year2024,transition,24,4536,37.5799068763816,1.8871485857951953,0.5008818342151675
XRPUSDT,year2024,transition,72,4536,119.56598678065522,5.415172681831892,0.5063932980599647
XRPUSDT,year2024,transition,240,4536,555.1632546810605,95.39981575585,0.5434303350970018
XRPUSDT,year2025,up_persistent,24,834,103.00299315480436,17.545792758956182,0.513189448441247
XRPUSDT,year2025,up_persistent,72,834,156.04241316619283,-0.823440530356434,0.4988009592326139
XRPUSDT,year2025,up_persistent,240,834,56.70510146039467,-355.5297358906689,0.3920863309352518
XRPUSDT,year2025,down_persistent,24,899,31.199398727378558,41.29537057161458,0.5717463848720801
XRPUSDT,year2025,down_persistent,72,899,99.23930509154157,67.9469636200647,0.5339265850945495
XRPUSDT,year2025,down_persistent,240,899,250.18803013285978,205.2334530528488,0.5951056729699666
XRPUSDT,year2025,panic_continuation,24,220,215.61428765781966,165.0517828176501,0.6545454545454545
XRPUSDT,year2025,panic_continuation,72,220,316.13440495221545,401.5566202801324,0.6954545454545454
XRPUSDT,year2025,panic_continuation,240,220,542.4823684355326,467.05039184474,0.8772727272727273
XRPUSDT,year2025,rebound,24,459,33.44329430716425,8.968931620865206,0.5098039215686274
XRPUSDT,year2025,rebound,72,459,26.295877671378477,22.40383705153004,0.5119825708061002
XRPUSDT,year2025,rebound,240,459,84.43408176381695,47.62777065396406,0.5272331154684096
XRPUSDT,year2025,range,24,1730,1.2423665106191117,-19.371577956691645,0.45838150289017343
XRPUSDT,year2025,range,72,1730,-31.615054588334072,-75.96957057381005,0.4479768786127168
XRPUSDT,year2025,range,240,1730,78.95816890593174,-29.86677723738673,0.4930635838150289
XRPUSDT,year2025,transition,24,4618,-30.27252531088268,-31.716210481330663,0.4560415764400173
XRPUSDT,year2025,transition,72,4618,-39.38329264049948,-77.38813707312275,0.4298397574707666
XRPUSDT,year2025,transition,240,4618,-50.31277413980421,-221.0286976965564,0.4194456474664357
