policy,symbol,fee_bp,phase,days,return_total,sharpe,max_dd,vol,long_time,short_time,gross,turnover,long_price_sum,short_price_sum,fee_sum
trend24,ADAUSDT,2,all,998,-0.010371754065311989,0.15876772831318095,-0.40014285326323273,0.34965878175530984,0.4386956501078037,0.49760055341034365,0.3169475831978141,832.0889722993435,0.2645268371541637,0.08148591042539322,0.1664177944598687
trend24,ADAUSDT,2,development_2024_25,731,-0.14006287393054817,-0.059082529450493415,-0.3320928037252221,0.3383988728497203,0.4411637929893076,0.48850351967219113,0.2955620225912118,574.4052469209196,0.14297440131132377,-0.031666622310518054,0.11488104938418392
trend24,ADAUSDT,2,reused_2026,267,0.15081465369220814,0.6914962449946989,-0.3324308719153145,0.37923908501243103,0.43193830012136397,0.522506664506185,0.37549756373499127,257.68372537842396,0.12155243584284003,0.11315253273591123,0.0515367450756848
trend24,ADAUSDT,2,year2024,366,0.0025580444594588414,0.1615043033685802,-0.2614539468799688,0.312399622394786,0.4496748919479827,0.48405879050496203,0.31282951910579654,307.3976225095232,0.1616217578195558,-0.03685172472253445,0.06147952450190465
trend24,ADAUSDT,2,year2025,365,-0.14225701861172735,-0.24968108746618023,-0.33209280372522176,0.3629983090572086,0.4326293759512938,0.4929604261796042,0.2782472178669981,267.0076244113963,-0.018647356508232002,0.005185102412016418,0.053401524882279255
trend24,ADAUSDT,5,all,998,-0.22899711045594862,-0.10078925058789563,-0.46836699205911225,0.3508125853798132,0.4386956501078037,0.49760055341034365,0.3169473294877456,832.0367447483726,0.26452367315067216,0.08149275465599143,0.4160183723741863
trend24,ADAUSDT,5,development_2024_25,731,-0.27618849267149614,-0.3112827138072142,-0.34540354180688404,0.33941625688001753,0.4411637929893076,0.48850351967219113,0.2955617990198295,574.371832081654,0.14297067266826624,-0.03166364152908641,0.287185916040827
trend24,ADAUSDT,5,reused_2026,267,0.06519844149718734,0.4125951826378824,-0.3513333366363244,0.3807629407306613,0.43193830012136397,0.522506664506185,0.3754972275103925,257.6649126667186,0.12155300048240575,0.11315639618507797,0.12883245633335932
trend24,ADAUSDT,5,year2024,366,-0.08576563411798444,-0.13117116399309814,-0.2924537488232464,0.31356640036557537,0.4496748919479827,0.48405879050496203,0.31282926533800026,307.378680314691,0.16161640039967054,-0.03685010441968389,0.15368934015734548
trend24,ADAUSDT,5,year2025,365,-0.20828669940644662,-0.4681368464280928,-0.3454035418068834,0.3638994356264321,0.4326293759512938,0.4929604261796042,0.2782470245747596,266.993151766963,-0.018645727731404244,0.0051864628905974874,0.13349657588348152
trend72,ADAUSDT,2,all,998,0.2298577980038281,0.39232190243236353,-0.5363441164019468,0.3243671384943655,0.42672787502996706,0.5060392877314831,0.3254884937690054,427.92398492155445,0.2880011844931192,0.18704718789087,0.08558479698431089
trend72,ADAUSDT,2,development_2024_25,731,0.2579821075474562,0.5194318453605805,-0.27000181342954666,0.3130184576445231,0.4277863277093783,0.49330098129249816,0.30497626439135267,285.85681313359817,0.25581079910162763,0.17131018846301369,0.05717136262671963
trend72,ADAUSDT,2,reused_2026,267,-0.02235668486450859,0.08616012087426006,-0.41279390252861703,0.3541549645946872,0.42383001394888214,0.5409145761468315,0.3816474438628787,142.06717178795628,0.03219038539149166,0.015736999427856196,0.028413434357591257
trend72,ADAUSDT,2,year2024,366,0.4908014477616105,1.3943243188230836,-0.20980314138678058,0.3223599254402348,0.4389799635701275,0.4786132835225699,0.32267311815281574,149.77100820123766,0.41620009008599734,0.07147629607762991,0.029954201640247532
trend72,ADAUSDT,2,year2025,365,-0.1561705890235935,-0.412715918060389,-0.25389576122830504,0.30305773860255547,0.41656202435312023,0.5080289193302892,0.2872309260990363,136.08580493236053,-0.16038929098436971,0.09983389238538379,0.027217160986472103
trend72,ADAUSDT,5,all,998,0.08168219435240687,0.24770635138814262,-0.5689335448742942,0.3249847535377303,0.42672787502996706,0.5060392877314831,0.3254883757180826,427.90436550983975,0.28800236944913554,0.18704477257528412,0.21395218275491984
trend72,ADAUSDT,5,development_2024_25,731,0.1545947475571876,0.3824720325898336,-0.2923773619017408,0.31363435306882165,0.4277863277093783,0.49330098129249816,0.3049761625962541,285.8443173590092,0.255811267136502,0.17130861711011927,0.14292215867950464
trend72,ADAUSDT,5,reused_2026,267,-0.06314990896939787,-0.07757666027692682,-0.4296323999227557,0.35476901691445584,0.42383001394888214,0.5409145761468315,0.3816472813063098,142.06004815083048,0.032191102312633446,0.015736155465164797,0.07103002407541525
trend72,ADAUSDT,5,year2024,366,0.42529839700852445,1.2533219188964142,-0.21981130970831175,0.3230077460274489,0.4389799635701275,0.4786132835225699,0.32267300468463633,149.76425281066295,0.4161996857838264,0.07147578048348369,0.07488212640533147
trend72,ADAUSDT,5,year2025,365,-0.18992770217065025,-0.5456901775112524,-0.27165310531338394,0.30365295354238403,0.41656202435312023,0.5080289193302892,0.2872308360089997,136.0800645483463,-0.16038841864732445,0.09983283662663556,0.06804003227417314
trend168,ADAUSDT,2,all,998,0.4780363434519601,0.60053550038852,-0.3249215689989311,0.3243381083643401,0.3981156757960365,0.5317614395457583,0.32505253352566194,239.59332913450896,0.35524251163986054,0.26884047080851997,0.047918665826901796
trend168,ADAUSDT,2,development_2024_25,731,0.19286033380960643,0.43388076513346063,-0.3249215689989311,0.3177526225378779,0.39186236510107925,0.5271745326037391,0.30133488066182335,159.75404306516697,0.3035340347154496,0.04573785421606713,0.03195080861303339
trend168,ADAUSDT,2,reused_2026,267,0.23906906916050552,1.024491605564333,-0.25804616379733103,0.34220462752364544,0.4152361631294215,0.5443196004993757,0.3899873808794671,79.83928606934202,0.0517084769244109,0.22310261659245267,0.015967857213868404
trend168,ADAUSDT,2,year2024,366,0.14149047997030006,0.5662456877769064,-0.3249215689989311,0.32433997243518925,0.4326047358834244,0.4990607923497268,0.32368636498656106,90.13804937271202,0.2740245603046549,-0.06225049464396818,0.018027609874542404
trend168,ADAUSDT,2,year2025,365,0.045002437375249116,0.2952532304576345,-0.2926671395793028,0.31143415694863946,0.3510083713850837,0.5553652968036529,0.2789221593937301,69.61599369245494,0.029509474410794698,0.10798834886003535,0.013923198738490988
trend168,ADAUSDT,5,all,998,0.37552379150572657,0.5192904854723934,-0.3392143300944779,0.3246224618945944,0.3981156757960365,0.5317614395457583,0.32505247371410406,239.58472446799044,0.35524042305639686,0.268839277808241,0.11979236223399523
trend168,ADAUSDT,5,development_2024_25,731,0.13703809741880457,0.3585271063326354,-0.3392143300944779,0.31801987975164914,0.39186236510107925,0.5271745326037391,0.30133482997979144,159.74845679331222,0.30353291672040067,0.045736096407191645,0.07987422839665609
trend168,ADAUSDT,5,reused_2026,267,0.20974292297532382,0.9281552098321598,-0.26618219758825723,0.3425445139557993,0.4152361631294215,0.5443196004993757,0.38998729607284005,79.83626767467827,0.05170750633599622,0.22310318140104943,0.03991813383733914
trend168,ADAUSDT,5,year2024,366,0.11103581121528827,0.4829163385769088,-0.3392143300944779,0.3246704382782705,0.4326047358834244,0.4990607923497268,0.3236863049720334,90.13477735717717,0.27402401211571414,-0.062252363093488625,0.04506738867858859
trend168,ADAUSDT,5,year2025,365,0.023403643645899752,0.22825071749002684,-0.2976163418352217,0.31163826396990285,0.3510083713850837,0.5553652968036529,0.2789221180697626,69.61367943613504,0.029508904604686456,0.10798845950068023,0.034806839718067514
trend336,ADAUSDT,2,all,998,0.26144457629486695,0.42946826897340246,-0.29390168882953527,0.30497115013629844,0.3973809868090808,0.538100506568693,0.3163301906509315,156.43054311175842,0.290080965510623,0.11803071928837286,0.031286108622351684
trend336,ADAUSDT,2,development_2024_25,731,0.4966552037855081,0.8096012293268695,-0.29390168882953527,0.3061061326412392,0.3811076567136592,0.5488201094391245,0.3032257491267999,94.68597632828246,0.49177029393629257,0.04016802959971255,0.018937195265656494
trend336,ADAUSDT,2,reused_2026,267,-0.15715752492338975,-0.6260764616772981,-0.2702524039765001,0.3017771111453806,0.44193456096545986,0.5087520807324177,0.3522078938499585,61.744566783475946,-0.20168932842566956,0.07786268968866031,0.01234891335669519
trend336,ADAUSDT,2,year2024,366,0.45783229978812456,1.2880650177074693,-0.29390168882953527,0.33436078822567433,0.4213516313051499,0.5186608227079538,0.316544309630351,54.46818486707177,0.44575804881814635,0.002114238791792983,0.010893636973414354
trend336,ADAUSDT,2,year2025,365,0.02663056923833107,0.23442583876530332,-0.23371370162778426,0.2750055070315248,0.3407534246575342,0.5790620243531203,0.2898706994163898,40.21779146121069,0.046012245118146264,0.038053790807919555,0.00804355829224214
trend336,ADAUSDT,5,all,998,0.20361239222182492,0.373142846148083,-0.3022406956485205,0.3051492839874851,0.3973809868090808,0.538100506568693,0.31633015204193615,156.42576152316485,0.29008067822579164,0.11803084169787878,0.07821288076158245
trend336,ADAUSDT,5,development_2024_25,731,0.454738767160066,0.7630229768788163,-0.3022406956485205,0.3062571701755586,0.3811076567136592,0.5488201094391245,0.3032257172604756,94.68315259541248,0.491769512812672,0.04016828599007585,0.047341576297706245
trend336,ADAUSDT,5,reused_2026,267,-0.1726264402979285,-0.7091885679889668,-0.2780689077908203,0.30199865113972235,0.44193456096545986,0.5087520807324177,0.35220783678069123,61.74260892775238,-0.20168883458688036,0.07786255570780291,0.030871304463876193
trend336,ADAUSDT,5,year2024,366,0.43420369298341654,1.2388105463395789,-0.3022406956485205,0.3345361041602893,0.4213516313051499,0.5186608227079538,0.3165442720062622,54.46654564900938,0.44575741834340876,0.002114194423502122,0.02723327282450469
trend336,ADAUSDT,5,year2025,365,0.014318101589833043,0.1905979252655877,-0.2368086507782141,0.2751366149604884,0.3407534246575342,0.5790620243531203,0.28987067332360467,40.216606946403104,0.0460120944692632,0.038054091566573744,0.02010830347320155
trend_ensemble,ADAUSDT,2,all,998,0.23445585183717643,0.42269743702313983,-0.31385397915084035,0.26189269240811214,0.37254368638554697,0.5137955328969981,0.23568498778116254,368.9667699275583,0.3814613903610055,0.03060086384827569,0.07379335398551166
trend_ensemble,ADAUSDT,2,development_2024_25,731,0.19423785658552006,0.47801530759675215,-0.20281468699855032,0.24924666957161576,0.374758529806326,0.5033249734002128,0.22121024169830453,248.15179194192427,0.31233255696831524,0.013075280400233293,0.04963035838838485
trend_ensemble,ADAUSDT,2,reused_2026,267,0.033676704376669475,0.29766446996569607,-0.30744836032194234,0.29424963042525476,0.3664798266829645,0.5424621208825785,0.27531434877954897,120.81497798563402,0.06912883339269038,0.017525583448042364,0.024162995597126802
trend_ensemble,ADAUSDT,2,year2024,366,0.2484509047777339,0.9814569251944595,-0.1611592381889877,0.2590062643294612,0.4014985936842194,0.46677671523983,0.23254856475727198,132.4977814177324,0.31109514706081337,-0.019481155886963496,0.02649955628354648
trend_ensemble,ADAUSDT,2,year2025,365,-0.04342425319629872,-0.06808360641800447,-0.20281468699855065,0.23920694817613497,0.34794520547945207,0.5399733637747336,0.20984085474054537,115.65401052419186,0.0012374099075018671,0.0325564362871968,0.023130802104838373
trend_ensemble,ADAUSDT,5,all,998,0.105101731279309,0.2680943581651339,-0.3510416449022493,0.2623885849475424,0.37254368638554697,0.5137955328969981,0.2356848993282849,368.9529413209621,0.3814624256091265,0.03060001542729396,0.18447647066048106
trend_ensemble,ADAUSDT,5,development_2024_25,731,0.10855892023121871,0.3287158909376881,-0.2098740184680601,0.24971018313332446,0.374758529806326,0.5033249734002128,0.22121016559113973,248.14296053691535,0.31233289124943403,0.013074362244738999,0.12407148026845767
trend_ensemble,ADAUSDT,5,reused_2026,267,-0.003118633469825882,0.12958975563538233,-0.3213871233453116,0.29482323294417867,0.3664798266829645,0.5424621208825785,0.2753142265262366,120.80998078404676,0.06912953435969253,0.01752565318255489,0.06040499039202337
trend_ensemble,ADAUSDT,5,year2024,366,0.19979794495771497,0.8271302499362131,-0.1695212388006857,0.2595555751306405,0.4014985936842194,0.46677671523983,0.23254847981617924,132.49283075780244,0.31109467690082304,-0.019481959016598577,0.06624641537890122
trend_ensemble,ADAUSDT,5,year2025,365,-0.07604532505655481,-0.21237471310022035,-0.20987401846805953,0.23958667691235921,0.34794520547945207,0.5399733637747336,0.20984078749151117,115.65012977911292,0.0012382143486110303,0.03255632126133755,0.05782506488955646
breakout,ADAUSDT,2,all,998,0.7344574701123694,0.8164353342356333,-0.26143527093038266,0.30094060357098745,0.4155967883308235,0.5058392530318089,0.287481301568458,586.8777236780179,0.3885976703649934,0.44453374079235214,0.11737554473560356
breakout,ADAUSDT,2,development_2024_25,731,0.38724136294915334,0.6977713452841392,-0.19958209539732197,0.2952140544383998,0.4310598293959293,0.4831131072205777,0.27089004745192014,401.45696043618125,0.23508355310623644,0.30209292139820176,0.08029139208723625
breakout,ADAUSDT,2,reused_2026,267,0.2502924987942021,1.1194494132350532,-0.2614352709303822,0.3165917656272939,0.37326164593909184,0.5680595248970145,0.3329052969212263,185.42076324183657,0.153514117258757,0.14244081939415043,0.03708415264836732
breakout,ADAUSDT,2,year2024,366,0.3116262177965712,1.063220667999232,-0.19509489150994075,0.2944088695637281,0.4620347958700118,0.4676384737110447,0.2901365182475436,213.1837432578796,0.27577461008641047,0.09043145864181036,0.04263674865157592
breakout,ADAUSDT,2,year2025,365,0.05764991895298577,0.3329848364051177,-0.19958209539732086,0.29631676297334525,0.4,0.4986301369863014,0.25159084659932235,188.27321717830165,-0.04069105698017405,0.21166146275639144,0.03765464343566033
breakout,ADAUSDT,5,all,998,0.4544471923506004,0.6017677505014619,-0.29151659120155926,0.301561427191626,0.4155967883308235,0.5058392530318089,0.2874811199111026,586.8504842224411,0.3885959205616586,0.44452409123175857,0.2934252421112205
breakout,ADAUSDT,5,development_2024_25,731,0.22983074532640502,0.4936407255330824,-0.21641362650785045,0.2957726021640866,0.4310598293959293,0.4831131072205777,0.2708898887154007,401.43921721151656,0.23508229282469134,0.3020841241693112,0.20071960860575833
breakout,ADAUSDT,5,reused_2026,267,0.182640129853461,0.8776809112713961,-0.28044741806511664,0.3173884015849264,0.37326164593909184,0.5680595248970145,0.3329050525105708,185.41126701092446,0.15351362773696725,0.14243996706244738,0.09270563350546224
breakout,ADAUSDT,5,year2024,366,0.23036470297846678,0.8452073751544124,-0.21641362650785045,0.2950768039009706,0.4620347958700118,0.4676384737110447,0.29013634031970703,213.17381379727246,0.27577367781634887,0.09042304604650296,0.10658690689863623
breakout,ADAUSDT,5,year2025,365,-0.000433983233404156,0.1426216062491227,-0.21075196041062783,0.2967743682675961,0.4,0.4986301369863014,0.2515907071066991,188.26540341424413,-0.04069138499165752,0.21166107812280824,0.09413270170712207
range_only,ADAUSDT,2,all,998,-0.5342861081342619,-1.0995458059507779,-0.5876258527990093,0.22939574699789397,0.4594327786428451,0.3783660769079778,0.17852262792682683,277.6906732550961,-0.15014491819127207,-0.46504698694080543,0.05553813465101922
range_only,ADAUSDT,2,development_2024_25,731,-0.39386874649108794,-0.966743312629718,-0.4734264282623917,0.23013889973103785,0.44633256261476045,0.3765825152144427,0.1666836284619425,182.51891534005557,-0.01831641284117727,-0.37133306109199904,0.036503783068011116
range_only,ADAUSDT,2,reused_2026,267,-0.23166164230980346,-1.4652410711833441,-0.3058147532830525,0.2277237909930482,0.4952989131616838,0.38324916154458494,0.21093576878386971,95.1717579150405,-0.13182850535009485,-0.09371392584880633,0.0190343515830081
range_only,ADAUSDT,2,year2024,366,-0.3090039852310895,-1.409325458757924,-0.38990723094445234,0.24011567646862753,0.43534173632134454,0.4001514473575649,0.17739641058323272,97.5022994358621,0.014785340810574428,-0.33775169376135467,0.019500459887172417
range_only,ADAUSDT,2,year2025,365,-0.12281512403277695,-0.4833083547286921,-0.1727021965865173,0.21984261156982846,0.457353500761035,0.3529490106544901,0.1559414962526488,85.01661590419349,-0.033101753651751706,-0.03358136733064446,0.017003323180838695
range_only,ADAUSDT,5,all,998,-0.5715121473807087,-1.2349194290209806,-0.6144745769592037,0.22897714429838376,0.4594327786428451,0.3783660769079778,0.17852257810154368,277.6816887784006,-0.15014450611225172,-0.4650468158517257,0.13884084438920033
range_only,ADAUSDT,5,development_2024_25,731,-0.4261662931600173,-1.0875134155402186,-0.4917959940069171,0.22977725803810292,0.44633256261476045,0.3765825152144427,0.16668358608823008,182.51315602926127,-0.018316024053258932,-0.3713331245236847,0.09125657801463063
range_only,ADAUSDT,5,reused_2026,267,-0.25328915413681297,-1.6412989135249543,-0.31271776040646193,0.22713405143762358,0.4952989131616838,0.38324916154458494,0.2109356985574697,95.16853274913936,-0.13182848205899267,-0.09371369132804097,0.047584266374569674
range_only,ADAUSDT,5,year2024,366,-0.3289238314818742,-1.5334815083344369,-0.39761765126427484,0.23973431641141812,0.43534173632134454,0.4001514473575649,0.17739636326450794,97.49913256149398,0.01478625137568209,-0.33775201265176985,0.048749566280746996
range_only,ADAUSDT,5,year2025,365,-0.14490525254811748,-0.6005629712909837,-0.18528703107533928,0.21949568148346718,0.457353500761035,0.3529490106544901,0.1559414588374967,85.01402346776729,-0.03310227542894103,-0.03358111187191491,0.042507011733883646
down_rebound,ADAUSDT,2,all,998,0.7023608072946874,0.7842508169196057,-0.26680599263687843,0.30701649114860996,0.3969884212870185,0.3331854742198296,0.2680399261922455,601.6005661262013,0.5004217364513777,0.3213313371807125,0.12032011322524028
down_rebound,ADAUSDT,2,development_2024_25,731,0.30393985928683054,0.5867638429364667,-0.26680599263687843,0.30205911410976555,0.3985835613315094,0.32808700857919265,0.2503709098420626,419.1673499011444,0.3838313635538244,0.09619110855432156,0.08383346998022888
down_rebound,ADAUSDT,2,reused_2026,267,0.3055516289116029,1.2936284577834893,-0.21109736480007646,0.3206029196238422,0.3926212026633375,0.3471441947565543,0.316414648858851,182.43321622505704,0.11659037289755332,0.22514022862639088,0.03648664324501141
down_rebound,ADAUSDT,2,year2024,366,0.27509253535875433,0.9191015142389112,-0.26680599263687843,0.3174247847935589,0.42585951730418947,0.2991756009236517,0.2628071117290492,216.69073216027562,0.2778921878859774,0.06709246770479034,0.04333814643205512
down_rebound,ADAUSDT,2,year2025,365,0.022623710145053044,0.21813293794200184,-0.2317342471854199,0.2861347406668161,0.37123287671232874,0.3570776255707762,0.2379006361690842,202.4766177408688,0.10593917566784702,0.029098640849531184,0.040495323548173756
down_rebound,ADAUSDT,5,all,998,0.4212365235450066,0.5686151346763716,-0.3048782810983859,0.3076836424531491,0.3969884212870185,0.3331854742198296,0.2680397428580506,601.5579836757975,0.5004222095705607,0.32132379176553116,0.3007789918378988
down_rebound,ADAUSDT,5,development_2024_25,731,0.14985339920328378,0.3786908194253273,-0.3048782810983859,0.30275448362876134,0.3985835613315094,0.32808700857919265,0.2503707435221497,419.1388436283438,0.38383127895564595,0.09618383314787364,0.20956942181417193
down_rebound,ADAUSDT,5,reused_2026,267,0.236015412512379,1.05864054995364,-0.22657029438217724,0.32121708971541274,0.3926212026633375,0.3471441947565543,0.3164144189424831,182.41914004745362,0.11659093061491471,0.22513995861765745,0.09120957002372682
down_rebound,ADAUSDT,5,year2024,366,0.1948353261486644,0.713663149831499,-0.3048782810983859,0.3183099159577616,0.42585951730418947,0.2991756009236517,0.26280692697442803,216.67497131984425,0.2778905718836359,0.0670829400024926,0.10833748565992213
down_rebound,ADAUSDT,5,year2025,365,-0.037646967712590795,0.00637194111968457,-0.24570988112597758,0.28662655089692185,0.37123287671232874,0.3570776255707762,0.2379004883343857,202.4638723084996,0.10594070707201002,0.029100893145381057,0.1012319361542498
selected_trend,ADAUSDT,2,all,998,0.21433214866293548,0.38784939489162823,-0.2700018134295248,0.2907540273212739,0.37480168670674674,0.5309473112892451,0.29388811598596576,249.44504163633707,0.18428483362645443,0.21009100681912535,0.04988900832726742
selected_trend,ADAUSDT,2,development_2024_25,731,0.16847894002433628,0.41209394907588814,-0.2700018134295248,0.28869086535461563,0.3701217890256877,0.5299960100319198,0.2818789495487604,192.3393972005787,0.27654524891543875,0.033737217431109356,0.03846787944011574
selected_trend,ADAUSDT,2,reused_2026,267,0.03924179295661534,0.3226833785900298,-0.2454312816531411,0.2968762149136167,0.3876144402829796,0.5335518102372034,0.3267671446960673,57.10564443575838,-0.09226041528898438,0.17635378938801613,0.011421128887151678
selected_trend,ADAUSDT,2,year2024,366,0.18341152905169467,0.6995471994125131,-0.15768677617705884,0.30620643783526097,0.3729887674559806,0.5236699301760778,0.29123047605591734,78.82071137409488,0.2962657037810398,-0.06042220593224766,0.015764142274818975
selected_trend,ADAUSDT,2,year2025,365,-0.012618255493355601,0.08681844007821392,-0.25389576122828406,0.2703197061302163,0.36724695585996947,0.5363394216133942,0.27250180242103605,113.51868582648382,-0.019720454865601113,0.09415942336335706,0.022703737165296764
selected_trend,ADAUSDT,5,all,998,0.1267741413107688,0.29370668646925374,-0.29809960318361495,0.29106479511697936,0.37480168670674674,0.5309473112892451,0.2938880546559727,249.43564827091876,0.18428547152832653,0.21009056051377759,0.12471782413545938
selected_trend,ADAUSDT,5,development_2024_25,731,0.10296226158919453,0.3122563207373241,-0.2923773619017499,0.28903559659400835,0.3701217890256877,0.5299960100319198,0.28187888616316464,192.33183047692376,0.2765460175366716,0.03373704016713121,0.09616591523846188
selected_trend,ADAUSDT,5,reused_2026,267,0.021589024893078346,0.24382722923702757,-0.2512263097935171,0.2970977298892415,0.3876144402829796,0.5335518102372034,0.32676708899395995,57.10381779399499,-0.0922605460083451,0.17635352034664642,0.0285519088969975
selected_trend,ADAUSDT,5,year2024,366,0.15575585546350368,0.622233325328345,-0.16191615227393774,0.3064761569084144,0.3729887674559806,0.5236699301760778,0.2912304223441966,78.81766544171192,0.2962657274407475,-0.06042292352750163,0.039408832720855956
selected_trend,ADAUSDT,5,year2025,365,-0.04567884612026141,-0.03866603202664578,-0.2716531053133736,0.27074125898129836,0.36724695585996947,0.5363394216133942,0.27250172933506134,113.51416503521185,-0.01971970990407592,0.09415996369463281,0.056757082517605924
selected_breakout,ADAUSDT,2,all,998,-0.2134094140565782,-0.13648215856238421,-0.4228573336624092,0.306054538210265,0.3894438121306492,0.5123383381164187,0.300110177885497,513.4035802153967,0.0636035190109526,-0.027895290140553655,0.10268071604307935
selected_breakout,ADAUSDT,2,development_2024_25,731,0.06815349772258927,0.2571065899930968,-0.25466104815757995,0.3013973093594023,0.39261522580293223,0.5061242898558553,0.28571798280095134,341.02731301801623,0.14389232758953718,0.12739549037197345,0.06820546260360325
selected_breakout,ADAUSDT,2,reused_2026,267,-0.263597799735232,-1.156653332981817,-0.35649396359330987,0.3184103487125974,0.3807610278818144,0.5293513316687474,0.3395135284727736,172.37626719738043,-0.08028880857858453,-0.15529078051252698,0.03447525343947609
selected_breakout,ADAUSDT,2,year2024,366,0.21975687409221445,0.8193852760529327,-0.25466104815757995,0.29321085818554943,0.41985900745521887,0.48451099057731406,0.2958386561247191,144.22218560279384,0.27529784269856206,0.007123045922386481,0.028844437120558765
selected_breakout,ADAUSDT,2,year2025,365,-0.1242898315145432,-0.2769002823052133,-0.2445382838576704,0.3095558881027538,0.36529680365296807,0.5277968036529681,0.2755695816050637,196.80512741522244,-0.13140551510902487,0.12027244444958698,0.039361025483044494
selected_breakout,ADAUSDT,5,all,998,-0.32569600941305854,-0.3190284837931488,-0.47610229694313855,0.3067522570296598,0.3894438121306492,0.5123383381164187,0.30010999649966563,513.3750912979829,0.06360134050048338,-0.027902775034048262,0.2566875456489914
selected_breakout,ADAUSDT,5,development_2024_25,731,-0.035726260937217424,0.08801765242388544,-0.2833712441963512,0.30193483453782827,0.39261522580293223,0.5061242898558553,0.2857178340341914,341.0105122332702,0.14388837305858432,0.12738850943675167,0.17050525611663508
selected_breakout,ADAUSDT,5,reused_2026,267,-0.3007131032705248,-1.3727452247674627,-0.3788843089831455,0.3194717663221904,0.3807610278818144,0.5293513316687474,0.3395132577815444,172.36457906471256,-0.0802870325581009,-0.15529128447079987,0.08618228953235628
selected_breakout,ADAUSDT,5,year2024,366,0.16810591271475106,0.6715549823608291,-0.26805292424883376,0.29368795646655094,0.41985900745521887,0.48451099057731406,0.2958385276065417,144.21554711439506,0.2752944612756927,0.007114545731376168,0.07210777355719754
selected_breakout,ADAUSDT,5,year2025,365,-0.1744980240518177,-0.4660770022201359,-0.2833712441963516,0.31012892475134596,0.36529680365296807,0.5277968036529681,0.27556941253424555,196.79496511887513,-0.13140608821710836,0.1202739637053755,0.09839748255943756
regime_gate,ADAUSDT,2,all,998,0.20158090224722147,0.39670912177191814,-0.24547294917119378,0.2409342338151268,0.3849052271209085,0.40882111445112446,0.19881038503958026,424.8427537420694,0.2924189784876188,0.09163287678294468,0.08496855074841389
regime_gate,ADAUSDT,2,development_2024_25,731,0.09270512637757866,0.3033713631152245,-0.19729688958412261,0.23518544892505602,0.3871029031767746,0.3981465648274814,0.1854353554480462,287.24420879303995,0.2388979122251731,-0.002035862355253569,0.057448841758607996
regime_gate,ADAUSDT,2,reused_2026,267,0.09963875270776468,0.6314271995594823,-0.22623898224787398,0.25644224850962677,0.3788883687057844,0.4380461922596754,0.2354289117489863,137.59854494902947,0.053521066262445655,0.09366873913819825,0.0275197089898059
regime_gate,ADAUSDT,2,year2024,366,0.18156519101306445,0.8070301787964428,-0.17989296402299804,0.24165949923289545,0.4142474954462659,0.389078627808136,0.1982181662860495,158.61271637275587,0.234432593402193,0.001480012669378472,0.03172254327455118
regime_gate,ADAUSDT,2,year2025,365,-0.07520538461301507,-0.2303372416783938,-0.19294683040734217,0.2286573018614105,0.3598839421613395,0.4072393455098934,0.17261752321048676,128.63149242028408,0.004465318822980055,-0.0035158750246320064,0.025726298484056817
regime_gate,ADAUSDT,5,all,998,0.05778945835786442,0.20330714872475572,-0.2899144229120406,0.24141224266759745,0.3849052271209085,0.40882111445112446,0.19881028536271567,424.8231369994828,0.2924192038488116,0.09163247875568635,0.21241156849974135
regime_gate,ADAUSDT,5,development_2024_25,731,0.0024836568220905075,0.12066075951007167,-0.20924547140478034,0.2356623938649016,0.3871029031767746,0.3981465648274814,0.1854352684028308,287.23145121449977,0.238897537479503,-0.0020359632000265804,0.1436157256072499
regime_gate,ADAUSDT,5,reused_2026,267,0.05516878121594093,0.41102011366031016,-0.23858655132506423,0.25693393770102635,0.3788883687057844,0.4380461922596754,0.2354287774888424,137.591685784983,0.053521666369308454,0.09366844195571299,0.0687958428924915
regime_gate,ADAUSDT,5,year2024,366,0.12665679786553974,0.6097131988777537,-0.20714307072720262,0.24224302378758034,0.4142474954462659,0.389078627808136,0.198218065910464,158.6052532012115,0.23443107317389295,0.001478196531555561,0.07930262660060575
regime_gate,ADAUSDT,5,year2025,365,-0.11021381247483464,-0.39799538946403884,-0.2042851904422236,0.229035596852616,0.3598839421613395,0.4072393455098934,0.17261744953216301,128.62619801328825,0.004466464305610027,-0.003514159731582138,0.06431309900664413
gate_no_range,ADAUSDT,2,all,998,0.228918852536947,0.4283996179699464,-0.26352106650805174,0.2440858244132398,0.3614381540859497,0.41627004008016033,0.20305462430512577,408.51542177637555,0.31537863949266176,0.09013462343897499,0.08170308435527512
gate_no_range,ADAUSDT,2,development_2024_25,731,0.10834245629843542,0.33234351128538653,-0.21819896733477817,0.23811734619734617,0.3606978644170847,0.40623575011399915,0.18946991523613313,275.2011143325951,0.2546695723860742,-0.004391368948987673,0.05504022286651902
gate_no_range,ADAUSDT,2,reused_2026,267,0.10878983797228559,0.6695476023058867,-0.2282731911249236,0.2601576276722777,0.36346493965875987,0.44374219725343317,0.2402472172992591,133.31430744378042,0.060709067106587605,0.09452599238796268,0.026662861488756087
gate_no_range,ADAUSDT,2,year2024,366,0.22073590666960086,0.9331452992425466,-0.164056668981578,0.24465086467440786,0.3900462962962963,0.39198163327261687,0.20198073647433387,148.56530584492782,0.25811728988009486,0.009105455577615981,0.029713061168985564
gate_no_range,ADAUSDT,2,year2025,365,-0.09207024202130454,-0.30429605218415734,-0.2181989673347785,0.2314520551442294,0.3312690258751902,0.4205289193302892,0.17692481777536195,126.6358084876673,-0.0034477174940206884,-0.013496824526603647,0.025327161697533466
gate_no_range,ADAUSDT,5,all,998,0.08716836811785567,0.24475536392013883,-0.3087620276996781,0.24459477618993294,0.3614381540859497,0.41627004008016033,0.20305452680117086,408.4972390915464,0.31537856481908866,0.09013356604146161,0.20424861954577322
gate_no_range,ADAUSDT,5,development_2024_25,731,0.02051044064376728,0.1593866480874992,-0.22917133069388618,0.2386026157585144,0.3606978644170847,0.40623575011399915,0.189469830256795,275.1893530914046,0.25466940029898577,-0.004392010241891543,0.1375946765457023
gate_no_range,ADAUSDT,5,reused_2026,267,0.06531822195962911,0.45888495873318214,-0.2438263984838267,0.2607376278264402,0.36346493965875987,0.44374219725343317,0.24024708550506127,133.30788600014182,0.06070916452010283,0.09452557628335313,0.06665394300007092
gate_no_range,ADAUSDT,5,year2024,366,0.16752125552092823,0.7501862176559937,-0.1803317036809189,0.24523592963809623,0.3900462962962963,0.39198163327261687,0.20198063890938397,148.55856810299883,0.25811611880930113,0.009103517728368371,0.07427928405149942
gate_no_range,ADAUSDT,5,year2025,365,-0.12591703507065122,-0.46717672748741473,-0.22917133069388673,0.23184441432742775,0.3312690258751902,0.4205289193302892,0.17692474541611677,126.63078498840574,-0.0034467185103154163,-0.013495527970259921,0.06331539249420287
adaptive14,ADAUSDT,2,all,998,0.14317050087771643,0.3237205281213042,-0.2494595112890602,0.2340596033388328,0.3829597832909334,0.41671189601425074,0.19127066769326576,389.0243318198605,0.26409427297356014,0.05423790889678598,0.0778048663639721
adaptive14,ADAUSDT,2,development_2024_25,731,0.07528080909225965,0.27066673319665147,-0.1962525177268124,0.2278822732792381,0.3862289101687187,0.40161878704970366,0.17884853945326193,264.3547222665861,0.22583555352221862,-0.016591320697310032,0.05287094445331722
adaptive14,ADAUSDT,2,reused_2026,267,0.0631367092311137,0.4562307829385173,-0.22116813365736954,0.25063017468567583,0.37400947711991833,0.458034228048273,0.22528031467245227,124.66960955327441,0.0382587194513415,0.0708292295940961,0.024933921910654886
adaptive14,ADAUSDT,2,year2024,366,0.16235290648455036,0.7528246935641143,-0.16295128793192615,0.23534943896520913,0.4173022920461445,0.3826939131754706,0.1909268327578848,146.1560487680239,0.22649412455334814,-0.01136991569985224,0.02923120975360478
adaptive14,ADAUSDT,2,year2025,365,-0.07491020748219657,-0.2457270907567812,-0.19575888506397854,0.22029723114986263,0.355070395738204,0.4205955098934552,0.16673715493410587,118.19867349856219,-0.0006585710311295401,-0.005221404997457775,0.02363973469971244
adaptive14,ADAUSDT,5,all,998,0.01724182742426561,0.14152827851335806,-0.2884877150250853,0.2344866443735386,0.3829597832909334,0.41670841683366733,0.19127058179311196,389.00768684302506,0.2640947743132274,0.05423775743191876,0.19450384342151253
adaptive14,ADAUSDT,5,development_2024_25,731,-0.006704184884151143,0.09714902923267066,-0.20768117805319208,0.2283021433740389,0.3862289101687187,0.40161403708770327,0.17884846367838644,264.34383394704224,0.2258354177028006,-0.016591199741502582,0.1321719169735211
adaptive14,ADAUSDT,5,reused_2026,267,0.02410763434619234,0.2521976868300471,-0.230843782905647,0.2510815951084627,0.37400947711991833,0.458034228048273,0.22528020105103086,124.66385289598279,0.03825935661042694,0.07082895717342136,0.0623319264479914
adaptive14,ADAUSDT,5,year2024,366,0.11248716638334355,0.5663099891677601,-0.17755377158366548,0.23582510326682196,0.4173022920461445,0.3826939131754706,0.19092674522484998,146.14963036833186,0.22649262330362663,-0.011371388214063242,0.07307481518416592
adaptive14,ADAUSDT,5,year2025,365,-0.10713952921810632,-0.40556673191159986,-0.2032117406564239,0.2206704023244222,0.355070395738204,0.42058599695586,0.16673709094960382,118.19420357871043,-0.0006572056008260357,-0.005219811527439319,0.0590971017893552
adaptive42,ADAUSDT,2,all,998,0.16890442979830378,0.3587017803335322,-0.2438808608640235,0.23370872409376733,0.381999529449918,0.4084105711422846,0.1896728777361193,382.7810405661445,0.2601053387093143,0.07891736505828707,0.0765562081132289
adaptive42,ADAUSDT,2,development_2024_25,731,0.08561601280742348,0.2916605313373906,-0.19341315037357276,0.22791819245213157,0.3897486320109439,0.39617058063535493,0.17834595355575025,262.8989398374781,0.2079275995894423,0.010107077286071825,0.05257978796749563
adaptive42,ADAUSDT,2,reused_2026,267,0.07671995991980096,0.5268756110084685,-0.2244809720287272,0.24930399645932363,0.3607838216892067,0.4419215563878485,0.22068404468686748,119.88210072866642,0.05217773911987203,0.06881028777221532,0.023976420145733285
adaptive42,ADAUSDT,2,year2024,366,0.16241497019131668,0.7493838875916928,-0.1697421147876953,0.23706156624935482,0.4193135245901639,0.3777891621129326,0.19180144346120637,146.7985059406081,0.20099405180193058,0.014361930931282171,0.02935970118812162
adaptive42,ADAUSDT,2,year2025,365,-0.06606845176060794,-0.2059394819520504,-0.19089262156965747,0.2185361715869643,0.3601027397260274,0.4146023592085236,0.16485359929438875,116.10043389687,0.006933547787511651,-0.004254853645210353,0.023220086779374004
adaptive42,ADAUSDT,5,all,998,0.04209095360705195,0.17909105305809328,-0.28366510313984705,0.23412110291208338,0.381999529449918,0.4084105711422846,0.18967279366687947,382.76430227444837,0.2601054770594693,0.07891658914705596,0.19138215113722423
adaptive42,ADAUSDT,5,development_2024_25,731,0.0032810209524993805,0.11908915016864824,-0.2049516319993676,0.2283475545374246,0.3897486320109439,0.39617058063535493,0.17834587840103563,262.8877271750971,0.20792745534332494,0.010106501872410748,0.13144386358754856
adaptive42,ADAUSDT,5,reused_2026,267,0.038683012878792056,0.32950779121459034,-0.23546363490833644,0.24968043651943636,0.3607838216892067,0.4419215563878485,0.2206839362111934,119.87657509935127,0.052178021716144316,0.06881008727464523,0.05993828754967564
adaptive42,ADAUSDT,5,year2024,366,0.11233208590655375,0.5633623192662397,-0.19490623156975495,0.23757557100938442,0.4193135245901639,0.3777891621129326,0.19180135456774988,146.79173856269497,0.20099234250181194,0.014359649799686493,0.07339586928134749
adaptive42,ADAUSDT,5,year2025,365,-0.09803822647548577,-0.36432354283291196,-0.20178170209565682,0.21888752047040924,0.3601027397260274,0.4146023592085236,0.16485353791605642,116.09598861240215,0.006935112841512964,-0.004253147927275769,0.05804799430620107
adaptive126,ADAUSDT,2,all,998,0.17430944222753908,0.36672377439051856,-0.24835617762685414,0.23243087165216386,0.3937667000668002,0.3990863671788021,0.1902456952879529,383.0251609387773,0.27753380400373207,0.06546680052203782,0.07660503218775545
adaptive126,ADAUSDT,2,development_2024_25,731,0.07475885189829179,0.26956362317417987,-0.19236233568499117,0.22824593505253854,0.39717757257941944,0.3908506231950144,0.1799866851366873,267.48036814554985,0.22465622789840245,-0.015697683012359288,0.053496073629109964
adaptive126,ADAUSDT,2,reused_2026,267,0.09262597851919474,0.6155634549262389,-0.21151015300388554,0.2439308269041108,0.3844283187682064,0.4216344153141906,0.21833309761220446,115.54479279322742,0.05287757610532966,0.08116448353439709,0.023108958558645483
adaptive126,ADAUSDT,2,year2024,366,0.1536971626720527,0.7164054523315071,-0.19236233568499117,0.23770847541289508,0.43210192774741957,0.36616765330904677,0.1960265297744356,147.57401458082853,0.2182275709956141,-0.009942433917962814,0.02951480291616571
adaptive126,ADAUSDT,2,year2025,365,-0.06842203771302802,-0.2175504556244391,-0.1766152541620185,0.21852421361167076,0.3621575342465753,0.4156012176560122,0.1639028957191095,119.90635356472131,0.0064286569027882864,-0.005755249094396425,0.02398127071294426
adaptive126,ADAUSDT,5,all,998,0.04683282644785103,0.18599604100700484,-0.2831470688147447,0.23284590097911032,0.3937667000668002,0.3990863671788021,0.19024560917451544,383.0080477189704,0.27753514351805314,0.06546610298942246,0.19150402385948517
adaptive126,ADAUSDT,5,development_2024_25,731,-0.00811706968572834,0.09428209399619378,-0.2169327857240838,0.228672259608088,0.39717757257941944,0.3908506231950144,0.17998660593657595,267.4684625976746,0.22465678215656187,-0.015697976572145635,0.1337342312988373
adaptive126,ADAUSDT,5,reused_2026,267,0.05539957837178422,0.4209692382239034,-0.22056632160026401,0.24432344359416355,0.3844283187682064,0.4216344153141906,0.21833299257127112,115.53958512129577,0.05287836136149125,0.08116407956156808,0.05776979256064789
adaptive126,ADAUSDT,5,year2024,366,0.10373298110199469,0.5299545538895187,-0.2169327857240838,0.23825183819486523,0.43210192774741957,0.36616765330904677,0.19602643686340523,147.5668675163736,0.21822588271534255,-0.009944639292476642,0.0737834337581868
adaptive126,ADAUSDT,5,year2025,365,-0.10133796190094002,-0.38124584868048655,-0.1844126741565688,0.21883544529793642,0.3621575342465753,0.4156012176560122,0.1639028302674814,119.90159508130097,0.006430899441219322,-0.00575333727966898,0.0599507975406505
filtered_moe,ADAUSDT,2,all,998,0.4170596584910953,0.7434364113368781,-0.24522199634311093,0.19713343197824054,0.3122286239144957,0.4025098808728568,0.14548143463203805,198.01358831900245,0.3306555445567778,0.13037672585230514,0.039602717663800496
filtered_moe,ADAUSDT,2,development_2024_25,731,0.3477884736448442,0.8813413898191135,-0.13706283286989174,0.18894242240049988,0.30430156558747534,0.3805337057303541,0.12911157222340755,124.55841864558704,0.2702360039220868,0.10915589196909134,0.02491168372911741
filtered_moe,ADAUSDT,2,reused_2026,267,0.05139618434257609,0.42085005012906135,-0.24522199634311048,0.2183462829575392,0.33393154390345403,0.46267686225551397,0.1902992976309477,73.45516967341544,0.06041954063469096,0.02122083388321387,0.014691033934683087
filtered_moe,ADAUSDT,2,year2024,366,0.27793744031774814,1.3758097210630007,-0.13706283286989174,0.1906576948294602,0.28627808136004856,0.3382001366120219,0.11820936006148969,58.12414212398842,0.23971575709891965,0.03772374888447212,0.011624828424797683
filtered_moe,ADAUSDT,2,year2025,365,0.0546591962355607,0.37619790010393145,-0.13290302648649466,0.18733336133474496,0.3223744292237443,0.42298325722983254,0.14004365345974162,66.43427652159863,0.03052024682316716,0.07143214308461923,0.013286855304319722
filtered_moe,ADAUSDT,5,all,998,0.3353303814727795,0.6326565661655897,-0.25472223408473815,0.19737861304046025,0.3122286239144957,0.4025098808728568,0.14548139357168113,198.00748623513647,0.33065579413086216,0.13037612194335255,0.09900374311756824
filtered_moe,ADAUSDT,5,development_2024_25,731,0.29835336391976064,0.7818755492582197,-0.1437489832766975,0.18916061823381294,0.30430156558747534,0.3805337057303541,0.1291115388108013,124.5547163025733,0.2702358199656893,0.10915553202631201,0.062277358151286655
filtered_moe,ADAUSDT,5,reused_2026,267,0.02847993356861256,0.28277427567211144,-0.25472223408473793,0.21864932872029313,0.33393154390345403,0.46267686225551397,0.1902992356323671,73.45276993256317,0.06041997416517286,0.021220589917040525,0.03672638496628158
filtered_moe,ADAUSDT,5,year2024,366,0.2558464181640394,1.2831564084000175,-0.1437489832766975,0.19090057070149047,0.28627808136004856,0.3382001366120219,0.11820932728467108,58.122318823013785,0.2397156979578855,0.037723654053727414,0.029061159411506894
filtered_moe,ADAUSDT,5,year2025,365,0.03384724846996878,0.2697208550927535,-0.1387237402017535,0.1875232419222669,0.3223744292237443,0.42298325722983254,0.14004361940960583,66.43239747955951,0.030520122007803824,0.07143187797258456,0.033216198739779754
kalman,ADAUSDT,2,all,998,0.500862614639719,0.5994958168964795,-0.302112481744233,0.343324773678443,0.4453484252671041,0.4955089839958663,0.3292558465893779,905.2956481171516,0.44203785343724356,0.3418713057777585,0.18105912962343035
kalman,ADAUSDT,2,development_2024_25,731,0.06891315743793913,0.2616183856537213,-0.302112481744233,0.33426220256854733,0.44295057312015373,0.48747673346139364,0.3072322508005318,621.9185113828142,0.22544964112139657,0.11742067048834785,0.12438370227656285
kalman,ADAUSDT,2,reused_2026,267,0.40410154388697883,1.4434348508019779,-0.22321645594241124,0.36711433605192345,0.4519133313323502,0.517499902125827,0.38955265753187407,283.37713673433734,0.21658821231584702,0.22445063528941062,0.05667542734686747
kalman,ADAUSDT,2,year2024,366,0.14292303289974484,0.5717873704769758,-0.2945618833525462,0.3223351790963757,0.454363029920307,0.4731282420894077,0.323665071869598,326.49184680386753,0.2508509661886586,0.01197010272712547,0.0652983693607735
kalman,ADAUSDT,2,year2025,365,-0.06475490766340897,-0.027945953722148368,-0.30211248174423355,0.3461779631215182,0.4315068493150685,0.5018645357686454,0.29075440830387916,295.4266645789467,-0.02540132506726203,0.1054505677612224,0.05908533291578935
kalman,ADAUSDT,5,all,998,0.1438952654375616,0.31027976868783685,-0.37079353913081714,0.3448758104032038,0.4453484252671041,0.4955089839958663,0.3292555541297489,905.2360305173304,0.44203132731072464,0.3418621269134834,0.45261801525866524
kalman,ADAUSDT,5,development_2024_25,731,-0.11302715082124559,-0.01560309258030381,-0.334386750561935,0.33563555415891405,0.44295057312015373,0.48747673346139364,0.3072319921982916,621.8796388698004,0.2254449142359402,0.11741136465777256,0.3109398194349002
kalman,ADAUSDT,5,reused_2026,267,0.28966209788348074,1.1222794647973588,-0.2478643794991202,0.3691730138572583,0.4519133313323502,0.517499902125827,0.3895522723765476,283.35639164753013,0.21658641307478438,0.22445076225571092,0.14167819582376506
kalman,ADAUSDT,5,year2024,366,0.03627979406848536,0.26899988007149883,-0.33151027087358576,0.32411109103444047,0.454363029920307,0.4731282420894077,0.32366478497888385,326.4703654134454,0.25084969412951974,0.011961965688113578,0.16323518270672271
kalman,ADAUSDT,5,year2025,365,-0.14407976083712515,-0.2820192509651829,-0.3343867505619361,0.3471853877907525,0.4315068493150685,0.5018645357686454,0.2907541780676156,295.4092734563549,-0.025404779893579532,0.10544939896965898,0.14770463672817746
trend_ensemble_long,ADAUSDT,2,all,998,0.40103575258156954,0.771573088365397,-0.22207005386347978,0.18055475796915677,0.35704393688654895,0.0,0.10335749613424305,146.18837594001906,0.41799092732738075,0.0,0.02923767518800381
trend_ensemble_long,ADAUSDT,2,development_2024_25,731,0.3233606805912419,0.8831212933698351,-0.12833566762398085,0.1755494156622355,0.3582571618172699,0.0,0.09980444574176232,98.92356935755355,0.33754517492293623,0.0,0.01978471387151071
trend_ensemble_long,ADAUSDT,2,reused_2026,267,0.05869531498822056,0.4964366428714452,-0.18329323034139045,0.19392584959732215,0.3537223360462604,0.0,0.11308513597283264,47.26480658246552,0.08044575240444454,0.0,0.009452961316493104
trend_ensemble_long,ADAUSDT,2,year2024,366,0.32629552621012037,1.5311534785674585,-0.11896474898627019,0.1962224278752978,0.37810378494105,0.0,0.11242306876177861,53.523489542888974,0.31634662968940974,0.0,0.010704697908577795
trend_ensemble_long,ADAUSDT,2,year2025,365,-0.002212814233992999,0.06067648817878465,-0.12833566762398096,0.15191721543055944,0.33835616438356164,0.0,0.08715125115182813,45.40007981466457,0.021198545233526496,0.0,0.009080015962932914
trend_ensemble_long,ADAUSDT,5,all,998,0.34091765888336534,0.6821003182691736,-0.23152224340368766,0.18077700329860927,0.35704393688654895,0.0,0.1033574623478176,146.18336120790966,0.41799235407217006,0.0,0.07309168060395482
trend_ensemble_long,ADAUSDT,5,development_2024_25,731,0.28466339388726003,0.7979300852833728,-0.13346942099109937,0.17576366673011962,0.3582571618172699,0.0,0.09980441584160914,98.92032964749733,0.3375457017281439,0.0,0.04946016482374867
trend_ensemble_long,ADAUSDT,5,reused_2026,267,0.043789108698648826,0.3962161300073985,-0.18889359358066982,0.19416626690354674,0.3537223360462604,0.0,0.11308509154646325,47.26303156041233,0.08044665234402625,0.0,0.023631515780206162
trend_ensemble_long,ADAUSDT,5,year2024,366,0.305168705121619,1.4481712780073417,-0.1229797623558101,0.19643023161132367,0.37810378494105,0.0,0.1124230347765491,53.52166184773196,0.3163460272703159,0.0,0.026760830923865983
trend_ensemble_long,ADAUSDT,5,year2025,365,-0.015710851136633175,-0.028691921498180378,-0.1334694209910997,0.15215087035940397,0.33835616438356164,0.0,0.0871512253479433,45.39866779976537,0.021199674457827923,0.0,0.022699333899882684
regime_gate_long,ADAUSDT,2,all,998,0.23562057445029438,0.536742170147927,-0.2018674121963716,0.17079704822490205,0.40453476397238924,0.0,0.09713165643591072,160.9082958136867,0.289825186757271,0.0,0.03218165916273734
regime_gate_long,ADAUSDT,2,development_2024_25,731,0.17823628889131826,0.5613304291172679,-0.17683528275513705,0.17162040909698245,0.4161821705426357,0.0,0.0938713200040392,105.9158154820088,0.21909787029337374,0.0,0.02118316309640176
regime_gate_long,ADAUSDT,2,reused_2026,267,0.04870354622413786,0.4673703321691372,-0.15476238892752547,0.16884004737319586,0.3726461714523512,0.0,0.10605789588047285,54.99248033167789,0.07072731646389731,0.0,0.010998496066335576
regime_gate_long,ADAUSDT,2,year2024,366,0.21466663393378194,1.0768463553103416,-0.17683528275513705,0.19784015012803993,0.4632665452337583,0.0,0.10741178346130484,61.003314366417115,0.22775870514177896,0.0,0.012200662873283422
regime_gate_long,ADAUSDT,2,year2025,365,-0.029992052160418115,-0.1472519067422567,-0.1383194813683234,0.14051889973255433,0.368968797564688,0.0,0.08029375938661666,44.91250111559168,-0.0086608348484052,0.0,0.008982500223118337
regime_gate_long,ADAUSDT,5,all,998,0.17738954063295043,0.4331210990632704,-0.21286419382582944,0.17095608639620197,0.40453476397238924,0.0,0.09713162138931798,160.9029590627695,0.28982617641801406,0.0,0.08045147953138475
regime_gate_long,ADAUSDT,5,development_2024_25,731,0.14138587512457446,0.4685528908518638,-0.1816177698585867,0.1718074177671383,0.4161821705426357,0.0,0.09387128957463073,105.91236961525391,0.21909800572430294,0.0,0.052956184807626955
regime_gate_long,ADAUSDT,5,reused_2026,267,0.03154381554305408,0.33370173447199136,-0.1611691230496296,0.16891969521854616,0.3726461714523512,0.0,0.10605784819282506,54.99058944751558,0.0707281706937111,0.0,0.027495294723757793
regime_gate_long,ADAUSDT,5,year2024,366,0.19263868436999454,0.9837867760828254,-0.1816177698585867,0.19803532600866808,0.4632665452337583,0.0,0.10741174692545682,61.00119552637082,0.22775734985579185,0.0,0.030500597763185408
regime_gate_long,ADAUSDT,5,year2025,365,-0.042974297175756515,-0.24259464366628322,-0.1433711980305885,0.14071219966380674,0.368968797564688,0.0,0.08029373508037775,44.911174088883094,-0.008659344131488875,0.0,0.022455587044441547
expanding_tree,ADAUSDT,2,all,998,0.11804461206372108,0.290610562167742,-0.45462662309287893,0.24097757086725122,0.5687764417724338,0.2210949677132042,0.17885445723761503,319.50873931910644,0.3163667722440772,-0.005920867668497771,0.0639017478638213
expanding_tree,ADAUSDT,2,development_2024_25,731,0.3114172123469261,0.6870313336023108,-0.2592332517012593,0.23891808000661927,0.6121133530931753,0.18969448244414047,0.18717904381326705,231.37790098237866,0.4248917258967796,0.008187844189027628,0.046275580196475735
expanding_tree,ADAUSDT,2,reused_2026,267,-0.14745315103584933,-0.7612681332591814,-0.2934195620046176,0.24647838468567987,0.450127444860591,0.3070640865584686,0.15606317339191603,88.1308383367278,-0.10852495365270233,-0.014108711857525385,0.017626167667345566
expanding_tree,ADAUSDT,2,year2024,366,0.12509087735182822,0.619244047456469,-0.2592332517012593,0.23418219775001875,0.6264040680024286,0.19306883727990284,0.2053077297946665,133.7929122347798,0.15241657510730547,0.023839992310912283,0.026758582446955965
expanding_tree,ADAUSDT,2,year2025,365,0.16561003092804483,0.7516639395554336,-0.24954522442418636,0.24389208909243165,0.5977834855403348,0.18631088280060884,0.16900069019904185,97.58498874759886,0.27247515078947415,-0.015652148121884653,0.01951699774951977
expanding_tree,ADAUSDT,5,all,998,0.015850503343498357,0.14513994189689572,-0.4718771422775859,0.24097879265318017,0.5687764417724338,0.2210949677132042,0.17885438857701128,319.49649251713686,0.31636940835298705,-0.005919977842760941,0.15974824625856845
expanding_tree,ADAUSDT,5,development_2024_25,731,0.22347263294261976,0.5420151544589283,-0.2780744335961637,0.23885492656111157,0.6121133530931753,0.18969448244414047,0.18717897404689132,231.36903198948013,0.4248937173303072,0.008187776954367796,0.11568451599474006
expanding_tree,ADAUSDT,5,reused_2026,267,-0.1696990386288909,-0.9070235417000788,-0.3047560160134217,0.24664675754227736,0.450127444860591,0.3070640865584686,0.15606310775872548,88.12746052765678,-0.10852430897732004,-0.014107754797128745,0.044063730263828385
expanding_tree,ADAUSDT,5,year2024,366,0.0808251924711374,0.44820216324696516,-0.2780744335961637,0.23428018603798137,0.6264040680024286,0.19306883727990284,0.2053076411262313,133.78732969220874,0.15241790045810916,0.023839857580559315,0.06689366484610437
expanding_tree,ADAUSDT,5,year2025,365,0.1319801217302714,0.631951028805137,-0.25828560998682026,0.24367094145408558,0.5977834855403348,0.18631088280060884,0.16900063938651205,97.58170229727138,0.272475816872198,-0.01565208062619152,0.0487908511486357
rolling_tree,ADAUSDT,2,all,998,-0.4268195332868854,-0.530582110860646,-0.5743165179412012,0.29849399053503656,0.5056119182810065,0.40521668336673344,0.29219064583452703,410.94036870156975,-0.09932481331315102,-0.17917143547231254,0.08218807374031395
rolling_tree,ADAUSDT,2,development_2024_25,731,-0.0639283835730654,0.02983005469289419,-0.33599820223074817,0.2868760359435237,0.6120563535491717,0.2768657850737194,0.26269492474762535,291.4182886967054,0.0745615510374941,0.07122768123734252,0.05828365773934108
rolling_tree,ADAUSDT,2,reused_2026,267,-0.3876745575290559,-1.8786143737461813,-0.3939463368623103,0.32758699516987677,0.21418539325842698,0.7566193300041615,0.37294484851065124,119.52208000486435,-0.17388636435064503,-0.2503991167096551,0.023904416000972872
rolling_tree,ADAUSDT,2,year2024,366,-0.06523645507513032,-0.10157613487326234,-0.33599820223074817,0.27870863474995683,0.7468313600485733,0.1319349574984821,0.27161121153230966,139.60314202183355,-0.022836398661632118,0.025543480670220386,0.02792062840436671
rolling_tree,ADAUSDT,2,year2025,365,0.0013993608428213289,0.15421674229832397,-0.3212798301143194,0.2952092503383172,0.47691210045662097,0.4221936834094368,0.2537542097799693,151.81514667487184,0.09739794969912627,0.04568420056712215,0.03036302933497437
rolling_tree,ADAUSDT,5,all,998,-0.4933022684624715,-0.6815423259561192,-0.5972288987300567,0.29849035486545544,0.5056119182810065,0.40521668336673344,0.29219053370160314,410.92114715701786,-0.09932490581235623,-0.17917035541005144,0.20546057357850894
rolling_tree,ADAUSDT,5,development_2024_25,731,-0.14229191859203805,-0.12226136968248087,-0.3468072969275101,0.28690358440859715,0.6120563535491717,0.2768657850737194,0.26269482008602446,291.4048785548414,0.0745613467632952,0.07122924900969735,0.14570243927742071
rolling_tree,ADAUSDT,5,reused_2026,267,-0.4092422089509009,-2.028671088126177,-0.4152206250591418,0.32748785180420775,0.21418539325842698,0.7566193300041615,0.37294471592253176,119.51626860217647,-0.17388625257565127,-0.25039960441974873,0.059758134301088235
rolling_tree,ADAUSDT,5,year2024,366,-0.10357778963445408,-0.251348375606648,-0.3468072969275101,0.2787249816518092,0.7468313600485733,0.1319349574984821,0.2716111091972575,139.5973913861913,-0.022834968751582863,0.025543764648905107,0.06979869569309566
rolling_tree,ADAUSDT,5,year2025,365,-0.04318738258593391,-5.228876069593524e-06,-0.3325637099653391,0.2952487303977962,0.47691210045662097,0.4221936834094368,0.2537541027854457,151.80748716865008,0.09739631551487805,0.04568548436079223,0.07590374358432506
action_tcn,ADAUSDT,2,all,998,-0.41498000912856736,-0.4393720573090555,-0.6815947441373554,0.32640963910079784,0.5227352692221454,0.42379262250788835,0.3192168610229146,610.9556470653164,0.041730513713639894,-0.3063835759615858,0.12219112941306327
action_tcn,ADAUSDT,2,development_2024_25,731,0.275375333065224,0.5312014047914303,-0.34241180741136246,0.3267281309421232,0.5540933616781937,0.38614657197724994,0.30364223504998916,466.6434954102626,0.2885687206238096,0.16086280403872188,0.09332869908205252
action_tcn,ADAUSDT,2,reused_2026,267,-0.5412958242924439,-3.142581991234007,-0.5920436840185224,0.3217846676294908,0.43688221459528664,0.5268610230243553,0.36185750366789016,144.31215165505375,-0.24683820691016978,-0.46724638000030755,0.02886243033101076
action_tcn,ADAUSDT,2,year2024,366,0.1799352100236482,0.7210936202225948,-0.29600181094984246,0.2836169043779968,0.6381694676626704,0.28233782545182984,0.2810071627523208,173.40696804723638,0.19821684842628362,0.04706426800462809,0.034681393609447275
action_tcn,ADAUSDT,2,year2025,365,0.0808859013874701,0.39016785995825626,-0.3424118074113621,0.3652728681539287,0.4697869101978691,0.49023972602739724,0.3263393212443634,293.2365273630262,0.090351872197526,0.11379853603409379,0.058647305472605236
action_tcn,ADAUSDT,5,all,998,-0.5129570053295869,-0.6442340059273397,-0.7143648605263467,0.32653253588990855,0.5227352692221454,0.42379262250788835,0.31921668757621857,610.92189357508,0.04173339481869476,-0.30638367316265247,0.30546094678754004
action_tcn,ADAUSDT,5,development_2024_25,731,0.10875978298205213,0.3172320430397296,-0.37947045744546515,0.3269713223480334,0.5540933616781937,0.38614657197724994,0.3036420580659412,466.6165204908866,0.2885715212202399,0.16086253245683652,0.23330826024544332
action_tcn,ADAUSDT,5,reused_2026,267,-0.5607317273354808,-3.3274463156920784,-0.6045364890204553,0.3216536726311559,0.43688221459528664,0.5268610230243553,0.36185733990585456,144.30537308419343,-0.24683812640154526,-0.467246205619489,0.07215268654209671
action_tcn,ADAUSDT,5,year2024,366,0.12012018762674148,0.5380881675971411,-0.32356481231856027,0.2836271648956089,0.6381694676626704,0.28233782545182984,0.2810070452516683,173.39971336426424,0.19821764534413439,0.04706397240835588,0.08669985668213212
action_tcn,ADAUSDT,5,year2025,365,-0.010142130076916556,0.14958340841528137,-0.3794704574454666,0.36569024189654226,0.4697869101978691,0.49023972602739724,0.3263390846139517,293.2168071266224,0.09035387587610545,0.1137985600484806,0.1466084035633112
vol_long,ADAUSDT,2,all,998,-0.2781521696506546,-0.03046237660589232,-0.6698929215929246,0.46033308304301424,1.0,0.0,0.5507807822858422,8.542841993768302,0.06427404433257733,0.0,0.0017085683987536607
vol_long,ADAUSDT,2,development_2024_25,731,-0.13867212588945443,0.06389756445546982,-0.4268860499770566,0.4575274299086415,1.0,0.0,0.5250480719546035,5.6629786373284094,0.16298752736802818,0.0,0.001132595727465682
vol_long,ADAUSDT,2,reused_2026,267,-0.16193606169454833,-0.28257640064826933,-0.5037201925479605,0.46874065405824894,1.0,0.0,0.6212325098219307,2.879863356439894,-0.09871348303545083,0.0,0.0005759726712879788
vol_long,ADAUSDT,2,year2024,366,0.24544048674079577,0.7034510505679512,-0.41383817831790126,0.4610673191764456,1.0,0.0,0.5754596032197085,3.181106536858928,0.35800947814550776,0.0,0.0006362213073717856
vol_long,ADAUSDT,2,year2025,365,-0.30841506817835884,-0.5873240500456416,-0.419333899196916,0.45405430889677806,1.0,0.0,0.4744984269052104,2.4818721004694817,-0.19502195077747952,0.0,0.0004963744200938964
vol_long,ADAUSDT,5,all,998,-0.27999991320969364,-0.03251429473988478,-0.670265367611592,0.46031495065095246,1.0,0.0,0.5507807775709946,8.542562732110158,0.06427324916765548,0.0,0.004271281366055079
vol_long,ADAUSDT,5,development_2024_25,731,-0.14013418650037224,0.06202385712690524,-0.4273126024251549,0.4574999408843996,1.0,0.0,0.525048067740166,5.662755845988114,0.16298647464345556,0.0,0.002831377922994057
vol_long,ADAUSDT,5,reused_2026,267,-0.16265994590489974,-0.28508266236989194,-0.5039108992723509,0.4687473238956694,1.0,0.0,0.6212325037370461,2.8798068861220427,-0.09871322547580003,0.0,0.0014399034430610217
vol_long,ADAUSDT,5,year2024,366,0.24425247615530066,0.7013993800385665,-0.4141081191792273,0.4610465419301155,1.0,0.0,0.5754595981793998,3.180996157307008,0.35800908696589173,0.0,0.001590498078653504
vol_long,ADAUSDT,5,year2025,365,-0.3089297952160107,-0.5890357188858454,-0.41943924739396343,0.45402027823863417,1.0,0.0,0.47449842351890675,2.481759688681106,-0.19502261232243623,0.0,0.001240879844340553
hold,ADAUSDT,2,all,998,-0.5848948093837689,0.0942603463302263,-0.883056640625014,0.9381469966506248,1.0,0.0,0.9999999993019018,1.9985918241241416,0.5405397257835718,0.0,0.0003997183648248283
hold,ADAUSDT,2,development_2024_25,731,-0.44200711096899714,0.1644991992047142,-0.7287597656250135,0.9948834303073805,1.0,0.0,0.9999999990468984,0.9998000399920016,0.6203832203645068,0.0,0.00019996000799840034
hold,ADAUSDT,2,reused_2026,267,-0.25607440744075916,-0.1540209019696016,-0.6593979616023018,0.7630768368172629,1.0,0.0,1.0000000000000568,0.99879178413214,-0.07984349458093479,0.0,0.000199758356826428
hold,ADAUSDT,2,year2024,366,0.4143186098212295,0.8234007042652848,-0.5986867516415779,0.8467800113058884,1.0,0.0,0.9999999980963882,0.9998000399920016,0.823025208902173,0.0,0.00019996000799840034
hold,ADAUSDT,2,year2025,365,-0.60546875000002,-0.3302746307763678,-0.7059809456598597,1.1244765284347236,1.0,0.0,1.0000000000000129,0.0,-0.20264198853766613,0.0,0.0
hold,ADAUSDT,5,all,998,-0.585143797826508,0.09401753059980926,-0.8830566406250144,0.9381366784502161,1.0,0.0,0.9999999982552493,1.9982920340072252,0.5405399767799886,0.0,0.0009991460170036127
hold,ADAUSDT,5,development_2024_25,731,-0.4421744251786215,0.1643431125089004,-0.7287597656250142,0.9948764661976369,1.0,0.0,0.9999999976179469,0.9995002498750625,0.6203834713609169,0.0,0.0004997501249375312
hold,ADAUSDT,5,reused_2026,267,-0.2562976297629712,-0.15458484926085392,-0.6593979616023035,0.7630540070597489,1.0,0.0,1.0000000000000737,0.9987917841321627,-0.07984349458092807,0.0,0.0004993958920660814
hold,ADAUSDT,5,year2024,366,0.41389452628000045,0.8230471128228658,-0.5986867516415637,0.8467641877103025,1.0,0.0,0.999999995242384,0.9995002498750625,0.8230254598985849,0.0,0.0004997501249375312
hold,ADAUSDT,5,year2025,365,-0.60546875000002,-0.3302746307763545,-0.7059809456598597,1.1244765284347364,1.0,0.0,1.000000000000018,0.0,-0.20264198853766785,0.0,0.0
trend24,AVAXUSDT,2,all,998,-0.3537821353211025,-0.32648680344405956,-0.5934147874044027,0.3277545437586155,0.45506867393323236,0.4875178880796824,0.3130898061855683,831.3902438256507,0.04081082671183797,-0.15528666341548675,0.1662780487651302
trend24,AVAXUSDT,2,development_2024_25,731,-0.13004423756935668,-0.07266971230494251,-0.3014154966808986,0.3088907539337828,0.45236895334802474,0.48677453350408045,0.2842646081402927,526.4437172453538,0.07937812375718173,0.0029455445017953705,0.10528874344907077
trend24,AVAXUSDT,2,reused_2026,267,-0.25718307460441936,-0.9028502596269147,-0.5472731002258819,0.3749455630359589,0.46246004377513006,0.48955306483910216,0.39200823229454407,304.94652658029696,-0.03856729704534366,-0.15823220791728215,0.06098930531605939
trend24,AVAXUSDT,2,year2024,366,0.10446717435629038,0.49046372682215295,-0.21541271864653666,0.28225207318426954,0.43892618217263357,0.4949877522535959,0.2786774042045721,262.1637779294315,0.2558850057539762,-0.05273706692955358,0.05243275558588631
trend24,AVAXUSDT,2,year2025,365,-0.21232990655636708,-0.550781747226771,-0.3014154966808984,0.3336515417617843,0.4658485540334856,0.4785388127853882,0.28986711948405625,264.2799393159224,-0.1765068819967945,0.055682611431348894,0.052855987863184475
trend24,AVAXUSDT,5,all,998,-0.49643679873202584,-0.6009407587676435,-0.6557889609586409,0.3290570484442751,0.45506867393323236,0.4875178880796824,0.3130895632157663,831.3387238514003,0.04080982162788371,-0.1552831524752601,0.41566936192570025
trend24,AVAXUSDT,5,development_2024_25,731,-0.2571430189767244,-0.32537125942086853,-0.34904244606434254,0.3101074412502022,0.45236895334802474,0.48677453350408045,0.2842644243584754,526.4152223159967,0.07937603846045563,0.002948379430694384,0.2632076111579984
trend24,AVAXUSDT,5,reused_2026,267,-0.32212631215456544,-1.2298383009193083,-0.5723372396781146,0.376378973935244,0.46246004377513006,0.48955306483910216,0.392007827278237,304.9235015354036,-0.038566216832571915,-0.1582315319059544,0.15246175076770183
trend24,AVAXUSDT,5,year2024,366,0.020927020336604762,0.21283938787039733,-0.23613942065130178,0.28346382842831364,0.43892618217263357,0.4949877522535959,0.2786772223848635,262.1497501423599,0.2558824154411742,-0.05273733334679028,0.13107487507117993
trend24,AVAXUSDT,5,year2025,365,-0.272370143775457,-0.784080249927039,-0.34296217986541266,0.33488166237454603,0.4658485540334856,0.4785388127853882,0.28986693373475475,264.2654721736369,-0.17650637698071855,0.05568571277748467,0.13213273608681847
trend72,AVAXUSDT,2,all,998,-0.37206811530034256,-0.3679670099262239,-0.7014867810004626,0.32343526618001833,0.4320457964903869,0.5059030178048702,0.31892988957166274,421.7673380650895,-0.06580681954719475,-0.15680665564285107,0.0843534676130179
trend72,AVAXUSDT,2,development_2024_25,731,0.06322627024728145,0.24984734610470988,-0.31839451339632807,0.30163882794029895,0.4309561246506543,0.5047246399032291,0.29362298271396264,254.42851847975885,0.07869800504504021,0.15174357257122728,0.05088570369595178
trend72,AVAXUSDT,2,reused_2026,267,-0.4094089825737509,-1.7321524179023842,-0.5752380007578571,0.3759396113581173,0.4350291302538493,0.5091292134831461,0.3882158405566018,167.3388195853306,-0.14450482459223501,-0.3085502282140782,0.03346776391706613
trend72,AVAXUSDT,2,year2024,366,0.45347409439572606,1.4463684537379653,-0.11807730476884559,0.2859298322036558,0.4322283983232104,0.5149387996124302,0.2905479586793212,119.89105198207764,0.2792934276146089,0.16909734337175833,0.023978210396415532
trend72,AVAXUSDT,2,year2025,365,-0.26849314043721406,-0.8346624674055096,-0.31839451339632785,0.31600694089643966,0.4296803652968037,0.49448249619482487,0.29670643147198666,134.53746649768124,-0.20059542256956867,-0.01735377080053109,0.026907493299536248
trend72,AVAXUSDT,5,all,998,-0.4467015174793466,-0.5093063381848,-0.7265955812269436,0.3240773200858464,0.4320457964903869,0.5059030178048702,0.31892977757552676,421.748108383932,-0.0658053884273726,-0.15680495766587893,0.210874054191966
trend72,AVAXUSDT,5,development_2024_25,731,-0.01491040160140178,0.12381035336445763,-0.34690814191367136,0.3021646455396273,0.4309561246506543,0.5047246399032291,0.29362290115825884,254.4182222840694,0.07869872222409038,0.15174422679917227,0.1272091111420347
trend72,AVAXUSDT,5,reused_2026,267,-0.43832674365852786,-1.9095019599426297,-0.591552727794932,0.3767322451495792,0.4350291302538493,0.5091292134831461,0.388215645219807,167.3298860998626,-0.14450411065146296,-0.308549184465051,0.08366494304993129
trend72,AVAXUSDT,5,year2024,366,0.4021241664099089,1.3189285863483653,-0.12077019913934484,0.28644990568791123,0.4322283983232104,0.5149387996124302,0.2905478820608627,119.88625568872212,0.2792933070169006,0.16909670539918037,0.059943127844361066
trend72,AVAXUSDT,5,year2025,365,-0.2974305542989911,-0.9601574690184516,-0.3376473575565144,0.3165286396126462,0.4296803652968037,0.49448249619482487,0.29670634496551085,134.53196659534728,-0.20059458479281017,-0.017352478600008187,0.06726598329767364
trend168,AVAXUSDT,2,all,998,0.2197489088027258,0.3836208734526422,-0.29874141353009653,0.3217518373663764,0.4226682531730127,0.5035035348474727,0.3131782697710321,237.99188492725045,0.13389926827974608,0.2806579462316717,0.047598376985450094
trend168,AVAXUSDT,2,development_2024_25,731,0.23769293615646503,0.49436002329414264,-0.25085127396814266,0.3132564842658481,0.419046397628819,0.5013632390940872,0.294485306797775,138.92166468159763,0.09288878373676127,0.27756166212756284,0.027784332936319527
trend168,AVAXUSDT,2,reused_2026,267,-0.01449796377562329,0.1084966874917944,-0.29874141353009787,0.3445147543630254,0.43258426966292135,0.5093632958801498,0.3643563818813353,99.07022024565282,0.04101048454298478,0.0030962841041087957,0.019814044049130564
trend168,AVAXUSDT,2,year2024,366,0.29929725813584107,0.9997053224185659,-0.10792728553468967,0.3085205461100981,0.44279371584699456,0.4772123557984214,0.2988656753716767,64.21758565113251,0.20104947374583043,0.12992470287812136,0.012843517130226502
trend168,AVAXUSDT,2,year2025,365,-0.04741357036938609,0.00274269499255209,-0.20041028488897905,0.3181538752185344,0.3952340182648402,0.5255802891933029,0.29009293721408175,74.70407903046512,-0.10816069000906911,0.14763695924944148,0.014940815806093029
trend168,AVAXUSDT,5,all,998,0.13569604160671211,0.30247157354435633,-0.31495526599012347,0.3220287183242812,0.4226682531730127,0.5035035348474727,0.31317821163770615,237.983491124056,0.13389882619160481,0.2806586586263343,0.11899174556202798
trend168,AVAXUSDT,5,development_2024_25,731,0.18716928497420837,0.42785079105780066,-0.2631681643821061,0.3134398725367491,0.419046397628819,0.5013632390940872,0.2944852651004808,138.91722008446362,0.09288805538609482,0.27756117572472416,0.0694586100422318
trend168,AVAXUSDT,5,reused_2026,267,-0.043357964208629696,-0.008916754950870336,-0.3149552659901236,0.34501160780821516,0.43258426966292135,0.5093632958801498,0.3643562787489861,99.06627103959235,0.04101077080550998,0.003097482901610153,0.04953313551979617
trend168,AVAXUSDT,5,year2024,366,0.2745049816389289,0.9369884420458058,-0.11101721125211073,0.3087198024210355,0.44279371584699456,0.4772123557984214,0.2988656361006542,64.2155333928443,0.2010494347087478,0.1299235769619565,0.03210776669642215
trend168,AVAXUSDT,5,year2025,365,-0.06852519050369821,-0.06748280930073708,-0.21253850392810247,0.31831798039569426,0.3952340182648402,0.5255802891933029,0.29009289308386854,74.70168669161932,-0.10816137932265299,0.1476375987627677,0.03735084334580966
trend336,AVAXUSDT,2,all,998,0.47648370892831804,0.6119970015635869,-0.2666432659868052,0.3108344275767691,0.4111521654419951,0.5293051380538856,0.3084212101496859,156.01229809246695,0.3308068834699569,0.234571946923621,0.03120245961849339
trend336,AVAXUSDT,2,development_2024_25,731,0.3025753378938505,0.5835120445042823,-0.2666432659868052,0.30583939393279697,0.3967120763033896,0.5398284313725491,0.2911893403540007,85.91411764472737,0.2942187564213957,0.0974303005020993,0.017182823528945478
trend336,AVAXUSDT,2,reused_2026,267,0.13351118048623567,0.6850933247772623,-0.22872596457939998,0.3247011578850445,0.45068664169787764,0.5004941739492301,0.35559910086371554,70.09818044773957,0.03658812704856115,0.13714164642152177,0.014019636089547914
trend336,AVAXUSDT,2,year2024,366,0.1447283839285156,0.5828851527606222,-0.2666432659868052,0.3166187429506283,0.4567395264116576,0.46888281724347297,0.2958162960654561,40.00183338740278,0.1662087031136197,0.030843695498902313,0.008000366677480556
trend336,AVAXUSDT,2,year2025,365,0.1378903119564725,0.5841082365739017,-0.17992911143549828,0.2950701191873467,0.3365201674277017,0.6109684170471842,0.28654970805155494,45.91228425732459,0.128010053307776,0.06658660500319691,0.009182456851464918
trend336,AVAXUSDT,5,all,998,0.40896963838884726,0.5568176776635566,-0.2691857318543015,0.31095179187373967,0.4111521654419951,0.5293051380538856,0.30842117348442566,156.00756381342325,0.33080766895273667,0.23457057699885497,0.07800378190671163
trend336,AVAXUSDT,5,development_2024_25,731,0.2694307626265324,0.5413550006872413,-0.2691857318543015,0.30592761358636505,0.3967120763033896,0.5398284313725491,0.2911893150871727,85.91175371515686,0.29421888600366264,0.09742987174835903,0.04295587685757843
trend336,AVAXUSDT,5,reused_2026,267,0.10992239976412677,0.5963533065525073,-0.2421577113440777,0.32489775786300507,0.45068664169787764,0.5004941739492301,0.3555990329915116,70.09581009826641,0.03658878294907409,0.137140705250496,0.0350479050491332
trend336,AVAXUSDT,5,year2024,366,0.13107285014193804,0.545005906164819,-0.2691857318543015,0.31671546883656354,0.4567395264116576,0.46888281724347297,0.29581627222859136,40.000737952266576,0.16620863557157614,0.030842663990994057,0.020000368976133286
trend336,AVAXUSDT,5,year2025,365,0.12232449259765343,0.537354856484008,-0.18306209638762716,0.2951493148709128,0.3365201674277017,0.6109684170471842,0.286549681350846,45.91101576289029,0.12801025043208655,0.06658720775736494,0.022955507881445143
trend_ensemble,AVAXUSDT,2,all,998,-0.2509444163517931,-0.26626822943286577,-0.5496972491762433,0.2664901162866513,0.3950690531275482,0.49735005240833974,0.23473571945023344,376.3047261233653,0.13519161513119715,-0.2356719173459525,0.07526094522467305
trend_ensemble,AVAXUSDT,2,development_2024_25,731,-0.02539949958822063,0.0688797709009948,-0.2556457105473319,0.24605214865563807,0.38830939352485183,0.49316798235648956,0.21468272885635842,231.36228145928632,0.1539149814718891,-0.048938131152421877,0.046272456291857264
trend_ensemble,AVAXUSDT,2,reused_2026,267,-0.23142294372748307,-0.9863723272121229,-0.46314800836866055,0.3159344215068335,0.4135758365341813,0.5087998397038546,0.2896373528739139,144.94244466407898,-0.018723366340691938,-0.18673378619353062,0.028988488932815797
trend_ensemble,AVAXUSDT,2,year2024,366,0.2658598485311401,1.1356052388248148,-0.085340173555155,0.23015032272765024,0.39076730418943534,0.4797801778759396,0.211677340730287,110.61978634001383,0.2135595085249742,0.07940109393131745,0.02212395726800277
trend_ensemble,AVAXUSDT,2,year2025,365,-0.23008814795518773,-0.8750341553596943,-0.2549670815504078,0.26071382606685534,0.38584474885844744,0.5065924657534246,0.21769635092250122,120.7424951192725,-0.059644527053085136,-0.12833922508373932,0.0241484990238545
trend_ensemble,AVAXUSDT,5,all,998,-0.33090977332336713,-0.4198116502961855,-0.5823530803706172,0.26700594390048266,0.3950690531275482,0.49735005240833974,0.2347356340316234,376.2908748162662,0.13519149792498286,-0.23567098444571002,0.18814543740813308
trend_ensemble,AVAXUSDT,5,development_2024_25,731,-0.0907524242461667,-0.07140310131789403,-0.2826325053497505,0.24647703277372887,0.38830939352485183,0.49316798235648956,0.21468266489467905,231.3548217636851,0.15391422135085517,-0.04893774720677205,0.11567741088184254
trend_ensemble,AVAXUSDT,5,reused_2026,267,-0.2641275660021337,-1.1711730749124065,-0.48083733672484474,0.31660368333703753,0.4135758365341813,0.5087998397038546,0.28963720870992427,144.9360530525811,-0.018722723425872348,-0.18673323723893806,0.07246802652629053
trend_ensemble,AVAXUSDT,5,year2024,366,0.2245396510052966,0.9905364755059519,-0.08654052016684044,0.2305105806654656,0.39076730418943534,0.4797801778759396,0.21167727765295374,110.61635236614094,0.21355896895683196,0.07940065700591784,0.055308176183070476
trend_ensemble,AVAXUSDT,5,year2025,365,-0.2574780449066071,-1.0115245544970246,-0.28059916071106894,0.26119125075915123,0.38584474885844744,0.5065924657534246,0.21769628607405286,120.73846939754414,-0.05964474760597677,-0.1283384042126899,0.06036923469877207
breakout,AVAXUSDT,2,all,998,0.03889363439125715,0.19226780891703585,-0.498979239898827,0.29723549389239534,0.43055670720069644,0.4845153552362177,0.2789063036616454,570.2839447238741,0.2714032133836577,0.027876291610381576,0.11405678894477483
breakout,AVAXUSDT,2,development_2024_25,731,0.48954248810990375,0.8268997743967182,-0.17716367100148078,0.2908484757265852,0.42639616113036255,0.4824995677038068,0.2531384365774618,349.6406684016203,0.30196432467269296,0.279652862471902,0.06992813368032406
breakout,AVAXUSDT,2,reused_2026,267,-0.3025417920709862,-1.4206837601867197,-0.4726271487770969,0.3131183002386369,0.4419475655430712,0.49003423421072084,0.3494542843303279,220.64327632225383,-0.0305611112890352,-0.25177657086152044,0.04412865526445077
breakout,AVAXUSDT,2,year2024,366,0.488875000622246,1.609955768762971,-0.139837647018353,0.26888691006802823,0.42304503463165,0.4760043733829219,0.24933614882564717,170.71861574278847,0.3312472607920472,0.14485587177480166,0.0341437231485577
breakout,AVAXUSDT,2,year2025,365,0.000448316673583804,0.15281780134378403,-0.17716367100148112,0.31136385968260716,0.4297564687975647,0.4890125570776257,0.25695114155599375,178.92205265883183,-0.029282936119354227,0.13479699069710038,0.03578441053176636
breakout,AVAXUSDT,5,all,998,-0.12447729895486515,-0.01738451069280026,-0.539780539150271,0.2980164197238539,0.43055670720069644,0.4845153552362177,0.27890613379024287,570.2576146432975,0.2714026289117875,0.027872419057933695,0.2851288073216488
breakout,AVAXUSDT,5,development_2024_25,731,0.34121254831833414,0.6460135230223598,-0.18242015387738486,0.29146239728832696,0.42639616113036255,0.4824995677038068,0.25313831555304056,349.6268871395464,0.3019627538970213,0.2796478437242357,0.1748134435697732
breakout,AVAXUSDT,5,reused_2026,267,-0.34721554600506943,-1.702526480125635,-0.49950302749260145,0.31416080107365224,0.4419475655430712,0.49003423421072084,0.3494539807243063,220.63072750375113,-0.030560124985233833,-0.251775424666302,0.11031536375187556
breakout,AVAXUSDT,5,year2024,366,0.4145393221094069,1.4173243501890287,-0.14477452313804173,0.2694744414547479,0.42304503463165,0.4760043733829219,0.24933602962550877,170.7121136642379,0.3312477162105143,0.14484959268863568,0.08535605683211896
breakout,AVAXUSDT,5,year2025,365,-0.051837918285457585,-0.018865070154280402,-0.18242015387738475,0.312000908948595,0.4297564687975647,0.4890125570776257,0.2569510187022916,178.9147734753085,-0.029284962313492962,0.13479825103560006,0.08945738673765426
range_only,AVAXUSDT,2,all,998,-0.17003728476745983,-0.23836906047344533,-0.3325044624457272,0.20017617857273284,0.4506872824239264,0.3982206209748184,0.17756544965719573,276.4036345133552,0.07900156974158909,-0.13344667180620806,0.05528072690267106
range_only,AVAXUSDT,2,development_2024_25,731,-0.21097757686889973,-0.5292461273168166,-0.3325044624457272,0.18928189821416838,0.44199584730848285,0.3917348939954125,0.1614527018369055,169.57152942951925,0.010262677178308949,-0.1547944247079868,0.03391430588590385
range_only,AVAXUSDT,2,reused_2026,267,0.05188736200800825,0.42146827262708736,-0.21237576461899466,0.22756899040269316,0.47448293436920463,0.4159774240532667,0.2216793772101252,106.83210508383603,0.06873889256328011,0.021347752901778705,0.021366421016767206
range_only,AVAXUSDT,2,year2024,366,-0.19931088741419334,-1.167642647756872,-0.2808193101850497,0.17642944950708814,0.42213590754174524,0.37585537874797165,0.1590189705084262,79.11699537766788,0.015343452548600346,-0.20178819082578237,0.015823399075533574
range_only,AVAXUSDT,2,year2025,365,-0.014570810657122846,0.02950315303724979,-0.11426921758300268,0.20143850783459158,0.461910197869102,0.40765791476407914,0.16389310092244913,90.45453405185137,-0.005080775370291411,0.0469937661177956,0.018090906810370275
range_only,AVAXUSDT,5,all,998,-0.23608404242171577,-0.3914151118136161,-0.3582987559746742,0.19964049417819307,0.4506872824239264,0.3982206209748184,0.17756540049281372,276.39432644722336,0.07900135758633145,-0.1334466878306847,0.13819716322361167
range_only,AVAXUSDT,5,development_2024_25,731,-0.25011322298272487,-0.6655325542719523,-0.3582987559746742,0.18880711882760154,0.44199584730848285,0.3917348939954125,0.1614526662449692,169.5663963368454,0.010262439484920248,-0.15479372024093835,0.0847831981684227
range_only,AVAXUSDT,5,reused_2026,267,0.018708398375569146,0.22891831459073428,-0.21478587658166792,0.22691725911803193,0.47448293436920463,0.4159774240532667,0.22167929088672517,106.82793011037795,0.06873891810141117,0.021347032410253652,0.05341396505518897
range_only,AVAXUSDT,5,year2024,366,-0.21809194708557433,-1.3058592927002153,-0.2928026166437544,0.17593588201389848,0.42213590754174524,0.37585537874797165,0.15901893748794838,79.11465521024681,0.015344321562567344,-0.20178793707408066,0.0395573276051234
range_only,AVAXUSDT,5,year2025,365,-0.040952738340263695,-0.10588934978717299,-0.13203329753977766,0.20098228027806903,0.461910197869102,0.40765791476407914,0.16389306275200924,90.45174112659859,-0.005081882077647114,0.04699421683314231,0.0452258705632993
down_rebound,AVAXUSDT,2,all,998,-0.12336279782452275,-0.01029006566157152,-0.5063669093504333,0.3035885962060678,0.4108604840342706,0.31700786639093126,0.262472092737814,595.2783035563327,0.23733330808330816,-0.10096617798269268,0.11905566071126655
down_rebound,AVAXUSDT,2,development_2024_25,731,0.038484939419936914,0.20768366700865648,-0.2915955224515212,0.2891964291846013,0.4161401987529744,0.3108169411648191,0.24194978840109493,387.2203463082572,0.15353812916004336,0.0733817764994776,0.07744406926165144
down_rebound,AVAXUSDT,2,reused_2026,267,-0.15584986464498984,-0.5175058985347568,-0.37611803664359444,0.3403139393406614,0.39640553474823137,0.3339575530586767,0.31865862633384995,208.05795724807555,0.08379517892326488,-0.17434795448217022,0.04161159144961511
down_rebound,AVAXUSDT,2,year2024,366,0.37007848237333785,1.2753735567033113,-0.20310040036929455,0.27583569760297577,0.43536699076982954,0.29563855674661355,0.2441218579297034,185.86726675514024,0.2697585422191652,0.13257275204560146,0.03717345335102805
down_rebound,AVAXUSDT,2,year2025,365,-0.2420252176933646,-0.7707799795888176,-0.2814610452821561,0.30160367072585975,0.3968607305936074,0.3260369101978691,0.23977176799706562,201.35307955311697,-0.11622041305912183,-0.05919097554612385,0.04027061591062339
down_rebound,AVAXUSDT,5,all,998,-0.26673907254786344,-0.2237285212497167,-0.5618107370001902,0.3045333419025271,0.4108604840342706,0.31700786639093126,0.26247192300870364,595.2381732095075,0.2373337208023551,-0.10096320674270404,0.2976190866047538
down_rebound,AVAXUSDT,5,development_2024_25,731,-0.07541310719165151,0.00801239670730633,-0.33431628555753923,0.2900946916145077,0.4161401987529744,0.3108169411648191,0.24194965031416002,387.19547993610854,0.1535392345122367,0.07338291733121177,0.19359773996805424
down_rebound,AVAXUSDT,5,reused_2026,267,-0.20693129747392047,-0.764732930418214,-0.4062670999752983,0.34133789252515456,0.39640553474823137,0.3339575530586767,0.31865836997391483,208.0426932733991,0.08379448629011847,-0.17434612407391586,0.10402134663669957
down_rebound,AVAXUSDT,5,year2024,366,0.2957703457662322,1.0714563237970287,-0.21751412062568432,0.2765899361597439,0.43536699076982954,0.29563855674661355,0.24412172023108178,185.8549744631794,0.2697600058185412,0.1325721944818531,0.0929274872315897
down_rebound,AVAXUSDT,5,year2025,365,-0.28645774629021126,-0.9665722787596515,-0.3198225331165797,0.3026270211704819,0.3968607305936074,0.3260369101978691,0.23977162952075348,201.34050547292912,-0.11622077130630448,-0.059189277150641276,0.10067025273646454
selected_trend,AVAXUSDT,2,all,998,0.19722838212511862,0.3665601427589618,-0.3135250436764553,0.300911017743428,0.40213412936985077,0.5238219494544645,0.2890741772250497,240.81323612429128,0.13563001543638928,0.23696381987285758,0.04816264722485825
selected_trend,AVAXUSDT,2,development_2024_25,731,0.1412330369873267,0.3695919526780511,-0.3135250436764553,0.29389340602901676,0.40127203982368137,0.5197455920352637,0.27848856535214866,174.03475171206313,0.1044926869541131,0.17387787849253256,0.03480695034241263
selected_trend,AVAXUSDT,2,reused_2026,267,0.04906565383491612,0.359178778290589,-0.2649624124572768,0.3199109557568316,0.4044943820224719,0.5349823137744486,0.3180557587946778,66.77848441222814,0.0311373284822761,0.06308594138032492,0.01335569688244563
selected_trend,AVAXUSDT,2,year2024,366,0.32356544071995885,1.1053131941322154,-0.13243812862309612,0.2909605303327361,0.42850637522768675,0.4952944748026715,0.2756783099143613,62.448612815858496,0.20282213359805418,0.13948025100495656,0.0124897225631717
selected_trend,AVAXUSDT,2,year2025,365,-0.1377585105527166,-0.35360722776898723,-0.3135250436764554,0.29678338356060024,0.3739630898021309,0.544263698630137,0.28130652011990254,111.58613889620463,-0.09832944664394108,0.034397627487575994,0.022317227779240927
selected_trend,AVAXUSDT,5,all,998,0.11378425491320177,0.2787706812913672,-0.33416731703311464,0.3012355663495642,0.40213412936985077,0.5238219494544645,0.2890741210893645,240.80454317982822,0.13562947088053745,0.23696610061000867,0.12040227158991412
selected_trend,AVAXUSDT,5,development_2024_25,731,0.08317610918447449,0.2808983973164292,-0.33416731703311464,0.294241905816397,0.40127203982368137,0.5197455920352637,0.2784885106428425,174.0282661333642,0.10449275802156718,0.17388033566123914,0.08701413306668213
selected_trend,AVAXUSDT,5,reused_2026,267,0.028257774030645777,0.27359696253152765,-0.27739155828271445,0.3201765628359999,0.4044943820224719,0.5349823137744486,0.31805569875381207,66.776277046464,0.03113671285897024,0.06308576494876957,0.033388138523232004
selected_trend,AVAXUSDT,5,year2024,366,0.29899925705787833,1.0404076650701424,-0.1341763472177585,0.29121228966308904,0.42850637522768675,0.4952944748026715,0.2756782708920349,62.446405602869795,0.20282195531481975,0.13948131944331027,0.031223202801434896
selected_trend,AVAXUSDT,5,year2025,365,-0.16614570539649465,-0.4652749305551471,-0.32472586891434807,0.29719842285932113,0.3739630898021309,0.544263698630137,0.28130644968063867,111.58186053049442,-0.0983291972932526,0.03439901621792889,0.05579093026524721
selected_breakout,AVAXUSDT,2,all,998,-0.27167256592540223,-0.20985742001409635,-0.5174332048157744,0.31703073813368066,0.44974497000194735,0.4879533432913058,0.30539216760603183,601.1653202692376,-0.0743299242713269,0.03756980916257535,0.12023306405384754
selected_breakout,AVAXUSDT,2,development_2024_25,731,0.028546950532767568,0.20022997394612072,-0.22731441722263646,0.3159483585501861,0.4393738517339248,0.49507667266188005,0.28210338368168386,365.51791558199596,0.027856408816039818,0.19772924058374736,0.0731035831163992
selected_breakout,AVAXUSDT,2,reused_2026,267,-0.2918870318002138,-1.3190794148985776,-0.4761550253096928,0.31983193776689495,0.4781393050353725,0.46845089471493967,0.36915284569104434,235.64740468724165,-0.10218633308736674,-0.16015943142117206,0.04712948093744833
selected_breakout,AVAXUSDT,2,year2024,366,0.24268811106789467,0.9038099570316511,-0.21228599962449257,0.2838537017436339,0.43482940818381643,0.4906601182278411,0.267686984567808,125.81444466281967,0.1762490732987999,0.1140751734335865,0.025162888932563937
selected_breakout,AVAXUSDT,2,year2025,365,-0.17232092157951695,-0.37814974431770804,-0.2217508522699222,0.34524601814410283,0.44393074581430747,0.4995053272450533,0.2965592797794334,239.70347091917625,-0.14839266448276012,0.08365406715016088,0.04794069418383525
selected_breakout,AVAXUSDT,5,all,998,-0.39186658646476025,-0.41572091211931084,-0.5806728286590854,0.31792754173464305,0.44974497000194735,0.4879533432913058,0.3053919606854397,601.1314106805495,-0.07433289672374316,0.03756058858723747,0.30056570534027477
selected_breakout,AVAXUSDT,5,development_2024_25,731,-0.07827818670382636,0.027647072374387786,-0.2612982846636672,0.31668633317424794,0.4393738517339248,0.49507667266188005,0.28210323383164876,365.49999502288443,0.027854467269607858,0.19771970532411576,0.18274999751144222
selected_breakout,AVAXUSDT,5,reused_2026,267,-0.3402202218037005,-1.6135414345796455,-0.49894682616184804,0.3210307035784269,0.4781393050353725,0.46845089471493967,0.3691524825210997,235.63141565766512,-0.10218736399335093,-0.16015911673687824,0.11781570782883255
selected_breakout,AVAXUSDT,5,year2024,366,0.19665664132062788,0.7704083601596694,-0.22078321176832394,0.28428779754011346,0.43482940818381643,0.4906601182278411,0.26768688655608414,125.80941461339187,0.17624981961507036,0.11406626426697261,0.06290470730669594
selected_breakout,AVAXUSDT,5,year2025,365,-0.22975247747009409,-0.5837376043184455,-0.25501473732473445,0.346187834092892,0.44393074581430747,0.4995053272450533,0.2965590779490642,239.69058040949255,-0.1483953523454626,0.08365344105714315,0.11984529020474627
regime_gate,AVAXUSDT,2,all,998,-0.20191318253802137,-0.21204507908644912,-0.5219929962365638,0.2478034842134613,0.4054225247824336,0.3952447820534604,0.19583503040666567,426.20863292709936,0.0644546622133787,-0.10231245523182533,0.08524172658541987
regime_gate,AVAXUSDT,2,development_2024_25,731,-0.034240762383948686,0.0407168252471128,-0.30359693992072767,0.23430662214913398,0.4096232508885574,0.3848601432442896,0.18206784254225422,277.6606004404443,0.06166391655515677,0.037145374371794077,0.055532120088088846
regime_gate,AVAXUSDT,2,reused_2026,267,-0.1736172056380907,-0.7897811337413677,-0.3866571828662265,0.2817559644036489,0.39392166042446947,0.42367613399916776,0.23352721890436146,148.54803248665513,0.0027907456582220436,-0.13945782960361938,0.02970960649733103
regime_gate,AVAXUSDT,2,year2024,366,0.34594465438890487,1.4548337037106864,-0.12132055653339546,0.22021618144603994,0.4324260375214994,0.35564507662543443,0.18261943607387093,131.7857473546286,0.18388182670497663,0.17115160464256846,0.026357149470925722
regime_gate,AVAXUSDT,2,year2025,365,-0.2824673477717915,-1.2239742881755524,-0.2909522397865203,0.2468590168539597,0.38675799086757995,0.4141552511415525,0.1815147377954824,145.87485308581563,-0.12221791014981992,-0.1340062302707744,0.029174970617163128
regime_gate,AVAXUSDT,5,all,998,-0.29770681878870653,-0.3992693611423347,-0.5610857794687292,0.24834802392150118,0.4054225247824336,0.3952447820534604,0.19583493491256745,426.18961849132916,0.06445770588955621,-0.10231338053381277,0.21309480924566457
regime_gate,AVAXUSDT,5,development_2024_25,731,-0.11142942728991312,-0.13593291947703826,-0.3341870924013529,0.23483099118132547,0.4096232508885574,0.3848601432442896,0.1820677662636754,277.64910014822055,0.061666621514099296,0.03714453276511928,0.13882455007411032
regime_gate,AVAXUSDT,5,reused_2026,267,-0.20963713769032144,-1.0032537049274892,-0.40757188811567124,0.28232110578000813,0.39392166042446947,0.42367613399916776,0.23352707080148166,148.54051834310854,0.0027910843754569703,-0.13945791329893195,0.07427025917155428
regime_gate,AVAXUSDT,5,year2024,366,0.29376852812237675,1.2734094142681205,-0.13267624710747294,0.22068883540856626,0.4324260375214994,0.35564507662543443,0.1826193622687978,131.78026977253404,0.18388269575975527,0.17114864354082787,0.06589013488626702
regime_gate,AVAXUSDT,5,year2025,365,-0.3131920019729869,-1.397330899544588,-0.32102992537273556,0.2474196758507453,0.38675799086757995,0.4141552511415525,0.1815146590366212,145.86883037568654,-0.12221607424565605,-0.13400411077570862,0.07293441518784327
gate_no_range,AVAXUSDT,2,all,998,-0.16808909757824397,-0.1468210628317974,-0.5121956159698942,0.25028735865426255,0.39007238004852135,0.39569707552930095,0.1995521263432264,409.21584384796563,0.07326383195635619,-0.07173123178885642,0.08184316876959313
gate_no_range,AVAXUSDT,2,development_2024_25,731,-0.04638742788894945,0.01785016077384464,-0.31216916414590223,0.2386531136649482,0.38935516303326023,0.3880996173284969,0.1858061663369562,268.5582271113671,0.047670409546669346,0.037662659127418674,0.05371164542227341
gate_no_range,AVAXUSDT,2,reused_2026,267,-0.12762171268346245,-0.53206372608039,-0.3718568699547843,0.28007696932730125,0.39203599667082817,0.41649760715771955,0.23718619662256538,140.65761673659853,0.025593422409686845,-0.1093938909162751,0.02813152334731971
gate_no_range,AVAXUSDT,2,year2024,366,0.33266793030033903,1.3939941124622228,-0.12374933874457061,0.2232198573457789,0.39898455300419516,0.37485614219920493,0.18711028954560097,128.19522039749006,0.17260041320834557,0.1721458608154865,0.025639044079498016
gate_no_range,AVAXUSDT,2,year2025,365,-0.2844334658100929,-1.2020868903132218,-0.29087579416343357,0.25246761946829677,0.3796993911719939,0.4013793759512938,0.18449847018801382,140.363006713877,-0.12493000366167625,-0.13448320168806782,0.028072601342775404
gate_no_range,AVAXUSDT,5,all,998,-0.26420093133667477,-0.3248741724388959,-0.5502670801699876,0.25084491560602695,0.39007238004852135,0.39569707552930095,0.19955203498605698,409.1984414481217,0.07326587138630042,-0.07173203715627471,0.20459922072406084
gate_no_range,AVAXUSDT,5,development_2024_25,731,-0.12020594195926937,-0.1498139186741659,-0.3412111957526124,0.23918464560794248,0.38935516303326023,0.3880996173284969,0.18580609227198955,268.54750762723484,0.04767222417905481,0.0376616347897645,0.13427375381361745
gate_no_range,AVAXUSDT,5,reused_2026,267,-0.16366897237073608,-0.7357163535729254,-0.39208613283355653,0.2806813024731164,0.39203599667082817,0.41649760715771955,0.23718605792232408,140.6509338208868,0.025593647207245523,-0.10939367194603918,0.07032546691044339
gate_no_range,AVAXUSDT,5,year2024,366,0.2823871512901277,1.2198463949522595,-0.13434030136827924,0.22371636856236876,0.39898455300419516,0.37485614219920493,0.18711021693881014,128.19005082201875,0.17260105781560536,0.1721423597516316,0.0640950254110094
gate_no_range,AVAXUSDT,5,year2025,365,-0.3139403672630172,-1.3651410090579346,-0.3198835262279679,0.25302281944093274,0.3796993911719939,0.4013793759512938,0.18449839466087625,140.3574568052161,-0.12492883363655052,-0.13448072496186714,0.07017872840260805
adaptive14,AVAXUSDT,2,all,998,-0.1769305901199002,-0.18073760080263376,-0.4798462295610513,0.23935435020614185,0.3938855619679157,0.3897720309957895,0.186278027342059,379.802327790709,0.0867348605003142,-0.11181472146410662,0.0759604655581418
adaptive14,AVAXUSDT,2,development_2024_25,731,-0.1064124739206892,-0.13873813643554408,-0.3095652328270121,0.2251678992038768,0.39461337096759674,0.3784619444298801,0.1783515291555513,253.89392541691646,0.027353880328901292,-0.017585825248687847,0.05077878508338329
adaptive14,AVAXUSDT,2,reused_2026,267,-0.07891573476704028,-0.2770575006041504,-0.33572301583489383,0.27493079267966813,0.3918929463171036,0.42073709945900956,0.20797941376279744,125.90840237379257,0.059380980171412995,-0.09422889621541869,0.02518168047475852
adaptive14,AVAXUSDT,2,year2024,366,0.23684860412198772,1.0984968574784468,-0.1260139479860879,0.21358556539591006,0.425671331996302,0.3568404318166913,0.18149984034867478,121.73943076567825,0.16703191875707413,0.09964396327219764,0.024347886153135653
adaptive14,AVAXUSDT,2,year2025,365,-0.2775287750648755,-1.2636991775310626,-0.28553533726118163,0.23568125816098764,0.3634703196347032,0.4001426940639269,0.17519459245230962,132.1544946512382,-0.13967803842817286,-0.11722978852088546,0.026430898930247637
adaptive14,AVAXUSDT,5,all,998,-0.26556851938055936,-0.35359835157783465,-0.5171311188675363,0.2398333195636626,0.3938855619679157,0.3897720309957895,0.18627794890298732,379.78687700097487,0.0867365548948584,-0.1118149502970978,0.18989343850048745
adaptive14,AVAXUSDT,5,development_2024_25,731,-0.17194950524388464,-0.3064302479627893,-0.33717566895293405,0.22566167345698318,0.39461337096759674,0.3784619444298801,0.17835146414720962,253.88413768323107,0.0273554867011869,-0.017586753278839712,0.12694206884161552
adaptive14,AVAXUSDT,5,reused_2026,267,-0.11305954737005408,-0.46360022568389675,-0.35468768718933674,0.27537873520579337,0.3918929463171036,0.42073709945900956,0.20797929855270075,125.9027393177438,0.05938106819367148,-0.09422819701825809,0.06295136965887191
adaptive14,AVAXUSDT,5,year2024,366,0.19249041965616676,0.9263131488535444,-0.13606707949246843,0.21405810803232236,0.425671331996302,0.3568404318166913,0.1814997760339291,121.73465772648525,0.16703201407140228,0.09964174342085688,0.06086732886324263
adaptive14,AVAXUSDT,5,year2025,365,-0.3056124551550947,-1.4281693871281609,-0.31314585717405097,0.23618813372490075,0.3634703196347032,0.4001426940639269,0.17519452674847166,132.14947995674584,-0.13967652737021535,-0.1172284966996966,0.0660747399783729
adaptive42,AVAXUSDT,2,all,998,-0.12243988338280631,-0.08040435217573372,-0.46061613140643165,0.24126090956336607,0.3905716606461084,0.39097582747764215,0.184600733547821,372.8478626004254,0.12408066548236057,-0.08775797075907124,0.07456957252008509
adaptive42,AVAXUSDT,2,development_2024_25,731,-0.03350901824340269,0.037108677149865196,-0.273789146913165,0.2276831503468309,0.387336429183131,0.37696095643778404,0.17741586668781312,253.20124495612987,0.06883889562402513,0.01906109538613035,0.050640248991225975
adaptive42,AVAXUSDT,2,reused_2026,267,-0.09201416962812492,-0.3472018968386967,-0.346972995361705,0.2754591550567045,0.39942916701103875,0.4293461298377029,0.2042716611682919,119.64661764429555,0.055241769858335454,-0.10681906614520151,0.02392932352885911
adaptive42,AVAXUSDT,2,year2024,366,0.2699717908931327,1.209302453011289,-0.11701974960293238,0.2163009528920293,0.41256985962228865,0.3623428604748577,0.18157751675376563,123.02427695812123,0.18307049249433438,0.11058607075026375,0.02460485539162425
adaptive42,AVAXUSDT,2,year2025,365,-0.23896657493715456,-1.0304886725685691,-0.24806063278730373,0.23810909281953893,0.36203386605783866,0.39161910197869104,0.173242814840858,130.17696799800862,-0.11423159687030926,-0.09152497536413343,0.02603539359960173
adaptive42,AVAXUSDT,5,all,998,-0.21531055453016024,-0.2489178117215379,-0.498175198908549,0.24175780732877428,0.3905716606461084,0.39097582747764215,0.18460065726739253,372.83267533054874,0.12408229396259363,-0.08775810890616599,0.18641633766527435
adaptive42,AVAXUSDT,5,development_2024_25,731,-0.10420677334568562,-0.1286439692769846,-0.30242851092337053,0.22819701657610614,0.387336429183131,0.37696095643778404,0.17741580158877487,253.19141375921313,0.06883977323271115,0.01906034046389088,0.12659570687960656
adaptive42,AVAXUSDT,5,reused_2026,267,-0.1240283782893018,-0.5239359443932736,-0.36488854103829427,0.2759157975346272,0.39942916701103875,0.4293461298377029,0.2042715542751433,119.64126157133566,0.05524252072988253,-0.10681844937005686,0.05982063078566782
adaptive42,AVAXUSDT,5,year2024,366,0.22395380168120282,1.037201021355629,-0.1273695731134754,0.21678762945153027,0.41256985962228865,0.3623428604748577,0.1815774515368872,123.01946123913896,0.1830705229031876,0.11058382208513351,0.06150973061956948
adaptive42,AVAXUSDT,5,year2025,365,-0.2681151646215173,-1.1911472558650682,-0.2767373342651468,0.23864484509722314,0.36203386605783866,0.39161910197869104,0.17324274985998284,130.17195252007417,-0.11423074967047644,-0.09152348162124266,0.06508597626003708
adaptive126,AVAXUSDT,2,all,998,-0.17460047235304021,-0.1733137647065269,-0.4695397057828792,0.24115609752439274,0.39051423598261176,0.38699564489024507,0.18611439493712975,373.5421304564581,0.10539103128684613,-0.12906699494660542,0.07470842609129164
adaptive126,AVAXUSDT,2,development_2024_25,731,-0.05861246280285559,-0.019765664552998472,-0.2698507142033362,0.22844500585536287,0.39465137066359923,0.3787231923398969,0.17739238571719124,251.46960858445078,0.07127490836284409,-0.008960792508100904,0.05029392171689015
adaptive126,AVAXUSDT,2,reused_2026,267,-0.12320962936849889,-0.5263053505095096,-0.35628523085518726,0.27334458970626024,0.3791874739908448,0.4096441947565543,0.2099937535130663,122.07252187200734,0.034116122924002054,-0.12010620243850449,0.024414504374401465
adaptive126,AVAXUSDT,2,year2024,366,0.2290554204117763,1.0592203301224148,-0.12553168866514197,0.21604569720554223,0.41780665379350906,0.34748630309780854,0.1802004470499802,120.41709791587596,0.16434838798367488,0.09568905358267192,0.024083419583175194
adaptive126,AVAXUSDT,2,year2025,365,-0.23405607138387075,-0.9941667125168097,-0.24941339832963105,0.2399095203861343,0.37143264840182655,0.4100456621004567,0.1745766310656823,131.05251066857477,-0.09307347962083082,-0.10464984609077277,0.02621050213371496
adaptive126,AVAXUSDT,5,all,998,-0.26210481133645547,-0.34203437135663334,-0.5071114945291959,0.24164377533182835,0.39051423598261176,0.38699564489024507,0.18611431820475816,373.52676854639617,0.1053925133281315,-0.12906722635105283,0.18676338427319808
adaptive126,AVAXUSDT,5,development_2024_25,731,-0.12702054238304117,-0.1837548493849971,-0.2988284183458636,0.22892601519568134,0.39465137066359923,0.3787231923398969,0.1773923206227772,251.45977714183022,0.07127597042235279,-0.008961520023648653,0.1257298885709151
adaptive126,AVAXUSDT,5,reused_2026,267,-0.15473934440813175,-0.7075756455532176,-0.37446869295905294,0.2738407640688716,0.3791874739908448,0.4096441947565543,0.20999364491797193,122.06699140456593,0.034116542905778674,-0.12010570632740411,0.061033495702282975
adaptive126,AVAXUSDT,5,year2024,366,0.18544693280804392,0.8909877304739097,-0.13528142225291961,0.2164954173511856,0.41780665379350906,0.34748630309780854,0.18020038324823853,120.41245042453227,0.16434866162348913,0.09568660800723414,0.06020622521226614
adaptive126,AVAXUSDT,5,year2025,365,-0.2635862192927708,-1.1549733647327338,-0.27565713762154576,0.2404133539058215,0.37143264840182655,0.4100456621004567,0.17457656467505428,131.04732671729795,-0.09307269120113636,-0.10464812803088278,0.06552366335864898
filtered_moe,AVAXUSDT,2,all,998,-0.11895034650042657,-0.14192163078934095,-0.38893057119549246,0.195232700073892,0.32526859274103764,0.401831440659096,0.1512166061468467,214.35387717522883,0.10868180556421479,-0.12527702789101366,0.04287077543504577
filtered_moe,AVAXUSDT,2,development_2024_25,731,0.01934201144292902,0.14214259859654163,-0.19551210440384326,0.18310666732717584,0.3018078355373157,0.3887986396108831,0.1371533117366868,130.23843393789315,0.1305141323891556,-0.033433093011454806,0.026047686787578635
filtered_moe,AVAXUSDT,2,reused_2026,267,-0.13566826088880268,-0.7759022927606496,-0.3102967114975609,0.22531821208498568,0.3895001040366209,0.43751300457761133,0.18971948335219102,84.11544323733568,-0.02183232682494081,-0.09184393487955882,0.016823088647467135
filtered_moe,AVAXUSDT,2,year2024,366,0.22071055418957086,1.2935047670211093,-0.10293692945994681,0.16407477589384867,0.2723227838494232,0.3270909228901032,0.12540783593114926,54.325387895542185,0.1628083707698912,0.06542160574026007,0.010865077579108437
filtered_moe,AVAXUSDT,2,year2025,365,-0.16496010627214597,-0.8028884640758461,-0.18987387456463078,0.20013631475662683,0.3313736681887367,0.4506754185692542,0.1489309669279929,75.91304604235098,-0.032294238380735626,-0.0988546987517149,0.015182609208470196
filtered_moe,AVAXUSDT,5,all,998,-0.17382508460720258,-0.2617520930358663,-0.41637348904522953,0.19549397305519003,0.32526859274103764,0.401831440659096,0.15121656569070518,214.34748470641767,0.10868240349856267,-0.12527599968775682,0.10717374235320887
filtered_moe,AVAXUSDT,5,development_2024_25,731,-0.019717955254866082,0.03577447001200571,-0.2081864719990475,0.18331828107600476,0.3018078355373157,0.3887986396108831,0.13715327979136954,130.2347782899487,0.13051439832353193,-0.03343294876727855,0.06511738914497436
filtered_moe,AVAXUSDT,5,reused_2026,267,-0.15720692853494322,-0.9271324380520951,-0.3236477860523721,0.22566701209573317,0.3895001040366209,0.43751300457761133,0.18971941959487884,84.11270641646897,-0.021831994824969267,-0.09184305092047834,0.04205635320823449
filtered_moe,AVAXUSDT,5,year2024,366,0.20097674819347033,1.193387340110236,-0.10629952356388983,0.16423588964530003,0.2723227838494232,0.3270909228901032,0.12540780792074097,54.32385206586706,0.16280851165330945,0.0654209871052003,0.027161926032933534
filtered_moe,AVAXUSDT,5,year2025,365,-0.18376267798715273,-0.9152810131703382,-0.2020994522445917,0.20037541573497564,0.3313736681887367,0.4506754185692542,0.1489309310369861,75.91092622408166,-0.03229411332977754,-0.09885393587247883,0.03795546311204083
kalman,AVAXUSDT,2,all,998,-0.11458791898533371,0.03756292195297512,-0.5422803191573258,0.3421064310327068,0.4563559707490863,0.4910840481776561,0.3276184133220677,898.3947947272617,0.3249003628456855,-0.08806667512335235,0.17967895894545236
kalman,AVAXUSDT,2,development_2024_25,731,0.08698294310710186,0.2895269793384881,-0.2501372710419588,0.3354122267110302,0.45033201406862616,0.49078270701360516,0.2980080928127375,576.4097279354489,0.2825885581356428,0.053458181498516985,0.1152819455870898
kalman,AVAXUSDT,2,reused_2026,267,-0.1854406854961812,-0.6048216933495455,-0.47516529561935206,0.360172040909989,0.4728485263049527,0.4919090683683724,0.4086863694730804,321.9850667918127,0.042311804710042825,-0.14152485662186937,0.06439701335836254
kalman,AVAXUSDT,2,year2024,366,0.24082673034427282,0.839567139737285,-0.21098938690203928,0.31484290784673236,0.4508243990763483,0.48910425909001476,0.29208419091309684,279.5137778444239,0.3672997716574635,-0.03862113276295172,0.055902755568884785
kalman,AVAXUSDT,2,year2025,365,-0.12398490738065238,-0.19874937220841168,-0.2501372710419586,0.35506085141117133,0.44983828006088283,0.49246575342465754,0.3039482245805963,296.8959500910251,-0.08471121352182075,0.0920793142614687,0.05937919001820501
kalman,AVAXUSDT,5,all,998,-0.32377689825342915,-0.2475555024343569,-0.6041711465181205,0.34379601841308594,0.4563559707490863,0.4910840481776561,0.32761813030613296,898.3368200531457,0.3248972129632237,-0.08807233979588897,0.4491684100265729
kalman,AVAXUSDT,5,development_2024_25,731,-0.08563333809009321,0.03351349530439214,-0.2925305416412983,0.33693859100149104,0.45033201406862616,0.49078270701360516,0.2980078784253537,576.3765828609702,0.2825845612638878,0.05345207655462039,0.2881882914304851
kalman,AVAXUSDT,5,reused_2026,267,-0.26044645992003745,-0.9636554380331183,-0.506777931850694,0.36220082232400863,0.4728485263049527,0.4919090683683724,0.4086858985639967,321.9602371921755,0.04231265169933601,-0.14152441635050933,0.1609801185960878
kalman,AVAXUSDT,5,year2024,366,0.14101776536377253,0.5726076719898016,-0.23356613974274787,0.31637110476730546,0.4508243990763483,0.48910425909001476,0.2920839869976844,279.4984384497034,0.3673001954038015,-0.03862818053911968,0.13974921922485165
kalman,AVAXUSDT,5,year2025,365,-0.19863941678559593,-0.44600055854269005,-0.29253054164129677,0.35658682762569904,0.44983828006088283,0.49246575342465754,0.3039479996925509,296.87814441126693,-0.08471563413991372,0.09208025709374006,0.14843907220563346
trend_ensemble_long,AVAXUSDT,2,all,998,0.05592835842852173,0.19723648641766447,-0.36096330745198235,0.18756012520995435,0.3740814963259853,0.0,0.1075566362057071,156.03621580037498,0.12891774128359035,0.0,0.031207243160074997
trend_ensemble_long,AVAXUSDT,2,development_2024_25,731,0.11073756452311079,0.3978674454984515,-0.1352976318120107,0.16594102768417324,0.3686730506155951,0.0,0.09938363106483662,96.02016759320875,0.15352569882777428,0.0,0.019204033518641757
trend_ensemble_long,AVAXUSDT,2,reused_2026,267,-0.049344874833796126,-0.1791037099838761,-0.298945888919702,0.23719353789380282,0.3888888888888889,0.0,0.12993291619812777,60.01604820716621,-0.02460795754418403,0.0,0.012003209641433242
trend_ensemble_long,AVAXUSDT,2,year2024,366,0.2033211153068255,1.1690179426148821,-0.08758297574761043,0.17012871006179417,0.3938979963570127,0.0,0.10135039878776572,45.85905477983819,0.21157108437992786,0.0,0.00917181095596764
trend_ensemble_long,AVAXUSDT,2,year2025,365,-0.07694002008774425,-0.4159451135120468,-0.12898087459763163,0.16156567188035093,0.34337899543378997,0.0,0.09741147493718717,50.16111281337057,-0.058045385552153564,0.0,0.010032222562674116
trend_ensemble_long,AVAXUSDT,5,all,998,0.00763747012083571,0.10605667956605055,-0.380343132085772,0.18778189022616212,0.3740814963259853,0.0,0.10755660258260434,156.0311465509727,0.1289181349590915,0.0,0.07801557327548635
trend_ensemble_long,AVAXUSDT,5,development_2024_25,731,0.07919741984181194,0.31102080374913466,-0.1452229332953624,0.16612891675636013,0.3686730506155951,0.0,0.09938360490059903,96.01730413833721,0.15352579150009,0.0,0.0480086520691686
trend_ensemble_long,AVAXUSDT,5,reused_2026,267,-0.06630848851683357,-0.28221936876244624,-0.30901598397022034,0.2374802533932666,0.3888888888888889,0.0,0.12993286215393723,60.01384241263548,-0.024607656540998432,0.0,0.030006921206317743
trend_ensemble_long,AVAXUSDT,5,year2024,366,0.18687919709910727,1.0877328484756432,-0.09246072486077672,0.1702412379439997,0.3938979963570127,0.0,0.10135037284423372,45.857732070966925,0.21157089902582418,0.0,0.022928866035483463
trend_ensemble_long,AVAXUSDT,5,year2025,365,-0.09072682166852608,-0.5079602622338528,-0.13807665824408055,0.16183089142747428,0.34337899543378997,0.0,0.09741144855163933,50.15957206737028,-0.058045107525734226,0.0,0.02507978603368514
regime_gate_long,AVAXUSDT,2,all,998,0.014842710747282162,0.11671641690874393,-0.3221546984455722,0.17776112496558127,0.4105195243370985,0.0,0.09881661781526917,167.63522704066878,0.08814346037253842,0.0,0.033527045408133754
regime_gate_long,AVAXUSDT,2,development_2024_25,731,0.01941938232329421,0.13934615829970448,-0.15471517913339505,0.16398630296012442,0.421241657941301,0.0,0.09525921719822318,108.22817331392008,0.06874185219645848,0.0,0.02164563466278402
regime_gate_long,AVAXUSDT,2,reused_2026,267,-0.004489488482730231,0.07094755232568392,-0.22302057584263424,0.21127421216005396,0.38116416978776535,0.0,0.10855616781924146,59.40705372674868,0.01940160817607997,0.0,0.011881410745349735
regime_gate_long,AVAXUSDT,2,year2024,366,0.14714529088226858,0.8694925221690545,-0.11208202994420136,0.17479750221133103,0.4473300296283603,0.0,0.10139791875655191,52.711823418620426,0.16484966970125386,0.0,0.010542364683724086
regime_gate_long,AVAXUSDT,2,year2025,365,-0.11134239888718833,-0.7000974616631142,-0.1537115092441389,0.15231763680896004,0.3950818112633181,0.0,0.08910369727946073,55.51634989529967,-0.09610781750479537,0.0,0.011103269979059933
regime_gate_long,AVAXUSDT,5,all,998,-0.034933265662790425,0.013379406466953164,-0.34411277311590815,0.17789559210092418,0.4105195243370985,0.0,0.09881658236508085,167.62979749815167,0.0881467037816451,0.0,0.08381489874907583
regime_gate_long,AVAXUSDT,5,development_2024_25,731,-0.013148651890970697,0.04057641135982132,-0.1692887958795779,0.16409762279076137,0.421241657941301,0.0,0.09525918813977845,108.22498953612987,0.068744583951268,0.0,0.05411249476806493
regime_gate_long,AVAXUSDT,5,reused_2026,267,-0.022074868533707548,-0.04413720112455054,-0.2343827558142454,0.21146021490337508,0.38116416978776535,0.0,0.10855611486956047,59.404807962021806,0.019402119830377082,0.0,0.0297024039810109
regime_gate_long,AVAXUSDT,5,year2024,366,0.12914719215193982,0.7789656903306567,-0.11677552260071133,0.17487989753416527,0.4473300296283603,0.0,0.10139789085869352,52.71034457010525,0.16485061602705917,0.0,0.026355172285052623
regime_gate_long,AVAXUSDT,5,year2025,365,-0.12602063312199419,-0.8084908254324982,-0.1645022429668921,0.1524611397895769,0.3950818112633181,0.0,0.08910366705724992,55.51464496602462,-0.09610603207579115,0.0,0.02775732248301231
expanding_tree,AVAXUSDT,2,all,998,-0.16656720813344716,-0.1446521489858288,-0.4229773573050267,0.24865257510761932,0.6495003896682253,0.18624053662881318,0.1933376093401521,316.78950757979254,0.13132911593455948,-0.1446600140877822,0.0633579015159585
expanding_tree,AVAXUSDT,2,development_2024_25,731,-0.10299200294264121,-0.10417079353545725,-0.273769199354038,0.2413018766854359,0.7341683766529866,0.1213187794497644,0.19606711019458634,215.25433308283908,0.0882796893178661,-0.06904275940138777,0.04305086661656782
expanding_tree,AVAXUSDT,2,reused_2026,267,-0.07087473623352747,-0.24466250337343046,-0.2716787760152466,0.2682183327069009,0.4176940282979609,0.36398512276321265,0.18586470625179474,101.53517449695343,0.04304942661669338,-0.07561725468639441,0.02030703489939069
expanding_tree,AVAXUSDT,2,year2024,366,-0.07160549148801731,-0.17068613695322646,-0.273769199354038,0.2507735923657992,0.7331511839708561,0.1264420157862781,0.20878228294220302,108.48994481715619,0.01294765960026692,-0.03206770343082127,0.02169798896343124
expanding_tree,AVAXUSDT,2,year2025,365,-0.033807299770578836,-0.03202165478812822,-0.2585699447870643,0.2317568413859909,0.7351883561643836,0.11618150684931507,0.18331710135725016,106.7643882656829,0.07533202971759922,-0.036975055970566495,0.02135287765313658
expanding_tree,AVAXUSDT,5,all,998,-0.24212856211541067,-0.2842152706188663,-0.44358263466574754,0.24873697926318433,0.6495003896682253,0.18624053662881318,0.19333754280922927,316.77746422595567,0.1313332111862368,-0.14466323353836757,0.15838873211297785
expanding_tree,AVAXUSDT,5,development_2024_25,731,-0.15908812616017387,-0.2376709478825715,-0.28803138116056026,0.24134360305066527,0.7341683766529866,0.1213187794497644,0.19606704914013703,215.24637593531116,0.08828303057945226,-0.06904604353036822,0.10762318796765558
expanding_tree,AVAXUSDT,5,reused_2026,267,-0.09875046189567094,-0.3994046794510559,-0.2894462569111903,0.26840539411611536,0.4176940282979609,0.36398512276321265,0.18586462472723078,101.53108829064453,0.04305018060678453,-0.07561719000799935,0.050765544145322264
expanding_tree,AVAXUSDT,5,year2024,366,-0.10133627419167524,-0.3000723273054849,-0.28803138116056026,0.25077062945964257,0.7331511839708561,0.1264420157862781,0.20878221531894164,108.48566844220971,0.01294950345552573,-0.032071037134545594,0.05424283422110485
expanding_tree,AVAXUSDT,5,year2025,365,-0.0642641405343829,-0.1700361653252157,-0.264635431864055,0.23184708070059312,0.7351883561643836,0.11618150684931507,0.18331704688960965,106.76070749310144,0.0753335271239266,-0.03697500639582262,0.05338035374655072
rolling_tree,AVAXUSDT,2,all,998,-0.39677055475237566,-0.4625853573610326,-0.540105442699713,0.30011543133557383,0.5731497717657537,0.35132765531062127,0.2840265115962021,405.36863894066096,-0.06048308826020893,-0.19059467367943528,0.0810737277881322
rolling_tree,AVAXUSDT,2,development_2024_25,731,-0.014919705261261296,0.11591747503896277,-0.2858587294502055,0.2824170073328404,0.6933424532603739,0.21723001215990276,0.2513084172402655,257.4985009641038,0.07089126491675149,0.10028001618107193,0.05149970019282077
rolling_tree,AVAXUSDT,2,reused_2026,267,-0.3876342380723262,-1.7724993320244342,-0.416567916553929,0.3433272643646545,0.24408291718684982,0.718463899292551,0.37360301711751154,147.87013797655715,-0.1313743531769604,-0.2908746898605072,0.029574027595311435
rolling_tree,AVAXUSDT,2,year2024,366,-0.10531892840980028,-0.2742856658193427,-0.25923112561903006,0.27100176780412827,0.7551608986035216,0.14607050698239224,0.2540223195362554,100.3367331892791,-0.004329659647519246,-0.04169278519711486,0.020067346637855824
rolling_tree,AVAXUSDT,2,year2025,365,0.1010407239172546,0.4770420191720062,-0.28585872945020585,0.29368350610823263,0.6313546423135464,0.28858447488584477,0.24858707959551943,157.16176777482474,0.07522092456427068,0.14197280137818682,0.031432353554964945
rolling_tree,AVAXUSDT,5,all,998,-0.4658464977429496,-0.6108426819387146,-0.5703452818597847,0.3000664057193384,0.5731497717657537,0.35132765531062127,0.2840264049529273,405.3500199728927,-0.060484556828243136,-0.19059685136985582,0.20267500998644633
rolling_tree,AVAXUSDT,5,development_2024_25,731,-0.08815377494378418,-0.02069412316185669,-0.29986928908079,0.2823671728144638,0.6933424532603739,0.21723001215990276,0.25130833520203166,257.48727865252,0.07088961308000677,0.10027954426409806,0.12874363932625998
rolling_tree,AVAXUSDT,5,reused_2026,267,-0.41420659802137105,-1.9496818657714732,-0.438081226640362,0.34319494976487386,0.24408291718684982,0.718463899292551,0.37360284310987385,147.86274132037275,-0.13137416990824988,-0.29087639563395384,0.07393137066018637
rolling_tree,AVAXUSDT,5,year2024,366,-0.1318491078770767,-0.3848797741656769,-0.26781724100454507,0.27105594519215614,0.7551608986035216,0.14607050698239224,0.25402225448780286,100.33299773165191,-0.004329404551461052,-0.041693407207388275,0.050166498865825956
rolling_tree,AVAXUSDT,5,year2025,365,0.05033149574545215,0.31649078081354926,-0.29986928908078925,0.29355382334050584,0.6313546423135464,0.28858447488584477,0.24858698052095693,157.15428092086808,0.07521901763146774,0.14197295147148636,0.07857714046043404
action_tcn,AVAXUSDT,2,all,998,-0.540404340836115,-0.7414193498663084,-0.6431906939329524,0.315428830427986,0.5771056000890671,0.3590792696504119,0.31027746364736136,605.9181142341315,-0.24730872633098885,-0.22032197429898076,0.12118362284682632
action_tcn,AVAXUSDT,2,development_2024_25,731,-0.1848666234773363,-0.1726216337953801,-0.38768397537301313,0.310148353132516,0.5781368749050008,0.3527084283325734,0.2834645018826495,439.2580113700596,-0.08025528227880081,0.11384554103549226,0.08785160227401193
action_tcn,AVAXUSDT,2,reused_2026,267,-0.43617121761777666,-2.213717289199185,-0.4515834458944691,0.3286637105117523,0.5742821473158553,0.37652153558052437,0.3836867334975651,166.66010286407192,-0.16705344405218803,-0.3341675153344731,0.03333202057281438
action_tcn,AVAXUSDT,2,year2024,366,0.12214198899838924,0.5715516523507674,-0.188107314043663,0.2594294773367751,0.593351548269581,0.3078419095324833,0.23834866513412062,138.666910819086,0.07582475248439204,0.10715193596936783,0.027733382163817204
action_tcn,AVAXUSDT,2,year2025,365,-0.2735915913366347,-0.7232377708846071,-0.38768397537301336,0.35383508333956126,0.5628805175038052,0.3976978691019787,0.328703943663366,300.5911005509736,-0.15608003476319282,0.006693605066124472,0.06011822011019472
action_tcn,AVAXUSDT,5,all,998,-0.6167969015255046,-0.9515471180773704,-0.6883585614010204,0.3155394050724222,0.5771056000890671,0.3590792696504119,0.31027730046089336,605.8857711467401,-0.24730974169185327,-0.22031979792977255,0.30294288557337007
action_tcn,AVAXUSDT,5,development_2024_25,731,-0.2855096244603621,-0.38437491439783417,-0.43303230624157774,0.3102855714548423,0.5781368749050008,0.3527084283325734,0.28346434914542296,439.2338349465355,-0.08025581035913283,0.11384868342211019,0.21961691747326778
action_tcn,AVAXUSDT,5,reused_2026,267,-0.46366933468477955,-2.4209467751698743,-0.4782052046691829,0.32869591875571397,0.5742821473158553,0.37652153558052437,0.3836865417028741,166.65193620020455,-0.16705393133272042,-0.33416848135188265,0.08332596810010229
action_tcn,AVAXUSDT,5,year2024,366,0.07641732671279367,0.41168614255725805,-0.20817588189115155,0.25927686983111914,0.593351548269581,0.3078419095324833,0.23834858813184925,138.6616704602534,0.07582345861026502,0.10715231659662562,0.06933083523012669
action_tcn,AVAXUSDT,5,year2025,365,-0.3362329295445501,-0.9767984334757444,-0.4330323062415775,0.35410772465460877,0.5628805175038052,0.3976978691019787,0.3287037149836915,300.5721644862822,-0.1560792689693979,0.006696366825484565,0.1502860822431411
vol_long,AVAXUSDT,2,all,998,-0.2992566374795337,-0.060658489420082166,-0.617355884999617,0.45441012766582967,1.0,0.0,0.5333293413005806,6.2007754755733036,-0.03918961101516072,0.0,0.0012401550951146607
vol_long,AVAXUSDT,2,development_2024_25,731,-0.21984989585562142,-0.05878436149327007,-0.41743854094125654,0.4431551598623144,1.0,0.0,0.48092915184307516,3.749243406470283,-0.011809865029575595,0.0,0.0007498486812940566
vol_long,AVAXUSDT,2,reused_2026,267,-0.10178392748021203,-0.06540777491993506,-0.45767164833072005,0.4847561181287089,1.0,0.0,0.6767920322872346,2.4515320691030205,-0.027379745985585263,0.0,0.0004903064138206041
vol_long,AVAXUSDT,2,year2024,366,0.03608135305472859,0.30509852473584437,-0.41743854094125654,0.4605722992326119,1.0,0.0,0.4947094718732251,2.169838205339631,0.1576870913285517,0.0,0.0004339676410679262
vol_long,AVAXUSDT,2,year2025,365,-0.24701848764653034,-0.453842425919463,-0.39227397311280066,0.42542843469013775,1.0,0.0,0.4671110775114728,1.5794052011306519,-0.16949695635812723,0.0,0.0003158810402261304
vol_long,AVAXUSDT,5,all,998,-0.3005590114838237,-0.06216608852507388,-0.6178003130760897,0.45440001055188994,1.0,0.0,0.533329338014804,6.200561294724729,-0.03919002015443637,0.0,0.0031002806473623638
vol_long,AVAXUSDT,5,development_2024_25,731,-0.22072687228629306,-0.06007076186873662,-0.41756252150784556,0.4431373595705093,1.0,0.0,0.48092914917130714,3.7490490736624866,-0.011809659675318274,0.0,0.0018745245368312433
vol_long,AVAXUSDT,5,reused_2026,267,-0.10244436303321236,-0.06747038497246374,-0.45784658093006636,0.48476521883959567,1.0,0.0,0.6767920273204073,2.451512221062241,-0.027380360479118043,0.0,0.0012257561105311204
vol_long,AVAXUSDT,5,year2024,366,0.03540713450135491,0.30368003081749695,-0.41756252150784556,0.4605423070952885,1.0,0.0,0.4947094689953804,2.1697578339607446,0.15768669797296847,0.0,0.0010848789169803723
vol_long,AVAXUSDT,5,year2025,365,-0.24737516118333336,-0.454964452144051,-0.3923803269164592,0.42542400917081125,1.0,0.0,0.46711107504634597,1.579291239701742,-0.16949635764828663,0.0,0.0007896456198508711
hold,AVAXUSDT,2,all,998,-0.7375199088508935,-0.11150117429953142,-0.9029542121826216,0.8835243015155553,1.0,0.0,0.9999999993018855,1.9994073441349594,0.11443190279470097,0.0,0.0003998814688269919
hold,AVAXUSDT,2,development_2024_25,731,-0.6826248532014055,-0.14267302979685179,-0.8116092465358304,0.9352217815213775,1.0,0.0,0.9999999990468903,0.9998000399920017,0.12161374597108221,0.0,0.00019996000799840037
hold,AVAXUSDT,2,reused_2026,267,-0.17296582988057485,-0.004024650696752841,-0.600840336134469,0.7248986944766447,1.0,0.0,1.0000000000000187,0.9996073041429576,-0.0071818431763810975,0.0,0.00019992146082859155
hold,AVAXUSDT,2,year2024,366,-0.0797951406211228,0.3807604697363495,-0.6782660273837116,0.948233213437057,1.0,0.0,0.9999999980963761,0.9998000399920017,0.4518812074408316,0.0,0.00019996000799840037
hold,AVAXUSDT,2,year2025,365,-0.6551038134999434,-0.6820859746771413,-0.74041954231746,0.9225615814382342,1.0,0.0,1.0000000000000084,0.0,-0.3302674614697493,0.0,0.0
hold,AVAXUSDT,5,all,998,-0.7376773496890745,-0.11176003172828373,-0.9029542121826196,0.8835141666471852,1.0,0.0,0.99999999825521,1.9991075540179883,0.11443181775001854,0.0,0.0009995537770089943
hold,AVAXUSDT,5,development_2024_25,731,-0.6827200181629571,-0.14284849825981424,-0.8116092465358296,0.9352074507073865,1.0,0.0,0.9999999976179255,0.9995002498750624,0.12161366092641179,0.0,0.0004997501249375312
hold,AVAXUSDT,5,reused_2026,267,-0.17321398976360391,-0.004586017565780933,-0.6008403361344616,0.7249032238166049,1.0,0.0,0.9999999999999853,0.999607304142926,-0.007181843176393088,0.0,0.000499803652071463
hold,AVAXUSDT,5,year2024,366,-0.08007106411717535,0.38043028832429654,-0.6782660273837124,0.9482054085202506,1.0,0.0,0.9999999952423667,0.9995002498750624,0.4518811223961723,0.0,0.0004997501249375312
hold,AVAXUSDT,5,year2025,365,-0.6551038134999413,-0.682085974677157,-0.7404195423174587,0.9225615814382208,1.0,0.0,0.9999999999999926,0.0,-0.33026746146976055,0.0,0.0
trend24,BCHUSDT,2,all,998,-0.4282438662971033,-0.3846420758919431,-0.705712195727918,0.3667728049004384,0.4585293312137244,0.4821152661497986,0.3384172620088046,956.2715176125469,0.07760255673293581,-0.3005772312512557,0.19125430352250938
trend24,BCHUSDT,2,development_2024_25,731,-0.622371580196266,-1.2906636688898245,-0.6807228569369985,0.33507617927298244,0.47096505457921495,0.4660124496007516,0.3212179816379421,655.3541898010038,-0.12237407281546753,-0.6129681210105141,0.13107083796020078
trend24,BCHUSDT,2,reused_2026,267,0.5140707206307673,1.4921785812135102,-0.15201835118296703,0.4401024205261542,0.4244824631231866,0.5262020035930696,0.3855059284923273,300.91732781154303,0.19997662954840334,0.3123908897592584,0.060183465562308615
trend24,BCHUSDT,2,year2024,366,0.008692227109506456,0.1938485593814321,-0.25393296077027816,0.3702492521029297,0.4690377486571509,0.45829224527120366,0.29493750181113093,299.6684834211707,0.27575582596205905,-0.1531538583044966,0.05993369668423415
trend24,BCHUSDT,2,year2025,365,-0.6256257264062992,-3.1932185242520985,-0.6399235169494203,0.29377728655174323,0.4728976407914764,0.47375380517503807,0.3475704627793473,355.6857063798331,-0.3981298987775266,-0.4598142627060175,0.07113714127596663
trend24,BCHUSDT,5,all,998,-0.5708448393475589,-0.6673804846395203,-0.7638254685468209,0.3678735850084464,0.4585293312137244,0.4821152661497986,0.33841695005612094,956.2090356217059,0.07760065057492369,-0.30056988391310224,0.4781045178108529
trend24,BCHUSDT,5,development_2024_25,731,-0.6897755018592531,-1.5771049793238137,-0.730635153263565,0.3361405920641122,0.47096505457921495,0.4660124496007516,0.321217711418452,655.3137053169722,-0.12237594440464045,-0.6129655552359015,0.3276568526584861
trend24,BCHUSDT,5,reused_2026,267,0.3833696668847084,1.2090435154716073,-0.18273074371231857,0.44144119790076564,0.4244824631231866,0.5262020035930696,0.3855055022813495,300.8953303047336,0.1999765949795642,0.3123956713227992,0.1504476651523668
trend24,BCHUSDT,5,year2024,366,-0.07803631477442652,-0.047336718938142335,-0.2717762043290496,0.37105874138502193,0.4690377486571509,0.45829224527120366,0.29493727087161553,299.65088079342,0.27574877961450994,-0.15315464223966074,0.14982544039671003
trend24,BCHUSDT,5,year2025,365,-0.6635176600639691,-3.5380027199885737,-0.6746118783812252,0.2951093224132874,0.4728976407914764,0.47375380517503807,0.3475701531722661,355.6628245235522,-0.3981247240191504,-0.45981091299624066,0.1778314122617761
trend72,BCHUSDT,2,all,998,0.09625380759124269,0.26417404545175804,-0.6738652704749323,0.36208912433293944,0.44538961779540504,0.48955549988866626,0.34467627418422503,495.52602577765833,0.4511822064960582,-0.11254189322493685,0.09910520515553169
trend72,BCHUSDT,2,development_2024_25,731,-0.22683172919979,-0.23132496662199709,-0.5679825796658049,0.32948520258374275,0.46215546390611456,0.46787600699194404,0.32282683141460866,337.100423356357,0.2761872899254397,-0.35820612233856036,0.0674200846712714
trend72,BCHUSDT,2,reused_2026,267,0.41787221358249393,1.2900152006104857,-0.2711964176363142,0.4389191664829786,0.39948761964211404,0.5489102163961714,0.40449628416396105,158.4256024213014,0.17499491657061858,0.24566422911362348,0.03168512048426028
trend72,BCHUSDT,2,year2024,366,0.657538070556507,1.5701515537052253,-0.1013939657802494,0.35983277065055613,0.4519264714749021,0.4690820431086825,0.3047798678466194,143.62642627853558,0.44293013185301855,0.14862060205781633,0.028725285255707125
trend72,BCHUSDT,2,year2025,365,-0.5335441854794779,-2.4579258988079418,-0.5517725937513175,0.2925983372169772,0.47241248097412475,0.4666666666666666,0.34092323871840063,193.4739970778214,-0.16674284192757888,-0.5068267243963767,0.03869479941556428
trend72,BCHUSDT,5,all,998,-0.05518293445411193,0.11442610057250442,-0.7039015286535181,0.36268045582020436,0.44538961779540504,0.48955549988866626,0.34467612460747077,495.5016782740158,0.45118289994451655,-0.11254226042809767,0.24775083913700788
trend72,BCHUSDT,5,development_2024_25,731,-0.30120087425489805,-0.38312846772696685,-0.5962181846402805,0.3301253719027066,0.46215546390611456,0.46787600699194404,0.32282670469673425,337.08444358640645,0.27618724483761375,-0.35820670444889924,0.16854222179320325
trend72,BCHUSDT,5,reused_2026,267,0.3520581677008632,1.1409213568138965,-0.29044992383771606,0.439471029677697,0.39948761964211404,0.5489102163961714,0.4044960720035321,158.41723468760927,0.17499565510690274,0.24566444402080137,0.07920861734380465
trend72,BCHUSDT,5,year2024,366,0.5876330230428164,1.4493367730080167,-0.10227315002940529,0.36024056806136556,0.4519264714749021,0.4690820431086825,0.3047797663840264,143.62027608555664,0.4429299211441115,0.14861922261582552,0.07181013804277833
trend72,BCHUSDT,5,year2025,365,-0.5598484564110406,-2.6472798880706785,-0.5759939668304466,0.29345129750735877,0.47241248097412475,0.4666666666666666,0.3409230866760523,193.46416750084984,-0.1667426763064978,-0.5068259270647247,0.09673208375042491
trend168,BCHUSDT,2,all,998,0.03879476907389123,0.21229374600317483,-0.6018904937187134,0.3710742487172536,0.4669582219995547,0.48015127477176583,0.3488188623745421,281.71711998021146,0.20055284132016496,0.04106174279404046,0.056343423996042294
trend168,BCHUSDT,2,development_2024_25,731,-0.4405412019265619,-0.6922736927754338,-0.5787948868875316,0.33955939324853796,0.4945612935096519,0.4482776637786899,0.3271188048517681,191.93480526569198,-0.03295152971630824,-0.4041936765991352,0.0383869610531384
trend168,BCHUSDT,2,reused_2026,267,0.8567851156351509,2.113928309858508,-0.17699430561365737,0.443737693363894,0.3913857677902622,0.5674157303370787,0.408229881285208,89.78231471451946,0.23350437103647326,0.44525541939317553,0.017956462942903893
trend168,BCHUSDT,2,year2024,366,-0.026630692369266407,0.11438633866040547,-0.3009861777795073,0.3941354972807614,0.4781420765027322,0.455363919247116,0.3152584771946466,83.07800981638212,0.18446674666530982,-0.13554801633692382,0.016615601963276425
trend168,BCHUSDT,2,year2025,365,-0.4252348068841305,-1.8837160380341371,-0.4269883060695526,0.2739199089770347,0.5110254946727549,0.4411719939117199,0.3390116265572652,108.85679544930987,-0.21741827638161804,-0.2686456602622113,0.021771359089861976
trend168,BCHUSDT,5,all,998,-0.045393593535468346,0.1291519970114412,-0.6259231033226582,0.3713023837055185,0.4669582219995547,0.48015127477176583,0.34881878300807634,281.7058845397497,0.20055193507828858,0.04106354206696977,0.14085294226987488
trend168,BCHUSDT,5,development_2024_25,731,-0.4718459816218259,-0.776302102671777,-0.5970472590969209,0.3397300862665564,0.4945612935096519,0.4482776637786899,0.327118738132896,191.92763762714873,-0.03295276718259921,-0.40419254801199894,0.09596381881357435
trend168,BCHUSDT,5,reused_2026,267,0.8074394461598249,2.0293319701373913,-0.18632760750099786,0.4441370238788259,0.3913857677902622,0.5674157303370787,0.4082297672918099,89.778246912601,0.2335047022608878,0.4452560900789687,0.04488912345630051
trend168,BCHUSDT,5,year2024,366,-0.05059114668991693,0.05148453860095377,-0.30825008165663703,0.3943018822618841,0.4781420765027322,0.455363919247116,0.3152584194854167,83.07509562589071,0.1844660953565349,-0.1355470987875827,0.04153754781294535
trend168,BCHUSDT,5,year2025,365,-0.4437022400446524,-2.0013889321973832,-0.4448597392051703,0.27408215195113783,0.5110254946727549,0.4411719939117199,0.3390115508040669,108.852542001258,-0.21741886253913412,-0.26864544922441624,0.054426271000628995
trend336,BCHUSDT,2,all,998,-0.338408223313842,-0.2985268630748136,-0.6123702096038951,0.33111790412454684,0.4909889222890225,0.456023157425963,0.3371052539384839,195.72781504973173,-0.265105101023574,0.015842998138179826,0.039145563009946344
trend336,BCHUSDT,2,development_2024_25,731,-0.5017687790666964,-0.9720151677742929,-0.5531382029701409,0.31042020722848174,0.5410491716066271,0.39800881592947257,0.30854496252791447,135.70508916776592,-0.2991312920328202,-0.2835554643803074,0.02714101783355318
trend336,BCHUSDT,2,reused_2026,267,0.32788100963813993,1.1977615330024012,-0.19453965272974283,0.38122623661176225,0.3539325842696629,0.614856429463171,0.41529841132097906,60.02272588196582,0.0340261910092462,0.29939846251848723,0.012004545176393164
trend336,BCHUSDT,2,year2024,366,-0.03509630355787319,0.07616498672175785,-0.26005430316003186,0.3692829851342582,0.5045632210078931,0.4420632210078932,0.30727721163343985,54.368889381938395,0.08075181085007767,-0.0539310188369696,0.010873777876387679
trend336,BCHUSDT,2,year2025,365,-0.4836466864305501,-2.6750314917019224,-0.5122266281074359,0.23644449051423133,0.5776350837138509,0.3538337138508371,0.309816186712511,81.33619978582752,-0.37988310288289784,-0.22962444554333772,0.016267239957165502
trend336,BCHUSDT,5,all,998,-0.3761380881761529,-0.36303661485594224,-0.630624048249502,0.3312668764977237,0.4909889222890225,0.456023157425963,0.3371051986624823,195.72102872352633,-0.26510486945734923,0.01584453045389761,0.09786051436176316
trend336,BCHUSDT,5,development_2024_25,731,-0.5216456359859856,-1.0366596171702585,-0.5693872389949872,0.3105985627789392,0.5410491716066271,0.39800881592947257,0.30854491420196795,135.70056553437348,-0.299130860969298,-0.2835539211745165,0.06785028276718674
trend336,BCHUSDT,5,reused_2026,267,0.30418359015027296,1.1329315101799806,-0.20163751433041732,0.3813299929035584,0.3539325842696629,0.614856429463171,0.41529833701692415,60.02046318915283,0.03402599151194871,0.29939845162841405,0.030010231594576418
trend336,BCHUSDT,5,year2024,366,-0.050707234339837814,0.03225780960998626,-0.2688177227591222,0.36943038354394875,0.5045632210078931,0.4420632210078932,0.3072771735660672,54.36702401276192,0.08075183565180975,-0.05393075510165768,0.027183512006380958
trend336,BCHUSDT,5,year2025,365,-0.49609395402760204,-2.7753914923167753,-0.5224843969449384,0.23665194303894407,0.5776350837138509,0.3538337138508371,0.30981612809988496,81.3335415216116,-0.3798826966211078,-0.22962316607285882,0.0406667707608058
trend_ensemble,BCHUSDT,2,all,998,-0.10487528129519552,0.035036586987572345,-0.6573816221803135,0.33640192373574157,0.4245214926562378,0.4690039801825874,0.25025910573733384,434.7957708139826,0.26229974538588796,-0.18541172669047987,0.08695915416279652
trend_ensemble,BCHUSDT,2,development_2024_25,731,-0.4444944551499199,-0.8329973782204476,-0.6049860520081958,0.30156458979236417,0.4480148270312095,0.4365690074479404,0.23144657700439078,299.24757897658367,0.0010587065211057345,-0.45748647819652744,0.059849515795316735
trend_ensemble,BCHUSDT,2,reused_2026,267,0.6113695479788279,1.7612698947353977,-0.17049762623793197,0.4154982967929161,0.3602007906783188,0.5578053474823137,0.3017645682983126,135.5481918373989,0.2612410388647821,0.2720747515060476,0.02710963836747978
trend_ensemble,BCHUSDT,2,year2024,366,0.24710907353291134,0.7821513040939765,-0.1410389112122118,0.3530397687838994,0.42987880905838727,0.45025045537340624,0.21808912906860162,127.76798202269289,0.33609129777502067,-0.05196390205597424,0.02555359640453858
trend_ensemble,BCHUSDT,2,year2025,365,-0.5545653891552573,-3.2998981049349605,-0.5602373162681775,0.2363649616119175,0.46620053272450535,0.4228500761035007,0.24484062068794923,171.4795969538908,-0.33503259125391494,-0.40552257614055326,0.03429591939077816
trend_ensemble,BCHUSDT,5,all,998,-0.2143426049323579,-0.10621119137449399,-0.6873439449802305,0.33680180598370224,0.4245214926562378,0.4690039801825874,0.25025899349692404,434.778405425354,0.262300559887413,-0.18540880578377528,0.217389202712677
trend_ensemble,BCHUSDT,5,development_2024_25,731,-0.49219274773134103,-0.9797255993294232,-0.6308883361096281,0.3019817857005442,0.4480148270312095,0.4365690074479404,0.23144648035024984,299.2361445047939,0.0010583568000305799,-0.457484598910498,0.14961807225239698
trend_ensemble,BCHUSDT,5,reused_2026,267,0.5471567047490382,1.6259906162716002,-0.18358044312418587,0.4159321220333768,0.3602007906783188,0.5578053474823137,0.3017644133853842,135.54226092056004,0.2612422030873825,0.2720757931267227,0.06777113046028002
trend_ensemble,BCHUSDT,5,year2024,366,0.20021028645023398,0.6736080432380385,-0.15184549846118267,0.35328299726295254,0.42987880905838727,0.45025045537340624,0.2180890496984926,127.76336526030697,0.33609004970053485,-0.05196366889008538,0.0638816826301535
trend_ensemble,BCHUSDT,5,year2025,365,-0.5769014330225741,-3.5071707157932672,-0.5816874040878373,0.23698743673934416,0.46620053272450535,0.4228500761035007,0.24484050670242277,171.472779244487,-0.3350316929005043,-0.40552093002041256,0.08573638962224349
breakout,BCHUSDT,2,all,998,0.4090260068713836,0.5183644873223839,-0.5701170388502023,0.357184913806984,0.44305160844336755,0.46855922695177427,0.30728805723889274,678.5526216576541,0.3509417510807169,0.25512131092987456,0.13571052433153086
breakout,BCHUSDT,2,development_2024_25,731,-0.172044285749531,-0.14091166361204913,-0.5046489426898664,0.32176301843716043,0.46192746573009996,0.4427067527710649,0.28444752933604445,460.28864511463706,0.1592776948232291,-0.16312324616876112,0.09205772902292741
breakout,BCHUSDT,2,reused_2026,267,0.701813252351239,1.8599709912622855,-0.1650776162337816,0.4388239059908099,0.3913727632126509,0.5393388472742405,0.3698214875646682,218.26397654301712,0.19166405625748803,0.4182445570986357,0.04365279530860343
breakout,BCHUSDT,2,year2024,366,0.43361289434766603,1.1609013475193217,-0.13480880399125372,0.3610860113418983,0.4622103208980958,0.4330901567944251,0.26808630156146285,205.87539115721376,0.380286208620055,0.06808835429069376,0.04117507823144276
breakout,BCHUSDT,2,year2025,365,-0.4224691215356212,-1.8577643840255793,-0.4483682756551911,0.2751362004207611,0.46164383561643835,0.45234969558599697,0.30085358239220017,254.41325395742334,-0.22100851379682598,-0.23121160045945488,0.05088265079148467
breakout,BCHUSDT,5,all,998,0.14949883967118782,0.309976535494748,-0.6176309758827114,0.3577261553731138,0.44305160844336755,0.46855922695177427,0.30728782683071837,678.5181236527876,0.3509438561418504,0.2551232565161269,0.3392590618263938
breakout,BCHUSDT,5,development_2024_25,731,-0.27883448209686224,-0.3538678244112681,-0.5427563980174973,0.3223513947324556,0.46192746573009996,0.4427067527710649,0.2844473340490271,460.2667540599237,0.15927888197513185,-0.16312477673185571,0.23013337702996187
breakout,BCHUSDT,5,reused_2026,267,0.5939459266070743,1.6541316589739041,-0.1823822351259713,0.4393718321483701,0.3913727632126509,0.5393388472742405,0.36982116100081713,218.25136959286394,0.19166497416671846,0.4182480332479827,0.10912568479643196
breakout,BCHUSDT,5,year2024,366,0.3477456108679209,0.9894060267680358,-0.1399563612855601,0.3615275323157677,0.4622103208980958,0.4330901567944251,0.2680861310417839,205.86610987268304,0.3802854815799068,0.06808309993184862,0.10293305493634153
breakout,BCHUSDT,5,year2025,365,-0.46490976332045275,-2.1283062442444187,-0.4863567674492921,0.2758670692108802,0.46164383561643835,0.45234969558599697,0.30085336226998877,254.4006441872407,-0.22100659960477498,-0.2312078766637043,0.12720032209362034
range_only,BCHUSDT,2,all,998,-0.24517341756239963,-0.34618555556267827,-0.42266346389244547,0.2225166394822042,0.4418739118771806,0.4024704461187183,0.19001790612277886,326.06380086208895,0.037347495929528074,-0.19048817662678494,0.06521276017241778
range_only,BCHUSDT,2,development_2024_25,731,0.19078586352626092,0.5613756742180532,-0.2163601589792261,0.18677685126749677,0.4115185022770689,0.41283185849495785,0.17657876231098005,224.14349159405361,0.2436614287149329,0.019635382636860488,0.04482869831881072
range_only,BCHUSDT,2,reused_2026,267,-0.36611056147211984,-1.928339192596734,-0.4226634638924457,0.2981836284343252,0.5249817935913442,0.37410268414481895,0.22681196652137395,101.92030926803533,-0.20631393278540483,-0.21012355926364545,0.020384061853607065
range_only,BCHUSDT,2,year2024,366,-0.15186964753989463,-0.7343294662028499,-0.2163601589792261,0.19678330636140123,0.39259038448112815,0.4108574824038639,0.16707122146471584,93.86772667293599,0.016158182764975586,-0.13940188543182738,0.018773545334587194
range_only,BCHUSDT,2,year2025,365,0.4040127912793583,2.0225146734293507,-0.08295911298039549,0.17547012788902203,0.4304984779299848,0.4148116438356164,0.18611235121435735,130.27576492111763,0.2275032459499573,0.15903726806868784,0.026055152984223527
range_only,BCHUSDT,5,all,998,-0.31551513426288047,-0.5083139826494062,-0.4296788670534126,0.22208635217770523,0.4418739118771806,0.4024704461187183,0.19001784139919004,326.05245349805284,0.03734717873300579,-0.19048836056824298,0.16302622674902645
range_only,BCHUSDT,5,development_2024_25,731,0.11334491231181243,0.3821093983281271,-0.23599718936723957,0.186277043992074,0.4115185022770689,0.41283185849495785,0.1765787070015243,224.13594816508814,0.24366207091246045,0.01963593819016468,0.11206797408254407
range_only,BCHUSDT,5,reused_2026,267,-0.385199628463907,-2.0712986768654535,-0.4296788670534121,0.29780135022462695,0.5249817935913442,0.37410268414481895,0.2268118760235106,101.91650533296476,-0.20631489217945467,-0.21012429875840757,0.05095825266648238
range_only,BCHUSDT,5,year2024,366,-0.17542062037603268,-0.8792028624954439,-0.23599718936723957,0.19637452484440582,0.39259038448112815,0.4108574824038639,0.16707117677788058,93.86474150156754,0.016160261025841186,-0.13940061003589804,0.04693237075078377
range_only,BCHUSDT,5,year2025,365,0.35019737313772503,1.8048434588428088,-0.08650779481880022,0.17490574711824577,0.4304984779299848,0.4148116438356164,0.1861122852531781,130.27120666352062,0.22750180988661928,0.1590365482260627,0.0651356033317603
down_rebound,BCHUSDT,2,all,998,0.3084673722830322,0.4398496076047551,-0.5227209674473721,0.3664086243648348,0.44142451569806274,0.29826319305277216,0.2813314835960339,649.4791052373846,0.5284965111526698,0.004711348510173463,0.1298958210474769
down_rebound,BCHUSDT,2,development_2024_25,731,-0.17898780025133088,-0.13845893934195833,-0.46501651386179044,0.33242305926543336,0.46334929320565443,0.2660738714090287,0.26594929252102784,421.99905141068604,0.24260837357497106,-0.25514418732717736,0.08439981028213722
down_rebound,BCHUSDT,2,reused_2026,267,0.5937246397600251,1.633988091721567,-0.21426362248647968,0.4457925310966497,0.38139825218476897,0.38639200998751555,0.32344527264408407,227.48005382669848,0.28588813757769876,0.2598555358373509,0.0454960107653397
down_rebound,BCHUSDT,2,year2024,366,0.3668102065476597,1.0111773751081796,-0.18452851480246812,0.37121114102044234,0.4547852155434123,0.27139306314511236,0.25482353855939543,199.54359180167154,0.37641123281051714,0.030572380954853845,0.039908718360334314
down_rebound,BCHUSDT,2,year2025,365,-0.39932245470831584,-1.6317283464084276,-0.4179708175781329,0.2871609617109133,0.4719368340943684,0.26074010654490104,0.27710552800036337,222.4554596090145,-0.1338028592355461,-0.2857165682820313,0.044491091921802894
down_rebound,BCHUSDT,5,all,998,0.07681051089244195,0.24550723789754383,-0.5792293859716143,0.36687527091366,0.44142451569806274,0.29826319305277216,0.28133127439504313,649.4322652752048,0.5284966151644775,0.004710066512725208,0.32471613263760235
down_rebound,BCHUSDT,5,development_2024_25,731,-0.2766214998952349,-0.3275008077978704,-0.5113808012546646,0.3329445424844705,0.46334929320565443,0.2660738714090287,0.26594912279324134,421.9711045299392,0.2426065025967728,-0.25514950993508156,0.2109855522649696
down_rebound,BCHUSDT,5,reused_2026,267,0.48858517461673134,1.4233645921437246,-0.23224073944315637,0.44626640317075106,0.38139825218476897,0.38639200998751555,0.3234449553722609,227.4611607452655,0.2858901125677048,0.2598595764478067,0.11373058037263276
down_rebound,BCHUSDT,5,year2024,366,0.28738624847849414,0.8496591570979755,-0.19394952932806708,0.37165375082698304,0.4547852155434123,0.27139306314511236,0.2548233827899884,199.53052822176795,0.3764108264160997,0.03056581192557596,0.09976526411088397
down_rebound,BCHUSDT,5,year2025,365,-0.4381029772846381,-1.8592006117346715,-0.4494667423330706,0.28776997444080765,0.4719368340943684,0.26074010654490104,0.2771053442759553,222.44057630817127,-0.13380432381932683,-0.2857153218606575,0.11122028815408562
selected_trend,BCHUSDT,2,all,998,0.15501479297294374,0.3173416669548222,-0.649383820461619,0.3582183253742186,0.4331985690312099,0.49790553328879983,0.33862696721485797,433.0831037547101,0.4065805891904616,-0.02896947714901965,0.08661662075094202
selected_trend,BCHUSDT,2,development_2024_25,731,-0.22683172919979,-0.23132496662199709,-0.5679825796658049,0.32948520258374275,0.46215546390611456,0.46787600699194404,0.32282683141460866,337.100423356357,0.2761872899254397,-0.35820612233856036,0.0674200846712714
selected_trend,BCHUSDT,2,reused_2026,267,0.4938724681207245,1.485067221486808,-0.2164884492542205,0.4266335218133819,0.35391957969205157,0.5801212026633376,0.38188501691516585,95.98268039835307,0.1303932992650219,0.3292366451895407,0.019196536079670614
selected_trend,BCHUSDT,2,year2024,366,0.657538070556507,1.5701515537052253,-0.1013939657802494,0.35983277065055613,0.4519264714749021,0.4690820431086825,0.3047798678466194,143.62642627853558,0.44293013185301855,0.14862060205781633,0.028725285255707125
selected_trend,BCHUSDT,2,year2025,365,-0.5335441854794779,-2.4579258988079418,-0.5517725937513175,0.2925983372169772,0.47241248097412475,0.4666666666666666,0.34092323871840063,193.4739970778214,-0.16674284192757888,-0.5068267243963767,0.03869479941556428
selected_trend,BCHUSDT,5,all,998,0.01428529249238819,0.1849556797056355,-0.679675427940355,0.3587747458753948,0.4331985690312099,0.49790553328879983,0.33862684294052425,433.0630018504889,0.40658078804506126,-0.028969595927724412,0.21653150092524442
selected_trend,BCHUSDT,5,development_2024_25,731,-0.30120087425489805,-0.38312846772696685,-0.5962181846402805,0.3301253719027066,0.46215546390611456,0.46787600699194404,0.32282670469673425,337.08444358640645,0.27618724483761375,-0.35820670444889924,0.16854222179320325
selected_trend,BCHUSDT,5,reused_2026,267,0.451469034697052,1.3918674055200406,-0.23239615703516647,0.4269905655426618,0.35391957969205157,0.5801212026633376,0.3818848993308256,95.97855826408238,0.13039354320744748,0.32923710852117477,0.04798927913204119
selected_trend,BCHUSDT,5,year2024,366,0.5876330230428164,1.4493367730080167,-0.10227315002940529,0.36024056806136556,0.4519264714749021,0.4690820431086825,0.3047797663840264,143.62027608555664,0.4429299211441115,0.14861922261582552,0.07181013804277833
selected_trend,BCHUSDT,5,year2025,365,-0.5598484564110406,-2.6472798880706785,-0.5759939668304466,0.29345129750735877,0.47241248097412475,0.4666666666666666,0.3409230866760523,193.46416750084984,-0.1667426763064978,-0.5068259270647247,0.09673208375042491
selected_breakout,BCHUSDT,2,all,998,-0.2667603444680269,-0.16383477227728538,-0.7280310537116241,0.3467159946712687,0.46760244016876185,0.46319665802763094,0.33342889660012115,471.55710539474063,-0.037357778609936776,-0.04904911703642781,0.09431142107894813
selected_breakout,BCHUSDT,2,development_2024_25,731,-0.5127115094023305,-0.9953308202617226,-0.6646142603790279,0.31330700086624574,0.4984000406742391,0.43561823717953807,0.3105427392338935,348.4638909253446,-0.20532988761259952,-0.3499324642019904,0.06969277818506892
selected_breakout,BCHUSDT,2,reused_2026,267,0.5047341968463874,1.5146591855590679,-0.22749551857715555,0.42349552344384483,0.38328391593841027,0.5387016229712859,0.3960872525353736,123.09321446939613,0.1679721090026628,0.30088334716556264,0.024618642893879224
selected_breakout,BCHUSDT,2,year2024,366,0.2638461114332873,0.823647987945456,-0.12891929104385347,0.3549310710050607,0.46721466836545805,0.463701391136667,0.3095416685599806,164.73973486038994,0.19037441373982186,0.13004270031900347,0.03294794697207799
selected_breakout,BCHUSDT,2,year2025,365,-0.6144400127598986,-3.505621652166439,-0.6189509947741132,0.26177433735327177,0.5296708523592085,0.40745814307458145,0.31154655256718705,183.72415606495463,-0.39570430135242135,-0.47997516452099387,0.03674483121299092
selected_breakout,BCHUSDT,5,all,998,-0.3634896271118957,-0.3121593865172187,-0.7508242673138761,0.3471461524724127,0.46760244016876185,0.46319665802763094,0.3334287245467381,471.53327303823687,-0.03735421356998289,-0.04904898162653712,0.23576663651911844
selected_breakout,BCHUSDT,5,development_2024_25,731,-0.5610815633300832,-1.159390827366674,-0.6852106042049854,0.3138071636318079,0.4984000406742391,0.43561823717953807,0.31054257844945443,348.44642942765086,-0.2053275100162284,-0.349935434673617,0.1742232147138254
selected_breakout,BCHUSDT,5,reused_2026,267,0.4501791670391475,1.3946465013040308,-0.23939905045736276,0.4237927904863532,0.38328391593841027,0.5387016229712859,0.39608704962956365,123.08684361058604,0.16797329644624562,0.30088645304707984,0.061543421805293014
selected_breakout,BCHUSDT,5,year2024,366,0.2029008305545026,0.6843900177860812,-0.13563051663665138,0.35527828908035547,0.46721466836545805,0.463701391136667,0.30954151385644807,164.731587824896,0.19037435416797288,0.13003805955968903,0.08236579391244801
selected_breakout,BCHUSDT,5,year2025,365,-0.6351166899871645,-3.7050837685368245,-0.6392272353313003,0.26246698107848,0.5296708523592085,0.40745814307458145,0.3115463856851813,183.7148416027548,-0.3957018641842013,-0.479973494233306,0.0918574208013774
regime_gate,BCHUSDT,2,all,998,0.01334295341802716,0.16291357835151027,-0.5719522676319037,0.32003286428021394,0.42326898764621773,0.3710511300378535,0.20697191304956866,473.39071557770467,0.20671727653107924,-0.010672709629985955,0.09467814311554094
regime_gate,BCHUSDT,2,development_2024_25,731,-0.3288560278574566,-0.564412262574187,-0.502526002656728,0.2856557752553948,0.4449463515790132,0.3317040963672291,0.19273700235689045,315.69115278429337,-0.027162903144322903,-0.24491721338620237,0.06313823055685869
regime_gate,BCHUSDT,2,reused_2026,267,0.5098741782378755,1.597403750274621,-0.16910933850366117,0.39833084766863397,0.363920099875156,0.4787765293383271,0.24594464606959787,157.6995627934113,0.23388017967540226,0.23424450375621644,0.03153991255868227
regime_gate,BCHUSDT,2,year2024,366,0.2185965783195558,0.734973048333004,-0.15618135527345878,0.3384534921356319,0.42567609199706363,0.32838114754098363,0.18429862695579355,144.45049386442528,0.2211742505002444,0.03952283057952739,0.028890098772885058
regime_gate,BCHUSDT,2,year2025,365,-0.44924843538617887,-2.6163118199540722,-0.44945083061043223,0.21875552951406227,0.4642694063926941,0.3350361491628615,0.20119849659470262,171.2406589198681,-0.24833715364456732,-0.28444004396572975,0.03424813178397362
regime_gate,BCHUSDT,5,all,998,-0.1208212823357745,0.0009786752848520975,-0.6108892060453366,0.32036461196986754,0.42326898764621773,0.3710511300378535,0.20697179450918152,473.36775936058507,0.20671805697507453,-0.01066929289780763,0.23668387968029253
regime_gate,BCHUSDT,5,development_2024_25,731,-0.389502921941256,-0.728486533575464,-0.535890877370542,0.2860375868928149,0.4449463515790132,0.3317040963672291,0.19273690209226196,315.677216383795,-0.02716283440537204,-0.24491491296220252,0.15783860819189752
regime_gate,BCHUSDT,5,reused_2026,267,0.44010307217167255,1.4340104984002167,-0.18478188737400525,0.3986480548909756,0.363920099875156,0.4787765293383271,0.2459444774933321,157.69054297679003,0.23388089138044654,0.23424562006439498,0.07884527148839503
regime_gate,BCHUSDT,5,year2024,366,0.16691489656269787,0.6069992462630623,-0.16473960178222802,0.3387473171803929,0.42567609199706363,0.32838114754098363,0.18429853770235113,144.44419259042542,0.2211738322422242,0.039522749692043044,0.07222209629521273
regime_gate,BCHUSDT,5,year2025,365,-0.4768281047255085,-2.843696801483273,-0.4770083676736805,0.21925778304691346,0.4642694063926941,0.3350361491628615,0.2011983852887205,171.2330237933696,-0.24833666664759624,-0.2844376626542455,0.08561651189668479
gate_no_range,BCHUSDT,2,all,998,0.04617624432135026,0.19992795592832396,-0.579549669792293,0.32143429532867096,0.4107752501712678,0.3791123914495658,0.21156812839615174,450.0028234896357,0.2289002898021447,-0.0034793594714431775,0.09000056469792714
gate_no_range,BCHUSDT,2,development_2024_25,731,-0.3299381873484297,-0.5642231745565051,-0.5158242024104605,0.2866405216257995,0.4256710057817795,0.342719258245934,0.1965427154818005,300.4573394445059,-0.021683586296120855,-0.25356116397022704,0.06009146788890119
gate_no_range,BCHUSDT,2,reused_2026,267,0.561313037944096,1.7057032832518935,-0.17074323550294013,0.4004174738515527,0.36999323761964203,0.47875052018310443,0.2527051203077278,149.54548404512974,0.2505838760982656,0.25008180449878376,0.02990909680902595
gate_no_range,BCHUSDT,2,year2024,366,0.24467729292754692,0.7981570648626626,-0.14020428723062983,0.3379285998744841,0.4171568145228682,0.3431997571341834,0.18824543773053143,137.94680560958878,0.24063032941735849,0.04048658499581492,0.027589361121917753
gate_no_range,BCHUSDT,2,year2025,365,-0.4616582013193562,-2.6784807934092174,-0.46209625354687023,0.22190213346003138,0.4342085235920852,0.3422374429223744,0.20486272550088125,162.51053383491717,-0.2623139157134794,-0.29404774896604197,0.03250210676698344
gate_no_range,BCHUSDT,5,all,998,-0.08594371181617944,0.04665241375653366,-0.6160622306015195,0.32179262169080053,0.4107752501712678,0.3791123914495658,0.21156801485823293,449.9821861625656,0.2289010213678661,-0.0034758492328064855,0.22499109308128282
gate_no_range,BCHUSDT,5,development_2024_25,731,-0.3876952127979223,-0.7196493502718732,-0.546839666354719,0.28706228407356266,0.4256710057817795,0.342719258245934,0.19654261959712732,300.44459979680016,-0.02168370166320177,-0.2535589131358669,0.15022229989840008
gate_no_range,BCHUSDT,5,reused_2026,267,0.4928125784555628,1.5514094619023493,-0.18566229870013418,0.4007360404274941,0.36999323761964203,0.47875052018310443,0.2527049584382636,149.53758636576546,0.2505847230310678,0.2500830639030605,0.07476879318288274
gate_no_range,BCHUSDT,5,year2024,366,0.1942173928858566,0.6756464317839281,-0.14623605716797394,0.3382521154103489,0.4171568145228682,0.3431997571341834,0.18824535154346567,137.94097928702888,0.24062987944418196,0.04048646704949166,0.06897048964351443
gate_no_range,BCHUSDT,5,year2025,365,-0.4872752726181385,-2.8899416443032107,-0.48749327465144976,0.22246100588077503,0.4342085235920852,0.3422374429223744,0.20486261989203183,162.50362050977128,-0.2623135811073838,-0.2940453801853586,0.08125181025488565
adaptive14,BCHUSDT,2,all,998,0.14174400560567224,0.29980361271686856,-0.5139430458339336,0.3091892013719559,0.4134200092985041,0.36163298819861944,0.1959555502246318,422.7282075689668,0.24366459117340522,0.05434433312869408,0.08454564151379337
adaptive14,BCHUSDT,2,development_2024_25,731,-0.2612279483407679,-0.4166683769189972,-0.4511768905805742,0.2771069147639928,0.4332669894389974,0.32799437604499165,0.1825635123619695,282.9365862632938,-0.01650723869101184,-0.17189946579845766,0.05658731725265877
adaptive14,BCHUSDT,2,reused_2026,267,0.5454618282342851,1.7319673270793434,-0.1564113336396129,0.382568438842303,0.35908239700374533,0.4537297128589264,0.23262064265012278,139.791621305673,0.2601718298644171,0.22624379892715185,0.027958324261134603
adaptive14,BCHUSDT,2,year2024,366,0.20313689432764193,0.709021578832174,-0.13437934153752729,0.32931309295865835,0.41767069627175585,0.34985010625379487,0.17898269565129277,131.86613164832684,0.20376865140230563,0.03869964599762257,0.02637322632966537
adaptive14,BCHUSDT,2,year2025,365,-0.38596176782353175,-2.2040443776815404,-0.39709207767194155,0.2111434338140746,0.4489060121765602,0.3060787671232877,0.18615413952938784,151.07045461496696,-0.22027589009331744,-0.2105991117960803,0.0302140909229934
adaptive14,BCHUSDT,5,all,998,0.005751168179516597,0.1499520765425501,-0.5534859226495569,0.30948333100633757,0.4134200092985041,0.36163298819861944,0.19595545037323597,422.70926920585055,0.24366499657184015,0.054347933499584056,0.21135463460292525
adaptive14,BCHUSDT,5,development_2024_25,731,-0.32134962623104724,-0.5685086104536308,-0.48391113622003945,0.27744173369024105,0.4332669894389974,0.32799437604499165,0.1825634280323129,282.92487283340313,-0.016507554344109554,-0.17189659995232764,0.14146243641670156
adaptive14,BCHUSDT,5,reused_2026,267,0.4819872014421467,1.581006842903907,-0.17080088391216608,0.38285476149976894,0.35908239700374533,0.4537297128589264,0.23262050030287923,139.78439637244742,0.2601725509159497,0.22624453345191162,0.0698921981862237
adaptive14,BCHUSDT,5,year2024,366,0.15646887206064442,0.5889676144494557,-0.14194706041193839,0.32957478268386026,0.41767069627175585,0.34985010625379487,0.1789826184559241,131.8606972885044,0.20376788678143548,0.03870013903227698,0.0659303486442522
adaptive14,BCHUSDT,5,year2025,365,-0.41317021999934667,-2.4128337149341132,-0.4195124586741471,0.2115889031489639,0.4489060121765602,0.3060787671232877,0.18615404804589727,151.06417554489872,-0.22027544112554504,-0.2105967389846046,0.07553208777244935
adaptive42,BCHUSDT,2,all,998,0.17672315292997043,0.3353914503713922,-0.5219771131554773,0.31031658767147285,0.415083057617364,0.3697429581384992,0.19596537980049816,423.7287637153282,0.27799174398001103,0.0514199163849034,0.08474575274306564
adaptive42,BCHUSDT,2,development_2024_25,731,-0.24626974674247115,-0.3793367959559298,-0.4601920384438256,0.2776385491573365,0.44000243555542845,0.3379455464356285,0.1835502939153493,283.2464402797335,0.021961780297705652,-0.18998541089391674,0.0566492880559467
adaptive42,BCHUSDT,2,reused_2026,267,0.5611993121469085,1.75982765841701,-0.16336621877065338,0.3849057781912718,0.3468580940491053,0.4567987931751977,0.22995574602538152,140.4823234355947,0.25602996368230535,0.24140532727882008,0.028096464687118947
adaptive42,BCHUSDT,2,year2024,366,0.2507601811513813,0.8249656172917654,-0.12977975644390483,0.3304337522976535,0.4165512366481979,0.35617789921068604,0.1815086661422858,132.4881133909571,0.22477411669620473,0.0573127075151884,0.02649762267819142
adaptive42,BCHUSDT,2,year2025,365,-0.3973822763020106,-2.300429036116509,-0.40776728890922853,0.21051242865792033,0.4635178843226788,0.31966324200913243,0.18559751518916087,150.75832688877637,-0.2028123363984991,-0.24729811840910515,0.030151665377755276
adaptive42,BCHUSDT,5,all,998,0.03625274771196785,0.18568291086945574,-0.5610600115730172,0.31057975470328947,0.415083057617364,0.3697429581384992,0.1959652792351136,423.7092657839272,0.2779922980577395,0.0514233655329808,0.2118546328919636
adaptive42,BCHUSDT,5,development_2024_25,731,-0.30767311274279086,-0.5311454960472773,-0.49272624880020355,0.2779583616487336,0.44000243555542845,0.3379455464356285,0.18355020960010207,283.23459233526944,0.02196146184319578,-0.18998346180891496,0.14161729616763474
adaptive42,BCHUSDT,5,reused_2026,267,0.4967680250254165,1.6092259546352798,-0.17734273323776828,0.38512984771356357,0.3468580940491053,0.4567987931751977,0.22995560096992035,140.47467344865774,0.2560308362145436,0.2414068273418957,0.07023733672432887
adaptive42,BCHUSDT,5,year2024,366,0.20202060118136744,0.7046426780785271,-0.14277285918881177,0.33070419160359105,0.4165512366481979,0.35617789921068604,0.18150858886609206,132.4826568609857,0.22477343666429395,0.05731263291740938,0.06624132843049285
adaptive42,BCHUSDT,5,year2025,365,-0.4240307640511507,-2.5098654424511424,-0.42965184680506574,0.2109052775466172,0.4635178843226788,0.31966324200913243,0.18559742381557512,150.75193547428375,-0.2028119748210981,-0.24729609472632427,0.07537596773714189
adaptive126,BCHUSDT,2,all,998,0.1552772274403431,0.3141457840750667,-0.4976256985514331,0.3069054119849006,0.4224896511955386,0.37385534958806504,0.195857490079663,430.2562898371734,0.30920188434875695,0.0021104701766450074,0.0860512579674347
adaptive126,BCHUSDT,2,development_2024_25,731,-0.2637269362017267,-0.4293069150640988,-0.44481511748713665,0.2744531636962877,0.44753508086917887,0.34344125246998025,0.18407649493653389,285.5780689635875,0.04321511613575724,-0.23470609886996505,0.0571156137927175
adaptive126,BCHUSDT,2,reused_2026,267,0.5690879977063386,1.7933552437567906,-0.1564572784623397,0.3808274506650328,0.35391957969205157,0.4571239076154806,0.2281118250969939,144.67822087358599,0.2659867682129998,0.23681656904661016,0.0289356441747172
adaptive126,BCHUSDT,2,year2024,366,0.20667960888038062,0.7247913935957743,-0.13318567222157252,0.32404882891305375,0.42100851458358446,0.3522123557984214,0.17846843347627914,129.5797617153872,0.2245152326659808,0.020100508154663355,0.02591595234307744
adaptive126,BCHUSDT,2,year2025,365,-0.38983549702855613,-2.2206076011561615,-0.40222730841588794,0.21232178291844092,0.4741343226788432,0.3346461187214612,0.18969992094873456,155.9983072482003,-0.18130011653022354,-0.25480660702462843,0.031199661449640058
adaptive126,BCHUSDT,5,all,998,0.015376366522795948,0.1604548713381599,-0.5395922215739186,0.3071578734859262,0.4224896511955386,0.37385534958806504,0.19585738613401074,430.23570630513484,0.30920268040620036,0.002113254923117369,0.21511785315256743
adaptive126,BCHUSDT,5,development_2024_25,731,-0.3241810712750435,-0.5841212357877822,-0.47928931837761013,0.27476189936602535,0.44753508086917887,0.34344125246998025,0.18407640868215489,285.5659355953237,0.043214863029534284,-0.23470467793480113,0.14278296779766186
adaptive126,BCHUSDT,5,reused_2026,267,0.5024384836904017,1.6365982013627012,-0.17044720967860771,0.38104917045077424,0.35391957969205157,0.4571239076154806,0.22811167271568356,144.66977070981113,0.26598781737666605,0.2368179328579186,0.07233488535490558
adaptive126,BCHUSDT,5,year2024,366,0.1606700521927189,0.6048786114697745,-0.14058594977598937,0.32431321318581274,0.42100851458358446,0.3522123557984214,0.17846835749343684,129.57452188998306,0.22451467780009082,0.020100274278931157,0.06478726094499154
adaptive126,BCHUSDT,5,year2025,365,-0.417733810355311,-2.436212274529607,-0.4249956965602083,0.2126808959147343,0.4741343226788432,0.3346461187214612,0.18969982439467764,155.99141370534065,-0.18129981477055654,-0.2548049522137323,0.07799570685267032
filtered_moe,BCHUSDT,2,all,998,-0.09586755460305507,-0.08774806712655742,-0.4157187902376459,0.20005015975797694,0.34542000668002676,0.36383183032732125,0.15173707705958425,226.51064491225497,-0.060628125510781505,0.053122574399453254,0.04530212898245099
filtered_moe,BCHUSDT,2,development_2024_25,731,-0.30502739026466075,-1.0664667610216634,-0.35607357876806844,0.1586065572012496,0.3580568855449157,0.3151884784921721,0.13900555903615586,150.57600478560073,-0.21318755516809634,-0.08684360831965987,0.030115200957120145
filtered_moe,BCHUSDT,2,reused_2026,267,0.30096126484935737,1.4025572868054306,-0.12353645290806492,0.2834008307780272,0.3108224094881399,0.4970089471493966,0.18659377996267842,75.93464012665424,0.15255942965731484,0.13996618271911315,0.01518692802533085
filtered_moe,BCHUSDT,2,year2024,366,0.04518873870811335,0.3664959256352715,-0.09494982707453026,0.1511181848051954,0.2782236642380085,0.2893803126897389,0.11909909983860753,58.630949710254995,-0.0097597498070962,0.08214934578505662,0.011726189942051
filtered_moe,BCHUSDT,2,year2025,365,-0.3350745334336971,-2.3875851875964362,-0.33708619397296635,0.16514451595329196,0.4381088280060883,0.34106735159817353,0.15896655647808106,91.94505507534572,-0.20342780536100016,-0.16899295410471651,0.018389011015069144
filtered_moe,BCHUSDT,5,all,998,-0.15526642861717865,-0.21160475309604596,-0.43931760281332544,0.20022104244286218,0.34542000668002676,0.36383183032732125,0.15173702982437917,226.50349863221766,-0.06062906536276671,0.053124503867115605,0.11325174931610882
filtered_moe,BCHUSDT,5,development_2024_25,731,-0.3357233335106503,-1.2067917640397465,-0.3744024883210181,0.15881593252676465,0.3580568855449157,0.3151884784921721,0.13900551883931023,150.5714402879465,-0.21318856623163515,-0.08684173933343459,0.07528572014397325
filtered_moe,BCHUSDT,5,reused_2026,267,0.27165925584466644,1.2919850085723346,-0.13135664309900696,0.28356572955467263,0.3108224094881399,0.4970089471493966,0.18659371345765785,75.93205834427116,0.15255950086886838,0.1399662432005502,0.037966029172135575
filtered_moe,BCHUSDT,5,year2024,366,0.026964993608068255,0.25030659879184125,-0.09840404463161923,0.15128318390696383,0.2782236642380085,0.2893803126897389,0.11909906662932418,58.629154866845404,-0.009760310950635058,0.082150111164314,0.029314577433422702
filtered_moe,BCHUSDT,5,year2025,365,-0.3531652289767693,-2.5508899808986545,-0.3548831520438753,0.16535857546507235,0.4381088280060883,0.34106735159817353,0.15896650927452916,91.94228542110109,-0.20342825528100006,-0.16899185049774856,0.04597114271055055
kalman,BCHUSDT,2,all,998,0.004299478296880377,0.1831122807611848,-0.5630407383038433,0.37604868679602094,0.4562545168734682,0.4861435875040829,0.3528684330002379,1020.3194122076071,0.46080252925446874,-0.09303499955546707,0.20406388244152143
kalman,BCHUSDT,2,development_2024_25,731,-0.36881772726238315,-0.5121221704968093,-0.5120547877558834,0.3396339397365503,0.47516560982494715,0.4651131179452307,0.33318936790032777,703.6711091023707,0.20919001439685386,-0.41120706350116426,0.14073422182047415
kalman,BCHUSDT,2,reused_2026,267,0.5911401851337617,1.5939700710241222,-0.1664497694635656,0.4602251363579495,0.40447920246323915,0.5437213899292551,0.40674632284306284,316.64830310523644,0.2516125148576147,0.31817206394569697,0.06332966062104729
kalman,BCHUSDT,2,year2024,366,0.06430392915987282,0.3428189258358232,-0.19315100064291324,0.36305891199101054,0.47131778902195737,0.455367092580957,0.30580882198518927,315.8866242313491,0.25502113584464153,-0.07018858124490338,0.06317732484626983
kalman,BCHUSDT,2,year2025,365,-0.40695298077509523,-1.5062709733188129,-0.4612312375342713,0.31411953286431904,0.4790239726027397,0.4748858447488585,0.36064492900975437,387.7844848710216,-0.0458311214477877,-0.34101848225626086,0.07755689697420431
kalman,BCHUSDT,5,all,998,-0.26052867076904196,-0.11265798307871988,-0.635298999883172,0.37748283908262753,0.4562545168734682,0.4861435875040829,0.3528680753832809,1020.2485825355745,0.4608065728090042,-0.09302821763426034,0.5101242912677872
kalman,BCHUSDT,5,development_2024_25,731,-0.48894156957407464,-0.8175359467885029,-0.5701982583699899,0.341003841687884,0.47516560982494715,0.4651131179452307,0.33318905017019834,703.6244548659415,0.2091917358400821,-0.4112055449922847,0.35181222743297075
kalman,BCHUSDT,5,reused_2026,267,0.44694086861001425,1.308189937498886,-0.19897150366156235,0.4619382596589979,0.40447920246323915,0.5437213899292551,0.4067458560228438,316.624127669633,0.25161483696892206,0.3181773273580243,0.15831206383481652
kalman,BCHUSDT,5,year2024,366,-0.0319281285594214,0.08343857336613891,-0.22003220614489993,0.36425143925560066,0.47131778902195737,0.455367092580957,0.3058085548925426,315.8669511340835,0.2550201454462164,-0.07019433078579436,0.15793347556704174
kalman,BCHUSDT,5,year2025,365,-0.47208627220474464,-1.8653722277704645,-0.5167910096124102,0.3156503913987795,0.4790239726027397,0.4748858447488585,0.3606445605034093,387.75750373185804,-0.04582840960613425,-0.34101121420649044,0.193878751865929
trend_ensemble_long,BCHUSDT,2,all,998,0.17128813450140146,0.3311560803793135,-0.43033025085794563,0.2836149177655284,0.4064888996925326,0.0,0.11835717176637506,198.30496955777642,0.24724026228544668,0.0,0.03966099391155529
trend_ensemble_long,BCHUSDT,2,development_2024_25,731,-0.07202533839541492,-0.029131071633995458,-0.34569238448815875,0.2571027270064267,0.42728599286188285,0.0,0.121751773754783,147.07476305174936,-0.009283269160075491,0.0,0.02941495261034987
trend_ensemble_long,BCHUSDT,2,reused_2026,267,0.2621984014909373,1.0735450811177585,-0.1606426942087088,0.34611050858682113,0.34955004161464837,0.0,0.1090633363599099,51.23020650602706,0.2565235314455221,0.0,0.010246041301205412
trend_ensemble_long,BCHUSDT,2,year2024,366,0.35153923431004497,1.0741643875572464,-0.102515926907503,0.32219570390826907,0.39663655040629253,0.0,0.11143392129791135,58.15910947848848,0.33523125282405014,0.0,0.011631821895697695
trend_ensemble_long,BCHUSDT,2,year2025,365,-0.31339421154258096,-2.1720776153331904,-0.32364717188865266,0.16667876825473668,0.458019406392694,0.0,0.13209789430057758,88.91565357326087,-0.34451452198412563,0.0,0.017783130714652175
trend_ensemble_long,BCHUSDT,5,all,998,0.10363714310538441,0.2544588697178272,-0.45434605483724566,0.2837524848621388,0.4064888996925326,0.0,0.11835712423177307,198.29792905669066,0.24724204583722204,0.0,0.09914896452834535
trend_ensemble_long,BCHUSDT,5,development_2024_25,731,-0.11208059550330984,-0.11454470256335542,-0.3663855725285339,0.2572750707119969,0.42728599286188285,0.0,0.12175172755914986,147.06966257174145,-0.009282458392375403,0.0,0.07353483128587071
trend_ensemble_long,BCHUSDT,5,reused_2026,267,0.24294743139550068,1.0126712933317703,-0.1692918897076583,0.3461794948197459,0.34955004161464837,0.0,0.10906328515944187,51.22826648494924,0.2565245042295974,0.0,0.02561413324247462
trend_ensemble_long,BCHUSDT,5,year2024,366,0.32816193007455374,1.020050541154462,-0.10673657915454937,0.3222356250061928,0.39663655040629253,0.0,0.11143388584206097,58.15716442487321,0.33523127360811855,0.0,0.0290785822124366
trend_ensemble_long,BCHUSDT,5,year2025,365,-0.3314675082978412,-2.3259301525272154,-0.3406066789462232,0.1670802079715635,0.458019406392694,0.0,0.13209783733573757,88.91249814686824,-0.34451373200049396,0.0,0.04445624907343412
regime_gate_long,BCHUSDT,2,all,998,0.16095388337226746,0.32358449907110226,-0.404441273713084,0.2695161673025671,0.4096132038564159,0.0,0.10518436518751076,192.5021852908696,0.23179613789620251,0.0,0.038500437058173916
regime_gate_long,BCHUSDT,2,development_2024_25,731,-0.06765341281408854,-0.03482276075906645,-0.3149972137457624,0.24234727068134648,0.42624575118381636,0.0,0.11006333696142676,138.80574796337197,-0.009945394181952977,0.0,0.027761149592674395
regime_gate_long,BCHUSDT,2,reused_2026,267,0.24519561644598098,1.0486329571543163,-0.1496587361812246,0.3328960036349575,0.36407615480649186,0.0,0.09182658104244483,53.69643732749762,0.24174153207815557,0.0,0.010739287465499524
regime_gate_long,BCHUSDT,2,year2024,366,0.19223579277456349,0.70057397230563,-0.1398284469465072,0.311641920849158,0.41150259472930406,0.0,0.10470085544917397,63.86509007228099,0.20972186388961206,0.0,0.0127730180144562
regime_gate_long,BCHUSDT,2,year2025,365,-0.217984736881486,-1.6627445282116555,-0.22856283762994622,0.14183050798322874,0.44102929984779304,0.0,0.11544051020385011,74.94065789109096,-0.21966725807156504,0.0,0.01498813157821819
regime_gate_long,BCHUSDT,5,all,998,0.0958058208502437,0.24523007955457274,-0.4323181880667816,0.2695481184253645,0.4096132038564159,0.0,0.10518432173514049,192.49553303087734,0.23179804381062752,0.0,0.09624776651543868
regime_gate_long,BCHUSDT,5,development_2024_25,731,-0.10568149587509967,-0.12046277705061748,-0.33976172795097637,0.24243643825998698,0.42624575118381636,0.0,0.1100632947342254,138.8011719332174,-0.009944149275742276,0.0,0.0694005859666087
regime_gate_long,BCHUSDT,5,reused_2026,267,0.22529704551120933,0.982617531185128,-0.15895785590239864,0.3328175582614957,0.36407615480649186,0.0,0.0918265342357732,53.694361097659964,0.24174219308636966,0.0,0.026847180548829983
regime_gate_long,BCHUSDT,5,year2024,366,0.1696100661840927,0.6392080093268879,-0.1448346548897237,0.311681662897086,0.41150259472930406,0.0,0.10470081790505655,63.863050259964446,0.20972248047549208,0.0,0.03193152512998222
regime_gate_long,BCHUSDT,5,year2025,365,-0.23537037686187579,-1.8183324001010008,-0.24398396898771835,0.14203365403248186,0.44102929984779304,0.0,0.11544046328073444,74.93812167325295,-0.21966662975123435,0.0,0.037469060836626475
expanding_tree,BCHUSDT,2,all,998,0.4737868075166931,0.6427633413437274,-0.2919846379591947,0.2787582601018475,0.722870489333293,0.14327613560454242,0.22181118346511766,340.90358185583136,0.5909937763390212,-0.042386700571598816,0.06818071637116628
expanding_tree,BCHUSDT,2,development_2024_25,731,0.5310789840856476,1.0223816677917414,-0.21494805434542696,0.2351182886243585,0.7501282489740082,0.11986529107767137,0.2155192182984193,238.21165392725092,0.545413465621147,-0.0030754214489589725,0.04764233078545019
expanding_tree,BCHUSDT,2,reused_2026,267,-0.03741947813565649,0.031082921227084035,-0.2844635208038536,0.37341223486289854,0.648243439530436,0.20737099459009573,0.2390375000825577,102.6919279285805,0.04558031071787415,-0.03931127912263984,0.0205383855857161
expanding_tree,BCHUSDT,2,year2024,366,0.17006079369850458,0.7607349080602026,-0.21494805434542696,0.24519036576189474,0.703656268973892,0.151183970856102,0.21450767301787563,129.61055173211423,0.2290602538945282,-0.010669618484672117,0.025922110346422847
expanding_tree,BCHUSDT,2,year2025,365,0.3085465236776148,1.3091428409172159,-0.1302844739206005,0.22486769706805737,0.7967275494672756,0.08846080669710807,0.21653353493589603,108.60110219513669,0.3163532117266188,0.007594197035713146,0.02172022043902734
expanding_tree,BCHUSDT,5,all,998,0.33050867428193564,0.5085697403342084,-0.3142033478932338,0.2787386006034688,0.722870489333293,0.14327613560454242,0.22181109624809406,340.8899552682765,0.5909923213619763,-0.04238550791212668,0.17044497763413824
expanding_tree,BCHUSDT,5,development_2024_25,731,0.42547812287660913,0.8707694409183403,-0.22778692969329672,0.235037892037111,0.7501282489740082,0.11986529107767137,0.21551913804279715,238.20215670912987,0.5454125297716179,-0.0030748385834488464,0.11910107835456495
expanding_tree,BCHUSDT,5,reused_2026,267,-0.06662287345597828,-0.08157477803870714,-0.3012516669637809,0.37348816704438864,0.648243439530436,0.20737099459009573,0.23903739380641628,102.68779855914661,0.04557979159035834,-0.03931066932867783,0.051343899279573314
expanding_tree,BCHUSDT,5,year2024,366,0.12543708659472474,0.6026692541776095,-0.22778692969329672,0.24510505532262358,0.703656268973892,0.151183970856102,0.21450758701195283,129.6053052176719,0.22905829434170838,-0.010669373007886118,0.06480265260883597
expanding_tree,BCHUSDT,5,year2025,365,0.2665995637212639,1.164502324481152,-0.13136608275701012,0.22478818564510608,0.7967275494672756,0.08846080669710807,0.21653346044632873,108.59685149145794,0.3163542354299096,0.007594534424437275,0.05429842574572896
rolling_tree,BCHUSDT,2,all,998,-0.18083377708273207,-0.030589931969631324,-0.47575096442388565,0.3457168459234552,0.6479625918503675,0.2805785181474059,0.31676789894320934,417.2595468140839,0.34098342337908094,-0.31775422013331955,0.08345190936281678
rolling_tree,BCHUSDT,2,development_2024_25,731,0.44318914840783163,0.7730846747260406,-0.31056896798803435,0.2912751015228286,0.7610531615747074,0.15734724122207025,0.28718267885430127,286.21686109397683,0.5046659294618094,0.013069599338288357,0.05724337221879537
rolling_tree,BCHUSDT,2,reused_2026,267,-0.43239164192649626,-1.4195456391754093,-0.4618133182547315,0.46214374733328406,0.33834009571369117,0.6179645235122763,0.39776713446752326,131.042685720107,-0.16368250608272844,-0.3308238194716079,0.026208537144021403
rolling_tree,BCHUSDT,2,year2024,366,0.26694136913677546,0.900566011668224,-0.31056896798803435,0.3166008800021802,0.799303658166363,0.12974347298117792,0.30575224220407915,114.3549650860893,0.3421372349843212,-0.03231259044343231,0.02287099301721786
rolling_tree,BCHUSDT,2,year2025,365,0.1391128141874005,0.6256431925774699,-0.1977367542925732,0.2638507476954587,0.7226978691019788,0.18502663622526638,0.26856223998849665,171.8618960078876,0.16252869447748822,0.04538218978172066,0.03437237920157752
rolling_tree,BCHUSDT,5,all,998,-0.2772199165915573,-0.16296921396336492,-0.5012294004629498,0.34570767071369235,0.6479625918503675,0.2805785181474059,0.3167677819682279,417.2403748465192,0.34098048638044365,-0.31775654270198384,0.20862018742325958
rolling_tree,BCHUSDT,5,development_2024_25,731,0.32443734188539963,0.6257904122841257,-0.31764343259198025,0.2913174440490387,0.7610531615747074,0.15734724122207025,0.2871825768585076,286.20411312294686,0.504664481221172,0.013070078967611094,0.1431020565614734
rolling_tree,BCHUSDT,5,reused_2026,267,-0.45427385611196114,-1.5361460235010114,-0.479845336878586,0.4620030459940965,0.33834009571369117,0.6179645235122763,0.39776697648210607,131.03626172357232,-0.16368399484072854,-0.33082662166959487,0.06551813086178616
rolling_tree,BCHUSDT,5,year2024,366,0.2242130499748345,0.7925623572405186,-0.31764343259198025,0.31653422753975147,0.799303658166363,0.12974347298117792,0.30575215558477814,114.35047956074841,0.3421356628466358,-0.03231254879832082,0.057175239780374205
rolling_tree,BCHUSDT,5,year2025,365,0.08186834139092825,0.43007856908967995,-0.2022743805149917,0.26401304310741874,0.7226978691019788,0.18502663622526638,0.2685621225740831,171.8536335621984,0.16252881837453614,0.04538262776593191,0.0859268167810992
action_tcn,BCHUSDT,2,all,998,-0.3546801314793373,-0.24710915214338675,-0.5249100163633555,0.36872864349614326,0.6214964651525272,0.3279058116232465,0.37230443954598175,658.9770987758188,0.14802830036267517,-0.2971334450971866,0.1317954197551638
action_tcn,BCHUSDT,2,development_2024_25,731,0.034410528429348775,0.2153853003827616,-0.27641833127547677,0.34029089414312597,0.6382856437148503,0.3050568095455236,0.347664368295212,513.6009691640505,0.36976411581475466,-0.1170952714018961,0.10272019383281009
action_tcn,BCHUSDT,2,reused_2026,267,-0.3761472347922479,-1.2382921720663929,-0.4068789218741006,0.4370875935860088,0.5755305867665419,0.3904624427798585,0.4397647095246809,145.37612961176836,-0.22173581545207932,-0.18003817369529046,0.02907522592235367
action_tcn,BCHUSDT,2,year2024,366,0.19197772048259143,0.681821947188306,-0.23738756686669216,0.33448910156615685,0.6882969034608379,0.23269581056466304,0.28249038616572886,156.37121359190706,0.2492655309864594,0.003628568245926521,0.03127424271838141
action_tcn,BCHUSDT,2,year2025,365,-0.1321897123961745,-0.23651038842802574,-0.2720234629090449,0.34627959080484644,0.5881373668188736,0.3776160578386606,0.4130169092798444,357.2297555721434,0.12049858482829531,-0.12072383964782263,0.07144595111442868
action_tcn,BCHUSDT,5,all,998,-0.47044089969357006,-0.44268711326230115,-0.6051651370174294,0.3689059841555249,0.6214964651525272,0.3279058116232465,0.3723042274107993,658.9373007229945,0.14802845347504368,-0.29713546025120285,0.32946865036149725
action_tcn,BCHUSDT,5,development_2024_25,731,-0.11330576703201456,-0.010470460840792834,-0.3670735590569768,0.3405006668091848,0.6382856437148503,0.3050568095455236,0.34766415176520277,513.5686701431291,0.3697639463248799,-0.11709441731914502,0.25678433507156456
action_tcn,BCHUSDT,5,reused_2026,267,-0.4027714621151146,-1.3737338755306299,-0.4180974887130351,0.4372487822545915,0.5755305867665419,0.3904624427798585,0.43976450942177703,145.3686305798653,-0.22173549284983626,-0.18004104293205786,0.07268431528993266
action_tcn,BCHUSDT,5,year2024,366,0.13735026087640168,0.5419335107044151,-0.2613033003681928,0.33442781974907115,0.6882969034608379,0.23269581056466304,0.2824902877587615,156.36479515715016,0.24926524740400596,0.0036292024886536694,0.07818239757857506
action_tcn,BCHUSDT,5,year2025,365,-0.22038595895275903,-0.5448230044768129,-0.2937540198151809,0.3466710249610773,0.5881373668188736,0.3776160578386606,0.41301657430316846,357.20387498597904,0.12049869892087396,-0.12072361980779868,0.17860193749298947
vol_long,BCHUSDT,2,all,998,0.15127906190292784,0.34523623525683844,-0.5976187989015578,0.5009105899492701,1.0,0.0,0.6148210759348266,8.431061514317118,0.4610839355058132,0.0,0.0016862123028634237
vol_long,BCHUSDT,2,development_2024_25,731,0.7119129095730172,0.7905964346785951,-0.39260326316215155,0.4836084104636112,1.0,0.0,0.5837374988333344,5.834769412681579,0.7836134737341309,0.0,0.0011669538825363158
vol_long,BCHUSDT,2,reused_2026,267,-0.32748970145328316,-0.734229512044581,-0.5783395545969403,0.5453154595148956,1.0,0.0,0.6999225548156914,2.59629210163554,-0.32252953822831804,0.0,0.0005192584203271081
vol_long,BCHUSDT,2,year2024,366,0.41244100205664913,0.9096468663544559,-0.39260326316215155,0.5215430185475048,1.0,0.0,0.5589669485538274,3.42864111598885,0.4747139241614128,0.0,0.00068572822319777
vol_long,BCHUSDT,2,year2025,365,0.21202436567638006,0.6546591584554425,-0.252775437907686,0.4429876486809354,1.0,0.0,0.608575913634155,2.4061282966927284,0.30889954957271815,0.0,0.0004812256593385458
vol_long,BCHUSDT,5,all,998,0.14837080839387906,0.3433828045663646,-0.5979129150481761,0.5008594445388858,1.0,0.0,0.6148210706427613,8.430844952272961,0.46108354852953076,0.0,0.004215422476136481
vol_long,BCHUSDT,5,development_2024_25,731,0.7089189217136851,0.7888170125158597,-0.39276753969159106,0.4835717728722215,1.0,0.0,0.58373749378879,5.834583486661932,0.7836127560181547,0.0,0.0029172917433309665
vol_long,BCHUSDT,5,reused_2026,267,-0.32801328734642,-0.736366198082667,-0.5785361327373864,0.5452279270993072,1.0,0.0,0.6999225488459561,2.596261465611029,-0.32252920748862385,0.0,0.0012981307328055144
vol_long,BCHUSDT,5,year2024,366,0.4109888960405672,0.9077412222119451,-0.39276753969159106,0.52147253564092,1.0,0.0,0.5589669427534766,3.428534433287995,0.4747134211984644,0.0,0.0017142672166439977
vol_long,BCHUSDT,5,year2025,365,0.21114980175191467,0.6530278460806771,-0.25291750021945536,0.44299083463278166,1.0,0.0,0.6085759093474882,2.4060490533739376,0.30889933481969034,0.0,0.0012030245266869688
hold,BCHUSDT,2,all,998,0.2990226474952291,0.5181918035685622,-0.7259699858858732,0.8697856825326421,1.0,0.0,0.9999999993018471,2.0012818727226804,1.2269297682566884,0.0,0.00040025637454453605
hold,BCHUSDT,2,development_2024_25,731,1.3036964733345253,0.8839874941629743,-0.6124953192960176,0.8881786876587023,1.0,0.0,0.9999999990468644,0.9998000399920016,1.6144198333084046,0.0,0.00019996000799840034
hold,BCHUSDT,2,reused_2026,267,-0.4361138012183804,-0.5690055937909204,-0.7091562213390202,0.8169987494231491,1.0,0.0,0.9999999999999455,1.0014818327306787,-0.3874900650517161,0.0,0.0002002963665461357
hold,BCHUSDT,2,year2024,366,0.6700501764046833,0.963557616778604,-0.5754673502894999,1.0118385485029173,1.0,0.0,0.9999999980963726,0.9998000399920016,0.9776808205673766,0.0,0.00019996000799840034
hold,BCHUSDT,2,year2025,365,0.37941752043281274,0.7982334505963979,-0.45013488105940225,0.7451365176621444,1.0,0.0,0.9999999999999608,0.0,0.6367390127410277,0.0,0.0
hold,BCHUSDT,5,all,998,0.29824346758272235,0.5179377754938778,-0.7259699858859056,0.8697818682747451,1.0,0.0,0.9999999982552155,2.0009820826058062,1.2269298028438964,0.0,0.001000491041302903
hold,BCHUSDT,5,development_2024_25,731,1.3030057097743546,0.883818665876035,-0.6124953192960204,0.8881737382096886,1.0,0.0,0.9999999976179208,0.9995002498750625,1.6144198678956139,0.0,0.0004997501249375312
hold,BCHUSDT,5,reused_2026,267,-0.43628300091799543,-0.569509208776995,-0.7091562213390585,0.8169975055624568,1.0,0.0,1.0000000000000182,1.0014818327307435,-0.3874900650517176,0.0,0.0005007409163653718
hold,BCHUSDT,5,year2024,366,0.6695494117341483,0.9632611172955391,-0.5754673502894845,1.0118300181613098,1.0,0.0,0.9999999952423646,0.9995002498750625,0.9776808551545573,0.0,0.0004997501249375312
hold,BCHUSDT,5,year2025,365,0.3794175204328001,0.7982334505963837,-0.45013488105941857,0.7451365176621584,1.0,0.0,0.9999999999999853,0.0,0.6367390127410566,0.0,0.0
trend24,BNBUSDT,2,all,998,0.08340848641966514,0.2429683338529106,-0.44517953454586223,0.2839701342412313,0.5118442702284165,0.4504901207758141,0.4712199162714392,1322.9684965911456,0.5796836275772683,-0.11035293728097226,0.2645936993182291
trend24,BNBUSDT,2,development_2024_25,731,-0.1711759258793909,-0.19764312936049044,-0.44517953454586223,0.2793671878597901,0.5150336297309622,0.4433472032223742,0.44356589375029504,915.9972553545954,0.40493662318051904,-0.31585490145103634,0.18319945107091912
trend24,BNBUSDT,2,reused_2026,267,0.3071633899741302,1.3819065952397227,-0.20138772142641415,0.2960137834918206,0.5031123533881139,0.4700461984221233,0.5469318655709015,406.97124123655,0.1747470043967494,0.20550196417006417,0.08139424824731001
trend24,BNBUSDT,2,year2024,366,0.024249966858337357,0.2225234184291724,-0.20245611565195143,0.27722263475352915,0.5163744687310261,0.4371584699453552,0.42524896400942025,444.5565091952572,0.26357234214217734,-0.10109054951449262,0.08891130183905145
trend24,BNBUSDT,2,year2025,365,-0.19079902275921368,-0.6120320360945972,-0.3049769607021584,0.2817480333281812,0.5136891171993911,0.4495528919330289,0.46193300686032274,471.44074615933823,0.14136428103834175,-0.21476435193654375,0.09428814923186765
trend24,BNBUSDT,5,all,998,-0.2715238803114056,-0.2645430904928543,-0.5134178183112451,0.2858237138052434,0.5118442702284165,0.4504901207758141,0.4712193403228043,1322.8595130128488,0.5796809443982042,-0.11033590951674854,0.6614297565064244
trend24,BNBUSDT,5,development_2024_25,731,-0.3703310215943312,-0.6824144750800923,-0.5134178183112451,0.28115265448861504,0.5150336297309622,0.4433472032223742,0.44356538243642335,915.9254268190292,0.404937503248791,-0.31584080631431366,0.45796271340951467
trend24,BNBUSDT,5,reused_2026,267,0.15691918241407987,0.8138996180757899,-0.23887018602061771,0.2981444492766497,0.5031123533881139,0.4700461984221233,0.5469311126634204,406.9340861938196,0.17474344114941318,0.20550489679756503,0.2034670430969098
trend24,BNBUSDT,5,year2024,366,-0.10364001624866515,-0.25397443460491,-0.24779265440701592,0.2788967805951153,0.5163744687310261,0.4371584699453552,0.4252484886616197,444.52255021180025,0.2635741386202887,-0.10108424115266448,0.22226127510590013
trend24,BNBUSDT,5,year2025,365,-0.29752667475130345,-1.104313098010197,-0.35312758571219605,0.28363714934733447,0.5136891171993911,0.4495528919330289,0.46193245948184286,471.40287660722896,0.14136336462850235,-0.21475656516164912,0.2357014383036145
trend72,BNBUSDT,2,all,998,-0.08213221837822138,0.03863775995716127,-0.5064261417362277,0.29429019891714037,0.5224244826276634,0.43570357905125,0.47199265486984054,712.1055473028313,0.4738551371888737,-0.2848722202559165,0.14242110946056624
trend72,BNBUSDT,2,development_2024_25,731,0.08195080789386955,0.2789493988109294,-0.3531997550344058,0.29619678004077893,0.5271895769084718,0.42818453009867213,0.44624294772217776,487.8855232270423,0.5661817096766449,-0.2887741775337318,0.09757710464540846
trend72,BNBUSDT,2,reused_2026,267,-0.15165479342956,-0.6349894421530479,-0.3649008287777695,0.2893091736245267,0.5093784754393826,0.4562894396667348,0.5424909167610069,224.22002407578898,-0.09232657248777132,0.003901957277815199,0.044844004815157795
trend72,BNBUSDT,2,year2024,366,0.36095875815966294,1.140900715113339,-0.1763715023415049,0.31121815625793425,0.5379209096784566,0.41620970659355305,0.43204339251457297,230.02191780625805,0.45609457591003755,-0.04996109418004019,0.04600438356125161
trend72,BNBUSDT,2,year2025,365,-0.20500838000636978,-0.6805345372135421,-0.25108136815267923,0.2800263676661719,0.5164288432267884,0.4401921613394217,0.4604814058207624,257.8636054207842,0.1100871337666074,-0.23881308335369164,0.05157272108415685
trend72,BNBUSDT,5,all,998,-0.25869400912896634,-0.22535640116404104,-0.5728445120020906,0.2951086596988343,0.5224244826276634,0.43570357905125,0.47199238194060344,712.0648062229873,0.4738590751015208,-0.2848717890018597,0.35603240311149364
trend72,BNBUSDT,5,development_2024_25,731,-0.06537076860950197,0.03295251921716736,-0.3951894078007555,0.29702914598736,0.5271895769084718,0.42818453009867213,0.4462427062076766,487.85883752969175,0.566186739232304,-0.28877604099625404,0.24392941876484586
trend72,BNBUSDT,5,reused_2026,267,-0.2068448471613149,-0.9494074766749222,-0.395554574155507,0.290054913015162,0.5093784754393826,0.4562894396667348,0.5424905578236358,224.20596869329557,-0.09232766413078325,0.0039042519943944393,0.11210298434664778
trend72,BNBUSDT,5,year2024,366,0.2702076124509494,0.9178731964537868,-0.1873764534556397,0.3121092130173804,0.5379209096784566,0.41620970659355305,0.4320431774684165,230.00941793968298,0.45609918032560215,-0.04996417959950539,0.1150047089698415
trend72,BNBUSDT,5,year2025,365,-0.2641917571356167,-0.9532826344059587,-0.28541498815363375,0.28077613670934987,0.5164288432267884,0.4401921613394217,0.4604811377654004,257.8494195900088,0.11008755890670191,-0.23881186139674865,0.12892470979500437
trend168,BNBUSDT,2,all,998,-0.010421670684297224,0.13477522459236205,-0.3928722292706106,0.2989023261075953,0.514480349588065,0.4502338009352037,0.48788920740133607,428.3340586807103,0.5438373232215891,-0.33330286790594227,0.08566681173614207
trend168,BNBUSDT,2,development_2024_25,731,-0.08299060851819173,0.006996800420691022,-0.3928722292706106,0.3029163195317785,0.5108774129806962,0.44596443228454175,0.4606232439107201,291.17649987075106,0.49009228990825804,-0.41528578222449003,0.05823529997415022
trend168,BNBUSDT,2,reused_2026,267,0.07913652630823043,0.5024949769284793,-0.2199777320073676,0.2881109878374584,0.5243445692883895,0.46192259675405745,0.562538717931824,137.15755880995926,0.05374503331333112,0.08198291431854773,0.02743151176199185
trend168,BNBUSDT,2,year2024,366,-0.04204915980469648,0.030702910323638408,-0.30122675322027515,0.32711997257564146,0.5381185488767456,0.41939890710382516,0.46673367167729,131.2504710508769,0.2509616755628961,-0.2128265877869456,0.026250094210175386
trend168,BNBUSDT,2,year2025,365,-0.042738569658907655,-0.021035148634858343,-0.19122617915161366,0.27698187716002554,0.48356164383561645,0.4726027397260274,0.45449607524615965,159.92602881987415,0.23913061434536187,-0.2024591944375444,0.03198520576397483
trend168,BNBUSDT,5,all,998,-0.129754979309881,-0.021989023951797262,-0.4287991310196543,0.29932384934836037,0.514480349588065,0.4502338009352037,0.48788904468782673,428.3156096450873,0.5438362291068937,-0.3333042106133486,0.21415780482254365
trend168,BNBUSDT,5,development_2024_25,731,-0.15969726843276655,-0.13638214168646196,-0.4287991310196543,0.30331821485244376,0.5108774129806962,0.44596443228454175,0.4606231005983495,291.164423430531,0.4900915507367484,-0.41528763598954843,0.1455822117152655
trend168,BNBUSDT,5,reused_2026,267,0.03563274043753184,0.3071853536530995,-0.24219068609641525,0.28860247000399336,0.5243445692883895,0.46192259675405745,0.5625385021013392,137.15118621455633,0.053744678370145293,0.08198342537619982,0.06857559310727818
trend168,BNBUSDT,5,year2024,366,-0.07903669686449422,-0.08884042143257517,-0.32394249738650327,0.32748980026530183,0.5381185488767456,0.41939890710382516,0.46673354257844085,131.24512170705717,0.25096223955970454,-0.21282924626593647,0.06562256085352858
trend168,BNBUSDT,5,year2025,365,-0.08758282908087134,-0.1934712751059799,-0.19885603163092902,0.2774244800476744,0.48356164383561645,0.4726027397260274,0.4544959176813264,159.91930172347384,0.23912931117704397,-0.20245838972361194,0.0799596508617369
trend336,BNBUSDT,2,all,998,0.47406646459948765,0.6288246051450344,-0.3116302574089853,0.2935334631633312,0.5540838621687819,0.4035640725896237,0.4790569295103357,282.48939091030195,0.5279160488820575,0.07246329992266104,0.05649787818206038
trend336,BNBUSDT,2,development_2024_25,731,0.19888646433456492,0.449445801193629,-0.3116302574089853,0.30247381941763996,0.5581347849217206,0.3943323453412373,0.4521809178992961,187.66500026826057,0.4840058326832013,-0.13804646368660572,0.03753300005365212
trend336,BNBUSDT,2,reused_2026,267,0.22952965810458004,1.185816652821665,-0.20250534186383817,0.2679475088779735,0.5429931335830211,0.42883895131086147,0.5526388189772646,94.82439064204135,0.04391021619885613,0.21050976360926674,0.018964878128408275
trend336,BNBUSDT,2,year2024,366,0.12325186842139901,0.5270322776540459,-0.2589824457698009,0.30965411757900535,0.6024590163934426,0.34628301457194904,0.4375499621837586,89.21692623466072,0.2368483097592738,-0.05105338415992026,0.017843385246932145
trend336,BNBUSDT,2,year2025,365,0.06733538402162931,0.36755510028473243,-0.1639479011731918,0.29551704737264706,0.5136891171993911,0.4425133181126333,0.46685195842501315,98.44807403359984,0.24715752292392748,-0.08699307952668547,0.019689614806719966
trend336,BNBUSDT,5,all,998,0.3542880526774925,0.5230810329091713,-0.3387494498747031,0.2936795731292187,0.5540838621687819,0.4035640725896237,0.47905682953508666,282.478858704599,0.5279136107400761,0.07246063344517571,0.1412394293522995
trend336,BNBUSDT,5,development_2024_25,731,0.13325304405374472,0.3564589596594413,-0.3387494498747031,0.30264007772131196,0.5581347849217206,0.3943323453412373,0.4521808316658174,187.65814825023298,0.48400409661485044,-0.13804859139642994,0.0938290741251165
trend336,BNBUSDT,5,reused_2026,267,0.19504470760836035,1.0402848591506766,-0.21841705639461284,0.26804671646982325,0.5429931335830211,0.42883895131086147,0.5526386813794153,94.82071045436604,0.04390951412522563,0.2105092248416056,0.04741035522718302
trend336,BNBUSDT,5,year2024,366,0.09358598739976243,0.44074510396946104,-0.2749834151609255,0.3098099147600933,0.6024590163934426,0.34628301457194904,0.43754988520426763,89.21358912742943,0.23684807936703955,-0.05105603972994019,0.04460679456371472
trend336,BNBUSDT,5,year2025,365,0.03627246244101823,0.2676138765975395,-0.1687027082745397,0.29569388839673716,0.5136891171993911,0.4425133181126333,0.46685186291219344,98.44455912280355,0.24715601724781097,-0.08699255166648973,0.04922227956140179
trend_ensemble,BNBUSDT,2,all,998,0.1233468349807052,0.29564330153559115,-0.3297724064482558,0.23746828936706466,0.5214241879034879,0.4044663441284427,0.34659377734756436,631.9601396952132,0.44456931377669245,-0.1131401342143566,0.12639202793904264
trend_ensemble,BNBUSDT,2,development_2024_25,731,0.009936351069967042,0.13738859741842463,-0.3297724064482558,0.2375575310747349,0.5244638765886389,0.3957905836753306,0.32729078580144505,438.147975990284,0.37315854124155806,-0.20886845392264858,0.0876295951980568
trend_ensemble,BNBUSDT,2,reused_2026,267,0.11229468450223434,0.7284148665493352,-0.19661160012346446,0.23758604060281213,0.5131020439752284,0.4282190815487609,0.39944204259180877,193.8121637049291,0.07141077253513438,0.09572831970829199,0.03876243274098582
trend_ensemble,BNBUSDT,2,year2024,366,0.1238682300299383,0.5887980291263933,-0.16528023052745744,0.24963665884482938,0.5489652683899985,0.38247571341833636,0.3219584677545507,210.52015292412153,0.2353221118210755,-0.04060477551204643,0.042104030584824315
trend_ensemble,BNBUSDT,2,year2025,365,-0.10137476611198049,-0.36458317981053884,-0.20151854615385167,0.2249787349518315,0.49989535768645355,0.40914193302891927,0.3326377129388788,227.62782306616248,0.13783642942048255,-0.16826367841060214,0.0455255646132325
trend_ensemble,BNBUSDT,5,all,998,-0.07066061250438227,0.004302418053559307,-0.37393720767554006,0.23813081512018938,0.5214241879034879,0.4044663441284427,0.34659356749689096,631.93176652314,0.4445678855471077,-0.1131391528344028,0.31596588326157005
trend_ensemble,BNBUSDT,5,development_2024_25,731,-0.11446289715806102,-0.1377968892253579,-0.37393720767554006,0.23823391021177304,0.5244638765886389,0.3957905836753306,0.32729059631083024,438.12896874759974,0.3731575955653175,-0.20886878444333523,0.21906448437379988
trend_ensemble,BNBUSDT,5,reused_2026,267,0.049464087403119805,0.39334913166561125,-0.23026660227987616,0.23822770156689863,0.5131020439752284,0.4282190815487609,0.3994417769988025,193.80279777554026,0.07141028998179019,0.09572963160893244,0.09690139888777013
trend_ensemble,BNBUSDT,5,year2024,366,0.05508219847895801,0.33623107655995915,-0.17953740435297605,0.25024664698343374,0.5489652683899985,0.38247571341833636,0.3219582875836014,210.51117818219774,0.23532400518841423,-0.040605691184952664,0.10525558909109889
trend_ensemble,BNBUSDT,5,year2025,365,-0.16069373161772638,-0.6650438336931057,-0.24011683970260744,0.22572488801427884,0.49989535768645355,0.40914193302891927,0.3326375141030652,227.617790565402,0.1378335903769033,-0.16826309325838262,0.11380889528270102
breakout,BNBUSDT,2,all,998,0.17300355322229088,0.34815075007040897,-0.2817743613921607,0.27107703712154096,0.5345639013218074,0.4146667439602395,0.4115866990691036,984.5823806700506,0.5668168644068822,-0.10641721863320953,0.19691647613401014
breakout,BNBUSDT,2,development_2024_25,731,0.08555480010720129,0.2842861540301556,-0.2817743613921607,0.26949833287446506,0.5487868597051224,0.39444002218017105,0.3910807077325519,687.7717973868753,0.48233726234235874,-0.18415599564323268,0.13755435947737507
breakout,BNBUSDT,2,reused_2026,267,0.08055673753775805,0.5184095620940421,-0.1841479044103882,0.27584813695000826,0.4956238916656155,0.470044023440502,0.4677285704811612,296.8105832831752,0.08447960206452348,0.07773877701002313,0.059362116656635044
breakout,BNBUSDT,2,year2024,366,0.18484340001563715,0.7365493412684271,-0.19197511272873402,0.2827214601253717,0.5714936247723132,0.3766001535893579,0.38383219604941565,324.97837332061124,0.314246852333216,-0.03751753468092803,0.06499567466412225
breakout,BNBUSDT,2,year2025,365,-0.08379892220957141,-0.21649390032745663,-0.21340311693475622,0.2557560687026175,0.5260178843226789,0.4123287671232877,0.3983490783518063,362.79342406626404,0.16809041000914277,-0.14663846096230462,0.07255868481325281
breakout,BNBUSDT,5,all,998,-0.1269991614781406,-0.049309430861735025,-0.3965321801300129,0.271956937372272,0.5345639013218074,0.4146667439602395,0.4115862761592137,984.5244567894074,0.5668115876114663,-0.10641912734442893,0.49226222839470374
breakout,BNBUSDT,5,development_2024_25,731,-0.11683927509864156,-0.09688120852285356,-0.3534266046806094,0.27029686365092537,0.5487868597051224,0.39444002218017105,0.39108032135127885,687.7332421376669,0.4823358899045859,-0.1841581872782803,0.3438666210688335
breakout,BNBUSDT,5,reused_2026,267,-0.011504006114667398,0.07788325786745909,-0.22592238058977565,0.27695568478697874,0.4956238916656155,0.470044023440502,0.4677280475622112,296.79121465174046,0.0844756977068804,0.07773905993385145,0.14839560732587023
breakout,BNBUSDT,5,year2024,366,0.07477739659463767,0.39226044543358046,-0.20754609194123497,0.28348325896843296,0.5714936247723132,0.3766001535893579,0.3838318417844534,324.96079140243313,0.31424972898427644,-0.03752405747261217,0.16248039570121658
breakout,BNBUSDT,5,year2025,365,-0.17828498468650789,-0.638972180303329,-0.23030683490081238,0.2565824428523569,0.5260178843226789,0.4123287671232877,0.3983486597662327,362.7724507352338,0.1680861609203095,-0.1466341298056681,0.1813862253676169
range_only,BNBUSDT,2,all,998,-0.2592552705100356,-0.5136967402065273,-0.31369726797132635,0.18122501294166815,0.40173636326078405,0.49137625085633907,0.2574250445786956,490.81172985665853,0.14954704516743964,-0.2981701208661022,0.09816234597133172
range_only,BNBUSDT,2,development_2024_25,731,-0.16068564209370184,-0.4040579677230787,-0.2749079570513153,0.1771370804594944,0.3872739018087855,0.4962095303237574,0.24106736228924008,331.6552326142882,0.2120549419088154,-0.28110348944513047,0.06633104652285765
range_only,BNBUSDT,2,reused_2026,267,-0.11744065556345196,-0.7905767072975285,-0.15634172183186212,0.1922844718201072,0.4413320910563306,0.47814356437438105,0.3022095605097517,159.15649724237034,-0.0625078967413758,-0.017066631420971742,0.03183129944847407
range_only,BNBUSDT,2,year2024,366,-0.15804835608977674,-0.7917468451486606,-0.26693524649486344,0.19284475145275362,0.3641089860352155,0.5149134790528234,0.23740083293913491,152.84112031177898,0.07980430389228776,-0.2008527440158835,0.030568224062355803
range_only,BNBUSDT,2,year2025,365,-0.0031323485416294705,0.06099474877111289,-0.16594860259976496,0.1599997874906118,0.4105022831050228,0.4774543378995434,0.2447439369252359,178.81411230250922,0.13225063801652764,-0.08025074542924698,0.035762822460501845
range_only,BNBUSDT,5,all,998,-0.36067779913518583,-0.8147715988045416,-0.40553479304136075,0.1804907982734074,0.40173636326078405,0.49137625085633907,0.25742492352528895,490.7921495888251,0.14954591643617876,-0.29816970770681284,0.24539607479441256
range_only,BNBUSDT,5,development_2024_25,731,-0.2401765161669781,-0.6878688598307056,-0.3350589119327103,0.1764333267487896,0.3872739018087855,0.4962095303237574,0.24106725670479945,331.6426112376728,0.21205393914621773,-0.28110417080367095,0.1658213056188364
range_only,BNBUSDT,5,reused_2026,267,-0.1585911537773531,-1.1355607836479233,-0.19196525615195392,0.1914555448491438,0.4413320910563306,0.47814356437438105,0.30220939710498124,159.14953835115227,-0.06250802271003893,-0.017065536903141866,0.07957476917557615
range_only,BNBUSDT,5,year2024,366,-0.19578306583808103,-1.0334803553630643,-0.29400112707423887,0.19209866672969794,0.3641089860352155,0.5149134790528234,0.23740074004746364,152.8354041921384,0.07980499256216911,-0.20085475237791695,0.07641770209606921
range_only,BNBUSDT,5,year2025,365,-0.05520084002602976,-0.2760240639482349,-0.19096211418359244,0.15934975604051085,0.4105022831050228,0.4774543378995434,0.2447438186132512,178.80720704553437,0.13224894658404862,-0.08024941842575405,0.08940360352276719
down_rebound,BNBUSDT,2,all,998,0.3365072686993882,0.5107345718471653,-0.27532717043851196,0.2872935777655805,0.501548235359608,0.2530060120240481,0.4003156160118742,818.9769666693378,0.5487186293178403,0.024795353626803837,0.16379539333386756
down_rebound,BNBUSDT,2,development_2024_25,731,0.3023118624887089,0.5944398879781377,-0.25301195341896376,0.2931620048996959,0.5055337057303542,0.23757409940720478,0.3770111490091695,568.8891972016836,0.5325335939431579,-0.06454692442670032,0.11377783944033673
down_rebound,BNBUSDT,2,reused_2026,267,0.026257463512103785,0.2631833047306848,-0.22870137369444854,0.2710687507743235,0.49063670411985016,0.2952559300873908,0.46411923166347385,250.08776946765408,0.016185035374682674,0.0893422780535041,0.05001755389353082
down_rebound,BNBUSDT,2,year2024,366,0.23054517720212186,0.8202159037019461,-0.25301195341896376,0.3099763314861702,0.5361073163327261,0.21948998178506374,0.3752008536067291,252.13256987441284,0.27268268445327015,0.03419898759394699,0.05042651397488258
down_rebound,BNBUSDT,2,year2025,365,0.0583210487645498,0.34127444151593184,-0.21915222030953585,0.27563663204636923,0.47487633181126343,0.2557077625570776,0.3788264041250414,316.7566273272708,0.2598509094898877,-0.0987459120206473,0.06335132546545416
down_rebound,BNBUSDT,5,all,998,0.04535076050609832,0.19816726201304163,-0.3377847700428841,0.2880761080401136,0.501548235359608,0.2530060120240481,0.40031527650140614,818.9064452199653,0.5487161936930385,0.0247941154685221,0.40945322260998274
down_rebound,BNBUSDT,5,development_2024_25,731,0.09797194274286047,0.3036730757714969,-0.2646162674454242,0.29406314111036486,0.5055337057303542,0.23757409940720478,0.37701084648113564,568.8417743665932,0.532533131599569,-0.06455009420884583,0.2844208871832966
down_rebound,BNBUSDT,5,reused_2026,267,-0.047925798636811234,-0.11456534725717275,-0.27141305519075065,0.2714880155091422,0.49063670411985016,0.2952559300873908,0.4641187909014726,250.06467085337212,0.01618306209346937,0.089344209677368,0.12503233542668607
down_rebound,BNBUSDT,5,year2024,366,0.1408954332604173,0.5761086750525065,-0.2646162674454242,0.31074578139121134,0.5361073163327261,0.21948998178506374,0.3752005880787613,252.11198179216626,0.272680030557938,0.034193093690166515,0.12605599089608313
down_rebound,BNBUSDT,5,year2025,365,-0.03762263329855753,-0.0024253894266870876,-0.23636748521341389,0.27667444837901795,0.47487633181126343,0.2557077625570776,0.3788260644955712,316.729792574427,0.2598531010416311,-0.09874318789901236,0.15836489628721348
selected_trend,BNBUSDT,2,all,998,0.34796391425860995,0.5226913943640124,-0.35319975503441003,0.2863831690752978,0.499809784590474,0.44462074313163685,0.45631198882648594,584.2251168157032,0.6831001912188474,-0.13103276432703806,0.11684502336314066
selected_trend,BNBUSDT,2,development_2024_25,731,0.11138328013732601,0.3252577654301424,-0.35319975503441003,0.28914179336784274,0.515703374373005,0.4191461468308254,0.4321971558181005,389.2978095168345,0.5502359449466061,-0.2586542538064663,0.07785956190336689
selected_trend,BNBUSDT,2,reused_2026,267,0.21287042764585307,1.082295079820098,-0.16029811030234942,0.27906881964779706,0.4562958739873648,0.5143657989214991,0.522334246988021,194.9273072988688,0.13286424627224136,0.12762148947942825,0.03898546145977377
selected_trend,BNBUSDT,2,year2024,366,0.3652909937955833,1.1747046180811533,-0.23275750967529962,0.30291846612010187,0.5500436399514268,0.3731120977534912,0.4218203824158729,157.86276332059498,0.40359619977811023,-0.009647135859680508,0.03157255266411899
selected_trend,BNBUSDT,2,year2025,365,-0.18597333082259726,-0.6140231557427802,-0.2510813681526862,0.27436381902075696,0.48126902587519027,0.4653063165905632,0.4426023587364984,231.43504619623945,0.14663974516849587,-0.24900711794678576,0.046287009239247896
selected_trend,BNBUSDT,5,all,998,0.1312469977324997,0.2987852936408518,-0.39518940780076106,0.2870726725464637,0.499809784590474,0.44462074313163685,0.4563117537035989,584.1898538518293,0.683099292716035,-0.13103262573225086,0.2920949269259146
selected_trend,BNBUSDT,5,development_2024_25,731,-0.011125696777479988,0.12389639764833144,-0.39518940780076106,0.2897239731237722,0.515703374373005,0.4191461468308254,0.4321969640572761,389.27730859224425,0.5502370028688244,-0.25865467360215527,0.19463865429612215
selected_trend,BNBUSDT,5,reused_2026,267,0.14397451126601113,0.7937591955797437,-0.19236331663228878,0.2800958368289648,0.4562958739873648,0.5143657989214991,0.5223338931472765,194.91254525958493,0.13286228984721057,0.12762204786990441,0.09745627262979248
selected_trend,BNBUSDT,5,year2024,366,0.30213758762713727,1.0176213352053711,-0.23826353708182424,0.3033633966777625,0.5500436399514268,0.3731120977534912,0.42182023675509156,157.85484265894425,0.4035981125092696,-0.009648725590219592,0.07892742132947214
selected_trend,BNBUSDT,5,year2025,365,-0.24057617826352196,-0.8641028098369216,-0.2854149881536384,0.27504248641525486,0.48126902587519027,0.4653063165905632,0.44260212074932964,231.42246593330003,0.1466388903595549,-0.24900594801193565,0.11571123296665003
selected_breakout,BNBUSDT,2,all,998,0.10381053903246396,0.2665111595487282,-0.31474874962772026,0.27965175605730896,0.5297539523491426,0.4169067301269205,0.4402117221485726,677.0325202030133,0.36585949495309,-0.012156181085074866,0.13540650404060267
selected_breakout,BNBUSDT,2,development_2024_25,731,-0.04185679376438978,0.06236118222810832,-0.31474874962772026,0.2811072371894907,0.5362897096823225,0.4013765389876881,0.42284383709577855,552.8832520788355,0.2794188871790809,-0.1192522396778391,0.11057665041576713
selected_breakout,BNBUSDT,2,reused_2026,267,0.15203085702518182,0.8355046266011777,-0.19495987092663303,0.275985139330807,0.5118601747815231,0.45942571785268416,0.4877619992032261,124.14926812417767,0.0864406077740091,0.10709605859276426,0.024829853624835536
selected_breakout,BNBUSDT,2,year2024,366,0.01568264471212788,0.19480810846405366,-0.2854297176655677,0.28792318595071914,0.5710667122040073,0.365854584092289,0.4047053628715931,249.16317806014246,0.17922150494781963,-0.0691158891891239,0.049832635612028484
selected_breakout,BNBUSDT,2,year2025,365,-0.056651000955937114,-0.07699944582446432,-0.177165533438997,0.2744832049162178,0.5014174277016743,0.43699581430745815,0.4410320057698933,303.7200740186932,0.1001973822312612,-0.05013635048871521,0.060744014803738644
selected_breakout,BNBUSDT,5,all,998,-0.09908942800682863,0.0013935151389550418,-0.37719565126358334,0.28013908035309626,0.5297539523491426,0.4169067301269205,0.44021139911621937,676.9934262258216,0.36585664507913296,-0.0121607968029607,0.33849671311291085
selected_breakout,BNBUSDT,5,development_2024_25,731,-0.18830431423185534,-0.23110891397431219,-0.37719565126358334,0.2816933305755843,0.5362897096823225,0.4013765389876881,0.4228434836648994,552.8491456101629,0.2794154977585497,-0.11925765945795733,0.2764245728050815
selected_breakout,BNBUSDT,5,reused_2026,267,0.10991174129575398,0.6507346802518027,-0.2158620348428384,0.2761444754768232,0.5118601747815231,0.45942571785268416,0.48776175939679955,124.14428061565877,0.08644114732058335,0.10709686265499664,0.06207214030782938
selected_breakout,BNBUSDT,5,year2024,366,-0.05747307265634294,-0.06361311933474949,-0.2932320573468863,0.28828438615145596,0.5710667122040073,0.365854584092289,0.404705065189518,249.14930569396427,0.17922300163592644,-0.069124615000661,0.12457465284698219
selected_breakout,BNBUSDT,5,year2025,365,-0.13880902261777872,-0.40680422331248456,-0.22938699888258518,0.2752998179602829,0.5014174277016743,0.43699581430745815,0.4410315964374737,303.6998399161985,0.10019249612262325,-0.050133044457296314,0.1518499199580993
regime_gate,BNBUSDT,2,all,998,0.22719521747260218,0.4384040193882843,-0.22880085430768737,0.22993953435267353,0.5192276854328091,0.33588357270095753,0.28896968964710723,656.6513639347768,0.4325476596199065,-0.019423695441078803,0.13133027278695536
regime_gate,BNBUSDT,2,development_2024_25,731,0.20627413159565244,0.5181925994019749,-0.22880085430768737,0.2314390819201661,0.5198722521718083,0.31446648426812585,0.27021214197314847,444.8435320057426,0.4267717144287585,-0.09321475277969381,0.08896870640114853
regime_gate,BNBUSDT,2,reused_2026,267,0.017343558424217642,0.21419720976367088,-0.22502994775636398,0.22619008324018441,0.5174629727503802,0.3945198709945901,0.3403246235409793,211.8078319290342,0.005775945191147963,0.07379105733861502,0.04236156638580684
regime_gate,BNBUSDT,2,year2024,366,0.19040381311953292,0.8286357933524473,-0.1942634690628804,0.24543171211748027,0.5411796590887454,0.2808420613236187,0.2689135271195057,208.9296045905082,0.2208863896076459,0.02583157371899572,0.04178592091810164
regime_gate,BNBUSDT,2,year2025,365,0.013331878057860624,0.16727776436699288,-0.1476068992848245,0.21675280812255016,0.4985064687975646,0.3481830289193303,0.27151431467570536,235.91392741523435,0.2058853248211126,-0.11904632649868956,0.047182785483046885
regime_gate,BNBUSDT,5,all,998,0.0077583784738599615,0.12529896285316242,-0.312187940538612,0.2304863720748661,0.5192242062522258,0.33588357270095753,0.2889694727195923,656.6143555713479,0.43254328104534934,-0.019424596454319293,0.328307177785674
regime_gate,BNBUSDT,5,development_2024_25,731,0.055567457849926116,0.23024373008604415,-0.26649831467062646,0.23203049160394768,0.5198675022098082,0.31446648426812585,0.2702119522983984,444.819450320164,0.42676785091885916,-0.09321765996603505,0.222409725160082
regime_gate,BNBUSDT,5,reused_2026,267,-0.045292301330933316,-0.16909736567786016,-0.25779443724327067,0.2265982293066976,0.5174629727503802,0.3945198709945901,0.3403243320000894,211.794905251184,0.005775430126490136,0.07379306351171575,0.105897452625592
regime_gate,BNBUSDT,5,year2024,366,0.11807840918045764,0.5732504302589164,-0.2036407498904923,0.24589543994913118,0.5411701721427831,0.2808420613236187,0.26891334359654584,208.91853123252514,0.220885207979952,0.025827420499314357,0.10445926561626256
regime_gate,BNBUSDT,5,year2025,365,-0.05590927328285744,-0.15795372504998137,-0.16085922374513084,0.21748369600893855,0.4985064687975646,0.3481830289193303,0.27151411883231086,235.90091908763884,0.20588264293890718,-0.11904508046534937,0.11795045954381943
gate_no_range,BNBUSDT,2,all,998,0.2739664575352936,0.49410592109116486,-0.23606593094028627,0.2331839191086501,0.5015946163523329,0.33361166778000445,0.29378385353393455,629.9394956512392,0.4240606118351288,0.022850996295631844,0.12598789913024788
gate_no_range,BNBUSDT,2,development_2024_25,731,0.2034195560629879,0.5098421853219937,-0.23606593094028627,0.23409100280862066,0.5037746309527782,0.3161574707402341,0.2750916702450498,430.58993285919644,0.4106688896524512,-0.0810388655755154,0.08611798657183929
gate_no_range,BNBUSDT,2,reused_2026,267,0.05862203345199157,0.44957622606097675,-0.20587276555146516,0.23111784466754035,0.495626111959354,0.3813982521847691,0.34495983100275385,199.34956279204283,0.013391722182677604,0.10388986187114727,0.03986991255840857
gate_no_range,BNBUSDT,2,year2024,366,0.20760310342837607,0.8838509011928831,-0.187150584604305,0.24658691805411798,0.5306301751786058,0.2940004553734062,0.27471533505012724,202.0700222998052,0.22841543149434584,0.03193777266015274,0.040414004459961045
gate_no_range,BNBUSDT,2,year2025,365,-0.0034643396936564486,0.09265220781639247,-0.14685907695133926,0.22107125060196514,0.47684550989345503,0.33837519025875196,0.2754690364953009,228.51991055939126,0.18225345815810529,-0.11297663823566811,0.04570398211187825
gate_no_range,BNBUSDT,5,all,998,0.05458442296245236,0.19775814197459457,-0.2930283552616261,0.23376204190240124,0.5015946163523329,0.33361166778000445,0.29378364341857766,629.9065054027255,0.42405620035379404,0.022850525569781715,0.3149532527013628
gate_no_range,BNBUSDT,5,development_2024_25,731,0.057582672825364334,0.23427425285263773,-0.27593431364561727,0.23472282394765626,0.5037746309527782,0.3161574707402341,0.27509148491875357,430.5682275786533,0.41066542833248365,-0.08104141483997132,0.21528411378932666
gate_no_range,BNBUSDT,5,reused_2026,267,-0.002835002822900945,0.0960584871707187,-0.2378885127540653,0.23154415106242063,0.495626111959354,0.3813982521847691,0.3449595530192197,199.33827782407226,0.013390772021310324,0.103891940409753,0.09966913891203613
gate_no_range,BNBUSDT,5,year2024,366,0.1365694780324096,0.6378059817576222,-0.19642106802157955,0.24708329493733816,0.5306301751786058,0.2940004553734062,0.2747151573800148,202.06002622543946,0.22841471353576787,0.031933731944206206,0.10103001311271972
gate_no_range,BNBUSDT,5,year2025,365,-0.06949580006651745,-0.21588364352098188,-0.15961129499560944,0.2218476343335554,0.47684550989345503,0.33837519025875196,0.275468843491845,228.50820135321388,0.18225071479671578,-0.11297514678417753,0.11425410067660695
adaptive14,BNBUSDT,2,all,998,0.2335726150048436,0.45253372119688307,-0.1979753598001759,0.2241260401368424,0.5073503448049798,0.31171718436873747,0.2755536547772776,583.8543838607336,0.4192922782020553,-0.020116591274487165,0.11677087677214672
adaptive14,BNBUSDT,2,development_2024_25,731,0.19311033710215164,0.5016865433719202,-0.1979753598001759,0.22554580765342505,0.5127758089433542,0.29264990880072955,0.2588739414958837,398.60904351895965,0.4125330872185319,-0.10231361316640095,0.07972180870379193
adaptive14,BNBUSDT,2,reused_2026,267,0.033913274107545854,0.31420078775631516,-0.19062580136692642,0.22060229718711102,0.4924963587182688,0.36392009987515606,0.32121983608326615,185.2453403417739,0.0067591909835234415,0.08219702189191389,0.037049068068354785
adaptive14,BNBUSDT,2,year2024,366,0.18455366460160372,0.8210756852511801,-0.18999649091295978,0.2402987897522826,0.53266038161455,0.26319634183363694,0.26478211722766626,189.45145681366566,0.23513207056893032,0.001465191975836444,0.037890291362733135
adaptive14,BNBUSDT,2,year2025,365,0.007223541453842408,0.13704304027625003,-0.13109120968022547,0.20995266322136874,0.49283675799086757,0.3221841704718417,0.2529495789812744,209.15758670529402,0.17740101664960156,-0.10377880514223742,0.041831517341058805
adaptive14,BNBUSDT,5,all,998,0.035363104976851245,0.1668076329088183,-0.2589961032478998,0.22459620745056202,0.5073503448049798,0.31171718436873747,0.2755534708849829,583.8243348610615,0.41928734377748117,-0.020118432865756045,0.2919121674305308
adaptive14,BNBUSDT,5,development_2024_25,731,0.05863137653013806,0.2368981895131097,-0.2353601538868716,0.22604066286387825,0.5127758089433542,0.29264990880072955,0.2588737790930198,398.5891274780301,0.41252874162284503,-0.10231725849929904,0.19929456373901505
adaptive14,BNBUSDT,5,reused_2026,267,-0.021979578604172878,-0.029736116180159627,-0.22150203567511595,0.22099647089150412,0.4924963587182688,0.36392009987515606,0.3212195933566122,185.23520738303148,0.006758602154636167,0.082198825633543,0.09261760369151574
adaptive14,BNBUSDT,5,year2024,366,0.11910441975038433,0.5845475147796322,-0.198603168312535,0.2407036968742655,0.53266038161455,0.26319634183363694,0.2647819601814443,189.4420717339851,0.23512990489314572,0.0014608098509159007,0.09472103586699254
adaptive14,BNBUSDT,5,year2025,365,-0.05403699793602201,-0.1607443240032545,-0.1477751879272704,0.21054727039574897,0.49283675799086757,0.3221841704718417,0.2529494112070928,209.147055744045,0.17739883672969936,-0.10377806835021494,0.1045735278720225
adaptive42,BNBUSDT,2,all,998,0.2687533175579644,0.500473195404536,-0.20975017183067945,0.22241307119492482,0.5065257790067165,0.30505803273213095,0.2733275599708396,575.5200754956659,0.4088138384258233,0.016052247502560783,0.11510401509913319
adaptive42,BNBUSDT,2,development_2024_25,731,0.22554389009884224,0.5612803480912807,-0.20975017183067945,0.22528606639746038,0.5105100770692093,0.28196249430004555,0.25758770157259914,396.21885860409895,0.396130507653406,-0.05990222232785358,0.07924377172081978
adaptive42,BNBUSDT,2,reused_2026,267,0.035257348029891666,0.3253547877585856,-0.19597250656530296,0.21474914341167664,0.49561745734498547,0.3682896379525593,0.3164205805293182,179.30121689156698,0.012683330772417234,0.07595446983041443,0.035860243378313394
adaptive42,BNBUSDT,2,year2024,366,0.20349475460950717,0.8830606667050439,-0.19525785694558218,0.24161765540456498,0.5216460373522549,0.2654732088646023,0.2641391350745658,188.585375833227,0.22271257173340922,0.029658672500695343,0.0377170751666454
adaptive42,BNBUSDT,2,year2025,365,0.018320923630855912,0.18905183223749347,-0.13426310045392753,0.20785894291773777,0.499343607305936,0.29849695585996955,0.25101831893775034,207.63348277087195,0.17341793591999674,-0.08956089482854893,0.04152669655417439
adaptive42,BNBUSDT,5,all,998,0.06755693107845495,0.2165401712696066,-0.2634222589448436,0.2228252099219567,0.5065257790067165,0.30505803273213095,0.27332737701376786,575.4902833149586,0.4088099047800924,0.01605090798634453,0.28774514165747933
adaptive42,BNBUSDT,5,development_2024_25,731,0.08818920908749339,0.29765298867745055,-0.2423835825864934,0.22571856902737733,0.5105100770692093,0.28196249430004555,0.2575875379273435,396.1986379924763,0.39612693435075363,-0.059905280847470405,0.19809931899623812
adaptive42,BNBUSDT,5,reused_2026,267,-0.018960193536875503,-0.016693523625918822,-0.22376734771468365,0.21509536347686692,0.49561745734498547,0.3682896379525593,0.31642034469982105,179.29164532248234,0.012682970429338802,0.07595618883381491,0.08964582266124116
adaptive42,BNBUSDT,5,year2024,366,0.1372944163097638,0.6488860864738515,-0.20344733378866553,0.2419602800105688,0.5216460373522549,0.2654732088646023,0.2641389753196053,188.57586189493756,0.22271097736174864,0.02965479915686997,0.09428793094746879
adaptive42,BNBUSDT,5,year2025,365,-0.04317721648682871,-0.10978845975131465,-0.1453255819889705,0.20839280317778205,0.499343607305936,0.29849695585996955,0.2510181513915414,207.6227760975387,0.17341595698900497,-0.08956008000434039,0.10381138804876934
adaptive126,BNBUSDT,2,all,998,0.2854779989704279,0.5280190620891471,-0.21159481394343127,0.21819886173751468,0.501002004008016,0.3201994266310399,0.2735587941677999,579.0888012495511,0.45025240238921255,-0.01311105270133239,0.11581776024991022
adaptive126,BNBUSDT,2,development_2024_25,731,0.261098887078935,0.6316795136102525,-0.20311335324645474,0.2215225290768204,0.5057047043623651,0.2967063763489892,0.2593239379540187,397.3795036686386,0.4352189792284395,-0.07134784081165443,0.07947590073372772
adaptive126,BNBUSDT,2,reused_2026,267,0.019331641746160644,0.22725097436562783,-0.21159481394343227,0.20919294188326967,0.4881268206408656,0.3845193508114856,0.31253137803399483,181.70929758091248,0.015033423160772955,0.058236788110322096,0.0363418595161825
adaptive126,BNBUSDT,2,year2024,366,0.21194049407052673,0.9318035379857209,-0.1846504375390955,0.23478477072291964,0.5177690497874924,0.2761365361262902,0.2618652299544755,186.68788040380392,0.23300942476253292,0.024834362468960813,0.037337576080760784
adaptive126,BNBUSDT,2,year2025,365,0.04056172167603744,0.29320069955173494,-0.13420363244590605,0.2076161527938564,0.49360730593607294,0.31733257229832573,0.25677568350972496,210.69162326483467,0.20220955446590658,-0.09618220328061523,0.042138324652966935
adaptive126,BNBUSDT,5,all,998,0.0804718968304341,0.23675476099796194,-0.2615930357944527,0.21863035120804927,0.501002004008016,0.3201994266310399,0.2735586089924274,579.058395717732,0.4502484603451304,-0.01311109934967206,0.289529197858866
adaptive126,BNBUSDT,5,development_2024_25,731,0.11936939598597651,0.3626184959469714,-0.22965345351061395,0.22199204729425545,0.5057047043623651,0.2967063763489892,0.25932377329699635,397.35888871408366,0.43521536040730147,-0.07135007082797548,0.19867944435704182
adaptive126,BNBUSDT,5,reused_2026,267,-0.03474947528048167,-0.1284682148928602,-0.2397280125823562,0.2095009156103522,0.4881268206408656,0.3845193508114856,0.31253113668291443,181.6995070036483,0.015033099937828892,0.058238971478303425,0.09084975350182414
adaptive126,BNBUSDT,5,year2024,366,0.14592773673026338,0.6931155606146515,-0.192672153642361,0.2351454743120133,0.5177690497874924,0.2761365361262902,0.2618650716166004,186.67851137607622,0.2330079531555681,0.02483121158048479,0.09333925568803811
adaptive126,BNBUSDT,5,year2025,365,-0.023176278828949015,-0.01062481298059354,-0.14566317670715856,0.20820392445522132,0.49360730593607294,0.31733257229832573,0.25677551251624287,210.68037733800745,0.20220740725173336,-0.09618128240846029,0.10534018866900371
filtered_moe,BNBUSDT,2,all,998,0.05047382408046519,0.18974751333237086,-0.21813447124573282,0.16857788461611833,0.44860844171890046,0.3101376363838789,0.21459383821447664,339.3392608704213,0.1262806804680089,0.037086548072582395,0.06786785217408425
filtered_moe,BNBUSDT,2,development_2024_25,731,0.01795322797919785,0.13504609636571324,-0.21813447124573282,0.16535695492690866,0.42277036783705735,0.28182949536403706,0.192082564511087,222.0698427908957,0.1338010065127901,-0.03778068523464953,0.044413968558179154
filtered_moe,BNBUSDT,2,reused_2026,267,0.03194704354523914,0.3293201175500277,-0.1610728761859005,0.1774105321727156,0.5193486365040215,0.38764044943820225,0.276225827267577,117.26941807952558,-0.007520326044781173,0.07486723330723194,0.023453883615905113
filtered_moe,BNBUSDT,2,year2024,366,0.06073931134032473,0.45019521847145544,-0.12045809832320509,0.1577070299055345,0.369507058287796,0.2450762750455373,0.16568068373620054,90.41425156977841,0.020776984127609352,0.07250639509483789,0.018082850313955685
filtered_moe,BNBUSDT,2,year2025,365,-0.040336096629681295,-0.15312689423462952,-0.11832925413340856,0.17286751451495522,0.47617960426179606,0.3186834094368341,0.21855677920590463,131.6555912211173,0.11302402238518075,-0.11028708032948745,0.02633111824422346
filtered_moe,BNBUSDT,5,all,998,-0.05120535468337273,-0.030829741138105164,-0.2668434051930796,0.16881125126875549,0.44860844171890046,0.3101376363838789,0.21459374230878048,339.32704330640536,0.1262806949423281,0.03708439042797534,0.16966352165320267
filtered_moe,BNBUSDT,5,development_2024_25,731,-0.04765559679535636,-0.06577350654671875,-0.24261192968977285,0.16560049018146167,0.42277036783705735,0.28182949536403706,0.19208248322356936,222.06205081721225,0.13380057276956978,-0.0377836995625557,0.11103102540860614
filtered_moe,BNBUSDT,5,reused_2026,267,-0.0037273888270583644,0.05836829703799844,-0.1821631514473382,0.1776235496650756,0.5193486365040215,0.38764044943820225,0.27622569133982666,117.2649924891931,-0.007519877827241658,0.07486808999053104,0.058632496244596544
filtered_moe,BNBUSDT,5,year2024,366,0.03235359867521592,0.27857753184813316,-0.1292526784880298,0.15781625736849256,0.369507058287796,0.2450762750455373,0.1656806157967858,90.41109995170359,0.0207781116862231,0.07250320419330245,0.0452055499758518
filtered_moe,BNBUSDT,5,year2025,365,-0.07750173542596861,-0.3804231182009676,-0.13477632323652755,0.17322449947871882,0.47617960426179606,0.3186834094368341,0.21855668453371396,131.65095086550866,0.1130224610833467,-0.11028690375585816,0.06582547543275434
kalman,BNBUSDT,2,all,998,-0.16911980258382375,-0.08445426065069181,-0.4254432825935581,0.2952584898532153,0.5242788616334488,0.4405599575069613,0.47802573721309866,1467.3448365070772,0.5547250353391938,-0.30770411637780515,0.2934689673014155
kalman,BNBUSDT,2,development_2024_25,731,-0.2057135069538678,-0.25303827046997024,-0.4254432825935581,0.29035527748946566,0.5309887520899833,0.42933481532147744,0.4521866286891074,1013.1372469412171,0.45788354180152496,-0.3777050667396727,0.20262744938824342
kalman,BNBUSDT,2,reused_2026,267,0.04607116536717748,0.3496332592343817,-0.20366357218263098,0.3087379855679328,0.5059083375745476,0.47129246289118853,0.5487687646701682,454.20758956586025,0.09684149353766892,0.07000095036186753,0.09084151791317205
kalman,BNBUSDT,2,year2024,366,-0.033036898867520814,0.0355340293272102,-0.2277292274930236,0.29989959891318074,0.5373785670916819,0.42306086824529454,0.43835937619847365,478.68671109716774,0.3226888302148386,-0.2066534334383952,0.09573734221943357
kalman,BNBUSDT,2,year2025,365,-0.1785762123540322,-0.5620657766858114,-0.25947495693507105,0.2808018720329327,0.5245814307458143,0.43562595129375953,0.46605176406327714,534.4505358440492,0.1351947115866864,-0.17105163330127748,0.10689010716880985
kalman,BNBUSDT,5,all,998,-0.46500551421911274,-0.6220226952531458,-0.585406506897443,0.297662315536577,0.5242788616334488,0.4405599575069613,0.4780250731097686,1467.2171137877885,0.5547177878576905,-0.3077034135611787,0.7336085568938941
kalman,BNBUSDT,5,development_2024_25,731,-0.4139024347020379,-0.7671537542962289,-0.5249760048376084,0.2926271736466061,0.5309887520899833,0.42933481532147744,0.45218603654147893,1013.0540826548734,0.45788560927079547,-0.3777032773948616,0.5065270413274368
kalman,BNBUSDT,5,reused_2026,267,-0.08719210340192374,-0.24862652731142754,-0.2785922505395545,0.3115271494939051,0.5059083375745476,0.47129246289118853,0.5487679035645242,454.16303113291497,0.09683217858689512,0.06999986383368297,0.2270815155664575
kalman,BNBUSDT,5,year2024,366,-0.1623949622439652,-0.43627681553464215,-0.2834491193893758,0.3021723590359834,0.5373785670916819,0.42306086824529454,0.4383588355368645,478.6488569668661,0.32269328036064765,-0.20665628270567604,0.23932442848343308
kalman,BNBUSDT,5,year2025,365,-0.30026977050169923,-1.1213105473128882,-0.33862295272833176,0.28306443464248343,0.5245814307458143,0.43562595129375953,0.46605112028857193,534.4052256880072,0.13519232891014776,-0.17104699468918558,0.26720261284400365
trend_ensemble_long,BNBUSDT,2,all,998,0.4142376244722277,0.7709785004897696,-0.1946247899288014,0.18653886990794313,0.5157461651913972,0.0,0.20716332290704184,332.8953398873486,0.45901429827546997,0.0,0.06657906797746974
trend_ensemble_long,BNBUSDT,2,development_2024_25,731,0.3587575454584726,0.8840941716072033,-0.1946247899288014,0.1940061554880007,0.5173959331321866,0.0,0.1997560552425933,228.74899819188167,0.38789114377694667,0.0,0.04574979963837633
trend_ensemble_long,BNBUSDT,2,reused_2026,267,0.04083147813912236,0.41285235167754925,-0.1214213427449885,0.16464351374947833,0.5112293847991984,0.0,0.2274431456138279,104.14634169546692,0.0711231544985234,0.0,0.020829268339093383
trend_ensemble_long,BNBUSDT,2,year2024,366,0.23019693213716397,1.116603835280581,-0.09658264502200697,0.2031270441807465,0.5325718257670478,0.0,0.19916223834069274,112.88624834177766,0.24900115578656482,0.0,0.022577249668355535
trend_ensemble_long,BNBUSDT,2,year2025,365,0.10450409195702304,0.628650769766424,-0.1183344563042803,0.18464226042212006,0.5021784627092847,0.0,0.20035149904011548,115.86274985010402,0.13888998799038185,0.0,0.023172549970020804
trend_ensemble_long,BNBUSDT,5,all,998,0.2798197436939791,0.5745663535641737,-0.21802677117618707,0.1868078591347022,0.5157461651913972,0.0,0.20716320880778885,332.8816948422613,0.45901375544994427,0.0,0.16644084742113066
trend_ensemble_long,BNBUSDT,5,development_2024_25,731,0.26863841619078044,0.7067342962086589,-0.21802677117618707,0.194264444042606,0.5173959331321866,0.0,0.19975595327137172,228.74005496741916,0.3878908705641745,0.0,0.11437002748370959
trend_ensemble_long,BNBUSDT,5,reused_2026,267,0.0088136441089115,0.15344206183651932,-0.1414515627792755,0.1649394198159627,0.5112293847991984,0.0,0.22744299831011422,104.14163987484218,0.0711228848857698,0.0,0.05207081993742109
trend_ensemble_long,BNBUSDT,5,year2024,366,0.18923178457981704,0.9495105291125072,-0.10090849315575068,0.20333129014250306,0.5325718257670478,0.0,0.1991621408520998,112.88205689926585,0.24900382787013248,0.0,0.05644102844963293
trend_ensemble_long,BNBUSDT,5,year2025,365,0.06677136672647954,0.4399249338650499,-0.1337897145213739,0.18496039556026958,0.5021784627092847,0.0,0.20035139257398418,115.85799806815328,0.138887042694042,0.0,0.057928999034076646
regime_gate_long,BNBUSDT,2,all,998,0.3523094673473992,0.7003988273480501,-0.21974563251851142,0.1803861642399158,0.5119492396523593,0.0,0.185779524715152,323.02833954950495,0.4081653257408505,0.0,0.064605667909901
regime_gate_long,BNBUSDT,2,development_2024_25,731,0.39773804931439605,0.9754639886718751,-0.16583097412454628,0.1894494152374463,0.5220192349959458,0.0,0.17965583375037314,217.25719632880927,0.4105874625592967,0.0,0.04345143926576186
regime_gate_long,BNBUSDT,2,reused_2026,267,-0.03250149911085243,-0.22051372037757458,-0.1795660667033544,0.1528609263497129,0.48437932730718425,0.0,0.20254513555879758,105.7711432206957,-0.002422136818446108,0.0,0.021154228644139142
regime_gate_long,BNBUSDT,2,year2024,366,0.1868268050661237,0.9480823598496391,-0.11213450444592543,0.20106001981170257,0.5536834538671305,0.0,0.18266541125604344,106.28735907135285,0.21010966187143584,0.0,0.02125747181427057
regime_gate_long,BNBUSDT,2,year2025,365,0.17771021293753186,1.009265923944302,-0.0776324321019346,0.1773217107034904,0.49026826484018254,0.0,0.17663801082687905,110.96983725745642,0.20047780068786075,0.0,0.022193967451491284
regime_gate_long,BNBUSDT,5,all,998,0.2274054289735259,0.5035378136944156,-0.24209603165125215,0.1805755595678358,0.511945760471776,0.0,0.1857794163597222,323.0144170089908,0.4081616873543343,0.0,0.1615072085044954
regime_gate_long,BNBUSDT,5,development_2024_25,731,0.30954046722060036,0.8031155020938725,-0.18846550133081474,0.18960531189334204,0.5220144850339455,0.0,0.17965573893357048,217.24826724247924,0.41058395336377207,0.0,0.10862413362123963
regime_gate_long,BNBUSDT,5,reused_2026,267,-0.06272050410278585,-0.5030451590415801,-0.19889737096667437,0.1531364914741412,0.48437932730718425,0.0,0.20254499013693916,105.76614976651155,-0.0024222660094378318,0.0,0.052883074883255776
regime_gate_long,BNBUSDT,5,year2024,366,0.1495793890969368,0.789566716610711,-0.12108394002092282,0.20116465729406938,0.5536739669211681,0.0,0.1826653159288757,106.28310721584337,0.2101090278870884,0.0,0.05314155360792168
regime_gate_long,BNBUSDT,5,year2025,365,0.1391474826713115,0.8206704422935017,-0.08540001896350857,0.17753660673230218,0.49026826484018254,0.0,0.17663791652183977,110.96516002663589,0.2004749254766837,0.0,0.05548258001331794
expanding_tree,BNBUSDT,2,all,998,0.19739772453715076,0.38872750396776906,-0.35958368676511965,0.2502334521459887,0.7636969641955222,0.15226981741260298,0.3613606334635195,457.27788108274484,0.5087091209892229,-0.1354097712489316,0.09145557621654898
expanding_tree,BNBUSDT,2,development_2024_25,731,0.7314387851315489,1.1818586500440662,-0.26611882433608036,0.26067106470733037,0.8096254951214745,0.11851630186958505,0.3929159390841417,329.10380294081403,0.7584572360458479,-0.05890573196141436,0.0658207605881628
expanding_tree,BNBUSDT,2,reused_2026,267,-0.3084377369736586,-2.214261866182275,-0.3546424052256252,0.21671856855977104,0.6379525593008738,0.24468112775697046,0.27496764316885725,128.17407814193086,-0.2497481150566252,-0.07650403928751724,0.025634815628386175
expanding_tree,BNBUSDT,2,year2024,366,0.10470034345189072,0.5009084901132844,-0.26611882433608036,0.2724589459442179,0.7686877299344813,0.13970476624165148,0.36230290837712886,187.38916547208174,0.2739235108840366,-0.09464223604680816,0.03747783309441635
expanding_tree,BNBUSDT,2,year2025,365,0.5673379621855361,1.9334349870355159,-0.07868766903910251,0.2483382397053602,0.8506754185692542,0.09726978691019789,0.42361284110816,141.71463746873223,0.4845337251618114,0.0357365040853938,0.02834292749374645
expanding_tree,BNBUSDT,5,all,998,0.04389930737381453,0.18821563143348052,-0.3819007521437092,0.2502467135974514,0.7636969641955222,0.15226981741260298,0.36136047518892633,457.25687783777437,0.5087185286268945,-0.13540957525096647,0.22862843891888715
expanding_tree,BNBUSDT,5,development_2024_25,731,0.5686548620534166,0.9925595407162519,-0.2886613367167765,0.2606938645119649,0.8096254951214745,0.11851630186958505,0.39291577187107163,329.0883466787211,0.7584665632159727,-0.058905887501110976,0.16454417333936056
expanding_tree,BNBUSDT,5,reused_2026,267,-0.3345258204170415,-2.4569773425303105,-0.3739400411353939,0.21667737615293364,0.6379525593008738,0.24468112775697046,0.274967509366274,128.16853115905323,-0.24974803458907824,-0.0765036877498555,0.06408426557952662
expanding_tree,BNBUSDT,5,year2024,366,0.044309104737469074,0.2951171673880464,-0.2775339084438908,0.2724630939672939,0.7686877299344813,0.13970476624165148,0.36230273009182146,187.38009002363182,0.2739315541124339,-0.09464223210238401,0.09369004501181591
expanding_tree,BNBUSDT,5,year2025,365,0.5020982340738713,1.7619442134667163,-0.07893337680915657,0.24835544917321037,0.8506754185692542,0.09726978691019789,0.42361268499766225,141.70825665508926,0.48453500910353886,0.03573634460127306,0.07085412832754462
rolling_tree,BNBUSDT,2,all,998,-0.30120712838180563,-0.3104873858785989,-0.6080092906289846,0.2881059459433559,0.7019038076152304,0.26135313600487853,0.5028964350817964,546.5077610131136,0.22114305954713803,-0.32431198566174485,0.10930155220262273
rolling_tree,BNBUSDT,2,development_2024_25,731,0.06674502242972324,0.25506119862585297,-0.4149025276549635,0.28619053566739433,0.8214726782185742,0.1386236688852134,0.4988300225412072,353.7619662566142,0.43338398809152795,-0.18021367535331012,0.07075239325132285
rolling_tree,BNBUSDT,2,reused_2026,267,-0.3449298033502376,-1.8259698131693554,-0.36378125272613293,0.29256323227638764,0.37454483978360387,0.5973652725759467,0.5140295720374917,192.74579475649952,-0.2122409285443899,-0.14409831030843476,0.03854915895129991
rolling_tree,BNBUSDT,2,year2024,366,0.4325898014286105,1.339104637815137,-0.20007075691968457,0.30137406502325254,0.8383329538554948,0.12340774668968392,0.4693692446657746,167.92098879889198,0.4818548207032433,-0.035300599709941316,0.033584197759778396
rolling_tree,BNBUSDT,2,year2025,365,-0.25537301650064625,-0.9594508953021259,-0.3177669129266525,0.2694091934282814,0.8045662100456622,0.1538812785388128,0.5283715148765724,185.84097745772218,-0.04847083261171539,-0.14491307564336883,0.03716819549154443
rolling_tree,BNBUSDT,5,all,998,-0.40688058290465057,-0.5184095732400735,-0.6633102652526661,0.28814674677930124,0.7019038076152304,0.26135313600487853,0.5028962134152689,546.476626817595,0.22114162608708565,-0.32431191913641244,0.2732383134087975
rolling_tree,BNBUSDT,5,development_2024_25,731,-0.04067030620774037,0.07003230217176822,-0.46351909202316266,0.28637365136560217,0.8214726782185742,0.1386236688852134,0.4988298339711154,353.74255310421137,0.4333836858065403,-0.18021439421114907,0.1768712765521057
rolling_tree,BNBUSDT,5,reused_2026,267,-0.38173557961003957,-2.0994045012835216,-0.3989486182587991,0.29211026004387386,0.37454483978360387,0.5973652725759467,0.5140292597586253,192.73407371338362,-0.2122420597194546,-0.14409752492526337,0.09636703685669182
rolling_tree,BNBUSDT,5,year2024,366,0.3622065570778874,1.171673547808762,-0.22985435428372192,0.3015755580592867,0.8383329538554948,0.12340774668968392,0.46936907646501885,167.91244885955197,0.48185653249967847,-0.03530161728815396,0.08395622442977599
rolling_tree,BNBUSDT,5,year2025,365,-0.2957531375783804,-1.1654416580760265,-0.3466069698898745,0.2695548253086698,0.8045662100456622,0.1538812785388128,0.5283713058813383,185.8301042446594,-0.04847284669313824,-0.14491277692299515,0.09291505212232971
action_tcn,BNBUSDT,2,all,998,-0.2961884521913971,-0.281258095838428,-0.517173998465185,0.29886378800584784,0.6597065477257263,0.30718209066216057,0.5041038627240818,973.1928735914939,0.3834395270824092,-0.3987435194726054,0.19463857471829882
action_tcn,BNBUSDT,2,development_2024_25,731,0.12118021562618209,0.33848872215087816,-0.34459543370397083,0.3031820825591012,0.6867305061559508,0.2771080331357349,0.4936718669516663,755.6302393043776,0.5486585659763678,-0.16878710812860226,0.15112604786087555
action_tcn,BNBUSDT,2,reused_2026,267,-0.37225832386319546,-2.0842456201227826,-0.37896335919195645,0.2855516863754929,0.5857196053568348,0.3895196788712135,0.5326648698762756,217.56263428711628,-0.1652190388939585,-0.22995641134400324,0.04351252685742326
action_tcn,BNBUSDT,2,year2024,366,0.2683902208264881,0.9428407791205209,-0.23003176560425376,0.29823789816566,0.802823315118397,0.14462849119611412,0.4478347694263365,204.293397653555,0.32899903574028355,-0.0009299317634636614,0.040858679530711
action_tcn,BNBUSDT,2,year2025,365,-0.11606050155793812,-0.24800938296300665,-0.29210893228939694,0.3081844927775153,0.5703196347031964,0.4099505327245054,0.5396345455661065,551.3368416508226,0.21965953023608425,-0.16785717636513856,0.11026736833016454
action_tcn,BNBUSDT,5,all,998,-0.474401906591589,-0.6371264397782761,-0.6345720856137932,0.29925890137662664,0.6597065477257263,0.30718209066216057,0.5041034320980621,973.1143609959947,0.3834358754475088,-0.3987364675131101,0.48655718049799734
action_tcn,BNBUSDT,5,development_2024_25,731,-0.10624221619130092,-0.03423035430341305,-0.4576489710937194,0.3037383700983963,0.6867305061559508,0.2771080331357349,0.49367140523013364,755.5641789770116,0.548656368872041,-0.16877951075631778,0.37778208948850583
action_tcn,BNBUSDT,5,reused_2026,267,-0.4119233388171417,-2.395726087575147,-0.41766550331456875,0.28559624063120986,0.5857196053568348,0.3895196788712135,0.5326645243844125,217.55018201898304,-0.16522049342453238,-0.22995695675679226,0.10877509100949154
action_tcn,BNBUSDT,5,year2024,366,0.19298493410633033,0.737915328099198,-0.2598931032409195,0.2981500106967604,0.802823315118397,0.14462849119611412,0.44783457617753786,204.28327151281928,0.3289998267888402,-0.0009301045607795991,0.10214163575640964
action_tcn,BNBUSDT,5,year2025,365,-0.2508222373502009,-0.7808954566054503,-0.3701982830054573,0.3091769272732219,0.5703196347031964,0.4099505327245054,0.5396338146362982,551.2809074641923,0.2196565420832008,-0.16784940619553818,0.2756404537320962
vol_long,BNBUSDT,2,all,998,0.8916745084599376,0.7725044577516808,-0.48034909844733586,0.4106063802290002,1.0,0.0,0.8200984555514647,8.966842962998927,0.9101359827091933,0.0,0.0017933685925997857
vol_long,BNBUSDT,2,development_2024_25,731,0.9825770002700314,1.030788833174786,-0.3588363446703604,0.41472267176198174,1.0,0.0,0.7852317549612533,6.668413462728692,0.8997133360741455,0.0,0.0013336826925457385
vol_long,BNBUSDT,2,reused_2026,267,-0.04585067404580612,0.03810965388669088,-0.37259710136565927,0.3994567073808366,1.0,0.0,0.9155574747703578,2.298429500270234,0.010422646635047966,0.0,0.0004596859000540469
vol_long,BNBUSDT,2,year2024,366,0.5743827057729254,1.2718732876658214,-0.3588363446703604,0.42734878496906686,1.0,0.0,0.7557933939041301,4.270960122865695,0.558834187564009,0.0,0.0008541920245731391
vol_long,BNBUSDT,2,year2025,365,0.2592725980794546,0.7736532382364717,-0.265134877078695,0.4021589454236893,1.0,0.0,0.8147507690623685,2.397453339862997,0.3408791485101365,0.0,0.0004794906679725994
vol_long,BNBUSDT,5,all,998,0.8865923265071256,0.7700949142265741,-0.4806387227358291,0.41062168059896614,1.0,0.0,0.8200984492841293,8.966512240756296,0.9101371563566716,0.0,0.004483256120378148
vol_long,BNBUSDT,5,development_2024_25,731,0.9786147703488146,1.0283429677749407,-0.35910007445757874,0.4147475697799501,1.0,0.0,0.7852317479962732,6.66814177012684,0.8997142778348558,0.0,0.0033340708850634207
vol_long,BNBUSDT,5,reused_2026,267,-0.046508519607111,0.03573991278285808,-0.3728232313867672,0.3994448007445648,1.0,0.0,0.9155574704130538,2.2983704706294557,0.010422878521815726,0.0,0.0011491852353147278
vol_long,BNBUSDT,5,year2024,366,0.572366732341745,1.2688029157596266,-0.35910007445757874,0.42738883236201775,1.0,0.0,0.7557933852428493,4.270804950935527,0.5588346869781586,0.0,0.002135402475467764
vol_long,BNBUSDT,5,year2025,365,0.2583672305264537,0.7718564562086768,-0.26527964008073657,0.40216819828860983,1.0,0.0,0.8147507637983366,2.397336819191313,0.34087959085669706,0.0,0.0011986684095956566
hold,BNBUSDT,2,all,998,1.4857903307346594,0.8935719558073543,-0.5815555079428165,0.5270925977472051,1.0,0.0,0.9999999993018703,1.9995170417542967,1.4033314417308023,0.0,0.0003999034083508594
hold,BNBUSDT,2,development_2024_25,731,1.766341650395184,1.1942435319435691,-0.36758899329679773,0.5518348498581462,1.0,0.0,0.9999999990468822,0.9998000399920016,1.436289431252689,0.0,0.00019996000799840034
hold,BNBUSDT,2,reused_2026,267,-0.10141600536594852,-0.09682604583204914,-0.4238088213600758,0.4523440146170097,1.0,0.0,0.9999999999999845,0.999717001762295,-0.03295798952188683,0.0,0.00019994340035245904
hold,BNBUSDT,2,year2024,366,1.2462229683847448,1.6753576914917272,-0.3473596895737253,0.5811361897017667,1.0,0.0,0.9999999980963739,0.9998000399920016,1.0160324545360253,0.0,0.00019996000799840034
hold,BNBUSDT,2,year2025,365,0.2315525614914602,0.6593576114296846,-0.36758899329679784,0.5210791992816007,1.0,0.0,0.9999999999999946,0.0,0.4202569767166638,0.0,0.0
hold,BNBUSDT,5,all,998,1.4842993036952539,0.8931569143809981,-0.5815555079428176,0.5270900271296135,1.0,0.0,0.9999999982552065,1.9992172516373348,1.4033311539507098,0.0,0.0009996086258186672
hold,BNBUSDT,5,development_2024_25,731,1.765512162643955,1.1939720306965405,-0.3675889932968096,0.5518345567851937,1.0,0.0,0.9999999976179279,0.9995002498750625,1.4362891434725975,0.0,0.0004997501249375312
hold,BNBUSDT,5,reused_2026,267,-0.10168563449015788,-0.0977461894517498,-0.42380882136007225,0.4523329391548991,1.0,0.0,0.9999999999999655,0.9997170017622722,-0.032957989521887304,0.0,0.0004998585008811361
hold,BNBUSDT,5,year2024,366,1.2455494382592334,1.6748418882704492,-0.34735968957372965,0.5811360790572164,1.0,0.0,0.9999999952423786,0.9995002498750625,1.0160321667559409,0.0,0.0004997501249375312
hold,BNBUSDT,5,year2025,365,0.23155256149149728,0.6593576114297478,-0.36758899329680994,0.5210791992815942,1.0,0.0,0.9999999999999853,0.0,0.4202569767166564,0.0,0.0
trend24,BTCUSDT,2,all,998,-0.21480049563022596,-0.16196527634399527,-0.5115359690268401,0.28984282897634145,0.5053475005566689,0.45908135715876197,0.506874195626582,1418.4469829442737,0.4505545879822641,-0.2847336237949268,0.2836893965888547
trend24,BTCUSDT,2,development_2024_25,731,-0.4130606271680082,-0.7636346657031733,-0.5115359690268401,0.29271365780687336,0.5091238825838522,0.4537124147257693,0.49839561591082204,1033.9575498767203,0.23951222829237662,-0.470729763342062,0.20679150997534407
trend24,BTCUSDT,2,reused_2026,267,0.33778638938664574,1.5544221822426956,-0.17850980529141502,0.2808156872121524,0.49500841717887484,0.47378059655395915,0.5300870861592432,384.4894330675535,0.21104235968988758,0.1859961395471353,0.07689788661351071
trend24,BTCUSDT,2,year2024,366,0.046206274764088784,0.29702850879037845,-0.2449491152429425,0.30607520295868207,0.5182228365267649,0.4435257973530165,0.4806368776107397,497.40454576586797,0.3736644320747462,-0.17708850231149262,0.09948090915317362
trend24,BTCUSDT,2,year2025,365,-0.4389831269513821,-1.9374192757589384,-0.4579273235448168,0.27811591326560187,0.5,0.46392694063926937,0.5162030082884388,536.5530041108523,-0.13415220378236953,-0.2936412610305694,0.10731060082217045
trend24,BTCUSDT,5,all,998,-0.4869473054975777,-0.6922521910571611,-0.6422346150296354,0.2917323638365855,0.5053475005566689,0.45908135715876197,0.5068735418975031,1418.3219364999222,0.450546351431956,-0.28473393879047304,0.7091609682499611
trend24,BTCUSDT,5,development_2024_25,731,-0.5695995720838702,-1.2818235474650708,-0.6295485269180665,0.2946492345227679,0.5091238825838522,0.4537124147257693,0.49839497317255044,1033.8671076181593,0.23950876450756242,-0.4707302660510511,0.5169335538090798
trend24,BTCUSDT,5,reused_2026,267,0.1920357444495815,0.9878949571444089,-0.213071862889344,0.2826033365272621,0.49500841717887484,0.47378059655395915,0.5300864023392272,384.45482888176286,0.21103758692439362,0.18599632726057808,0.1922274144408814
trend24,BTCUSDT,5,year2024,366,-0.09882802978021843,-0.18603410990548114,-0.27720081068012015,0.3080038962457222,0.5182228365267649,0.4435257973530165,0.48063629461089585,497.3630778855247,0.37365761434986605,-0.1770939723062681,0.2486815389427624
trend24,BTCUSDT,5,year2025,365,-0.5223992288495596,-2.495949962501377,-0.5372053856271808,0.2800357428110981,0.5,0.46392694063926937,0.5162023056480726,536.5040297326348,-0.1341488498423037,-0.29363629374478306,0.26825201486631733
trend72,BTCUSDT,2,all,998,-0.06792742831758414,0.06239708050799413,-0.5438589622926917,0.30013855977507586,0.5107472009446691,0.46025034971220025,0.5341081848058136,778.6228825242733,0.36888597804068946,-0.15816553714998663,0.15572457650485466
trend72,BTCUSDT,2,development_2024_25,731,0.006262346191867829,0.15584899636213623,-0.40832655617617974,0.29350670727838923,0.5162662365948459,0.45166676994110183,0.5242794965611883,564.0847210759538,0.3861572261379964,-0.17171709388483042,0.11281694421519077
trend72,BTCUSDT,2,reused_2026,267,-0.07372806384956976,-0.1736233218435826,-0.3980220093480016,0.3181284891048976,0.49563703217957805,0.48375071230648103,0.5610174398875403,214.53816144831956,-0.017271248097306777,0.013551556734843734,0.04290763228966392
trend72,BTCUSDT,2,year2024,366,0.47484470219771024,1.394614950678562,-0.17714584989575322,0.31246852615653864,0.5300403978620192,0.4366983695939613,0.5197328193731833,260.8606112082204,0.5583418540397221,-0.06382910921116522,0.052172122241644095
trend72,BTCUSDT,2,year2025,365,-0.31771640451879113,-1.269370060481818,-0.3516739462075269,0.27206912648430537,0.5024543378995434,0.46667617960426183,0.5288386303990236,303.2241098677333,-0.17218462790172587,-0.1078879846736652,0.060644821973546675
trend72,BTCUSDT,5,all,998,-0.26209573220020355,-0.22046093895755017,-0.6088925500185949,0.30113133494291155,0.5107472009446691,0.46025034971220025,0.5341078580056708,778.574477247176,0.3688876578779522,-0.15816922777666828,0.389287238623588
trend72,BTCUSDT,5,development_2024_25,731,-0.15040009088030537,-0.1305957406044841,-0.4645626583051945,0.29447983756863233,0.5162662365948459,0.45166676994110183,0.5242791803001964,564.0495237470546,0.38615991855888127,-0.17172044160239497,0.2820247618735273
trend72,BTCUSDT,5,reused_2026,267,-0.13146851844138097,-0.44757834791710316,-0.42548171111665434,0.3191729649850584,0.49563703217957805,0.48375071230648103,0.5610170842330183,214.52495350012134,-0.017272260680928853,0.013551213825726605,0.10726247675006068
trend72,BTCUSDT,5,year2024,366,0.363822323540423,1.1424662695157048,-0.19646504943910792,0.3132766471510528,0.5300403978620192,0.4366983695939613,0.5197325351092641,260.8446911428158,0.5583448895374994,-0.0638306422329594,0.13042234557140792
trend72,BTCUSDT,5,year2025,365,-0.3770450193877357,-1.5956085781680416,-0.4059183919817939,0.2731932925540219,0.5024543378995434,0.46667617960426183,0.5288382820532957,303.2048326042389,-0.1721849709786182,-0.10788979936943557,0.15160241630211946
trend168,BTCUSDT,2,all,998,0.1712154777114403,0.34146123806173956,-0.3576920758694724,0.2973039794447871,0.5112307949231796,0.4494608530844112,0.5339174695837003,447.5845472405143,0.4841590602472829,-0.11074093407403965,0.08951690944810288
trend168,BTCUSDT,2,development_2024_25,731,-0.08665092865244817,-0.009602903188337794,-0.35623390942289224,0.29266981151528765,0.5146013831889346,0.44275743006599505,0.5265091160462665,319.29230523503185,0.40408720472616305,-0.3369592085529931,0.06385846104700638
trend168,BTCUSDT,2,reused_2026,267,0.2823306164678432,1.2500518329593682,-0.17413375885042637,0.3097076372923268,0.5020027049521432,0.46781367041198496,0.5542002652236407,128.2922420054825,0.08007185552111977,0.22621827447895346,0.025658448401096504
trend168,BTCUSDT,2,year2024,366,0.10322437267592699,0.4588764006247529,-0.23642963857028643,0.3310526884703928,0.5541894353369764,0.41529899283672783,0.5360630368363438,146.0638916370904,0.38230593213780245,-0.20187749401531543,0.02921277832741808
trend168,BTCUSDT,2,year2025,365,-0.17210941493961207,-0.6356393766303607,-0.21375539311818914,0.2485011620995257,0.4749048706240487,0.47029109589041096,0.5169290201307368,173.22841359794143,0.021781272588360635,-0.13508171453767776,0.03464568271958829
trend168,BTCUSDT,5,all,998,0.02404688383678355,0.17646925933071914,-0.4135945583298861,0.29780316472079627,0.5112307949231796,0.4494608530844112,0.5339172920890677,447.56351599975994,0.4841600005314842,-0.11074338621529589,0.22378175799987998
trend168,BTCUSDT,5,development_2024_25,731,-0.17008165422287747,-0.1722444277473527,-0.40198199450388183,0.2931383763102104,0.5146013831889346,0.44275743006599505,0.526508945595942,319.27738470643925,0.40408890654946683,-0.3369617805453955,0.1596386923532196
trend168,BTCUSDT,5,reused_2026,267,0.2339128169023459,1.078539135794466,-0.181003738564385,0.3103006034150298,0.5020027049521432,0.46781367041198496,0.5542000684429061,128.28613129332072,0.08007109398201738,0.2262183943300996,0.06414306564666036
trend168,BTCUSDT,5,year2024,366,0.05592438757223772,0.32685497395127494,-0.25838869085643135,0.3315481738241837,0.5541894353369764,0.41529899283672783,0.5360628851885798,146.05719035887063,0.3823077968592886,-0.20188012057843216,0.0730285951794353
trend168,BTCUSDT,5,year2025,365,-0.2140361984769995,-0.8427467539213422,-0.2418434373201367,0.24893160886045945,0.4749048706240487,0.47029109589041096,0.5169288308263379,173.22019434756862,0.021781109690178282,-0.1350816599669633,0.08661009717378432
trend336,BTCUSDT,2,all,998,0.6428059806386603,0.7625888396728757,-0.28886102844570016,0.29441028334381175,0.5182030728122912,0.44605878423513695,0.5326116233275036,300.0081831877422,0.7463480288588499,-0.0662564092522871,0.06000163663754844
trend336,BTCUSDT,2,development_2024_25,731,0.2099551629856533,0.4722421891174888,-0.28886102844570016,0.289757242362157,0.52234382124943,0.440264477884177,0.5235203772129774,214.79920397053553,0.5709068083082011,-0.2446275430995149,0.0429598407941071
trend336,BTCUSDT,2,reused_2026,267,0.3577412047111854,1.5132523036387509,-0.19043109763286314,0.30699596759427805,0.5068664169787765,0.46192259675405745,0.557501888906974,85.2089792172067,0.1754412205506488,0.1783711338472278,0.017041795843441343
trend336,BTCUSDT,2,year2024,366,0.5027271885531295,1.4222899937504656,-0.18892582743495379,0.3214885926602598,0.5719584851244687,0.39707612325440195,0.5334874110680856,92.06917520405358,0.5889326005829145,-0.11176297152634243,0.018413835040810712
trend336,BTCUSDT,2,year2025,365,-0.1948271301655008,-0.7281366750662274,-0.28008889094666245,0.25332698321632385,0.47259322678843224,0.4835711567732116,0.5135260364158006,122.73002876648195,-0.018025792274713445,-0.13286457157317244,0.024546005753296393
trend336,BTCUSDT,5,all,998,0.5014041449169695,0.650375889613809,-0.3140901025313364,0.29470694223536953,0.5182030728122912,0.44605878423513695,0.5326115133036935,299.9963174514344,0.7463478384088051,-0.06625676592925805,0.1499981587257172
trend336,BTCUSDT,5,development_2024_25,731,0.13444300535415765,0.36110458497398384,-0.3140901025313364,0.2900549302191762,0.52234382124943,0.440264477884177,0.5235202724614625,214.79091371637452,0.5709071578056772,-0.24462807487272573,0.10739545685818727
trend336,BTCUSDT,5,reused_2026,267,0.3234725216083061,1.3982229818547398,-0.19724594115400118,0.3072971904764792,0.5068664169787765,0.46192259675405745,0.5575017644485282,85.20540373505986,0.17544068060312779,0.1783713089434677,0.04260270186752993
trend336,BTCUSDT,5,year2024,366,0.46178777837586815,1.335657170377346,-0.19423171826245467,0.32176187269301987,0.5719584851244687,0.39707612325440195,0.533487322679245,92.06575390037695,0.5889339313048545,-0.1117642534200702,0.04603287695018847
trend336,BTCUSDT,5,year2025,365,-0.22393453951667874,-0.8720338522570762,-0.2942218265854952,0.2536297145857191,0.47259322678843224,0.4835711567732116,0.5135259152567818,122.72515981599759,-0.01802677349917718,-0.1328638214526555,0.06136257990799879
trend_ensemble,BTCUSDT,2,all,998,0.07608907894649897,0.22986197115623916,-0.35754484091992067,0.24370051427522474,0.5050558191489444,0.43583057520383395,0.3978009709361255,680.4804247600971,0.3832033435370317,-0.08742267015514343,0.1360960849520194
trend_ensemble,BTCUSDT,2,development_2024_25,731,-0.06798306842280766,-0.029106609863325448,-0.3459463448238662,0.23922141163133026,0.509871993323705,0.4242428560571515,0.39294941701444547,495.07591308457256,0.27635048728117373,-0.18285085143229612,0.09901518261691453
trend_ensemble,BTCUSDT,2,reused_2026,267,0.1545810408460102,0.8930403882141527,-0.215012884826854,0.2558081152984469,0.49186996401130406,0.46755575384138004,0.41108368972544396,185.40451167552447,0.10685285625585789,0.09542818127715266,0.037080902335104894
trend_ensemble,BTCUSDT,2,year2024,366,0.2607000838443967,1.008058975364247,-0.19124172274938944,0.26271096898076596,0.5346494669328036,0.404703627808136,0.3910358926672496,233.40538865421462,0.3799962509127649,-0.0655247283097451,0.04668107773084293
trend_ensemble,BTCUSDT,2,year2025,365,-0.2607147857600769,-1.3153205991375863,-0.27745606003918344,0.21249468157832627,0.48502663622526637,0.4438356164383562,0.3948681838940994,261.67052443035794,-0.10364576363159116,-0.11732612312255106,0.05233410488607159
trend_ensemble,BTCUSDT,5,all,998,-0.12262223607850142,-0.07543557406543927,-0.4382832420628019,0.24450759238456585,0.5050558191489444,0.43583057520383395,0.3978007237628032,680.44690209029,0.38320006346723745,-0.08742418293058082,0.34022345104514495
trend_ensemble,BTCUSDT,5,development_2024_25,731,-0.19662363765145652,-0.3370381200336953,-0.4000476608454341,0.24005351083449666,0.509871993323705,0.4242428560571515,0.39294917388185496,495.0517045527374,0.27634824580743766,-0.18285271387891944,0.24752585227636872
trend_ensemble,BTCUSDT,5,reused_2026,267,0.0921129934127296,0.5946698726081548,-0.2466807517154025,0.25655798382336736,0.49186996401130406,0.46755575384138004,0.41108343148929416,185.3951975375526,0.10685181765979986,0.09542853094833872,0.09269759876877628
trend_ensemble,BTCUSDT,5,year2024,366,0.17544093978512976,0.7408636252611189,-0.2081990117732313,0.2633958999245872,0.5346494669328036,0.404703627808136,0.39103566922122796,233.394315519087,0.37999392469926296,-0.06552668627977282,0.11669715775954352
trend_ensemble,BTCUSDT,5,year2025,365,-0.31653191993176644,-1.6755107846610369,-0.3313997210269707,0.2134937640711936,0.48502663622526637,0.4438356164383562,0.3948679210210043,261.65738903365036,-0.10364567889182522,-0.11732602759914668,0.1308286945168252
breakout,BTCUSDT,2,all,998,0.22829100892315535,0.4089596732057025,-0.34645411878557153,0.27416367329173064,0.5207045794065871,0.43939153471480324,0.4738088681491565,1044.6800985214884,0.5055026421914479,0.01447398406583189,0.20893601970429768
breakout,BTCUSDT,2,development_2024_25,731,0.02464101528548368,0.17890501966798825,-0.34372001781845984,0.27257756558529256,0.5319229057665796,0.4256820945432436,0.47045391959819277,753.2881182746214,0.358161956340893,-0.10275346235589627,0.1506576236549243
breakout,BTCUSDT,2,reused_2026,267,0.19875252951974298,1.02441500408602,-0.18398260578694814,0.2787744905089857,0.48999073457829273,0.4769256199785112,0.4829941392755776,291.391980246867,0.147340685850555,0.11722744642172812,0.058278396049373404
breakout,BTCUSDT,2,year2024,366,0.3728979210104395,1.2175668063631007,-0.1979891946311919,0.29460528358148397,0.5578387361986422,0.3979868700667881,0.46405722123788307,348.92437589155315,0.48095676106913443,-0.04984357355236098,0.06978487517831064
breakout,BTCUSDT,2,year2025,365,-0.2536655496343412,-1.0570418451001935,-0.3019122552661837,0.2478802197584826,0.5059360730593608,0.453453196347032,0.47686814315948967,404.36374238306826,-0.12279480472824146,-0.0529098888035353,0.08087274847661366
breakout,BTCUSDT,5,all,998,-0.10218733941222835,-0.007939528212799385,-0.45962920959527354,0.2753119811216872,0.5207045794065871,0.43939153471480324,0.4738083738513139,1044.6125612273725,0.5054925881197012,0.01446419301129491,0.5223062806136862
breakout,BTCUSDT,5,development_2024_25,731,-0.18262224124455118,-0.23281351579204612,-0.4273040567477451,0.2737510512891073,0.5319229057665796,0.4256820945432436,0.47045343635536463,753.2394487517198,0.3581560702017769,-0.10276343725493123,0.3766197243758599
breakout,BTCUSDT,5,reused_2026,267,0.09840603193655828,0.5942746409320048,-0.2250118053173894,0.27986976143894077,0.48999073457829273,0.4769256199785112,0.48299361471101016,291.37311247565265,0.14733651791792426,0.11722763026622618,0.14568655623782634
breakout,BTCUSDT,5,year2024,366,0.23644719990367502,0.8610612144058354,-0.22271495633587324,0.29560660307848013,0.5578387361986422,0.3979868700667881,0.4640567946576657,348.9027950490199,0.4809510847730723,-0.04985160116038333,0.1744513975245099
breakout,BTCUSDT,5,year2025,365,-0.33893031678253205,-1.5363079005098428,-0.3785623533498129,0.2492164740710297,0.5059360730593608,0.453453196347032,0.4768676030988107,404.3366537026999,-0.12279501457129538,-0.05291183609454791,0.20216832685135
range_only,BTCUSDT,2,all,998,-0.33103401012636147,-0.7025690771797793,-0.3571274562011433,0.18470769703198045,0.44198642154615075,0.4863911790867837,0.29966203346090736,522.5195828854132,0.006082529371854856,-0.251839469129702,0.10450391657708266
range_only,BTCUSDT,2,development_2024_25,731,-0.1702893005028694,-0.4206884390385703,-0.3092965845249134,0.18192609794680226,0.43172879616963067,0.4921364296333016,0.2954253419964815,379.4082540667358,0.09884899504600722,-0.1701570449670659,0.07588165081334716
range_only,BTCUSDT,2,reused_2026,267,-0.19373585241327618,-1.433054109860536,-0.21001281700486196,0.1922607924407416,0.47007003259572455,0.4706616729088639,0.3112613647736237,143.11132881867746,-0.09276646567415242,-0.08168242416263609,0.028622265763735492
range_only,BTCUSDT,2,year2024,366,-0.2558987281673931,-1.388029361620332,-0.3092965845249134,0.19803298604873404,0.4102914389799636,0.5211416425493295,0.2956621290975423,176.72319351420242,0.0366266678062076,-0.2744255902205379,0.03534463870284048
range_only,BTCUSDT,2,year2025,365,0.11505077454535129,0.746898467128535,-0.10144809722711279,0.16381153976785515,0.4532248858447489,0.4630517503805175,0.29518790616363705,202.6850605525334,0.062222327239799605,0.10426854525347201,0.040537012110506684
range_only,BTCUSDT,5,all,998,-0.4280951780799319,-1.0182583741421984,-0.4490471110828588,0.18386969407198997,0.44198642154615075,0.4863911790867837,0.29966188746281136,522.4961622447668,0.006087583465229439,-0.25183739247270004,0.2612480811223834
range_only,BTCUSDT,5,development_2024_25,731,-0.25955516701601555,-0.7373323135021226,-0.3412576862958565,0.1810634972006507,0.43172879616963067,0.4921364296333016,0.2954251978172795,379.39113624369605,0.09885365722098588,-0.17015587508873156,0.189695568121848
range_only,BTCUSDT,5,reused_2026,267,-0.22761994352057469,-1.7459362822298257,-0.24267798975988042,0.1914794211631578,0.47007003259572455,0.4706616729088639,0.31126121379570965,143.10502600107077,-0.09276607375575639,-0.08168151738396837,0.07155251300053539
range_only,BTCUSDT,5,year2024,366,-0.294322294582507,-1.6613630849506063,-0.3392851898205076,0.19733120623998354,0.4102914389799636,0.5211416425493295,0.29566200058315134,176.71569284906218,0.03663177008796884,-0.27442438007373726,0.0883578464245311
range_only,BTCUSDT,5,year2025,365,0.04926771428314036,0.37700015873588244,-0.11544826504148997,0.16276722892333723,0.4532248858447489,0.4630517503805175,0.29518774627670663,202.67544339463385,0.06222188713301704,0.1042685049850057,0.10133772169731692
down_rebound,BTCUSDT,2,all,998,0.5092510081287824,0.6734709049690112,-0.23639896197722787,0.28159535143501807,0.4878060418165018,0.2750501002004008,0.4488597585372531,963.7789942324647,0.7443929626058752,-0.02549906465860799,0.1927557988464929
down_rebound,BTCUSDT,2,development_2024_25,731,0.3013564871999428,0.6089173749505016,-0.22027961356839632,0.27943429022283517,0.4993167833402978,0.26698111415108683,0.4449220318915169,707.3004811480556,0.6323706559571746,-0.14045699695083189,0.14146009622961114
down_rebound,BTCUSDT,2,reused_2026,267,0.159752168582304,0.8439791969671154,-0.23639896197722854,0.2879421277402596,0.4562916146483562,0.297141593841032,0.4596405756834448,256.478513084409,0.11202230664870069,0.11495793229222384,0.051295702616881794
down_rebound,BTCUSDT,2,year2024,366,0.3371313035134089,1.1049018722396828,-0.15627563754632778,0.3032660654127355,0.525047090951979,0.2468028992106861,0.4472787412572873,313.34416897663647,0.5095106237137463,-0.10708195151666278,0.06266883379532728
down_rebound,BTCUSDT,2,year2025,365,-0.026754901496559458,0.01883687720021393,-0.22027961356839743,0.25342263765222106,0.47351598173515985,0.28721461187214614,0.442558865787758,393.9563121714192,0.12286003224342826,-0.03337504543416912,0.07879126243428385
down_rebound,BTCUSDT,5,all,998,0.1302743651716909,0.2977973158638292,-0.34553436218732536,0.28294457488347924,0.4878060418165018,0.2750501002004008,0.44885931462689854,963.6825836955269,0.7444026418284797,-0.02549539325608971,0.48184129184776336
down_rebound,BTCUSDT,5,development_2024_25,731,0.05253635084792285,0.22994891212051596,-0.2638145280793617,0.2807844981692251,0.4993167833402978,0.26698111415108683,0.44492158893140804,707.229928611031,0.6323764664808808,-0.14045151644264417,0.35361496430551553
down_rebound,BTCUSDT,5,reused_2026,267,0.07385779527817782,0.4776466160894893,-0.2817607744980104,0.28929135606428885,0.4562916146483562,0.297141593841032,0.45964012917148117,256.45265508449575,0.11202617534759887,0.11495612318655443,0.1282263275422479
down_rebound,BTCUSDT,5,year2024,366,0.21715624439797332,0.7931093610119152,-0.18161272959359265,0.3048063859828842,0.525047090951979,0.2468028992106861,0.4472783603005495,313.31415586223727,0.509513095951545,-0.10707807384895107,0.15665707793111863
down_rebound,BTCUSDT,5,year2025,365,-0.13524959865072805,-0.4443675647578803,-0.263814528079363,0.25451461429317707,0.47351598173515985,0.28721461187214614,0.44255836065440585,393.91577274879387,0.12286337052933577,-0.03337344259369311,0.1969578863743969
selected_trend,BTCUSDT,2,all,998,0.3776398661332012,0.5515646678834497,-0.3947014569553776,0.28540322554644343,0.5037488110173114,0.4625935960189834,0.5120607549342076,609.9141409502756,0.5255309091058558,0.03514015967066263,0.12198282819005511
selected_trend,BTCUSDT,2,development_2024_25,731,0.08756481753988932,0.2881191886797768,-0.3947014569553776,0.284286126393958,0.5048615778321159,0.46010270245364165,0.5150469075824987,523.7683325557064,0.48917203128547754,-0.20970580787069903,0.10475366651114128
selected_trend,BTCUSDT,2,reused_2026,267,0.26671977974560734,1.2613534831667434,-0.14934521914119403,0.2886992744246026,0.5007022471910112,0.46941323345817726,0.5038851834514327,86.1458083945692,0.03635887782037842,0.24484596754136162,0.01722916167891384
selected_trend,BTCUSDT,2,year2024,366,0.47484470219771024,1.394614950678562,-0.17714584989575322,0.31246852615653864,0.5300403978620192,0.4366983695939613,0.5197328193731833,260.8606112082204,0.5583418540397221,-0.06382910921116522,0.052172122241644095
selected_trend,BTCUSDT,2,year2025,365,-0.26259028091616976,-1.0831974372064974,-0.3367442465521475,0.25196347938447144,0.47961377473363775,0.4835711567732116,0.5103481576773192,262.9077213474859,-0.06916982275424474,-0.1458766986595338,0.05258154426949719
selected_trend,BTCUSDT,5,all,998,0.1472760186260651,0.31696158102042427,-0.43981946912060343,0.28612044723526625,0.5037488110173114,0.4625935960189834,0.5120605091799744,609.8793390173272,0.5255312202538384,0.03513810256775918,0.3049396695086636
selected_trend,BTCUSDT,5,development_2024_25,731,-0.07058115424935052,0.012937649294314981,-0.43981946912060343,0.2851208895950326,0.5048615778321159,0.46010270245364165,0.5150466199504237,523.7370310402266,0.4891733176227122,-0.2097081987624505,0.2618685155201133
selected_trend,BTCUSDT,5,reused_2026,267,0.23440150140216054,1.1379589616787653,-0.15689309667919515,0.28900979185836084,0.5007022471910112,0.46941323345817726,0.5038850523515156,86.14230797710066,0.03635790263112623,0.24484630133020968,0.04307115398855033
selected_trend,BTCUSDT,5,year2024,366,0.363822323540423,1.1424662695157048,-0.19646504943910792,0.3132766471510528,0.5300403978620192,0.4366983695939613,0.5197325351092641,260.8446911428158,0.5583448895374994,-0.0638306422329594,0.13042234557140792
selected_trend,BTCUSDT,5,year2025,365,-0.3185191137376897,-1.3901853811902896,-0.3784651822901569,0.25284460805393205,0.47961377473363775,0.4835711567732116,0.5103478666678606,262.8923398974108,-0.0691715719147872,-0.14587755652949114,0.1314461699487054
selected_breakout,BTCUSDT,2,all,998,0.19329205702247965,0.3684783231668453,-0.33275088518287477,0.27991540029701706,0.5158650634602537,0.43657801714540195,0.49938520945355996,633.5385105185088,0.4109707841682277,0.0008752027339639923,0.12670770210370177
selected_breakout,BTCUSDT,2,development_2024_25,731,-0.04084091540945134,0.05926966130552168,-0.33275088518287477,0.2745633976274428,0.527359781121751,0.423672860617115,0.4923524151662009,517.9487420855095,0.3071292733496637,-0.16458959356209285,0.10358974841710192
selected_breakout,BTCUSDT,2,reused_2026,267,0.24410233525742742,1.1588261813777045,-0.1781613463603292,0.2942429387601841,0.484394506866417,0.47191011235955055,0.5186397885698877,115.58976843299929,0.10384151081856396,0.16546479629605682,0.023117953686599864
selected_breakout,BTCUSDT,2,year2024,366,0.29913874605326995,1.0057594515986648,-0.23975485966190313,0.3047433164879918,0.5865304341226472,0.36262902246508805,0.4897968456705728,243.82167676447935,0.42036330192446436,-0.06301313652130776,0.04876433535289587
selected_breakout,BTCUSDT,2,year2025,365,-0.26169619103083797,-1.1448192166011688,-0.2742126005339883,0.23999164691420752,0.4680270167427702,0.4848839421613394,0.4949149862220909,274.12706532103016,-0.11323402857480065,-0.10157645704078508,0.05482541306420605
selected_breakout,BTCUSDT,5,all,998,-0.013264749879821847,0.1205163048151881,-0.3884427352003166,0.2805673855851208,0.5158650634602537,0.43657801714540195,0.4993848819502566,633.4996301605586,0.41096036492858024,0.0008683448744101763,0.31674981508027933
selected_breakout,BTCUSDT,5,development_2024_25,731,-0.17888316245314007,-0.2218907235106285,-0.3884427352003166,0.275311572297823,0.527359781121751,0.423672860617115,0.49235205048772196,517.9147360769656,0.30712083632364034,-0.16459667664298366,0.2589573680384828
selected_breakout,BTCUSDT,5,reused_2026,267,0.20169896048912417,0.9967972892337684,-0.1870171020171425,0.29458180884709506,0.484394506866417,0.47191011235955055,0.5186395628458098,115.58489408359311,0.10383952860493992,0.16546502151739373,0.05779244704179656
selected_breakout,BTCUSDT,5,year2024,366,0.20749987129424774,0.7653436617821879,-0.2530129148989988,0.30535001995109085,0.5865304341226472,0.36262902246508805,0.48979651731273294,243.80650708847787,0.42035775455351654,-0.06302080803070623,0.12190325354423893
selected_breakout,BTCUSDT,5,year2025,365,-0.31998598338006157,-1.4805988012656575,-0.3309980779278747,0.24090489946154536,0.4680270167427702,0.4848839421613394,0.4949145851234644,274.10822898848767,-0.11323691822987615,-0.10157586861227744,0.13705411449424384
regime_gate,BTCUSDT,2,all,998,0.1310938414588516,0.3096324283551846,-0.3120093860099923,0.2278521428165561,0.500150174526366,0.38493653974615893,0.3364862234041386,761.5433502122305,0.3839406284932027,-0.033838380760220235,0.1523086700424461
regime_gate,BTCUSDT,2,development_2024_25,731,0.03300572689769732,0.18250940640411306,-0.3120093860099923,0.2219520461691995,0.5095577014129532,0.3641130870953032,0.3301618215566375,544.6151515615761,0.31272965037547645,-0.11565110352373204,0.10892303031231523
regime_gate,BTCUSDT,2,reused_2026,267,0.09495408593302757,0.6271082858172171,-0.20711062980583272,0.24365878156484455,0.47439398668331256,0.4419475655430712,0.3538013460652746,216.92819865065437,0.07121097811772621,0.08181272276351179,0.043385639730130876
regime_gate,BTCUSDT,2,year2024,366,0.22878589702597418,0.9534765797396102,-0.14044093403911084,0.24678891923738525,0.5396190399501575,0.35063752276867033,0.33588420131929975,252.34840074260092,0.3741023006212395,-0.08653905375491705,0.050469680148520185
regime_gate,BTCUSDT,2,year2025,365,-0.15932813893952125,-0.799354060460631,-0.24756120904752188,0.19368698567032108,0.47941400304413995,0.37762557077625575,0.32442376404120077,292.2667508189752,-0.06137265024576305,-0.029112049768815,0.058453350163795055
regime_gate,BTCUSDT,5,all,998,-0.09993449214240269,-0.05605532377677298,-0.40027270405553717,0.2286692747420151,0.500150174526366,0.38493653974615893,0.3364859476950675,761.494290270844,0.38394204592139886,-0.033840743366176415,0.380747145135422
regime_gate,BTCUSDT,5,development_2024_25,731,-0.1227110499206393,-0.18346343327693232,-0.35922288099461475,0.22279926976941186,0.5095577014129532,0.3641130870953032,0.33016155667497155,544.5803120204557,0.31273103243966005,-0.11565196491242766,0.27229015601022777
regime_gate,BTCUSDT,5,reused_2026,267,0.025962435496512448,0.2618460309964542,-0.24601607815379534,0.24441144289477715,0.47439398668331256,0.4419475655430712,0.3538010407126336,216.91397825038845,0.07121101348173887,0.08181122154625131,0.10845698912519422
regime_gate,BTCUSDT,5,year2024,366,0.13919175937976846,0.6461520237084639,-0.16406371207877546,0.24757368022939794,0.5396190399501575,0.35063752276867033,0.3358839598217235,252.33332628837854,0.37410298570279293,-0.08654013615516713,0.12616666314418926
regime_gate,BTCUSDT,5,year2025,365,-0.2299023032285642,-1.2449892510752767,-0.2830994925281186,0.19459729034058693,0.47941400304413995,0.37762557077625575,0.3244234757113791,292.2469857320771,-0.0613719532631329,-0.02911182875726054,0.14612349286603854
gate_no_range,BTCUSDT,2,all,998,0.23574659235903317,0.4492640822815948,-0.2928589207892154,0.23030046716953018,0.49693193248673106,0.37914370407481635,0.3441798549683306,720.3947332462037,0.4520719706490589,-0.01959320694102834,0.14407894664924073
gate_no_range,BTCUSDT,2,development_2024_25,731,0.09607535351266638,0.31452679411346746,-0.2928589207892154,0.22495101503456288,0.5047079902106427,0.36554757561939505,0.3385240025379455,516.5788725086072,0.36072764438609317,-0.10822268488148282,0.10331577450172144
gate_no_range,BTCUSDT,2,reused_2026,267,0.12742850060331556,0.7887467207204227,-0.19682865272928374,0.24472648001642375,0.47564242613399915,0.4163675613816063,0.35966460450620114,203.81586073759638,0.09134432626296557,0.08862947794045446,0.04076317214751928
gate_no_range,BTCUSDT,2,year2024,366,0.2893496029122604,1.1445741511875551,-0.13686714031457758,0.24772122979118227,0.5363934783229565,0.3415015938069217,0.34455247372069936,236.99925828651726,0.40261147275450604,-0.06902399353549898,0.04739985165730345
gate_no_range,BTCUSDT,2,year2025,365,-0.1499005769754338,-0.7157513972107385,-0.23235906964743747,0.19924800511660126,0.4729356925418569,0.38965943683409443,0.33247901499578697,279.57961422208996,-0.04188382836841287,-0.03919869134598379,0.055915922844418
gate_no_range,BTCUSDT,5,all,998,-0.004442029779142098,0.10647281676636723,-0.37167441904819565,0.23112492492053086,0.49693193248673106,0.37914370407481635,0.3441795897688106,720.3510290662109,0.4520717093441144,-0.019596584944278697,0.3601755145331055
gate_no_range,BTCUSDT,5,development_2024_25,731,-0.061285668512291114,-0.028480082114456906,-0.33917145460823217,0.2258157983979133,0.5047079902106427,0.36554757561939505,0.33852374656300954,516.5475357989076,0.3607278779784422,-0.10822413234667727,0.25827376789945383
gate_no_range,BTCUSDT,5,reused_2026,267,0.060554778835709255,0.4464699208869808,-0.23334218171518972,0.2454590352184295,0.47564242613399915,0.4163675613816063,0.35966431405135935,203.80349326730328,0.09134383136567227,0.08862754740239853,0.10190174663365165
gate_no_range,BTCUSDT,5,year2024,366,0.2008569258855606,0.856222716710174,-0.1592979747081159,0.24851742123054946,0.5363934783229565,0.3415015938069217,0.3445522430005772,236.98585633835015,0.40261173589985866,-0.069025459632956,0.11849292816917509
gate_no_range,BTCUSDT,5,year2025,365,-0.21829627555717213,-1.1302580373021776,-0.2678112687768227,0.20017496445940877,0.4729356925418569,0.38965943683409443,0.33247873369684583,279.5616794605575,-0.04188385792141648,-0.039198672713721266,0.13978083973027877
adaptive14,BTCUSDT,2,all,998,0.1397408207145332,0.3250437063782921,-0.30437504168520435,0.2208609399003923,0.49542892647470704,0.37374749498997994,0.3219027831665679,681.7722690607507,0.3577152958180581,-0.020791161284163834,0.13635445381215017
adaptive14,BTCUSDT,2,development_2024_25,731,0.03985986879547587,0.19674244428613616,-0.30437504168520435,0.21493950921613142,0.5042519938586136,0.35590515275877793,0.3207539626642594,497.3572762445061,0.30337922976661447,-0.11222077174257011,0.09947145524890122
adaptive14,BTCUSDT,2,reused_2026,267,0.09605231908291056,0.6445665853785141,-0.19917458931495802,0.23668636752578745,0.47127288805659595,0.42259675405742825,0.3250480557777571,184.41499281624465,0.05433606605144359,0.09142961045840634,0.036882998563248934
adaptive14,BTCUSDT,2,year2024,366,0.2166859033151176,0.9226090261636385,-0.14451619704876262,0.24353854931856062,0.5286900782015237,0.34243131451123254,0.330919354991551,232.6699628386128,0.3531396655774002,-0.08030195613129434,0.04653399256772256
adaptive14,BTCUSDT,2,year2025,365,-0.1453341688580767,-0.7741277896294289,-0.23194597344367507,0.18164333007891106,0.4797469558599696,0.36941590563165905,0.31056071994702994,264.6873134058933,-0.04976043581078572,-0.03191881561127578,0.05293746268117866
adaptive14,BTCUSDT,5,all,998,-0.07108572697767224,-0.012901277552961561,-0.3754667709825591,0.22156692911293033,0.49542892647470704,0.37374749498997994,0.3219025482747873,681.7324240228924,0.3577167018481029,-0.020793031495192793,0.3408662120114462
adaptive14,BTCUSDT,5,development_2024_25,731,-0.1042798030321721,-0.1485534503890634,-0.34725842545249774,0.21570314829059528,0.5042519938586136,0.35590515275877793,0.3207537315297384,497.32776196450595,0.3033804716633265,-0.11222139907425667,0.24866388098225298
adaptive14,BTCUSDT,5,reused_2026,267,0.03705853252708424,0.32473660709863506,-0.23214619717376295,0.23725341765509947,0.47127288805659595,0.42259675405742825,0.3250478105992471,184.40466205838638,0.05433623018477637,0.09142836757906385,0.09220233102919319
adaptive14,BTCUSDT,5,year2024,366,0.13465322390617596,0.6355495807871324,-0.16561512549938495,0.2442288728665532,0.5286900782015237,0.34243131451123254,0.3309191439427398,232.65700568481293,0.353140424470617,-0.08030257094030836,0.11632850284240646
adaptive14,BTCUSDT,5,year2025,365,-0.2105780179390796,-1.2044901746592769,-0.2656907143767048,0.18250003660951036,0.4797469558599696,0.36941590563165905,0.31056046867176995,264.6707562796931,-0.04975995280729054,-0.03191882813394831,0.13233537813984653
adaptive42,BTCUSDT,2,all,998,0.16095392864185554,0.35624393301655505,-0.28738363303308456,0.21983241351275004,0.48618822284522595,0.37639515141393903,0.32106464973594007,683.5825819657641,0.35398312530818915,0.0008650952052467326,0.1367165163931528
adaptive42,BTCUSDT,2,development_2024_25,731,0.02552427499045451,0.16427259694840182,-0.28738363303308456,0.21384529801467972,0.4959680601300834,0.3554159066727466,0.32051080415756683,503.99710693356917,0.2859092295317186,-0.10806033890395259,0.10079942138671383
adaptive42,BTCUSDT,2,reused_2026,267,0.1320589448286471,0.8336869278216926,-0.17638351761832605,0.235756564687059,0.4594127132750728,0.43383270911360805,0.3225809835104374,179.58547503219492,0.06807389577647052,0.10892543410919933,0.035917095006438984
adaptive42,BTCUSDT,2,year2024,366,0.19158750320455065,0.8393299562724567,-0.14918280466165712,0.2426666292231807,0.5231402148135454,0.33959471766848814,0.33188263407419066,237.41187046013314,0.3316727429590943,-0.07882898765389915,0.04748237409202663
adaptive42,BTCUSDT,2,year2025,365,-0.13936301594931144,-0.7425795113086139,-0.2201235883264413,0.18029221238647977,0.46872146118721464,0.3712804414003044,0.3091078185425413,266.585236473436,-0.04576351342737569,-0.02923135125005344,0.0533170472946872
adaptive42,BTCUSDT,5,all,998,-0.054310390584337065,0.015711856919006353,-0.34980005250065604,0.22053657606550534,0.48618822284522595,0.37639515141393903,0.3210644111989589,683.5422831118983,0.35398470538953725,0.0008635654071673243,0.3417711415559491
adaptive42,BTCUSDT,5,development_2024_25,731,-0.1183863413936802,-0.18727234602872586,-0.33734495386710095,0.21462329232249366,0.4959680601300834,0.3554159066727466,0.32051056746656803,503.9665374975666,0.2859107409521907,-0.10806080633759585,0.2519832687487833
adaptive42,BTCUSDT,5,reused_2026,267,0.07268030637210887,0.5205439699865507,-0.20937857173002938,0.2362783091995059,0.4594127132750728,0.43383270911360805,0.3225807399194748,179.57574561433168,0.06807396443734656,0.1089243717447632,0.08978787280716584
adaptive42,BTCUSDT,5,year2024,366,0.10966723312079107,0.5456416422670465,-0.17085130833318762,0.24337219109006086,0.5231402148135454,0.33959471766848814,0.33188241625930476,237.39847895651553,0.331673477677776,-0.07882952093478451,0.11869923947825778
adaptive42,BTCUSDT,5,year2025,365,-0.20551528215634696,-1.1793189079119646,-0.2543394277952835,0.18116724198918463,0.46872146118721464,0.3712804414003044,0.3091075629237142,266.56805854105113,-0.045762736725585326,-0.02923128540281132,0.13328402927052557
adaptive126,BTCUSDT,2,all,998,0.14475480299578503,0.33295150687141783,-0.29592528041235455,0.219737914742899,0.4885888574477643,0.3730342629703852,0.32309085769353635,694.5318170430739,0.3705136375259033,-0.027780261296244266,0.1389063634086148
adaptive126,BTCUSDT,2,development_2024_25,731,0.017636186110000285,0.14656186660345,-0.29592528041235455,0.21485517910597396,0.4981577926122236,0.3626833485332118,0.32135597981513103,511.0988187544522,0.2980577690967017,-0.12664133086666093,0.10221976375089045
adaptive126,BTCUSDT,2,reused_2026,267,0.12491558242607947,0.8040219403344223,-0.1790146896376823,0.23289685112066572,0.46239076154806497,0.4013732833957553,0.3278406544317921,183.4329982886217,0.07245586842920174,0.09886106957041664,0.036686599657724334
adaptive126,BTCUSDT,2,year2024,366,0.1974816499904708,0.8580325086549058,-0.1451194181825347,0.2432583400106015,0.5400744133563505,0.3505141924711597,0.3314867806700009,237.61086720442512,0.3407417541764512,-0.08299125656154496,0.047522173440885024
adaptive126,BTCUSDT,2,year2025,365,-0.15018640484545354,-0.8041336182462429,-0.22350524529458105,0.18184786804451006,0.4561263318112634,0.3748858447488585,0.3111974233414807,273.48795155002716,-0.04268398507974952,-0.043650074305116,0.05469759031000544
adaptive126,BTCUSDT,5,all,998,-0.0705641790096847,-0.013073615663440988,-0.36089508485574107,0.22046479872598734,0.4885888574477643,0.3730342629703852,0.3230906126399071,694.4899643355886,0.3705155073733924,-0.027781390830313307,0.3472449821677943
adaptive126,BTCUSDT,5,development_2024_25,731,-0.12702955510528802,-0.20818562986749545,-0.3404940769789916,0.21563937663458868,0.4981577926122236,0.3626833485332118,0.3213557361539031,511.0672000829001,0.2980593958209267,-0.12664145948445663,0.25553360004145004
adaptive126,BTCUSDT,5,reused_2026,267,0.06468188748636816,0.480280302442328,-0.21295151608892204,0.23348014891880967,0.46239076154806497,0.4013732833957553,0.3278404055660079,183.42276425268852,0.07245611155246567,0.09886006865414332,0.09171138212634428
adaptive126,BTCUSDT,5,year2024,366,0.11508956404955129,0.5647314637098416,-0.16669155678803904,0.24398218304250466,0.5400744133563505,0.3505141924711597,0.33148655888954914,237.59736501912255,0.3407424655051273,-0.0829917630126893,0.11879868250956127
adaptive126,BTCUSDT,5,year2025,365,-0.21712975079379326,-1.2482995792112688,-0.25821775047816686,0.1827052929981492,0.4561263318112634,0.3748858447488585,0.31119715773952933,273.4698350637776,-0.042683069684200645,-0.04364969647176731,0.1367349175318888
filtered_moe,BTCUSDT,2,all,998,0.0253840630674953,0.1380386510723304,-0.23017925521603522,0.1727891913550921,0.42424432197728795,0.3618834892006234,0.2532888686727262,387.15760322845597,0.1656637493283546,-0.020858587897938666,0.0774315206456912
filtered_moe,BTCUSDT,2,development_2024_25,731,-0.0998481310193512,-0.247529902572756,-0.23017925521603522,0.16069193458992004,0.41139895880832955,0.34324175406596746,0.24173807976810094,277.01575581755543,0.08970602351703857,-0.10972807681700017,0.05540315116351109
filtered_moe,BTCUSDT,2,reused_2026,267,0.1391234061744091,0.9790017405840352,-0.15301194172010657,0.2023010898140379,0.4594127132750728,0.41292134831460675,0.2849129386700336,110.1418474109006,0.07595772581131596,0.08886948891906149,0.022028369482180118
filtered_moe,BTCUSDT,2,year2024,366,0.04065580858251816,0.3231762505792518,-0.10379100944955322,0.1632785820368752,0.3542805100182149,0.28681883727990287,0.2104973903887669,114.96280205710173,0.10659451243959948,-0.029273263393104022,0.02299256041142034
filtered_moe,BTCUSDT,2,year2025,365,-0.13501480359125673,-0.8383792998378096,-0.17792117544039632,0.15813060091530964,0.46867389649923896,0.39981925418569253,0.2730643600772414,162.05295376045368,-0.016888488922560917,-0.08045481342389614,0.03241059075209075
filtered_moe,BTCUSDT,5,all,998,-0.08705815213763168,-0.10709853053642983,-0.26642567919137927,0.1732163227321624,0.42424432197728795,0.3618834892006234,0.2532887544551217,387.1424479085428,0.16566319835819127,-0.020859524351252184,0.1935712239542714
filtered_moe,BTCUSDT,5,development_2024_25,731,-0.17163274862005318,-0.5037237098317426,-0.2610994927181497,0.1611702370962935,0.41139895880832955,0.34324175406596746,0.24173796959651245,277.00504745849423,0.08970620294048318,-0.1097282280232599,0.13850252372924712
filtered_moe,BTCUSDT,5,reused_2026,267,0.1020979479108215,0.7547091032727976,-0.16864575279122307,0.2026344196250763,0.4594127132750728,0.41292134831460675,0.2849128133751344,110.13740045004855,0.07595699541770806,0.08886870367200775,0.055068700225024275
filtered_moe,BTCUSDT,5,year2024,366,0.005375791890375181,0.11261682536207716,-0.11317063124730964,0.16360375203184557,0.3542805100182149,0.28681883727990287,0.21049729753150453,114.95849197915311,0.10659489926188004,-0.029274506365119475,0.057479245989576565
filtered_moe,BTCUSDT,5,year2025,365,-0.17606206747588826,-1.1406221231435956,-0.20651932157344932,0.1587449292465464,0.46867389649923896,0.39981925418569253,0.2730642325438903,162.04655547934115,-0.016888696321396883,-0.08045372165814045,0.08102327773967058
kalman,BTCUSDT,2,all,998,-0.14390355798156318,-0.038400105573551224,-0.4453549602544936,0.3027644054977463,0.5127569914315663,0.4534114565755592,0.5285319995248964,1531.0690403565204,0.451587193218475,-0.1660367537809471,0.30621380807130416
kalman,BTCUSDT,2,development_2024_25,731,-0.27694840132219845,-0.38474369086960186,-0.4311875973873258,0.30283245642312306,0.5196110042617916,0.4461987692600201,0.5208103382791262,1101.6922043347524,0.26731939024147466,-0.26715558040181275,0.22033844086695048
kalman,BTCUSDT,2,reused_2026,267,0.18400463201233053,0.9104536100055268,-0.22577977417143757,0.30263541579169717,0.49399188514357056,0.47315855181023725,0.5496725776921549,429.3768360217681,0.1842678029770003,0.10111882662086571,0.08587536720435363
kalman,BTCUSDT,2,year2024,366,0.07961304108261502,0.3948840602940633,-0.236808588223838,0.32433851488830473,0.5432573002545014,0.42761777564106634,0.5074850348688186,525.4869346020673,0.4106420469045404,-0.17095862942408144,0.10509738692041348
kalman,BTCUSDT,2,year2025,365,-0.33026781711275155,-1.294485792091001,-0.3798346106692345,0.27947156522740585,0.4958999238964993,0.4648306697108067,0.5341721493700099,576.205269732685,-0.1433226566630657,-0.09619695097773129,0.11524105394653701
kalman,BTCUSDT,5,all,998,-0.45920869132223907,-0.586019367349971,-0.6033679527565567,0.30514629346985556,0.5127569914315663,0.4534114565755592,0.5285312421348148,1530.9254282314141,0.4515757459797365,-0.16606818152426228,0.7654627141157071
kalman,BTCUSDT,5,development_2024_25,731,-0.48045558841836633,-0.9197245958172563,-0.5456131259986434,0.30520245467774654,0.5196110042617916,0.4461987692600201,0.5208096002099739,1101.5895702106388,0.2673141071265498,-0.26718556900938895,0.5507947851053194
kalman,BTCUSDT,5,reused_2026,267,0.040895247109762556,0.32813515542455834,-0.2956506210073069,0.3050870926336267,0.49399188514357056,0.47315855181023725,0.5496717674046974,429.33585802077516,0.18426163885318658,0.10111738748512675,0.21466792901038756
kalman,BTCUSDT,5,year2024,366,-0.07785499301549004,-0.08720071654089732,-0.27115630398043666,0.3264058535283536,0.5432573002545014,0.42761777564106634,0.5074843603155323,525.4403501553476,0.4106361849915313,-0.17098779210020992,0.26272017507767376
kalman,BTCUSDT,5,year2025,365,-0.436591417134507,-1.8911211753276451,-0.4748765992850511,0.28217792597716074,0.4958999238964993,0.4648306697108067,0.5341713476109756,576.1492200552914,-0.1433220778649815,-0.096197776909179,0.2880746100276457
trend_ensemble_long,BTCUSDT,2,all,998,0.30359003666297646,0.6272470691284722,-0.25737555405128665,0.1798500800999553,0.48971959113736574,0.0,0.21968935063137687,343.51978118698315,0.3726591976369535,0.0,0.06870395623739664
trend_ensemble_long,BTCUSDT,2,development_2024_25,731,0.20305852543775882,0.5879870903370272,-0.18695789563521004,0.18574720436489658,0.49691409698687566,0.0,0.22228704400197039,252.33735440932307,0.2657211715427748,0.0,0.050467470881864616
trend_ensemble_long,BTCUSDT,2,reused_2026,267,0.08356327568406208,0.7527081459620273,-0.13292353270969204,0.16294331113961538,0.4700222736242879,0.0,0.21257731372536998,91.18242677766011,0.10693802609417867,0.0,0.01823648535553202
trend_ensemble_long,BTCUSDT,2,year2024,366,0.38104783102968764,1.5801295945295513,-0.12645468397718784,0.21854235105334993,0.5142335592218139,0.0,0.24104631401530965,123.8603119786429,0.3686863013758389,0.0,0.02477206239572858
trend_ensemble_long,BTCUSDT,2,year2025,365,-0.1288798994450625,-0.8802210791585598,-0.1575718105584868,0.14489336270984157,0.4795471841704719,0.0,0.2034763787283206,128.47704243068017,-0.1029651298330641,0.0,0.025695408486136034
trend_ensemble_long,BTCUSDT,5,all,998,0.17593445233120453,0.41721971531532653,-0.3043411978434314,0.1801698606843374,0.48971959113736574,0.0,0.21968922698062118,343.5049402594581,0.3726568710287172,0.0,0.17175247012972905
trend_ensemble_long,BTCUSDT,5,development_2024_25,731,0.11534490211650916,0.38411161867266946,-0.22091647330255215,0.18607215687861095,0.49691409698687566,0.0,0.22228692030951602,252.32643323907416,0.2657196193508635,0.0,0.12616321661953706
trend_ensemble_long,BTCUSDT,5,reused_2026,267,0.054323599901448194,0.5224805891069708,-0.1508616702488481,0.16324959063684807,0.4700222736242879,0.0,0.21257719018877802,91.17850702038402,0.10693725167785362,0.0,0.04558925351019201
trend_ensemble_long,BTCUSDT,5,year2024,366,0.3306709976064013,1.409311985956366,-0.1363021285861623,0.21874811165685587,0.5142335592218139,0.0,0.24104619025503282,123.85491394923878,0.36868482563140037,0.0,0.06192745697461938
trend_ensemble_long,BTCUSDT,5,year2025,365,-0.1618176813631763,-1.1415110561515855,-0.18814007386323428,0.14541092672162126,0.4795471841704719,0.0,0.20347625510387451,128.47151928983538,-0.1029652062805369,0.0,0.06423575964491768
regime_gate_long,BTCUSDT,2,all,998,0.311357422258582,0.6637150052279802,-0.2426406158199319,0.1709156437614737,0.49665707722064345,0.0,0.19927487762265803,368.31598758425065,0.37979710016748064,0.0,0.07366319751685013
regime_gate_long,BTCUSDT,2,development_2024_25,731,0.24942843542244497,0.7145618343923633,-0.15915966182345265,0.17711786599058163,0.5127686757251587,0.0,0.20173619433764906,262.6118094920166,0.3027690929566086,0.0,0.05252236189840333
regime_gate_long,BTCUSDT,2,reused_2026,267,0.04956585353782095,0.5067882186141042,-0.13413431074183013,0.1529483756106655,0.45254629629629634,0.0,0.192536216504087,105.70417809223403,0.07702800721087211,0.0,0.021140835618446808
regime_gate_long,BTCUSDT,2,year2024,366,0.38307490560119706,1.6303900517865293,-0.09528857965792759,0.21184509889089786,0.542351280387316,0.0,0.22416242640454506,125.1889225886236,0.3686868336813566,0.0,0.025037784517724725
regime_gate_long,BTCUSDT,2,year2025,365,-0.09662995810097152,-0.699053474565266,-0.12418743284282119,0.13284582760226996,0.48310502283105017,0.0,0.17924852053906293,137.42288690339302,-0.06591774072474807,0.0,0.027484577380678603
regime_gate_long,BTCUSDT,5,all,998,0.17417367427976305,0.42688587230512287,-0.2950618687823191,0.17114350242432705,0.49665707722064345,0.0,0.1992747531536475,368.2993059291166,0.3797976179297942,0.0,0.18414965296455832
regime_gate_long,BTCUSDT,5,development_2024_25,731,0.15476893549052062,0.4920083791945341,-0.19595343524173692,0.17734468393303168,0.5127686757251587,0.0,0.20173607431204368,262.5999532545149,0.302769599777291,0.0,0.13129997662725745
regime_gate_long,BTCUSDT,5,reused_2026,267,0.016804001383186495,0.22321335492667593,-0.15562523484475876,0.1531792097581107,0.45254629629629634,0.0,0.19253607986979887,105.69935267460174,0.07702801815250308,0.0,0.052849676337300866
regime_gate_long,BTCUSDT,5,year2024,366,0.3320930575082739,1.4524114767444467,-0.108023381657258,0.2120219685613419,0.542351280387316,0.0,0.22416230862240036,125.18347481084646,0.36868730577460185,0.0,0.06259173740542323
regime_gate_long,BTCUSDT,5,year2025,365,-0.1331169177845909,-1.0066480187636875,-0.15747734839758187,0.13315242449187994,0.48310502283105017,0.0,0.1792483982638504,137.41647844366844,-0.0659177059973108,0.0,0.06870823922183422
expanding_tree,BTCUSDT,2,all,998,0.07813808013246226,0.23486397190862876,-0.47095439283421714,0.25036806353057833,0.7769323368960142,0.1538076152304609,0.37960132949215447,568.0165018346627,0.3512078962235664,-0.07101523235379571,0.11360330036693256
expanding_tree,BTCUSDT,2,development_2024_25,731,0.4260089083489538,0.8329429555785796,-0.26004716795316174,0.2501439821215107,0.8094600243198055,0.1315501975984192,0.39789889483319024,429.4024851541638,0.5231003270992186,-0.01114129172086303,0.08588049703083275
expanding_tree,BTCUSDT,2,reused_2026,267,-0.24394716342919576,-1.4014938266579524,-0.3266298992874893,0.2501962786883079,0.6878771327507283,0.2147445900957137,0.3295057479779333,138.614016680499,-0.1718924308756522,-0.059873940632932665,0.027722803336099798
expanding_tree,BTCUSDT,2,year2024,366,0.36562141524657865,1.2651294917186418,-0.1758867766264396,0.27545491636943575,0.8366442774741955,0.10154826958105646,0.4026992443441266,213.64431520647895,0.4225077489421427,-0.028786321943249947,0.04272886304129579
expanding_tree,BTCUSDT,2,year2025,365,0.044219790659528746,0.3055552957446303,-0.26004716795316174,0.22202618997777382,0.7822012937595128,0.16163432267884326,0.39308539367975803,215.75816994768482,0.1005925781570759,0.017645030222386917,0.04315163398953696
expanding_tree,BTCUSDT,5,all,998,-0.09078628751973317,-0.014190210787786126,-0.5063669775261701,0.250231526371531,0.7769323368960142,0.1538076152304609,0.3796011252911183,567.9882273127323,0.3512138147510596,-0.07101582253921568,0.2839941136563661
expanding_tree,BTCUSDT,5,development_2024_25,731,0.25364398273824373,0.5759439394875288,-0.2800044153097907,0.2499690779954216,0.8094600243198055,0.1315501975984192,0.39789867405023344,429.38075723167015,0.5231081566267788,-0.011141518106475398,0.2146903786158351
expanding_tree,BTCUSDT,5,reused_2026,267,-0.27474328836617823,-1.6284400217833155,-0.3508182220324668,0.25019802800755114,0.6878771327507283,0.2147445900957137,0.32950558917533823,138.60747008106205,-0.1718943418757192,-0.05987430443274028,0.06930373504053103
expanding_tree,BTCUSDT,5,year2024,366,0.28083742045722837,1.0338477824163006,-0.1849510982997875,0.27512255444830874,0.8366442774741955,0.10154826958105646,0.40269901655229057,213.63337845266074,0.42251387135359986,-0.028785655757125526,0.10681668922633036
expanding_tree,BTCUSDT,5,year2025,365,-0.021230983171368734,0.01403631462601671,-0.2800044153097906,0.22204318947823523,0.7822012937595128,0.16163432267884326,0.393085179924883,215.74737877900944,0.10059428527317897,0.017644137650650118,0.1078736893895047
rolling_tree,BTCUSDT,2,all,998,-0.1614727170114859,-0.09272210704743879,-0.5300248729271011,0.2779242633438039,0.6533344466711201,0.31127532843464706,0.4714592641234447,749.37261738461,0.3427310322595155,-0.25871846431298773,0.14987452347692198
rolling_tree,BTCUSDT,2,development_2024_25,731,0.27095197348271194,0.5616052865637342,-0.3097498716374465,0.2854509765412511,0.7581319349445205,0.20951132390940871,0.4947040512842481,503.4175702113288,0.5130763574195569,-0.08386393629893801,0.10068351404226578
rolling_tree,BTCUSDT,2,reused_2026,267,-0.34023684570019674,-2.100610653988516,-0.35374564878526193,0.2547954684489828,0.3664169787765294,0.5898876404494382,0.40781904159704996,245.9550471732811,-0.17034532516004153,-0.1748545280140497,0.04919100943465622
rolling_tree,BTCUSDT,2,year2024,366,0.2520118977378425,0.8690626541177213,-0.18060503461051725,0.3143495055602584,0.8015330904675166,0.16704614450516092,0.4951780184829504,206.21328142251087,0.36842562603635265,-0.05437511233835552,0.04124265628450218
rolling_tree,BTCUSDT,2,year2025,365,0.015127712267823501,0.18589979509538793,-0.30974987163744694,0.2534853939503654,0.7146118721461189,0.25209284627092843,0.49422878554527555,297.2042887888179,0.14465073138320425,-0.02948882396058248,0.05944085775776359
rolling_tree,BTCUSDT,5,all,998,-0.3303025572892061,-0.3886639076424003,-0.5824370429500981,0.27784650649335335,0.6533344466711201,0.31127532843464706,0.47145896409820537,749.3265381206304,0.3427295271047324,-0.25871804034906665,0.3746632690603152
rolling_tree,BTCUSDT,5,development_2024_25,731,0.09279079091262732,0.2973681554392702,-0.3356031504251398,0.28550659387645927,0.7581319349445205,0.20951132390940871,0.4947037707410576,503.38705890832125,0.5130759813490411,-0.08386381989619517,0.2516935294541606
rolling_tree,BTCUSDT,5,reused_2026,267,-0.38716774676376287,-2.5026706715477287,-0.3995415973442904,0.2541633125692286,0.3664169787765294,0.5898876404494382,0.4078186882333176,245.9394792123092,-0.1703464542443086,-0.17485422045287144,0.12296973960615461
rolling_tree,BTCUSDT,5,year2024,366,0.1769020352997266,0.6725511481820231,-0.19970458195227836,0.3144856738597964,0.8015330904675166,0.16704614450516092,0.4951777979642337,206.20241951347774,0.36842555898364354,-0.05437451733800962,0.10310120975673889
rolling_tree,BTCUSDT,5,year2025,365,-0.07146834814137881,-0.16595287943237857,-0.33560315042513933,0.25340585632412344,0.7146118721461189,0.25209284627092843,0.4942284448131604,297.18463939484343,0.1446504223653975,-0.02948930255818557,0.14859231969742176
action_tcn,BTCUSDT,2,all,998,-0.32285259848626136,-0.3504488136586866,-0.6129139617901838,0.288312225918071,0.6943858560132267,0.28407047593056806,0.5637280890247921,992.113081989434,0.1343862681656789,-0.20280426647969446,0.19842261639788683
action_tcn,BTCUSDT,2,development_2024_25,731,0.030853219239072915,0.19784566547398216,-0.4174232959683246,0.2939650697355619,0.7072535031218008,0.2693956836847047,0.5730979795680158,777.3428219689281,0.3601981293227528,-0.07641968009220966,0.15546856439378565
action_tcn,BTCUSDT,2,reused_2026,267,-0.3431194772679903,-1.9778168205132733,-0.36702763531416793,0.2714591376093967,0.6591564551279541,0.3242475288583811,0.5380749430057042,214.7702600205059,-0.22581186115707397,-0.12638458638748484,0.042954052004101184
action_tcn,BTCUSDT,2,year2024,366,0.4430256503584997,1.3858155618406858,-0.16644389973378726,0.29511939605104026,0.8123829833146106,0.16063614236844945,0.5152802165358117,229.74686351272794,0.4289977909686779,0.030647612902584963,0.04594937270254559
action_tcn,BTCUSDT,2,year2025,365,-0.2856307031112224,-1.0053924896519548,-0.4174232959683247,0.29204791096234006,0.6018359969558599,0.37845319634703195,0.631074147430445,547.5959584562002,-0.0687996616459251,-0.10706729299479464,0.10951919169124004
action_tcn,BTCUSDT,5,all,998,-0.49717708889577716,-0.7260920499350393,-0.6639313387433639,0.2888006611702801,0.6943858560132267,0.28407047593056806,0.5637276249268608,992.0288332950871,0.1343925010052774,-0.20280416381850624,0.49601441664754364
action_tcn,BTCUSDT,5,development_2024_25,731,-0.18358327220726522,-0.19722050942531197,-0.4530528369675908,0.29456695777670644,0.7072535031218008,0.2693956836847047,0.5730974664492372,777.2714481446353,0.3602016806845881,-0.07641896418147251,0.38863572407231767
action_tcn,BTCUSDT,5,reused_2026,267,-0.3841099845373638,-2.299113730435918,-0.40067970954650234,0.2717368322577309,0.6591564551279541,0.3242475288583811,0.5380746131184069,214.75738515045185,-0.22580917967931063,-0.1263851996370338,0.10737869257522595
action_tcn,BTCUSDT,5,year2024,366,0.34691334179652356,1.1526166152297415,-0.1748990056694758,0.29514365203308296,0.8123829833146106,0.16063614236844945,0.5152799778324435,229.73452700521406,0.4289986292803948,0.030647473605091343,0.11486726350260704
action_tcn,BTCUSDT,5,year2025,365,-0.39386098388201574,-1.5618437195045394,-0.4530528369675929,0.29290251408827234,0.6018359969558599,0.37845319634703195,0.6310733591444332,547.5369211394212,-0.0687969485958067,-0.10706643778656386,0.2737684605697106
vol_long,BTCUSDT,2,all,998,0.8662421313987632,0.7650094323412775,-0.5047159134232424,0.4050858843888009,1.0,0.0,0.8734945127299445,6.799399231278871,0.8629092795098001,0.0,0.001359879846255774
vol_long,BTCUSDT,2,development_2024_25,731,0.9283626347052742,1.0044773018561153,-0.304535941312445,0.4093692877218577,1.0,0.0,0.8740012356985204,5.223768909965109,0.842181603285224,0.0,0.0010447537819930218
vol_long,BTCUSDT,2,reused_2026,267,-0.032214118956937265,0.08267092602442037,-0.36442832007932835,0.39350800577574907,1.0,0.0,0.8721071925425697,1.575630321313761,0.02072767622457615,0.0,0.00031512606426275223
vol_long,BTCUSDT,2,year2024,366,1.0731168049209567,1.8376980500436801,-0.254890447706259,0.45059211427411217,1.0,0.0,0.8597212050429075,3.100464525644796,0.833875022634361,0.0,0.0006200929051289592
vol_long,BTCUSDT,2,year2025,365,-0.06982441600592959,-0.01872165830241302,-0.3045359413124453,0.3626809931439869,1.0,0.0,0.8883203897257927,2.1233043843203134,0.00830658065086301,0.0,0.0004246608768640627
vol_long,BTCUSDT,5,all,998,0.8624388983044793,0.7631793568381243,-0.5048308162377648,0.40507350016537486,1.0,0.0,0.8734945075848703,6.79903642649948,0.8629084197516169,0.0,0.0033995182132497397
vol_long,BTCUSDT,5,development_2024_25,731,0.9253430174302071,1.0025901258577108,-0.30456442410385,0.4093526878969799,1.0,0.0,0.8740012294146322,5.223425101497716,0.8421806868160016,0.0,0.0026117125507488575
vol_long,BTCUSDT,5,reused_2026,267,-0.032671642692367886,0.08103021705392129,-0.36452924080133964,0.3935078926324268,1.0,0.0,0.8721071905153721,1.5756113250017647,0.020727732935615258,0.0,0.0007878056625008823
vol_long,BTCUSDT,5,year2024,366,1.0711894342460058,1.835660692843648,-0.2551164714408122,0.4505845837967525,1.0,0.0,0.8597211974066372,3.1001756685334154,0.8338745192889034,0.0,0.0015500878342667075
vol_long,BTCUSDT,5,year2025,365,-0.07041674431334222,-0.020504816880586377,-0.30456442410384965,0.3626537022679139,1.0,0.0,0.8883203847979916,2.1232494329643004,0.008306167527098257,0.0,0.00106162471648215
hold,BTCUSDT,2,all,998,0.986560650223858,0.7651797133533269,-0.5297596217882531,0.47450929311977375,1.0,0.0,0.9999999993018888,1.999453933101872,1.013225642065172,0.0,0.0003998907866203744
hold,BTCUSDT,2,development_2024_25,731,1.0640094502850435,0.99434127676546,-0.3204657678895534,0.4780988661783572,1.0,0.0,0.9999999990468987,0.9998000399920016,0.9775805079220149,0.0,0.00019996000799840034
hold,BTCUSDT,2,reused_2026,267,-0.0375234716345384,0.11956581356819164,-0.3952470384282083,0.46504445175089626,1.0,0.0,1.0000000000000078,0.9996538931098703,0.035645134143157176,0.0,0.00019993077862197407
hold,BTCUSDT,2,year2024,366,1.2039647757440468,1.7471299448416633,-0.2625533998107388,0.5313769160135355,1.0,0.0,0.9999999980963894,0.9998000399920016,0.9374696251256857,0.0,0.00019996000799840034
hold,BTCUSDT,2,year2025,365,-0.06350161626868855,0.0507093496456412,-0.3204657678895543,0.4173053046275218,1.0,0.0,1.0000000000000122,0.0,0.040110882796329295,0.0,0.0
hold,BTCUSDT,5,all,998,0.9853690711881105,0.7647230148536832,-0.5297596217882685,0.47449979355287064,1.0,0.0,0.9999999982552388,1.9991541429849695,1.0132255742476544,0.0,0.0009995770714924846
hold,BTCUSDT,5,development_2024_25,731,1.0633905568964694,0.9940425282397289,-0.3204657678895714,0.4780856036396556,1.0,0.0,0.9999999976179432,0.9995002498750625,0.9775804401044913,0.0,0.0004997501249375312
hold,BTCUSDT,5,reused_2026,267,-0.03781227235318596,0.11868395780784809,-0.39524703842820785,0.46504507831569797,1.0,0.0,1.0000000000000442,0.999653893109907,0.035645134143163046,0.0,0.0004998269465549534
hold,BTCUSDT,5,year2024,366,1.2033039167408037,1.746619584897248,-0.2625533998107348,0.5313537799198508,1.0,0.0,0.999999995242377,0.9995002498750625,0.9374695573081671,0.0,0.0004997501249375312
hold,BTCUSDT,5,year2025,365,-0.0635016162687605,0.050709349645453906,-0.3204657678895708,0.41730530462751964,1.0,0.0,1.0000000000000178,0.0,0.040110882796324215,0.0,0.0
trend24,DOGEUSDT,2,all,998,1.1031339560007978,0.9844880262652657,-0.272310824333701,0.33059562506920326,0.4561646158169998,0.4801420252428977,0.31134381794973615,813.3180982654942,0.9803263953522521,0.10385589469722463,0.16266361965309883
trend24,DOGEUSDT,2,development_2024_25,731,0.8569419013252972,1.0991665121800256,-0.22529440143491886,0.32982125677125107,0.4598548934605039,0.47194515213913135,0.2808375370061794,510.58667500482466,0.7443790772958881,0.11484134812582412,0.10211733500096493
trend24,DOGEUSDT,2,reused_2026,267,0.13257929852290617,0.672128883169263,-0.23828897960229523,0.3332704203607702,0.44606127140725654,0.5025836516056439,0.39486475940943644,302.73142326066954,0.23594731805636393,-0.010985453428599412,0.060546284652133915
trend24,DOGEUSDT,2,year2024,366,0.5345655575313584,1.426596912034213,-0.22529440143491886,0.338769350425268,0.46539476140760627,0.4564043430246949,0.28007417626418146,259.5263375424072,0.5806971308826941,-0.0338709609152018,0.05190526750848145
trend24,DOGEUSDT,2,year2025,365,0.21007661889176021,0.7522903399223654,-0.21106028473998006,0.3209383302813337,0.45429984779299853,0.48752853881278535,0.28160298914747056,251.06033746241744,0.16368194641319403,0.14871230904102595,0.05021206749248349
trend24,DOGEUSDT,5,all,998,0.6477702921571697,0.7131297864193058,-0.3442806761266276,0.3316958940797377,0.4561646158169998,0.4801420252428977,0.31134356838097554,813.2680637030701,0.9803296168081668,0.1038538496190625,0.4066340318515351
trend24,DOGEUSDT,5,development_2024_25,731,0.5932075960253522,0.8654554253360786,-0.23724839034229117,0.3308438420463454,0.4598548934605039,0.47194515213913135,0.28083735000240556,510.5584947010565,0.744381383468522,0.11483634647026288,0.25527924735052826
trend24,DOGEUSDT,5,reused_2026,267,0.03424707255221371,0.29960844548980137,-0.28698354430701656,0.3345373872724675,0.44606127140725654,0.5025836516056439,0.39486433854852127,302.70956900201367,0.2359482333396445,-0.010982496851200292,0.1513547845010068
trend24,DOGEUSDT,5,year2024,366,0.4196159457697417,1.194201940613113,-0.23724839034229117,0.3399395604891297,0.46539476140760627,0.4564043430246949,0.2800739776222522,259.5113274196093,0.580697210365646,-0.033875398209949885,0.12975566370980468
trend24,DOGEUSDT,5,year2025,365,0.12228071315547573,0.5170044583225303,-0.2285244525168031,0.3218095481004466,0.45429984779299853,0.48752853881278535,0.2816028138137374,251.04716728144712,0.16368417310287586,0.14871174468021275,0.12552358364072355
trend72,DOGEUSDT,2,all,998,0.1025227594638558,0.26938896872401513,-0.5490355439142719,0.3292039191440909,0.43123284412417556,0.4921173284431814,0.3070210985441437,430.5281137700704,0.5309737455548963,-0.18506958904544019,0.08610562275401407
trend72,DOGEUSDT,2,development_2024_25,731,0.44057681127501036,0.7207149158861276,-0.26946808701303926,0.3242537678627989,0.4337008082680983,0.4787526421042987,0.2780121845458939,263.5365636505777,0.5681764680949166,-0.028290662286321766,0.052707312730115544
trend72,DOGEUSDT,2,reused_2026,267,-0.23466575969104575,-0.9011494028737455,-0.458485546110845,0.34215214117926923,0.42447598349043947,0.5287075371088115,0.3864425072809253,166.99155011949264,-0.03720272254002019,-0.1567789267591184,0.03339831002389853
trend72,DOGEUSDT,2,year2024,366,0.5530478739444595,1.5542306214505424,-0.20592848671551456,0.3135398671934474,0.4536483356392892,0.43571490054771744,0.2700883966172886,130.3705410224615,0.5431102506209068,-0.01685132137656055,0.026074108204492304
trend72,DOGEUSDT,2,year2025,365,-0.07241957222078033,-0.06163143275283447,-0.26946808701303937,0.3345541958965216,0.4136986301369863,0.5219082952815829,0.28595768148252276,133.1660226281162,0.025066217474009722,-0.011439340909761217,0.02663320452562324
trend72,DOGEUSDT,5,all,998,-0.031068576044806173,0.12623484328855578,-0.5813811365454788,0.32974837734245815,0.43123284412417556,0.4921173284431814,0.3070209847705288,430.5086695764995,0.53097296689302,-0.1850732303046366,0.2152543347882498
trend72,DOGEUSDT,5,development_2024_25,731,0.331066471145383,0.598537422369026,-0.2889248625269588,0.3247066655151968,0.4337008082680983,0.4787526421042987,0.2780120991926631,263.5258880335821,0.5681752245371857,-0.02829575941941328,0.13176294401679103
trend72,DOGEUSDT,5,reused_2026,267,-0.2720638338058132,-1.098182222749537,-0.4800914562500538,0.34284337692908207,0.42447598349043947,0.5287075371088115,0.3864423156971946,166.9827815429175,-0.0372022576441656,-0.15677747088522323,0.08349139077145876
trend72,DOGEUSDT,5,year2024,366,0.4934772174224791,1.4282239312705725,-0.21303242276545054,0.31395276539713746,0.4536483356392892,0.43571490054771744,0.27008830838310477,130.36519109197587,0.5431087614741031,-0.01685441912340832,0.06518259554598793
trend72,DOGEUSDT,5,year2025,365,-0.10874671831780147,-0.18025262656135108,-0.28892486252695837,0.33504470121058594,0.4136986301369863,0.5219082952815829,0.2859575990181381,133.1606969416062,0.025066463063082536,-0.011441340296004993,0.0665803484708031
trend168,DOGEUSDT,2,all,998,0.5549942537527437,0.648950431080826,-0.24348287811165126,0.33287826771256834,0.42058422400356266,0.5059807114228457,0.30730827924034526,256.36256160517155,0.5857700837071198,0.08218876381035561,0.0512725123210343
trend168,DOGEUSDT,2,development_2024_25,731,0.5841730797273617,0.8489990609654617,-0.22906775123716405,0.33626772661256854,0.42865082079343364,0.4892555859553123,0.282576284264197,148.4269710565008,0.5066876588024477,0.11867764272414782,0.02968539421130016
trend168,DOGEUSDT,2,reused_2026,267,-0.018418963399906896,0.0797523030603293,-0.2434828781116507,0.32382768317596355,0.39849927174365385,0.5517712234706618,0.3750202205420843,107.93559054867073,0.07908242490467197,-0.03648887891379224,0.021587118109734148
trend168,DOGEUSDT,2,year2024,366,0.3198025023430331,0.990223354080788,-0.22906775123716405,0.3355012764065207,0.5,0.41849764723740135,0.2791497263302788,77.12623572059971,0.42710079920017513,-0.06609285108161442,0.015425247144119943
trend168,DOGEUSDT,2,year2025,365,0.20031071081847163,0.7071076929758111,-0.15167497809709563,0.33747722364841365,0.35710616438356163,0.5602073820395739,0.2860122300280712,71.30073533590107,0.07958685960227252,0.18477049380576221,0.014260147067180217
trend168,DOGEUSDT,5,all,998,0.43988194574398487,0.5642464046025795,-0.2569822789074274,0.33313056378760014,0.42058422400356266,0.5059807114228457,0.30730821581682316,256.35316667903857,0.5857687777366005,0.08218308318330259,0.12817658333951926
trend168,DOGEUSDT,5,development_2024_25,731,0.5151788472280179,0.7826122093815993,-0.23219996930924636,0.33644390606852287,0.42865082079343364,0.4892555859553123,0.2825762394713077,148.4220233049767,0.506686552814063,0.11867203085021814,0.07421101165248835
trend168,DOGEUSDT,5,reused_2026,267,-0.04969505852182832,-0.05641466862286138,-0.25505627769619776,0.324260699557568,0.39849927174365385,0.5517712234706618,0.37502010611109954,107.93114337406183,0.07908222492253726,-0.03648894766691557,0.053965571687030915
trend168,DOGEUSDT,5,year2024,366,0.2896149576464413,0.9210396420129723,-0.23219996930924636,0.3357082247760863,0.5,0.41849764723740135,0.2791496772028699,77.12363696985153,0.4271003976602993,-0.06609819406729839,0.038561818484925764
trend168,DOGEUSDT,5,year2025,365,0.1749079353059253,0.6435684172853492,-0.15557780658493248,0.33762361124622886,0.35710616438356163,0.5602073820395739,0.28601218958157687,71.29838633512517,0.0795861551537638,0.18477022491751655,0.035649193167562584
trend336,DOGEUSDT,2,all,998,1.3318124711309074,1.120528422466683,-0.35895816458148877,0.3220610396677772,0.3979608461987855,0.5360878066624926,0.32130179661074537,161.0746977485162,0.9219438470140183,0.12165060450048952,0.03221493954970324
trend336,DOGEUSDT,2,development_2024_25,731,1.1715675206520508,1.336138254671271,-0.30154927128455067,0.3301743217124355,0.4058391200117785,0.5225789526436402,0.296894365759265,89.47162670420735,0.8599023955485138,0.061457088977731875,0.01789432534084147
trend336,DOGEUSDT,2,reused_2026,267,0.07379229471563553,0.4718366874935498,-0.24908255918969535,0.29901396392874646,0.3763914898044111,0.5730727215980026,0.3881251372565588,71.60307104430885,0.06204145146550458,0.060193515522757673,0.01432061420886177
trend336,DOGEUSDT,2,year2024,366,0.9501639884533768,2.0494421723711906,-0.14381634625187667,0.3555480281643686,0.48270053750986375,0.43671734348588603,0.2998080383104586,46.13957594607296,0.6973211200420252,0.060822801230831954,0.009227915189214592
trend336,DOGEUSDT,2,year2025,365,0.11353072536954412,0.5055654265699275,-0.3015492712845499,0.30234315082185814,0.3287671232876712,0.6086757990867581,0.2939727105435476,43.33205075813439,0.16258127550648863,0.0006342877468998864,0.008666410151626877
trend336,DOGEUSDT,5,all,998,1.2218103567003986,1.065366142232189,-0.3690237865268553,0.32216687837013985,0.3979608461987855,0.5360878066624926,0.32130175478403056,161.06964551920998,0.9219437396280344,0.12164930211767266,0.080534822759605
trend336,DOGEUSDT,5,development_2024_25,731,1.1140535401354423,1.2953187556710486,-0.3057730086205558,0.330238403572658,0.4058391200117785,0.5225789526436402,0.29689433785143393,89.46904197910126,0.8599022510808338,0.061455223534374326,0.04473452098955062
trend336,DOGEUSDT,5,reused_2026,267,0.05097165919366997,0.3735598788255883,-0.25480072511282226,0.29921400194242204,0.3763914898044111,0.5730727215980026,0.38812505732233793,71.60060354010874,0.06204148854720065,0.06019407858329835,0.03580030177005436
trend336,DOGEUSDT,5,year2024,366,0.9233554405557538,2.0102625338086617,-0.14452816795968604,0.35560965424858915,0.48270053750986375,0.43671734348588603,0.29980800791520495,46.13818424318334,0.6973207801674213,0.0608209892467772,0.02306909212159167
trend336,DOGEUSDT,5,year2025,365,0.09914865217247137,0.4625219478838308,-0.3057730086205549,0.30241298520592097,0.3287671232876712,0.6086757990867581,0.293972685129954,43.33085773591792,0.16258147091341246,0.0006342342875971241,0.02166542886795896
trend_ensemble,DOGEUSDT,2,all,998,0.6663900371721294,0.8052917377906764,-0.2909216824844333,0.2791913571130594,0.37365993359153454,0.48463884796305734,0.22317864774643406,364.36212966661617,0.8023342765372949,-0.10059377147293322,0.07287242593332324
trend_ensemble,DOGEUSDT,2,development_2024_25,731,0.6854482751926352,1.081418597618301,-0.18202726398939584,0.2753775776073135,0.3762824897400821,0.4651004568966932,0.2019589802219915,217.83418881953924,0.6592645290606493,-0.004745923705388226,0.04356683776390785
trend_ensemble,DOGEUSDT,2,reused_2026,267,-0.011307518777654235,0.08650822861173289,-0.2724987499660215,0.2896469308758554,0.3664798266829645,0.5381315965380092,0.28127444160548837,146.52794084707696,0.14306974747664547,-0.09584784776754493,0.029305588169415392
trend_ensemble,DOGEUSDT,2,year2024,366,0.49058414314551935,1.5770454276310795,-0.18202726398939584,0.27619195558003024,0.42548952641165755,0.41253670489476163,0.20135121682426463,111.67618252966156,0.44810363992999785,0.018737319172718453,0.02233523650593231
trend_ensemble,DOGEUSDT,2,year2025,365,0.13073004495801355,0.5810875488452464,-0.14486957745526396,0.2747471673824542,0.32694063926940636,0.5178082191780821,0.20256840872491763,106.15800628987768,0.21116088913065145,-0.02348324287810668,0.021231601257975533
trend_ensemble,DOGEUSDT,5,all,998,0.49383739793003967,0.6614901134657505,-0.32529080320754433,0.27959416580647384,0.37365993359153454,0.48463884796305734,0.22317856289038648,364.34878669964513,0.802334607377468,-0.10059731908901196,0.18217439334982255
trend_ensemble,DOGEUSDT,5,development_2024_25,731,0.57882334926795,0.9620168107432203,-0.18749712626183512,0.2757129270319316,0.3762824897400821,0.4651004568966932,0.2019589177545063,217.82694405317378,0.6592648317161615,-0.00475034958852024,0.10891347202658691
trend_ensemble,DOGEUSDT,5,reused_2026,267,-0.05382866384469953,-0.12019064834019354,-0.2975383426741882,0.29017273749073086,0.3664798266829645,0.5381315965380092,0.28127429545341426,146.52184264647136,0.1430697756613064,-0.09584696950049162,0.07326092132323567
trend_ensemble,DOGEUSDT,5,year2024,366,0.4414714698264761,1.4545057262404184,-0.18749712626183512,0.27653162288287464,0.42548952641165755,0.41253670489476163,0.2013511498923424,111.6723684398562,0.44810441576069454,0.018733349829038112,0.0558361842199281
trend_ensemble,DOGEUSDT,5,year2025,365,0.09528588134873672,0.4649132967904777,-0.15310454311366217,0.27508104351346085,0.32694063926940636,0.5178082191780821,0.20256835073410076,106.15457561331759,0.21116041595546692,-0.02348369941755834,0.053077287806658796
breakout,DOGEUSDT,2,all,998,1.8582825799409957,1.3974807503829254,-0.34356799932229287,0.3081446094504197,0.4117865279533127,0.48095615349941073,0.26994281208097726,580.3569072637338,1.0212991545626853,0.29747717861966216,0.11607138145274676
breakout,DOGEUSDT,2,development_2024_25,731,1.942026076857199,1.893422422286428,-0.15792741155066214,0.3094734113795259,0.4265339100283714,0.45484053897603666,0.24101821914986538,352.76514088782477,0.9145660720549916,0.35361142081782126,0.07055302817756495
breakout,DOGEUSDT,2,reused_2026,267,-0.028464566502300226,0.017563413705163504,-0.3435679993222932,0.3039386769723698,0.37141073657927587,0.552456206745053,0.34913336426315983,227.59176637590906,0.10673308250769367,-0.056134242198159046,0.04551835327518181
breakout,DOGEUSDT,2,year2024,366,0.9845960710688109,2.383479973457573,-0.12771581375803875,0.3062329399286446,0.4550065555788267,0.4000898317921508,0.2418868783536118,182.5614108374686,0.6255736553081127,0.15046645756507357,0.03651228216749372
breakout,DOGEUSDT,2,year2025,365,0.4824306667465905,1.4112986751034229,-0.15792741155066214,0.3129269338695206,0.3979832572298326,0.5097412480974124,0.24014718005788951,170.20373005035617,0.28899241674687887,0.20314496325274767,0.03404074601007123
breakout,DOGEUSDT,5,all,998,1.4015354608151114,1.1890755700000628,-0.3778518735516575,0.30869770341588304,0.4117865279533127,0.48095615349941073,0.26994263156153103,580.3292827238857,1.0212985556563505,0.2974634484721084,0.2901646413619429
breakout,DOGEUSDT,5,development_2024_25,731,1.6465743567328817,1.7206173566095477,-0.16418575927623247,0.3098758239954296,0.4265339100283714,0.45484053897603666,0.24101808769942923,352.750783498808,0.9145663975673299,0.35359428861951725,0.17637539174940398
breakout,DOGEUSDT,5,reused_2026,267,-0.09258719495048262,-0.2878482922701294,-0.3778518735516587,0.30475565358353246,0.37141073657927587,0.552456206745053,0.34913304940121814,227.57849922507785,0.10673215808902056,-0.05613084014740878,0.11378924961253895
breakout,DOGEUSDT,5,year2024,366,0.8788227661100976,2.202077534107352,-0.13740763742047102,0.3066754121045439,0.4550065555788267,0.4000898317921508,0.24188673099424893,182.55355297019088,0.6255745403689357,0.15045153078775472,0.09127677648509543
breakout,DOGEUSDT,5,year2025,365,0.4086343876981682,1.2468839413111117,-0.16418575927623347,0.3132953716882744,0.3979832572298326,0.5097412480974124,0.24014706455996615,170.1972305286171,0.28899185719839415,0.2031427578317626,0.08509861526430856
range_only,DOGEUSDT,2,all,998,-0.5170400060518188,-1.178753023832862,-0.5522400355834753,0.20721856396712485,0.4461852227490211,0.36154482067115257,0.1696198644062065,272.81386237712576,-0.017452069672930684,-0.574981684768902,0.05456277247542515
range_only,DOGEUSDT,2,development_2024_25,731,-0.4447287185974941,-1.3303070784719355,-0.5139509136140825,0.2047356211289741,0.4273525088802774,0.3613596814222002,0.1525030528897922,165.10254059078835,-0.023441153552696783,-0.46976097692558383,0.03302050811815767
range_only,DOGEUSDT,2,reused_2026,267,-0.13022695370032555,-0.7811118398056514,-0.19302463945694093,0.2142097783855301,0.4977459487342332,0.3620517000381347,0.21648274537436699,107.71132178633741,0.0059890838797661446,-0.10522070784331808,0.021542264357267485
range_only,DOGEUSDT,2,year2024,366,-0.299301961470143,-1.6795322008238043,-0.34274429366895354,0.1991689326391479,0.39435971643088796,0.38309550518416974,0.14912432207189835,83.07817261038875,0.010675232870468912,-0.3229203743545743,0.01661563452207775
range_only,DOGEUSDT,2,year2025,365,-0.20754554619914756,-0.9983309168117819,-0.2864571710389864,0.21039274693138119,0.4604356925418569,0.3395643074581431,0.15589104050444735,82.0243679803996,-0.03411638642316569,-0.14684060257100956,0.016404873596079922
range_only,DOGEUSDT,5,all,998,-0.5549939940531934,-1.3263229891176151,-0.5846887264745277,0.2067814785084882,0.4461852227490211,0.36154482067115257,0.1696198161856488,272.8048863018062,-0.017450348779925996,-0.5749818195103429,0.1364024431509031
range_only,DOGEUSDT,5,development_2024_25,731,-0.47156224744296027,-1.4538592264721713,-0.5315938019119464,0.20438235779965025,0.4273525088802774,0.3613596814222002,0.15250301727302143,165.09761824646012,-0.02343795446475277,-0.46976152704778945,0.08254880912323007
range_only,DOGEUSDT,5,reused_2026,267,-0.15788377383432217,-0.9908094568005564,-0.2057258797603435,0.2135689892030488,0.4977459487342332,0.3620517000381347,0.21648266264681212,107.7072680553461,0.0059876056848267994,-0.10522029246255349,0.053853634027673056
range_only,DOGEUSDT,5,year2024,366,-0.3165503044081832,-1.8079953917305929,-0.3541376227387846,0.19879200333696778,0.39435971643088796,0.38309550518416974,0.1491242841062946,83.0756774591475,0.010678596123268241,-0.3229208602152183,0.04153783872957375
range_only,DOGEUSDT,5,year2025,365,-0.22680812360381253,-1.1172983233869116,-0.29933122983205296,0.21006092514874783,0.4604356925418569,0.3395643074581431,0.1558910072429448,82.02194078731263,-0.03411655058802102,-0.14684066683257113,0.04101097039365631
down_rebound,DOGEUSDT,2,all,998,0.5184193840582578,0.6318358470482872,-0.2393666617010639,0.32225472669810834,0.39227065241594294,0.3119595753644338,0.24788703798859935,594.3504111462955,0.8083008141447765,-0.11017499183091536,0.1188700822292591
down_rebound,DOGEUSDT,2,development_2024_25,731,0.39169219849062964,0.6662314757440531,-0.2393666617010639,0.3260273174554063,0.3992105563155494,0.29297608389167734,0.22476295602518562,373.2836013816629,0.5552852329407585,-0.02392835523565217,0.07465672027633259
down_rebound,DOGEUSDT,2,reused_2026,267,0.09105978010444549,0.532797617594493,-0.19740238077728323,0.31228419853824324,0.37327039117769456,0.3639331044527674,0.3111967904801929,221.06680976463258,0.25301558120401785,-0.08624663659526322,0.04421336195292652
down_rebound,DOGEUSDT,2,year2024,366,0.34131201161940217,1.05725728585248,-0.2393666617010639,0.3265365452758629,0.4544341985428051,0.25228321369864753,0.22874344694809687,186.90512231372338,0.41260524917406877,-0.016402952217395017,0.037381024462744675
down_rebound,DOGEUSDT,2,year2025,365,0.037560378521029225,0.2726473540210467,-0.22238051204076792,0.3258253913705438,0.34383561643835614,0.33378044140030444,0.22077155964769105,186.37847906793957,0.14267998376668972,-0.007525403018257139,0.03727569581358792
down_rebound,DOGEUSDT,5,all,998,0.270431681342854,0.4291907159071144,-0.28421420984983914,0.32294924505458483,0.39227065241594294,0.3119595753644338,0.24788686623987521,594.3107341097377,0.8082980831150386,-0.11017758981678183,0.2971553670548689
down_rebound,DOGEUSDT,5,development_2024_25,731,0.244247249035487,0.49431642538167103,-0.2521238892357093,0.32673025244885306,0.3992105563155494,0.29297608389167734,0.22476282354019694,373.26064954724086,0.5552836747457778,-0.023934616995103464,0.18663032477362043
down_rebound,DOGEUSDT,5,reused_2026,267,0.02104439638316724,0.24255986291736076,-0.23287686305845268,0.31294117649808273,0.37327039117769456,0.3639331044527674,0.31119651123412556,221.05008456249692,0.25301440836926103,-0.08624297282167831,0.11052504228124846
down_rebound,DOGEUSDT,5,year2024,366,0.2681692433724363,0.8846215690950745,-0.2521238892357093,0.3272846701033948,0.4544341985428051,0.25228321369864753,0.2287433067172567,186.89329950352675,0.4126022722667649,-0.01640985728007105,0.09344664975176337
down_rebound,DOGEUSDT,5,year2025,365,-0.018863408383358538,0.10151320479304403,-0.22837697570392057,0.326484191729264,0.34383561643835614,0.33378044140030444,0.22077143492977527,186.3673500437141,0.1426814024790129,-0.007524759715032421,0.09318367502185705
selected_trend,DOGEUSDT,2,all,998,0.20794230908845424,0.3731674751790848,-0.4749238532324429,0.31585393044833404,0.4288577154308617,0.49249888666221336,0.2875072715435002,401.1385028405092,0.5561105616947608,-0.11698124237753815,0.08022770056810186
selected_trend,DOGEUSDT,2,development_2024_25,731,0.42641286918568677,0.7037037309324637,-0.3194739402869591,0.32594010385810335,0.4405827253381973,0.4728682170542636,0.2680028782565947,238.56771311660322,0.5634862570867433,-0.02472455669450343,0.047713542623320636
selected_trend,DOGEUSDT,2,reused_2026,267,-0.15316081677106086,-0.654327415353532,-0.3383253555177902,0.2863982662292501,0.396756658343737,0.5462442779858511,0.3409069400555898,162.57078972390605,-0.007375695391982337,-0.09225668568303474,0.03251415794478121
selected_trend,DOGEUSDT,2,year2024,366,0.6573456452982727,1.7308582240313255,-0.17440424584315506,0.32032897741250577,0.4541875379477838,0.4421770643594414,0.25253905711905544,63.836155309022956,0.5589776154547382,0.020699281313968265,0.01276723106180459
selected_trend,DOGEUSDT,2,year2025,365,-0.13933893437842637,-0.29182737494753014,-0.3194739402869595,0.33103178707936837,0.4269406392694064,0.5036434550989346,0.2835090660273875,174.73155780758023,0.00450864163200497,-0.04542383800847169,0.03494631156151605
selected_trend,DOGEUSDT,5,all,998,0.07097835462330826,0.23392308249000746,-0.5187314593508435,0.31628901862068,0.4288577154308617,0.49249888666221336,0.2875071582126772,401.1179393581762,0.556114105821837,-0.1169838955479604,0.20055896967908812
selected_trend,DOGEUSDT,5,development_2024_25,731,0.32788896604495776,0.5937149116278533,-0.3465706213430877,0.32631817305761934,0.4405827253381973,0.4728682170542636,0.26800280036842355,238.55749201817736,0.5634885029100475,-0.024727960704331746,0.11927874600908868
selected_trend,DOGEUSDT,5,reused_2026,267,-0.1934729619652179,-0.8848211276540171,-0.36723209674006974,0.28692223756465113,0.396756658343737,0.5462442779858511,0.3409067296888921,162.56044733999886,-0.007374397088210666,-0.09225593484362865,0.08128022366999943
selected_trend,DOGEUSDT,5,year2024,366,0.6259073517133924,1.6706910804056345,-0.17660503847979647,0.320440230240875,0.4541875379477838,0.4421770643594414,0.25253901894031433,63.834077120438934,0.5589776965328268,0.020697829098671405,0.03191703856021946
selected_trend,DOGEUSDT,5,year2025,365,-0.18329358395137452,-0.44880066870667407,-0.34657062134308836,0.3315784720562633,0.4269406392694064,0.5036434550989346,0.2835089483209933,174.72341489773845,0.004510806377220761,-0.045425789803003165,0.08736170744886922
selected_breakout,DOGEUSDT,2,all,998,1.425296058510673,1.1682228235725922,-0.3404072471487184,0.32048147403741734,0.43227542240889055,0.4750844361972105,0.30393328056546276,585.9619774456096,0.8756514147853035,0.2983884147578449,0.11719239548912193
selected_breakout,DOGEUSDT,2,development_2024_25,731,1.5593744707445936,1.6050849296980159,-0.17230040995979212,0.3246592857593257,0.4478992391057387,0.4450033676734071,0.2805644480797123,346.8163446684023,0.8122582428961076,0.33141104903688823,0.06936326893368047
selected_breakout,DOGEUSDT,2,reused_2026,267,-0.05238718044839974,-0.08845964173937577,-0.3404072471487196,0.30836980312292045,0.38950010403662094,0.5574412193091968,0.36791311782045755,239.14563277720728,0.06339317188919578,-0.03302263427904339,0.04782912655544146
selected_breakout,DOGEUSDT,2,year2024,366,0.8783972305478407,2.1294634378080795,-0.17230040995979212,0.31884976746183613,0.49457660718781266,0.3660316957872935,0.276745296639565,128.21202431559152,0.606245596673282,0.11529867251642925,0.025642404863118307
selected_breakout,DOGEUSDT,2,year2025,365,0.36253100735149046,1.0973580023413525,-0.1675952572670606,0.33061225386638216,0.40109398782343986,0.524191400304414,0.28439406294846276,218.60432035281082,0.2060126462228256,0.216112376520459,0.043720864070562165
selected_breakout,DOGEUSDT,5,all,998,1.034312996632138,0.9661908954094266,-0.3773124724317435,0.3211197316517131,0.43227542240889055,0.4750844361972105,0.3039330691759043,585.9279946071688,0.8756492758163901,0.29837001624038406,0.2929639973035844
selected_breakout,DOGEUSDT,5,development_2024_25,731,1.3064612652180725,1.4432089006651885,-0.18295288250622455,0.32514873449040566,0.4478992391057387,0.4450033676734071,0.2805642933512831,346.79837569291055,0.8122564970841298,0.33139097924552663,0.17339918784645528
selected_breakout,DOGEUSDT,5,reused_2026,267,-0.11799386041724869,-0.40429585838428495,-0.3773124724317428,0.30927060500211795,0.38950010403662094,0.5574412193091968,0.36791275130248874,239.1296189142582,0.06339277873226012,-0.033020963005142435,0.1195648094571291
selected_breakout,DOGEUSDT,5,year2024,366,0.8075166785711236,2.007196853132837,-0.17873503403813462,0.3191853127502393,0.49457660718781266,0.3660316957872935,0.27674517135844734,128.20526116217786,0.6062437427371948,0.1152837422849288,0.06410263058108892
selected_breakout,DOGEUSDT,5,year2025,365,0.27603871796157975,0.8978403319629633,-0.18295288250622488,0.33121448480399157,0.40109398782343986,0.524191400304414,0.2843938786920444,218.59311453073272,0.20601275434693497,0.2161072369605979,0.10929655726536636
regime_gate,DOGEUSDT,2,all,998,0.8330698822637679,0.974394205798423,-0.19906540777686932,0.2618813907045882,0.3717052159875306,0.38946643286573146,0.1841572428910337,400.4961554440784,0.7402110393352881,0.05542194616707439,0.08009923108881568
regime_gate,DOGEUSDT,2,development_2024_25,731,0.7727727106106148,1.2145133173228404,-0.1475871450423114,0.26337648336383523,0.3720407736738106,0.3682408040735674,0.16809507783224625,253.57293433284661,0.5940532287154161,0.11392978996644967,0.05071458686656932
regime_gate,DOGEUSDT,2,reused_2026,267,0.03401291733128109,0.302483218644578,-0.19906540777687076,0.25800526339316815,0.3707865168539326,0.4475785476487724,0.22813268355760158,146.9232211112318,0.1461578106198719,-0.058507843799375236,0.02938464422224636
regime_gate,DOGEUSDT,2,year2024,366,0.5079286100475657,1.7249814857441064,-0.1475871450423114,0.2562036476599814,0.40426722829386763,0.3124146174863388,0.16669831904133356,127.27749914241538,0.4215697994901676,0.05509506233723421,0.025455499828483073
regime_gate,DOGEUSDT,2,year2025,365,0.17563437605623533,0.729797929091195,-0.142460461403784,0.2705783227127307,0.33972602739726027,0.42421993911719935,0.16949566335957245,126.29543519043122,0.17248342922524856,0.05883472762921549,0.025259087038086245
regime_gate,DOGEUSDT,5,all,998,0.6255392203682322,0.8056765653369307,-0.23544028541056383,0.2622866165193918,0.3717052159875306,0.38946643286573146,0.18415715159541,400.47815238919657,0.7402104703709109,0.055422087481550704,0.2002390761945983
regime_gate,DOGEUSDT,5,development_2024_25,731,0.6429129298574157,1.0689481314589404,-0.15690544024449948,0.2637861013418612,0.3720407736738106,0.3682408040735674,0.16809500640426384,253.56242836821022,0.5940534257906208,0.11392886773009668,0.1267812141841051
regime_gate,DOGEUSDT,5,reused_2026,267,-0.010574942331659676,0.06919013548919195,-0.225682063343438,0.25835546293263817,0.3707865168539326,0.4475785476487724,0.2281325378677989,146.91572402098635,0.1461570445802899,-0.058506780248546046,0.07345786201049317
regime_gate,DOGEUSDT,5,year2024,366,0.45143477026833123,1.5742861656685776,-0.15690544024449948,0.2565772165880291,0.40426722829386763,0.3124146174863388,0.16669824270628014,127.27201381383271,0.4215692346246467,0.055093280265010175,0.06363600690691636
regime_gate,DOGEUSDT,5,year2025,365,0.13192336542529248,0.589200623831242,-0.14629675066448655,0.271023545143092,0.33972602739726027,0.42421993911719935,0.16949559685210502,126.29041455437752,0.17248419116597416,0.058835587465086506,0.06314520727718875
gate_no_range,DOGEUSDT,2,all,998,0.6277030113601616,0.7982553707108432,-0.23226514472608595,0.2668043812478472,0.3718617791137831,0.4001707198756786,0.1870745855634511,394.0081483139339,0.6480390544068514,0.029880326333717823,0.07880162966278678
gate_no_range,DOGEUSDT,2,development_2024_25,731,0.5745759514065174,0.9759648444968158,-0.16536441078353348,0.26841295685536204,0.3745392536859705,0.38422285391751704,0.17049499432025386,250.62940360826474,0.5197952856618706,0.07078651069424333,0.05012588072165295
gate_no_range,DOGEUSDT,2,reused_2026,267,0.03374055084874916,0.30020305824247634,-0.20903804694656514,0.2627202712035478,0.36453131502288805,0.4438332292967125,0.23246664997834685,143.37874470566916,0.1282437687449807,-0.040906184360525455,0.028675748941133828
gate_no_range,DOGEUSDT,2,year2024,366,0.4362207404345375,1.503402199624349,-0.16536441078353348,0.26271792290600354,0.39730380995749853,0.33585372068103975,0.16984277611202547,124.59918498464607,0.375356314572683,0.053172255729871644,0.024919836996929217
gate_no_range,DOGEUSDT,2,year2025,365,0.09633283176938434,0.46897820670506885,-0.15686731463439685,0.2741878106598303,0.3517123287671233,0.432724505327245,0.17114899942768294,126.03021862361864,0.14443897108918768,0.017614254964371634,0.02520604372472373
gate_no_range,DOGEUSDT,5,all,998,0.4462355223395287,0.6355849635060277,-0.2750512491889421,0.2672254204149431,0.3718617791137831,0.4001707198756786,0.18707449641842464,393.99147898290374,0.6480392371316567,0.029880345599157872,0.19699573949145188
gate_no_range,DOGEUSDT,5,development_2024_25,731,0.4605238896455788,0.8351326243895889,-0.17435044880810358,0.2688371700774525,0.3745392536859705,0.38422285391751704,0.17049492380045508,250.6195232829798,0.5197957610792268,0.07078559788260463,0.12530976164148994
gate_no_range,DOGEUSDT,5,reused_2026,267,-0.009783042514640239,0.07665006163797994,-0.2344484742784707,0.2631019657534804,0.36453131502288805,0.4438332292967125,0.2324665098406558,143.37195569992394,0.12824347605243006,-0.04090525228344674,0.07168597784996197
gate_no_range,DOGEUSDT,5,year2024,366,0.3835247218163709,1.3597876475744695,-0.17435044880810358,0.2631019829213458,0.39730380995749853,0.33585372068103975,0.16984270104616425,124.59409372959085,0.3753564748993775,0.053170606377008,0.06229704686479543
gate_no_range,DOGEUSDT,5,year2025,365,0.05565434908031297,0.33097091380734306,-0.16344707592569452,0.27465100151045313,0.3517123287671233,0.432724505327245,0.1711489334664015,126.02542955338895,0.14443928617984925,0.01761499150559663,0.06301271477669448
adaptive14,DOGEUSDT,2,all,998,0.7488098100858189,0.9318222162039095,-0.1826786016870139,0.2529294878799175,0.3684411627164511,0.38674919283010467,0.1742303430967982,362.1500013301455,0.671031859392675,0.06206673405740585,0.0724300002660291
adaptive14,DOGEUSDT,2,development_2024_25,731,0.710383456289434,1.1744019878744183,-0.1554119455539229,0.25538204176503837,0.3743160054719562,0.36483033135734916,0.1606935965235311,232.74192558900955,0.5575992094731631,0.10489034963258681,0.04654838511780191
adaptive14,DOGEUSDT,2,reused_2026,267,0.022466513959241707,0.2428433645233297,-0.1713954191078103,0.2463258319309694,0.35235685539707184,0.44675925925925924,0.21129162304083646,129.4080757411359,0.11343264991951182,-0.04282361557518101,0.02588161514822718
adaptive14,DOGEUSDT,2,year2024,366,0.46786781233907204,1.6584117493477266,-0.1554119455539229,0.24918185928717132,0.4204899058894961,0.32027929568913177,0.16001937692172388,115.07995673330782,0.3859312254697493,0.05890104814955023,0.023015991346661564
adaptive14,DOGEUSDT,2,year2025,365,0.1652162694159156,0.711941661743952,-0.12542193952908598,0.2616587321311554,0.32801560121765605,0.40950342465753425,0.16136966330232955,117.66196885570173,0.1716679840034138,0.04598930148303658,0.023532393771140345
adaptive14,DOGEUSDT,5,all,998,0.5687630201942815,0.7739059349246136,-0.21704265321534244,0.25329220943560876,0.3684411627164511,0.38674919283010467,0.1742302658995002,362.1351196373268,0.6710321138122461,0.06206678093035507,0.1810675598186634
adaptive14,DOGEUSDT,5,development_2024_25,731,0.5950311041113066,1.036662398219186,-0.1615549128254563,0.255755004776709,0.3743160054719562,0.36483033135734916,0.16069353524214855,232.73298695204664,0.5575999072867668,0.10488967734180871,0.11636649347602332
adaptive14,DOGEUSDT,5,reused_2026,267,-0.0164686969735669,0.02765588515542835,-0.19397450057208443,0.2466235670250722,0.35235685539707184,0.44675925925925924,0.21129150226850404,129.40213268528015,0.1134322065254793,-0.042822896411453655,0.06470106634264007
adaptive14,DOGEUSDT,5,year2024,366,0.41805466518737555,1.518472233484777,-0.1615549128254563,0.24950404328326456,0.4204899058894961,0.32027929568913177,0.16001931331926028,115.07545142055248,0.38593112544167596,0.05889963457292416,0.05753772571027625
adaptive14,DOGEUSDT,5,year2025,365,0.12480226839530917,0.576490250982575,-0.12766748997776323,0.2620801181467436,0.32801560121765605,0.40950342465753425,0.16136960434838715,117.65753553149415,0.1716687818450909,0.045990042768884576,0.05882876776574709
adaptive42,DOGEUSDT,2,all,998,0.8118529915871115,0.983997450496534,-0.17225093607371744,0.2525615858202656,0.3579137441549766,0.37539314740592294,0.1723959144629535,361.1288690534442,0.7168934659359402,0.05177688594523837,0.07222577381068884
adaptive42,DOGEUSDT,2,development_2024_25,731,0.7457266647995084,1.2123893567606725,-0.13356759370442806,0.25586840625345736,0.365984572123423,0.35398141814865486,0.15974594996807492,234.673708602008,0.589602011649026,0.09354543482444742,0.0469347417204016
adaptive42,DOGEUSDT,2,reused_2026,267,0.037878969326047285,0.3269329908148826,-0.16724568951695662,0.24352821430911137,0.33581720765709533,0.4340147732001665,0.2070293378552991,126.4551604514362,0.12729145428691419,-0.04176854887920896,0.02529103209028724
adaptive42,DOGEUSDT,2,year2024,366,0.5189977084097122,1.7986677870979428,-0.11896958994286311,0.2486254715659596,0.41840277777777773,0.3112097753491196,0.15887226347118338,115.90706423654518,0.4188648313572072,0.05983240781744368,0.023181412847309034
adaptive42,DOGEUSDT,2,year2025,365,0.14926221095301173,0.6570507474069014,-0.13356759370442883,0.26307609323264697,0.31342275494672756,0.3968702435312025,0.16062203012660173,118.76664436546278,0.17073718029181878,0.03371302700700373,0.023753328873092564
adaptive42,DOGEUSDT,5,all,998,0.6258135845743529,0.8261817459520692,-0.2108036007211379,0.25293864983401887,0.3579137441549766,0.37539314740592294,0.172395836800278,361.11384726386365,0.716893557007809,0.0517776129864102,0.18055692363193182
adaptive42,DOGEUSDT,5,development_2024_25,731,0.6270473491965118,1.0736626107277425,-0.1371586925748941,0.25626047630886606,0.365984572123423,0.35398141814865486,0.15974588702885575,234.664470023844,0.5896025981148183,0.09354546487462415,0.117332235011922
adaptive42,DOGEUSDT,5,reused_2026,267,-0.0007582843995111999,0.11412715253685358,-0.1895420925359358,0.24383041937691927,0.33581720765709533,0.4340147732001665,0.2070292198823366,126.44937724001967,0.12729095889299077,-0.04176785188821401,0.06322468862000984
adaptive42,DOGEUSDT,5,year2024,366,0.4670852927871465,1.6571074650713125,-0.1251879669877347,0.2489686490287347,0.41840277777777773,0.3112097753491196,0.15887219821398207,115.9023496911156,0.41886454100176884,0.059831431928391646,0.0579511748455578
adaptive42,DOGEUSDT,5,year2025,365,0.10903391724790334,0.5211490888548124,-0.13715869257489421,0.26351433427477905,0.31342275494672756,0.3968702435312025,0.16062196951171545,118.76212033272839,0.17073805711304946,0.03371403294623248,0.0593810601663642
adaptive126,DOGEUSDT,2,all,998,0.8662514955545852,1.0335573878565436,-0.18531283205646987,0.2504645119989771,0.3634282453796482,0.37625250501002006,0.172389267943299,363.90725734749924,0.7098826169845585,0.08843036178790094,0.07278145146949985
adaptive126,DOGEUSDT,2,development_2024_25,731,0.805601407947705,1.2933699330841952,-0.138417783769474,0.25220775754326474,0.37425900592795264,0.35658439732482144,0.159189413182296,232.41462846469557,0.5893060108682903,0.12645998221949875,0.04648292569293912
adaptive126,DOGEUSDT,2,reused_2026,267,0.03358996472860287,0.30319119315102694,-0.18364529678346486,0.24583714725892575,0.33377548897211823,0.4301003953391594,0.2085281961466442,131.49262888280367,0.1205766061162682,-0.03802962043159784,0.026298525776560736
adaptive126,DOGEUSDT,2,year2024,366,0.5047529770099677,1.8286248470390059,-0.1220375150335995,0.23811011044191735,0.4237249544626594,0.3103559502125076,0.1558968027116083,113.41326312091532,0.39890326387558755,0.06806323469613215,0.022682652624183064
adaptive126,DOGEUSDT,2,year2025,365,0.19993210549119,0.8152127095669913,-0.1384177837694741,0.26579881775830566,0.32465753424657534,0.402939497716895,0.1624910445035884,119.00136534378024,0.19040274699270274,0.05839674752336664,0.023800273068756046
adaptive126,DOGEUSDT,5,all,998,0.6732311010903229,0.8731353192096634,-0.22031213556538554,0.25083687524958137,0.3634282453796482,0.37625250501002006,0.17238918894490707,363.8917649744973,0.7098818707236757,0.08843136110225122,0.18194588248724866
adaptive126,DOGEUSDT,5,development_2024_25,731,0.6839925273525531,1.1538762553984683,-0.14078759203254465,0.25258832252547037,0.37425900592795264,0.35658439732482144,0.15918935067190462,232.4053363145407,0.5893061523296994,0.12646019304568237,0.11620266815727034
adaptive126,DOGEUSDT,5,reused_2026,267,-0.006390423999771078,0.08402789703126776,-0.20662686970603483,0.24614675926863422,0.33377548897211823,0.4301003953391594,0.2085280720069475,131.4864286599566,0.12057571839397616,-0.038028831943431124,0.0657432143299783
adaptive126,DOGEUSDT,5,year2024,366,0.45441510536170204,1.6839795909581599,-0.12788341061635955,0.23843993405390954,0.4237249544626594,0.3103559502125076,0.15589673855916147,113.40863034523508,0.3989025070988038,0.06806254301029263,0.056704315172617537
adaptive126,DOGEUSDT,5,year2025,365,0.15784862323315552,0.6801837903012602,-0.14078759203254432,0.26622478730905674,0.32465753424657534,0.402939497716895,0.16249098363975115,118.99670596930562,0.1904036452308956,0.058397650035389756,0.05949835298465281
filtered_moe,DOGEUSDT,2,all,998,0.5736329269730152,0.8886969455481069,-0.17668112341776543,0.2111112096558414,0.31302883544867516,0.3555687764417725,0.13519553882796298,191.73407210700742,0.5799618369333749,-0.015617876442125738,0.03834681442140149
filtered_moe,DOGEUSDT,2,development_2024_25,731,0.5033084558669594,1.085361873942051,-0.1104976186130977,0.20683994153858584,0.30741754065967475,0.3031188250493996,0.11901380257148489,110.57402265459406,0.474093333576403,0.010334699654897826,0.02211480453091881
filtered_moe,DOGEUSDT,2,reused_2026,267,0.04677980146496208,0.38902354689581575,-0.17318599782900934,0.2227024725966975,0.328391593841032,0.49916770703287555,0.17949834483352647,81.16004945241338,0.10586850335697198,-0.02595257609702358,0.016232009890482676
filtered_moe,DOGEUSDT,2,year2024,366,0.3931578656755872,1.8663009499793475,-0.09228919185873763,0.18631839684189744,0.2830714936247723,0.23943154219793564,0.1017328914453633,42.67163362837705,0.3195166292703565,0.04258835811668022,0.008534326725675409
filtered_moe,DOGEUSDT,2,year2025,365,0.07906540450672916,0.4473276494923481,-0.11049761861309793,0.22562556935759243,0.3318302891933029,0.3669805936073059,0.1363420586595959,67.90238902621701,0.15457670430604648,-0.0322536584617824,0.013580477805243402
filtered_moe,DOGEUSDT,5,all,998,0.4856695684910073,0.7885635116185372,-0.20304471675906877,0.21127559530537296,0.31302883544867516,0.3555687764417725,0.13519550232758848,191.7286068340999,0.5799617005364786,-0.015619141653115273,0.09586430341704993
filtered_moe,DOGEUSDT,5,development_2024_25,731,0.45425758786183024,1.004658958049785,-0.1136677365925417,0.20699266219793533,0.30741754065967475,0.3031188250493996,0.11901377586712435,110.57107991779777,0.4740933985575241,0.01033315045558435,0.05528553995889889
filtered_moe,DOGEUSDT,5,reused_2026,267,0.0216000115050885,0.23953928652468473,-0.1880935766284858,0.22287519131211556,0.328391593841032,0.49916770703287555,0.17949828151335362,81.15752691630212,0.10586830197895446,-0.025952292108699634,0.04057876345815106
filtered_moe,DOGEUSDT,5,year2024,366,0.37543671506492493,1.7969158407570414,-0.09569792572551317,0.1864120020710632,0.2830714936247723,0.23943154219793564,0.10173287009273492,42.670518414705256,0.3195167512020853,0.042587942667052674,0.02133525920735263
filtered_moe,DOGEUSDT,5,year2025,365,0.057306070089298666,0.3569231479956275,-0.11366773659254226,0.22581727759451437,0.3318302891933029,0.3669805936073059,0.13634202658884087,67.90056150309252,0.1545766473554388,-0.03225479221146833,0.03395028075154626
kalman,DOGEUSDT,2,all,998,1.9997534864611035,1.3418953818573636,-0.30678034878618965,0.341926497845344,0.4468960787428516,0.48885679072042654,0.3186583848431701,884.328905804583,1.1308871831226084,0.33541277759891797,0.17686578116091664
kalman,DOGEUSDT,2,development_2024_25,731,1.6512281253138616,1.592042906396298,-0.1751513506685769,0.3416959331937918,0.4559219249242522,0.4741388401645401,0.28544221660920704,557.3423110993651,0.8929927036620232,0.3409816850558535,0.11146846221987304
kalman,DOGEUSDT,2,reused_2026,267,0.1314580808115029,0.6580964083602404,-0.30678034878619065,0.342901880480506,0.4221848669128746,0.529152003665569,0.4095985308320353,326.98659470521784,0.23789447946058517,-0.005568907456935449,0.06539731894104357
kalman,DOGEUSDT,2,year2024,366,0.9312177317362706,2.0845705922537667,-0.16511019591779452,0.3424758674891671,0.4663244821119171,0.45473305386839974,0.2827359763715941,282.83623732072346,0.6902138829965914,0.0961759931259114,0.05656724746414469
kalman,DOGEUSDT,2,year2025,365,0.3728271451454934,1.0951482849159269,-0.17515135066857668,0.34114879298029305,0.44549086757990863,0.49359779299847795,0.2881558712036354,274.50607377864173,0.20277882066543185,0.24480569192994217,0.05490121475572835
kalman,DOGEUSDT,5,all,998,1.3007146255856061,1.0549173352701595,-0.3588256205211461,0.34333866824801784,0.4468960787428516,0.48885679072042654,0.3186580999996651,884.2709605736193,1.1308846341840684,0.33539744347528305,0.4421354802868097
kalman,DOGEUSDT,5,development_2024_25,731,1.242999159670232,1.344041686543177,-0.19101834339448187,0.34285073018481865,0.4559219249242522,0.4741388401645401,0.2854420047451916,557.3101722567599,0.8929916599391714,0.3409632028665204,0.2786550861283799
kalman,DOGEUSDT,5,reused_2026,267,0.0257313809800348,0.2673428737271608,-0.3564471091562168,0.3449199913723479,0.4221848669128746,0.529152003665569,0.4095980461832611,326.96078831685946,0.23789297424489686,-0.0055657593912374105,0.16348039415842974
kalman,DOGEUSDT,5,year2024,366,0.7741057156317157,1.83124089979911,-0.17891977771122813,0.34381887642654646,0.4663244821119171,0.45473305386839974,0.2827357522787112,282.81929779194957,0.6902129183003649,0.0961583121948768,0.1414096488959748
kalman,DOGEUSDT,5,year2025,365,0.2642984800212729,0.8521400202377476,-0.1910183433944821,0.3421194403260029,0.44549086757990863,0.49359779299847795,0.2881556716019912,274.4908744648103,0.20277874163880652,0.2448048906716436,0.13724543723240512
trend_ensemble_long,DOGEUSDT,2,all,998,1.0977072097725995,1.3102431562241805,-0.19100593755867046,0.2256921738837366,0.3759358874543512,0.0,0.10436754416345095,150.12373465791433,0.8344563626921115,0.0,0.030024746931582875
trend_ensemble_long,DOGEUSDT,2,development_2024_25,731,0.8536183333216845,1.4828307292534333,-0.1520863485960252,0.2243663922908829,0.38753117762514344,0.0,0.09921103708624891,91.50625471177375,0.6824179456768711,0.0,0.018301250942354755
trend_ensemble_long,DOGEUSDT,2,reused_2026,267,0.1316823814606476,0.8468213056423958,-0.16797753847770935,0.22962459757498727,0.34418998065716344,0.0,0.1184851721538431,58.61747994614059,0.15203841701524054,0.0,0.011723495989228118
trend_ensemble_long,DOGEUSDT,2,year2024,366,0.5193117598203907,1.8719180986791952,-0.1520863485960252,0.23761973553443247,0.4541701176672188,0.0,0.1109227509580599,53.14178494697195,0.4595883517319017,0.0,0.010628356989394391
trend_ensemble_long,DOGEUSDT,2,year2025,365,0.22003816618968086,1.0469556369711137,-0.15074220066829513,0.210403313739196,0.3207096651445967,0.0,0.08746723632711786,38.364469764801804,0.22282959394496926,0.0,0.00767289395296036
trend_ensemble_long,DOGEUSDT,5,all,998,1.0053262018534883,1.23675885892664,-0.2058068459187552,0.22579437087110196,0.3759358874543512,0.0,0.1043675079451834,150.11853844613086,0.8344576634106343,0.0,0.07505926922306543
trend_ensemble_long,DOGEUSDT,5,development_2024_25,731,0.8034240433257256,1.421223432084686,-0.1587658941473038,0.22445489337977007,0.38753117762514344,0.0,0.09921100910968439,91.50339986170495,0.682418786967093,0.0,0.04575169993085248
trend_ensemble_long,DOGEUSDT,5,reused_2026,267,0.11195490005524888,0.7418113912422751,-0.17904325120171927,0.22975078537493748,0.34418998065716344,0.0,0.11848511337121259,58.61513858442591,0.15203887644354136,0.0,0.029307569292212954
trend_ensemble_long,DOGEUSDT,5,year2024,366,0.49528157761149316,1.804588239258813,-0.1587658941473038,0.23767370674941607,0.4541701176672188,0.0,0.11092271636184575,53.14002833562398,0.45958924664960144,0.0,0.026570014167811993
trend_ensemble_long,DOGEUSDT,5,year2025,365,0.20607654794119123,0.9917305293988546,-0.1530728315627965,0.2105378654685268,0.3207096651445967,0.0,0.08746721498833902,38.36337152608097,0.22282954031749155,0.0,0.019181685763040485
regime_gate_long,DOGEUSDT,2,all,998,0.7911236936825798,1.124149606842601,-0.14199734404331765,0.2084168537498998,0.36718576040970835,0.0,0.09336071995588315,157.6438727096746,0.6711321334759528,0.0,0.03152877454193492
regime_gate_long,DOGEUSDT,2,development_2024_25,731,0.5877051062997742,1.2084668995185432,-0.14199734404331765,0.20851703768578322,0.3572113923088615,0.0,0.08951329801670184,101.99226633306424,0.5256982243627406,0.0,0.020398453266612847
regime_gate_long,DOGEUSDT,2,reused_2026,267,0.12812113948344162,0.8913041738969072,-0.12279227565102213,0.20851244797143562,0.3944938618393675,0.0,0.10389429837364172,55.651606376610374,0.14543390911321213,0.0,0.011130321275322076
regime_gate_long,DOGEUSDT,2,year2024,366,0.4049277787781931,1.6676311514518085,-0.14199734404331765,0.21714399970282208,0.4037264723740133,0.0,0.09965274848225522,56.48700152874166,0.3787192421961224,0.0,0.011297400305748332
regime_gate_long,DOGEUSDT,2,year2025,365,0.13009731196327823,0.709104284000065,-0.13872516503108723,0.19962374298137028,0.31056887366818875,0.0,0.07934606823480447,45.50526480432258,0.14697898216661814,0.0,0.009101052960864515
regime_gate_long,DOGEUSDT,5,all,998,0.7083857708732038,1.0409405041001099,-0.15501815730240331,0.20846181239912287,0.36718576040970835,0.0,0.09336068582330644,157.63860514165,0.6711325175999072,0.0,0.078819302570825
regime_gate_long,DOGEUSDT,5,development_2024_25,731,0.5398596688042261,1.1349922223612188,-0.14856920538767227,0.2085547861207395,0.3572113923088615,0.0,0.08951326959967927,101.98902717863834,0.5256990610039984,0.0,0.05099451358931917
regime_gate_long,DOGEUSDT,5,reused_2026,267,0.1094425066667597,0.7816433277149254,-0.13475744992178618,0.20857219098668195,0.3944938618393675,0.0,0.10389424859286245,55.649577963011666,0.14543345659590884,0.0,0.02782478898150583
regime_gate_long,DOGEUSDT,5,year2024,366,0.38131975102864213,1.5895417638559548,-0.14856920538767227,0.2171756494433558,0.4037264723740133,0.0,0.09965271415567148,56.48501759313879,0.37871927272459793,0.0,0.028242508796569397
regime_gate_long,DOGEUSDT,5,year2025,365,0.11477423504407236,0.6405921282216444,-0.1412192501364321,0.19967321623893045,0.31056887366818875,0.0,0.07934604574353367,45.504009585499546,0.14697978827940045,0.0,0.022752004792749775
expanding_tree,DOGEUSDT,2,all,998,0.9218886158079116,1.0282761785606995,-0.4275019291383294,0.26632714406543356,0.6084147461589847,0.2218424096547722,0.19123834398635112,322.7057779741887,0.8614935110208247,-0.019690782372628265,0.06454115559483775
expanding_tree,DOGEUSDT,2,development_2024_25,731,1.1334433170979308,1.5266113010598705,-0.2253726967097247,0.271727288030061,0.641187870497036,0.18454077367381064,0.19112819936123823,217.6159499642927,0.8604098726738114,0.04436437347844282,0.04352318999285854
expanding_tree,DOGEUSDT,2,reused_2026,267,-0.0991611539873436,-0.44772436753729933,-0.27578065385020656,0.2503270868195482,0.5186875780274656,0.3239678624715621,0.19153990099368268,105.08982800989602,0.001083638347013055,-0.06405515585107109,0.021017965601979202
expanding_tree,DOGEUSDT,2,year2024,366,0.8359360338877049,2.303417462837736,-0.15020967869584845,0.27985405526454926,0.6161961141469338,0.2228104128718883,0.2122313144379483,118.89839408201408,0.6353054759139514,0.03775684975473242,0.02377967881640282
expanding_tree,DOGEUSDT,2,year2025,365,0.16204664962113835,0.7006943690665852,-0.22537269670972548,0.263158378253101,0.6662480974124809,0.14616628614916283,0.16996726753089336,98.7175558822786,0.22510439675986005,0.006607523723710408,0.019743511176455723
expanding_tree,DOGEUSDT,5,all,998,0.7445453736031116,0.8951568464308126,-0.44690721864898586,0.2663699350658337,0.6084147461589847,0.2218424096547722,0.1912382717942049,322.6928180666372,0.8615040167143421,-0.019690130287949692,0.1613464090333186
expanding_tree,DOGEUSDT,5,development_2024_25,731,0.9986074982821562,1.4065082598421959,-0.2346108948770469,0.2717344383000946,0.641187870497036,0.18454077367381064,0.19112813159404268,217.60710551947014,0.860418042552122,0.04436448159312631,0.10880355275973505
expanding_tree,DOGEUSDT,5,reused_2026,267,-0.1271195694489362,-0.6194518997550805,-0.28934904522425664,0.25043176645671733,0.5186875780274656,0.3239678624715621,0.19153981668678388,105.08571254716709,0.0010859741622199492,-0.06405461188107603,0.052542856273583544
expanding_tree,DOGEUSDT,5,year2024,366,0.7716012716118468,2.1759947381435554,-0.15692856033871316,0.27987247434309526,0.6161961141469338,0.2228104128718883,0.21223122829913607,118.89290572599423,0.6353122773335529,0.03775661198919256,0.05944645286299711
expanding_tree,DOGEUSDT,5,year2025,365,0.12813618408829153,0.5881076878067837,-0.23461089487704723,0.26316787545842407,0.6662480974124809,0.14616628614916283,0.16996721818564767,98.71419979347588,0.22510576521856906,0.0066078696039337526,0.04935709989673795
rolling_tree,DOGEUSDT,2,all,998,0.06197902560097113,0.2245749227355785,-0.4722249474047877,0.3045678466554935,0.5877866844800712,0.32063780338454684,0.27786363851111523,444.7670433072994,0.5226562025662875,-0.20597016240887217,0.08895340866145988
rolling_tree,DOGEUSDT,2,development_2024_25,731,0.47543973257633465,0.7971906252835859,-0.2749758603160428,0.2993366749774047,0.6633844429244566,0.23483337133302934,0.2569727370685431,254.81817722518326,0.6278468003841683,-0.054147567493720426,0.050963635445036654
rolling_tree,DOGEUSDT,2,reused_2026,267,-0.2802288008425813,-1.2514975035586433,-0.3335079864566748,0.31774922275262424,0.3808130461922597,0.5555555555555556,0.33505932747935596,189.94886608211613,-0.10519059781788073,-0.15182259491515177,0.037989773216423224
rolling_tree,DOGEUSDT,2,year2024,366,0.6627036701551186,1.831178306294152,-0.19200865896238284,0.30129474527452316,0.7567167577413478,0.12642304189435336,0.2639202570508443,109.55579118296566,0.5991894647972228,-0.010749254391810733,0.021911158236593134
rolling_tree,DOGEUSDT,2,year2025,365,-0.1126261648062119,-0.25373679699274404,-0.27497586031604326,0.29686437811599875,0.5697964231354643,0.34354071537290715,0.2500061827849204,145.26238604221757,0.028657335586945415,-0.0433983131019097,0.029052477208443516
rolling_tree,DOGEUSDT,5,all,998,-0.07067833171505811,0.06440318810918963,-0.5129113896064297,0.3046315741756829,0.5877866844800712,0.32063780338454684,0.27786352004210496,444.7454952445734,0.5226584013460305,-0.20597299148763618,0.2223727476222867
rolling_tree,DOGEUSDT,5,development_2024_25,731,0.36684936949943836,0.6694863944633416,-0.2852444116345674,0.2994421843051924,0.6633844429244566,0.23483337133302934,0.25697265161601246,254.80715896105625,0.6278507382854548,-0.05414763494194246,0.1274035794805281
rolling_tree,DOGEUSDT,5,reused_2026,267,-0.3200994279089624,-1.4975294869997482,-0.3663329702386222,0.3175401405669667,0.3808130461922597,0.5555555555555556,0.33505911861691257,189.93833628351715,-0.10519233693942431,-0.1518253565456937,0.09496916814175857
rolling_tree,DOGEUSDT,5,year2024,366,0.6089428534831804,1.721360545107986,-0.19876309054931063,0.3014834025829077,0.7567167577413478,0.12642304189435336,0.26392018168731834,109.55139833910665,0.5991937800593892,-0.010749795399836014,0.05477569916955333
rolling_tree,DOGEUSDT,5,year2025,365,-0.15046742241940847,-0.40049736381261974,-0.28524441163456715,0.2968540653929537,0.5697964231354643,0.34354071537290715,0.25000608721574413,145.25576062194958,0.028656958226065676,-0.04339783954210644,0.0726278803109748
action_tcn,DOGEUSDT,2,all,998,0.05958184024613966,0.22472110392857872,-0.45720083262529987,0.3180588755155061,0.55041680583389,0.388793811490577,0.30857928590745515,608.00333407023,0.4144469452097462,-0.07943733908777731,0.121600666814046
action_tcn,DOGEUSDT,2,development_2024_25,731,0.3868283612698875,0.6619544727810763,-0.33508308582531976,0.32614216438573096,0.5528718270253837,0.3812264057636668,0.28424374768522365,429.501214937632,0.461435617047974,0.07462672885880325,0.08590024298752642
action_tcn,DOGEUSDT,2,reused_2026,267,-0.2359675718804145,-1.1002953255626167,-0.3780716315350845,0.2943878404776383,0.5436953807740326,0.4095120646230539,0.375205796920381,178.50211913259795,-0.04698867183822791,-0.1540640679465806,0.035700423826519584
action_tcn,DOGEUSDT,2,year2024,366,0.3488966471142423,1.183774340056879,-0.17502180416464286,0.2863221113149507,0.6103521554341226,0.2983059421733952,0.24883353651865645,138.4447331725167,0.4308679306707907,-0.053943393408996954,0.027688946634503345
action_tcn,DOGEUSDT,2,year2025,365,0.028120548921814814,0.2555486370352643,-0.33508308582531976,0.3619844728363709,0.49523401826484026,0.4643740487062405,0.3197509731289596,291.05648176511534,0.030567686377183267,0.12857012226780026,0.058211296353023065
action_tcn,DOGEUSDT,5,all,998,-0.11709104227817879,0.01521403779565943,-0.5138631353374647,0.318290233425584,0.55041680583389,0.388793811490577,0.3085791170104126,607.971110800085,0.41445076156705135,-0.07943783685931706,0.30398555540004246
action_tcn,DOGEUSDT,5,development_2024_25,731,0.21916270726852516,0.4645235518668595,-0.36578430407723495,0.326375226659128,0.5528718270253837,0.3812264057636668,0.2842435954178396,429.4776732185993,0.46143942119824066,0.07462708710415493,0.21473883660929963
action_tcn,DOGEUSDT,5,reused_2026,267,-0.2758071154424194,-1.3475941034736938,-0.39635806724633094,0.2945834434966396,0.5436953807740326,0.4095120646230539,0.37520558249419816,178.49343758148572,-0.0469886596311892,-0.15406492396347216,0.08924671879074286
action_tcn,DOGEUSDT,5,year2024,366,0.2940184404660946,1.039013400172242,-0.18320343241820447,0.28631768914882066,0.6103521554341226,0.2983059421733952,0.2488334501523013,138.4393373401289,0.430868181383939,-0.05394210046034116,0.06921966867006445
action_tcn,DOGEUSDT,5,year2025,365,-0.05784750113036219,0.014710071745373131,-0.36578430407723506,0.36236227124019105,0.49523401826484026,0.4643740487062405,0.3197507547799959,291.0383358784703,0.03057123981430164,0.12856918756449612,0.1455191679392352
vol_long,DOGEUSDT,2,all,998,0.2613837097378089,0.4131908427313644,-0.5811762688629706,0.4636961151066575,1.0,0.0,0.5453557585981433,8.290439083350302,0.6064676570170668,0.0,0.0016580878166700605
vol_long,DOGEUSDT,2,development_2024_25,731,0.3438519873747765,0.5484760712978709,-0.39911642880057696,0.4647490826592259,1.0,0.0,0.4827308484495454,6.005650403134011,0.5881546784804792,0.0,0.001201130080626802
vol_long,DOGEUSDT,2,reused_2026,267,-0.061367083884045104,0.03957659758705048,-0.42121473613310567,0.4615481192536339,1.0,0.0,0.7168119732746417,2.284788680216292,0.01831297853658758,0.0,0.0004569577360432584
vol_long,DOGEUSDT,2,year2024,366,0.8643485912469446,1.54399358564348,-0.3462779280114665,0.4745208119810342,1.0,0.0,0.506665989099824,3.7423097894752027,0.7659652102008203,0.0,0.0007484619578950406
vol_long,DOGEUSDT,2,year2025,365,-0.2791841645472768,-0.49373362561539436,-0.3812450706978455,0.45400695757480986,1.0,0.0,0.4587301320714577,2.2633406136588077,-0.17781053172034095,0.0,0.00045266812273176153
vol_long,DOGEUSDT,5,all,998,0.258250248774067,0.41122810355475886,-0.5815884620989471,0.46366248159797,1.0,0.0,0.5453557539826026,8.290121717235001,0.6064678925832805,0.0,0.004145060858617501
vol_long,DOGEUSDT,5,development_2024_25,731,0.3414329396653035,0.5465498878683533,-0.3995242770298085,0.4647119800966937,1.0,0.0,0.48273084383697196,6.0053729290364695,0.5881543463089787,0.0,0.0030026864645182356
vol_long,DOGEUSDT,5,reused_2026,267,-0.06201032376019533,0.037526447720863235,-0.42139162952171527,0.4615239662775809,1.0,0.0,0.7168119686509775,2.2847487881985318,0.018313546274301838,0.0,0.001142374394099266
vol_long,DOGEUSDT,5,year2024,366,0.8622566074850457,1.5417873412127936,-0.34648291156849365,0.47445377485442186,1.0,0.0,0.5066659831230576,3.742162721416422,0.7659650207583598,0.0,0.0018710813607082117
vol_long,DOGEUSDT,5,year2025,365,-0.2796734165025231,-0.49523643288885927,-0.3814031555590178,0.4540024075083019,1.0,0.0,0.45873012882681485,2.2632102076200473,-0.17781067444938137,0.0,0.0011316051038100239
hold,DOGEUSDT,2,all,998,0.06514945062654753,0.4735162888446292,-0.8520589621630735,0.9113646442596035,1.0,0.0,0.9999999993018318,1.9994866913392957,1.5303140693198913,0.0,0.0003998973382678591
hold,DOGEUSDT,2,development_2024_25,731,0.306908513643642,0.6194586032630438,-0.7484466726657064,0.9834064104762863,1.0,0.0,0.9999999990468648,0.9998000399920016,1.5599591127455597,0.0,0.00019996000799840034
hold,DOGEUSDT,2,reused_2026,267,-0.1849854526871756,-0.08093255067900207,-0.5446452123450036,0.6769102402905894,1.0,0.0,0.9999999999998882,0.999686651347294,-0.02964504342566842,0.0,0.0001999373302694588
hold,DOGEUSDT,2,year2024,366,2.5154403098450553,1.7182858565628218,-0.58025700404122,1.0288679001581236,1.0,0.0,0.9999999980963715,0.9998000399920016,1.9289347753851411,0.0,0.00019996000799840034
hold,DOGEUSDT,2,year2025,365,-0.6282376036982846,-0.5923554561244897,-0.717166120639793,0.9330623687177398,1.0,0.0,0.9999999999999624,0.0,-0.36897566263958137,0.0,0.0
hold,DOGEUSDT,5,all,998,0.06451055256151395,0.4732721570080125,-0.8520589621631066,0.911357851482591,1.0,0.0,0.999999998255257,1.9991869012225338,1.5303138356826176,0.0,0.000999593450611267
hold,DOGEUSDT,5,development_2024_25,731,0.3065166370276584,0.619304833994388,-0.7484466726657442,0.983402795561303,1.0,0.0,0.9999999976179572,0.9995002498750625,1.5599588791082595,0.0,0.0004997501249375312
hold,DOGEUSDT,5,reused_2026,267,-0.1852300059620442,-0.08156067538353996,-0.544645212345051,0.6768898404430675,1.0,0.0,1.000000000000074,0.9996866513474715,-0.029645043425641865,0.0,0.0004998433256737357
hold,DOGEUSDT,5,year2024,366,2.514386204804582,1.7179979181791025,-0.5802570040412385,1.0288619379870148,1.0,0.0,0.9999999952423928,0.9995002498750625,1.9289345417478352,0.0,0.0004997501249375312
hold,DOGEUSDT,5,year2025,365,-0.6282376036983375,-0.592355456124552,-0.7171661206398348,0.9330623687177941,1.0,0.0,1.00000000000003,0.0,-0.3689756626395755,0.0,0.0
trend24,ETHUSDT,2,all,998,0.22552778162108522,0.3873231997584546,-0.4321592099849857,0.33174403223771637,0.4985758271285118,0.4575447473537862,0.39933712022745566,1110.9873623322594,0.3817835931929303,0.185654768607971,0.22219747246645188
trend24,ETHUSDT,2,development_2024_25,731,-0.1127695282918284,-0.021608616003886704,-0.4321592099849857,0.32652366028449226,0.498747582318993,0.4539760458919813,0.3824972101397723,781.7216006400931,0.2023199447474951,-0.059180675440482,0.15634432012801863
trend24,ETHUSDT,2,reused_2026,267,0.38129586471663246,1.445948984880678,-0.21315661126764918,0.34551628039369847,0.498105591007756,0.46731523712374634,0.44544189278961493,329.2657616921663,0.17946364844543522,0.24483544404845303,0.06585315233843327
trend24,ETHUSDT,2,year2024,366,0.15446672278307383,0.602643953944441,-0.15379634033477207,0.32286334382358883,0.5113874754331071,0.44677509287290373,0.4098626626186724,430.99233761251617,0.25101549544387763,0.03424999422149683,0.08619846752250324
trend24,ETHUSDT,2,year2025,365,-0.2314802547367275,-0.6335531944031147,-0.38315597434116644,0.33025718515880265,0.48607305936073064,0.4611967275494672,0.35505678381846417,350.729263027577,-0.048695550696382484,-0.09343066966197877,0.07014585260551541
trend24,ETHUSDT,5,all,998,-0.12185275500859682,0.02118070579168915,-0.4636406026065233,0.3331174629359863,0.4985758271285118,0.4575447473537862,0.39933670975857666,1110.9054393743286,0.3817741259678539,0.18565344488392746,0.5554527196871644
trend24,ETHUSDT,5,development_2024_25,731,-0.2982499114587899,-0.37724026394520893,-0.4636406026065233,0.32784164382364805,0.498747582318993,0.4539760458919813,0.3824968367649414,781.66681090627,0.20231334836010206,-0.05918438803918731,0.39083340545313505
trend24,ETHUSDT,5,reused_2026,267,0.251367487272977,1.051517174044993,-0.23559382557868347,0.34709264972675746,0.498105591007756,0.46731523712374634,0.4454413807636231,329.23862846805844,0.17946077760775195,0.2448378329231147,0.16461931423402926
trend24,ETHUSDT,5,year2024,366,0.014437783226892709,0.20377654958401428,-0.16267671560656138,0.3244252884673397,0.5113874754331071,0.44677509287290373,0.40986223005876105,430.9609020944779,0.2510110332165405,0.03424549082757303,0.21548045104723895
trend24,ETHUSDT,5,year2025,365,-0.30823742949620103,-0.947499895318088,-0.40596633403564664,0.3313777275852132,0.48607305936073064,0.4611967275494672,0.35505646979086464,350.70590881179214,-0.048697684856438495,-0.09342987886676032,0.17535295440589607
trend72,ETHUSDT,2,all,998,0.5812701922479764,0.6669459569217561,-0.41893204833344955,0.33279845975735983,0.4977234642533227,0.4562295807255238,0.4226288751519558,574.0409627507671,0.49769913309458214,0.22082184437251712,0.11480819255015343
trend72,ETHUSDT,2,development_2024_25,731,0.8142360578652841,1.0806276801140322,-0.2894919537050754,0.3228516682165502,0.5019007626684631,0.4489323806663902,0.40701751265875186,390.4219286202361,0.5861991789559151,0.19583521956610742,0.07808438572404722
trend72,ETHUSDT,2,reused_2026,267,-0.1284098971615768,-0.3500462189562591,-0.41893204833344877,0.35863001293017316,0.4862867408770396,0.4762080572919159,0.46537009606031565,183.619034130531,-0.08850004586133312,0.024986624806409757,0.03672380682610621
trend72,ETHUSDT,2,year2024,366,0.9229520259535442,2.282906529794986,-0.11964065812664537,0.3060837391020513,0.5309669452324891,0.4271387013977478,0.43759154877964895,211.86415596837568,0.438540387708381,0.312143359840115,0.04237283119367514
trend72,ETHUSDT,2,year2025,365,-0.05653597521984566,-0.0057773446383134535,-0.23867275774739516,0.3382589192070962,0.4727549467275494,0.4707857686453577,0.37635971205533175,178.55777265186038,0.14765879124753414,-0.11630814027400754,0.03571155453037208
trend72,ETHUSDT,5,all,998,0.3311061222862286,0.47734957527612243,-0.4424484393789917,0.33343632127513767,0.4977234642533227,0.4562295807255238,0.4226286818358809,574.0106328135556,0.4976938780627602,0.22082239523515773,0.2870053164067778
trend72,ETHUSDT,5,development_2024_25,731,0.6137069973276976,0.8983541410775687,-0.3125308480817981,0.3234139213864558,0.5019007626684631,0.4489323806663902,0.4070173433017281,390.4023643068555,0.5861951494199473,0.1958351413254279,0.19520118215342777
trend72,ETHUSDT,5,reused_2026,267,-0.1751252708883687,-0.5578940757260931,-0.4424484393789916,0.35941445575724335,0.4862867408770396,0.4762080572919159,0.46536983714848684,183.60826850670006,-0.08850127135718708,0.024987253909729806,0.09180413425335003
trend72,ETHUSDT,5,year2024,366,0.8045299589791903,2.0721480048492533,-0.1332409279784963,0.30665934666781497,0.5309669452324891,0.4271387013977478,0.4375913518008492,211.85327370260268,0.4385393339203424,0.3121426190680495,0.10592663685130134
trend72,ETHUSDT,5,year2025,365,-0.1057466298644556,-0.16322706754058125,-0.25603425995378626,0.338841000312353,0.4727549467275494,0.4707857686453577,0.37635957039576,178.54909060425285,0.1476558154996049,-0.11630747774262161,0.08927454530212642
trend168,ETHUSDT,2,all,998,1.0500847134843019,0.9464307334127148,-0.26243810961531444,0.33655988711234924,0.48619344767739114,0.4647628590514362,0.4260224066993936,338.8570531495132,0.6714663516907183,0.26018964084462426,0.06777141062990263
trend168,ETHUSDT,2,development_2024_25,731,0.7495691983397006,0.9854457188293015,-0.26243810961531444,0.34220611841793724,0.4793265765372135,0.467624259005928,0.4194172218819824,226.33053490404612,0.6816816626874986,0.033939638834822254,0.045266106980809226
trend168,ETHUSDT,2,reused_2026,267,0.17176543541677813,0.8323326600057511,-0.1878652993807456,0.3212022385031533,0.5049937578027465,0.45692883895131087,0.4441062647575497,112.52651824546706,-0.010215310996780386,0.22625000200980191,0.022505303649093412
trend168,ETHUSDT,2,year2024,366,0.526822978129984,1.4135322017232137,-0.21851626449320294,0.33859260583857703,0.4995509402059283,0.46447138737097754,0.47313936517254024,115.06647923333747,0.49207861380586054,0.012550970276648747,0.023013295846667496
trend168,ETHUSDT,2,year2025,365,0.1458887005240994,0.5647320541664688,-0.20291433004817216,0.34609722743285376,0.45904680365296807,0.47078576864535765,0.36554789463720383,111.26405567070864,0.1896030488816382,0.021388668558173576,0.02225281113414173
trend168,ETHUSDT,5,all,998,0.8519161330879281,0.8353224988669543,-0.27576582164044483,0.3369459662896089,0.48619344767739114,0.4647628590514362,0.4260222998012927,338.8426586853923,0.671464891716139,0.26018585414614703,0.1694213293426961
trend168,ETHUSDT,5,development_2024_25,731,0.6347151031375551,0.8856860050933878,-0.27576582164044483,0.34259830249064777,0.4793265765372135,0.467624259005928,0.41941712864971037,226.32140203731942,0.681679943092291,0.033936237284329526,0.11316070101865972
trend168,ETHUSDT,5,reused_2026,267,0.13286781870033182,0.6881701518378088,-0.1976273780465918,0.3215659842175517,0.5049937578027465,0.45692883895131087,0.4441061204447633,112.52125664807282,-0.010215051376151807,0.22624961686181744,0.056260628324036416
trend168,ETHUSDT,5,year2024,366,0.47501496793030595,1.3107063189051242,-0.22298489787999853,0.3389559672896648,0.4995509402059283,0.46447138737097754,0.47313925862172623,115.06161171457677,0.4920792355240969,0.012547309569121212,0.0575308058572884
trend168,ETHUSDT,5,year2025,365,0.10827017940796524,0.4681161555538656,-0.20633910832085933,0.34651967963100433,0.45904680365296807,0.47078576864535765,0.3655478147599632,111.25979032274265,0.18960070756819403,0.02138892771520827,0.05562989516137132
trend336,ETHUSDT,2,all,998,1.5414038824206973,1.2113573725341895,-0.2576296273020101,0.32461345362516564,0.4725770986417279,0.49218228122912494,0.4437694143115301,211.26894524069655,0.8938123129571645,0.22423198683967688,0.04225378904813931
trend336,ETHUSDT,2,development_2024_25,731,0.7391395615602485,1.0360163807330036,-0.2576296273020101,0.3138166165853651,0.44984040127678976,0.5150906292749658,0.4331903018160209,141.42742908446624,0.7288326938083147,-0.04088815781887352,0.028285485816893247
trend336,ETHUSDT,2,reused_2026,267,0.46129956364209557,1.6424970863241752,-0.17009810599124575,0.3529255701738149,0.5348262588431127,0.4294631710362047,0.47273320170560235,69.84151615623031,0.16497961914884973,0.26512014465855044,0.013968303231246062
trend336,ETHUSDT,2,year2024,366,0.3241969906132851,1.0511158954009565,-0.2576296273020101,0.3125840414939416,0.4817945506982392,0.4949814055859138,0.4893829494430124,72.03851336506011,0.37105822791929355,-0.018482135062082454,0.014407702673012023
trend336,ETHUSDT,2,year2025,365,0.3133541111241993,1.0196214197757205,-0.22289911041500432,0.31547672219771344,0.41779870624048704,0.5352549467275495,0.3768437017297774,69.38891571940611,0.3577744658890212,-0.022406022756791072,0.013877783143881224
trend336,ETHUSDT,5,all,998,1.3853221970478082,1.1393358004049705,-0.26238921466717346,0.32483365659476876,0.4725770986417279,0.49218228122912494,0.4437693502249218,211.26122292460695,0.8938135123877364,0.22423370829793604,0.10563061146230349
trend336,ETHUSDT,5,development_2024_25,731,0.6668926612573556,0.9679552581839785,-0.26238921466717346,0.31406118396619553,0.44984040127678976,0.5150906292749658,0.43319024475726237,141.422446259581,0.7288341069791671,-0.040886530388826184,0.0707112231297905
trend336,ETHUSDT,5,reused_2026,267,0.4309992793708326,1.5606348658845453,-0.1756900543903931,0.3530986193949208,0.5348262588431127,0.4294631710362047,0.472733118377952,69.83877666502597,0.16497940540856953,0.26512023868676216,0.034919388332512985
trend336,ETHUSDT,5,year2024,366,0.29588536010847055,0.9814108251810021,-0.26238921466717346,0.3129156913198403,0.4817945506982392,0.4949814055859138,0.4893828869561871,72.0357669343297,0.3710597149562433,-0.01848131755758002,0.03601788346716485
trend336,ETHUSDT,5,year2025,365,0.28629639053706724,0.9532748455880324,-0.22664777212318044,0.31563510319480176,0.41779870624048704,0.5352549467275495,0.376843650113957,69.3866793252513,0.3577743920229237,-0.02240521283124612,0.03469333966262565
trend_ensemble,ETHUSDT,2,all,998,0.5625664578572236,0.7322011675471448,-0.2479091532552692,0.27285610459313125,0.46086616467546004,0.4604202719220865,0.30723185315134083,506.5837831100773,0.5209300024937864,0.12561246571710166,0.10131675662201547
trend_ensemble,ETHUSDT,2,development_2024_25,731,0.38675047700179865,0.747313302112776,-0.2479091532552692,0.26463157263549497,0.461621879324617,0.4596332506343433,0.29875751164755165,349.6802230650951,0.47279889542972936,-0.0014196239059255933,0.06993604461301903
trend_ensemble,ETHUSDT,2,reused_2026,267,0.12678270804387948,0.6966660345466044,-0.24585619258938596,0.2947234416550747,0.45879714816409806,0.46257500061624485,0.3304331401898048,156.90356004498216,0.048131107064057044,0.12703208962302728,0.031380712008996434
trend_ensemble,ETHUSDT,2,year2024,366,0.44304711722584766,1.5492280235175473,-0.09844076529237722,0.2572243148297498,0.4895295519358394,0.4384170934800683,0.32651009824509053,190.47417331579769,0.30137609911250124,0.1416816490367772,0.038094834663159535
trend_ensemble,ETHUSDT,2,year2025,365,-0.03901233684751482,-0.012964204124869587,-0.21243665111929655,0.2718015585571126,0.43363774733637755,0.48090753424657534,0.2709288905661839,159.20604974929748,0.17142279631722812,-0.14310127294270286,0.0318412099498595
trend_ensemble,ETHUSDT,5,all,998,0.34225378327469014,0.5279210312222461,-0.2644412080376143,0.2734004590155824,0.46086616467546004,0.4604202719220865,0.3072317069421773,506.5620029847986,0.5209240455852724,0.1256124949032717,0.2532810014923993
trend_ensemble,ETHUSDT,5,development_2024_25,731,0.248641627987362,0.5487622501482345,-0.2644412080376143,0.26514406705253224,0.461621879324617,0.4596332506343433,0.2987573790343888,349.66584314220313,0.47279329601958703,-0.0014197528002964366,0.17483292157110156
trend_ensemble,ETHUSDT,5,reused_2026,267,0.07497119524856632,0.4778683997214215,-0.2589997405093796,0.2953496250111024,0.45879714816409806,0.46257500061624485,0.3304329567571337,156.8961598425954,0.04813074956568547,0.12703224770356816,0.07844807992129772
trend_ensemble,ETHUSDT,5,year2024,366,0.3628976976306837,1.3255023580411225,-0.11136228294066863,0.25770232307615776,0.4895295519358394,0.4384170934800683,0.3265099431816741,190.46614750380618,0.30137305986230734,0.14168054170301547,0.09523307375190308
trend_ensemble,ETHUSDT,5,year2025,365,-0.08383319587519211,-0.18768823445636204,-0.22351778404913492,0.2723673316497197,0.43363774733637755,0.48090753424657534,0.27092878046478225,159.19969563839695,0.17142023615727972,-0.1431002945033119,0.07959984781919847
breakout,ETHUSDT,2,all,998,1.563817849859526,1.2184243981008462,-0.2200248580238241,0.3247116227133531,0.4779373279078482,0.4522853779568428,0.36362736131418083,789.5096174848342,0.7829996377949205,0.43999619760133646,0.15790192349696686
breakout,ETHUSDT,2,development_2024_25,731,1.2337783397042337,1.4202499990526292,-0.16896052549127605,0.3173733375529196,0.4897186989751469,0.4385093752002598,0.3495747766103751,542.7096854526742,0.6591381352387016,0.3457791946068737,0.10854193709053483
breakout,ETHUSDT,2,reused_2026,267,0.14774944509444543,0.710443356978531,-0.22002485802382432,0.3444988037732725,0.445681963674907,0.49000170011063415,0.40210091718864494,246.79993203216003,0.12386150255621906,0.0942170029944628,0.049359986406432015
breakout,ETHUSDT,2,year2024,366,0.8257238104516238,2.0751732143879096,-0.1017628920756396,0.3124931087599896,0.5109336886938346,0.423169984651642,0.377974391323599,291.21380558866167,0.4690609165695716,0.23942559179017756,0.058242761117732335
breakout,ETHUSDT,2,year2025,365,0.22350287974371374,0.7833998008871083,-0.1689605254912766,0.3222874390886462,0.4684455859969558,0.45389079147640793,0.3210973547335534,251.4958798640125,0.19007721866912994,0.10635360281669608,0.0502991759728025
breakout,ETHUSDT,5,all,998,1.0231101860327114,0.9501045473502627,-0.25806546481901227,0.32541537883329436,0.4779373279078482,0.4522853779568428,0.36362706273733403,789.4663230220416,0.7829912371321072,0.43998014971587684,0.39473316151102084
breakout,ETHUSDT,5,development_2024_25,731,0.8981429438821522,1.1621629498239825,-0.18259077717215522,0.3180177173047318,0.4897186989751469,0.4385093752002598,0.3495745127874913,542.6814988694632,0.6591333815263631,0.34576402831241304,0.2713407494347316
breakout,ETHUSDT,5,reused_2026,267,0.06583658125081548,0.4163747144355079,-0.2580654648190124,0.3453309335032414,0.445681963674907,0.49000170011063415,0.4021005234614355,246.78482415257844,0.12385785560574425,0.09421612140346383,0.12339241207628922
breakout,ETHUSDT,5,year2024,366,0.6729847296726332,1.792616052067993,-0.1144884681915932,0.3132004274988468,0.5109336886938346,0.423169984651642,0.3779740885214576,291.19808525804984,0.4690601078039152,0.2394098047076792,0.1455990426290249
breakout,ETHUSDT,5,year2025,365,0.1345847396070261,0.5488000529520217,-0.18259077717215477,0.3228918420244654,0.4684455859969558,0.45389079147640793,0.3210971299967196,251.48341361141328,0.1900732737224479,0.10635422360473379,0.12574170680570665
range_only,ETHUSDT,2,all,998,-0.568937152379519,-1.3398607578580313,-0.603896197395565,0.21249271219676713,0.4250944300525169,0.451238096110921,0.235112888761378,386.86511069140045,-0.31532968786777926,-0.3873033691398057,0.0773730221382801
range_only,ETHUSDT,2,development_2024_25,731,-0.4552791827188375,-1.3293598514437825,-0.5305045709334474,0.21111488546986584,0.41531531075277534,0.45439798154088634,0.22783863960950934,265.7272461861922,-0.17277095979660106,-0.33500566883635996,0.053145449237238435
range_only,ETHUSDT,2,reused_2026,267,-0.20865361861508636,-1.3656840783354969,-0.24776813831425581,0.2166199545191122,0.4518679739031205,0.44258687420341297,0.25502852969776746,121.13786450520828,-0.14255872807117825,-0.05229770030344566,0.02422757290104165
range_only,ETHUSDT,2,year2024,366,-0.35664692488451055,-2.0665831401565886,-0.4104085303273849,0.20267756512691132,0.40159666953324485,0.48238746829310597,0.24533844371689825,143.53228965259797,-0.14129243194143265,-0.24738812908104885,0.028706457930519597
range_only,ETHUSDT,2,year2025,365,-0.15330968584648652,-0.6478525753744526,-0.30763803358663555,0.21928851611912528,0.4290715372907153,0.42633181126331804,0.2102908908333331,122.1949565335942,-0.03147852785516843,-0.08761753975531109,0.024438991306718845
range_only,ETHUSDT,5,all,998,-0.6161732255980259,-1.5440692446001845,-0.6448555011738095,0.21193150226234592,0.4250944300525169,0.451238096110921,0.23511280312729593,386.8504415440402,-0.31532679203116276,-0.3873002209438514,0.19342522077202012
range_only,ETHUSDT,5,development_2024_25,731,-0.49701859055244435,-1.5223887622352323,-0.5621963745026238,0.21054743088878294,0.41531531075277534,0.45439798154088634,0.227838563469257,265.71755712811773,-0.1727678552184993,-0.3350032939983867,0.13285877856405884
range_only,ETHUSDT,5,reused_2026,267,-0.23689669798423352,-1.599396551106708,-0.27092228027136944,0.21607242119275064,0.4518679739031205,0.44258687420341297,0.2550284180712153,121.13288441592255,-0.14255893681266346,-0.05229692694546465,0.06056644220796126
range_only,ETHUSDT,5,year2024,366,-0.3837622209798376,-2.285419388862289,-0.4309845718009906,0.20208809139157896,0.40159666953324485,0.48238746829310597,0.24533835734389775,143.52700454546766,-0.14128850261378692,-0.2473870374641539,0.07176350227273383
range_only,ETHUSDT,5,year2025,365,-0.18378680020671434,-0.8175756233905359,-0.3196420397119125,0.2187282217615394,0.4290715372907153,0.42633181126331804,0.21029082495386378,122.19055258265004,-0.03147935260471237,-0.08761625653423286,0.06109527629132501
down_rebound,ETHUSDT,2,all,998,1.1102705462660674,1.0172473845285879,-0.23392520085097512,0.3169510441160262,0.4517338975279246,0.27605268609227746,0.34590995499497945,758.7135211619168,0.728369047287011,0.3007284051251923,0.15174270423238337
down_rebound,ETHUSDT,2,development_2024_25,731,0.8176090718470141,1.0882743371622543,-0.22755080564656094,0.3206329818190674,0.45553638358349574,0.27359860563624205,0.33891914013807256,539.0077348919133,0.6958210075468156,0.10859870882685198,0.10780154697838266
down_rebound,ETHUSDT,2,reused_2026,267,0.16101453219622086,0.8131872842055589,-0.20784522504845315,0.3072024164297289,0.44132334581772786,0.28277153558052437,0.36504960166314027,219.7057862700035,0.03254803974019532,0.19212969629834029,0.0439411572540007
down_rebound,ETHUSDT,2,year2024,366,0.6979485967604349,1.9071250751559314,-0.14102777062074479,0.30022183495709126,0.49043871208130496,0.26456404871913675,0.3768747077927608,286.6149698351565,0.4679057288353877,0.169271117797698,0.057322993967031305
down_rebound,ETHUSDT,2,year2025,365,0.07047355574537617,0.36689302211318536,-0.22755080564656116,0.33988118092193786,0.4205384322678843,0.2826579147640792,0.30085958462679613,252.3927650567568,0.22791527871142805,-0.060672408970846026,0.05047855301135136
down_rebound,ETHUSDT,5,all,998,0.6806643644094792,0.7530842906772738,-0.27978181513999845,0.31795051340540603,0.4517338975279246,0.27605268609227746,0.345909676334058,758.6489665284298,0.7283635776999791,0.30072817590475887,0.37932448326421486
down_rebound,ETHUSDT,5,development_2024_25,731,0.5462159144333107,0.8346006651559107,-0.2457763724292954,0.32170028878110585,0.45553638358349574,0.27359860563624205,0.33891887743780624,538.9625237808523,0.6958162010155934,0.10859645651462743,0.2694812618904262
down_rebound,ETHUSDT,5,reused_2026,267,0.08695321831908664,0.5192008175387168,-0.24704117094691824,0.30800381838888585,0.44132334581772786,0.28277153558052437,0.3650492793046948,219.68644274757733,0.032547376684385704,0.19213171939013146,0.10984322137378869
down_rebound,ETHUSDT,5,year2024,366,0.5580440714786952,1.6167238541483961,-0.1530334241487401,0.30122893914221427,0.49043871208130496,0.26456404871913675,0.3768744064022042,286.58936418795224,0.4679012746863108,0.16926494483299084,0.1432946820939761
down_rebound,ETHUSDT,5,year2025,365,-0.00759167039104458,0.1447976833616421,-0.24242764145710538,0.3410266818241967,0.4205384322678843,0.2826579147640792,0.30085936072282093,252.37315959290015,0.22791492632928256,-0.060668488318363335,0.1261865797964501
selected_trend,ETHUSDT,2,all,998,0.41527696430376015,0.5567876524417619,-0.3483474211216363,0.31698941144546117,0.4965492226225583,0.45191367539570043,0.4051330703556115,477.6412747174009,0.47457423340269655,0.10463043043428111,0.09552825494348019
selected_trend,ETHUSDT,2,development_2024_25,731,0.4762733610522425,0.7675246349804482,-0.2894919537050872,0.31870321189443335,0.4793289432430185,0.46649774014351436,0.39783326510000105,304.37570029026915,0.552759655018568,0.002168246753822489,0.060875140058053834
selected_trend,ETHUSDT,2,reused_2026,267,-0.04131781982776195,-0.031974218483058175,-0.33291187140672696,0.3126333587693756,0.5436953807740326,0.41198501872659177,0.4251186795011222,173.26557442713175,-0.07818542161587166,0.1024621836804586,0.03465311488542635
selected_trend,ETHUSDT,2,year2024,366,0.6013105033606996,1.7047338147459672,-0.1686621228710049,0.30198657777645893,0.467214668365458,0.4777041233771042,0.4233512112088975,153.3862613167669,0.41668411524492877,0.1358176471560714,0.030677252263353383
selected_trend,ETHUSDT,2,year2025,365,-0.07808425789129514,-0.07870348150907441,-0.2386727577474168,0.3344433494178905,0.49147640791476416,0.45526065449010655,0.37224540680998425,150.98943897350225,0.1360755397736394,-0.1336494004022489,0.03019788779470045
selected_trend,ETHUSDT,5,all,998,0.22633146008107619,0.39130332541512947,-0.3794020778498943,0.3175116425281855,0.4965492226225583,0.45191367539570043,0.40513290765942084,477.6139414876345,0.4745711807933361,0.10463345461688148,0.23880697074381727
selected_trend,ETHUSDT,5,development_2024_25,731,0.34743837967888513,0.6240182894090527,-0.30848933461539074,0.319110193584849,0.4793289432430185,0.46649774014351436,0.39783313720763774,304.36118107961323,0.5527570316232655,0.0021699150569148007,0.15218059053980662
selected_trend,ETHUSDT,5,reused_2026,267,-0.08987937513452005,-0.25774020090942545,-0.35180130424620815,0.31343572777227485,0.5436953807740326,0.41198501872659177,0.4251184215180482,173.2527604080213,-0.07818585082992949,0.10246353955996655,0.08662638020401063
selected_trend,ETHUSDT,5,year2024,366,0.5292922518008489,1.5512666246571736,-0.17318126525641098,0.302307597449928,0.467214668365458,0.4777041233771042,0.42335107237436953,153.37898208244835,0.41668266342848653,0.13581758721515397,0.07668949104122416
selected_trend,ETHUSDT,5,year2025,365,-0.11891374713225489,-0.21329025513526545,-0.25166061271658124,0.3349320847780691,0.49147640791476416,0.45526065449010655,0.37224528988976413,150.98219899716491,0.13607436819477897,-0.13364767215823914,0.07549109949858246
selected_breakout,ETHUSDT,2,all,998,0.8513131798492244,0.8323758438661899,-0.2883541050072531,0.3375833304519962,0.48264062241789035,0.4742071008063359,0.3984308979406382,696.278437056081,0.6144963689711919,0.27699993619153773,0.1392556874112162
selected_breakout,ETHUSDT,2,development_2024_25,731,0.7604283106773135,1.0062329254338196,-0.19726433024717704,0.3356507479529716,0.4683676197837804,0.4878139807634152,0.38461624698753044,503.33091986380015,0.6468953945564653,0.12224302162483502,0.10066618397276003
selected_breakout,ETHUSDT,2,reused_2026,267,0.05162656645583552,0.36593408503217945,-0.2883541050072521,0.34332338378396227,0.5217176446109031,0.4369538077403246,0.436253032198023,192.9475171922807,-0.032399025585273494,0.15475691456670276,0.038589503438456144
selected_breakout,ETHUSDT,2,year2024,366,0.6174019351582332,1.6277633017225328,-0.17361519683250226,0.32671926413850705,0.50137084716378,0.45354718562310525,0.41287042619432207,247.28069784194946,0.4966897372513403,0.08651832990607947,0.049456139568389894
selected_breakout,ETHUSDT,2,year2025,365,0.0884297047073126,0.4154520427666694,-0.1650368068340492,0.3445218761384862,0.4352739726027397,0.5221746575342465,0.35628465907058327,256.05022202185074,0.15020565730512497,0.03572469171875556,0.051210044404370145
selected_breakout,ETHUSDT,5,all,998,0.5023085176615836,0.6055329898592471,-0.32254788542913426,0.33816470882524957,0.48264062241789035,0.4742071008063359,0.39843059943697384,696.2349755135917,0.6144870847278906,0.2769836088200713,0.34811748775679585
selected_breakout,ETHUSDT,5,development_2024_25,731,0.5136923698198341,0.7807980229900443,-0.22028724711707293,0.33617624509087307,0.4683676197837804,0.4878139807634152,0.38461596560722383,503.301205216868,0.6468867196250145,0.12222718892173116,0.25165060260843397
selected_breakout,ETHUSDT,5,reused_2026,267,-0.0075205850179502765,0.13589186986187368,-0.3225478854291348,0.34405152555314444,0.5217176446109031,0.4369538077403246,0.43625268681355533,192.93377029672362,-0.03239963489712403,0.15475641989834002,0.0964668851483618
selected_breakout,ETHUSDT,5,year2024,366,0.5017545273184352,1.3997761076116373,-0.18501408391047203,0.32711513362778794,0.50137084716378,0.45354718562310525,0.41287013546410245,247.26655352298752,0.49668440225629695,0.08650137095359495,0.12363327676149376
selected_breakout,ETHUSDT,5,year2025,365,0.00794926353424441,0.19279943226554397,-0.18329489870132676,0.345168019004184,0.4352739726027397,0.5221746575342465,0.35628438706580584,256.0346516938805,0.15020231736871753,0.0357258179681362,0.12801732584694026
regime_gate,ETHUSDT,2,all,998,0.8539923525166586,1.0122605155584017,-0.2239673156955284,0.25437859824628045,0.45837102243588995,0.36929587737224356,0.25903381581601415,551.1979005467667,0.5507280583081267,0.2638482664121732,0.11023958010935335
regime_gate,ETHUSDT,2,development_2024_25,731,0.5619115877409298,1.0308646192061954,-0.2239673156955284,0.24457256137264743,0.45586810305517556,0.3625907159990107,0.2525026055152398,387.74388881152237,0.53360461441191,0.055085521341120644,0.07754877776230448
regime_gate,ETHUSDT,2,reused_2026,267,0.18700211143076428,0.972336231303959,-0.21642174997810226,0.27996133517679667,0.4652235844857111,0.3876534540158136,0.2769151443922914,163.45401173524436,0.017123443896216672,0.20876274507105252,0.032690802347048874
regime_gate,ETHUSDT,2,year2024,366,0.41826238992534104,1.6449483071916713,-0.10563863708615095,0.22742371661291066,0.5013661202185792,0.34016866137143026,0.2821003494379858,213.2570899568812,0.30636373634125336,0.11925717129544658,0.04265141799137624
regime_gate,ETHUSDT,2,year2025,365,0.10128534665799704,0.49773805852605774,-0.19951596411758643,0.2607957169761918,0.4102454337899544,0.385074200913242,0.22282377188311647,174.4867988546412,0.22724087807065663,-0.06417164995432595,0.03489735977092824
regime_gate,ETHUSDT,5,all,998,0.5714142572196255,0.7731395486581893,-0.2441617183912974,0.2549986899799885,0.45837102243588995,0.36929587737224356,0.2590336560301469,551.1680299579252,0.5507232157576066,0.26384737528816804,0.2755840149789626
regime_gate,ETHUSDT,5,development_2024_25,731,0.3903884726012816,0.7918097547624331,-0.2441617183912974,0.24522674853010792,0.45586810305517556,0.3625907159990107,0.25250245685750605,387.72348668138807,0.533600559178152,0.05508392723642491,0.19386174334069406
regime_gate,ETHUSDT,5,reused_2026,267,0.1301979901197412,0.7318892304033934,-0.22834138911474355,0.28050569992597113,0.4652235844857111,0.3876534540158136,0.2769149541395119,163.4445432765371,0.01712265657945472,0.20876344805174318,0.08172227163826856
regime_gate,ETHUSDT,5,year2024,366,0.33036457677381725,1.3615771669770234,-0.11340083149148927,0.22794470843302578,0.5013661202185792,0.34016866137143026,0.2821001744172859,213.2455512945368,0.30636126906658695,0.11925390458286585,0.10662277564726841
regime_gate,ETHUSDT,5,year2025,365,0.0451183809877298,0.2968947660416028,-0.21435367272118977,0.26158501001887347,0.4102454337899544,0.385074200913242,0.2228236496605761,174.4779353868513,0.22723929011156496,-0.06416997734644098,0.08723896769342565
gate_no_range,ETHUSDT,2,all,998,0.903569672114934,1.0342701674831898,-0.21644607435630148,0.2595388097209073,0.42626166483179284,0.3708400637899881,0.2639116865177654,535.9171197135302,0.5911685895959524,0.2488563834517397,0.10718342394270602
gate_no_range,ETHUSDT,2,development_2024_25,731,0.6050381584008346,1.0684193832117088,-0.21468242374462776,0.249910856606478,0.4239246086031312,0.3654541652168525,0.257226383193554,375.7630431648687,0.5630028367118184,0.05208539706577933,0.07515260863297374
gate_no_range,ETHUSDT,2,reused_2026,267,0.1859965211117085,0.9564333909851777,-0.21644607435630148,0.28473592128614506,0.43266012214696786,0.3855857261756138,0.28221489524435184,160.1540765486614,0.028165752884133977,0.19677098638596033,0.032030815309732286
gate_no_range,ETHUSDT,2,year2024,366,0.4363964720606308,1.6398390263473352,-0.10102380061946314,0.23720546049962005,0.46283014571949,0.3412581065457415,0.28771101116421766,207.56709478201935,0.32976426943550935,0.10817998256112739,0.04151341895640387
gate_no_range,ETHUSDT,2,year2025,365,0.11740608503324523,0.5518842560033156,-0.17571579169635054,0.2622040246271123,0.3849124809741248,0.38971651445966515,0.22665823569420357,168.1959483828493,0.23323856727630904,-0.05609458549534803,0.03363918967656986
gate_no_range,ETHUSDT,5,all,998,0.6208492692993619,0.8062542589294334,-0.23423038107853866,0.2601777484138299,0.42626166483179284,0.3708400637899881,0.2639115307761084,535.8895037531762,0.5911637655134974,0.24885581043171467,0.2679447518765881
gate_no_range,ETHUSDT,5,development_2024_25,731,0.43392412562722193,0.8415181597935202,-0.23423038107853866,0.2505705811727063,0.4239246086031312,0.3654541652168525,0.2572262391008656,375.7441974234523,0.5629989343312582,0.05208420206581406,0.18787209871172617
gate_no_range,ETHUSDT,5,reused_2026,267,0.13035915940836595,0.724720897660491,-0.2282252910815089,0.2853297439485007,0.43266012214696786,0.3855857261756138,0.28221470760982553,160.1453063297239,0.02816483118223914,0.19677160836590052,0.08007265316486194
gate_no_range,ETHUSDT,5,year2024,366,0.3496769419625694,1.375189687091747,-0.10758421162848197,0.23775331438164196,0.46283014571949,0.3412581065457415,0.2877108408751337,207.55640901152856,0.32976225244666996,0.10817679532618675,0.1037782045057643
gate_no_range,ETHUSDT,5,year2025,365,0.06242025854138533,0.35913161116315995,-0.19044233028991564,0.26298272826936836,0.3849124809741248,0.38971651445966515,0.22665811786968176,168.1877884119237,0.2332366818845883,-0.056092593260372664,0.08409389420596186
adaptive14,ETHUSDT,2,all,998,0.8247488693943841,1.0120790584590194,-0.2117448628172871,0.24693990282124015,0.4492677403781625,0.3542269765043056,0.25209298985896184,503.05722954208534,0.6054706571473898,0.17867395893762478,0.10061144590841706
adaptive14,ETHUSDT,2,development_2024_25,731,0.5996565645694043,1.087176888470172,-0.2117448628172871,0.24241996988205058,0.45552847249695866,0.3500025388298636,0.24962468669477297,356.543217311183,0.5895275044363866,0.01421221706220327,0.07130864346223661
adaptive14,ETHUSDT,2,reused_2026,267,0.1407128941364817,0.8196904372440933,-0.2039315845639339,0.25937137931233484,0.43212693446490374,0.36579275905118597,0.2588507786717785,146.5140122309023,0.015943152711003133,0.16446174187542154,0.02930280244618046
adaptive14,ETHUSDT,2,year2024,366,0.47734082972603153,1.8079684373255793,-0.09920487177182757,0.2297278817684005,0.5038848878438043,0.33021530144555933,0.28227625946343177,196.7079986038197,0.3606852710954824,0.10169896843489223,0.03934159972076394
adaptive14,ETHUSDT,2,year2025,365,0.08279452674847887,0.43738835026016454,-0.1780714035161397,0.25457962433404074,0.4070395738203958,0.36984398782343986,0.21688365756236447,159.8352187073633,0.22884223334090426,-0.08748675137268898,0.03196704374147267
adaptive14,ETHUSDT,5,all,998,0.5691280972457244,0.7872213801576287,-0.23015074830763815,0.24750640062595103,0.4492677403781625,0.3542269765043056,0.2520928517939612,503.0317991627899,0.605465876796405,0.1786732156494813,0.251515899581395
adaptive14,ETHUSDT,5,development_2024_25,731,0.43738059321501144,0.8652005207198376,-0.23015074830763815,0.24302558498286406,0.45552847249695866,0.3500025388298636,0.24962455695763255,356.5254700768047,0.5895233602700309,0.014210995652627734,0.17826273503840234
adaptive14,ETHUSDT,5,reused_2026,267,0.0916580512166465,0.5873511646776975,-0.21493165998878472,0.25983664469694023,0.43212693446490374,0.36579275905118597,0.25885061780653124,146.50632908598524,0.01594251652637403,0.1644622199968535,0.07325316454299263
adaptive14,ETHUSDT,5,year2024,366,0.3926790966005471,1.548597208998091,-0.10547296098083048,0.23024254051927717,0.5038848878438043,0.33021530144555933,0.2822761071928274,196.69780074319726,0.36068219490054043,0.10169666671736659,0.09834890037159866
adaptive14,ETHUSDT,5,year2025,365,0.03209748514469779,0.2490439769719095,-0.19178918970995307,0.2552881781242732,0.4070395738203958,0.36984398782343986,0.21688355042042348,159.82766933360742,0.22884116536949053,-0.08748567106473884,0.07991383466680371
adaptive42,ETHUSDT,2,all,998,0.7751413479797338,0.9721277438752964,-0.21771389798809226,0.24665839445188953,0.4530241037630817,0.3589203911112973,0.25088260067039275,502.66825891963094,0.5926179577650108,0.16255688969081514,0.1005336517839262
adaptive42,ETHUSDT,2,development_2024_25,731,0.562789042100498,1.0374888557909792,-0.21771389798809226,0.24294013282288968,0.4541676166590668,0.3532182631040694,0.24937402776897832,357.9217825527418,0.5724187668669984,0.007556649853426994,0.07158435651054837
adaptive42,ETHUSDT,2,reused_2026,267,0.13588033967388125,0.8022867261259853,-0.20722406755961542,0.2570230348891282,0.44989336246358713,0.37453183520599254,0.2550128133705199,144.74647636688917,0.02019919089801238,0.15500023983738814,0.02894929527337784
adaptive42,ETHUSDT,2,year2024,366,0.41486991623883185,1.6303890790906024,-0.10709089330441135,0.2280635423247658,0.49445962355798423,0.3326724204498095,0.27979484050014164,197.3773564988599,0.33488073498455667,0.08380882687337315,0.03947547129977198
adaptive42,ETHUSDT,2,year2025,365,0.1045460958381843,0.5130543915293065,-0.18878888119103354,0.2571557270060379,0.41376522070015226,0.3738203957382039,0.21886987034540084,160.5444260538819,0.23753803188244177,-0.07625217701994615,0.03210888521077638
adaptive42,ETHUSDT,5,all,998,0.5266479479694512,0.747264593739508,-0.23614685145809367,0.247234494079092,0.4530241037630817,0.3589203911112973,0.2508824616318261,502.6427367771418,0.592613310944331,0.16255618534073896,0.2513213683885709
adaptive42,ETHUSDT,5,development_2024_25,731,0.40367228509290176,0.8152057200512693,-0.23614685145809367,0.2435733762227391,0.4541676166590668,0.3532182631040694,0.24937389609510063,357.9035752813653,0.5724146797137701,0.007555641701624788,0.17895178764068265
adaptive42,ETHUSDT,5,reused_2026,267,0.08760995296591578,0.5707215176516085,-0.21809115286350333,0.25745033611746954,0.44989336246358713,0.37453183520599254,0.2550126541687036,144.73916149577653,0.020198631230560926,0.1550005436391142,0.07236958074788827
adaptive42,ETHUSDT,5,year2024,366,0.33352032268876,1.368710426767924,-0.1135028193436205,0.22857178637922015,0.49445962355798423,0.3326724204498095,0.27979468692703713,197.36697370870957,0.33487791137094947,0.08380645034327944,0.09868348685435477
adaptive42,ETHUSDT,5,year2025,365,0.05260659414825786,0.3255428673627156,-0.20235130261978573,0.25791724352690654,0.41376522070015226,0.3738203957382039,0.2188697606307479,160.53660157265577,0.23753676834282067,-0.07625080864165465,0.08026830078632788
adaptive126,ETHUSDT,2,all,998,0.7336351246625639,0.9336610194699663,-0.2154855464489681,0.2478331900358082,0.4600798819861946,0.3566624029126778,0.2519012394958207,505.0541582644589,0.5643444857063835,0.16797902222436684,0.10101083165289178
adaptive126,ETHUSDT,2,development_2024_25,731,0.5244432415729985,0.985945799243127,-0.2119546332683807,0.2430660056997513,0.4667122663018696,0.3556074939902223,0.24945095820955632,361.03376095866366,0.5579422236100653,-0.0018723657338336197,0.07220675219173274
adaptive126,ETHUSDT,2,reused_2026,267,0.13722510447401892,0.8002226475812391,-0.215485546448969,0.2609073602471858,0.4419215563878485,0.3595505617977528,0.25860968751177316,144.02039730579523,0.0064022620963181814,0.16985138795820043,0.028804079461159048
adaptive126,ETHUSDT,2,year2024,366,0.4128462798151067,1.6320371600515744,-0.10582304195378678,0.22677146059988046,0.5027796751669703,0.33771947570178273,0.27818829583327265,197.2882855806964,0.32491732403764356,0.0922208343675349,0.03945765711613928
adaptive126,ETHUSDT,2,year2025,365,0.0789873345403842,0.4210431186573516,-0.18567682028666932,0.2585078894458001,0.43054604261796037,0.3735445205479452,0.22063488815399415,163.74547537796727,0.23302489957242178,-0.09409320010136851,0.032749095075593454
adaptive126,ETHUSDT,5,all,998,0.48988504378094566,0.7089152988834728,-0.23078168829473367,0.2484030861015463,0.4600798819861946,0.3566624029126778,0.251901098363586,505.02813842832165,0.5643396069722,0.16797807685639662,0.25251406921416075
adaptive126,ETHUSDT,5,development_2024_25,731,0.3679528901077198,0.7620733908305057,-0.23078168829473367,0.24366760519277822,0.4667122663018696,0.3556074939902223,0.24945082346490935,361.01517930850616,0.5579380072896323,-0.0018735532793542065,0.18050758965425312
adaptive126,ETHUSDT,5,reused_2026,267,0.08913476082032745,0.5731703131327227,-0.22619804853254322,0.2613969360326526,0.4419215563878485,0.3595505617977528,0.2586095288914233,144.0129591198154,0.006401599682567691,0.16985163013575075,0.07200647955990772
adaptive126,ETHUSDT,5,year2024,366,0.3316486229800757,1.3691575981825188,-0.1121992794382356,0.2272448434586199,0.5027796751669703,0.33771947570178273,0.2781881392743544,197.27789822413132,0.3249143262744933,0.09221816508076874,0.0986389491120657
adaptive126,ETHUSDT,5,year2025,365,0.02726264759422703,0.23108944124903136,-0.19942519073490628,0.25923952549227275,0.43054604261796037,0.3735445205479452,0.22063477528338377,163.73728108437484,0.23302368101513896,-0.09409171836012295,0.08186864054218743
filtered_moe,ETHUSDT,2,all,998,0.6028079652061322,0.9348380423163826,-0.19085137724996903,0.20704678490540704,0.37249846916054324,0.3539927076374972,0.1893848392399258,285.8352520181977,0.37808254135680286,0.20470428765076376,0.05716705040363954
filtered_moe,ETHUSDT,2,development_2024_25,731,0.43578305446491483,1.0049093550156019,-0.12363621831955163,0.1991396855930524,0.34329875360997114,0.3398787809697522,0.17691279539428115,193.3364304891313,0.34384982448260254,0.0961107217444067,0.038667286097826256
filtered_moe,ETHUSDT,2,reused_2026,267,0.11633018666839368,0.7711782985459259,-0.1908513772499678,0.22768956554575087,0.4524422596754058,0.39263420724094883,0.22353114654766446,92.4988215290664,0.03423271687420028,0.1085935659063571,0.018499764305813283
filtered_moe,ETHUSDT,2,year2024,366,0.22296956750630303,1.2384481923453734,-0.07026872231663805,0.1741483178834859,0.31193078324225865,0.3008120825743777,0.16633733971711523,95.11055822613108,0.11548451578263609,0.12105817788716182,0.019022111645226214
filtered_moe,ETHUSDT,2,year2025,365,0.174013722510322,0.8325601226133482,-0.12363621831955096,0.22162768960484727,0.3747526636225266,0.3790525114155251,0.1875172249226174,98.22587226300021,0.22836530869996646,-0.02494745614275516,0.019645174452600042
filtered_moe,ETHUSDT,5,all,998,0.4710913287981833,0.7824990557619744,-0.20071245528569126,0.20733869080534006,0.37249846916054324,0.3539927076374972,0.18938476964677217,285.8253713030323,0.37808126539572395,0.2047048280806159,0.14291268565151616
filtered_moe,ETHUSDT,5,development_2024_25,731,0.3548735844651114,0.8584750063991936,-0.12886507998322594,0.19942610659381513,0.34329875360997114,0.3398787809697522,0.17691273277388522,193.32990860555407,0.34384846612532083,0.0961107616406783,0.09666495430277704
filtered_moe,ETHUSDT,5,reused_2026,267,0.08577755568166534,0.6040114211174762,-0.2007124552856907,0.22799469204441014,0.4524422596754058,0.39263420724094883,0.22353105786430158,92.49546269747823,0.03423279927040311,0.10859406643993755,0.04624773134873912
filtered_moe,ETHUSDT,5,year2024,366,0.18856675105141285,1.0739451042899746,-0.07397341025353532,0.17434745921338674,0.31193078324225865,0.3008120825743777,0.16633727260763675,95.10729708283026,0.11548410919584887,0.12105853348000163,0.047553648541415125
filtered_moe,ETHUSDT,5,year2025,365,0.13992216530252377,0.69878559843002,-0.12790987869671322,0.2219867132602808,0.3747526636225266,0.3790525114155251,0.18751716680360284,98.22261152272381,0.22836435692947202,-0.024947771839323306,0.049111305761361905
kalman,ETHUSDT,2,all,998,0.8433555777416739,0.8126319916213819,-0.2510871874217838,0.348628976916551,0.49264730341441687,0.45543288473966903,0.41583231893774986,1192.3258275616956,0.5510289886767408,0.4520664797881882,0.23846516551233915
kalman,ETHUSDT,2,development_2024_25,731,0.4880565015807914,0.7469798808212239,-0.2510871874217838,0.3436581152567328,0.49840637947370287,0.45145777161308837,0.40037945689963744,830.6373971598997,0.40873442644277014,0.2703836504249798,0.16612747943197997
kalman,ETHUSDT,2,reused_2026,267,0.23876719451408213,0.9823833946700795,-0.1969561649840259,0.36252343797462816,0.47687994536446165,0.4663160596292962,0.45813959290726375,361.6884304017959,0.14229456223397083,0.18168282936320837,0.07233768608035919
kalman,ETHUSDT,2,year2024,366,0.44440111779372127,1.2589354424993449,-0.14128697469900786,0.33523962463468543,0.5109336886938346,0.4417074770620853,0.42964105043249506,446.79208099149855,0.3809351633451112,0.13615074421919213,0.08935841619829972
kalman,ETHUSDT,2,year2025,365,0.03022386458254056,0.2581708575460431,-0.25108718742178415,0.35214418514899604,0.48584474885844753,0.46123477929984774,0.3710376946173747,383.84531616840115,0.027799263097658955,0.13423290620578776,0.07676906323368023
kalman,ETHUSDT,5,all,998,0.2890059271612395,0.43680688287027797,-0.27406563379294413,0.3504149654078542,0.49264730341441687,0.45543288473966903,0.4158318480665997,1192.232928351038,0.5510147222829775,0.452055470865602,0.596116464175519
kalman,ETHUSDT,5,development_2024_25,731,0.15982309258832417,0.38462353758952755,-0.2705369339634386,0.3453621755162068,0.49840637947370287,0.45145777161308837,0.4003790319710945,830.5760197444913,0.40872598856208064,0.2703721982379539,0.4152880098722456
kalman,ETHUSDT,5,reused_2026,267,0.1113814989531079,0.5718118389640418,-0.25293264220762346,0.36453925538588516,0.47687994536446165,0.4663160596292962,0.4581389962531699,361.65690860654684,0.14228873372089693,0.18168327262764808,0.18082845430327343
kalman,ETHUSDT,5,year2024,366,0.26320271720828403,0.8569981697275267,-0.1468016997311269,0.33710359945558716,0.5109336886938346,0.4417074770620853,0.42964056917302285,446.75771955616665,0.3809325018773245,0.1361386544133668,0.2233788597780833
kalman,ETHUSDT,5,year2025,365,-0.08183929880109231,-0.06687687282244907,-0.27053693396343814,0.3537230812022762,0.48584474885844753,0.46123477929984774,0.37103732617409235,383.8183001883246,0.027793486684756147,0.13423354382458708,0.19190915009416232
trend_ensemble_long,ETHUSDT,2,all,998,0.5602603717399408,0.9115680526128819,-0.21654178089550036,0.199899049376293,0.47303633835615483,0.0,0.16473859765508564,240.14291963237426,0.5372872373400397,0.0,0.048028583926474855
trend_ensemble_long,ETHUSDT,2,development_2024_25,731,0.5265787829103417,1.1879460789053795,-0.16737900656321025,0.193258430392047,0.45885740144044,0.0,0.16141242811604142,163.1321335170789,0.48896505339465424,0.0,0.032626426703415784
trend_ensemble_long,ETHUSDT,2,reused_2026,267,0.022063446188729907,0.24190054591719176,-0.1704080699415823,0.21728261843067775,0.5118558248182803,0.0,0.17384507680505315,77.01078611529535,0.04832218394538551,0.0,0.015402157223059071
trend_ensemble_long,ETHUSDT,2,year2024,366,0.3077552448615126,1.5315188817223777,-0.08125649349349873,0.1858758858380239,0.4881539447712978,0.0,0.18516448176391778,91.7224675713559,0.3055194677104567,0.0,0.018344493514271185
trend_ensemble_long,ETHUSDT,2,year2025,365,0.16732759352993387,0.8690712045671467,-0.12475894527728593,0.20060246264424444,0.429480593607306,0.0,0.1375953003485818,71.40966594572299,0.18344558568419755,0.0,0.014281933189144596
trend_ensemble_long,ETHUSDT,5,all,998,0.4518055215892818,0.7792290212300922,-0.236461717061472,0.20006808511566643,0.47303633835615483,0.0,0.1647385283008197,240.13381661606329,0.5372828223209567,0.0,0.12006690830803166
trend_ensemble_long,ETHUSDT,5,development_2024_25,731,0.45366551508721775,1.0608952240895835,-0.17470809335972004,0.1933810099474331,0.45885740144044,0.0,0.16141236521333388,163.1262873425413,0.48896047186225194,0.0,0.08156314367127065
trend_ensemble_long,ETHUSDT,5,reused_2026,267,-0.0012795195859222064,0.09670492087638813,-0.18427007056182843,0.21755438784587072,0.5118558248182803,0.0,0.17384498978753182,77.007529273522,0.048322350458704755,0.0,0.038503764636761
trend_ensemble_long,ETHUSDT,5,year2024,366,0.2722597875179742,1.3833937166022308,-0.08822103691967709,0.18593863221638096,0.4881539447712978,0.0,0.18516440396975412,91.71908069421602,0.3055169893680529,0.0,0.045859540347108
trend_ensemble_long,ETHUSDT,5,year2025,365,0.14258544469376466,0.7617334957623981,-0.12861562878342858,0.20078543137912586,0.429480593607306,0.0,0.13759525237812892,71.4072066483253,0.18344348249419906,0.0,0.035703603324162655
regime_gate_long,ETHUSDT,2,all,998,0.6022721103688629,1.0058089774837227,-0.23324627971502387,0.18869955651206385,0.45962004826532665,0.0,0.15104273420405065,253.20361255084848,0.5627532980928994,0.0,0.0506407225101697
regime_gate_long,ETHUSDT,2,development_2024_25,731,0.6117578790388294,1.3860023975361089,-0.16466714912522173,0.18396203550100476,0.4633350433196535,0.0,0.1500402548651434,175.44188866495318,0.543655046392455,0.0,0.035088377732990644
regime_gate_long,ETHUSDT,2,reused_2026,267,-0.005885355854828411,0.05644514722459104,-0.18575355904745317,0.20116407715400786,0.4494490318431809,0.0,0.1537873499221825,77.76172388589526,0.019098251700444463,0.0,0.015552344777179053
regime_gate_long,ETHUSDT,2,year2024,366,0.2987817234285637,1.571304378939534,-0.0763762362258078,0.17563952579347172,0.509411050394657,0.0,0.17726714361860924,99.21263586830561,0.2994603029760013,0.0,0.019842527173661122
regime_gate_long,ETHUSDT,2,year2025,365,0.24097671684512267,1.2170963633614014,-0.11492746058744086,0.19218110436382035,0.417132800608828,0.0,0.12273877189591462,76.2292527966476,0.24419474341645367,0.0,0.015245850559329518
regime_gate_long,ETHUSDT,5,all,998,0.48506665537782667,0.858041835165673,-0.2539672928035823,0.1888371294065119,0.45962004826532665,0.0,0.15104266528400165,253.19408812991512,0.5627502997384952,0.0,0.12659704406495756
regime_gate_long,ETHUSDT,5,development_2024_25,731,0.5291187318521045,1.2426067817678665,-0.17314724842423457,0.184041996516928,0.4633350433196535,0.0,0.15004019066940355,175.43558435128796,0.5436524604523876,0.0,0.08771779217564399
regime_gate_long,ETHUSDT,5,reused_2026,267,-0.028808800491850195,-0.10166155510107767,-0.20071021228253216,0.20143334275347585,0.4494490318431809,0.0,0.15378726806778897,77.75850377862717,0.019097839286107643,0.0,0.038879251889313585
regime_gate_long,ETHUSDT,5,year2024,366,0.2606937246208607,1.4018494369970935,-0.08061124652796292,0.1756905938954777,0.509411050394657,0.0,0.17726706456383537,99.20893413263337,0.29945875804510014,0.0,0.04960446706631669
regime_gate_long,ETHUSDT,5,year2025,365,0.21291849240541683,1.0975298947723544,-0.11929393266983779,0.19228969333115456,0.417132800608828,0.0,0.12273872259991846,76.22665021865458,0.24419370240728744,0.0,0.038113325109327294
expanding_tree,ETHUSDT,2,all,998,0.40621265036992105,0.5950332241636995,-0.3463330267440886,0.27106118688604297,0.7302939211756846,0.17989451124471165,0.3126331805399167,443.82743608805674,0.5229715924758984,0.0069126025730003315,0.08876548721761135
expanding_tree,ETHUSDT,2,development_2024_25,731,0.7622976972903333,1.173287071316117,-0.23808983093858183,0.2726092569061809,0.7532679738562091,0.15825448396412828,0.30965119218168025,332.0292342824524,0.6220021228484698,0.08557910347599612,0.0664058468564905
expanding_tree,ETHUSDT,2,reused_2026,267,-0.2020572616464975,-1.0257880426281856,-0.2558581388752148,0.26595694751453763,0.6673949230129006,0.23914117769454854,0.3207973509139649,111.79820180560434,-0.09903053037257133,-0.07866650090299575,0.022359640361120866
expanding_tree,ETHUSDT,2,year2024,366,0.5119933888395114,1.6703505277685162,-0.23808983093858183,0.26832555044472783,0.7745142683667272,0.16393442622950818,0.34501527924874115,209.7426652929858,0.44992988902082,0.043475156371152394,0.041948533058597165
expanding_tree,ETHUSDT,2,year2025,365,0.16554590138977865,0.6899603130687011,-0.19166291107324285,0.2770426998600365,0.7319634703196347,0.15255898021308978,0.27419021720484654,122.28656898946662,0.17207223382764983,0.04210394710484374,0.024457313797893322
expanding_tree,ETHUSDT,5,all,998,0.2309023343150287,0.41541661451872947,-0.36570991321676793,0.27092469569240196,0.7302939211756846,0.17989451124471165,0.3126330429202926,443.8059551960919,0.5229749666292303,0.006913171126803841,0.22190297759804595
expanding_tree,ETHUSDT,5,development_2024_25,731,0.5952117404046697,0.991173237012284,-0.25531300982798943,0.2724419465257508,0.7532679738562091,0.15825448396412828,0.30965105261080195,332.0130404632684,0.6220048746762432,0.08557947052463391,0.1660065202316342
expanding_tree,ETHUSDT,5,reused_2026,267,-0.2283768335338512,-1.1982195090896393,-0.26785127788363206,0.26592403136244613,0.6673949230129006,0.23914117769454854,0.3207972186365383,111.79291473282353,-0.09902990804701291,-0.0786662993978301,0.05589645736641177
expanding_tree,ETHUSDT,5,year2024,366,0.41978272865706656,1.4371913869658475,-0.25531300982798943,0.26811260241008744,0.7745142683667272,0.16393442622950818,0.3450150826708763,209.73141019835572,0.44993388570453985,0.043474736338770276,0.10486570509917785
expanding_tree,ETHUSDT,5,year2025,365,0.12356046330661852,0.5576052365193167,-0.198357753056157,0.2769510231645013,0.7319634703196347,0.15255898021308978,0.27419013479713844,122.28163026491268,0.17207098897170342,0.04210473418586365,0.06114081513245634
rolling_tree,ETHUSDT,2,all,998,-0.41443647490265734,-0.5209079615553679,-0.5796909713858037,0.292644297492211,0.6310990035626809,0.32497982075261633,0.3763618058728207,591.2806744262897,-0.07696002564117771,-0.22596831906559234,0.11825613488525795
rolling_tree,ETHUSDT,2,development_2024_25,731,-0.021428512301333136,0.1086951524044197,-0.297906955170973,0.2911596836819199,0.7143182854537163,0.24578203374373003,0.3739976027505607,379.20793227910565,0.1944593316019288,-0.05411412368232915,0.07584158645582115
rolling_tree,ETHUSDT,2,reused_2026,267,-0.40161395211459816,-2.220610041935129,-0.4575646800638917,0.29561383137657765,0.4032589471493966,0.5418097170203913,0.3828345867056748,212.072742147184,-0.2714193572431065,-0.17185419538326321,0.0424145484294368
rolling_tree,ETHUSDT,2,year2024,366,0.23700643490081852,0.9054119347775161,-0.23762521498880385,0.2764980716791525,0.7841530054644809,0.17167577413479052,0.36575764333629923,208.97260314486402,0.24331716986188723,0.049590707991212506,0.04179452062897281
rolling_tree,ETHUSDT,2,year2025,365,-0.20891964658443618,-0.6150307954298797,-0.28524817473828146,0.30510428573089066,0.6442922374429223,0.32009132420091324,0.38226013739609427,170.23532913424168,-0.0488578382599584,-0.1037048316735417,0.03404706582684834
rolling_tree,ETHUSDT,5,all,998,-0.5096183850917375,-0.7431021615811144,-0.6418583607656637,0.29245811509671354,0.6310990035626809,0.32497982075261633,0.37636160389337503,591.247512646835,-0.076959723207149,-0.22596649884776976,0.2956237563234175
rolling_tree,ETHUSDT,5,development_2024_25,731,-0.12665777376768683,-0.08657123408249545,-0.3622901913125268,0.29099927096246064,0.7143182854537163,0.24578203374373003,0.37399743069656605,379.18793290781167,0.19445882280409987,-0.05411249056850886,0.1895939664539058
rolling_tree,ETHUSDT,5,reused_2026,267,-0.438500051664949,-2.5180393127862875,-0.4869877039244842,0.29521234815041886,0.4032589471493966,0.5418097170203913,0.3828343027955003,212.0595797390233,-0.27141854601124893,-0.171854008279261,0.10602978986951164
rolling_tree,ETHUSDT,5,year2024,366,0.16183476875571956,0.6796319672325856,-0.2598098053550393,0.2762082921730024,0.7841530054644809,0.17167577413479052,0.365757446210811,208.9621887288396,0.24332139300768474,0.049590605897136646,0.1044810943644198
rolling_tree,ETHUSDT,5,year2025,365,-0.24830772006622903,-0.7823691683643853,-0.2971417186118446,0.3050831341484619,0.6442922374429223,0.32009132420091324,0.3822599904822819,170.2257441789721,-0.04886257020358488,-0.10370309646564552,0.08511287208948604
action_tcn,ETHUSDT,2,all,998,-0.05690148541267992,0.09701522616338255,-0.40359886326925676,0.3274676887659994,0.6427183029434789,0.3224237867915467,0.42946496624449637,781.2807100324135,0.18870897955996113,0.04154522887254984,0.1562561420064827
action_tcn,ETHUSDT,2,development_2024_25,731,0.28132288937116257,0.5311678598908848,-0.2809289591835734,0.3413054458483168,0.6668075766892122,0.29667946541445095,0.42601054126383076,586.5207604149771,0.4101478641094809,0.05889615645772041,0.11730415208299541
action_tcn,ETHUSDT,2,reused_2026,267,-0.2639649830573412,-1.321746429019736,-0.3269229062666722,0.2856779010511359,0.5767660216396171,0.3929073033707865,0.43892258669718,194.75994961743638,-0.2214388845495197,-0.017350927585170622,0.03895198992348728
action_tcn,ETHUSDT,2,year2024,366,0.27256991552237997,0.9352361485545836,-0.2004459825171485,0.3065379623475085,0.768211762913882,0.19034925712254777,0.4268920743478193,207.34231587873498,0.21480071308626142,0.11503031823654776,0.041468463175747
action_tcn,ETHUSDT,2,year2025,365,0.0068781869994047895,0.20255017074317358,-0.21555809500891254,0.37327458061784047,0.5651255707762557,0.4033009893455099,0.42512659302070804,379.17844453624207,0.19534715102321953,-0.056134161778827324,0.07583568890724843
action_tcn,ETHUSDT,5,all,998,-0.2539619889180059,-0.16440981791959142,-0.4530230269002423,0.3276609558018224,0.6427183029434789,0.3224237867915467,0.4294646919520287,781.2320111833836,0.18871021059760099,0.041544769002289095,0.39061600559169185
action_tcn,ETHUSDT,5,development_2024_25,731,0.07457911141715234,0.273748004084108,-0.31542157707222385,0.34151490049888145,0.6668075766892122,0.29667946541445095,0.4260102621853247,586.4819774265027,0.4101482514209415,0.058895739568308736,0.2932409887132513
action_tcn,ETHUSDT,5,reused_2026,267,-0.3057393325856471,-1.5998292854445353,-0.35937367524343145,0.2858530933815446,0.5767660216396171,0.3929073033707865,0.4389223255080609,194.750033756881,-0.2214380408233405,-0.017350970566019683,0.0973750168784405
action_tcn,ETHUSDT,5,year2024,366,0.19582193223847422,0.7331401976285933,-0.22090973714155615,0.3062635788969318,0.768211762913882,0.19034925712254777,0.42689188610211887,207.33236122616754,0.21479866475391712,0.11502936670397343,0.10366618061308377
action_tcn,ETHUSDT,5,year2025,365,-0.10138869137009887,-0.10142089261249139,-0.2407886889222529,0.3738393811253004,0.5651255707762557,0.4033009893455099,0.4251262228605393,379.1496162003351,0.19534958666702437,-0.056133627135664665,0.18957480810016758
vol_long,ETHUSDT,2,all,998,0.37020321342597184,0.4769241120485438,-0.557536836042228,0.4829989679682617,1.0,0.0,0.7177649984516382,9.42410569652895,0.6034220913630004,0.0,0.00188482113930579
vol_long,ETHUSDT,2,development_2024_25,731,0.40270114622250386,0.5882269068407564,-0.49465256430540383,0.4841742087141863,1.0,0.0,0.6907284054083335,6.985294222886096,0.5549007110704496,0.0,0.0013970588445772194
vol_long,ETHUSDT,2,reused_2026,267,-0.023168108819223487,0.1691227976571585,-0.44700751773089176,0.48058524583275186,1.0,0.0,0.7917865322143943,2.4388114736428532,0.04852138029255067,0.0,0.0004877622947285707
vol_long,ETHUSDT,2,year2024,366,0.3314376429913921,0.8378661003800691,-0.3936533226872563,0.47204761992635164,1.0,0.0,0.7396110749264843,4.181620234994977,0.39663854878858185,0.0,0.0008363240469989955
vol_long,ETHUSDT,2,year2025,365,0.053523725730784566,0.34995281774418924,-0.41795363971407684,0.4966171904496349,1.0,0.0,0.641711810768215,2.803673987891119,0.15826216228186768,0.0,0.0005607347975782239
vol_long,ETHUSDT,5,all,998,0.3663343375215362,0.47478570622983385,-0.557828832577147,0.48298113236922924,1.0,0.0,0.7177649919028679,9.423698545404873,0.6034204838517301,0.0,0.004711849272702438
vol_long,ETHUSDT,5,development_2024_25,731,0.3997647348921358,0.5860747460717181,-0.495143076921977,0.4841493378521816,1.0,0.0,0.6907283981778116,6.984936876653081,0.5548989850776336,0.0,0.0034924684383265407
vol_long,ETHUSDT,5,reused_2026,267,-0.02388286869734213,0.16704251987755772,-0.4471545571677449,0.4805868726394666,1.0,0.0,0.7917865275321416,2.438761668751792,0.04852149877409637,0.0,0.0012193808343758962
vol_long,ETHUSDT,5,year2024,366,0.32976839457731066,0.8352434863679212,-0.39398484123854616,0.47201656139415865,1.0,0.0,0.7396110657789381,4.181377564159411,0.39663778885440465,0.0,0.0020906887820797055
vol_long,ETHUSDT,5,year2025,365,0.05263799365383126,0.3482570477305067,-0.4180868090615818,0.49659841954327066,1.0,0.0,0.6417118054599696,2.8035593124936704,0.15826119622322887,0.0,0.0014017796562468352
hold,ETHUSDT,2,all,998,0.17241470916965929,0.4226876453164817,-0.6755976780198422,0.6832774282032523,1.0,0.0,0.9999999993018506,1.9987140254051563,0.7700493131570175,0.0,0.00039974280508103127
hold,ETHUSDT,2,development_2024_25,731,0.29690383890800476,0.531062069737328,-0.6382083861521308,0.7012853517118116,1.0,0.0,0.999999999046869,0.9998000399920016,0.7404058444304451,0.0,0.00019996000799840034
hold,ETHUSDT,2,reused_2026,267,-0.09598948357124559,0.0947015601027333,-0.5327023093806528,0.6324563321187762,1.0,0.0,0.9999999999999459,0.9989139854131546,0.02964346872657256,0.0,0.00019978279708263093
hold,ETHUSDT,2,year2024,366,0.45678137988947354,0.8968322009492816,-0.45370616039228484,0.6497220844818444,1.0,0.0,0.9999999980963701,0.9998000399920016,0.5894545096447346,0.0,0.00019996000799840034
hold,ETHUSDT,2,year2025,365,-0.10974710631845053,0.21539562163373485,-0.6004362783933581,0.7501746888763584,1.0,0.0,0.9999999999999721,0.0,0.15095133478571054,0.0,0.0
hold,ETHUSDT,5,all,998,0.1717114712452268,0.42236466623576935,-0.6755976780198641,0.6832729906057504,1.0,0.0,0.9999999982552321,1.9984142352882759,0.7700489609895556,0.0,0.000999207117644138
hold,ETHUSDT,5,development_2024_25,731,0.29651496219471074,0.5308470587675184,-0.6382083861521399,0.7012794441828771,1.0,0.0,0.9999999976179418,0.9995002498750625,0.7404054922629664,0.0,0.0004997501249375312
hold,ETHUSDT,5,reused_2026,267,-0.09626074097765913,0.09405257325501436,-0.5327023093806789,0.6324560842115472,1.0,0.0,1.0000000000000233,0.9989139854132133,0.029643468726588906,0.0,0.0004994569927066067
hold,ETHUSDT,5,year2024,366,0.45634456388350286,0.8963762627209828,-0.4537061603922812,0.6497096049085245,1.0,0.0,0.9999999952423833,0.9995002498750625,0.5894541574772358,0.0,0.0004997501249375312
hold,ETHUSDT,5,year2025,365,-0.10974710631843065,0.21539562163378193,-0.6004362783933681,0.7501746888763877,1.0,0.0,1.0000000000000087,0.0,0.1509513347857307,0.0,0.0
trend24,LINKUSDT,2,all,998,-0.22955021418342747,-0.15513691327947265,-0.5045324766745826,0.30953559506033,0.4691796484955975,0.4720204539935466,0.32996736311286246,869.1145855296443,0.2584200303683501,-0.18239646626443914,0.17382291710592884
trend24,LINKUSDT,2,development_2024_25,731,-0.24476274493655847,-0.31301833504350735,-0.37674326965862126,0.30292934825859247,0.46544005435412966,0.47182481425166023,0.2961753753563609,556.9227718167201,0.032983862954277604,-0.07879500787214587,0.11138455436334402
trend24,LINKUSDT,2,reused_2026,267,0.020142717604486826,0.24467489237641102,-0.34285095298114876,0.3274366820967553,0.47941801298029035,0.47255608190110804,0.42248400374957656,312.19181371292416,0.22543616741407263,-0.10360145839229318,0.06243836274258484
trend24,LINKUSDT,2,year2024,366,-0.041934337467242844,0.008479620389173157,-0.28635268975756145,0.3035749656080217,0.4676700417716511,0.47426508893796976,0.3119019792144975,292.48351917005425,0.14665129750014377,-0.07408351687668634,0.05849670383401085
trend24,LINKUSDT,2,year2025,365,-0.21170616524666686,-0.636084048463529,-0.3767432696586216,0.30261082871029243,0.4632039573820396,0.4693778538812786,0.2804056849123116,264.43925264666575,-0.11366743454586613,-0.004711490995459505,0.05288785052933316
trend24,LINKUSDT,5,all,998,-0.40638639767425,-0.4596435584615367,-0.5575172413319994,0.31091130248109006,0.4691796484955975,0.4720204539935466,0.32996709203150637,869.057971798597,0.2584142252942936,-0.18239759632458885,0.4345289858992985
trend24,LINKUSDT,5,development_2024_25,731,-0.3609717084569627,-0.5844996236669858,-0.3970292212751404,0.3042099574639688,0.46544005435412966,0.47182481425166023,0.2961751709266945,556.8909664986593,0.032981608058338566,-0.07879807229308526,0.2784454832493296
trend24,LINKUSDT,5,reused_2026,267,-0.07106835459135319,-0.14388306562718695,-0.37866749280221446,0.32910120101265783,0.47941801298029035,0.47255608190110804,0.42248355018737715,312.1670052999378,0.22543261723595487,-0.10359952403150365,0.1560835026499689
trend24,LINKUSDT,5,year2024,366,-0.12242030581230878,-0.27703202690523016,-0.3084620529352695,0.30496313410222514,0.4676700417716511,0.47426508893796976,0.31190175375674534,292.4661663547123,0.14664841462668132,-0.07408575447637625,0.14623308317735617
trend24,LINKUSDT,5,year2025,365,-0.27182876293128266,-0.8933480903616704,-0.3970292212751402,0.3037923815730489,0.4632039573820396,0.4693778538812786,0.28040550156834215,264.42480014394687,-0.11366680656834276,-0.004712317816709083,0.13221240007197346
trend72,LINKUSDT,2,all,998,-0.43736497055582846,-0.5265499947969986,-0.6225997487398969,0.30944261561900577,0.4553661499344023,0.4826835605977732,0.33418477582920314,450.4838171098306,0.031446228943647736,-0.35926515038763357,0.09009676342196613
trend72,LINKUSDT,2,development_2024_25,731,-0.1795859935761116,-0.18104035285337544,-0.34001603076365394,0.30005648529988344,0.4497881516947864,0.4816888964888281,0.30061118796117414,280.9840664874886,0.13493711426631166,-0.15917272352407164,0.056196813297497726
trend72,LINKUSDT,2,reused_2026,267,-0.31420596791533706,-1.3786121629767145,-0.5237482433634899,0.3338903350400315,0.47063774811102843,0.48540677956271266,0.4261034751982265,169.499750622342,-0.10349088532266393,-0.2000924268635619,0.0338999501244684
trend72,LINKUSDT,2,year2024,366,0.12401993951283385,0.531968946163322,-0.1854223257313493,0.30576872360105334,0.4612932604735883,0.47890103217972074,0.3179320280166903,149.30273844276493,0.24561985174635528,-0.044237057523519474,0.029860547688552987
trend72,LINKUSDT,2,year2025,365,-0.270107248471529,-0.9242086193741688,-0.3219915573185642,0.29419613125400634,0.4382515220700153,0.48448439878234395,0.28324289354934135,131.68132804472367,-0.11068273748004365,-0.11493566600055219,0.02633626560894474
trend72,LINKUSDT,5,all,998,-0.5084902201723167,-0.6842957218001806,-0.6534401532447567,0.31002391814570823,0.4553661499344023,0.4826835605977732,0.3341846513765076,450.46341740475435,0.031447756024231444,-0.3592667215130159,0.22523170870237721
trend72,LINKUSDT,5,development_2024_25,731,-0.24591010330648055,-0.3204133055870018,-0.36654177678423405,0.3004645040815182,0.4497881516947864,0.4816888964888281,0.30061109550463305,280.97286388564,0.1349381745154194,-0.15917477166123148,0.14048643194282
trend72,LINKUSDT,5,reused_2026,267,-0.34820797628661815,-1.5810629503421558,-0.5420115758834994,0.33483449743940846,0.47063774811102843,0.48540677956271266,0.4261032631455725,169.4905535191144,-0.103490418491188,-0.20009194985178452,0.08474527675955722
trend72,LINKUSDT,5,year2024,366,0.0747836980773735,0.3857287409770588,-0.19841842648639207,0.3062430444669045,0.4612932604735883,0.47890103217972074,0.31793192600149595,149.29667398258965,0.24562055282980183,-0.04423903423219204,0.07464833699129482
trend72,LINKUSDT,5,year2025,365,-0.2983798525764083,-1.0567413831092856,-0.3474472912872959,0.2945467973131644,0.4382515220700153,0.48448439878234395,0.2832428106776418,131.67618990305033,-0.11068237831438248,-0.11493573742903937,0.06583809495152518
trend168,LINKUSDT,2,all,998,0.23279834628201246,0.4021680044910782,-0.31134272591575485,0.3044944852322942,0.4524569973279893,0.4818334646451246,0.33129594035227466,252.43875768172256,0.38739858604555966,0.02378551083289311,0.050487751536344515
trend168,LINKUSDT,2,development_2024_25,731,-0.008836532796172802,0.13013382846891094,-0.31134272591575485,0.2923272493605671,0.43612251101991184,0.4932099375957606,0.29772256362264077,153.14176026754444,0.21902201234908883,-0.08732494019544787,0.030628352053508886
trend168,LINKUSDT,2,reused_2026,267,0.24378912971829148,1.0527848100302912,-0.26218273904156186,0.33584751080791436,0.4971780066583437,0.4506866416978777,0.4232140616607478,99.29699741417815,0.16837657369647085,0.11111045102834106,0.019859399482835632
trend168,LINKUSDT,2,year2024,366,-0.003027380551098302,0.1382164437743392,-0.247667755417891,0.29848710391174516,0.4880843958712811,0.463404122477993,0.32120369304908175,79.66394538973057,0.1284344726192465,-0.062219963173004045,0.015932789077946114
trend168,LINKUSDT,2,year2025,365,-0.005826792162339389,0.12156206990984006,-0.16011204236918375,0.28642730695362295,0.38401826484018264,0.5230974124809741,0.27417710233475756,73.47781487781384,0.0905875397298423,-0.02510497702244381,0.01469556297556277
trend168,LINKUSDT,5,all,998,0.14288201296643988,0.3111879274707463,-0.32306539419853675,0.304768430429607,0.4524569973279893,0.4818334646451246,0.33129587476713346,252.42990602618673,0.3873986447187159,0.023784740510068972,0.12621495301309338
trend168,LINKUSDT,5,development_2024_25,731,-0.05334387064701984,0.05183216739535776,-0.32306539419853675,0.2925266192035378,0.43612251101991184,0.4932099375957606,0.29772251678001066,153.13681190685764,0.21902243715878,-0.0873266652996033,0.07656840595342881
trend168,LINKUSDT,5,reused_2026,267,0.20728317023371168,0.9305754928384141,-0.2710450709393244,0.33633467294029296,0.4971780066583437,0.4506866416978777,0.42321394476184043,99.29309411932908,0.16837620755993588,0.11111140580967219,0.04964654705966454
trend168,LINKUSDT,5,year2024,366,-0.026572298620172297,0.05855269360285578,-0.2520191560900963,0.2987112885688279,0.4880843958712811,0.463404122477993,0.3212036401838072,79.66116782691392,0.128434633665782,-0.0622220622250812,0.039830583913456966
trend168,LINKUSDT,5,year2025,365,-0.027502373303016747,0.044758537138923166,-0.1678030297466423,0.2866011581553037,0.38401826484018264,0.5230974124809741,0.27417706153127225,73.4756440799437,0.09058780349299797,-0.025104603074522155,0.036737822039971856
trend336,LINKUSDT,2,all,998,0.1562533311628438,0.3248293455054887,-0.2509596592662865,0.30690818065156433,0.4569729737252282,0.49132988198619454,0.3298931779905685,172.2869694740454,0.315941749745905,0.00015741061853558058,0.034457393894809084
trend336,LINKUSDT,2,development_2024_25,731,-0.06502066198337342,0.037444272155085515,-0.2509596592662865,0.300512126676813,0.43628400972792214,0.5148388812889497,0.2981065902632536,102.21981964494879,0.16680584162536716,-0.11552685782250298,0.020443963928989756
trend336,LINKUSDT,2,reused_2026,267,0.236661907005993,1.0549582056161617,-0.2100122679251325,0.3240196210601549,0.5136157927590511,0.42696629213483145,0.416919378847,70.06714982909665,0.1491359081205378,0.11568426844103862,0.014013429965819332
trend336,LINKUSDT,2,year2024,366,0.027032776606580322,0.2415671904193652,-0.2509596592662865,0.3220874573959257,0.48996281117182755,0.4587033242258652,0.30838068643401684,56.51373263830071,0.1315872308976902,-0.04072487851636433,0.011302746527660142
trend336,LINKUSDT,2,year2025,365,-0.08963047790364276,-0.19986771101160367,-0.2226123364953828,0.27759953810066085,0.3824581430745814,0.5711282343987824,0.2878043458838033,45.70608700664806,0.03521861072767697,-0.07480197930613866,0.009141217401329615
trend336,LINKUSDT,5,all,998,0.09800801802710501,0.26324816041626115,-0.25443185147786374,0.30703590578350715,0.4569729737252282,0.49132988198619454,0.3298931335758216,172.2816204135353,0.3159406457794809,0.00015774064901483142,0.08614081020676764
trend336,LINKUSDT,5,development_2024_25,731,-0.09325811032212117,-0.013362595602884253,-0.25443185147786374,0.30064509975166603,0.43628400972792214,0.5148388812889497,0.29810655959442506,102.21682068607919,0.16680537680648122,-0.11552644647073088,0.0511084103430396
trend336,LINKUSDT,5,reused_2026,267,0.2109377878385803,0.9659223199572383,-0.22299879761546237,0.3241616689923428,0.5136157927590511,0.42696629213483145,0.41691929679829703,70.06479972745612,0.1491352689729996,0.1156841871197457,0.03503239986372805
trend336,LINKUSDT,5,year2024,366,0.009766751162194387,0.18915153210436342,-0.25443185147786374,0.32228151040316083,0.48996281117182755,0.4587033242258652,0.30838065250456365,56.51196810513899,0.13158686412127726,-0.040725229480533254,0.028255984052569495
trend336,LINKUSDT,5,year2025,365,-0.10202837572710421,-0.24912388419426926,-0.22682673686308064,0.2776645035294356,0.3824581430745814,0.5711282343987824,0.28780431848453275,45.7048525809402,0.035218512685203957,-0.0748012169901976,0.0228524262904701
trend_ensemble,LINKUSDT,2,all,998,-0.23169037407440918,-0.26019928936469255,-0.416952730994261,0.25101594677517364,0.42516048599327966,0.46015413279132794,0.2421531358634847,394.6750494650897,0.21289399514119128,-0.2889599512657612,0.07893500989301795
trend_ensemble,LINKUSDT,2,development_2024_25,731,-0.20004814937332327,-0.3485681049717551,-0.2442923010373318,0.2388469284918005,0.41424893600851204,0.4595715011283394,0.21644771237159408,248.42266736779612,0.11754709196242805,-0.21014513993616832,0.04968453347355922
trend_ensemble,LINKUSDT,2,reused_2026,267,-0.03955516157165895,-0.0574095444357641,-0.3582253207664128,0.2821282891639981,0.45503442995906684,0.4617492779061017,0.31253015673454093,146.2523820972936,0.09534690317876329,-0.07881481132959284,0.029250476419458726
trend_ensemble,LINKUSDT,2,year2024,366,0.020644102911132833,0.20323900052109753,-0.16703595910272384,0.2425079122692101,0.44626593806921677,0.4348784626361096,0.22792779468121938,132.0001143700458,0.13150875944766524,-0.04952694337752674,0.02640002287400916
trend_ensemble,LINKUSDT,2,year2025,365,-0.21622841072121635,-0.9188645917212014,-0.2389464005288906,0.23524579954711086,0.38214421613394217,0.48433219178082193,0.20493617778166845,116.42255299775033,-0.013961667485237222,-0.1606181965586416,0.023284510599550067
trend_ensemble,LINKUSDT,5,all,998,-0.3174831636451245,-0.43124249710704454,-0.4709500463371856,0.2515317381884353,0.42516048599327966,0.46015413279132794,0.24215304101471127,394.66009332693574,0.2128916428124959,-0.28895898797179187,0.19733004666346787
trend_ensemble,LINKUSDT,5,development_2024_25,731,-0.25749988580201255,-0.502920433676511,-0.28766573588837563,0.23929160075728276,0.41424893600851204,0.4595715011283394,0.21644764169509903,248.41433663457454,0.11754635263287863,-0.2101449854907736,0.12420716831728726
trend_ensemble,LINKUSDT,5,reused_2026,267,-0.08078554695968332,-0.2685897785499623,-0.3795197758850051,0.28282418403923903,0.45503442995906684,0.4617492779061017,0.312529995706234,146.2457566923612,0.09534529017961728,-0.0788140024810183,0.07312287834618061
trend_ensemble,LINKUSDT,5,year2024,366,-0.01898452334373868,0.040816480706889,-0.18019330429662217,0.24301002428290536,0.44626593806921677,0.4348784626361096,0.22792771535016088,131.99564156819088,0.13150834812332013,-0.049527751442588704,0.06599782078409544
trend_ensemble,LINKUSDT,5,year2025,365,-0.24313109031800617,-1.065039136426588,-0.2641880517624453,0.23563920123070226,0.38214421613394217,0.48433219178082193,0.20493611578344795,116.41869506638365,-0.013961995490441512,-0.16061723404818484,0.05820934753319183
breakout,LINKUSDT,2,all,998,0.20703860137732422,0.3805022987361214,-0.4163511717685884,0.28794387208205857,0.46788887249916017,0.4574392081685632,0.29485544286127746,609.678957288869,0.31609106784403884,0.13799845831172036,0.12193579145777383
breakout,LINKUSDT,2,development_2024_25,731,0.12285400776667532,0.34433588607752835,-0.2784460031428261,0.28078909182473627,0.4700760172664264,0.4446415761426522,0.2647048613971213,385.4271193461837,0.13108375334373093,0.17160817845805904,0.07708542386923675
breakout,LINKUSDT,2,reused_2026,267,0.07497376598235372,0.47138340170659915,-0.3038483634108301,0.30722295894860363,0.4619008469378434,0.4924769198200275,0.3774025404279372,224.25183794268537,0.18500731450030805,-0.03360972014633876,0.04485036758853708
breakout,LINKUSDT,2,year2024,366,0.18418159524872468,0.7543013452570442,-0.19077116796360827,0.2716550243235522,0.49772468658039437,0.4312054278817573,0.2777527991306058,202.40214741707513,0.16436921642962657,0.09369067850967733,0.040480429483415035
breakout,LINKUSDT,2,year2025,365,-0.05178900578096379,-0.04082048704999904,-0.27844600314282586,0.28992140370171054,0.44235159817351594,0.4581145357686453,0.2516211758890245,183.02497192910857,-0.033285463085895646,0.07791749994838171,0.03660499438582172
breakout,LINKUSDT,5,all,998,0.0052743007459201685,0.14853217220414577,-0.46358058997628604,0.2886555827331364,0.46788887249916017,0.4574392081685632,0.2948552506029307,609.6503195537132,0.3160903231788236,0.13799472760443893,0.3048251597768566
breakout,LINKUSDT,5,development_2024_25,731,0.00024235018394658248,0.13902162902093645,-0.2962106539151932,0.28137028432665667,0.4700760172664264,0.4446415761426522,0.26470471830789194,385.4108754428175,0.1310844294702987,0.17160370984138001,0.19270543772140875
breakout,LINKUSDT,5,reused_2026,267,0.005030731363305119,0.1724568307271536,-0.33851897268643993,0.30827211055788256,0.4619008469378434,0.4924769198200275,0.37740221355301806,224.2394441108957,0.18500589370852477,-0.033608982236940976,0.11211972205544785
breakout,LINKUSDT,5,year2024,366,0.11441492302422729,0.5306994757370784,-0.20021021619063795,0.2723139598614323,0.49772468658039437,0.4312054278817573,0.2777526411444182,202.3934953697502,0.164370313466085,0.09368506754129635,0.1011967476848751
breakout,LINKUSDT,5,year2025,365,-0.10245068554039649,-0.22921517417251636,-0.29621065391519297,0.29043685002775477,0.44235159817351594,0.4581145357686453,0.25162104773756705,183.01738007306727,-0.03328588399578626,0.07791864230008358,0.09150869003653364
range_only,LINKUSDT,2,all,998,-0.22469984703653711,-0.40316951822639785,-0.30618226343853483,0.18705660721941936,0.43257756560352606,0.41445852651877507,0.1867537361484064,297.0130207417027,0.08743635267350319,-0.21804793962163077,0.05940260414834054
range_only,LINKUSDT,2,development_2024_25,731,-0.08580248639662802,-0.15675912157230665,-0.2957903672314216,0.18081239591091067,0.42438298821135567,0.403547271621827,0.16721126586329155,187.21818609041497,0.08972942199924777,-0.09378826104323675,0.037443637218083
range_only,LINKUSDT,2,reused_2026,267,-0.1519336451621236,-1.0044722689445906,-0.18755393596344916,0.20337969258916422,0.45501290670343836,0.44433166258495116,0.24025765292151113,109.79483465128774,-0.0022930693257446136,-0.12425967857839404,0.021958966930257548
range_only,LINKUSDT,2,year2024,366,-0.11832275416477944,-0.6164643775051939,-0.21543456982111342,0.17785981124371658,0.419650327699608,0.4333162568306011,0.17960041536949328,98.96349163784421,0.044517648280455124,-0.12937681919020555,0.019792698327568845
range_only,LINKUSDT,2,year2025,365,0.036884549217717444,0.2892196912723298,-0.17164941068529938,0.18387058391976596,0.4291286149162862,0.37369672754946726,0.15478817348173032,88.25469445257076,0.045211773718792654,0.035588558146968804,0.017650938890514153
range_only,LINKUSDT,5,all,998,-0.2907952085130877,-0.5796710305094898,-0.3597484293988016,0.18648441669386898,0.43257756560352606,0.41445852651877507,0.1867536818165553,297.0031113319795,0.08743549648383918,-0.218047194711338,0.14850155566598974
range_only,LINKUSDT,5,development_2024_25,731,-0.13573449285357575,-0.3131982045781792,-0.3207599665548351,0.1803105265038547,0.42438298821135567,0.403547271621827,0.16721122507979386,187.2124702692857,0.08972930149173194,-0.09378837022841707,0.09360623513464285
range_only,LINKUSDT,5,reused_2026,267,-0.17941328721017702,-1.2312147151311406,-0.1955053871888366,0.20260038201720582,0.45501290670343836,0.44433166258495116,0.2402575614966025,109.79064106269377,-0.0022938050078927796,-0.12425882448292101,0.05489532053134688
range_only,LINKUSDT,5,year2024,366,-0.14411469771622343,-0.7859167842988495,-0.23011549203038284,0.17729596958626803,0.419650327699608,0.4333162568306011,0.17960037009309904,98.96042264116292,0.04451818922023975,-0.12937746757437477,0.04948021132058146
range_only,LINKUSDT,5,year2025,365,0.009791270910118,0.14513404862661455,-0.17665493224250206,0.18342384112855675,0.4291286149162862,0.37369672754946726,0.1547881372034385,88.25204762812277,0.0452111122714922,0.035589097345957686,0.04412602381406139
down_rebound,LINKUSDT,2,all,998,0.11498477621991543,0.2801620297977637,-0.3256761755926154,0.29469355710108286,0.43604164145169944,0.295025821581219,0.2751464418306272,591.9060594710202,0.28925463300584897,0.08853411104170268,0.11838121189420406
down_rebound,LINKUSDT,2,development_2024_25,731,0.07084813400693624,0.2607837716155619,-0.2366270850365465,0.2891479733096238,0.42955806353549175,0.2965330110111732,0.24626518373767606,397.48474861560584,0.1932803064848266,0.0692076746658454,0.07949694972312119
down_rebound,LINKUSDT,2,reused_2026,267,0.04121652810639609,0.3296134004494332,-0.31685510726017385,0.30992719522074663,0.45379256076536156,0.2908993965875989,0.3542183506918531,194.4213108554144,0.09597432652102242,0.019326436375857334,0.03888426217108287
down_rebound,LINKUSDT,2,year2024,366,0.1356580438672761,0.5801654275649291,-0.2366270850365465,0.290354020215091,0.47040072859744997,0.2745854369892255,0.26315838818660037,208.41402717900505,0.0853381041225837,0.1346886289992989,0.04168280543580101
down_rebound,LINKUSDT,2,year2025,365,-0.057068155515934804,-0.06209241255863922,-0.18624936764913091,0.28824927604686496,0.388603500761035,0.3185407153729072,0.22932569653683688,189.07072143660082,0.10794220236224293,-0.06548095433345351,0.03781414428732017
down_rebound,LINKUSDT,5,all,998,-0.06643017941217855,0.06046445696706699,-0.37650253793599997,0.29552064277572504,0.43604164145169944,0.295025821581219,0.275146261849041,591.864167260775,0.28925499040845704,0.08852575481597257,0.2959320836303875
down_rebound,LINKUSDT,5,development_2024_25,731,-0.049530924058918235,0.05555125058283036,-0.25331557199813626,0.2899606659283698,0.42955806353549175,0.2965330110111732,0.24626503605443317,397.45872711997885,0.193280660056792,0.0691982485161407,0.19872936355998944
down_rebound,LINKUSDT,5,reused_2026,267,-0.017779910763037976,0.07300381491030367,-0.34653078010244476,0.3107962286175698,0.45379256076536156,0.2908993965875989,0.35421808228296736,194.40544014079614,0.09597433035166503,0.019327506299831862,0.09720272007039808
down_rebound,LINKUSDT,5,year2024,366,0.06682307894151829,0.3651573794135157,-0.25331557199813626,0.2912527024068707,0.47040072859744997,0.2745854369892255,0.26315822113643894,208.39948021126045,0.08533795257529977,0.13467622958538236,0.10419974010563023
down_rebound,LINKUSDT,5,year2025,365,-0.10906588477245871,-0.2574040305765472,-0.20336222568275764,0.2889813567690032,0.388603500761035,0.3185407153729072,0.2293255682735726,189.0592469087184,0.10794270748149222,-0.06547798106924163,0.09452962345435918
selected_trend,LINKUSDT,2,all,998,-0.07248312321575479,0.054039651622420345,-0.41237797567700696,0.29672907184603514,0.45821852037408156,0.46466196281451794,0.3111282917233127,352.14097660245517,0.21560932093934343,-0.07246478164573378,0.07042819532049104
selected_trend,LINKUSDT,2,development_2024_25,731,-0.23356417217181258,-0.3045287097130863,-0.3767432696586065,0.2947337973014141,0.44205046359629124,0.4724977200182399,0.28537715041410316,285.86384220332366,0.07933312918125968,-0.17506449196241938,0.05717276844066474
selected_trend,LINKUSDT,2,reused_2026,267,0.21016899668235256,1.011604114407794,-0.23014517066031692,0.3021636934786513,0.502483874323762,0.44320900957136916,0.38163048010171013,66.27713439913146,0.1362761917580838,0.1025997103166856,0.013255426879826292
selected_trend,LINKUSDT,2,year2024,366,0.0897450145181482,0.43355041462571575,-0.14510620877897273,0.30041473626917675,0.44450136612021857,0.46148299939283544,0.29229232431718183,78.33912232057357,0.15636411809407996,-0.007380388749678474,0.015667824464114716
selected_trend,LINKUSDT,2,year2025,365,-0.2966833363609531,-1.0743622969760154,-0.37674326965860583,0.2888759961353909,0.43959284627092854,0.48354261796042625,0.27844303082909827,207.52471988275008,-0.07703098891282031,-0.16768410321274088,0.041504943976550024
selected_trend,LINKUSDT,5,all,998,-0.16547276051440574,-0.07557299231297615,-0.44406485552523867,0.29718250173631605,0.45821852037408156,0.46466196281451794,0.3111281997959298,352.12493359235464,0.21560951390858113,-0.07246450706940281,0.17606246679617732
selected_trend,LINKUSDT,5,development_2024_25,731,-0.2965554904158355,-0.448432474692223,-0.4044526166536604,0.29525256926257487,0.44205046359629124,0.4724977200182399,0.28537705171402006,285.8499249254545,0.07933376129203562,-0.1750652640076446,0.14292496246272726
selected_trend,LINKUSDT,5,reused_2026,267,0.18634409411897668,0.921100874949214,-0.23632155208562022,0.30240219470783125,0.502483874323762,0.44320900957136916,0.38163040671681386,66.2750086669001,0.13627575261654545,0.1026007569382417,0.03313750433345006
selected_trend,LINKUSDT,5,year2024,366,0.06443209615023138,0.35548421189628093,-0.147692268244488,0.3006357658673587,0.44450136612021857,0.46148299939283544,0.29229227109349926,78.3362508093609,0.15636436036117407,-0.007379956175000188,0.039168125404680454
selected_trend,LINKUSDT,5,year2025,365,-0.3391363224311472,-1.2855654118037427,-0.3970292212751485,0.28962236031664235,0.43959284627092854,0.48354261796042625,0.2784428865280217,207.5136741160936,-0.07703059906913842,-0.16768530783264443,0.1037568370580468
selected_breakout,LINKUSDT,2,all,998,0.12285653999102886,0.2897216018365897,-0.3838883462247652,0.3137933346398581,0.4675102479445922,0.4623112005078683,0.3154577518257473,464.44448658346926,0.19699767385443823,0.16911186911874054,0.09288889731669386
selected_breakout,LINKUSDT,2,development_2024_25,731,0.06137399225358808,0.24950146286648714,-0.2722465052316817,0.3129146467822398,0.46330970467218846,0.460852402030958,0.29265760750867703,372.4441364875943,0.08961140554767735,0.16699960380848464,0.07448882729751888
selected_breakout,LINKUSDT,2,reused_2026,267,0.05792731703072551,0.3979753447256301,-0.32128607254392827,0.31676972325326563,0.4790106117353308,0.46630513940907203,0.37788061885113455,92.00035009587492,0.10738626830676085,0.002112265310256045,0.018400070019174982
selected_breakout,LINKUSDT,2,year2024,366,0.02987064601316014,0.243741156710117,-0.2395125188326389,0.29172848762687376,0.49111704524539385,0.44198101182807303,0.30172124111410575,164.47607650371097,0.0688993720441261,0.046760081058760575,0.032895215300742194
selected_breakout,LINKUSDT,2,year2025,365,0.030589614688393496,0.25526820325145244,-0.2722465052316816,0.33321099234785095,0.4354261796042618,0.47977549467275493,0.2835691420303567,207.9680599838834,0.020712033503551212,0.12023952274972405,0.04159361199677668
selected_breakout,LINKUSDT,5,all,998,-0.023188569324974373,0.12769830145486796,-0.403639900448475,0.31439172790448017,0.4675102479445922,0.4623112005078683,0.3154576015287376,464.4236309464765,0.19699612044010628,0.16910605968553516,0.23221181547323827
selected_breakout,LINKUSDT,5,development_2024_25,731,-0.0508348118939862,0.07176366315360476,-0.2861660965008437,0.31359791858519587,0.46330970467218846,0.460852402030958,0.2926574542092897,372.4267526822365,0.08961065561271309,0.16699298951750047,0.1862133763411183
selected_breakout,LINKUSDT,5,reused_2026,267,0.02912690321500122,0.2789023486455291,-0.3282621188671946,0.3171325609259189,0.4790106117353308,0.46630513940907203,0.37788047677411724,91.99687826424,0.10738546482739322,0.002113070168034692,0.04599843913212
selected_breakout,LINKUSDT,5,year2024,366,-0.019714143257280048,0.07553083430468951,-0.2508610879561535,0.2923423520874155,0.49111704524539385,0.44198101182807303,0.3017211006932387,164.46884803477732,0.06889945525604685,0.046752293699197235,0.08223442401738866
selected_breakout,LINKUSDT,5,year2025,365,-0.031746524161954115,0.06866157257561728,-0.28616609650084335,0.33395930241206284,0.4354261796042618,0.47977549467275493,0.28356897581716556,207.9579046474592,0.020711200356666182,0.12024069581830327,0.10397895232372961
regime_gate,LINKUSDT,2,all,998,0.04522582557256283,0.18446611499765792,-0.26850849964701284,0.23570451667121772,0.42696387742577685,0.36952087246502296,0.20594791405288335,438.2082778551777,0.17902924280659915,0.052932305992975125,0.08764165557103554
regime_gate,LINKUSDT,2,development_2024_25,731,-0.056476098705976474,-0.01878485615799334,-0.20423850495350304,0.2243765083391973,0.4220483736130111,0.3741450068399453,0.18383686931752846,289.6482060680487,0.07124127820293716,0.0036067616545890427,0.05792964121360974
regime_gate,LINKUSDT,2,reused_2026,267,0.10778945200970291,0.6578579612898946,-0.26850849964701196,0.2645836847715525,0.44042167999930404,0.35686078921383113,0.2664841451448101,148.56007178712895,0.10778796460366201,0.049325544338386026,0.029712014357425792
regime_gate,LINKUSDT,2,year2024,366,0.024640875700250975,0.21890159345557822,-0.14111071073438053,0.22301463963554236,0.44803999696417734,0.3578665755919855,0.19680456891330506,153.9652313847185,0.04347901599958913,0.0416530277467693,0.0307930462769437
regime_gate,LINKUSDT,2,year2025,365,-0.0791662487120578,-0.2539463359074736,-0.14652220364418067,0.22600569100130974,0.39598554033485545,0.3904680365296803,0.17083364177765387,135.68297468333017,0.027762262203348036,-0.038046266092180266,0.027136594936666036
regime_gate,LINKUSDT,5,all,998,-0.08353696822078138,-0.01899058720988525,-0.3022464629230587,0.23617096992720943,0.42696387742577685,0.36952087246502296,0.2059478081075751,438.18820184855997,0.1790272568431157,0.05293421655092761,0.21909410092428
regime_gate,LINKUSDT,5,development_2024_25,731,-0.13500409437869876,-0.21113932766015994,-0.22875403201800637,0.2248755887340928,0.4220483736130111,0.3741450068399453,0.18383678542907989,289.63595674221324,0.07124008888072275,0.003608015164499642,0.1448179783711066
regime_gate,LINKUSDT,5,reused_2026,267,0.059499849448362285,0.42727196002588247,-0.2921319749503962,0.26500224441129305,0.44042167999930404,0.35686078921383113,0.26648397881162006,148.5522451063468,0.10778716796239292,0.049326201386427966,0.0742761225531734
regime_gate,LINKUSDT,5,year2024,366,-0.021611787558152518,0.012880422643360081,-0.1569715245303379,0.22355270843647618,0.44803999696417734,0.3578665755919855,0.19680447452879288,153.95841736618905,0.04347922232690864,0.04165335547191526,0.07697920868309453
regime_gate,LINKUSDT,5,year2025,365,-0.11589704922705779,-0.432628791459791,-0.16167653645041935,0.2264703317319717,0.39598554033485545,0.3904680365296803,0.1708335684140252,135.67753937602419,0.0277608665538141,-0.038045340307415666,0.06783876968801207
gate_no_range,LINKUSDT,2,all,998,0.052196214034359256,0.19585907088074078,-0.2770304380389772,0.24174344821835772,0.40588930474188795,0.36944085131160503,0.209934153603715,417.11703033652475,0.20603111034110774,0.03059641294854168,0.08342340606730494
gate_no_range,LINKUSDT,2,development_2024_25,731,-0.03879652468324957,0.028703845087692886,-0.1746037928734957,0.23135365212735734,0.39842681258549933,0.359344125246998,0.18721022106685314,273.10205254843794,0.10194029958018541,-0.010250477338905856,0.05462041050968759
gate_no_range,LINKUSDT,2,reused_2026,267,0.09466542834504921,0.5913773265625936,-0.2770304380389761,0.2685191675801503,0.42632032259327407,0.39708394776564143,0.27214836590501107,144.01497778808675,0.10409081076092237,0.040846890287447535,0.028802995557617356
gate_no_range,LINKUSDT,2,year2024,366,0.02258208335711931,0.21033137861626486,-0.1667390850093824,0.23017779585901638,0.42816484517304193,0.3433515482695811,0.1998371636197405,144.4089385032479,0.05587252908981863,0.026109450002071738,0.028881787700649583
gate_no_range,LINKUSDT,2,year2025,365,-0.06002316003705377,-0.1513884858150491,-0.14131907557212653,0.23282206957331392,0.36860730593607305,0.37538051750380524,0.17454868415080713,128.69311404519004,0.04606777049036674,-0.0363599273409776,0.02573862280903801
gate_no_range,LINKUSDT,5,all,998,-0.07156899293747931,0.007061786751922387,-0.29973119194243913,0.2422559130994861,0.40588930474188795,0.36944085131160503,0.20993405255392472,417.098640216759,0.20602887715554868,0.0305981697142969,0.2085493201083795
gate_no_range,LINKUSDT,5,development_2024_25,731,-0.11441073181331307,-0.14721240053538154,-0.19090898771505938,0.23188520030923626,0.39842681258549933,0.359344125246998,0.18721014171199818,273.09091676061416,0.10193917495977103,-0.010249703793947074,0.13654545838030707
gate_no_range,LINKUSDT,5,reused_2026,267,0.04837653347308124,0.3711894516820601,-0.299731191942438,0.2690109947915309,0.42632032259327407,0.39708394776564143,0.2721482054582255,144.00772345614484,0.10408970219577768,0.04084787350824398,0.07200386172807244
gate_no_range,LINKUSDT,5,year2024,366,-0.020774209280173817,0.023189422985840407,-0.18129014675410648,0.23077793065377078,0.42816484517304193,0.3433515482695811,0.19983707480343782,144.40276312972782,0.055872373040189965,0.02610956670293131,0.07220138156486391
gate_no_range,LINKUSDT,5,year2025,365,-0.09562301505999626,-0.31605723991944884,-0.15498913916851664,0.2332885881634997,0.36860730593607305,0.37538051750380524,0.17454861428332172,128.68815363088638,0.04606680191958104,-0.03635927049687837,0.06434407681544319
adaptive14,LINKUSDT,2,all,998,0.10758198229957805,0.2765544491907346,-0.24666810380923676,0.2254145923647098,0.4269800974383921,0.3553675658517965,0.19735791197548774,397.52008435294545,0.25277112177042016,0.020356331656565273,0.0795040168705891
adaptive14,LINKUSDT,2,development_2024_25,731,-0.00014064595849427874,0.10589451991620653,-0.16835521317059254,0.21569031912273157,0.4221861225110199,0.3547841617267062,0.17855806943167668,266.0251080040408,0.13771175044300993,-0.015917019576984957,0.053205021600808165
adaptive14,LINKUSDT,2,reused_2026,267,0.10773778114156807,0.6806688580094945,-0.24666810380923632,0.25046074024110465,0.4401051748612724,0.3569648258347217,0.2488286419362589,131.4949763489047,0.11505937132741027,0.03627335123355015,0.02629899526978094
adaptive14,LINKUSDT,2,year2024,366,0.03904207533071258,0.28261851398571597,-0.14130644645251866,0.21777628422629525,0.46056276563448695,0.33833295385549483,0.19360017236499516,140.4544264073308,0.07767941224763676,0.01705078302681308,0.02809088528146616
adaptive14,LINKUSDT,2,year2025,365,-0.03771042792154089,-0.07468892077828632,-0.12148871712318654,0.21385784079541764,0.3837043378995434,0.3712804414003044,0.16347475525744498,125.57068159671002,0.06003233819537318,-0.032967802603798016,0.025114136319342003
adaptive14,LINKUSDT,5,all,998,-0.016935154965221133,0.08336859784173106,-0.2686195369267823,0.22588806361144925,0.4269800974383921,0.3553675658517965,0.19735782215985584,397.5032185949061,0.25276955994869243,0.020358555315116655,0.19875160929745306
adaptive14,LINKUSDT,5,development_2024_25,731,-0.07683779990362805,-0.07814964135414983,-0.18492681116480647,0.21619075510114483,0.4221861225110199,0.3547841617267062,0.1785579984935314,266.01447870365195,0.13771076224650317,-0.015915787224864496,0.13300723935182598
adaptive14,LINKUSDT,5,reused_2026,267,0.06488853739045197,0.46493043923972605,-0.2686195369267831,0.25089106385030124,0.4401051748612724,0.3569648258347217,0.24882850043732094,131.48873989125408,0.11505879770218931,0.03627434253998121,0.06574436994562705
adaptive14,LINKUSDT,5,year2024,366,-0.0038309410898641483,0.08997987134929036,-0.1550973234988572,0.21830417493392615,0.46056276563448695,0.33833295385549483,0.19360009259575792,140.44855736105745,0.07767920986766089,0.017051667521568434,0.07022427868052872
adaptive14,LINKUSDT,5,year2025,365,-0.07328761936617101,-0.24976796008812321,-0.13625082943668687,0.21433312021419734,0.3837043378995434,0.3712804414003044,0.16347469317458646,125.56592134259455,0.06003155237884229,-0.032967454746432985,0.06278296067129728
adaptive42,LINKUSDT,2,all,998,0.07841512691321317,0.23329405471394277,-0.2335787779618741,0.22489195609327775,0.41542633272739826,0.36462508350033396,0.19543439565938017,396.89162633657025,0.20288465656512164,0.04230035198566972,0.07937832526731406
adaptive42,LINKUSDT,2,development_2024_25,731,-0.0360199920662555,0.02118204461232088,-0.18344727932059257,0.21552235031922196,0.41107121143030856,0.3604081167350661,0.1776034490684149,267.89638117733233,0.08480974768710628,0.0002462008765142937,0.053579276235466475
adaptive42,LINKUSDT,2,reused_2026,267,0.11871109155547477,0.737237316549414,-0.23357877796187398,0.2490513696736036,0.4273499045183068,0.3761704119850187,0.24425245542715388,128.99524515923792,0.11807490887801536,0.04205415110915545,0.025799049031847588
adaptive42,LINKUSDT,2,year2024,366,0.02087853064105949,0.20188703814975048,-0.1500109202194212,0.21790034475750272,0.4333162568306011,0.3510644353369763,0.191318592759546,141.1921106988807,0.0605738655556281,0.01631069770092046,0.028238422139776145
adaptive42,LINKUSDT,2,year2025,365,-0.055734860710201506,-0.16387280971263954,-0.1300714287419339,0.2133902736882136,0.3887652207001522,0.369777397260274,0.16385072964114372,126.70427047845163,0.024235882131478183,-0.016064496824406187,0.025340854095690327
adaptive42,LINKUSDT,5,all,998,-0.04264252895760634,0.04005304851735377,-0.25529214770773756,0.22535541753025584,0.41542633272739826,0.36462508350033396,0.1954343052848678,396.8745957820659,0.20288281509128359,0.04230166785600207,0.19843729789103295
adaptive42,LINKUSDT,5,development_2024_25,731,-0.11046447552880623,-0.16410584209728526,-0.19985858642334975,0.2160176941688595,0.41107121143030856,0.3604081167350661,0.17760337659014844,267.885437886289,0.08480859168669039,0.00024724738002133984,0.13394271894314452
adaptive42,LINKUSDT,5,reused_2026,267,0.07624422488525084,0.5243040993921273,-0.25529214770773734,0.24946138096522993,0.4273499045183068,0.3761704119850187,0.24425231605580353,128.9891578957769,0.11807422340459325,0.04205442047598072,0.06449457894788846
adaptive42,LINKUSDT,5,year2024,366,-0.02146162952626518,0.008534956031804403,-0.16358949048406712,0.21840998055036748,0.4333162568306011,0.3510644353369763,0.19131851132743286,141.18608257258433,0.06057337235836906,0.016311212354519086,0.07059304128629217
adaptive42,LINKUSDT,5,year2025,365,-0.09095488607100066,-0.34069558543377365,-0.14466494246534467,0.21387386199783093,0.3887652207001522,0.369777397260274,0.16385066614125507,126.69935531370467,0.024235219328321324,-0.016063964974497743,0.06334967765685234
adaptive126,LINKUSDT,2,all,998,0.04835306516966065,0.18744427800596639,-0.23809712924245086,0.22460615987203014,0.41870894566911604,0.36751280338454684,0.19589167201860164,398.26766927544963,0.20417539686352978,0.01073342194431482,0.07965353385508993
adaptive126,LINKUSDT,2,development_2024_25,731,-0.055908021393047846,-0.024278005237576505,-0.19915098363035988,0.21792300109957535,0.4096842225262197,0.36764705882352944,0.1778293456193627,267.86917139335026,0.09756665477680004,-0.03459020512390616,0.053573834278670046
adaptive126,LINKUSDT,2,reused_2026,267,0.11043530601388074,0.7093644095907039,-0.23809712924245086,0.24226184264460082,0.44341708281315023,0.3671452351227632,0.24534320983824082,130.3984978820994,0.10660874208672977,0.04532362706822103,0.026079699576419882
adaptive126,LINKUSDT,2,year2024,366,0.02324041068864946,0.21251673888888287,-0.14991337247908532,0.2150618010064738,0.43121015482695807,0.3642133424408014,0.1896769604163652,140.8241096549549,0.06568879865575653,0.013133158585609123,0.02816482193099098
adaptive126,LINKUSDT,2,year2025,365,-0.07735076845570377,-0.2552982017372473,-0.13448284382870368,0.22101768046850664,0.38809931506849316,0.3710901826484019,0.16594927160373826,127.04506173839536,0.031877856121043505,-0.04772336370951529,0.025409012347679075
adaptive126,LINKUSDT,5,all,998,-0.06971415831775063,-0.006628291405621837,-0.2807156935468469,0.2250547291783293,0.41870894566911604,0.36751280338454684,0.1958915807415847,398.2502550712939,0.20417423539760304,0.010734487144022836,0.19912512753564698
adaptive126,LINKUSDT,5,development_2024_25,731,-0.12880954176538195,-0.20743995642205262,-0.21293430371505917,0.21839580463374753,0.4096842225262197,0.36764705882352944,0.1778292723636642,267.8581047804607,0.09756614774598019,-0.03458930855128138,0.13392905239023034
adaptive126,LINKUSDT,5,reused_2026,267,0.06783290942761622,0.4881428829893344,-0.259799687505028,0.24267232361895155,0.44341708281315023,0.3671452351227632,0.2453430692219588,130.39215029083326,0.10660808765162286,0.04532379569530426,0.06519607514541664
adaptive126,LINKUSDT,5,year2024,366,-0.019089394527160186,0.017024740199629847,-0.16354186075116905,0.21549458694335885,0.43121015482695807,0.3642133424408014,0.18967687817575277,140.8181806918834,0.06568883355854913,0.013133443977012327,0.07040909034594171
adaptive126,LINKUSDT,5,year2025,365,-0.11185539908127717,-0.4261713231083664,-0.14453910848435958,0.22153284034580656,0.38809931506849316,0.3710901826484019,0.16594920735756996,127.03992408857721,0.03187731418743103,-0.04772275252829373,0.06351996204428861
filtered_moe,LINKUSDT,2,all,998,-0.07420173756397108,-0.07164739108003593,-0.2667323469018472,0.17727702493647882,0.35152248942329106,0.3543788966822534,0.15311010214318643,214.15397456695223,0.13425650601206912,-0.11146543091248165,0.04283079491339044
filtered_moe,LINKUSDT,2,development_2024_25,731,-0.0472291680374074,-0.06365461544432169,-0.12543875328819298,0.16586680464480075,0.32496865025079796,0.3440492476060191,0.13248194108677078,130.62072180267938,0.09813945467187525,-0.078596340353825,0.02612414436053588
filtered_moe,LINKUSDT,2,reused_2026,267,-0.028309608797534858,-0.09029730740613193,-0.2474697825284401,0.20564602067884144,0.4242223262588431,0.382659696213067,0.20958645320026448,83.53325276427279,0.036117051340193954,-0.03286909055865661,0.016706650552854557
filtered_moe,LINKUSDT,2,year2024,366,0.028663986869604363,0.252815328155734,-0.09200962031239535,0.16370409078513382,0.3059350333940498,0.27139306314511236,0.12677566276569208,61.936279063694506,0.038717227002111304,0.018262329236947768,0.0123872558127389
filtered_moe,LINKUSDT,2,year2025,365,-0.07377837260344533,-0.3724735308936872,-0.1254387532881932,0.1681880425954896,0.34405441400304415,0.4169044901065449,0.13820385304708527,68.68444273898488,0.059422227669763926,-0.09685866959077277,0.013736888547796977
filtered_moe,LINKUSDT,5,all,998,-0.13181153836054926,-0.203631780240381,-0.28855703195952975,0.17752682009664308,0.35152248942329106,0.3543788966822534,0.15311005795308674,214.14750658752135,0.13425622741744267,-0.11146498026972251,0.10707375329376068
filtered_moe,LINKUSDT,5,development_2024_25,731,-0.08384329172936633,-0.18109105244420778,-0.13641635662529705,0.1661104631605061,0.32496865025079796,0.3440492476060191,0.1324819088627387,130.6170109829631,0.09813977805466828,-0.07859564053027121,0.06530850549148157
filtered_moe,LINKUSDT,5,reused_2026,267,-0.052358124104913584,-0.25625530285215636,-0.26094968522493556,0.2059115809057536,0.4242223262588431,0.382659696213067,0.20958637624913318,83.53049560455821,0.03611644936277436,-0.0328693397394513,0.0417652478022791
filtered_moe,LINKUSDT,5,year2024,366,0.009726594666117139,0.13965802787583878,-0.09856024722987644,0.16394487933130503,0.3059350333940498,0.27139306314511236,0.12677562833989375,61.93438957769399,0.038716725186501766,0.018262548384183244,0.030967194788846998
filtered_moe,LINKUSDT,5,year2025,365,-0.09266853709683931,-0.4939858364370711,-0.13237966869116136,0.16843316745417022,0.34405441400304415,0.4169044901065449,0.1382038230308518,68.68262140526915,0.0594230528681665,-0.09685818891445444,0.03434131070263457
kalman,LINKUSDT,2,all,998,0.18068467178003234,0.3468759273664651,-0.42287041332065844,0.32634498400429907,0.4690213518403435,0.4777332685114713,0.3434919214693658,957.0805434535582,0.40256393711621036,0.12791751568936818,0.19141610869071166
kalman,LINKUSDT,2,development_2024_25,731,0.043727135676470796,0.22571447409359977,-0.3046782342303801,0.32387394173432327,0.4631862056601805,0.4748362901598529,0.30846991958666464,619.4029813494028,0.148060708140423,0.14959407469925814,0.12388059626988057
kalman,LINKUSDT,2,reused_2026,267,0.13121967554747416,0.6684848506591612,-0.2924070573644142,0.3335649779234189,0.48499697677554626,0.48566469613331764,0.43937612887106836,337.6775621041554,0.25450322897578725,-0.021676559009889962,0.06753551242083108
kalman,LINKUSDT,2,year2024,366,0.19900590692703513,0.7285312697268466,-0.23126984660575212,0.3154711454270608,0.4685855485847989,0.47342075074732015,0.32442113161027575,320.5588325176521,0.22194783456718,0.0842955804173714,0.06411176650353043
kalman,LINKUSDT,2,year2025,365,-0.12950626043914482,-0.25293357064435495,-0.30467823423038076,0.3323161557112704,0.4577720700152207,0.47625570776255705,0.29247500561230383,298.84414883175066,-0.07388712642675699,0.06529849428188672,0.05976882976635014
kalman,LINKUSDT,5,all,998,-0.11400377170158205,0.02665802023507243,-0.49177130563258065,0.3280213958049193,0.4690213518403435,0.4777332685114713,0.343491606919802,957.0164862251916,0.40255315714175705,0.1279111215456776,0.4785082431125958
kalman,LINKUSDT,5,development_2024_25,731,-0.13327207000853702,-0.05899550630180151,-0.3310521208627559,0.3253265684922824,0.4631862056601805,0.4748362901598529,0.3084696775279857,619.3661052449932,0.14805467130639743,0.1495855027843667,0.3096830526224966
kalman,LINKUSDT,5,reused_2026,267,0.02223108041198718,0.2537595569416789,-0.3354620273794874,0.33587566368472027,0.48499697677554626,0.48566469613331764,0.4393756158539509,337.65038098019846,0.25449848583535967,-0.02167438123868913,0.16882519049009925
kalman,LINKUSDT,5,year2024,366,0.08906692668942084,0.42389696787855474,-0.24799165237759901,0.3170303352580464,0.4685855485847989,0.47342075074732015,0.3244208708612838,320.53957957544094,0.2219459822221596,0.08428746166920105,0.16026978978772047
kalman,LINKUSDT,5,year2025,365,-0.2041554942576691,-0.5190452217518704,-0.33105212086275626,0.3336791703285625,0.4577720700152207,0.47625570776255705,0.2924747822951442,298.8265256695522,-0.07389131091576212,0.06529804111516566,0.14941326283477613
trend_ensemble_long,LINKUSDT,2,all,998,0.14503871430002624,0.3604705875177755,-0.2898492115300194,0.18298910501530324,0.42609986475079464,0.0,0.12395324766579549,178.62060039873018,0.21855956204354487,0.0,0.035724120079746034
trend_ensemble_long,LINKUSDT,2,development_2024_25,731,0.0739377205488505,0.2934163170676486,-0.1591429659455924,0.16952503920454629,0.4251453488372093,0.0,0.10787738039748374,109.03221194987914,0.12577510883920268,0.0,0.02180644238997583
trend_ensemble_long,LINKUSDT,2,reused_2026,267,0.06620588176643816,0.5111289783134114,-0.1999963013268733,0.21593744278057722,0.4287131648737568,0.0,0.16796620262136064,69.58838844885103,0.09278445320434212,0.0,0.01391767768977021
trend_ensemble_long,LINKUSDT,2,year2024,366,0.08591700794102208,0.5463800142569251,-0.12226120314148126,0.17912372633491128,0.4787682149362477,0.0,0.1189960324169192,61.0827420816026,0.11312609857847682,0.0,0.01221654841632052
trend_ensemble_long,LINKUSDT,2,year2025,365,-0.011031494400190134,0.00928579349301047,-0.15914296594559307,0.15952789033081516,0.3713755707762557,0.0,0.09672826631772105,47.94946986827654,0.012649010260725912,0.0,0.009589893973655308
trend_ensemble_long,LINKUSDT,5,all,998,0.08529404908324367,0.25328799099485916,-0.3052839773769297,0.1832018475914474,0.42609986475079464,0.0,0.12395320393448575,178.61433364548915,0.21855781139736058,0.0,0.08930716682274456
trend_ensemble_long,LINKUSDT,5,development_2024_25,731,0.039377165622694,0.1970415312029985,-0.16380929486801554,0.16972760372464368,0.4251453488372093,0.0,0.10787734954677232,109.02880916071946,0.12577453536592675,0.0,0.05451440458035972
trend_ensemble_long,LINKUSDT,5,reused_2026,267,0.04417730635157757,0.37876970805195964,-0.2128121131881756,0.2161829283630981,0.4287131648737568,0.0,0.16796612362519178,69.58552448476968,0.09278327603143369,0.0,0.03479276224238484
trend_ensemble_long,LINKUSDT,5,year2024,366,0.06619857757490655,0.4440754151617413,-0.1292067218429177,0.17930660291585387,0.4787682149362477,0.0,0.11899599639133633,61.080843174973324,0.113125759870908,0.0,0.030540421587486658
trend_ensemble_long,LINKUSDT,5,year2025,365,-0.025156113050930462,-0.08053117735950859,-0.16380929486801687,0.15975684774226204,0.3713755707762557,0.0,0.09672824065605881,47.94796598574614,0.012648775495018773,0.0,0.02397398299287307
regime_gate_long,LINKUSDT,2,all,998,0.07938984089915913,0.24832325518443654,-0.2539672903073724,0.16907016652912235,0.45917702856351494,0.0,0.11644347399703832,189.2140793281199,0.15759299433417925,0.0,0.037842815865623984
regime_gate_long,LINKUSDT,2,development_2024_25,731,-0.0032022691969442185,0.06640173771869612,-0.14068032587533164,0.15537579611679275,0.46794250645994834,0.0,0.10191727165726863,120.3516858004171,0.05114126409801885,0.0,0.024070337160083423
regime_gate_long,LINKUSDT,2,reused_2026,267,0.08285744193013245,0.6366251723989954,-0.1713981127871469,0.20213209896117174,0.4351786602403209,0.0,0.1562137133617261,68.8623935277028,0.10645173023616039,0.0,0.013772478705540565
regime_gate_long,LINKUSDT,2,year2024,366,0.017466270217474378,0.18655897191439674,-0.10092060301092998,0.160654822207695,0.48823618700667887,0.0,0.1112812314193296,67.23907800987038,0.04721602419314942,0.0,0.013447815601974077
regime_gate_long,LINKUSDT,2,year2025,365,-0.020313734243004422,-0.0625609289629809,-0.14068032587533186,0.15010966910263707,0.4475932267884323,0.0,0.09252765721092805,53.11260779054672,0.0039252399048694125,0.0,0.010622521558109345
regime_gate_long,LINKUSDT,5,all,998,0.01982435058893217,0.125561955884869,-0.27042284148091034,0.16917326359295046,0.45917702856351494,0.0,0.1164434282983159,189.20774185045593,0.15759104903907595,0.0,0.09460387092522797
regime_gate_long,LINKUSDT,5,development_2024_25,731,-0.03855088508902549,-0.049520507532465646,-0.14784737478911858,0.15544784633830513,0.46794250645994834,0.0,0.10191723850965885,120.34808738274127,0.05114014215389985,0.0,0.06017404369137065
regime_gate_long,LINKUSDT,5,reused_2026,267,0.06071588685519025,0.4966186950710872,-0.1847764154168947,0.2023148077529852,0.4351786602403209,0.0,0.15621363330021962,68.85965446771465,0.10645090688517603,0.0,0.03442982723385733
regime_gate_long,LINKUSDT,5,year2024,366,-0.0028525763385168768,0.06139377451813516,-0.10707113797837176,0.16072738020343538,0.48823618700667887,0.0,0.11128119384631771,67.23700579329318,0.04721620759294305,0.0,0.0336185028966466
regime_gate_long,LINKUSDT,5,year2025,365,-0.03580043221635787,-0.16853793323313046,-0.14554944327996344,0.15018279415240468,0.4475932267884323,0.0,0.0925276285008448,53.11108158944809,0.003923934560956757,0.0,0.026555540794724046
expanding_tree,LINKUSDT,2,all,998,0.030738594917303796,0.16705782096091085,-0.3652999630923699,0.24288536650382436,0.6391080772656423,0.19799090534921954,0.19987337852844989,327.5243430277723,0.28631971274179324,-0.0866531760095309,0.06550486860555448
expanding_tree,LINKUSDT,2,development_2024_25,731,0.2105760857224701,0.5140930927504286,-0.2683465356557536,0.24354429016457688,0.6898227314181486,0.17692974571186007,0.20549146149166872,216.703771060485,0.3284278427526398,-0.009996229650111335,0.043340754212097
expanding_tree,LINKUSDT,2,reused_2026,267,-0.14855529770178788,-0.7926783158256633,-0.24642387769663232,0.24110973012732265,0.5002600915522263,0.25565273192191523,0.18449203528458097,110.82057196728735,-0.04210813001084643,-0.07665694635941954,0.02216411439345747
expanding_tree,LINKUSDT,2,year2024,366,-0.03250633245379564,-0.007261614223298418,-0.2683465356557536,0.24932946853549004,0.6732316332726168,0.21813017517860583,0.23312315878035839,120.10049207511423,0.09443991694699261,-0.06895644411454897,0.024020098415022846
expanding_tree,LINKUSDT,2,year2025,365,0.25124962191512923,1.0622904813963887,-0.17794500544150005,0.23775737405822708,0.706459284627093,0.13561643835616438,0.17778406092273608,96.60327898537076,0.23398792580564717,0.05896021446443765,0.019320655797074156
expanding_tree,LINKUSDT,5,all,998,-0.06572474355519098,0.01917348628753694,-0.3857188141237494,0.24294969278231549,0.6391080772656423,0.19799090534921954,0.1998733096788813,327.51194589610174,0.2863220172657875,-0.08665209302291595,0.1637559729480509
expanding_tree,LINKUSDT,5,development_2024_25,731,0.13437701158198423,0.380755874190919,-0.2846285566497406,0.24360151528962878,0.6898227314181486,0.17692974571186007,0.20549139851395523,216.69581789179264,0.3284299155423164,-0.009995545212287862,0.10834790894589634
expanding_tree,LINKUSDT,5,reused_2026,267,-0.1763979286376035,-0.980802569381727,-0.2630033052803237,0.24115904704391725,0.5002600915522263,0.25565273192191523,0.18449195035888488,110.81612800430909,-0.04210789827652886,-0.0766565478106281,0.05540806400215454
expanding_tree,LINKUSDT,5,year2024,366,-0.0667456561047658,-0.15111739871852142,-0.2846285566497406,0.24947099718100998,0.6732316332726168,0.21813017517860583,0.2331230807908614,120.09574178557703,0.09444169946782742,-0.06895635100230829,0.06004787089278853
expanding_tree,LINKUSDT,5,year2025,365,0.21550681119500759,0.940460078292365,-0.18581370098806604,0.23771580759707014,0.706459284627093,0.13561643835616438,0.1777840129979342,96.60007610621562,0.233988216074489,0.058960805790020415,0.048300038053107806
rolling_tree,LINKUSDT,2,all,998,-0.34622462378770846,-0.3890128784774787,-0.49670172221381925,0.29004285618686226,0.48812903584947664,0.43457805807123345,0.2908618540218259,436.40140536653223,0.041263218786477485,-0.2299145448246855,0.08728028107330646
rolling_tree,LINKUSDT,2,development_2024_25,731,0.12150180613610084,0.3459252261294871,-0.24237444341497305,0.27837684263207857,0.5847820717434261,0.32518792637115346,0.25540947904903516,275.1633935218947,0.20467815470474646,0.07736108413221279,0.05503267870437895
rolling_tree,LINKUSDT,2,reused_2026,267,-0.41705365730552224,-2.152276720695616,-0.4226113387942394,0.3184473333072941,0.2235096754057428,0.734069392426134,0.3879243487975187,161.23801184463747,-0.16341493591826903,-0.3072756289568984,0.03224760236892749
rolling_tree,LINKUSDT,2,year2024,366,-0.0801064230889893,-0.20799496892462643,-0.24061394246967727,0.2500504128468233,0.6836008652094716,0.22479473818938034,0.25745535352622495,121.86219351528078,0.02280171675688101,-0.04395354515746164,0.02437243870305616
rolling_tree,LINKUSDT,2,year2025,365,0.2191647319705059,0.805177732397455,-0.24237444341497316,0.30429392476341777,0.4856925418569254,0.42585616438356166,0.25335799943629156,153.30120000661395,0.18187643794786545,0.12131462928967442,0.03066024000132279
rolling_tree,LINKUSDT,5,all,998,-0.4264533812287892,-0.5542010924184783,-0.5319041997574112,0.2899763417988602,0.4881255566688933,0.43457805807123345,0.2908617336598343,436.38044315315176,0.041262153178071026,-0.22991181006609462,0.21819022157657592
rolling_tree,LINKUSDT,5,development_2024_25,731,0.03263850204330421,0.19786882584285542,-0.2545547926637566,0.27841499068454334,0.5847773217814257,0.32518792637115346,0.25540938787322126,275.1509340350923,0.20467780821578405,0.07736222246150243,0.13757546701754614
rolling_tree,LINKUSDT,5,reused_2026,267,-0.444581411949756,-2.36322824381153,-0.44948779168668995,0.3180032804419949,0.2235096754057428,0.734069392426134,0.387924148528801,161.22950911805953,-0.1634156550377129,-0.307274032527597,0.08061475455902978
rolling_tree,LINKUSDT,5,year2024,366,-0.11313005062490566,-0.35348803889558633,-0.24655396052190248,0.2501580917113536,0.6836008652094716,0.22479473818938034,0.25745527464092094,121.85729876478739,0.022803611103315892,-0.04395380737527033,0.0609286493823937
rolling_tree,LINKUSDT,5,year2025,365,0.16436294044118038,0.6539873057718064,-0.254554792663756,0.30428784296800504,0.48568302891933024,0.42585616438356166,0.25335789593629504,153.2936352703049,0.18187419711246813,0.1213160298367728,0.07664681763515244
action_tcn,LINKUSDT,2,all,998,-0.08565412056556432,0.0416904831648778,-0.38886076494027955,0.3005552780848379,0.564178104563754,0.38277019825558983,0.3244564087251571,658.3369578335177,0.10812285780050065,0.09198148706950361,0.13166739156670354
action_tcn,LINKUSDT,2,development_2024_25,731,-0.1192905032888506,-0.04935820448636468,-0.2998191661229628,0.30970946736618077,0.5794193646450829,0.3627435257521424,0.30336926586529384,453.4095643950402,0.10229883204770128,-0.009684721934375112,0.09068191287900804
action_tcn,LINKUSDT,2,reused_2026,267,0.038192369730194464,0.3231557740209399,-0.1503931472918184,0.274444865065262,0.5224501602961454,0.437599777281882,0.38218937288455784,204.9273934384775,0.005824025752799354,0.10166620900387875,0.04098547868769551
action_tcn,LINKUSDT,2,year2024,366,0.013926760690256446,0.18470777056020238,-0.2998191661229628,0.26820657840300677,0.6659077109896783,0.25728283422080905,0.27892061855215783,155.51845364211454,0.061530709504425234,0.02731645191835848,0.03110369072842291
action_tcn,LINKUSDT,2,year2025,365,-0.1313874622348601,-0.23157587154495726,-0.2891207865115921,0.34671510472735095,0.4926940639269406,0.4684931506849315,0.32788489577380825,297.8911107529257,0.04076812254327603,-0.03700117385273359,0.05957822215058514
action_tcn,LINKUSDT,5,all,998,-0.24952924704311563,-0.19806571809735446,-0.44481796223814196,0.3008668794720322,0.564178104563754,0.38277019825558983,0.3244562257899521,658.3011448571169,0.10813115298601629,0.09198150031907051,0.3291505724285585
action_tcn,LINKUSDT,5,development_2024_25,731,-0.23130058183027902,-0.2679319136284123,-0.34919447560979455,0.31005855629423656,0.5794193646450829,0.3627435257521424,0.30336910519828825,453.38477621042955,0.10230788239540989,-0.009684825060616534,0.2266923881052148
action_tcn,LINKUSDT,5,reused_2026,267,-0.023713645128337735,0.017117721202475594,-0.15539968137782445,0.2746541453191449,0.5224501602961454,0.437599777281882,0.3821891289828595,204.91636864668743,0.005823270590606451,0.10166632537968694,0.1024581843233437
action_tcn,LINKUSDT,5,year2024,366,-0.03229318585720198,0.011181554517164708,-0.3242834659614745,0.26815251931466827,0.6659077109896783,0.25728283422080905,0.2789205239559776,155.51217734264827,0.06153574111686639,0.027315919793385334,0.07775608867132414
action_tcn,LINKUSDT,5,year2025,365,-0.20564843924278642,-0.4876352283861795,-0.3194213569846891,0.34735665737198107,0.4926940639269406,0.4684931506849315,0.32788466885496137,297.8725988677813,0.04077214127854347,-0.037000744854001816,0.14893629943389064
vol_long,LINKUSDT,2,all,998,0.057553012894685285,0.2735954098668228,-0.5430779117263189,0.4609908815637436,1.0,0.0,0.5756863213219174,6.346807608831432,0.4003252918802801,0.0,0.0012693615217662863
vol_long,LINKUSDT,2,development_2024_25,731,-0.05621603519218499,0.16639549724964114,-0.399756090804151,0.46047818870962365,1.0,0.0,0.5175713285904876,3.917284366815217,0.2047517668759646,0.0,0.0007834568733630435
vol_long,LINKUSDT,2,reused_2026,267,0.12054564638639054,0.5649099186206203,-0.38152405307491344,0.4631836209193643,1.0,0.0,0.734795159099727,2.4295232420162143,0.1955735250043158,0.0,0.00048590464840324294
vol_long,LINKUSDT,2,year2024,366,0.09931029669514313,0.4338164733677155,-0.399756090804151,0.47650156478818356,1.0,0.0,0.5477650822177678,2.479389240531232,0.2224052661601403,0.0,0.0004958778481062465
vol_long,LINKUSDT,2,year2025,365,-0.14147628049594885,-0.12112950321151121,-0.34139250449309755,0.44438102228799875,1.0,0.0,0.4872948523505298,1.4378951262839847,-0.01765349928417574,0.0,0.00028757902525679697
vol_long,LINKUSDT,5,all,998,0.055541180359660824,0.2720839690154713,-0.5433101230590438,0.46098702810362674,1.0,0.0,0.5756863177788011,6.346594820580543,0.40032422772319065,0.0,0.0031732974102902716
vol_long,LINKUSDT,5,development_2024_25,731,-0.057324494705187634,0.1651223509098128,-0.3999351023664154,0.4604789762526484,1.0,0.0,0.5175713256662997,3.917114921855375,0.2047513101259049,0.0,0.0019585574609276876
vol_long,LINKUSDT,5,reused_2026,267,0.11972908432530827,0.5627628929007104,-0.38172592274253014,0.4631674326970306,1.0,0.0,0.7347951538620916,2.4294798987251673,0.1955729175972858,0.0,0.0012147399493625836
vol_long,LINKUSDT,5,year2024,366,0.09849290815230072,0.4322602004856889,-0.3999351023664154,0.4765039373447541,1.0,0.0,0.547765078512214,2.4792986635220964,0.2224048367057307,0.0,0.001239649331761048
vol_long,LINKUSDT,5,year2025,365,-0.1418465260004078,-0.12210022292777069,-0.34144885860302376,0.4443803571231477,1.0,0.0,0.4872948502098487,1.4378162583332785,-0.017653526579825746,0.0,0.0007189081291666394
hold,LINKUSDT,2,all,998,-0.12178135573209714,0.3641587597382784,-0.7540075879276953,0.8509983619674922,1.0,0.0,0.9999999993018879,1.9991185315867486,1.088654135786423,0.0,0.00039982370631734977
hold,LINKUSDT,2,development_2024_25,731,-0.18789958804728757,0.3368805788939907,-0.6268585295826629,0.914035585509241,1.0,0.0,0.9999999990468935,0.9998000399920016,0.8451191315880846,0.0,0.00019996000799840034
hold,LINKUSDT,2,reused_2026,267,0.08141632653061737,0.4856287135986016,-0.4897915780518992,0.649288275773279,1.0,0.0,1.000000000000018,0.9993184915947471,0.2435350041983385,0.0,0.00019986369831894943
hold,LINKUSDT,2,year2024,366,0.33133615604288225,0.7545911760070398,-0.5632861816338823,0.9162651806724287,1.0,0.0,0.9999999980963847,0.9998000399920016,0.7515983341830663,0.0,0.00019996000799840034
hold,LINKUSDT,2,year2025,365,-0.39001099890014856,-0.08395128143713229,-0.5904025813229253,0.9126077386248493,1.0,0.0,1.0000000000000064,0.0,0.09352079740501798,0.0,0.0
hold,LINKUSDT,5,all,998,-0.12230812893938481,0.3638934400546368,-0.75400758792769,0.8509843617385292,1.0,0.0,0.9999999982552319,1.998818741469801,1.0886537366250952,0.0,0.0009994093707349006
hold,LINKUSDT,5,development_2024_25,731,-0.18814309641667315,0.3367130844370171,-0.6268585295826603,0.9140296595539752,1.0,0.0,0.999999997617946,0.9995002498750626,0.8451187324267604,0.0,0.0004997501249375313
hold,LINKUSDT,5,reused_2026,267,0.08109183673466647,0.48498780987035633,-0.48979157805190665,0.6492423987376881,1.0,0.0,1.0000000000000113,0.9993184915947384,0.24353500419833474,0.0,0.0004996592457973693
hold,LINKUSDT,5,year2024,366,0.3309369547966483,0.75426254887912,-0.5632861816338941,0.916253713657101,1.0,0.0,0.9999999952423881,0.9995002498750626,0.7515979350217376,0.0,0.0004997501249375313
hold,LINKUSDT,5,year2025,365,-0.3900109989001176,-0.08395128143707113,-0.5904025813229232,0.9126077386248529,1.0,0.0,1.0000000000000118,0.0,0.09352079740502289,0.0,0.0
trend24,LTCUSDT,2,all,998,-0.47015733039518925,-0.6055720278097606,-0.5859629125192625,0.30628590075128787,0.4852169374560193,0.4571817488053924,0.37759596499616027,1089.114727467596,-0.03314310638368971,-0.20518461158426682,0.21782294549351922
trend24,LTCUSDT,2,development_2024_25,731,-0.4168614932997644,-0.7292661156772466,-0.4608169117198442,0.3051043028556741,0.48552289369141494,0.4479348886463264,0.343166967691766,710.5218551662101,-0.08393552149515446,-0.16951122513219008,0.14210437103324203
trend24,LTCUSDT,2,reused_2026,267,-0.09139481698268459,-0.27132034920528436,-0.30927970986607123,0.31001245618175505,0.4843792819950671,0.48249805882890295,0.4718566280280412,378.59287230138597,0.05079241511146479,-0.03567338645207681,0.0757185744602772
trend24,LTCUSDT,2,year2024,366,-0.13087792128636622,-0.32998358692363894,-0.3183220126249412,0.29452034215423417,0.4968139397680082,0.43989864371711634,0.3749327550463946,393.37686354546827,0.03866093885708319,-0.039389206255207185,0.07867537270909364
trend24,LTCUSDT,2,year2025,365,-0.3290487942000909,-1.1030706105370467,-0.46081691171984385,0.3156288519670385,0.47420091324200914,0.4559931506849315,0.3113141507827413,317.14499162074185,-0.12259646035223762,-0.13012201887698288,0.06342899832414836
trend24,LTCUSDT,5,all,998,-0.6178437530529803,-0.9893722210402489,-0.6831050112993402,0.3077090405016432,0.4852169374560193,0.4571817488053924,0.37759555678628515,1089.033907492621,-0.03314863374155967,-0.20518611748631493,0.5445169537463105
trend24,LTCUSDT,5,development_2024_25,731,-0.5288114896693659,-1.071796842530103,-0.559315837688756,0.30642903527005516,0.48552289369141494,0.4479348886463264,0.34316663010055465,710.4721928378514,-0.08393736290064056,-0.1695157331550437,0.35523609641892573
trend24,LTCUSDT,5,reused_2026,267,-0.1889525347745432,-0.7658807989399534,-0.3401326517641582,0.3117402057901208,0.4843792819950671,0.48249805882890295,0.47185602647643105,378.5617146547696,0.05078872915908092,-0.035670384331271204,0.18928085732738475
trend24,LTCUSDT,5,year2024,366,-0.22762931899289185,-0.72420722036467,-0.3546828154622269,0.2960063811953938,0.4968139397680082,0.43989864371711634,0.37493234282953586,393.34710599968423,0.03865977671896918,-0.03939285901363855,0.19667355299984213
trend24,LTCUSDT,5,year2025,365,-0.3899451106608014,-1.3976014198428601,-0.5062699060915088,0.31682987185643263,0.47420091324200914,0.4559931506849315,0.31131388802163107,317.12508683816714,-0.1225971396196098,-0.13012287414140514,0.15856254341908357
trend72,LTCUSDT,2,all,998,-0.4361268666260386,-0.5483457061182785,-0.7085930428971714,0.30022988311571924,0.47998427410376304,0.46515252727677586,0.3823982420514683,573.5110312203079,0.09345304533963356,-0.38492770692935796,0.11470220624406158
trend72,LTCUSDT,2,development_2024_25,731,-0.332344504218252,-0.5376174085885499,-0.5326699216409232,0.29442136442432737,0.49116032071743426,0.448999658002736,0.35056893724979393,373.2704346204221,0.10357450027642634,-0.30455506602720783,0.07465408692408443
trend72,LTCUSDT,2,reused_2026,267,-0.1554429837895206,-0.5756574355500379,-0.40726804844518205,0.31615637750026954,0.44938618393674573,0.5093763004577612,0.46954139489799995,200.24059659988575,-0.010121454936792729,-0.08037264090215016,0.04004811931997715
trend72,LTCUSDT,2,year2024,366,0.2850678151995847,0.9885781204180594,-0.2127352686623062,0.2970991360531082,0.5240683819064966,0.4344736642380086,0.3953293577654437,197.07589620857428,0.2584968345754265,0.08890732826676113,0.03941517924171485
trend72,LTCUSDT,2,year2025,365,-0.4804511576083206,-2.107340597350392,-0.5326699216409225,0.2901838183136053,0.45816210045662104,0.4635654490106545,0.30568588544506015,176.19453841184784,-0.15492233429900015,-0.39346239429396895,0.03523890768236958
trend72,LTCUSDT,5,all,998,-0.5252587408566685,-0.7554996611005348,-0.7365647898468727,0.3008803293077858,0.47998427410376304,0.46515252727677586,0.38239804761161816,573.4810016486106,0.0934564026803672,-0.3849336925745715,0.2867405008243053
trend72,LTCUSDT,5,development_2024_25,731,-0.40307747831222596,-0.7253009239870303,-0.5561052634133312,0.2950266010369315,0.49116032071743426,0.448999658002736,0.3505687773716538,373.25142504195503,0.10357763239783774,-0.30456075290357043,0.18662571252097754
trend72,LTCUSDT,5,reused_2026,267,-0.20468529516859169,-0.8324392803415528,-0.4340913406020702,0.31691859631469166,0.44938618393674573,0.5093763004577612,0.46954110583414244,200.22957660665548,-0.010121229717470481,-0.080372939671001,0.10011478830332773
trend72,LTCUSDT,5,year2024,366,0.21129076597930618,0.7887902230312211,-0.22513887100239682,0.29783579681025446,0.5240683819064966,0.4344736642380086,0.3953291667398172,197.0650506152481,0.2584989459723634,0.08890029330253829,0.09853252530762405
trend72,LTCUSDT,5,year2025,365,-0.5072012943108872,-2.2846905569539526,-0.5561052634133298,0.29068531576487383,0.45816210045662104,0.4635654490106545,0.30568575679974197,176.18637442670695,-0.1549213135745256,-0.39346104620610867,0.08809318721335349
trend168,LTCUSDT,2,all,998,-0.12220120957665104,-0.02551961545648817,-0.4565153837316902,0.28618676052807773,0.4581002282342463,0.4802939211756847,0.3757817601251271,339.236212306677,0.16614020719638947,-0.08543052744023605,0.06784724246133542
trend168,LTCUSDT,2,development_2024_25,731,-0.38208114396716997,-0.7446631921113703,-0.4249261677581886,0.2729533759329846,0.45758758929928567,0.47514819881440956,0.34173871185621124,223.76197174566346,0.031900027466093044,-0.3643853308530559,0.044752394349132696
trend168,LTCUSDT,2,reused_2026,267,0.42057291479823555,1.6615461002470593,-0.2358863951204332,0.31849103297942716,0.45950374531835203,0.4943820224719101,0.4689857611909603,115.47424056101354,0.13424017973029645,0.2789548034128198,0.02309484811220271
trend168,LTCUSDT,2,year2024,366,-0.18948080560864644,-0.5519345398895967,-0.3365596119713533,0.29917022493760675,0.4795176836672739,0.4631052671523983,0.3804677934208097,125.21042762875899,0.05555556189268805,-0.1817683173779181,0.025042085525751805
trend168,LTCUSDT,2,year2025,365,-0.2376258818930902,-0.9887222833668502,-0.29980896210828456,0.2442533865296705,0.4355974124809741,0.4872241248097412,0.302903523218833,98.55154411690445,-0.023655534426595022,-0.18261701347513792,0.01971030882338089
trend168,LTCUSDT,5,all,998,-0.2071422416933073,-0.15519169222724913,-0.4975466842002775,0.28641790018239455,0.4581002282342463,0.4802939211756847,0.375781653703333,339.22262018869935,0.16613975411608678,-0.08543974556142833,0.16961131009434968
trend168,LTCUSDT,5,development_2024_25,731,-0.42220062321952445,-0.8664618625872731,-0.45796885495716866,0.27317071879008054,0.45758758929928567,0.47514819881440956,0.3417386231712238,223.7532078703473,0.03189993945835022,-0.3643944913238888,0.11187660393517365
trend168,LTCUSDT,5,reused_2026,267,0.37220251555917505,1.5114289810072647,-0.24844845524387538,0.31882192934532555,0.45950374531835203,0.4943820224719101,0.46898560620884533,115.46941231835206,0.13423981465773654,0.2789547457624606,0.05773470615917603
trend168,LTCUSDT,5,year2024,366,-0.21936258038102052,-0.676306813733389,-0.3546226053439713,0.29940285535623695,0.4795176836672739,0.4631052671523983,0.3804676812915142,125.2051842586498,0.055554855779238514,-0.18177815668468666,0.0626025921293249
trend168,LTCUSDT,5,year2025,365,-0.2598364333309904,-1.1085322002902622,-0.31959957856606114,0.2444579756068181,0.4355974124809741,0.4872241248097412,0.3029034580423846,98.54802361169752,-0.023654916320888356,-0.1826163346392021,0.049274011805848755
trend336,LTCUSDT,2,all,998,-0.22940751216832234,-0.189607824543839,-0.3919235786406111,0.28687142212655015,0.4600276942774438,0.48260061790247155,0.3724028336996654,228.48245023696654,-0.024566756577922635,-0.03970934157366912,0.04569649004739331
trend336,LTCUSDT,2,development_2024_25,731,-0.3660737533204552,-0.6465385966682167,-0.37449366042551624,0.2878032627395035,0.4502203982368141,0.48696135430916554,0.34291404524478897,146.91554281150334,-0.07411467079265116,-0.2352883351089717,0.029383108562300673
trend336,LTCUSDT,2,reused_2026,267,0.21558697382854808,1.077989529887366,-0.16610965912017095,0.28398410676641395,0.4868783811901789,0.47066167290886396,0.4531380560236902,81.56690742546317,0.04954791421472848,0.19557899353530264,0.016313381485092638
trend336,LTCUSDT,2,year2024,366,-0.1624822615414896,-0.42972412993854625,-0.30544409831676045,0.3045107198407981,0.4704102155434123,0.4662074984820887,0.3719196834745758,84.80788452157343,0.016117492514735085,-0.12492118147251882,0.016961576904314685
trend336,LTCUSDT,2,year2025,365,-0.24308916985291062,-0.8929147347312322,-0.3394716749923127,0.2704037801307445,0.4299752663622527,0.5077720700152206,0.3138289395130027,62.10765828992992,-0.09023216330738626,-0.11036715363645291,0.012421531657985985
trend336,LTCUSDT,5,all,998,-0.2804590472486005,-0.2767302790817309,-0.4190637905706519,0.28699114064262765,0.4600276942774438,0.48260061790247155,0.37240276232440417,228.47444235209164,-0.024566188848002282,-0.03970992932411076,0.11423722117604582
trend336,LTCUSDT,5,development_2024_25,731,-0.39340769125384534,-0.7225778025107661,-0.40110994481301443,0.2879095007667671,0.4502203982368141,0.48696135430916554,0.34291398545483803,146.91054486540986,-0.07411315966165215,-0.23528869152146697,0.07345527243270493
trend336,LTCUSDT,5,reused_2026,267,0.18620190592049046,0.9596491288145426,-0.17655157487096096,0.2841814146562907,0.4868783811901789,0.47066167290886396,0.45313795292984554,81.56389748668178,0.049546970813649935,0.19557876219735623,0.040781948743340894
trend336,LTCUSDT,5,year2024,366,-0.18352243809577862,-0.5126438891778305,-0.3208179147584338,0.30464355138751753,0.4704102155434123,0.4662074984820887,0.3719196096877968,84.80470792626755,0.01611953018024763,-0.12492232663516184,0.042402353963133785
trend336,LTCUSDT,5,year2025,365,-0.2570618752443885,-0.9613960774643572,-0.34529446351685544,0.2704842169288241,0.4299752663622527,0.5077720700152206,0.31382889375822737,62.105836939142286,-0.09023268984189975,-0.11036636488630515,0.031052918469571148
trend_ensemble,LTCUSDT,2,all,998,-0.4209374630899315,-0.6748172044160857,-0.5650113231689511,0.24994660213592834,0.4441110128697193,0.44840666136764434,0.2692688751423528,516.4699386798723,-0.052059182131204904,-0.26760578528744267,0.10329398773597447
trend_ensemble,LTCUSDT,2,development_2024_25,731,-0.4065431851145954,-0.9427732609058525,-0.4414952450323135,0.24442954351958282,0.45174591390725316,0.4290015401131147,0.2426635252962746,335.34389538200116,-0.10460188274098853,-0.2535014672664808,0.06706877907640024
trend_ensemble,LTCUSDT,2,reused_2026,267,-0.024254971236812084,0.0017246451631223838,-0.29741652879791847,0.26473765517320863,0.42320796920516024,0.5015345401581357,0.34210973932768307,181.12604329787115,0.05254270060978358,-0.014104318020961772,0.03622520865957424
trend_ensemble,LTCUSDT,2,year2024,366,-0.03544774023108932,-0.02971150658613042,-0.20458902249719124,0.2419871501259904,0.485799595505713,0.4052902648464424,0.26764445326212216,185.38489365742066,0.062073200645788994,-0.02213841446015645,0.037076978731484134
trend_ensemble,LTCUSDT,2,year2025,365,-0.3847333735679731,-1.8420530622440108,-0.44149524503231263,0.24662976924031785,0.41759893455098934,0.4527777777777778,0.2176141564318905,149.9590017245805,-0.1666750833867775,-0.23136305280632435,0.0299918003449161
trend_ensemble,LTCUSDT,5,all,998,-0.5040549551035034,-0.8989973584563618,-0.6139054710702063,0.25046517808502905,0.4441110128697193,0.44840666136764434,0.26926872811189956,516.4478012470355,-0.052058824285388286,-0.26761013612129625,0.25822390062351774
trend_ensemble,LTCUSDT,5,development_2024_25,731,-0.4633433461413343,-1.1452080512648808,-0.487944624565381,0.24493999457648194,0.45174591390725316,0.4290015401131147,0.24266340610891168,335.3301897964851,-0.10460038332782845,-0.25350591620433194,0.16766509489824255
trend_ensemble,LTCUSDT,5,reused_2026,267,-0.07586155630316815,-0.2776161085289536,-0.3155132129558399,0.2653193060449746,0.42320796920516024,0.5015345401581357,0.3421095160676453,181.11761145055038,0.052541559042440164,-0.01410421991696438,0.0905588057252752
trend_ensemble,LTCUSDT,5,year2024,366,-0.0876287807369368,-0.2576380280793025,-0.21649829178081348,0.24257880972616827,0.485799595505713,0.4052902648464424,0.2676443056635956,185.37695228126324,0.06207471828029109,-0.022144015404599218,0.09268847614063164
trend_ensemble,LTCUSDT,5,year2025,365,-0.41180010665819644,-2.0199856979114643,-0.4652378359035575,0.24708802096026677,0.41759893455098934,0.4527777777777778,0.21761406573352998,149.95323751522184,-0.16667510160811952,-0.23136190079973273,0.07497661875761091
breakout,LTCUSDT,2,all,998,-0.3780183014809978,-0.508056568885131,-0.5476058636786016,0.2708098621480883,0.479028651088472,0.4493628541442157,0.33608459392266166,807.9712734946827,0.0004032318136076435,-0.19372986800032022,0.16159425469893657
breakout,LTCUSDT,2,development_2024_25,731,-0.3419849943778812,-0.6545111359354985,-0.40928833660465724,0.265965450247575,0.4934893743846564,0.4297227399184291,0.3051583000178231,526.6729741013344,-0.0367702064191433,-0.18793155267007067,0.10533459482026689
breakout,LTCUSDT,2,reused_2026,267,-0.054760616088154856,-0.13263555828549942,-0.27084564090403984,0.2840995298648221,0.43943768206408657,0.5031341032043279,0.4207554585085678,281.2982993933483,0.03717343823275093,-0.005798315330249645,0.05625965987866966
breakout,LTCUSDT,2,year2024,366,-0.1069027505175727,-0.28498184990560166,-0.2819017363992844,0.2701754815924531,0.5207321172060276,0.4176217079305844,0.33842003539089743,294.6257665081307,0.06526316363811878,-0.06986229757015605,0.058925153301626135
breakout,LTCUSDT,2,year2025,365,-0.26322132779665874,-1.036182385025731,-0.3789409664296387,0.26194767643444317,0.46617199391171993,0.44185692541856925,0.27180543660263085,232.04720759320372,-0.1020333700572621,-0.11806925509991462,0.04640944151864075
breakout,LTCUSDT,5,all,998,-0.5119049212317586,-0.8317286625976575,-0.6401755323187608,0.2716607864195135,0.479028651088472,0.4493628541442157,0.33608428753653014,807.9261422378552,0.0004075020814943292,-0.193733191970493,0.4039630711189276
breakout,LTCUSDT,5,development_2024_25,731,-0.43815825931502417,-0.947133821744747,-0.49442078751727214,0.26679451713814223,0.4934893743846564,0.4297227399184291,0.30515804973188354,526.6448242133762,-0.03676582384211785,-0.18793588843947073,0.26332241210668805
breakout,LTCUSDT,5,reused_2026,267,-0.13125878085673193,-0.5358296582172477,-0.31590964901511376,0.28504010530011054,0.43943768206408657,0.5031341032043279,0.4207549985297758,281.281318024479,0.03717332592361225,-0.005797303531022181,0.14064065901223954
breakout,LTCUSDT,5,year2024,366,-0.18245626179259133,-0.608539463795184,-0.31080422940132035,0.27095549310424,0.5207321172060276,0.4176217079305844,0.33841972543075705,294.60920772993165,0.06526877611577522,-0.0698669715461718,0.1473046038649658
breakout,LTCUSDT,5,year2025,365,-0.3127685842021103,-1.2963187390275326,-0.4196649163260341,0.2628471352729047,0.46617199391171993,0.44185692541856925,0.27180524615438295,232.03561648344453,-0.10203459995789312,-0.11806891689329893,0.11601780824172228
range_only,LTCUSDT,2,all,998,0.06089529945907435,0.2105531348208663,-0.2340934580548455,0.18190107800465335,0.42620194900059505,0.4393097436646425,0.2056728953086446,390.3638725250206,0.18786419902609433,0.010814400866583598,0.0780727745050041
range_only,LTCUSDT,2,development_2024_25,731,0.12931862265098282,0.43156880500420025,-0.2340934580548455,0.17721361524917173,0.40955915122713865,0.44325298185070966,0.1867118301150771,250.16249511430573,0.17339557217466867,0.044013005395867395,0.05003249902286115
range_only,LTCUSDT,2,reused_2026,267,-0.06058814741874252,-0.3406932100040187,-0.17208810121049734,0.19439921051219203,0.47176706200582613,0.4285138368705785,0.25758502510826203,140.20137741071483,0.014468626851425623,-0.03319860452928379,0.028040275482142968
range_only,LTCUSDT,2,year2024,366,-0.08727532590246367,-0.42504021513666673,-0.1882440551873057,0.17701738788939964,0.38852524466403915,0.4729068359428715,0.2088262525862288,137.2463543772015,0.0074254379828925104,-0.047963192983407225,0.02744927087544031
range_only,LTCUSDT,2,year2025,365,0.2373048025327107,1.2894579448676584,-0.09049325731764024,0.17729536305853608,0.4306506849315068,0.41351788432267883,0.16453682018510038,112.9161407371042,0.16597013419177617,0.09197619837927465,0.022583228147420843
range_only,LTCUSDT,5,all,998,-0.056349102759743586,-0.025564531630109685,-0.25118219910613016,0.1813212417107311,0.42620194900059505,0.4393097436646425,0.20567281072839552,390.34926351150983,0.18786667239866026,0.010813194959941971,0.19517463175575495
range_only,LTCUSDT,5,development_2024_25,731,0.04766504647074754,0.220223086547489,-0.25118219910613016,0.17668160627142684,0.40955915122713865,0.44325298185070966,0.1867117616437007,250.15355218376385,0.17339843235396407,0.04401119722976472,0.12507677609188195
range_only,LTCUSDT,5,reused_2026,267,-0.09928187408836753,-0.6395251145614008,-0.18622061505641885,0.1936647116934816,0.47176706200582613,0.4285138368705785,0.25758489642469484,140.19571132774598,0.01446824004469615,-0.03319800226982271,0.070097855663873
range_only,LTCUSDT,5,year2024,366,-0.12409351245439926,-0.6595943560425281,-0.2050209453348213,0.17645310449713603,0.38852524466403915,0.4729068359428715,0.20882616983804617,137.24121983889702,0.007428974795679236,-0.04796499195373595,0.06862060991944852
range_only,LTCUSDT,5,year2025,365,0.1960923470340301,1.1010029358895064,-0.09129276185331459,0.17677671296095882,0.4306506849315068,0.41351788432267883,0.16453676602964468,112.91233234486683,0.16596945755828485,0.09197618918350065,0.05645616617243341
down_rebound,LTCUSDT,2,all,998,-0.18589955436016758,-0.12202768647902915,-0.5053120166915814,0.2857401026457656,0.4243486973947896,0.27605210420841686,0.29995382905798035,735.5090940737819,0.01802986999624419,0.07123470936420565,0.14710181881475637
down_rebound,LTCUSDT,2,development_2024_25,731,-0.17235786269276754,-0.1961721172063869,-0.3228128143326413,0.28105283904744294,0.4202053883568932,0.26812585499316005,0.27418368520549175,473.1400937113225,-0.061237699195740694,0.08080967309462184,0.09462801874226451
down_rebound,LTCUSDT,2,reused_2026,267,-0.016361771660707403,0.06902129546836977,-0.31470660220668434,0.29872019974451136,0.43569236371202663,0.29775280898876405,0.37050804312602953,262.36900036245925,0.07926756919198491,-0.009574963730416122,0.05247380007249186
down_rebound,LTCUSDT,2,year2024,366,0.06981682051561577,0.376944107651895,-0.3228128143326413,0.2829221338283465,0.4412568306010929,0.2408925318761384,0.29938148972582757,259.43671538787896,0.012374127729439272,0.16174952049033883,0.051887343077575795
down_rebound,LTCUSDT,2,year2025,365,-0.2263702332626103,-0.778237564661501,-0.29350905884705836,0.27929585581853345,0.3990962709284628,0.29543378995433794,0.24891684560427824,213.70337832344353,-0.07361182692517998,-0.08093984739571704,0.04274067566468871
down_rebound,LTCUSDT,5,all,998,-0.3471033327602854,-0.4023171658852251,-0.588107687251465,0.28657991290951385,0.4243486973947896,0.27605210420841686,0.2999535582164624,735.4477333769181,0.01803244827951661,0.07122914072784713,0.367723866688459
down_rebound,LTCUSDT,5,development_2024_25,731,-0.28188370664168927,-0.44657698763868753,-0.39683088361361785,0.28169090012783854,0.4202053883568932,0.26812585499316005,0.2741834658599428,473.10349132822165,-0.0612394952816049,0.08080234312919747,0.23655174566411083
down_rebound,LTCUSDT,5,reused_2026,267,-0.0908204238252166,-0.28839670592503464,-0.34913460499467575,0.30009716329991587,0.43569236371202663,0.29775280898876405,0.3705076312974205,262.3442420486964,0.07927194356112158,-0.009573202401350303,0.13117212102434822
down_rebound,LTCUSDT,5,year2024,366,-0.010294705064387122,0.10302100671515435,-0.33714242255118365,0.28356811130627346,0.4412568306010929,0.2408925318761384,0.29938121833697345,259.4141204830808,0.012370757532090923,0.16173927231464855,0.12970706024154038
down_rebound,LTCUSDT,5,year2025,365,-0.2744140129057,-1.004582984561969,-0.3356669124313614,0.27994850520154035,0.3990962709284628,0.29543378995433794,0.2489166784446189,213.68937084514087,-0.07361025281369582,-0.08093692918545103,0.10684468542257045
selected_trend,LTCUSDT,2,all,998,-0.1776818246181543,-0.11665065924017937,-0.4581747311268609,0.2798813994562959,0.4862502783344467,0.4598050267201069,0.34897569766637,368.21876604975927,0.05688565646662086,-0.03069548297041172,0.07364375320995187
selected_trend,LTCUSDT,2,development_2024_25,731,-0.36795350110101044,-0.677034728049212,-0.4454884636480593,0.28021285210628266,0.49354005167958653,0.4517356361149111,0.33001326326238817,283.47727772460894,-0.04431071688638202,-0.2419541461305615,0.056695455544921794
selected_trend,LTCUSDT,2,reused_2026,267,0.3010406304192905,1.4280919539771324,-0.19012429684948362,0.2782523071327158,0.46629213483146065,0.48189762796504376,0.40089157612820797,84.74148832515034,0.10119637335300294,0.21125866316014982,0.016948297665030067
selected_trend,LTCUSDT,2,year2024,366,0.03428655990923746,0.2596458457971769,-0.2637656762096944,0.29527071009424366,0.5269524134790529,0.42444596235579846,0.3722146307932647,170.49568163028687,0.07506585152477974,0.045154301481270115,0.03409913632605737
selected_trend,LTCUSDT,2,year2025,365,-0.38890581836966553,-1.7309114184530583,-0.44548846364805905,0.26392066045805535,0.4600361491628615,0.47910007610350075,0.28769627554649546,112.9815960943221,-0.11937656841116176,-0.28710844761183163,0.022596319218864423
selected_trend,LTCUSDT,5,all,998,-0.2636845902741365,-0.26032049492059856,-0.4825825920800372,0.28021035748494605,0.4862502783344467,0.4598050267201069,0.3489755840951862,368.20244328919716,0.05688580265742421,-0.030696568007226407,0.18410122164459858
selected_trend,LTCUSDT,5,development_2024_25,731,-0.41948418197188875,-0.8269560767695079,-0.46323107525691143,0.2805938777719659,0.49354005167958653,0.4517356361149111,0.3300131449442511,283.46383173939057,-0.044310043413147704,-0.24195510376070414,0.1417319158696953
selected_trend,LTCUSDT,5,reused_2026,267,0.26838130307451613,1.3025115416278679,-0.19926346234974013,0.27840699295971255,0.46629213483146065,0.48189762796504376,0.40089147555336435,84.73861154980658,0.10119584607057186,0.21125853575347778,0.0423693057749033
selected_trend,LTCUSDT,5,year2024,366,-0.017287480002723288,0.08727031256988059,-0.27999621846902123,0.29580249758636273,0.5269524134790529,0.42444596235579846,0.3722144708712452,170.4865653162975,0.07506721474679384,0.04515189097432473,0.08524328265814873
selected_trend,LTCUSDT,5,year2025,365,-0.40927198319431213,-1.8570488147856012,-0.46323107525691143,0.26418198884233873,0.4600361491628615,0.47910007610350075,0.28769619894622406,112.97726642309311,-0.11937725815994157,-0.2871069947350289,0.05648863321154656
selected_breakout,LTCUSDT,2,all,998,-0.4669858235335361,-0.6714832159650737,-0.5799409433630689,0.28358868621150585,0.47812058495620746,0.4441637945849113,0.35397588566773264,592.0605066520695,-0.26066075628484975,-0.1127754948229433,0.11841210133041388
selected_breakout,LTCUSDT,2,development_2024_25,731,-0.4002934581415257,-0.7492359212355885,-0.4643352815705267,0.2864857912686896,0.4920216361265625,0.4260494304547306,0.3345808003410498,449.8736789646756,-0.21144069048951877,-0.10400289599583654,0.08997473579293513
selected_breakout,LTCUSDT,2,reused_2026,267,-0.11120833397170105,-0.44968785996743993,-0.29105743679834406,0.27599978618841037,0.4400619017894299,0.4937578027465667,0.40707628781681515,142.1868276873937,-0.04922006579533107,-0.008772598827106834,0.028437365537478745
selected_breakout,LTCUSDT,2,year2024,366,-0.19983440663261087,-0.6430381415253693,-0.32768195715074244,0.284079345338599,0.5036461275278249,0.4105887076386377,0.3651000356735811,249.55708050966436,0.02869216591907632,-0.14898499705226553,0.04991141610193288
selected_breakout,LTCUSDT,2,year2025,365,-0.2505219584177695,-0.8528849693883747,-0.4034034709347949,0.28925897332923495,0.480365296803653,0.4415525114155251,0.30397795066514177,200.31659845501127,-0.24013285640859505,0.044982101056429094,0.040063319691002255
selected_breakout,LTCUSDT,5,all,998,-0.5537302832189239,-0.8975149716725883,-0.643921383231437,0.284271563700795,0.47812058495620746,0.4441637945849113,0.3539756470571173,592.0286126625264,-0.260655294821821,-0.11276939994102614,0.29601430633126313
selected_breakout,LTCUSDT,5,development_2024_25,731,-0.47600971752582544,-0.9805554217657069,-0.5301958747899336,0.28732052458102925,0.4920216361265625,0.4260494304547306,0.33458056190097796,449.84783968975484,-0.21143513768735483,-0.10399849400481104,0.22492391984487742
selected_breakout,LTCUSDT,5,reused_2026,267,-0.14832444091542707,-0.6600058913304642,-0.30992598537213545,0.2762452649350256,0.4400619017894299,0.4937578027465667,0.40707604873928144,142.1807729727715,-0.049220157134466175,-0.008770905936215156,0.07109038648638574
selected_breakout,LTCUSDT,5,year2024,366,-0.2575551835701967,-0.9027695072149453,-0.37299931987833823,0.2847692150472848,0.5036461275278249,0.4105887076386377,0.3650997417749689,249.54222950255348,0.02869782810391886,-0.14898408649872616,0.12477111475127675
selected_breakout,LTCUSDT,5,year2025,365,-0.29423672860443784,-1.0558586637191987,-0.43464197553751616,0.29024147327152805,0.480365296803653,0.4415525114155251,0.3039777678355515,200.30561018720135,-0.24013296579127374,0.044985592493915136,0.10015280509360068
regime_gate,LTCUSDT,2,all,998,-0.3305325065996352,-0.5425654731281164,-0.4811602642743672,0.2245935525371874,0.4333041082164329,0.3447015619508471,0.21826587699784022,552.7928461865929,-0.0999228254247161,-0.09979945935867207,0.1105585692373186
regime_gate,LTCUSDT,2,development_2024_25,731,-0.26266181343726414,-0.6102229500217802,-0.31221289333560287,0.21248021307218215,0.437124753001976,0.32513728217700394,0.1979195044164399,348.39219357002094,-0.11739144305494939,-0.049840216277353855,0.06967843871400418
regime_gate,LTCUSDT,2,reused_2026,267,-0.09204825465335664,-0.39367710076277423,-0.28161282960922285,0.2552645487257383,0.4228438410320433,0.39826518934665006,0.2739707397581535,204.40065261657202,0.017468617630233274,-0.049959243081318196,0.040880130523314406
regime_gate,LTCUSDT,2,year2024,366,-0.001985976879608775,0.10051627107051604,-0.23259694072692672,0.22242487323746837,0.4648793260473589,0.3122580994057404,0.21755042456608192,204.12670692309058,0.0259665668207172,0.047435713271596305,0.040825341384618116
regime_gate,LTCUSDT,2,year2025,365,-0.26119456292069543,-1.396446894280738,-0.30892140474746066,0.20200869186254797,0.4092941400304414,0.33805175038051755,0.1782348009239222,144.26548664693033,-0.14335800987566658,-0.09727592954895015,0.028853097329386068
regime_gate,LTCUSDT,5,all,998,-0.4328415770680494,-0.8100984584768107,-0.5531590677971513,0.22510916031680284,0.4333041082164329,0.3447015619508471,0.21826571878726808,552.7620301840161,-0.0999203375466081,-0.09981347017177536,0.2763810150920081
regime_gate,LTCUSDT,5,development_2024_25,731,-0.3358384466179757,-0.8536708175396427,-0.3736305209533737,0.21288392579848772,0.437124753001976,0.32513728217700394,0.19791937887430508,348.3743297261965,-0.11738926977399647,-0.049853027176850556,0.17418716486309824
regime_gate,LTCUSDT,5,reused_2026,267,-0.14605351658209942,-0.7189311472215403,-0.3139079405069074,0.25604588423503055,0.4228438410320433,0.39826518934665006,0.2739704921070282,204.38770045781965,0.01746893222738838,-0.049960442994924796,0.10219385022890984
regime_gate,LTCUSDT,5,year2024,366,-0.0612708002952731,-0.17332667923264694,-0.24420622149202997,0.2228102918515884,0.4648793260473589,0.3122580994057404,0.21755026425674187,204.11532933171614,0.025967858310698394,0.04742029894392763,0.10205766466585807
regime_gate,LTCUSDT,5,year2025,365,-0.2924886606372398,-1.6063506109295393,-0.33700271853718766,0.2024705642922379,0.4092941400304414,0.33805175038051755,0.17823471024424514,144.25900039448038,-0.14335712808469486,-0.09727332612077817,0.07212950019724017
gate_no_range,LTCUSDT,2,all,998,-0.2830048467446199,-0.4165203697802546,-0.45189471644723456,0.22963218196375557,0.4237885493208639,0.35949561967527777,0.22314793634228522,524.4497006686046,-0.07493950904216476,-0.057914907043994684,0.10488994013372091
gate_no_range,LTCUSDT,2,development_2024_25,731,-0.24582120533857688,-0.5338483611667921,-0.2980171958729353,0.2191061156798176,0.4280333257333941,0.33690373247048866,0.20280042279030236,333.0037420919464,-0.10680168078443664,-0.037512983238299616,0.06660074841838928
gate_no_range,LTCUSDT,2,reused_2026,267,-0.04930348303247711,-0.14519798003953402,-0.2685716955015527,0.25666949380204235,0.41216708281315023,0.4213483146067416,0.27885592288348177,191.44595857665823,0.03186217174227185,-0.02040192380569504,0.03828919171533165
gate_no_range,LTCUSDT,2,year2024,366,-0.012942550681376286,0.05551312947831102,-0.23930865906033794,0.2286140637866775,0.4757039313904068,0.3246780983373846,0.22505733530020774,195.84750225267015,0.03382486840836874,0.027843008377311518,0.03916950045053403
gate_no_range,LTCUSDT,2,year2025,365,-0.2359322193636848,-1.180437003342183,-0.2901883058044734,0.2092320024602438,0.3802321156773212,0.3491628614916286,0.1804825324379041,137.15623983927622,-0.1406265491928054,-0.06535599161561115,0.027431247967855246
gate_no_range,LTCUSDT,5,all,998,-0.387389844665909,-0.6648290542109675,-0.5243799378950876,0.23018639267504834,0.4237885493208639,0.35949561967527777,0.2231477845101036,524.4222995063897,-0.07493745708110955,-0.057926459167526916,0.26221114975319487
gate_no_range,LTCUSDT,5,development_2024_25,731,-0.3175255377641586,-0.75925410767612,-0.35814512780964847,0.21958438185472584,0.4280333257333941,0.33690373247048866,0.20280030090681347,332.98754304213014,-0.1067992063846756,-0.037523533737614675,0.16649377152106506
gate_no_range,LTCUSDT,5,reused_2026,267,-0.10236911528215897,-0.4489335525074022,-0.29946172333415,0.2574220547111436,0.41216708281315023,0.4213483146067416,0.2788556890569391,191.4347564642597,0.0318617493035661,-0.020402925429912233,0.09571737823212983
gate_no_range,LTCUSDT,5,year2024,366,-0.06926748713143316,-0.19985495762835714,-0.25026360064272235,0.229087285673606,0.4757039313904068,0.3246780983373846,0.22505717767134473,195.83714070574223,0.033826856245196185,0.027829159051573654,0.0979185703528711
gate_no_range,LTCUSDT,5,year2025,365,-0.2667340478604102,-1.3730265609018328,-0.3176915713102837,0.2097466997785806,0.3802321156773212,0.3491628614916286,0.18048244639772187,137.15040233638786,-0.14062606262987182,-0.06535269278918833,0.06857520116819393
adaptive14,LTCUSDT,2,all,998,-0.2751026159514113,-0.4435150607652817,-0.4324906850495468,0.21418814925538673,0.4051262246715654,0.3472013471387219,0.20381215781979115,482.8486275868215,-0.042856700808587764,-0.09880827379701074,0.09656972551736429
adaptive14,LTCUSDT,2,development_2024_25,731,-0.23961241992758453,-0.5695567416569999,-0.28493418223112654,0.2037898674338588,0.4148521811825506,0.32923886608907127,0.1879511719664148,311.2112474815746,-0.08733976245566774,-0.06139870736221946,0.06224224949631492
adaptive14,LTCUSDT,2,reused_2026,267,-0.04667382392075203,-0.1549196336778777,-0.2558109397579861,0.24075759643240505,0.37849823137744487,0.39637952559300876,0.24723680448203128,171.63738010524685,0.04448306164707988,-0.03740956643479125,0.03432747602104937
adaptive14,LTCUSDT,2,year2024,366,-0.008458906146636247,0.06467718905838493,-0.2091441539447889,0.21241734275041818,0.4713494231936855,0.31252846083788705,0.20949778484752815,185.24218252670727,0.03822280900722019,0.021955012208987226,0.03704843650534145
adaptive14,LTCUSDT,2,year2025,365,-0.23312550051015202,-1.2639729040508678,-0.28384971522664504,0.19480954155867858,0.35820015220700147,0.34599505327245056,0.16634552726918886,125.96906495486735,-0.12556257146288793,-0.08335371957120669,0.025193812990973466
adaptive14,LTCUSDT,5,all,998,-0.3728594562842614,-0.6888272408407292,-0.5014701115942803,0.21464383934527007,0.4051262246715654,0.3472013471387219,0.20381202882670643,482.8240538649188,-0.04285441593509298,-0.09882148446082724,0.24141202693245942
adaptive14,LTCUSDT,5,development_2024_25,731,-0.30739357765670416,-0.796225186518908,-0.34215975926338515,0.20419152944462135,0.4148521811825506,0.32923886608907127,0.18795106674894613,311.1962893864142,-0.0873375705101638,-0.061409941489397074,0.1555981446932071
adaptive14,LTCUSDT,5,reused_2026,267,-0.0945210389561022,-0.4454995533563131,-0.28378658168571647,0.24135726575557293,0.37849823137744487,0.39637952559300876,0.247236610395406,171.6277644785046,0.044483154575070794,-0.037411542971430185,0.08581388223925229
adaptive14,LTCUSDT,5,year2024,366,-0.062060177019781615,-0.1954695665569434,-0.21946762373138728,0.21279291409352213,0.4713494231936855,0.31252846083788705,0.20949764720496178,185.2324520805,0.03822426767339279,0.021941111715000877,0.09261622604025001
adaptive14,LTCUSDT,5,year2025,365,-0.2615662483094051,-1.4538727620555723,-0.30929184339367466,0.19527280492417376,0.35820015220700147,0.34599505327245056,0.16634545456565375,125.96383730591421,-0.1255618381835566,-0.08335105320439794,0.0629819186529571
adaptive42,LTCUSDT,2,all,998,-0.24987527147331923,-0.3998853403071641,-0.4187857864001513,0.209007969091744,0.40697019038076154,0.3341613783121799,0.1992266920359717,468.1458902808345,-0.048941569667077134,-0.06552241842389359,0.09362917805616691
adaptive42,LTCUSDT,2,development_2024_25,731,-0.23417335683360718,-0.5775460294038041,-0.2831693267656781,0.19711135155484158,0.41820565435476514,0.31329324365405076,0.18436931835282389,305.5454712954996,-0.10645332802690938,-0.03972202424277582,0.061109094259099925
adaptive42,LTCUSDT,2,reused_2026,267,-0.020503223255318725,-0.0030471631580983476,-0.24356236147183474,0.23891843404986712,0.37620942571785276,0.3912947357469829,0.2399036214830918,162.60041898533495,0.057511758359832174,-0.0258003941811178,0.03252008379706699
adaptive42,LTCUSDT,2,year2024,366,-0.0058863217242504096,0.07280103678547227,-0.21651594844731736,0.20586823515295202,0.4603825136612022,0.29669474802671525,0.20534709417645416,180.3535581983602,0.020212512601811956,0.040151943806442894,0.036070711639672036
adaptive42,LTCUSDT,2,year2025,365,-0.22963876274724448,-1.2929358341879527,-0.282223814456828,0.18796147934110827,0.37591324200913234,0.3299372146118722,0.1633340691707727,125.1919130971394,-0.12666584062872133,-0.07987396804921869,0.025038382619427882
adaptive42,LTCUSDT,5,all,998,-0.3481652741682586,-0.6438047525652822,-0.48785742441364066,0.20943339579187703,0.40697019038076154,0.3341613783121799,0.19922656761823965,468.12206997507445,-0.04894013334689408,-0.06553561695417226,0.23406103498753722
adaptive42,LTCUSDT,5,development_2024_25,731,-0.30125265065642426,-0.8077706680645466,-0.33999708337586065,0.19747644717229412,0.41820565435476514,0.31329324365405076,0.1843692155635079,305.5306875187167,-0.10645157782554429,-0.039733617018281535,0.15276534375935838
adaptive42,LTCUSDT,5,reused_2026,267,-0.067138177419787,-0.280832094413254,-0.2705185084571219,0.23950472521913857,0.37620942571785276,0.3912947357469829,0.23990343785048274,162.59138245635768,0.05751144447865013,-0.025801999935890683,0.08129569122817884
adaptive42,LTCUSDT,5,year2024,366,-0.058246471174525305,-0.18867881078932036,-0.22639585747861235,0.20617403874960796,0.4603825136612022,0.29669474802671525,0.2053469608840324,180.34401581850742,0.020213879516783183,0.040137887637061505,0.09017200790925371
adaptive42,LTCUSDT,5,year2025,365,-0.2580358576250499,-1.488462191054581,-0.30752718275737345,0.18842342428138764,0.37591324200913234,0.3299372146118722,0.16333399696813264,125.18667170020933,-0.12666545734232745,-0.07987150465534304,0.06259333585010467
adaptive126,LTCUSDT,2,all,998,-0.2568786282418013,-0.4222383526085001,-0.41869836917548997,0.20697957978865777,0.42512803384546866,0.3339769817412603,0.19835722985747176,463.81635968730205,-0.04128231557051999,-0.08484419475403154,0.09276327193746041
adaptive126,LTCUSDT,2,development_2024_25,731,-0.2239024460263579,-0.544465000682799,-0.27119891773973437,0.1969299253757015,0.44196971424228604,0.3156017251861985,0.18390629625458654,302.5091152504532,-0.08649572470605435,-0.04768211391650687,0.060501823050090636
adaptive126,LTCUSDT,2,reused_2026,267,-0.042489738624485796,-0.14232202579486236,-0.2460873046213332,0.23265922179626403,0.3790184144818976,0.3842852684144819,0.23792139638821733,161.30724443684886,0.0452134091355344,-0.03716208083752464,0.03226144888736977
adaptive126,LTCUSDT,2,year2024,366,-0.01143739991524817,0.043959457088368986,-0.2258271629887425,0.20352203937723848,0.47737363387978143,0.31464404978749244,0.20339359811511032,176.55979596072,0.020727704551307388,0.03303069906238032,0.035311959192144
adaptive126,LTCUSDT,2,year2025,365,-0.21492320880123694,-1.1763285066045914,-0.2632732379834859,0.1901746748196274,0.406468797564688,0.31656202435312025,0.1643656045259517,125.94931928973318,-0.10722342925736177,-0.08071281297888719,0.025189863857946634
adaptive126,LTCUSDT,5,all,998,-0.3534117096399224,-0.666132099318198,-0.4872694714370055,0.20742329671494647,0.42512803384546866,0.3339769817412603,0.19835710692605646,463.7923984920376,-0.04128048771953441,-0.08485741940511016,0.23189619924601879
adaptive126,LTCUSDT,5,development_2024_25,731,-0.29123606409310987,-0.7725756707791349,-0.32835343323268906,0.19731279377236138,0.44196971424228604,0.3156017251861985,0.1839061939116647,302.4942477812988,-0.08649416242448103,-0.04769398211164795,0.15124712389064943
adaptive126,LTCUSDT,5,reused_2026,267,-0.08772405366147129,-0.4248835675001897,-0.27264112719500155,0.23326079894625892,0.3790184144818976,0.3842852684144819,0.23792121708905417,161.29815071073875,0.045213674704946555,-0.037163437293462186,0.08064907535536937
adaptive126,LTCUSDT,5,year2024,366,-0.06243870146546027,-0.21486957768089598,-0.23581615240949794,0.2038520348020976,0.47737363387978143,0.31464404978749244,0.20339346692874644,176.55033256974966,0.02072880074593275,0.03301671954232492,0.08827516628487483
adaptive126,LTCUSDT,5,year2025,365,-0.24403456391093892,-1.3710342890077605,-0.2894678894305517,0.19064013668963384,0.406468797564688,0.31656202435312025,0.16436553110549504,125.94391521154915,-0.10722296317041378,-0.08071070165397289,0.06297195760577459
filtered_moe,LTCUSDT,2,all,998,-0.2224326783548065,-0.4562255325601919,-0.3679981681132034,0.16998853715596932,0.3556731518592741,0.3261418670674682,0.15320990307527105,249.52315740915614,-0.06618906667037851,-0.07275286744999032,0.04990463148183123
filtered_moe,LTCUSDT,2,development_2024_25,731,-0.2188266301418038,-0.6587416708434033,-0.23749073704675028,0.16603111273628487,0.34285700714394285,0.2935904012767898,0.13681775179981406,160.12643951645353,-0.11440963082980762,-0.04995685015341501,0.032025287903290706
filtered_moe,LTCUSDT,2,reused_2026,267,-0.004616194499381998,0.05292972541787216,-0.20503141506324762,0.18062562972194113,0.39076154806491886,0.4152621722846442,0.19808878915152217,89.39671789270264,0.04822056415942913,-0.0227960172965753,0.017879343578540527
filtered_moe,LTCUSDT,2,year2024,366,-0.028707247648878886,-0.12352013653262535,-0.12496796408153887,0.14791655529140446,0.31584889192471155,0.25145150273224043,0.13419746097768243,82.30410303902104,-0.0441135106233044,0.04754613235569747,0.01646082060780421
filtered_moe,LTCUSDT,2,year2025,365,-0.1957384959711892,-1.0999684051686651,-0.2374907370467506,0.18247991742187342,0.36993911719939115,0.3358447488584475,0.13944522150091043,77.82233647743247,-0.07029612020650321,-0.0975029825091125,0.015564467295486495
filtered_moe,LTCUSDT,5,all,998,-0.27851495472437404,-0.6161643219897308,-0.3932105582824088,0.1702181737204498,0.3556731518592741,0.3261418670674682,0.15320984572595253,249.51480796965458,-0.06618699862931482,-0.0727535089825572,0.12475740398482728
filtered_moe,LTCUSDT,5,development_2024_25,731,-0.25546629963519873,-0.8018018372413938,-0.25552687641567495,0.16626171762274358,0.34285700714394285,0.2935904012767898,0.13681770280739422,160.1211528814921,-0.11440735673582919,-0.049956741721841814,0.08006057644074605
filtered_moe,LTCUSDT,5,reused_2026,267,-0.03095716832949502,-0.14958423456165118,-0.21522353727840915,0.18086981740887548,0.39076154806491886,0.4152621722846442,0.19808870892245495,89.39365508816249,0.048220358106514316,-0.022796767260715424,0.04469682754408125
filtered_moe,LTCUSDT,5,year2024,366,-0.05239657323691704,-0.28940086924459324,-0.1314358656557234,0.1481068925030837,0.31584889192471155,0.25145150273224043,0.13419740257775642,82.30109516132032,-0.044111995209362466,0.04754565398873938,0.041150547580660155
filtered_moe,LTCUSDT,5,year2025,365,-0.21429821870943222,-1.225751833883342,-0.2543557349693488,0.18274778860215385,0.36993911719939115,0.3358447488584475,0.1394451819417707,77.82005772017177,-0.07029536152646672,-0.0975023957105812,0.03891002886008589
kalman,LTCUSDT,2,all,998,-0.5365457184616669,-0.7484820878438192,-0.6532545570068591,0.3115822011224863,0.49782665165794227,0.45844700677002476,0.3921067802962751,1207.8397266032125,-0.07393662104142953,-0.2882311408072152,0.24156794532064246
kalman,LTCUSDT,2,development_2024_25,731,-0.511566422088592,-1.0201355229610753,-0.550501311714718,0.3052444365285916,0.5000015722870733,0.4504040744677527,0.35604781804943053,801.0849523759894,-0.10973201374157217,-0.3205174693835821,0.16021699047519788
kalman,LTCUSDT,2,reused_2026,267,-0.05114164443789593,-0.05835711952452017,-0.26621216778596646,0.3286411149422946,0.49187209368080836,0.48046716973991577,0.49083000652265485,406.754774227223,0.0357953927001427,0.03228632857636693,0.08135095484544458
kalman,LTCUSDT,2,year2024,366,-0.22383361933667556,-0.672405662683666,-0.3328271403324472,0.3067400661787096,0.5168424693614617,0.43807556342542353,0.39136819786246213,434.6050373095968,0.036608888740106135,-0.13972076354039625,0.08692100746191936
kalman,LTCUSDT,2,year2025,365,-0.37071021100658286,-1.3708421313136199,-0.474711819502745,0.3040581152160611,0.4831145357686454,0.46276636225266365,0.32063067007252755,366.47991506639255,-0.14634090248167833,-0.18079670584318586,0.07329598301327853
kalman,LTCUSDT,5,all,998,-0.6774246625429889,-1.1644303754365586,-0.7543476187211294,0.31347132346643286,0.49782665165794227,0.45844700677002476,0.3921063014368198,1207.7440455972262,-0.0739404773540161,-0.28824037628354837,0.6038720227986132
kalman,LTCUSDT,5,development_2024_25,731,-0.6159141543395441,-1.4032033514854914,-0.6449998613478652,0.306955180685835,0.5000015722870733,0.4504040744677527,0.35604741892076947,801.0253528548993,-0.10973140993044665,-0.3205278403670536,0.40051267642744964
kalman,LTCUSDT,5,reused_2026,267,-0.16014781304339598,-0.5591771601722098,-0.3313352531090443,0.3310695673963609,0.49187209368080836,0.48046716973991577,0.49082930937402114,406.718692742327,0.03579093257643057,0.032287464083505316,0.2033593463711635
kalman,LTCUSDT,5,year2024,366,-0.31871652958713437,-1.087065290917267,-0.3735132338284478,0.30868561793981425,0.5168424693614617,0.43807556342542353,0.39136772780650547,434.5705483857404,0.03661277100836513,-0.13973084916648157,0.2172852741928702
kalman,LTCUSDT,5,year2025,365,-0.436231961671263,-1.721933082753172,-0.5244382606793351,0.3055521557142325,0.4831145357686454,0.46276636225266365,0.3206303420654836,366.45480446915894,-0.14634418093881174,-0.18079699120057208,0.18322740223457948
trend_ensemble_long,LTCUSDT,2,all,998,-0.1454646235814785,-0.21236454352919074,-0.38854783858141706,0.18753408246163172,0.4299849699398798,0.0,0.1370615926603868,237.80909871209292,-0.03187630075611768,0.0,0.04756181974241858
trend_ensemble_long,LTCUSDT,2,development_2024_25,731,-0.17049243354744925,-0.4045101970432543,-0.266997476515228,0.18679566486868512,0.44112422100623194,0.0,0.1287357306016616,160.6390137324832,-0.08943212588880589,0.0,0.03212780274649664
trend_ensemble_long,LTCUSDT,2,reused_2026,267,0.030171888694160875,0.30564411346710085,-0.18569742111155185,0.18979958349478782,0.39948761964211404,0.0,0.15985636855899402,77.17008497960971,0.05755582513268816,0.0,0.01543401699592194
trend_ensemble_long,LTCUSDT,2,year2024,366,0.0235839876933559,0.21873964629852422,-0.13436904128897142,0.1772721638351574,0.49889951426836676,0.0,0.1464645649712347,90.42728339876881,0.06143618616038134,0.0,0.01808545667975376
trend_ensemble_long,LTCUSDT,2,year2025,365,-0.1896047843403218,-0.9707549689181343,-0.2669974765152281,0.1959415213096961,0.38319063926940633,0.0,0.11095832408313075,70.2117303337144,-0.15086831204918721,0.0,0.014042346066742881
trend_ensemble_long,LTCUSDT,5,all,998,-0.20430700785361988,-0.3507211883348449,-0.4120650716056422,0.18779131355934034,0.4299849699398798,0.0,0.13706152624260134,237.7998885267337,-0.03187539183848062,0.0,0.11889994426336686
trend_ensemble_long,LTCUSDT,5,development_2024_25,731,-0.2095208055639468,-0.5323249663689154,-0.2818028320013718,0.1870436230915737,0.44112422100623194,0.0,0.1287356735600145,160.6330432573365,-0.08943045388760709,0.0,0.08031652162866824
trend_ensemble_long,LTCUSDT,5,reused_2026,267,0.006595743122685516,0.13897270163178313,-0.2005200020648502,0.19009292215798154,0.39948761964211404,0.0,0.15985627647095704,77.16684526939721,0.057555062049126415,0.0,0.038583422634698605
trend_ensemble_long,LTCUSDT,5,year2024,366,-0.003811397257737381,0.06627034231064091,-0.14750379756472043,0.17748840655160228,0.49889951426836676,0.0,0.14646449619302773,90.42392645071074,0.061437579093161596,0.0,0.04521196322535537
trend_ensemble_long,LTCUSDT,5,year2025,365,-0.20649644830300395,-1.076310159692373,-0.28180283200137146,0.1962289499619905,0.38319063926940633,0.0,0.1109582788101985,70.20911680662576,-0.15086803298076867,0.0,0.03510455840331288
regime_gate_long,LTCUSDT,2,all,998,-0.18202120605646177,-0.34660912789411014,-0.38597255916019235,0.17051611916314216,0.40637872968158534,0.0,0.12223687910583372,251.22061634168873,-0.09734823740063918,0.0,0.05024412326833775
regime_gate_long,LTCUSDT,2,development_2024_25,731,-0.1948786735009026,-0.577886517255111,-0.2526920417849995,0.16398036893654125,0.4107149642802858,0.0,0.11620303455035572,164.20539479273276,-0.14191465215720406,0.0,0.03284107895854656
regime_gate_long,LTCUSDT,2,reused_2026,267,0.01596960237079914,0.20550080549510866,-0.19140030040040534,0.18748053247722585,0.3945068664169788,0.0,0.13875650595997013,87.01522154895595,0.04456641475656495,0.0,0.017403044309791192
regime_gate_long,LTCUSDT,2,year2024,366,-0.029764769550503778,-0.09375640690232204,-0.17303985868522798,0.16971868634491974,0.4255464480874317,0.0,0.13100511002778767,97.95179362367422,0.007729331528658137,0.0,0.019590358724734844
regime_gate_long,LTCUSDT,2,year2025,365,-0.17017925011226742,-1.099186329118937,-0.22233008480229977,0.15814234285563658,0.3958428462709285,0.0,0.10136040544147876,66.25360116905856,-0.14964398368586218,0.0,0.013250720233811714
regime_gate_long,LTCUSDT,5,all,998,-0.24140476314343706,-0.5072650535729686,-0.42487538007782644,0.17075333290590983,0.40637872968158534,0.0,0.12223681337236546,251.21075222135474,-0.09734605552829056,0.0,0.12560537611067737
regime_gate_long,LTCUSDT,5,development_2024_25,731,-0.2335801415967691,-0.7265359093269369,-0.2842190596693067,0.16421758155360086,0.4107149642802858,0.0,0.11620297930713808,164.1992406427886,-0.14191237634492745,0.0,0.08209962032139428
regime_gate_long,LTCUSDT,5,reused_2026,267,-0.010209314725964092,0.015393917952478114,-0.20849707569003872,0.18773498813177147,0.3945068664169788,0.0,0.13875641150600299,87.01151157856617,0.04456632081663692,0.0,0.043505755789283077
regime_gate_long,LTCUSDT,5,year2024,366,-0.05786153886049983,-0.2660591137595223,-0.18983149492933116,0.16984950949323563,0.4255464480874317,0.0,0.13100504240442912,97.94800874395581,0.00773116033914685,0.0,0.04897400437197791
regime_gate_long,LTCUSDT,5,year2025,365,-0.18651038035719403,-1.221602644244695,-0.23694803935257447,0.15850735033238372,0.3958428462709285,0.0,0.1013603626123202,66.25123189883277,-0.1496435366840743,0.0,0.033125615949416376
expanding_tree,LTCUSDT,2,all,998,-0.3591633443603581,-0.5623318830639271,-0.5179854151316291,0.23851019417780486,0.7064911253982995,0.16903598864395455,0.25491396538799077,357.48425571554384,-0.05553106993074738,-0.21108237749715852,0.07149685114310877
expanding_tree,LTCUSDT,2,development_2024_25,731,-0.19971260611501418,-0.3357393969269665,-0.4257661435742722,0.24262720967992785,0.7322398920808633,0.14003362973096214,0.25617226084789596,255.39374046115975,0.04152513125486729,-0.12765564361338183,0.05107874809223195
expanding_tree,LTCUSDT,2,reused_2026,267,-0.19924184669621303,-1.2253152023096694,-0.3226702445123245,0.22712718490932,0.6359954383385461,0.24843945068664167,0.251468969203756,102.0905152543841,-0.09705620118561463,-0.0834267338837767,0.020418103050876824
expanding_tree,LTCUSDT,2,year2024,366,-0.25691375587798526,-0.9271422437736941,-0.4257661435742722,0.2773979199321926,0.7489184881602914,0.16948428961748635,0.3318956828010393,148.91044996432265,-0.10573623312128255,-0.11270734026494954,0.02978208999286453
expanding_tree,LTCUSDT,2,year2025,365,0.07697780737491078,0.469495601619299,-0.1228378516075066,0.2018117944850347,0.715515601217656,0.11050228310502284,0.18024137746474397,106.48329049683707,0.14726136437614984,-0.014948303348432281,0.021296658099367413
expanding_tree,LTCUSDT,5,all,998,-0.42433483159141394,-0.7261716994501769,-0.5576586989714648,0.23863859622041436,0.7064911253982995,0.16903598864395455,0.2549138625521013,357.46877186242676,-0.0555204316131719,-0.21108147365427432,0.17873438593121338
expanding_tree,LTCUSDT,5,development_2024_25,731,-0.25874069971941116,-0.4929783912462414,-0.4362066117830581,0.24274893366488687,0.7322398920808633,0.14003362973096214,0.2561721580791089,255.38243547959826,0.041535603604319765,-0.12765517307673133,0.12769121773979913
expanding_tree,LTCUSDT,5,reused_2026,267,-0.2233956886737487,-1.4084697806342827,-0.3372129488571588,0.2272693984010828,0.6359954383385461,0.24843945068664167,0.25146886618415154,102.08633638282849,-0.09705603521749162,-0.08342630057754301,0.051043168191414245
expanding_tree,LTCUSDT,5,year2024,366,-0.28938022608578795,-1.086804225695916,-0.4362066117830581,0.2775579269450897,0.7489184881602914,0.16948428961748635,0.3318955391763326,148.90318383766885,-0.10572673733241841,-0.11270696641640672,0.07445159191883441
expanding_tree,LTCUSDT,5,year2025,365,0.043116625080116044,0.31116398515069277,-0.13213418297181412,0.20185417264736885,0.715515601217656,0.11050228310502284,0.1802413156638107,106.47925164192942,0.14726234093673823,-0.014948206660324596,0.05323962582096471
rolling_tree,LTCUSDT,2,all,998,-0.4362572357886644,-0.6101189167672113,-0.5244197533800407,0.2789619175634878,0.6398978512580716,0.2814900634602539,0.3493049020167409,528.8295943593287,0.036350525961647506,-0.3521662540493832,0.10576591887186573
rolling_tree,LTCUSDT,2,development_2024_25,731,-0.05776104245220637,0.03616134645894584,-0.33489600295203703,0.2815489620396829,0.7494870041039672,0.16270519835841316,0.3317596179830463,328.4026584956557,0.18455849491049883,-0.05739934867584446,0.06568053169913113
rolling_tree,LTCUSDT,2,reused_2026,267,-0.4016987307779186,-2.454121361050439,-0.4051806405595546,0.27058662112457965,0.33986163129421554,0.6067025593008738,0.39734086691797965,200.42693586367298,-0.1482079689488513,-0.2947669053735388,0.04008538717273459
rolling_tree,LTCUSDT,2,year2024,366,-0.06805783353898187,-0.06351555496969012,-0.33489600295203703,0.3169088791986769,0.8530472070431088,0.09699453551912568,0.415526474426263,140.79478206314423,0.05447248594749163,-0.03345422047144821,0.028158956412628847
rolling_tree,LTCUSDT,2,year2025,365,0.011048744715435488,0.1680939942027042,-0.21370953298354878,0.24137723236693243,0.6456430745814308,0.2285958904109589,0.24776326330299892,187.60787643251143,0.1300860089630072,-0.02394512820439624,0.037521575286502296
rolling_tree,LTCUSDT,5,all,998,-0.5189633774835944,-0.8176319784553723,-0.591458718407069,0.27904769043531785,0.6398978512580716,0.2814900634602539,0.34930473042429,528.8019567358284,0.03634908358905439,-0.35216538321797236,0.2644009783679142
rolling_tree,LTCUSDT,5,development_2024_25,731,-0.14616772709660186,-0.13823368763166646,-0.34495753695042586,0.2817411881709868,0.7494870041039672,0.16270519835841316,0.3317594815410872,328.386010777348,0.18455581682617728,-0.05739881343002936,0.164193005388674
rolling_tree,LTCUSDT,5,reused_2026,267,-0.4366146164976017,-2.7616263917826367,-0.4394944766079458,0.2701990031199924,0.33986163129421554,0.6067025593008738,0.3973405990895381,200.41594595848045,-0.14820673323712286,-0.29476656978794297,0.10020797297924022
rolling_tree,LTCUSDT,5,year2024,366,-0.10660315722293856,-0.19595611937214852,-0.34495753695042586,0.31717313082546006,0.8530472070431088,0.09699453551912568,0.41552633739115585,140.7876264870829,0.05447192831848191,-0.03345424330070181,0.07039381324354145
rolling_tree,LTCUSDT,5,year2025,365,-0.044285549242237265,-0.06491815714148225,-0.2312543104219309,0.24148333554404758,0.6456430745814308,0.2285958904109589,0.24776312745581294,187.59838429026516,0.13008388850769537,-0.02394457012932756,0.09379919214513258
action_tcn,LTCUSDT,2,all,998,-0.48111716705816066,-0.6191750948857928,-0.5144408274705373,0.3095040872485226,0.6017590737029614,0.3549738365620129,0.39160521626289524,774.060858867966,-0.070575448472628,-0.2571827183272373,0.15481217177359322
action_tcn,LTCUSDT,2,development_2024_25,731,-0.18682320502119376,-0.1614160448052194,-0.3668135837359344,0.3204039653462924,0.6007466940264479,0.35241868065055476,0.3681724820082513,561.0989470854954,0.08802981124856075,-0.040053034504699846,0.11221978941709909
action_tcn,LTCUSDT,2,reused_2026,267,-0.36190649297197053,-2.0743583230104656,-0.4009710440012684,0.2770548408191048,0.6045307948397837,0.3619694132334581,0.45576000555182666,212.96191178247057,-0.1586052597211886,-0.21712968382253742,0.04259238235649412
action_tcn,LTCUSDT,2,year2024,366,-0.1477403058859773,-0.4131980947736085,-0.3668135837359344,0.2865807208108171,0.7157805859137827,0.2261972525804493,0.36739776673719216,199.51961074432012,0.024062705473983467,-0.09076855444561484,0.03990392214886403
action_tcn,LTCUSDT,2,year2025,365,-0.04585796958970845,0.043139947831830984,-0.29455635994581153,0.351429624890248,0.4853976407914764,0.4789859208523593,0.36894931978690243,361.5793363411753,0.06396710577457729,0.05071551994091497,0.07231586726823507
action_tcn,LTCUSDT,5,all,998,-0.5886476947424535,-0.8925159600733472,-0.6094812522444324,0.3097214457404582,0.6017590737029614,0.3549738365620129,0.3916049495419717,774.0126119137642,-0.07057456687509633,-0.25717976767343403,0.3870063059568821
action_tcn,LTCUSDT,5,development_2024_25,731,-0.31280949915518386,-0.42306868539958725,-0.40636443546885614,0.3206435893403826,0.6007466940264479,0.35241868065055476,0.36817222623333246,561.062168811762,0.08803165746686945,-0.04004920311302855,0.280531084405881
action_tcn,LTCUSDT,5,reused_2026,267,-0.40139989602324144,-2.3877103845790053,-0.4197645534836162,0.27719220316540905,0.6045307948397837,0.3619694132334581,0.4557597088626285,212.95044310200223,-0.1586062243419658,-0.2171305645604055,0.10647522155100111
action_tcn,LTCUSDT,5,year2024,366,-0.19725802200994513,-0.6212724573506587,-0.3905214513644323,0.286614914882778,0.7157805859137827,0.2261972525804493,0.3673975902771495,199.50934756388259,0.024060855862766656,-0.09076889023860654,0.09975467378194129
action_tcn,LTCUSDT,5,year2025,365,-0.1439459755606186,-0.2646684554452413,-0.3348386487084464,0.3518604988119278,0.4853976407914764,0.4789859208523593,0.3689489844798062,361.55282124787936,0.0639708016041028,0.050719687125577964,0.18077641062393968
vol_long,LTCUSDT,2,all,998,0.062284967283053216,0.2664016605199393,-0.544728848558331,0.4303227047222289,1.0,0.0,0.6680828442250307,9.970121152044307,0.3873668238729454,0.0,0.0019940242304088613
vol_long,LTCUSDT,2,development_2024_25,731,0.15256799404603072,0.3809357025701391,-0.38616570688014407,0.434734286402898,1.0,0.0,0.6134308416766034,7.552838236037346,0.3947505145884367,0.0,0.0015105676472074695
vol_long,LTCUSDT,2,reused_2026,267,-0.07833206130082027,-0.059468043346400774,-0.4524806103839861,0.41872122165699455,1.0,0.0,0.817710611501811,2.4172829160069584,-0.007383690715491054,0.0,0.00048345658320139175
vol_long,LTCUSDT,2,year2024,366,0.1773742276672432,0.585576905547408,-0.38616570688014407,0.45290710319870764,1.0,0.0,0.6716622756196314,4.500993008276087,0.28756434503380346,0.0,0.0009001986016552176
vol_long,LTCUSDT,2,year2025,365,-0.021069115526983095,0.15789351221924028,-0.27595431640390944,0.4162728868622227,1.0,0.0,0.5550398695583891,3.0518452277612598,0.10718616955463316,0.0,0.000610369045552252
vol_long,LTCUSDT,5,all,998,0.05911241215398477,0.2638509856811332,-0.5450079350919419,0.4302871800180361,1.0,0.0,0.6680828376058054,9.96977844058221,0.38736488146878156,0.0,0.004984889220291105
vol_long,LTCUSDT,5,development_2024_25,731,0.1499593939505679,0.3783347495852614,-0.3863393689581526,0.434721528525013,1.0,0.0,0.6134308345891312,7.552494313304496,0.394750021859012,0.0,0.0037762471566522484
vol_long,LTCUSDT,5,reused_2026,267,-0.07900016494016104,-0.06193986162241535,-0.4526457525843107,0.4186208236720194,1.0,0.0,0.8177106061645654,2.417284127277714,-0.007385140390230277,0.0,0.001208642063638857
vol_long,LTCUSDT,5,year2024,366,0.17578544386479344,0.5826139093643948,-0.3863393689581526,0.4528828735071633,1.0,0.0,0.671662266784939,4.5008124750818,0.28756400841591745,0.0,0.0022504062375409
vol_long,LTCUSDT,5,year2025,365,-0.0219649342054562,0.15569683228497122,-0.2760310318719682,0.41627289124054495,1.0,0.0,0.5550398642229237,3.051681838222696,0.10718601344309442,0.0,0.001525840919111348
hold,LTCUSDT,2,all,998,-0.016959559895288745,0.35146288741136605,-0.7015034301561915,0.7188116018116582,1.0,0.0,0.9999999993018862,2.000775513793565,0.9352497542558285,0.0,0.000400155102758713
hold,LTCUSDT,2,development_2024_25,731,0.05154215597184586,0.42153208810330395,-0.4956210772150095,0.7750090633397824,1.0,0.0,0.9999999990468972,0.9998000399920016,0.879261047461879,0.0,0.00019996000799840034
hold,LTCUSDT,2,reused_2026,267,-0.06514405102839149,0.09293879164489184,-0.5126891457166654,0.5367420830097324,1.0,0.0,1.0000000000000027,1.0009754738015635,0.05598870679394993,0.0,0.0002001950947603127
hold,LTCUSDT,2,year2024,366,0.41305254830743454,0.8317165032508202,-0.48717243906909957,0.7630570239825782,1.0,0.0,0.99999999809639,0.9998000399920016,0.7036050585729435,0.0,0.00019996000799840034
hold,LTCUSDT,2,year2025,365,-0.25583648164295536,0.022718628089708898,-0.4956210772150086,0.7875274342862293,1.0,0.0,1.0000000000000084,0.0,0.17565598888893563,0.0,0.0
hold,LTCUSDT,5,all,998,-0.01754920732407428,0.35114499061284205,-0.7015034301561929,0.7187793261377504,1.0,0.0,0.9999999982552239,2.000475723676625,0.9352492617200376,0.0,0.0010002378618383127
hold,LTCUSDT,5,development_2024_25,731,0.05122685097759594,0.42133672492028046,-0.4956210772150019,0.7750044832911093,1.0,0.0,0.9999999976179361,0.9995002498750625,0.8792605549260865,0.0,0.0004997501249375312
hold,LTCUSDT,5,reused_2026,267,-0.06542456391568707,0.09207544528531253,-0.5126891457166948,0.5365978714553672,1.0,0.0,1.0000000000000084,1.0009754738015626,0.055988706793951015,0.0,0.0005004877369007814
hold,LTCUSDT,5,year2024,366,0.4126288443948831,0.8313249140349815,-0.48717243906908925,0.7630480598550546,1.0,0.0,0.9999999952423817,0.9995002498750625,0.7036045660371527,0.0,0.0004997501249375312
hold,LTCUSDT,5,year2025,365,-0.25583648164291783,0.022718628089768156,-0.4956210772150017,0.7875274342862227,1.0,0.0,0.9999999999999988,0.0,0.17565598888893363,0.0,0.0
trend24,SOLUSDT,2,all,998,0.02708082634488851,0.1803057256814985,-0.38720963484535853,0.29840328317089226,0.47436131215198496,0.4709100135035848,0.34305978026978956,894.0404524596165,0.3296606689985554,0.025009153234472503,0.1788080904919233
trend24,SOLUSDT,2,development_2024_25,731,-0.3133010683856916,-0.5039278169308675,-0.38720963484535853,0.28960741127057726,0.4659166393916236,0.47076477830686064,0.30461404299931544,583.6924780285641,0.015007435917024955,-0.1662790585735775,0.1167384956057128
trend24,SOLUSDT,2,reused_2026,267,0.49567849760651517,1.8766356660375694,-0.17041155091754978,0.32007883477259824,0.4974813712824127,0.47130764245042134,0.4483175853061813,310.3479744310525,0.31465323308153054,0.19128821180804995,0.062069594886210507
trend24,SOLUSDT,2,year2024,366,-0.20093782875367927,-0.7529825326229479,-0.21265676039489256,0.25432211374534675,0.4715438890581334,0.46629446766267035,0.2923453611385736,291.65347049374304,0.044359103584308474,-0.15768051140808,0.05833069409874861
trend24,SOLUSDT,2,year2025,365,-0.14061889509392778,-0.31188133014965674,-0.3523668980147303,0.3214605146550005,0.4602739726027397,0.47524733637747335,0.31691633768707295,292.039007534821,-0.02935166766728349,-0.008598547165497558,0.058407801506964195
trend24,SOLUSDT,5,all,998,-0.21455359356167703,-0.14635787223326097,-0.45607391032621936,0.29975383845434356,0.47436131215198496,0.4709100135035848,0.343059493389333,893.9829804778789,0.32965604824824973,0.02500959410375242,0.4469914902389394
trend24,SOLUSDT,5,development_2024_25,731,-0.42361166169306996,-0.8009903946930039,-0.45607391032621936,0.2908363278738725,0.4659166393916236,0.47076477830686064,0.30461382332186704,583.6598155420422,0.015005755776769061,-0.1662776917954156,0.29182990777102114
trend24,SOLUSDT,5,reused_2026,267,0.3627035008124462,1.47179951285197,-0.20072346440083033,0.321927631089269,0.4974813712824127,0.47130764245042134,0.44831711443546657,310.3231649358366,0.3146502924714805,0.19128728589916788,0.15516158246791828
trend24,SOLUSDT,5,year2024,366,-0.26788359920075555,-1.0897863302247175,-0.2782921549550821,0.2554618707068673,0.4715438890581334,0.46629446766267035,0.29234514944602685,291.6376888949609,0.04435666600593645,-0.1576816323935083,0.14581884444748047
trend24,SOLUSDT,5,year2025,365,-0.2127094302522211,-0.5805586719287652,-0.3670868585249353,0.3227767780180478,0.4602739726027397,0.47524733637747335,0.31691611000284653,292.02212664708134,-0.029350910229167332,-0.008596059401907219,0.1460110633235407
trend72,SOLUSDT,2,all,998,-0.12134046960625755,-0.001432125056989368,-0.5406930531021868,0.3079913081886837,0.4790222988563267,0.47234571494906186,0.3460842360152294,463.1742355182163,0.23644671105089435,-0.12230977224833427,0.09263484710364328
trend72,SOLUSDT,2,development_2024_25,731,-0.11540260537085345,-0.06045191508185197,-0.4061930471563425,0.29571932599501977,0.4718944748442012,0.47240272077823375,0.3117840477769126,292.12459088688183,0.16984567258816907,-0.1250706582103751,0.058424918177376356
trend72,SOLUSDT,2,reused_2026,267,-0.006712504775004402,0.13913943574749663,-0.37970896129442033,0.3399101650888011,0.4985370529869023,0.47218964281001824,0.4399922420160142,171.04964463133453,0.06660103846272544,0.0027608859620408648,0.03420992892626691
trend72,SOLUSDT,2,year2024,366,0.20946187640461789,0.8394495149228781,-0.15407619543207518,0.2686100609690934,0.48203172434729813,0.4576502732240437,0.29985773012307265,139.05718191663073,0.25640710570531755,0.013236769029705164,0.027811436383326144
trend72,SOLUSDT,2,year2025,365,-0.2686024984443508,-0.817240702006649,-0.40619304715634375,0.32047465015816573,0.46172945205479454,0.48719558599695584,0.32374304027363976,153.06740897025105,-0.0865614331171485,-0.13830742724008024,0.030613481794050216
trend72,SOLUSDT,5,all,998,-0.2353326407036509,-0.16532227676674113,-0.5801287797578848,0.3086896566866549,0.4790222988563267,0.47234571494906186,0.34608410466373885,463.15280176351183,0.23644916143604341,-0.12230739968873716,0.2315764008817559
trend72,SOLUSDT,5,development_2024_25,731,-0.18962851382145907,-0.2073543272845157,-0.4320453374445363,0.2963250987144505,0.4718944748442012,0.47240272077823375,0.31178394951278576,292.1123344723918,0.1698464661335483,-0.1250685151680861,0.1460561672361959
trend72,SOLUSDT,5,reused_2026,267,-0.05639898202454974,-0.06609986176119474,-0.40385134081653595,0.3408435633762552,0.4985370529869023,0.47218964281001824,0.43999202007702254,171.04046729112,0.06660269530249507,0.0027611154793488815,0.08552023364556001
trend72,SOLUSDT,5,year2024,366,0.16004325811587083,0.6836404920922201,-0.15954312011932714,0.2691660436172211,0.48203172434729813,0.4576502732240437,0.2998576410219773,139.05184953002794,0.2564074843799141,0.01323741861660345,0.06952592476501396
trend72,SOLUSDT,5,year2025,365,-0.30142994193618433,-0.9578172153671777,-0.432045337444536,0.32111959336419926,0.46172945205479454,0.48719558599695584,0.3237429328213773,153.06048494236387,-0.08656101824636582,-0.13830593378468953,0.07653024247118195
trend168,SOLUSDT,2,all,998,0.889212543164547,0.9200054981445904,-0.21051953404257617,0.3021311293171964,0.4610053440213761,0.47520735916277,0.3447190832822157,254.8913480081324,0.583050556141743,0.25873946558486327,0.05097826960162649
trend168,SOLUSDT,2,development_2024_25,731,0.22906673429868696,0.49878110643363893,-0.19559193083639315,0.2908057202294477,0.4556543547651619,0.46934374525003797,0.30854659855603533,153.79362207728306,0.3965866118056396,-0.049383980998961366,0.030758724415456615
trend168,SOLUSDT,2,reused_2026,267,0.537111444353378,1.939170932689507,-0.2105195340425765,0.3309959178332617,0.4756554307116105,0.4912609238451935,0.44375311449883675,101.09772593084936,0.18646394433610336,0.30812344658382473,0.020219545186169877
trend168,SOLUSDT,2,year2024,366,0.08690974332978829,0.4409448755334203,-0.14965490833971185,0.2723505921626204,0.48524779902853676,0.44126631754705525,0.29648174100667735,72.2509388188743,0.2466959006297796,-0.09805390477056163,0.014450187763774863
trend168,SOLUSDT,2,year2025,365,0.13079006039029362,0.5511579715152793,-0.19559193083639237,0.3085750064603862,0.4259798325722983,0.497498097412481,0.32064451050963816,81.54268325840877,0.14989071117585995,0.04866992377160022,0.016308536651681756
trend168,SOLUSDT,5,all,998,0.7501313811666273,0.8269000344508075,-0.2191833639153017,0.30241237222846945,0.4610053440213761,0.47520735916277,0.3447190137632957,254.88216050458192,0.5830497291050845,0.25873819197960884,0.12744108025229095
trend168,SOLUSDT,5,development_2024_25,731,0.1736469906810585,0.4194354576530321,-0.2027838184211077,0.29105407997201443,0.4556543547651619,0.46934374525003797,0.3085465502936692,153.78856112068559,0.39658527992452364,-0.04938514307878872,0.07689428056034281
trend168,SOLUSDT,5,reused_2026,267,0.49119061784586404,1.8118418021019247,-0.2191833639153018,0.33141387555008534,0.4756554307116105,0.4912609238451935,0.44375298678313474,101.09359938389629,0.18646444918056082,0.3081233350583976,0.05054679969194814
trend168,SOLUSDT,5,year2024,366,0.06360365087153363,0.36147917655890427,-0.1558016440076888,0.2726064383994651,0.48524779902853676,0.44126631754705525,0.29648169707146593,72.24873972068161,0.24669514165749098,-0.09805590138195423,0.03612436986034081
trend168,SOLUSDT,5,year2025,365,0.10346273230573333,0.4717324051784801,-0.20278381842110849,0.3088185897655333,0.4259798325722983,0.497498097412481,0.32064445790826207,81.53982140000397,0.1498901382670326,0.048670758303165536,0.04076991070000199
trend336,SOLUSDT,2,all,998,0.13053268984837607,0.2989107777965747,-0.3354176379917392,0.29385390576961296,0.46705911823647295,0.4754543809841906,0.35123953620911963,169.67191891684197,0.31210741025377065,-0.013533260806110718,0.033934383783368396
trend336,SOLUSDT,2,development_2024_25,731,-0.07429152893978119,0.0029213675777030293,-0.3165359745401741,0.280717075334603,0.458219334245326,0.4819881440948472,0.3134895309301186,100.9831774560204,0.23497006363541162,-0.19266992256901694,0.02019663549120408
trend336,SOLUSDT,2,reused_2026,267,0.22126211997776357,0.9960083007515219,-0.25952150296188126,0.3273777692087455,0.4912609238451936,0.45756606325426546,0.4545925469167964,68.68874146082159,0.07713734661835901,0.17913666176290613,0.013737748292164318
trend336,SOLUSDT,2,year2024,366,0.1215019602665186,0.5520106466885726,-0.23980463834245203,0.27569600238084213,0.49169892228293866,0.432595248937462,0.30555838524584483,45.67786562975117,0.26338250487723447,-0.08565025109778654,0.009135573125950236
trend336,SOLUSDT,2,year2025,365,-0.1745814953009731,-0.5281686654226796,-0.31653597454017446,0.2858209643445673,0.4246480213089802,0.5315163622526636,0.3214424057806507,55.305311826269225,-0.028412441241822878,-0.10701967147123043,0.011061062365253845
trend336,SOLUSDT,5,all,998,0.07442564486963388,0.23557231243267393,-0.35276125742657927,0.2939477791699474,0.46705911823647295,0.4754543809841906,0.35123949030426266,169.66663808834292,0.3121060163066368,-0.013531919464580953,0.08483331904417146
trend336,SOLUSDT,5,development_2024_25,731,-0.10191585062395958,-0.05083598410956371,-0.32175806652680494,0.28081831969604887,0.458219334245326,0.4819881440948472,0.31348949908982693,100.98036142405991,0.23496896048282812,-0.1926686876767455,0.05049018071202995
trend336,SOLUSDT,5,reused_2026,267,0.19635297607257773,0.9097133960140316,-0.2717009079257394,0.32748094398226435,0.4912609238451936,0.45756606325426546,0.45459246250558294,68.68627666428303,0.0771370558238087,0.17913676821216457,0.03434313833214151
trend336,SOLUSDT,5,year2024,366,0.10623812684142453,0.502343613555771,-0.24445875485822632,0.27579778429215435,0.49169892228293866,0.432595248937462,0.3055583588379408,45.676559801334626,0.26338163629794015,-0.08564952953427729,0.022838279900667315
trend336,SOLUSDT,5,year2025,365,-0.1881638070635948,-0.5858864685704189,-0.3217580665268043,0.28591767060091045,0.4246480213089802,0.5315163622526636,0.3214423684930882,55.303801622725274,-0.028412675815112073,-0.10701915814246825,0.027651900811362637
trend_ensemble,SOLUSDT,2,all,998,0.04107970183294918,0.18179571266675926,-0.3501269664705251,0.24860979889830156,0.44259002907091766,0.45493127660663957,0.2570496541563787,406.00809113066623,0.3441144407201482,-0.11629451180693084,0.08120161822613325
trend_ensemble,SOLUSDT,2,development_2024_25,731,-0.14023490831734864,-0.21149624098546002,-0.2949759954580433,0.2313649604425111,0.43795202425837043,0.45545485636114913,0.2310394119503624,256.0367617010429,0.14728824087547532,-0.17155878941918848,0.05120735234020858
trend_ensemble,SOLUSDT,2,reused_2026,267,0.21088854607419028,1.0419938682531231,-0.25329113751230237,0.2906977006972727,0.4552880871906632,0.45349780544354396,0.3282612161511275,149.97132942962332,0.1968261998446728,0.055264277612257676,0.029994265885924666
trend_ensemble,SOLUSDT,2,year2024,366,0.02932013400233191,0.24314992083027023,-0.1031902624794151,0.20177889909513944,0.46109558821973856,0.432860883424408,0.22269548126899397,122.56464446556305,0.1393829853614132,-0.05110291659920689,0.02451292889311261
trend_ensemble,SOLUSDT,2,year2025,365,-0.16472527517789337,-0.5709154994459885,-0.29497599545804276,0.2578256199610477,0.4147450532724506,0.47811073059360726,0.2394062027157894,133.47211723547986,0.007905255514062112,-0.12045587281998156,0.026694423447095973
trend_ensemble,SOLUSDT,5,all,998,-0.07831079175128586,0.003150062722592113,-0.38737525132649375,0.249143166913513,0.44259002907091766,0.45493127660663957,0.25704955297336557,405.9927784170221,0.34411441351083727,-0.11629441037187899,0.20299638920851104
trend_ensemble,SOLUSDT,5,development_2024_25,731,-0.2038031927991314,-0.37584779887376946,-0.32006147495909576,0.23188533630880717,0.43795202425837043,0.45545485636114913,0.23103933560188572,256.0281234131165,0.1472879847970004,-0.17155854704921372,0.12801406170655824
trend_ensemble,SOLUSDT,5,reused_2026,267,0.15761480065340683,0.8291250649372863,-0.26626110040367856,0.29132520838716713,0.4552880871906632,0.45349780544354396,0.328261046975432,149.9646550039056,0.19682642871383696,0.05526413667733475,0.0749823275019528
trend_ensemble,SOLUSDT,5,year2024,366,-0.007840778376145607,0.06170533274594737,-0.10888177022956125,0.20218423578843792,0.46109558821973856,0.432860883424408,0.22269541014433863,122.56073113433592,0.13938277209168287,-0.051103609599958265,0.061280365567167955
trend_ensemble,SOLUSDT,5,year2025,365,-0.19751105483075304,-0.7237872359179468,-0.3200614749590964,0.2584405749573029,0.4147450532724506,0.47811073059360726,0.23940612112917947,133.46739227878058,0.007905212705317473,-0.12045493744925545,0.06673369613939029
breakout,SOLUSDT,2,all,998,0.9311873571529219,0.9971228261549516,-0.24218280304716722,0.28015721828723356,0.47661930035060446,0.4492793659327948,0.30529464485834745,621.4037290695363,0.5988539894638706,0.31505142324613344,0.12428074581390727
breakout,SOLUSDT,2,development_2024_25,731,0.4243123565477369,0.792515146547715,-0.22215752897621754,0.26748802517850573,0.47391082543813523,0.4426038424445218,0.2752202344108998,396.081150912587,0.3727698373602093,0.15557919440269813,0.07921623018251742
breakout,SOLUSDT,2,reused_2026,267,0.3558734839833555,1.483787733745127,-0.21532438544603338,0.3125642657058063,0.48403463803230856,0.46755579915349715,0.3876331993043557,225.32257815694922,0.2260841521036613,0.15947222884343532,0.04506451563138985
breakout,SOLUSDT,2,year2024,366,0.28841714338695223,1.193639134868974,-0.1214268442817863,0.23467046851610712,0.5129069734540047,0.4070042287317877,0.2694914605880525,187.94996742865726,0.2724751325827353,0.06253160070261816,0.03758999348573146
breakout,SOLUSDT,2,year2025,365,0.10547454592504923,0.4836641526839716,-0.22215752897621666,0.29706176752341135,0.43480783866057837,0.4783009893455099,0.28096470350449476,208.13118348392976,0.10029470477747397,0.09304759370007999,0.04162623669678596
breakout,SOLUSDT,5,all,998,0.6027294981971096,0.7524508664333825,-0.27501552652643946,0.28086174855252893,0.47661930035060446,0.4492793659327948,0.30529444638834863,621.3746999613257,0.5988510616809994,0.31505035728779446,0.3106873499806629
breakout,SOLUSDT,5,development_2024_25,731,0.2647336230038737,0.5699348977334393,-0.23385836215877887,0.26811109225261226,0.47391082543813523,0.4426038424445218,0.27522008512200635,396.0647903872713,0.3727693962867553,0.15557776969223996,0.19803239519363566
breakout,SOLUSDT,5,reused_2026,267,0.26724669056434136,1.1851848565708405,-0.2314784766626229,0.3135177011221551,0.48403463803230856,0.46755579915349715,0.3876328661849636,225.30990957405447,0.22608166539424418,0.15947258759555452,0.11265495478702724
breakout,SOLUSDT,5,year2024,366,0.21777810081878668,0.9521649824837607,-0.12925581045544132,0.23523566643947907,0.5129069734540047,0.4070042287317877,0.2694913236736738,187.94260934687674,0.27247661002727186,0.06252739356764594,0.09397130467343837
breakout,SOLUSDT,5,year2025,365,0.03855835652941564,0.27350997495847595,-0.23385836215877975,0.2977352668570672,0.43480783866057837,0.4783009893455099,0.28096454180718367,208.1221810403946,0.10029278625948339,0.09305037612459405,0.1040610905201973
range_only,SOLUSDT,2,all,998,-0.3108674512193754,-0.6190254102598475,-0.3508903085856643,0.19038871468918442,0.42528287556530014,0.4287341742137003,0.19412268286101528,315.2574539237548,-0.027941263149165882,-0.21320630984325242,0.06305149078475097
range_only,SOLUSDT,2,development_2024_25,731,-0.10993685315438873,-0.22326595852285747,-0.28341005943938036,0.18409550465925378,0.4173981608147135,0.4255118737795742,0.17468099395757036,201.45379426049624,0.07761891227724506,-0.10473365971373008,0.04029075885209925
range_only,SOLUSDT,2,reused_2026,267,-0.2257486997153919,-1.5875270711877614,-0.25950012960609903,0.20660590736884282,0.44686986613713114,0.4375562776494538,0.24735067757419227,113.80365966325857,-0.105560175426411,-0.1084726501295223,0.022760731932651716
range_only,SOLUSDT,2,year2024,366,-0.12376127392457537,-0.7546941145674161,-0.21484822980534446,0.15801315404151847,0.3857012750455374,0.45068840849903424,0.16737634413787136,91.69790478746,0.028229533782988883,-0.1216140100456829,0.018339580957492004
range_only,SOLUSDT,2,year2025,365,0.015777002726305556,0.17990273095923964,-0.17685448383236624,0.20711851532901507,0.44918188736681897,0.40026636225266365,0.18200565651650139,109.75588947303622,0.04938937849425622,0.016880350331952808,0.021951177894607245
range_only,SOLUSDT,5,all,998,-0.37305787653698796,-0.8035592019395543,-0.4055164346813509,0.18982638881447803,0.42528287556530014,0.4287341742137003,0.19412262408952433,315.24688647013835,-0.027940796468530565,-0.21320627064499953,0.1576234432350692
range_only,SOLUSDT,5,development_2024_25,731,-0.1621366684006279,-0.3887966545327291,-0.3156851146208748,0.18356438445838355,0.4173981608147135,0.4255118737795742,0.17468094971929518,201.44753949740658,0.07761891076499416,-0.10473362362765658,0.10072376974870331
range_only,SOLUSDT,5,reused_2026,267,-0.2517370079124226,-1.8199731315021397,-0.27348344457895934,0.20591481758257468,0.44686986613713114,0.4375562776494538,0.2473505790132603,113.79934697273177,-0.10555970723352467,-0.10847264701734285,0.056899673486365876
range_only,SOLUSDT,5,year2024,366,-0.14753799133960777,-0.9315175565545141,-0.22811196484781782,0.1575372954991404,0.3857012750455374,0.45068840849903424,0.16737630498026604,91.69519052414978,0.02823065019353601,-0.12161414274810038,0.04584759526207489
range_only,SOLUSDT,5,year2025,365,-0.01712531105516235,0.020416426255963124,-0.1884122175801768,0.2065414711337919,0.44918188736681897,0.40026636225266365,0.1820056071836367,109.75234897325683,0.04938826057145816,0.01688051912044375,0.05487617448662842
down_rebound,SOLUSDT,2,all,998,0.5671684505910868,0.7184033284133589,-0.24099178392949228,0.28433291189270593,0.44895752354496066,0.29609218436873747,0.29101663252298804,623.7730983630506,0.6359866423816738,0.07938940812441342,0.12475461967261015
down_rebound,SOLUSDT,2,development_2024_25,731,0.08304651952378417,0.28101211235864043,-0.24099178392949228,0.27783826827019464,0.45197392863365804,0.2954856361149111,0.2647090267987624,419.9721451181299,0.3787084167527642,-0.1121239511291281,0.08399442902362599
down_rebound,SOLUSDT,2,reused_2026,267,0.4470001263474539,1.8252096342218787,-0.21642468065792653,0.30119916576550004,0.44069912609238454,0.29775280898876405,0.363042324599426,203.80095324492072,0.2572782256289095,0.19151335925354143,0.040760190648984146
down_rebound,SOLUSDT,2,year2024,366,0.06931556898202307,0.3887717865741645,-0.20829296120542817,0.25574606369625663,0.4819574154465199,0.26501783545840923,0.2622687323323603,197.4798570760104,0.26488435079890515,-0.1089755298041176,0.03949597141520208
down_rebound,SOLUSDT,2,year2025,365,0.012840877791421956,0.18970780896638925,-0.2409917839294915,0.29870403239632637,0.4219082952815829,0.32603691019786907,0.26715600700342856,222.49228804211953,0.11382406595385902,-0.003148421325010489,0.0444984576084239
down_rebound,SOLUSDT,5,all,998,0.29969463627860904,0.4769251334629034,-0.2658665869009065,0.28537560484974533,0.44895752354496066,0.29609218436873747,0.291016436314318,623.7273419671052,0.6359902084689093,0.07939179922962114,0.3118636709835526
down_rebound,SOLUSDT,5,development_2024_25,731,-0.045167603600830275,0.055514836581520774,-0.2658665869009065,0.2789757303404056,0.45197392863365804,0.2954856361149111,0.2647088653500914,419.9437081930238,0.3787099180889198,-0.11212202363460255,0.20997185409651187
down_rebound,SOLUSDT,5,reused_2026,267,0.36117567981561294,1.543757707430211,-0.2312714706601685,0.30207283978059574,0.44069912609238454,0.29775280898876405,0.3630420332238673,203.78363377408144,0.2572802903799896,0.1915138228642237,0.10189181688704071
down_rebound,SOLUSDT,5,year2024,366,0.007802379789008551,0.15820448862368877,-0.23388396466557737,0.2569334581562878,0.4819574154465199,0.26501783545840923,0.2622685795095302,197.4663710903293,0.2648830171477399,-0.10897641518436993,0.09873318554516465
down_rebound,SOLUSDT,5,year2025,365,-0.05255989115736126,-0.03249573546770209,-0.26586658690090603,0.29980474595098755,0.4219082952815829,0.32603691019786907,0.26715583690528427,222.47733710269443,0.11382690094117995,-0.003145608450232637,0.11123866855134722
selected_trend,SOLUSDT,2,all,998,0.17791665148316826,0.34980421689687946,-0.36249220397732784,0.29146465949829964,0.45010796855034113,0.46570223780895126,0.3217643849480505,275.6317995173805,0.2866615095503,0.0732032127327839,0.055126359903476106
selected_trend,SOLUSDT,2,development_2024_25,731,-0.15355671715032937,-0.15678485545323023,-0.36249220397732784,0.280919530687706,0.4457831393097984,0.4579628362973096,0.2898803869908229,205.1307188372913,0.15633622124283877,-0.18094332057436108,0.041026143767458265
selected_trend,SOLUSDT,2,reused_2026,267,0.39160730003969957,1.5767299467079923,-0.21848015665980192,0.318175621516812,0.4619486059092801,0.4868913857677903,0.409057278231696,70.50108068008922,0.1303252883074614,0.25414653330714493,0.014100216136017845
selected_trend,SOLUSDT,2,year2024,366,-0.002325476791536718,0.11597768947686224,-0.15407619543209838,0.25160702147580466,0.47814997678177407,0.398650956284153,0.26989521397869676,76.8651788012443,0.16857863151840807,-0.10961342390257756,0.01537303576024886
selected_trend,SOLUSDT,2,year2025,365,-0.15158374483939074,-0.3816118858164471,-0.36249220397732795,0.3078239360319301,0.4133276255707762,0.5174372146118722,0.3099203139016124,128.265540036047,-0.012242410275569347,-0.07132989667178347,0.0256531080072094
selected_trend,SOLUSDT,5,all,998,0.08443127027373287,0.24608568612455528,-0.38089862737289226,0.2917761417653564,0.45010796855034113,0.46570223780895126,0.321764312470459,275.6211595541131,0.2866609333214385,0.07320520107872394,0.13781057977705655
selected_trend,SOLUSDT,5,development_2024_25,731,-0.20407710941286594,-0.26541481369444436,-0.38089862737289226,0.2812878902248178,0.4457831393097984,0.4579628362973096,0.28988031958528043,205.12251357722215,0.15633579036098189,-0.18094124650697824,0.10256125678861107
selected_trend,SOLUSDT,5,reused_2026,267,0.3624828272921934,1.4851235237019906,-0.22496912482673304,0.31834652919219797,0.4619486059092801,0.4868913857677903,0.40905719186770817,70.49864597689096,0.13032514296045655,0.25414644758570226,0.03524932298844548
selected_trend,SOLUSDT,5,year2024,366,-0.025068732101153013,0.024776930152923652,-0.15954312011933647,0.25182137117391823,0.47814997678177407,0.398650956284153,0.2698951667191747,76.86245309458728,0.1685785264144674,-0.10961309934793545,0.03843122654729364
selected_trend,SOLUSDT,5,year2025,365,-0.18361127928280374,-0.505257787690177,-0.3808986273728924,0.30831180994542906,0.4133276255707762,0.5174372146118722,0.3099202262948549,128.26006048263486,-0.01224273605348554,-0.07132814715904276,0.06413003024131743
selected_breakout,SOLUSDT,2,all,998,0.3753207735896955,0.5399048926690687,-0.3566622974435343,0.2955211272467214,0.4714040086561043,0.4528704621787129,0.330847538609325,529.5041961235326,0.5151687642566172,0.054966128090239624,0.10590083922470653
selected_breakout,SOLUSDT,2,development_2024_25,731,0.22517819966192798,0.49737183846984906,-0.21688287030003772,0.28406563926044437,0.4721398840307535,0.44387999338514,0.29135714116069555,254.17286925988412,0.3388614522231849,0.02079588332392673,0.05083457385197683
selected_breakout,SOLUSDT,2,reused_2026,267,0.12254753958991249,0.6440616754494641,-0.3452168142037888,0.32538086820107975,0.4693893086603418,0.4774848168157979,0.43896544323459874,275.3313268636484,0.1763073120334323,0.03417024476631289,0.05506626537272969
selected_breakout,SOLUSDT,2,year2024,366,0.11800091746234576,0.5647463644333656,-0.11641701664526105,0.2534956975986233,0.5240367477347686,0.3896114834489484,0.2872840486806024,136.59184968803794,0.17014562225506835,0.01893513906807133,0.027318369937607594
selected_breakout,SOLUSDT,2,year2025,365,0.09586511113323204,0.44670284786895503,-0.21688287030003772,0.31207902491259687,0.42010083713850843,0.49829718417047186,0.29544139279826837,117.5810195718462,0.1687158299681166,0.0018607442558554177,0.02351620391436924
selected_breakout,SOLUSDT,5,all,998,0.17331106601997193,0.3431911549973482,-0.3796433525351979,0.29608823789260136,0.4714040086561043,0.4528704621787129,0.330847329798175,529.474361950872,0.5151652567925843,0.05496251120989064,0.264737180975436
selected_breakout,SOLUSDT,5,development_2024_25,731,0.13522688436892394,0.3632232203099707,-0.22380251253132233,0.28444059509592573,0.4721398840307535,0.44387999338514,0.2913570375589821,254.16339581202814,0.3388617773575779,0.020791866749047837,0.12708169790601406
selected_breakout,SOLUSDT,5,reused_2026,267,0.03354763895696533,0.2970312861060063,-0.3594578629785189,0.3264269321155356,0.4693893086603418,0.4774848168157979,0.4389649463781375,275.3109661388438,0.17630347943500657,0.034170644460842794,0.1376554830694219
selected_breakout,SOLUSDT,5,year2024,366,0.07311278838349011,0.40326954526919795,-0.1211357945244722,0.25390880371379193,0.5240367477347686,0.3896114834489484,0.2872839378181361,136.58656772716304,0.1701469763543692,0.018929915193863354,0.06829328386358152
selected_breakout,SOLUSDT,5,year2025,365,0.05788216919770428,0.3336449388794812,-0.22380251253132277,0.31242702415920015,0.42010083713850843,0.49829718417047186,0.2954412964772003,117.5768280848651,0.16871480100320868,0.0018619515551844962,0.05878841404243254
regime_gate,SOLUSDT,2,all,998,0.3039383847607484,0.5368573166003875,-0.2311526719195488,0.22880117987749765,0.4569486194611445,0.36081538076152303,0.21737024382830392,464.7813498888986,0.3915742262757946,0.062204464856655955,0.09295626997777973
regime_gate,SOLUSDT,2,development_2024_25,731,0.02697567245300858,0.16779698346055374,-0.1770167007801321,0.2144598065434609,0.4612688098495212,0.3476354689162487,0.19541674976552048,299.8252979549564,0.21571619838410253,-0.06119765277496811,0.059965059590991285
regime_gate,SOLUSDT,2,reused_2026,267,0.26968770511008766,1.365114099771297,-0.23115267191954836,0.26415968985062377,0.44512068248023307,0.39689970869746155,0.2774751283222917,164.95605193394215,0.17585802789169208,0.12340211763162404,0.03299121038678843
regime_gate,SOLUSDT,2,year2024,366,0.029679293249773586,0.2487629306333295,-0.13592761767144257,0.18728947004689148,0.5037947783849424,0.3005085003035823,0.19019731704137746,143.2432050791623,0.17046186355943163,-0.08245362166381559,0.028648641015832456
regime_gate,SOLUSDT,2,year2025,365,-0.002625692110631017,0.10612659431807266,-0.17701670078013365,0.23888154737453646,0.41862633181126324,0.3948915525114155,0.20065048230534607,156.58209287579413,0.04525433482467091,0.02125596888884751,0.03131641857515883
regime_gate,SOLUSDT,5,all,998,0.13422588910317845,0.31373130192681675,-0.24265023139698716,0.22937823978601163,0.4569486194611445,0.36081538076152303,0.21737012941797665,464.7592872235068,0.3915733576476662,0.06220444610460821,0.23237964361175345
regime_gate,SOLUSDT,5,development_2024_25,731,-0.061368107927485926,-0.04086631442862943,-0.19708475171449058,0.2150807659714594,0.4612688098495212,0.3476354689162487,0.19541666320691914,299.812646083313,0.21571569521293804,-0.06119623688027242,0.14990632304165646
regime_gate,SOLUSDT,5,reused_2026,267,0.20838200649542138,1.1070869538967434,-0.2418728560503839,0.26470377150494373,0.44512068248023307,0.39689970869746155,0.2774749376587371,164.9466411401939,0.17585766243472828,0.12340068298488063,0.08247332057009696
regime_gate,SOLUSDT,5,year2024,366,-0.01363299888269942,0.02043222295506358,-0.14445688292902337,0.18783385916133322,0.5037947783849424,0.3005085003035823,0.19019723516598577,143.2372704830978,0.17046121621152516,-0.08245251093161024,0.07161863524154892
regime_gate,SOLUSDT,5,year2025,365,-0.0483948763398544,-0.0895416069550443,-0.19708475171449036,0.23957103421746073,0.41862633181126324,0.3948915525114155,0.20065039105070437,156.57537560021512,0.04525447900141286,0.021256274051337787,0.07828768780010757
gate_no_range,SOLUSDT,2,all,998,0.36426685278680737,0.6035274025288364,-0.22194769905754308,0.23219613380304127,0.42830104653751944,0.35741622133155204,0.2210472640536187,444.61312974200774,0.3979739939358038,0.09957665860292753,0.08892262594840156
gate_no_range,SOLUSDT,2,development_2024_25,731,0.0666691446158072,0.25542542049765893,-0.17429581279272321,0.21764905367720083,0.4255870953032376,0.3504189466484268,0.1988987235466315,287.79740908267854,0.23161108921470475,-0.03949455742946229,0.05755948181653571
gate_no_range,SOLUSDT,2,reused_2026,267,0.2789972032782393,1.3860801178402606,-0.22194769905754363,0.26809606015499937,0.43573137744486057,0.37657355389096964,0.281686152108329,156.8157206593292,0.16636290472109905,0.13907121603238987,0.03136314413186585
gate_no_range,SOLUSDT,2,year2024,366,0.06187705975625479,0.40881364426168965,-0.11899650282856011,0.19055654770543545,0.4575933515482696,0.31898907103825136,0.19464059649967558,139.19072312211568,0.17082224552973663,-0.05158513383678763,0.02783814462442314
gate_no_range,SOLUSDT,2,year2025,365,0.004512843380055642,0.13725662202448208,-0.17429581279272233,0.24204999603372557,0.3934931506849315,0.3819349315068493,0.20316851669508593,148.60668596056286,0.06078884368496813,0.012090576407325332,0.029721337192112576
gate_no_range,SOLUSDT,5,all,998,0.19390470078383215,0.39298914022866666,-0.232282996756752,0.23278455381331223,0.42830104653751944,0.35741622133155204,0.2210471544543717,444.59294750082597,0.3979733830409079,0.09957682893561573,0.22229647375041295
gate_no_range,SOLUSDT,5,development_2024_25,731,-0.021564820620840752,0.057818275877534304,-0.1903181992169688,0.21827536696041236,0.4255870953032376,0.3504189466484268,0.1988986403776904,287.785694584535,0.23161075273882478,-0.03949298267062703,0.14389284729226748
gate_no_range,SOLUSDT,5,reused_2026,267,0.2202184937191174,1.1441663507693927,-0.2322829967567518,0.2686593532816731,0.43573137744486057,0.37657355389096964,0.28168597014745816,156.80725291629088,0.1663626303020831,0.1390698116062427,0.07840362645814546
gate_no_range,SOLUSDT,5,year2024,366,0.018447907075173076,0.19026602643404314,-0.12374092372934165,0.1911054854553905,0.4575933515482696,0.31898907103825136,0.19464051718952224,139.18517764809027,0.1708218240002131,-0.051584510019329934,0.06959258882404513
gate_no_range,SOLUSDT,5,year2025,365,-0.039287947295140846,-0.04607838384299413,-0.19031819921697102,0.24274534651553265,0.3934931506849315,0.3819349315068493,0.20316842965678503,148.6005169364447,0.06078892873861168,0.012091527348702932,0.07430025846822236
adaptive14,SOLUSDT,2,all,998,0.2432127529127024,0.4726185746096344,-0.2155710246010646,0.21808120490625435,0.42957384474717925,0.3573605544422178,0.20824931569323127,420.77497526897,0.31638345000275087,0.07251854204722162,0.08415499505379401
adaptive14,SOLUSDT,2,development_2024_25,731,0.003326047948855493,0.10848413256050919,-0.19260667705106105,0.20275754172144564,0.4288835689314486,0.35297442620459035,0.18879112385597396,272.6168037328248,0.16908266932428206,-0.05033639445259712,0.05452336074656496
adaptive14,SOLUSDT,2,reused_2026,267,0.23909147525299312,1.2724327500478054,-0.21138223386240562,0.2554428318409927,0.4314637010067265,0.36936901789429877,0.26152249259598437,148.15817153614523,0.14730078067846886,0.12285493649981878,0.029631634307229045
adaptive14,SOLUSDT,2,year2024,366,0.06352556478739846,0.43251784348794026,-0.08516943739913974,0.17868647187592235,0.4591302367941712,0.3018461596842745,0.1838964217482294,128.08111305310644,0.1683933677959697,-0.05359211201231322,0.02561622261062129
adaptive14,SOLUSDT,2,year2025,365,-0.05660373274673047,-0.14895392013311917,-0.19260667705106027,0.22452992439876227,0.39855403348554036,0.4042427701674277,0.19369923610647943,144.53569067971836,0.0006893015283123381,0.0032557175597161536,0.028907138135943672
adaptive14,SOLUSDT,5,all,998,0.09577594157292446,0.2607975125129676,-0.2586745632516536,0.21860526976822964,0.42957384474717925,0.3573605544422178,0.20824921862102908,420.7563838961984,0.31638288249965296,0.07251882768471635,0.21037819194809917
adaptive14,SOLUSDT,5,development_2024_25,731,-0.07546715290660566,-0.09204251376703229,-0.2163533441574398,0.20334808840480642,0.4288835689314486,0.35297442620459035,0.1887910512154637,272.6059592206194,0.16908228117123925,-0.050335334773257315,0.13630297961030968
adaptive14,SOLUSDT,5,reused_2026,267,0.1852212120076604,1.033076715005771,-0.22102517626063944,0.25587932029176697,0.4314637010067265,0.36936901789429877,0.26152232863401886,148.15042467557896,0.1473006013284137,0.12285416245797368,0.07407521233778948
adaptive14,SOLUSDT,5,year2024,366,0.0234344275894649,0.21794341383038685,-0.09030657863654912,0.17916350814744278,0.4591302367941712,0.3018461596842745,0.183896354279133,128.0761916727713,0.1683928493180788,-0.05359178363619009,0.06403809583638566
adaptive14,SOLUSDT,5,year2025,365,-0.09663694891427244,-0.3402926075425873,-0.2163533441574398,0.22521530403463286,0.39855403348554036,0.4042427701674277,0.19369915828038703,144.52976754784808,0.0006894318531604493,0.003256448862932776,0.07226488377392404
adaptive42,SOLUSDT,2,all,998,0.14295067971595898,0.33179587221703816,-0.24067022097835478,0.21778274084744156,0.4417098085059007,0.357666722333556,0.20860517592897113,421.8792826983632,0.2589050788685403,0.045285782320705584,0.08437585653967265
adaptive42,SOLUSDT,2,development_2024_25,731,-0.06457990654619405,-0.06413395800435463,-0.20218678091049647,0.20266223424182195,0.4440454476364189,0.35005319957440345,0.18971636748671922,276.0095272134989,0.11339322064663057,-0.06452473089637659,0.05520190544269978
adaptive42,SOLUSDT,2,reused_2026,267,0.22185816588127638,1.2003554111533417,-0.2196643327591814,0.25465644625231065,0.4353152309612983,0.3785112359550562,0.26031947919221493,145.86975548486436,0.14551185822190965,0.10981051321708213,0.02917395109697287
adaptive42,SOLUSDT,2,year2024,366,0.016663755365427413,0.1809728460458681,-0.11459744177114117,0.18030077614937562,0.46498368245294475,0.30586862477231325,0.18608624134397042,130.39749844570846,0.13289735684859638,-0.06234163336022894,0.026079499689141694
adaptive42,SOLUSDT,2,year2025,365,-0.07991202743567782,-0.26336786221725494,-0.20218678091049636,0.22307054564852197,0.42304984779299853,0.3943588280060883,0.19335643918054407,145.61202876779043,-0.01950413620196581,-0.002183097536147663,0.029122405753558088
adaptive42,SOLUSDT,5,all,998,0.0070705624399933775,0.11948362155630816,-0.2825408348102273,0.2183017663872332,0.4417098085059007,0.357666722333556,0.20860507875248918,421.8605378838413,0.2589044677282182,0.04528644533975054,0.21093026894192063
adaptive42,SOLUSDT,5,development_2024_25,731,-0.13891722080820978,-0.2667420270515492,-0.23227331362334558,0.20324910407683305,0.4440454476364189,0.35005319957440345,0.1897162936902724,275.9984996695881,0.1133930188609859,-0.06452318224739378,0.13799924983479406
adaptive42,SOLUSDT,5,reused_2026,267,0.1695397780283403,0.9641043210881783,-0.22928881904884557,0.2550835146641719,0.4353152309612983,0.3785112359550562,0.260319318005225,145.86203821425318,0.14551144886723225,0.1098096275871443,0.0729310191071266
adaptive42,SOLUSDT,5,year2024,366,-0.02234049694221718,-0.03483289905239868,-0.12112843607415902,0.18077003585127904,0.46498368245294475,0.30586862477231325,0.18608617253396537,130.39251579299616,0.13289705145996697,-0.06234134090258284,0.06519625789649808
adaptive42,SOLUSDT,5,year2025,365,-0.11924061853986978,-0.45703492511622146,-0.23227331362334458,0.22375684900884463,0.42304984779299853,0.3943588280060883,0.19335636038399395,145.60598387659192,-0.019504032598981043,-0.0021818413448109752,0.07280299193829595
adaptive126,SOLUSDT,2,all,998,0.2016888962444292,0.4162940275950371,-0.21729715547453643,0.21747245726151418,0.43083389000222666,0.3592427911378312,0.2104394696889776,419.01154134771747,0.2805278666369529,0.07272264634670707,0.08380230826954349
adaptive126,SOLUSDT,2,development_2024_25,731,-0.020019556541826855,0.05128504126308815,-0.1887917885835948,0.20365970144916873,0.4313392992856057,0.3454504863961088,0.1909826853756074,271.40501275171516,0.13182575861179932,-0.037402254283764494,0.054281002550343044
adaptive126,SOLUSDT,2,reused_2026,267,0.22623762980808726,1.2317737763923147,-0.21729715547453576,0.25150645293908025,0.4294501664585934,0.3970037453183521,0.2637087930338226,147.60652859600225,0.14870210802515357,0.11012490063047153,0.029521305719200454
adaptive126,SOLUSDT,2,year2024,366,0.05690037981207219,0.39495213255620226,-0.11148552343433804,0.1808977910353809,0.4516640103217972,0.2942376290224651,0.18608860206774086,126.85882079199826,0.15799869126123237,-0.04936997140766514,0.025371764158399653
adaptive126,SOLUSDT,2,year2025,365,-0.07277879526126774,-0.22605796998911015,-0.1887917885835948,0.22438360715481115,0.410958904109589,0.39680365296803655,0.19589017713089282,144.54619195971694,-0.026172932649433055,0.011967717123900656,0.028909238391943388
adaptive126,SOLUSDT,5,all,998,0.05973697407259504,0.20491039511115347,-0.2603446780645957,0.2180100513532832,0.43083389000222666,0.3592427911378312,0.2104393740348426,418.99272702420274,0.2805273507219836,0.07272299770444329,0.20949636351210135
adaptive126,SOLUSDT,5,development_2024_25,731,-0.09665103193488878,-0.14729997992876026,-0.2144771731134104,0.2042458743406544,0.4313392992856057,0.3454504863961088,0.19098261369228753,271.39421860239946,0.13182576375748545,-0.03740096758610841,0.13569710930119971
adaptive126,SOLUSDT,5,reused_2026,267,0.17312025754836835,0.9895027694342391,-0.22859956332232867,0.2519921021635953,0.4294501664585934,0.3970037453183521,0.26370863175172565,147.59850842180325,0.14870158696449814,0.11012396529055167,0.07379925421090162
adaptive126,SOLUSDT,5,year2024,366,0.017432027636534064,0.18511966416698286,-0.1158908752023683,0.18135959876051339,0.4516640103217972,0.2942376290224651,0.18608853542784312,126.85404116183193,0.1579986307918675,-0.04936966453529573,0.06342702058091595
adaptive126,SOLUSDT,5,year2025,365,-0.1121284336177576,-0.41727964060411726,-0.21447717311341186,0.22507319431649886,0.410958904109589,0.39680365296803655,0.19589010039033308,144.54017744056756,-0.02617286703438206,0.011968696949187313,0.07227008872028379
filtered_moe,SOLUSDT,2,all,998,0.18940415548334655,0.4372391008174024,-0.2063064826945057,0.1828151558001116,0.3642632487196615,0.3422609107103095,0.16782973017669872,227.34575622138834,0.25562968386384555,0.023178705621812214,0.04546915124427767
filtered_moe,SOLUSDT,2,development_2024_25,731,-0.03806438458118333,-0.02696822646682225,-0.16685309053639275,0.17259692282583003,0.34203051375588994,0.32518714850281194,0.14832859780574867,142.3058777807758,0.1183650437416542,-0.08597331912420976,0.028461175556155162
filtered_moe,SOLUSDT,2,reused_2026,267,0.2364696102508792,1.4968705584528899,-0.17223552779804308,0.20811609686006227,0.4251326466916354,0.3890059300873908,0.22122047086270807,85.03987844061257,0.1372646401221914,0.10915202474602197,0.017007975688122512
filtered_moe,SOLUSDT,2,year2024,366,0.022118759607186123,0.22637633957369263,-0.08789946095061241,0.13842738358029555,0.3191313752276867,0.24914617486338797,0.1291741249563607,58.51000689113299,0.06377136172672988,-0.014967063436881034,0.0117020013782266
filtered_moe,SOLUSDT,2,year2025,365,-0.05888077449189999,-0.20240849823063528,-0.16685309053639408,0.20129864556616553,0.3649923896499239,0.4014364535768645,0.16753554866294315,83.79587088964279,0.054593682014924316,-0.07100625568732875,0.016759174177928562
filtered_moe,SOLUSDT,5,all,998,0.1109853940677028,0.30060185307163234,-0.23169170326953603,0.18309414049435283,0.3642632487196615,0.3422609107103095,0.16782968160040274,227.33890379014605,0.2556295241076805,0.02317851822765389,0.11366945189507302
filtered_moe,SOLUSDT,5,development_2024_25,731,-0.07826761074780197,-0.1498174482411369,-0.18440571007183892,0.1729397513526389,0.34203051375588994,0.32518714850281194,0.14832856003306671,142.3018083913817,0.11836476348620731,-0.08597325550830172,0.07115090419569087
filtered_moe,SOLUSDT,5,reused_2026,267,0.2053231578083594,1.3282109186448854,-0.17845848591426017,0.20829496803756944,0.4251326466916354,0.3890059300873908,0.22122039270797816,85.03709539876431,0.1372647606214732,0.10915177373595553,0.04251854769938215
filtered_moe,SOLUSDT,5,year2024,366,0.0043337158398168985,0.09998865105968971,-0.09207357937712435,0.13867496029661247,0.3191313752276867,0.24914617486338797,0.1291740927700633,58.50838364088874,0.06377139657400419,-0.014967107686372438,0.029254191820444368
filtered_moe,SOLUSDT,5,year2025,365,-0.0822449005593211,-0.32617388652822354,-0.18440571007183904,0.201713512000052,0.3649923896499239,0.4014364535768645,0.1675355052885715,83.79342475049299,0.05459336691220312,-0.07100614782192924,0.041896712375246496
kalman,SOLUSDT,2,all,998,0.469878359609051,0.6067317389106873,-0.29631200344805053,0.3108013713547802,0.4774508245100344,0.4716058496202626,0.3566961684624384,981.6320937784735,0.46607179281976246,0.28087135333868646,0.1963264187556947
kalman,SOLUSDT,2,development_2024_25,731,-0.03164721667661319,0.09461350143720197,-0.275552738823009,0.29910811734769077,0.47081860017593724,0.4685227962427172,0.32086971253950675,648.9949666016435,0.14196684176219387,0.07754396040968534,0.12979899332032868
kalman,SOLUSDT,2,reused_2026,267,0.5179161819150566,1.8435435836077876,-0.15425492885334002,0.3403087357522027,0.49560871210638263,0.48004671860522785,0.4547828324312137,332.63712717683,0.32410495105756865,0.20332739292900115,0.06652742543536602
kalman,SOLUSDT,2,year2024,366,0.025920348685810612,0.2283131358024337,-0.16601926485373641,0.2679299013571605,0.48587866440725297,0.4480700444689849,0.3059120199946107,314.51423896946307,0.1969024914342902,-0.051497882996972236,0.06290284779389262
kalman,SOLUSDT,2,year2025,365,-0.056113094389993456,-0.014225346261740572,-0.27555273882300924,0.3277701818410991,0.4557172754946727,0.4890315829528158,0.33586838506397776,334.4807276321804,-0.054935649672096354,0.12904184340665759,0.06689614552643608
kalman,SOLUSDT,5,all,998,0.09491473409283135,0.2604090759536624,-0.33486428749150765,0.3124750881639466,0.4774508245100344,0.4716058496202626,0.35669583579286307,981.5644702577057,0.4660661082702544,0.2808694179321402,0.4907822351288529
kalman,SOLUSDT,5,development_2024_25,731,-0.2029717712356458,-0.22762724468271064,-0.31019662145219384,0.30063496210079677,0.47081860017593724,0.4685227962427172,0.3208694485764038,648.9555010706383,0.1419649202328997,0.07754051717863465,0.32447775053531913
kalman,SOLUSDT,5,reused_2026,267,0.37374649300727225,1.4351113091856622,-0.176476013512746,0.34248845025019115,0.49560871210638263,0.48004671860522785,0.4547823116551544,332.6089691870675,0.32410118803735466,0.20332890075350557,0.16630448459353375
kalman,SOLUSDT,5,year2024,366,-0.06645654370277998,-0.12068739007339423,-0.17612617780231177,0.2694121966006321,0.48587866440725297,0.4480700444689849,0.30591177453884766,314.4963342654377,0.1969016569291811,-0.05150279285219158,0.15724816713271883
kalman,SOLUSDT,5,year2025,365,-0.1462333934344482,-0.31713950410348113,-0.31019662145219373,0.3293477020954485,0.4557172754946727,0.4890315829528158,0.33586810254283,334.45916680520054,-0.05493673669628141,0.1290433100308263,0.1672295834026003
trend_ensemble_long,SOLUSDT,2,all,998,0.2938157200937932,0.6233963839199292,-0.22456469705155024,0.17540434474250177,0.43073646082331135,0.0,0.1335014693284893,186.7917971714009,0.3437941827352665,0.0,0.03735835943428019
trend_ensemble_long,SOLUSDT,2,development_2024_25,731,0.1041365011243327,0.3849171652630355,-0.1335006930328444,0.16234987141948135,0.4223103993913693,0.0,0.12117224168564149,116.34028527859522,0.15631094677321766,0.0,0.023268057055719042
trend_ensemble_long,SOLUSDT,2,reused_2026,267,0.17178964627680693,1.1469972430339095,-0.15082226696590062,0.20717386325620538,0.45380556534297284,0.0,0.16725677047800905,70.45151189280571,0.1874832359620488,0.0,0.014090302378561143
trend_ensemble_long,SOLUSDT,2,year2024,366,0.10826078446346554,0.7617298497353497,-0.09996475392615278,0.14909736174424285,0.45517573393922856,0.0,0.12449512209329591,57.8224611818355,0.13112035820427498,0.0,0.011564492236367102
trend_ensemble_long,SOLUSDT,2,year2025,365,-0.0037214014940787354,0.06447817190438108,-0.13350069303284384,0.17479786220506918,0.38935502283105017,0.0,0.11784025749604825,58.51782409675971,0.025190588568942664,0.0,0.011703564819351944
trend_ensemble_long,SOLUSDT,5,all,998,0.2233059231140626,0.5061890544352633,-0.24436628353191092,0.17558850280742858,0.43073646082331135,0.0,0.1335014243015089,186.78551754100465,0.3437946141204943,0.0,0.09339275877050233
trend_ensemble_long,SOLUSDT,5,development_2024_25,731,0.06626380881825922,0.27742366884416253,-0.14424273505741814,0.1625539719304942,0.4223103993913693,0.0,0.12117220702454412,116.33669317945888,0.15631098045173097,0.0,0.058168346589729435
trend_ensemble_long,SOLUSDT,5,reused_2026,267,0.14728260773462298,1.006837316825859,-0.16158545556676152,0.20733819400281045,0.45380556534297284,0.0,0.16725669707102667,70.44882436154577,0.1874836336687633,0.0,0.035224412180772886
trend_ensemble_long,SOLUSDT,5,year2024,366,0.08920147940099099,0.6452682715203155,-0.10247830016429327,0.1492214006212225,0.45517573393922856,0.0,0.1244950881000099,57.82075489654143,0.13112000470213422,0.0,0.028910377448270713
trend_ensemble_long,SOLUSDT,5,year2025,365,-0.021059162162857192,-0.03561652647796325,-0.14424273505741636,0.17507174454406024,0.38935502283105017,0.0,0.11784022216530994,58.515938282917446,0.025190975749596736,0.0,0.02925796914145872
regime_gate_long,SOLUSDT,2,all,998,0.31898826636659083,0.6968600331427184,-0.21729814842839845,0.16441053821230595,0.45548040525495437,0.0,0.12500927473995851,202.43921923939928,0.3614091069887939,0.0,0.040487843847879845
regime_gate_long,SOLUSDT,2,development_2024_25,731,0.12569423195169827,0.4570642535246868,-0.13453065954901267,0.15543701315659664,0.45653309773521816,0.0,0.11497558316183176,129.57707115644303,0.17522444007967647,0.0,0.025915414231288604
regime_gate_long,SOLUSDT,2,reused_2026,267,0.17171095749488363,1.250175691000721,-0.1424866068102537,0.1869649227412522,0.45259831460674155,0.0,0.15247979362988603,72.86214808295622,0.18618466690911747,0.0,0.014572429616591246
regime_gate_long,SOLUSDT,2,year2024,366,0.1502326335561135,1.0208271456988904,-0.09510398541316045,0.14732683940212835,0.5086046599878566,0.0,0.12164848275279302,64.91760244687222,0.16852932247292954,0.0,0.012983520489374446
regime_gate_long,SOLUSDT,2,year2025,365,-0.021333424985997107,-0.05220581253506611,-0.13453065954901278,0.16326210599184945,0.40431887366818875,0.0,0.10828440165418295,64.6594687095708,0.006695117606746931,0.0,0.012931893741914158
regime_gate_long,SOLUSDT,5,all,998,0.24126601021762228,0.5614143458488141,-0.23848623351629417,0.16454374275545772,0.45548040525495437,0.0,0.12500922662659053,202.43241229593787,0.3614085714262746,0.0,0.10121620614796895
regime_gate_long,SOLUSDT,5,development_2024_25,731,0.08277374295819406,0.3320005830403262,-0.1505073686112034,0.15559365295412184,0.45653309773521816,0.0,0.11497554582410915,129.57316969584224,0.17522429201994516,0.0,0.06478658484792113
regime_gate_long,SOLUSDT,5,reused_2026,267,0.1463761642634771,1.089794324230315,-0.14951274867059783,0.187064339926409,0.45259831460674155,0.0,0.15247971601465748,72.85924260009564,0.18618427940632956,0.0,0.03642962130004783
regime_gate_long,SOLUSDT,5,year2024,366,0.12804781921643826,0.8884883680553896,-0.0978813782581982,0.1474200132933859,0.5086046599878566,0.0,0.12164844607024679,64.91570529354476,0.16852886755725743,0.0,0.03245785264677237
regime_gate_long,SOLUSDT,5,year2025,365,-0.040134890992202576,-0.17056795036372283,-0.15050736861120306,0.16347693343521968,0.40431887366818875,0.0,0.108284363659489,64.6574644022975,0.006695424462687692,0.0,0.03232873220114875
expanding_tree,SOLUSDT,2,all,998,0.0073839273673343975,0.1221156834559256,-0.3535178123830981,0.21970708314142434,0.693922567356936,0.17452613560454242,0.2037882623579719,329.92642296149836,0.25463985811867307,-0.08380434617897681,0.06598528459229969
expanding_tree,SOLUSDT,2,development_2024_25,731,0.20001266798171047,0.5205994662685135,-0.16431299896096596,0.22224605568149708,0.7650811293509652,0.12039728682170543,0.20685729981262135,225.90389380689328,0.36875396550045836,-0.06380379605150446,0.04518077876137866
expanding_tree,SOLUSDT,2,reused_2026,267,-0.16052225593447855,-1.0188137076057893,-0.28748203350295076,0.21248749041786932,0.49910268414481906,0.3227215980024969,0.19538576655516776,104.02252915460508,-0.1141141073817854,-0.020000550127472372,0.020804505830921017
expanding_tree,SOLUSDT,2,year2024,366,0.07816091543108228,0.4425192290723375,-0.16431299896096596,0.22827220862153424,0.7378377352762598,0.1290129781420765,0.21338601266282595,113.24559010465252,0.18078491273844305,-0.044842318291933386,0.022649118020930503
expanding_tree,SOLUSDT,2,year2025,365,0.1130181504510488,0.6028672941264559,-0.15521315187325435,0.21634570653694746,0.7923991628614917,0.11175799086757993,0.20031070007789556,112.65830370224076,0.1879690527620153,-0.018961477759571077,0.022531660740448156
expanding_tree,SOLUSDT,5,all,998,-0.08755152374091046,-0.04254319066207938,-0.37860081863113515,0.21978257514881339,0.693922567356936,0.17452613560454242,0.20378819027476938,329.9138633119579,0.2546419086535533,-0.08380317890910541,0.16495693165597897
expanding_tree,SOLUSDT,5,development_2024_25,731,0.1213790464214981,0.36827748193435367,-0.17268226613526283,0.22230462950031665,0.7650811293509652,0.12039728682170543,0.20685723288640875,225.89535397668772,0.3687553483134314,-0.06380293575238127,0.11294767698834385
expanding_tree,SOLUSDT,5,reused_2026,267,-0.18631574294984454,-1.2187892807874767,-0.29880417897784506,0.21258392488652203,0.49910268414481906,0.3227215980024969,0.19538568035301515,104.01850933527024,-0.11411343965987802,-0.020000243156724128,0.05200925466763512
expanding_tree,SOLUSDT,5,year2024,366,0.042146119052892894,0.2940661413559631,-0.17268226613526283,0.22832319023781095,0.7378377352762598,0.1290129781420765,0.21338594247707182,113.24117139789443,0.18078573994817992,-0.04484162027284966,0.05662058569894723
expanding_tree,SOLUSDT,5,year2025,365,0.07602861625643431,0.44654464299375957,-0.16828143973661291,0.21641242395403684,0.7923991628614917,0.11175799086757993,0.20031063642015487,112.6541825787933,0.18796960836525142,-0.01896131547953162,0.05632709128939665
rolling_tree,SOLUSDT,2,all,998,-0.24703537895886407,-0.2210428704717181,-0.5293550753963128,0.28485963342219117,0.5741169839679359,0.34151288688488085,0.29606237284688247,475.64437302659246,0.06574722733815552,-0.1221563839283964,0.09512887460531848
rolling_tree,SOLUSDT,2,development_2024_25,731,0.12347652657466024,0.3486731863553694,-0.2876178163960762,0.2754277508741377,0.6928389572883418,0.2071173430612555,0.2589059432104078,293.681137447035,0.2591987055968911,0.009783590066728465,0.058736227489406996
rolling_tree,SOLUSDT,2,reused_2026,267,-0.32979051788751523,-1.6145908679926486,-0.37368791694017855,0.3086119673319718,0.24907667498959637,0.709464731585518,0.39779027570929065,181.96323557955745,-0.19345147825873552,-0.13193997399512486,0.03639264711591149
rolling_tree,SOLUSDT,2,year2024,366,0.09070792008157746,0.4614224659657794,-0.16560845171940108,0.26134913705642415,0.7658431997571341,0.12468693078324228,0.26128291427891676,112.65978756588481,0.19475531324665046,-0.039018328016571104,0.022531957513176968
rolling_tree,SOLUSDT,2,year2025,365,0.030043429491767526,0.246908809755508,-0.287617816396076,0.28921162167036973,0.6196347031963471,0.28977359208523595,0.256522459892396,181.02134988115012,0.06444339235024066,0.04880191808329959,0.036204269976230025
rolling_tree,SOLUSDT,5,all,998,-0.3471678154003972,-0.4045987855504708,-0.566478426765846,0.2846861334274476,0.5741169839679359,0.34151288688488085,0.29606223748576027,475.62067257023057,0.06574722396268151,-0.12215833590186442,0.23781033628511528
rolling_tree,SOLUSDT,5,development_2024_25,731,0.028725786955055232,0.1889328772649939,-0.30693663975618546,0.2753936160983221,0.6928389572883418,0.2071173430612555,0.25890584641261527,293.66798948756554,0.25920001783398183,0.00978356414921152,0.1468339947437828
rolling_tree,SOLUSDT,5,reused_2026,267,-0.36539727799384336,-1.8605169252041813,-0.4026143700245376,0.30797266396275647,0.24907667498959637,0.709464731585518,0.3977900347684154,181.95268308266498,-0.19345279387130024,-0.13194190005107592,0.0909763415413325
rolling_tree,SOLUSDT,5,year2024,366,0.05445933547953441,0.33244637757847656,-0.18774930352649488,0.26132090150839005,0.7658431997571341,0.12468693078324228,0.26128284262994306,112.65552403447892,0.19475656686285775,-0.039018057912710055,0.056327762017239456
rolling_tree,SOLUSDT,5,year2025,365,-0.0244044958953078,0.059104994402219786,-0.3069366397561851,0.28916618372086944,0.6196347031963471,0.28977359208523595,0.25652233787688383,181.0124654530867,0.06444345097112411,0.048801622061921596,0.09050623272654335
action_tcn,SOLUSDT,2,all,998,-0.3326797794389271,-0.36689411118375276,-0.5471956187809074,0.289172324644971,0.5773804553551547,0.3656821725138237,0.3346505717607725,655.0478610078596,-0.014483623606232066,-0.1239527802432383,0.13100957220157194
action_tcn,SOLUSDT,2,development_2024_25,731,-0.007503482334244804,0.13542241153297924,-0.35047258961378314,0.2971152485482047,0.5854423164614684,0.3535531271498957,0.31685749941073077,462.5365491293927,0.22120973643180278,-0.03001016470139111,0.09250730982587854
action_tcn,SOLUSDT,2,reused_2026,267,-0.3276346982752766,-1.9077346394662802,-0.33611618306224245,0.2656169047083067,0.5553084685809405,0.3988894090719934,0.3833649383820477,192.511311878467,-0.23569336003803482,-0.0939426155418472,0.0385022623756934
action_tcn,SOLUSDT,2,year2024,366,0.16004873751969884,0.7328958596614986,-0.20082149514023817,0.24175612530092833,0.6624260018214937,0.2545616343409726,0.26498977986072453,142.9675428811362,0.2311332972016895,-0.014819829004444875,0.028593508576227243
action_tcn,SOLUSDT,2,year2025,365,-0.14443550036715458,-0.28223146361335233,-0.3504725896137829,0.34399116822310133,0.5082477168949773,0.4528158295281583,0.36886732230196984,319.56900624825647,-0.009923560769886736,-0.015190335696946194,0.06391380124965129
action_tcn,SOLUSDT,5,all,998,-0.4517408732318079,-0.614822781888,-0.6060232849071086,0.2893257843697722,0.5773804553551547,0.3656821725138237,0.33465038025099875,655.0099213362489,-0.014476748384482374,-0.12394754807845457,0.32750496066812446
action_tcn,SOLUSDT,5,development_2024_25,731,-0.1361000779277628,-0.0976231640844539,-0.3916258883152248,0.2972013036785242,0.5854423164614684,0.3535531271498957,0.3168573192374346,462.5084714404329,0.2212159900630741,-0.030005264151052133,0.23125423572021642
action_tcn,SOLUSDT,5,reused_2026,267,-0.3653673154025956,-2.2015015155848365,-0.373188000073958,0.26593915794626666,0.5553084685809405,0.3988894090719934,0.3833647158349518,192.501449895816,-0.23569273844755645,-0.09394228392740242,0.09625072494790798
action_tcn,SOLUSDT,5,year2024,366,0.1113446186860374,0.5562634927599618,-0.2086426803486663,0.24148495495809685,0.6624260018214937,0.2545616343409726,0.26498969752207463,142.9619570048025,0.23113588532098484,-0.014818419914824722,0.07148097850240126
action_tcn,SOLUSDT,5,year2025,365,-0.22265343481516897,-0.5600418358469572,-0.39162588831522505,0.3442675716011918,0.5082477168949773,0.4528158295281583,0.3688670440259873,319.54651443563034,-0.009919895257910705,-0.015186844236227404,0.15977325721781516
vol_long,SOLUSDT,2,all,998,0.2776715854969345,0.4230262555059016,-0.6093551896769517,0.441422031601553,1.0,0.0,0.5891798355097497,6.3196961156571865,0.562459507425981,0.0,0.0012639392231314373
vol_long,SOLUSDT,2,development_2024_25,731,0.3440427303143907,0.555154224887843,-0.3589659796495024,0.4384444399961793,1.0,0.0,0.5352618008482202,3.7961881114406495,0.5334510120905187,0.0,0.0007592376222881299
vol_long,SOLUSDT,2,reused_2026,267,-0.04938172226260329,0.07013943917748768,-0.47725957859653145,0.45020602302053336,1.0,0.0,0.7367981251636007,2.523508004216538,0.02900849533546221,0.0,0.0005047016008433076
vol_long,SOLUSDT,2,year2024,366,0.4712456167985879,1.1103835806670665,-0.24385304165388155,0.4294169510824529,1.0,0.0,0.5290110564924332,2.180569537080914,0.505369691287748,0.0,0.0004361139074161828
vol_long,SOLUSDT,2,year2025,365,-0.08645931381667371,0.020894131349345885,-0.35896597964950194,0.4475680866769864,1.0,0.0,0.5415296705310093,1.6156185743597353,0.028081320802770815,0.0,0.0003231237148719471
vol_long,SOLUSDT,5,all,998,0.27525146835933145,0.42145555441975024,-0.6095340070712414,0.44141042267661845,1.0,0.0,0.5891798321194246,6.319498064686815,0.562459392660731,0.0,0.0031597490323434074
vol_long,SOLUSDT,5,development_2024_25,731,0.34251294474498173,0.5538611577045242,-0.35902508902872465,0.4384323447396156,1.0,0.0,0.535261798032819,3.7960346828164315,0.5334508349643586,0.0,0.001898017341408216
vol_long,SOLUSDT,5,reused_2026,267,-0.05010117529885472,0.06783242850083708,-0.47741210802420875,0.45019524500827707,1.0,0.0,0.7367981201992324,2.523463381870382,0.02900855769637209,0.0,0.001261731690935191
vol_long,SOLUSDT,5,year2024,366,0.470283471852996,1.1088816032104585,-0.2440225847700317,0.4294052226753581,1.0,0.0,0.5290110534645553,2.18050844641227,0.5053696681925698,0.0,0.0010902542232061351
vol_long,SOLUSDT,5,year2025,365,-0.08690196792254368,0.019801959983826656,-0.35902508902872476,0.4475558504965264,1.0,0.0,0.541529667928667,1.6155262364041616,0.028081166771788957,0.0,0.0008077631182020809
hold,SOLUSDT,2,all,998,0.14280746961318824,0.45717399445783774,-0.7626665648505229,0.7959440256669955,1.0,0.0,0.9999999993018773,1.999800039992004,1.1873536086982104,0.0,0.00039996000799840076
hold,SOLUSDT,2,development_2024_25,731,0.2168811694694026,0.5355989920979396,-0.5978771333664181,0.8444211921338848,1.0,0.0,0.9999999990468869,0.9998000399920016,1.0845901344111728,0.0,0.00019996000799840034
hold,SOLUSDT,2,reused_2026,267,-0.06087176111740866,0.1886658431382245,-0.5760469240212902,0.6461086853667719,1.0,0.0,0.9999999999999979,1.0000000000000022,0.1027634742870375,0.0,0.00020000000000000042
hold,SOLUSDT,2,year2024,366,0.8482762472868086,1.1523982512461053,-0.38348175740681345,0.824873684557917,1.0,0.0,0.9999999980963824,0.9998000399920016,1.0880530703057714,0.0,0.00019996000799840034
hold,SOLUSDT,2,year2025,365,-0.34161293732160936,-0.05487313360116903,-0.5978771333664183,0.8639191458079666,1.0,0.0,0.9999999999999954,0.0,-0.003462935894598562,0.0,0.0
hold,SOLUSDT,5,all,998,0.14212199070649922,0.45689317893826165,-0.7626665648505249,0.7959307391741537,1.0,0.0,0.9999999982552152,1.999500249875053,1.18735366434723,0.0,0.0009997501249375265
hold,SOLUSDT,5,development_2024_25,731,0.21651628755943242,0.5354172968878746,-0.5978771333664191,0.8444071458596685,1.0,0.0,0.9999999976179298,0.9995002498750625,1.0845901900601977,0.0,0.0004997501249375312
hold,SOLUSDT,5,reused_2026,267,-0.06115355594801142,0.18802293954666935,-0.5760469240212871,0.646097452702285,1.0,0.0,0.9999999999999936,0.9999999999999905,0.10276347428703211,0.0,0.0004999999999999952
hold,SOLUSDT,5,year2024,366,0.8477220415154318,1.1520479680610427,-0.38348175740681967,0.8248454594500071,1.0,0.0,0.9999999952423757,0.9995002498750625,1.0880531259547983,0.0,0.0004997501249375312
hold,SOLUSDT,5,year2025,365,-0.3416129373216278,-0.05487313360120593,-0.5978771333664195,0.8639191458079623,1.0,0.0,0.9999999999999922,0.0,-0.003462935894600283,0.0,0.0
trend24,TRXUSDT,2,all,998,-0.009615335022405636,0.15062275345338935,-0.5746968119411993,0.3605721767392935,0.5237170042756827,0.4462292762063035,0.5581258687400716,1489.1117327467116,0.6881463042220869,-0.3256378068852808,0.29782234654934236
trend24,TRXUSDT,2,development_2024_25,731,-0.04988359402178255,0.11728344115274998,-0.5335961878614756,0.40774465583240305,0.513455070059788,0.4566771688823005,0.547051796257483,1067.5766846156184,0.6224639425354164,-0.39375577966638653,0.21351533692312374
trend24,TRXUSDT,2,reused_2026,267,0.04238244782008205,0.4091298333332359,-0.1506948146885304,0.17616719666034553,0.551812412185117,0.4176247460708957,0.5884447713047622,421.53504813109316,0.06568236168667044,0.0681179727811057,0.08430700962621863
trend24,TRXUSDT,2,year2024,366,0.8720269939015151,1.4380338609407701,-0.1263791632000515,0.5132614484813139,0.5205550716221448,0.4449029581289177,0.5613807828149112,503.9819136620177,0.7854902917094404,-0.020879261494612937,0.10079638273240354
trend24,TRXUSDT,2,year2025,365,-0.49246650338194775,-2.4960893183842536,-0.5211984299258801,0.25813783334876006,0.5063356164383561,0.46848363774733637,0.5326835522026374,563.594770953601,-0.16302634917402387,-0.37287651817177364,0.11271895419072017
trend24,TRXUSDT,5,all,998,-0.3664543987999441,-0.29937719316314865,-0.6620524631507173,0.36223292718094374,0.5237170042756827,0.4462292762063035,0.5581251311303225,1488.9729580270023,0.6881434319480721,-0.3256356933763745,0.7444864790135011
trend24,TRXUSDT,5,development_2024_25,731,-0.3102760026432393,-0.2720075938308659,-0.6053098442469018,0.4094322869441301,0.513455070059788,0.4566771688823005,0.5470510810852651,1067.4772364976552,0.6224599027789155,-0.3937539410872603,0.5337386182488277
trend24,TRXUSDT,5,reused_2026,267,-0.0814505459749092,-0.563667183684451,-0.18976089408928176,0.1781862376885359,0.551812412185117,0.4176247460708957,0.5884439722649181,421.4957215293469,0.06568352916915665,0.06811824771088588,0.21074786076467347
trend24,TRXUSDT,5,year2024,366,0.6093295850237468,1.1419319480705188,-0.1640748296336133,0.5147726280940225,0.5205550716221448,0.4449029581289177,0.5613800849108752,503.9344721098623,0.7854886853498204,-0.02088337304245326,0.25196723605493115
trend24,TRXUSDT,5,year2025,365,-0.5714215386486019,-3.1209278760751245,-0.5921211276396539,0.260335500239711,0.5063356164383561,0.46848363774733637,0.5326828197149273,563.5427643877931,-0.16302878257090503,-0.3728705680448071,0.2817713821938965
trend72,TRXUSDT,2,all,998,0.10561886322015557,0.2606807002826176,-0.5282937548747175,0.34938079218435325,0.5486012554532216,0.4203360384144208,0.5680424415203541,797.8175483147911,0.6521900356959052,-0.31840105253966905,0.15956350966295826
trend72,TRXUSDT,2,development_2024_25,731,0.19475494008214445,0.3993939779166792,-0.4603952354056301,0.3956281136563425,0.526452538379693,0.4379797461620307,0.5536602905343855,577.9954100894363,0.6177913261536019,-0.2583464055138755,0.11559908201788724
trend72,TRXUSDT,2,reused_2026,267,-0.0746061588628899,-0.5524171430664323,-0.17609499113357885,0.16686435117921739,0.6092406269167026,0.3720306063413764,0.6074182930961709,219.82213822535493,0.034398709542303355,-0.06005464702579355,0.04396442764507098
trend72,TRXUSDT,2,year2024,366,0.9786963773327217,1.5646227270446034,-0.11511974085265453,0.5053068577926156,0.5341624924104432,0.42668488160291446,0.580649972746634,268.39853196882075,0.8093207936651781,-0.0352864658026659,0.053679706393764154
trend72,TRXUSDT,2,year2025,365,-0.3961908690141378,-2.018998722111684,-0.4456391169104189,0.23592128892343947,0.5187214611872145,0.4493055555555555,0.5265966639873089,309.59687812061554,-0.19152946751157626,-0.22305993971120958,0.061919375624123106
trend72,TRXUSDT,5,all,998,-0.12972862783830996,0.010744789885187244,-0.5843032513043256,0.34999986877186406,0.5486012554532216,0.4203360384144208,0.5680420860985917,797.7676689926443,0.6521871267067056,-0.31839505349063335,0.39888383449632214
trend72,TRXUSDT,5,development_2024_25,731,0.004545488420348187,0.18085649673645832,-0.5003234554518234,0.3962278201111111,0.526452538379693,0.4379797461620307,0.5536599436933491,577.9596325704294,0.6177884577305358,-0.2583419279451455,0.28897981628521474
trend72,TRXUSDT,5,reused_2026,267,-0.133666536564517,-1.0853872872396215,-0.1985346473081473,0.16780831019925033,0.6092406269167026,0.3720306063413764,0.607417914181859,219.8080364222148,0.03439866897616988,-0.06005312554548788,0.1099040182111074
trend72,TRXUSDT,5,year2024,366,0.8256119146048848,1.4045652755152553,-0.12113113299438882,0.505798139511209,0.5341624924104432,0.42668488160291446,0.5806496423688392,268.3815574333207,0.8093187531150523,-0.03528573323240782,0.13419077871666035
trend72,TRXUSDT,5,year2025,365,-0.449748612843732,-2.4023557345944613,-0.48550181369759526,0.23679082504806329,0.5187214611872145,0.4493055555555555,0.5265963006379262,309.5780751371088,-0.19153029538451655,-0.2230561947127377,0.1547890375685544
trend168,TRXUSDT,2,all,998,0.6461457775780661,0.6396573242405916,-0.45594970803933843,0.3832901073968073,0.5814905192692781,0.3921581669921337,0.5828403795621439,460.143941803492,0.7260366376984473,-0.05928707768500173,0.0920287883606984
trend168,TRXUSDT,2,development_2024_25,731,0.45070212948292143,0.6112658599385559,-0.45594970803933843,0.4352030055042979,0.5649715525272313,0.4027002060986996,0.558203759965679,337.29597699355367,0.6112665230739678,-0.10427660073676916,0.06745919539871073
trend168,TRXUSDT,2,reused_2026,267,0.13472348604382756,1.0710003413036704,-0.09979720963958949,0.17562037420151347,0.6267166042446942,0.36329588014981273,0.650291199506023,122.84796480993833,0.11477011462447946,0.04498952305176742,0.02456959296198767
trend168,TRXUSDT,2,year2024,366,1.1838805653910875,1.5979403446797644,-0.1501568245953836,0.5724174791842151,0.6120155112558152,0.37068029930884794,0.6123209728217586,148.63735225075646,0.7754379436619809,0.07719282602920766,0.029727470450151297
trend168,TRXUSDT,2,year2025,365,-0.33572277144051155,-1.737315505713053,-0.3907980776813008,0.22127049820443057,0.5177987062404871,0.4348078386605783,0.5039382807730074,188.6586247427972,-0.16417142058801326,-0.18146942676597685,0.03773172494855944
trend168,TRXUSDT,5,all,998,0.4338874447741816,0.507770988540301,-0.4800566811911924,0.383649687782714,0.5814905192692781,0.3921581669921337,0.582840183285161,460.1229799996807,0.7260325553943855,-0.059287628291317986,0.23006148999984033
trend168,TRXUSDT,5,development_2024_25,731,0.3110859052034258,0.49507940644581433,-0.4800566811911924,0.4355504062228853,0.5649715525272313,0.4027002060986996,0.5582035724623876,337.28044449089134,0.6112627299372493,-0.10427658646047505,0.16864022224544567
trend168,TRXUSDT,5,reused_2026,267,0.0936639918737443,0.7820063203101768,-0.11311569847391212,0.17619880250072473,0.6267166042446942,0.36329588014981273,0.6502909792081847,122.84253550878934,0.11476982545713608,0.04498895816915694,0.06142126775439467
trend168,TRXUSDT,5,year2024,366,1.0886350442935555,1.5196697727296036,-0.1533909135337096,0.5726813046571246,0.6120155112558152,0.37068029930884794,0.6123207934063102,148.63034422143807,0.7754355478521401,0.07719381513843537,0.07431517211071904
trend168,TRXUSDT,5,year2025,365,-0.37227621034823877,-1.9869220748076482,-0.4168785818920603,0.22185871015715902,0.5177987062404871,0.4348078386605783,0.5039380851597146,188.65010026945328,-0.16417281791489072,-0.18147040159891037,0.09432505013472663
trend336,TRXUSDT,2,all,998,0.7344202857740498,0.7134100631303162,-0.29149131778072324,0.36154187606849486,0.6107202791180503,0.3643125391316896,0.5755953921304063,307.85877209107895,0.7986012914342266,-0.11611035828722188,0.06157175441821579
trend336,TRXUSDT,2,development_2024_25,731,0.6948374936727986,0.8194186567523061,-0.29149131778072324,0.40877477531903866,0.5923392612859097,0.38337893296853626,0.566499598929459,216.28543321606895,0.7448944114250239,-0.1126329355178973,0.04325708664321379
trend336,TRXUSDT,2,reused_2026,267,0.023354918833825122,0.26633213041223647,-0.1556368948267045,0.17659366360423726,0.661044339175334,0.3121120376532818,0.6004981068491045,91.57333887500997,0.053706880009202665,-0.003477422769324525,0.018314667775001993
trend336,TRXUSDT,2,year2024,366,1.1478664724368448,1.6468398369127637,-0.11831798652679892,0.53593455986163,0.6470950971463266,0.33560071341833636,0.6337751274820915,90.94721895798007,0.7717405520266226,0.04970414183886131,0.018189443791596014
trend336,TRXUSDT,2,year2025,365,-0.21092045738302545,-1.0047459736592883,-0.27309544555818965,0.2131717067365443,0.5374334094368342,0.4312880517503805,0.4990397538602439,125.33821425808888,-0.026846140601598706,-0.16233707735675865,0.025067642851617777
trend336,TRXUSDT,5,all,998,0.5814040481074556,0.6197860929784166,-0.30679137110542254,0.3617508827199472,0.6107202791180503,0.3643125391316896,0.5755952692452991,307.8466432279392,0.7985999168207504,-0.11610994699651972,0.1539233216139696
trend336,TRXUSDT,5,development_2024_25,731,0.5883558889906368,0.7399601966827505,-0.30679137110542254,0.4089580798878065,0.5923392612859097,0.38337893296853626,0.5664994793439304,216.27680443645144,0.7448932051511844,-0.11263262708461728,0.10813840221822572
trend336,TRXUSDT,5,reused_2026,267,-0.0043767526732321205,0.05395033846672025,-0.16648295922079814,0.17701570706453607,0.661044339175334,0.3121120376532818,0.6004979749303199,91.56983879148774,0.05370671166956574,-0.0034773199119024906,0.04578491939574387
trend336,TRXUSDT,5,year2024,366,1.090054266380319,1.5956749533061183,-0.12219448245967945,0.5360838381984888,0.6470950971463266,0.33560071341833636,0.6337750139743412,90.9432769344336,0.7717398609932979,0.04970344868361412,0.0454716384672168
trend336,TRXUSDT,5,year2025,365,-0.24004083791496655,-1.1793492411742594,-0.28803845640614734,0.21342675316406245,0.5374334094368342,0.4312880517503805,0.4990396281802856,125.33352750201784,-0.0268466558421135,-0.1623360757682314,0.06266676375100891
trend_ensemble,TRXUSDT,2,all,998,0.24232236404089091,0.37857013621817415,-0.4861937989985725,0.3461323425073373,0.5556721141663893,0.3854323169180017,0.4216671726070093,725.6865841977071,0.5747881145035052,-0.15770820152126205,0.14513731683954145
trend_ensemble,TRXUSDT,2,development_2024_25,731,0.21571400324685186,0.4160047647372369,-0.4562407198196996,0.39512922068886974,0.5374724502203982,0.39944805441556475,0.40785250038740295,524.9140250872376,0.5488724453348137,-0.1993869073034818,0.10498280501744753
trend_ensemble,TRXUSDT,2,reused_2026,267,0.02188702336484938,0.2773065696228117,-0.10228715961908696,0.14336281919273566,0.6054996585278856,0.3470596423460222,0.4594893650884032,200.77255911046956,0.025915669168691438,0.04167870578221977,0.04015451182209391
trend_ensemble,TRXUSDT,2,year2024,366,0.9965309049740785,1.5444983167352475,-0.11175713908716667,0.5198277465813023,0.5670916818457802,0.36839708561020046,0.4315255695160217,244.08572567190305,0.7454332566709249,0.025133778606049755,0.04881714513438061
trend_ensemble,TRXUSDT,2,year2025,365,-0.3910868095164115,-2.382347760056779,-0.42205500422468367,0.19974880184855354,0.5077720700152207,0.430584094368341,0.3841145735351443,280.82829941533464,-0.19656081133611114,-0.22452068590953156,0.05616565988306692
trend_ensemble,TRXUSDT,5,all,998,-0.0007305120448307667,0.1488125538502754,-0.5412677446630991,0.3466357887702179,0.5556721141663893,0.3854323169180017,0.4216668947500277,725.6503796761042,0.5747858724283493,-0.1577040576028452,0.3628251898380521
trend_ensemble,TRXUSDT,5,development_2024_25,731,0.03857759750996226,0.21722031720739754,-0.49944928929161725,0.39563304841953134,0.5374724502203982,0.39944805441556475,0.40785223149581906,524.8879804237185,0.548869469933881,-0.19938250870938623,0.2624439902118593
trend_ensemble,TRXUSDT,5,reused_2026,267,-0.03784802372883589,-0.2947705186062284,-0.12219912723909432,0.1441000543338683,0.6054996585278856,0.3470596423460222,0.4594890626857078,200.76239925238553,0.025916402494468475,0.04167845110654106,0.10038119962619277
trend_ensemble,TRXUSDT,5,year2024,366,0.8555534173406121,1.403154981066015,-0.1162292560410737,0.5202014536773153,0.5670916818457802,0.36839708561020046,0.43152530223566843,244.0737013626694,0.7454321941204336,0.025135429147986416,0.12203685068133471
trend_ensemble,TRXUSDT,5,year2025,365,-0.4402868773250106,-2.7896421743483844,-0.4668749704725339,0.20067395469333338,0.5077720700152207,0.430584094368341,0.3841143030279152,280.8142790610491,-0.19656272418655277,-0.22451793785737265,0.14040713953052458
breakout,TRXUSDT,2,all,998,0.44498108041406925,0.5502431540184706,-0.4072631636120557,0.33506582160492077,0.5509120132444525,0.4109178965751868,0.4929467208701986,1079.6698245802697,0.7897528133320285,-0.14339040619462784,0.215933964916054
breakout,TRXUSDT,2,development_2024_25,731,0.4047379887771285,0.6137717911945929,-0.4072631636120557,0.37983582687797524,0.5419184146526829,0.4157736738106095,0.48021421474950904,765.7977961758049,0.7407996037350425,-0.19215158662667,0.15315955923516097
breakout,TRXUSDT,2,reused_2026,267,0.028648112287455785,0.32302759230171635,-0.10950958109226272,0.15744147417315274,0.5755349367297846,0.39762361508045263,0.5278061290133597,313.8720284044649,0.048953209596985896,0.04876118043204213,0.062774405680893
breakout,TRXUSDT,2,year2024,366,1.0563514526370819,1.6883381431803244,-0.12350663361279701,0.4859495009957654,0.5464006527018823,0.40828969338190646,0.5003044635301903,354.8708504913968,0.8043914221800244,0.01962216742185626,0.07097417009827939
breakout,TRXUSDT,2,year2025,365,-0.3168784514068941,-1.5809894836309086,-0.40619060706158505,0.2250433233247853,0.5374238964992389,0.4232781582952816,0.46006892419134643,410.926945684408,-0.0635918184449818,-0.21177375404852625,0.0821853891368816
breakout,TRXUSDT,5,all,998,0.045172139421316704,0.1969876083665109,-0.4976904804447013,0.3358995159333033,0.5509120132444525,0.4109178965751868,0.49294619843785453,1079.6018828529338,0.7897508744347425,-0.14338550065583172,0.5398009414264668
breakout,TRXUSDT,5,development_2024_25,731,0.11639176673991636,0.3118440508680884,-0.443137481103575,0.38064788138293787,0.5419184146526829,0.4157736738106095,0.48021371443780764,765.7502005575099,0.740796635791021,-0.19214821416398364,0.38287510027875493
breakout,TRXUSDT,5,reused_2026,267,-0.06379447559576357,-0.4894359075596345,-0.13581860855357353,0.15867861343801803,0.5755349367297846,0.39762361508045263,0.5278055460185072,313.851682295424,0.0489542386437217,0.04876271350815192,0.15692584114771196
breakout,TRXUSDT,5,year2024,366,0.8486721722536401,1.4681993027242861,-0.14969589352164725,0.4865898739908048,0.5464006527018823,0.40828969338190646,0.5003039803206187,354.84913395221815,0.8043898576586057,0.0196224030332989,0.17742456697610912
breakout,TRXUSDT,5,year2025,365,-0.3961115532025512,-2.1152218399897715,-0.4396031578665237,0.22628238191072,0.5374238964992389,0.4232781582952816,0.4600684067306601,410.9010666052916,-0.06359322186758487,-0.21177061719728252,0.2054505333026458
range_only,TRXUSDT,2,all,998,-0.46203749650852854,-0.6807657533729483,-0.5709534445653375,0.2688729311659155,0.39664281864154166,0.52909407180602,0.3156206380669269,576.6615712288421,0.14111713394643227,-0.6055626245909814,0.11533231424576842
range_only,TRXUSDT,2,development_2024_25,731,-0.42620531758424807,-0.7143959318912078,-0.5709534445653375,0.30761579507729125,0.3999325505395957,0.5178313573491411,0.305703707460974,404.7703924470926,0.16537449881474273,-0.6027296782980655,0.08095407848941853
range_only,TRXUSDT,2,reused_2026,267,-0.0624477361369431,-0.7785131977639654,-0.11230777018997873,0.10597955189089818,0.3876360994749595,0.5599294435962016,0.3427714855311651,171.89117878174955,-0.024257364868310472,-0.002832946292916149,0.034378235756349906
range_only,TRXUSDT,2,year2024,366,-0.5365301606008936,-1.6236749030318736,-0.5709534445653375,0.4081495811275818,0.3765938069216757,0.5392664693381907,0.32805321094343987,190.25037860811614,-0.010885549057310661,-0.6933577433893152,0.038050075721623236
range_only,TRXUSDT,2,year2025,365,0.23804104094385914,1.525108556372135,-0.06809529863946295,0.14713498737533792,0.42333523592085237,0.49633751902587525,0.28329297246211776,214.52001383897647,0.17626004787205338,0.09062806509124965,0.042904002767795296
range_only,TRXUSDT,5,all,998,-0.5475011925546137,-0.9186425824397929,-0.5939480749460923,0.2682606680622722,0.39664281864154166,0.52909407180602,0.31562047373195695,576.6360849022469,0.14111571138946466,-0.6055603797385938,0.28831804245112347
range_only,TRXUSDT,5,development_2024_25,731,-0.4918194312202522,-0.9138212404555285,-0.5939480749460923,0.306994775674967,0.3999325505395957,0.5178313573491411,0.30570355239713143,404.7528031647976,0.16537368969531796,-0.6027272100537102,0.2023764015823988
range_only,TRXUSDT,5,reused_2026,267,-0.10957081941969149,-1.4560305288647564,-0.131484573225361,0.10512721005564792,0.3876360994749595,0.5599294435962016,0.34277129581344556,171.88328173744935,-0.024257978305853276,-0.0028331696848835092,0.08594164086872466
range_only,TRXUSDT,5,year2024,366,-0.5622428140904294,-1.765701164176241,-0.5939480749460923,0.4076158757321354,0.3765938069216757,0.5392664693381907,0.32805305502400367,190.2421795250866,-0.010885164123084417,-0.6933558638118039,0.09512108976254331
range_only,TRXUSDT,5,year2025,365,0.1608731624218822,1.0943265122511747,-0.08461537104229455,0.14607559072564802,0.42333523592085237,0.49633751902587525,0.28329281825621283,214.51062363971099,0.17625885381840234,0.09062865375809359,0.10725531181985548
down_rebound,TRXUSDT,2,all,998,0.39427249363032435,0.5071960380056787,-0.4551621357248137,0.34195700181084976,0.5409180609573774,0.2266199064796259,0.4787931833801297,933.7162319922634,0.7565782566912607,-0.1698561230540544,0.1867432463984527
down_rebound,TRXUSDT,2,development_2024_25,731,0.24181251333646192,0.44954293507933424,-0.44829353148111595,0.3878977861321762,0.5161894427841093,0.23278613771089834,0.4570387158668378,686.8180763815383,0.623080871814245,-0.20915155226116058,0.1373636152763077
down_rebound,TRXUSDT,2,reused_2026,267,0.12277214044513074,1.0730910735161059,-0.07990803111408717,0.1592340125498634,0.6086207571546021,0.20973782771535582,0.538353167470828,246.89815561072504,0.13349738487701573,0.03929542920710622,0.049379631122145
down_rebound,TRXUSDT,2,year2024,366,0.9711995608790114,1.5653185014108009,-0.139861805565208,0.5016754272685753,0.5655769107700834,0.21812386156648456,0.5026771976896551,309.58605788985557,0.7416618924956513,0.03491122233239391,0.06191721157797112
down_rebound,TRXUSDT,2,year2025,365,-0.37002192067113615,-2.014271237007521,-0.39036647699541793,0.2175487163955301,0.4666666666666667,0.24748858447488586,0.41127519710751953,377.23201849168277,-0.11858102068140616,-0.24406277459355452,0.07544640369833655
down_rebound,TRXUSDT,5,all,998,0.05362685941053624,0.20797126019928847,-0.5244858844267335,0.34300735356097006,0.5409180609573774,0.2266199064796259,0.4787927253015684,933.6193098817655,0.756577087183699,-0.169853156029947,0.46680965494088283
down_rebound,TRXUSDT,5,development_2024_25,731,0.010567555978373111,0.18483411753503332,-0.508126434951448,0.3889398802302693,0.5161894427841093,0.23278613771089834,0.4570382604667593,686.7463816858684,0.6230796720053762,-0.2091462974756205,0.34337319084293416
down_rebound,TRXUSDT,5,reused_2026,267,0.04260903012117434,0.43442285805712527,-0.09748633124611594,0.16071845217944458,0.6086207571546021,0.20973782771535582,0.538352702059042,246.87292819589732,0.13349741517832286,0.03929314144567353,0.12343646409794864
down_rebound,TRXUSDT,5,year2024,366,0.7963552496147175,1.378969146408329,-0.1466087597121115,0.5024904134860155,0.5655769107700834,0.21812386156648456,0.5026767691778594,309.552744411253,0.7416574470152052,0.034912118758875135,0.15477637220562648
down_rebound,TRXUSDT,5,year2025,365,-0.437434462812899,-2.51262617129983,-0.45455845101631653,0.21922939203595843,0.4666666666666667,0.24748858447488586,0.4112747147454918,377.1936372746154,-0.11857777500982913,-0.24405841623449562,0.1885968186373077
selected_trend,TRXUSDT,2,all,998,0.3266494166540732,0.4476639854286366,-0.5000018379186191,0.35883426134350627,0.5567802271209086,0.40814963259853043,0.5467857616217148,717.6705283604083,0.6462313130487155,-0.14670564514370804,0.1435341056720817
selected_trend,TRXUSDT,2,development_2024_25,731,0.21085750677828363,0.41434160453324403,-0.5000018379186191,0.4066578192087006,0.5253077975376197,0.43502051983584133,0.5360003365253209,626.6683570877718,0.5784525227289785,-0.1964778463239369,0.12533367141755436
selected_trend,TRXUSDT,2,reused_2026,267,0.09562802330381048,0.8201144892732355,-0.11316946609658629,0.16963864712196955,0.6429463171036205,0.33458177278401996,0.5763143973725159,91.00217127263649,0.06777879031973699,0.04977220118022867,0.018200434254527297
selected_trend,TRXUSDT,2,year2024,366,1.1073060020742482,1.6689636687037743,-0.12321147272875366,0.5130882749540688,0.5724707802064359,0.38205828779599266,0.5662769370777035,177.21951335419868,0.7335820794756701,0.08444194530821715,0.035443902670839744
selected_trend,TRXUSDT,2,year2025,365,-0.42540024771607854,-2.043499435924636,-0.4867110885284984,0.2550622921193366,0.47801560121765607,0.4881278538812786,0.5056407863823839,449.44884373357314,-0.1551295567466916,-0.280919791632154,0.08988976874671464
selected_trend,TRXUSDT,5,all,998,0.06966381204134442,0.22854294381518314,-0.5422972837688034,0.3597909464840508,0.5567802271209086,0.40814963259853043,0.5467854399956618,717.6161564774368,0.6462277847341767,-0.14669910558393875,0.3588080782387184
selected_trend,TRXUSDT,5,development_2024_25,731,0.0033234915335358384,0.18407503092181735,-0.5422972837688034,0.4077472754640378,0.5253077975376197,0.43502051983584133,0.5359999483707488,626.6173225922048,0.5784490516978353,-0.19647104488632733,0.31330866129610235
selected_trend,TRXUSDT,5,reused_2026,267,0.06612056935536281,0.5989884565789556,-0.12434213027643715,0.17005713226975847,0.6429463171036205,0.33458177278401996,0.5763142578900862,90.99883388523212,0.06777873303634127,0.04977193930238859,0.04549941694261606
selected_trend,TRXUSDT,5,year2024,366,0.998190509531103,1.564423132268124,-0.12975505907580553,0.5135820729410681,0.5724707802064359,0.38205828779599266,0.5662767229922117,177.2071510100581,0.7335818966976668,0.08444396683155087,0.08860357550502904
selected_trend,TRXUSDT,5,year2025,365,-0.4978839671453671,-2.5507112068190625,-0.5270029792954137,0.256925642954427,0.47801560121765607,0.4881278538812786,0.5056402236818299,449.41017158214663,-0.15513284499983152,-0.28091501171787825,0.22470508579107334
selected_breakout,TRXUSDT,2,all,998,0.09594572973133064,0.2500383601202899,-0.5191119350783044,0.34324067597501806,0.5691376946692456,0.388278880641655,0.5236051446350959,752.3653328345787,0.5145215791000999,-0.2067626614360015,0.15047306656691573
selected_breakout,TRXUSDT,2,development_2024_25,731,0.0764467568695284,0.26597966625249236,-0.5191119350783044,0.38900946702948264,0.550607667438312,0.4053823457914079,0.5180470663964464,604.7157495483768,0.4803795153600477,-0.2272131049627334,0.12094314990967539
selected_breakout,TRXUSDT,2,reused_2026,267,0.018114200946183434,0.23143666503130536,-0.10713377190580575,0.16209021915483887,0.6198697167883932,0.34145253972603934,0.5388222052809871,147.6495832862018,0.03414206374005242,0.02045044352673195,0.02952991665724036
selected_breakout,TRXUSDT,2,year2024,366,0.8608875810288965,1.4616177984639205,-0.16552875938514433,0.49604973172440175,0.5783178791975273,0.3733998794662029,0.5331633624867298,253.49010833980236,0.7087853803199848,-0.0034897416211645237,0.050698021667960474
selected_breakout,TRXUSDT,2,year2025,365,-0.4215412215957971,-2.224229335139933,-0.5034144296838625,0.23369929265913056,0.5228215372907153,0.4374524353120243,0.5028893557963265,351.22564120857453,-0.2284058649599371,-0.22372336334156892,0.07024512824171492
selected_breakout,TRXUSDT,5,all,998,-0.12549869062878982,0.010312674051724868,-0.5505016791170119,0.3440096819592821,0.5691376946692456,0.388278880641655,0.5236047459790525,752.3180724085353,0.5145190000276797,-0.2067622291884581,0.3761590362042676
selected_breakout,TRXUSDT,5,development_2024_25,731,-0.10215460281616862,0.03393261170125218,-0.5505016791170119,0.3898644621369559,0.550607667438312,0.4053823457914079,0.5180466259090954,604.67500150955,0.480376705265369,-0.22721247139630255,0.302337500754775
selected_breakout,TRXUSDT,5,reused_2026,267,-0.026000119715312686,-0.1412124737653206,-0.11987223762293198,0.16258130977482516,0.6198697167883932,0.34145253972603934,0.5388219211518563,147.64307089898526,0.03414229476231068,0.020450242207844384,0.07382153544949263
selected_breakout,TRXUSDT,5,year2024,366,0.7246138176810222,1.3077839004583354,-0.1729146215649967,0.49649524766020176,0.5783178791975273,0.3733998794662029,0.533162982299061,253.47334502733088,0.7087844818534185,-0.003492270976508909,0.12673667251366544
selected_breakout,TRXUSDT,5,year2025,365,-0.47939336448602343,-2.6534788049655296,-0.53475468397487,0.23538644241927714,0.5228215372907153,0.4374524353120243,0.502888854844089,351.20165648221916,-0.2284077765880495,-0.2237202004197936,0.17560082824110956
regime_gate,TRXUSDT,2,all,998,0.5021041214410362,0.5930344843599613,-0.38115860007532554,0.3293284211084401,0.5587825137305196,0.3295073984593267,0.36322432620382467,776.0523742193395,0.6477633425233477,-0.037777251081140995,0.1552104748438679
regime_gate,TRXUSDT,2,development_2024_25,731,0.427445570551088,0.632433015336204,-0.37071482557119373,0.3762041870694756,0.536470208238334,0.33540431676546584,0.34629036891341963,550.6573588560723,0.5962177882892494,-0.0873315516355811,0.11013147177121445
regime_gate,TRXUSDT,2,reused_2026,267,0.05230220502286809,0.5851258908729364,-0.08753514580330146,0.13435501668753005,0.6198697621005103,0.3133626520855899,0.40958658380414714,225.39501536326733,0.05154555423409839,0.049554300554440094,0.04507900307265347
regime_gate,TRXUSDT,2,year2024,366,1.0560481720002621,1.6432395757824998,-0.11109247994660587,0.5015856862113034,0.5701369914996964,0.3073770491803279,0.3818396030761863,268.5562283312758,0.7489724051675147,0.05287361402580948,0.05371124566625517
regime_gate,TRXUSDT,2,year2025,365,-0.30573340158544327,-2.032149173728637,-0.3522579368259965,0.1722235077111995,0.5027111872146118,0.36350837138508374,0.3106437395885631,282.1011305247964,-0.15275461687826544,-0.14020516566139055,0.05642022610495928
regime_gate,TRXUSDT,5,all,998,0.19010430210033724,0.33441047364900295,-0.44903119155876114,0.32985715448134295,0.5587825137305196,0.3295073984593267,0.3632240291076678,776.0016169919273,0.6477612393798007,-0.03777378953614367,0.3880008084959637
regime_gate,TRXUSDT,5,development_2024_25,731,0.21007476778806589,0.41305877054333273,-0.41420072728030466,0.37670786307463777,0.536470208238334,0.33540431676546584,0.3462900911069677,550.6217734763982,0.5962152389779709,-0.08732722082447292,0.27531088673819903
regime_gate,TRXUSDT,5,reused_2026,267,-0.016503497320446203,-0.1012572431403668,-0.10617004704632604,0.13531545759750283,0.6198697621005103,0.3133626520855899,0.40958623389610166,225.37984351552927,0.051546000401829765,0.049553431288329224,0.11268992175776464
regime_gate,TRXUSDT,5,year2024,366,0.8968891268731574,1.481966605861563,-0.11603246519659527,0.501999537711807,0.5701369914996964,0.3073770491803279,0.38183931113926667,268.5379953566049,0.7489714302589032,0.052875047004580754,0.13426899767830242
regime_gate,TRXUSDT,5,year2025,365,-0.36207406608800574,-2.508085685373951,-0.39547463462473265,0.17318127589281132,0.5027111872146118,0.36350837138508374,0.3106434759512925,282.08377811979324,-0.15275619128093232,-0.14020226782905365,0.14104188905989662
gate_no_range,TRXUSDT,2,all,998,0.4660613297848246,0.5648597046625863,-0.40900294428382933,0.330988169876537,0.55842414600785,0.3239760710930184,0.3693582477690969,749.73289908308,0.6321773323252654,-0.0508372962893744,0.14994657981661602
gate_no_range,TRXUSDT,2,development_2024_25,731,0.409454482858995,0.6144054681173765,-0.3838265758658661,0.3780696960807477,0.5378049475604195,0.3356133150934793,0.35306166113961385,532.7370409987977,0.5861650300244244,-0.09273841186921826,0.10654740819975954
gate_no_range,TRXUSDT,2,reused_2026,267,0.04016223837963562,0.46484012567824845,-0.09268639241766452,0.13524333625633086,0.6148759589856466,0.29211530193819857,0.41397549430899244,216.99585808428245,0.046012302300840864,0.041901115579843815,0.04339917161685649
gate_no_range,TRXUSDT,2,year2024,366,1.0854733063353081,1.6692000259566548,-0.11416791296991069,0.5025941816958903,0.580069823922283,0.3087431693989071,0.3878553610211872,257.80162314884655,0.7471882867574207,0.06702001060765218,0.05156032462976932
gate_no_range,TRXUSDT,2,year2025,365,-0.32415606635802197,-2.1242317059542275,-0.35958842319827633,0.17701274117852045,0.4954242770167428,0.3625570776255708,0.31817263605288554,274.9354178499511,-0.16102325673299622,-0.15975842247687044,0.05498708356999022
gate_no_range,TRXUSDT,5,all,998,0.17075674422394682,0.316298579907632,-0.4718627147877372,0.33152937704452506,0.55842414600785,0.3239760710930184,0.36935796180165403,749.6869990213384,0.6321754122077796,-0.050833794641279295,0.3748434995106692
gate_no_range,TRXUSDT,5,development_2024_25,731,0.20126493359602793,0.403235044036042,-0.4321276163136403,0.378595479938612,0.5378049475604195,0.3356133150934793,0.35306139327071606,532.7047754732023,0.5861628163704564,-0.09273401059368012,0.2663523877366012
gate_no_range,TRXUSDT,5,reused_2026,267,-0.02539672017292005,-0.1910253927564298,-0.11560959271896676,0.13614835678676102,0.6148759589856466,0.29211530193819857,0.413975158790851,216.98222354813603,0.04601259583732324,0.04190021595240081,0.108491111774068
gate_no_range,TRXUSDT,5,year2024,366,0.930254819570224,1.5146225251708794,-0.11934969453106503,0.5030134288159115,0.580069823922283,0.3087431693989071,0.38785508309266054,257.7850984620326,0.747187533706709,0.06702167748154993,0.1288925492310163
gate_no_range,TRXUSDT,5,year2025,365,-0.37766510337557757,-2.5739620169961284,-0.4081919380120498,0.17802073691374448,0.4954242770167428,0.3625570776255708,0.3181723782711773,274.9196770111697,-0.16102471733625262,-0.15975568807523005,0.13745983850558485
adaptive14,TRXUSDT,2,all,998,0.4583991429868073,0.5623364765566322,-0.3929725088513385,0.32665361389290287,0.5595201000141979,0.3253677312037936,0.35732097993165124,721.8651166128826,0.6316591423127432,-0.06372196953527234,0.1443730233225765
adaptive14,TRXUSDT,2,development_2024_25,731,0.3742649397252702,0.5837135855594845,-0.38427085992542154,0.37357210993521045,0.5326892384860922,0.3302173582611339,0.3374085397469511,512.3307473144646,0.5766052037035077,-0.11490657363237737,0.10246614946289292
adaptive14,TRXUSDT,2,reused_2026,267,0.06122123968203175,0.6889838238414309,-0.0728888398898242,0.13003273378428754,0.6329783763327199,0.31209028783706777,0.4118378105496879,209.53436929841791,0.055053938609235825,0.05118460409710508,0.041906873859683585
adaptive14,TRXUSDT,2,year2024,366,1.0120187951270432,1.6032624869937295,-0.10742519294455588,0.5003073616323637,0.5701559653916211,0.30692167577413476,0.37449590873822464,252.92707685514918,0.73767295696397,0.03918541193047789,0.05058541537102984
adaptive14,TRXUSDT,2,year2025,365,-0.3169721162378626,-2.2371016391616845,-0.35276720912984627,0.16432242717962417,0.49511986301369865,0.3535768645357686,0.3002195615255645,259.40367045931544,-0.1610677532604624,-0.15409198556285528,0.05188073409186309
adaptive14,TRXUSDT,5,all,998,0.17441607745625443,0.3198230949350105,-0.45452184303430543,0.32712635779122484,0.5595201000141979,0.3253677312037936,0.3573207172871313,721.8216269528419,0.6316573419166625,-0.063719104392993,0.36091081347642096
adaptive14,TRXUSDT,5,development_2024_25,731,0.17846598732867847,0.3782190540089798,-0.4287525624576559,0.37403470671635547,0.5326892384860922,0.3302173582611339,0.33740829392224636,512.3000676543013,0.5766030766834285,-0.11490271448770606,0.2561500338271506
adaptive14,TRXUSDT,5,reused_2026,267,-0.0034365946204374387,0.028656252822101484,-0.09303548233925396,0.13081618623896535,0.6329783763327199,0.31209028783706777,0.4118375018554116,209.52155929854064,0.05505426523323415,0.051183610094713096,0.10476077964927033
adaptive14,TRXUSDT,5,year2024,366,0.8649930265154571,1.4510670957052147,-0.1119573571292738,0.5006708885087121,0.5701559653916211,0.30692167577413476,0.3744956432844886,252.91139474099654,0.7376720139263258,0.03918683789453879,0.12645569737049828
adaptive14,TRXUSDT,5,year2025,365,-0.3681123893902618,-2.693129651512895,-0.397958329375506,0.1653005436532088,0.49511986301369865,0.3535768645357686,0.30021933538366924,259.38867291330473,-0.16106893724289742,-0.15408955238224487,0.12969433645665235
adaptive42,TRXUSDT,2,all,998,0.45910416326167747,0.5616485434028304,-0.38318254881542235,0.32745428122951037,0.5509926284043115,0.3278170743344994,0.354749424305103,722.0804440354634,0.6051765623002268,-0.037639380232257796,0.14441608880709267
adaptive42,TRXUSDT,2,development_2024_25,731,0.3740882449107128,0.5821727767905257,-0.37599082442242404,0.3746208240317049,0.5219590743274054,0.3308253533971728,0.3340241827767551,515.3720779846076,0.5476519321353074,-0.0862547892052768,0.10307441559692153
adaptive42,TRXUSDT,2,reused_2026,267,0.0618707849847655,0.6986517514711867,-0.0724509085076045,0.12930010826982782,0.6304814974313467,0.31958092454118764,0.411491564968857,206.7083660508558,0.05752463016491931,0.04861540897301897,0.04134167321017116
adaptive42,TRXUSDT,2,year2024,366,0.9930826810488047,1.5782221723497425,-0.10872676590010188,0.5026166330056653,0.5611054189435336,0.3096539162112933,0.37159182461813994,252.7210134902465,0.7121067272859343,0.054793518131067406,0.0505442026980493
adaptive42,TRXUSDT,2,year2025,365,-0.3105713787108747,-2.210972651018174,-0.3482277752966899,0.16220389148400058,0.4827054794520548,0.35205479452054794,0.29635361588922937,262.6510644943611,-0.16445479515062683,-0.1410483073363442,0.05253021289887222
adaptive42,TRXUSDT,5,all,998,0.1749078234751158,0.3196586875771552,-0.4463619586346744,0.32792300490333437,0.5509926284043115,0.3278170743344994,0.354749159939614,722.0365420682378,0.6051749212440489,-0.03763713918998386,0.3610182710341189
adaptive42,TRXUSDT,5,development_2024_25,731,0.17723979671479584,0.37604296285508526,-0.4202099140242942,0.3750743037008183,0.5219590743274054,0.3308253533971728,0.33402393220871196,515.3410887891815,0.5476498879732505,-0.08625164726007925,0.2576705443945908
adaptive42,TRXUSDT,5,reused_2026,267,-0.001980882099116399,0.04347801162165866,-0.08989825696970732,0.13012631736233418,0.6304814974313467,0.31958092454118764,0.41149126282833853,206.6954532790562,0.05752503327079833,0.048614508070095416,0.1033477266395281
adaptive42,TRXUSDT,5,year2024,366,0.8475548556193755,1.4268792397307042,-0.11300916319521948,0.5029779243349514,0.5611054189435336,0.3096539162112933,0.3715915566863365,252.70533702641214,0.7121060394418605,0.05479467874749458,0.12635266851320606
adaptive42,TRXUSDT,5,year2025,365,-0.36281199276211085,-2.679614962896655,-0.39282338274044415,0.1631504928618423,0.4827054794520548,0.35205479452054794,0.29635338273251854,262.6357517627695,-0.16445615146860998,-0.14104632600757386,0.13131787588138472
adaptive126,TRXUSDT,2,all,998,0.508359126882314,0.5991642598482895,-0.36867198421772374,0.32693982488295603,0.5530279490455942,0.32664806965848076,0.35072184878203566,727.1181037153397,0.6115441530817755,-0.010145959965136418,0.14542362074306794
adaptive126,TRXUSDT,2,development_2024_25,731,0.4318577475290304,0.6374559168269169,-0.36867198421772374,0.3740920141942325,0.5272457820337437,0.33014135886912904,0.33089696409939817,516.945014996839,0.5599205780451662,-0.057298382803847525,0.10338900299936779
adaptive126,TRXUSDT,2,reused_2026,267,0.05342805839847209,0.6170632559738591,-0.07545398159545269,0.12855004597536732,0.6236150804525702,0.31708404563981435,0.4049989675198934,210.1730887185007,0.05162357503660931,0.047152422838711086,0.04203461774370014
adaptive126,TRXUSDT,2,year2024,366,0.9876643429481109,1.5739360222661372,-0.10901825906297113,0.5020922883781325,0.5611908014571948,0.31193078324225865,0.3660986408521753,246.50661810374385,0.7138026846742692,0.04892592559933312,0.04930132362074878
adaptive126,TRXUSDT,2,year2025,365,-0.2796279952352059,-1.9454679714299608,-0.34085081063029876,0.16183179180393217,0.4932077625570776,0.34840182648401824,0.2955988443966135,270.43839689309505,-0.15388210662910298,-0.10622430840318063,0.05408767937861902
adaptive126,TRXUSDT,5,all,998,0.21273494677255367,0.355045023813637,-0.425065824890539,0.32739583335722944,0.5530279490455942,0.32664806965848076,0.35072157939186904,727.0739881913487,0.6115423747789633,-0.010145184727824351,0.3635369940956743
adaptive126,TRXUSDT,5,development_2024_25,731,0.2261546549101643,0.4303305282046026,-0.39419608320652233,0.37452632999345375,0.5272457820337437,0.33014135886912904,0.33089670917799235,516.9139926062519,0.5599185268790234,-0.05729676099666741,0.258456996303126
adaptive126,TRXUSDT,5,reused_2026,267,-0.010944547723951814,-0.052316246061347646,-0.0935274862006581,0.12940401895690914,0.6236150804525702,0.31708404563981435,0.4049986585167525,210.15999558509668,0.05162384789993984,0.04715157626884302,0.10507999779254834
adaptive126,TRXUSDT,5,year2024,366,0.845970575310949,1.4261866844485003,-0.11316400336300114,0.5024327211296913,0.5611908014571948,0.31193078324225865,0.3660983802944789,246.49137748200525,0.7138018924819235,0.04892574814677168,0.12324568874100264
adaptive126,TRXUSDT,5,year2025,365,-0.33576695570912785,-2.4321073844288716,-0.3658201792929042,0.16271660386752432,0.4932077625570776,0.34840182648401824,0.29559859512694014,270.4226151242467,-0.15388336560289997,-0.10622250914343906,0.13521130756212335
filtered_moe,TRXUSDT,2,all,998,0.2092313804840189,0.3650124311230734,-0.35472936777147546,0.28586261542109703,0.5030077697982105,0.29922750795823166,0.27640349107475365,404.7518851743357,0.4387984367645042,-0.1363945030662792,0.08095037703486715
filtered_moe,TRXUSDT,2,development_2024_25,731,0.1849156383532431,0.39725303391945743,-0.3370869467236015,0.3282641409720407,0.45896032831737343,0.29931885544915643,0.25484550413584467,285.728900310497,0.40768602958260713,-0.1526847096585727,0.057145780062099416
filtered_moe,TRXUSDT,2,reused_2026,267,0.020521074533684125,0.3213389882646419,-0.06487948104656749,0.10267724046834263,0.6236020758749589,0.2989774142658495,0.3354255452033771,119.02298486383863,0.031112407181897166,0.016290206592293525,0.023804596972767725
filtered_moe,TRXUSDT,2,year2024,366,0.6378804791306438,1.2981795713734856,-0.08103756563478548,0.44183883391101775,0.42668488160291446,0.2358834244080146,0.24990824787448807,117.7627125960066,0.5409723742308086,-0.00602632171066508,0.023552542519201324
filtered_moe,TRXUSDT,2,year2025,365,-0.2765554914103522,-2.262203729169104,-0.3073644019759705,0.13879938839577052,0.49132420091324197,0.3629280821917808,0.25979628712668446,167.96618771449047,-0.1332863446482016,-0.14665838794790761,0.0335932375428981
filtered_moe,TRXUSDT,5,all,998,0.07096079295509394,0.20971446923420942,-0.3963910554492205,0.2860725176273809,0.5030077697982105,0.29922750795823166,0.2764033624314154,404.73618061523047,0.43879711294786006,-0.13639277491228025,0.20236809030761524
filtered_moe,TRXUSDT,5,development_2024_25,731,0.08757520627801885,0.2669054727014262,-0.3691121754558926,0.32846721706990234,0.45896032831737343,0.29931885544915643,0.25484538308650845,285.71775213326737,0.40768442977095287,-0.15268253853443145,0.14285887606663372
filtered_moe,TRXUSDT,5,reused_2026,267,-0.015276564992486863,-0.15308494224436606,-0.07740965602296446,0.10307342180407301,0.6236020758749589,0.2989774142658495,0.3354253957689694,119.01842848196307,0.031112683176907074,0.016289763622151184,0.05950921424098153
filtered_moe,TRXUSDT,5,year2024,366,0.5810247429690429,1.2182229609569435,-0.08164970238845459,0.44192237924754135,0.42668488160291446,0.2358834244080146,0.2499081360126232,117.75787614658994,0.5409716477774511,-0.006025224753341534,0.05887893807329498
filtered_moe,TRXUSDT,5,year2025,365,-0.31210740937827786,-2.6137415581251138,-0.33995351536092266,0.13936165971413467,0.49132420091324197,0.3629280821917808,0.25979615686470575,167.95987598667745,-0.13328721800649812,-0.14665731378108993,0.08397993799333872
kalman,TRXUSDT,2,all,998,0.08300944754393846,0.24250238443122601,-0.53568826711121,0.36280036279347283,0.5404448923980365,0.43018849594271785,0.5706897977490472,1635.2794227401528,0.7228100437368753,-0.23748732570851164,0.32705588454803053
kalman,TRXUSDT,2,development_2024_25,731,0.1279135762668071,0.32831108122821134,-0.4823928230651595,0.4096851461817033,0.5331001019239233,0.4336477808177535,0.5554179185985658,1155.452569151592,0.689001062649717,-0.26750763581141296,0.23109051383031842
kalman,TRXUSDT,2,reused_2026,267,-0.03981167499684812,-0.2179792582463938,-0.16791737348697888,0.18072979474985884,0.5605536633215449,0.42071756993653403,0.6125015717527997,479.82685358856065,0.03380898108715832,0.03002031010290137,0.09596537071771215
kalman,TRXUSDT,2,year2024,366,0.9688262965314833,1.5343829680011363,-0.15164043897771728,0.5146642086643903,0.542885722695049,0.4212204007285974,0.5707572818350212,540.6050504685143,0.831640481299786,-0.007411332130702587,0.10812101009370284
kalman,TRXUSDT,2,year2025,365,-0.42711371833367373,-1.9943855925139813,-0.4823928230651605,0.26197475878996196,0.5232876712328767,0.4461092085235921,0.5400365297094077,614.8475186830776,-0.14263941865006896,-0.2600963036807104,0.12296950373661555
kalman,TRXUSDT,5,all,998,-0.33692863503049053,-0.24831209379796654,-0.6438112338898724,0.3649737973574656,0.5404448923980365,0.43018849594271785,0.570688952370289,1635.117711898733,0.7228017187630216,-0.23748317848977418,0.8175588559493666
kalman,TRXUSDT,5,development_2024_25,731,-0.20251222207201025,-0.09154258772248991,-0.5631655368057029,0.41180525390010153,0.5331001019239233,0.4336477808177535,0.5554171181597668,1155.340464274421,0.6889913293956809,-0.26750658331542115,0.5776702321372105
kalman,TRXUSDT,5,reused_2026,267,-0.16854980938731945,-1.2812758770895198,-0.22212721059395324,0.18383221142001088,0.5605536633215449,0.42071756993653403,0.6125006033361755,479.7772476243121,0.03381038936734057,0.03002340482564704,0.23988862381215606
kalman,TRXUSDT,5,year2024,366,0.674049515628266,1.2171773254705955,-0.19246540940959145,0.516431511335057,0.542885722695049,0.4212204007285974,0.5707565196917045,540.5527746630412,0.8316342825232113,-0.007412810934641266,0.2702763873315206
kalman,TRXUSDT,5,year2025,365,-0.5236175689649818,-2.663613427769164,-0.5605309666236837,0.264981996963195,0.5232876712328767,0.4461092085235921,0.5400356908702073,614.7876896113798,-0.14264295312753042,-0.2600937723807799,0.3073938448056899
trend_ensemble_long,TRXUSDT,2,all,998,0.5943097592929674,0.6703054599146366,-0.29671456348515246,0.3177489021774864,0.5458608249212322,0.0,0.26058377739184635,406.4505701055826,0.5842689122195217,0.0,0.08129011402111652
trend_ensemble_long,TRXUSDT,2,development_2024_25,731,0.5997143869577135,0.7944918889602485,-0.29671456348515246,0.3654423031337833,0.5270415336677307,0.0,0.24430069354579687,281.83111645209993,0.5589648278009685,0.0,0.05636622329041999
trend_ensemble_long,TRXUSDT,2,reused_2026,267,-0.0033784953794305794,0.011179519682979916,-0.07779443480742987,0.10841622744710483,0.5973848020984223,0.0,0.3051640556370229,124.6194536534827,0.025304084418553172,0.0,0.024923890730696535
trend_ensemble_long,TRXUSDT,2,year2024,366,1.0148379948554633,1.6089186438825023,-0.07749365623378424,0.49788359701465573,0.5676608986035215,0.0,0.2755458183906248,139.32977652588872,0.7519978124608925,0.0,0.027865955305177745
trend_ensemble_long,TRXUSDT,2,year2025,365,-0.20603324384277943,-1.6612294436176471,-0.24301396193907854,0.1334984312532521,0.48631088280060886,0.0,0.2129699656192023,142.5013399262112,-0.19303298465992405,0.0,0.02850026798524224
trend_ensemble_long,TRXUSDT,5,all,998,0.41128701954469893,0.5298098612688876,-0.3358221613544755,0.31792172313860545,0.5458608249212322,0.0,0.26058362067700674,406.4324792144183,0.5842670060908975,0.0,0.2032162396072092
trend_ensemble_long,TRXUSDT,5,development_2024_25,731,0.4700159655651044,0.6788128174750385,-0.3134198412844428,0.36558162125944216,0.5270415336677307,0.0,0.2443005494499561,281.81870238686014,0.5589622330542776,0.0,0.1409093511934301
trend_ensemble_long,TRXUSDT,5,reused_2026,267,-0.039951230052001185,-0.4572636256588501,-0.09134272923589204,0.10897639632449467,0.5973848020984223,0.0,0.3051638643735388,124.6137768275582,0.025304773036619824,0.0,0.0623068884137791
trend_ensemble_long,TRXUSDT,5,year2024,366,0.9323533416618734,1.5249473936174351,-0.07786157109452452,0.49794892273257546,0.5676608986035215,0.0,0.2755456639770594,139.32366954729773,0.7519969687647904,0.0,0.06966183477364887
trend_ensemble_long,TRXUSDT,5,year2025,365,-0.2392613018171651,-1.9731887959177912,-0.2606591279900402,0.13400817853757374,0.48631088280060886,0.0,0.212969831869354,142.49503283956244,-0.1930347357105128,0.0,0.07124751641978122
regime_gate_long,TRXUSDT,2,all,998,0.7124312213559316,0.7701788040663505,-0.2590087867724501,0.3065499240052771,0.5453946268456387,0.0,0.23879254566466124,416.4814824662401,0.6539186263297434,0.0,0.08329629649324802
regime_gate_long,TRXUSDT,2,development_2024_25,731,0.6770544425845881,0.8787727081646857,-0.2590087867724501,0.352758546938204,0.5243483052135584,0.0,0.2213242528276109,280.64232423914734,0.6025209600911463,0.0,0.05612846484782947
regime_gate_long,TRXUSDT,2,reused_2026,267,0.021094591727638834,0.32869453403284343,-0.07015589356300245,0.10277881335984414,0.6030158295162407,0.0,0.28661772193388907,135.8391582270927,0.051397666238597046,0.0,0.027167831645418545
regime_gate_long,TRXUSDT,2,year2024,366,1.026565616238868,1.657686501687652,-0.06682037208482905,0.48310850758580115,0.5596634031572556,0.0,0.25772077107530744,143.5293912681208,0.7567707942381763,0.0,0.02870587825362416
regime_gate_long,TRXUSDT,2,year2025,365,-0.17246477037488872,-1.5291528648399826,-0.21462292298537677,0.119149679213016,0.4889364535768645,0.0,0.18482801809156446,137.11293297102654,-0.15424983414702997,0.0,0.02742258659420531
regime_gate_long,TRXUSDT,5,all,998,0.5112932594836914,0.620922275745428,-0.28886616116843733,0.30668396449672625,0.5453946268456387,0.0,0.23879239144780515,416.4619874939938,0.6539166005674466,0.0,0.20823099374699688
regime_gate_long,TRXUSDT,5,development_2024_25,731,0.5416351723897321,0.7594346977218654,-0.2744294809260842,0.3528556225578524,0.5243483052135584,0.0,0.22132411703443453,280.62947795728917,0.6025185894162967,0.0,0.14031473897864458
regime_gate_long,TRXUSDT,5,reused_2026,267,-0.01968164287469243,-0.21178939788986312,-0.07879040166954743,0.1032862260295574,0.6030158295162407,0.0,0.28661751727617185,135.83250953670466,0.05139801115114993,0.0,0.06791625476835232
regime_gate_long,TRXUSDT,5,year2024,366,0.941153487695368,1.5685564274615134,-0.06715130278455128,0.48315765329347976,0.5596634031572556,0.0,0.2577206226721222,143.52279609698672,0.7567703946209243,0.0,0.07176139804849335
regime_gate_long,TRXUSDT,5,year2025,365,-0.2058149022414314,-1.8675483610065882,-0.23011261138633077,0.11954742559758455,0.4889364535768645,0.0,0.18482789494294496,137.10668186030242,-0.15425180520462758,0.0,0.06855334093015121
expanding_tree,TRXUSDT,2,all,998,0.5885662411447827,0.8312831826915346,-0.21233950424219272,0.23733223906201434,0.8366733466933868,0.128667056334892,0.6130552281623485,420.95938923310786,0.6966360352710939,-0.08631019277875959,0.08419187784662156
expanding_tree,TRXUSDT,2,development_2024_25,731,0.4313849789318056,0.8335173494612131,-0.21163807018276792,0.25292435184325235,0.7875056999544003,0.16699916400668793,0.5652547692377166,358.4294077418079,0.5601310510396025,-0.07682052387055055,0.07168588154836157
expanding_tree,TRXUSDT,2,reused_2026,267,0.10981061316590957,0.8498984367073114,-0.15109430048138894,0.18856014565048973,0.9712858926342074,0.023720349563046195,0.7439246494129322,62.529981491299985,0.13650498423149116,-0.009489668908209037,0.012505996298259997
expanding_tree,TRXUSDT,2,year2024,366,0.26843542461085557,1.0197725215190359,-0.21163807018276792,0.2670235439109407,0.6452736035215543,0.27979849726775957,0.512260600554535,229.33809771796518,0.36870853537778825,-0.06172696386084389,0.045867619543593044
expanding_tree,TRXUSDT,2,year2025,365,0.1284649980277397,0.626009433527836,-0.18417348405679101,0.23827427202321336,0.9301274733637745,0.053890791476407914,0.6183941274241398,129.09131002384268,0.19142251566181417,-0.015093560009706632,0.025818262004768538
expanding_tree,TRXUSDT,5,all,998,0.4000940983759762,0.6363499937571675,-0.227084836579434,0.2374814536937181,0.8366733466933868,0.128667056334892,0.6130550306586923,420.93654812585146,0.6966370445324004,-0.08631017441795322,0.2104682740629258
expanding_tree,TRXUSDT,5,development_2024_25,731,0.2854510777544559,0.6209289515476899,-0.227084836579434,0.25308073469139125,0.7875056999544003,0.16699916400668793,0.5652545447919121,358.40930881480176,0.5601323296003387,-0.07682040589293979,0.17920465440740088
expanding_tree,TRXUSDT,5,reused_2026,267,0.08918505153987466,0.7134582199100641,-0.15174576960131092,0.18869935062023957,0.9712858926342074,0.023720349563046195,0.7439245256722367,62.52723931104978,0.13650471493206146,-0.009489768525013424,0.03126361965552489
expanding_tree,TRXUSDT,5,year2024,366,0.18409638958570462,0.7623806108107961,-0.227084836579434,0.26718661192597554,0.6452736035215543,0.27979849726775957,0.5122603241252942,229.32412666480064,0.3687100520913353,-0.061726128829922774,0.11466206333240032
expanding_tree,TRXUSDT,5,year2025,365,0.08559665333006539,0.46327659492239115,-0.19389723443706197,0.23844260116352517,0.9301274733637745,0.053890791476407914,0.6183939551041919,129.08518215000112,0.19142227750900348,-0.015094277063017011,0.06454259107500054
rolling_tree,TRXUSDT,2,all,998,0.6468435781635411,0.6932673472437476,-0.27400041616004034,0.33669600915462344,0.7899131596526385,0.17284569138276554,0.6169944651121434,562.787927797878,0.9457541268835906,-0.25731869423691534,0.11255758555957561
rolling_tree,TRXUSDT,2,development_2024_25,731,0.5560000856695932,0.7500968882622986,-0.27400041616004034,0.38022925598870033,0.751937984496124,0.20086639306885545,0.5938858816542469,404.41882233293063,0.807383003059102,-0.21615022005491027,0.08088376446658613
rolling_tree,TRXUSDT,2,reused_2026,267,0.05838270404391066,0.5469925161911532,-0.17543308406005076,0.16752065181867856,0.8938826466916354,0.0961298377028714,0.6802617853657846,158.36910546494744,0.13837112382448838,-0.04116847418200513,0.03167382109298949
rolling_tree,TRXUSDT,2,year2024,366,0.23015176629671297,0.6412005288661736,-0.27400041616004034,0.469439166712199,0.6188524590163934,0.32285974499089254,0.557477513816336,234.20405919517637,0.5146839714849999,-0.22823570028612705,0.046840811839035275
rolling_tree,TRXUSDT,2,year2025,365,0.2648846494394963,1.0257476958959906,-0.16173846224423571,0.2626080919009972,0.8853881278538812,0.07853881278538814,0.6303939984451384,170.21476313775423,0.29269903157410215,0.012085480231216772,0.03404295262755085
rolling_tree,TRXUSDT,5,all,998,0.390991707323719,0.5096992498121861,-0.3074265178325134,0.3369068993554268,0.7899131596526385,0.17284569138276554,0.6169942126993356,562.7526949420418,0.9457513398988386,-0.25731849956023856,0.2813763474710209
rolling_tree,TRXUSDT,5,development_2024_25,731,0.3782132282417605,0.5905862196494466,-0.3074265178325134,0.38044700792033703,0.751937984496124,0.20086639306885545,0.593885638767119,404.394104494115,0.8073818234776233,-0.2161494107328902,0.20219705224705753
rolling_tree,TRXUSDT,5,reused_2026,267,0.009271772190330596,0.15923565671758333,-0.1960023831601223,0.16774257072893398,0.8938826466916354,0.0961298377028714,0.6802615068733067,158.35859044792682,0.13836951642121512,-0.04116908882734835,0.07917929522396341
rolling_tree,TRXUSDT,5,year2024,366,0.14668275112190177,0.4918848882614533,-0.3074265178325134,0.46967722704426856,0.6188524590163934,0.32285974499089254,0.5574772336818276,234.18880696274323,0.5146831956567698,-0.22823479042458356,0.11709440348137161
rolling_tree,TRXUSDT,5,year2025,365,0.2019132815012108,0.8307300265218592,-0.1830491017220891,0.2628158513332823,0.8853881278538812,0.07853881278538814,0.6303937929074387,170.2052975313718,0.2926986278208536,0.01208537969169335,0.0851026487656859
action_tcn,TRXUSDT,2,all,998,0.7875921267053563,0.7723865136072252,-0.271281421731317,0.3423620247223078,0.7151020852196068,0.2626833467554544,0.5975303919423194,947.5183820077038,0.8197509091528515,0.025067882983881504,0.18950367640154075
action_tcn,TRXUSDT,2,development_2024_25,731,0.6436078968733538,0.8108323767975627,-0.23860686042202717,0.3873589818855265,0.7218461808054665,0.25307401983292843,0.5906428318571588,743.7968398632893,0.7301172906033896,-0.017476871721676814,0.14875936797265787
action_tcn,TRXUSDT,2,reused_2026,267,0.0876025420088955,0.7753475755418325,-0.1260187402813684,0.16574476451314335,0.6966379134096317,0.2889920283298606,0.6163873448346506,203.72154214441446,0.089633618549462,0.04254475470555833,0.040744308428882894
action_tcn,TRXUSDT,2,year2024,366,0.9362048932311324,1.5563565236014199,-0.12325491231197261,0.4887649250197938,0.7805179184939782,0.18988281010347186,0.5411755547460538,225.81724475113293,0.7177184540148336,0.021042229142837307,0.045163448950226594
action_tcn,TRXUSDT,2,year2025,365,-0.1511188187679322,-0.544803960181208,-0.2386068604220274,0.24550052584388732,0.663013698630137,0.31643835616438354,0.6402456357548696,517.9795951121564,0.01239883658855609,-0.038519100864514114,0.10359591902243127
action_tcn,TRXUSDT,5,all,998,0.3452744656550013,0.46848325631827703,-0.37327696266946353,0.3426352024842768,0.7151020852196068,0.2626833467554544,0.5975299430250648,947.4388764646499,0.8197467994855678,0.02506891964782882,0.47371943823232493
action_tcn,TRXUSDT,5,development_2024_25,731,0.314874500571964,0.5229387253924216,-0.34063037564410825,0.38763548391866226,0.7218461808054665,0.25307401983292843,0.5906423434371596,743.7297218313925,0.7301130012115011,-0.017476828433636217,0.37186486091569626
action_tcn,TRXUSDT,5,reused_2026,267,0.023120050673896886,0.2708963398171404,-0.12656922167226592,0.16614417677717433,0.6966379134096317,0.2889920283298606,0.6163870040691051,203.70915463325724,0.0896337982740665,0.042545748081465024,0.10185457731662863
action_tcn,TRXUSDT,5,year2024,366,0.809376117663406,1.4178044573118322,-0.13363204989316724,0.48881264660550255,0.7805179184939782,0.18988281010347186,0.5411753001269816,225.80468832340745,0.7177179232768478,0.021040780283276952,0.1129023441617037
action_tcn,TRXUSDT,5,year2025,365,-0.27329951592929824,-1.1755142250815909,-0.3166645222714115,0.24582000304443796,0.663013698630137,0.31643835616438354,0.640244912893393,517.9250335079851,0.012395077934653533,-0.03851760871691317,0.2589625167539925
vol_long,TRXUSDT,2,all,998,2.281968113069781,1.2359774581982694,-0.2587483656851023,0.4154974923576119,1.0,0.0,0.9225965730881535,4.428678569932144,1.3205276030368165,0.0,0.0008857357139864288
vol_long,TRXUSDT,2,development_2024_25,731,1.7641615092627991,1.3000597571027628,-0.252834720759727,0.46626175245542745,1.0,0.0,0.9077489697645219,3.463059475492976,1.1338473592915295,0.0,0.0006926118950985952
vol_long,TRXUSDT,2,reused_2026,267,0.18732863549101686,1.160226426060628,-0.15609240127594937,0.22406039930003158,1.0,0.0,0.9632467529742005,0.9656190944391682,0.186680243745287,0.0,0.00019312381888783361
vol_long,TRXUSDT,2,year2024,366,1.490221225361732,1.8449165377030416,-0.2408647627219419,0.5705312242882934,1.0,0.0,0.9190679599339798,2.632447092806924,0.9741009722585078,0.0,0.0005264894185613848
vol_long,TRXUSDT,2,year2025,365,0.11000640469654388,0.4812920967433797,-0.25283472075972624,0.32938570647573645,1.0,0.0,0.8963989686630928,0.8306123826860523,0.15974638703302158,0.0,0.00016612247653721046
vol_long,TRXUSDT,5,all,998,2.2776103555947804,1.2349751131968625,-0.2587483656850539,0.41542314305445954,1.0,0.0,0.9225965703748086,4.428357357015378,1.3205265365275447,0.0,0.002214178678507689
vol_long,TRXUSDT,5,development_2024_25,731,1.7612913048593999,1.2991375570095076,-0.25283472075970137,0.4661692724867571,1.0,0.0,0.9077489660601427,3.462738262576301,1.1338462927822683,0.0,0.0017313691312881505
vol_long,TRXUSDT,5,reused_2026,267,0.18698463643685526,1.158407805844047,-0.15609240127593804,0.22407225922306379,1.0,0.0,0.9632467529741366,0.9656190944390769,0.18668024374527634,0.0,0.00048280954721953846
vol_long,TRXUSDT,5,year2024,366,1.488255284537635,1.8439108774470745,-0.24091922225929885,0.5703812460737729,1.0,0.0,0.919067954199794,2.632260551060179,0.9740998729026707,0.0,0.0013161302755300894
vol_long,TRXUSDT,5,year2025,365,0.10972990674166261,0.4805354679590486,-0.25283472075970115,0.32938589476795105,1.0,0.0,0.8963989669940815,0.8304777115161222,0.1597464198795976,0.0,0.00041523885575806105
hold,TRXUSDT,2,all,998,2.1481615117456574,0.8608943459289738,-0.511468525013845,0.7079958280951266,1.0,0.0,0.9999999993019072,1.9998588704426834,1.3735557339960005,0.0,0.0003999717740885367
hold,TRXUSDT,2,development_2024_25,731,1.6337483776980504,0.8991939732944394,-0.511468525013845,0.8152959950495178,1.0,0.0,0.9999999990469112,0.9998000399920016,1.1790074131660613,0.0,0.00019996000799840034
hold,TRXUSDT,2,reused_2026,267,0.19531597566552983,1.1650951825694953,-0.1611322663968333,0.23269779998386517,1.0,0.0,1.000000000000043,1.000058830450682,0.19454832082993934,0.0,0.0002000117660901364
hold,TRXUSDT,2,year2024,366,1.3576572318699474,1.178662304036274,-0.43675004615101287,1.0830756878607504,1.0,0.0,0.9999999980963915,0.9998000399920016,0.9920119060197833,0.0,0.00019996000799840034
hold,TRXUSDT,2,year2025,365,0.11710402262720798,0.47764918963296116,-0.26119565810289613,0.3939063364505107,1.0,0.0,1.0000000000000344,0.0,0.18699550714627786,0.0,0.0
hold,TRXUSDT,5,all,998,2.146273181149155,0.8605835153409693,-0.5114685250138352,0.7079975732550431,1.0,0.0,0.9999999982552223,1.9995590803256957,1.3735553729703487,0.0,0.0009997795401628477
hold,TRXUSDT,5,development_2024_25,731,1.6329586480497862,0.8990098677581839,-0.5114685250138352,0.8152966830306434,1.0,0.0,0.9999999976179369,0.9995002498750625,1.1790070521404177,0.0,0.0004997501249375312
hold,TRXUSDT,5,reused_2026,267,0.1949573091395005,1.1632818614213205,-0.16113226639682277,0.23271005312963816,1.0,0.0,1.0,1.0000588304506333,0.19454832082993076,0.0,0.0005000294152253166
hold,TRXUSDT,5,year2024,366,1.3569502881722308,1.1783850740683075,-0.4367500461510053,1.083077135137939,1.0,0.0,0.9999999952423869,0.9995002498750625,0.9920115449941522,0.0,0.0004997501249375312
hold,TRXUSDT,5,year2025,365,0.11710402262730613,0.4776491896331858,-0.26119565810287015,0.39390633645049683,1.0,0.0,0.9999999999999953,0.0,0.18699550714626545,0.0,0.0
trend24,XRPUSDT,2,all,998,0.7228694447089081,0.7495117708711375,-0.27109700380881097,0.34108178986298077,0.4539338791791868,0.48297118094105357,0.36598205214019414,1014.9631926875736,0.9433473018142207,-0.004671404849120875,0.20299263853751473
trend24,XRPUSDT,2,development_2024_25,731,0.26667526854665,0.5188718757329059,-0.228579998903362,0.33006116907719096,0.46093234041584114,0.468991470193674,0.3374297927798221,699.5085523966691,0.6008547826818844,-0.07287150010804386,0.1399017104793338
trend24,XRPUSDT,2,reused_2026,267,0.3601508512009406,1.3154780201097735,-0.2710970038088105,0.3699623877878093,0.43477329804063153,0.5212452204778869,0.4441532191530476,315.45464029090465,0.34249251913233636,0.0682000952589229,0.06309092805818092
trend24,XRPUSDT,2,year2024,366,0.3444822176857527,1.0751233950579324,-0.19157091637356882,0.3216521854521775,0.4788930988451181,0.45810409301887706,0.342873219108817,370.0085065969221,0.4471604202547711,-0.009124331257258263,0.07400170131938442
trend24,XRPUSDT,2,year2025,365,-0.05787131143544122,-0.011153216940033364,-0.2285799989033629,0.33847726493803143,0.4429223744292237,0.47990867579908675,0.33197145295403535,329.5000457997469,0.1536943624271133,-0.06374716885078562,0.06590000915994938
trend24,XRPUSDT,5,all,998,0.2705978814802523,0.42259003680923557,-0.34072780513539647,0.34239259034491065,0.4539338791791868,0.48297118094105357,0.36598167842238677,1014.8906779071048,0.9433483906937903,-0.004696798834971344,0.5074453389535524
trend24,XRPUSDT,5,development_2024_25,731,0.026888702410622134,0.2018501760144849,-0.26959871761029675,0.33130025477417463,0.46093234041584114,0.468991470193674,0.3374294626923834,699.4612314721888,0.6008530299292238,-0.07290069233642069,0.34973061573609443
trend24,XRPUSDT,5,reused_2026,267,0.23732774398775702,0.9629806363966041,-0.30113077258760135,0.37149848073551894,0.43477329804063153,0.5212452204778869,0.44415272598280786,315.4294464349159,0.3424953607645663,0.06820389350144926,0.15771472321745797
trend24,XRPUSDT,5,year2024,366,0.20321992991133353,0.7290544155341807,-0.23535261557023757,0.32298662977817805,0.4788930988451181,0.45810409301887706,0.34287285458442285,369.9827746550592,0.44715864217620893,-0.009153178422592098,0.1849913873275296
trend24,XRPUSDT,5,year2025,365,-0.1465494571002539,-0.30087473332948916,-0.2695987176102971,0.33964540912263197,0.4429223744292237,0.47990867579908675,0.33197115739789995,329.47845681712965,0.15369438775301503,-0.06374751391382855,0.16473922840856484
trend72,XRPUSDT,2,all,998,0.22831855559882497,0.38901529042114136,-0.4895451581225737,0.33227883724170093,0.4379940315202608,0.5007723902120927,0.3681934640167525,551.6197672461894,0.6500171444892625,-0.15792934646902526,0.11032395344923789
trend72,XRPUSDT,2,development_2024_25,731,0.3375956022834554,0.6210379936618639,-0.2970592030534436,0.309792818353358,0.45183141322325876,0.47906613959631883,0.3440657245109608,364.60017523698025,0.5703223852168846,-0.0714578606944127,0.07292003504739605
trend72,XRPUSDT,2,reused_2026,267,-0.08169662527155297,-0.11240254986640998,-0.4256558831907902,0.3877295649707782,0.4001096643858359,0.5602003647444179,0.43425105794459434,187.01959200920916,0.07969475927237786,-0.08647148577461253,0.03740391840184183
trend72,XRPUSDT,2,year2024,366,0.6554800466744937,1.7533194946953883,-0.1675250388516797,0.3145535816314882,0.4737606610794836,0.45090350103344906,0.3469252376118866,191.00759913421385,0.5290316692957963,0.07553992097574239,0.03820151982684277
trend72,XRPUSDT,2,year2025,365,-0.1920194961150985,-0.5513003444441901,-0.29024128196232335,0.30420912607234946,0.4298420852359209,0.5073059360730594,0.34119837712756673,173.59257610276643,0.041290715921088336,-0.14699778167015506,0.03471851522055329
trend72,XRPUSDT,5,all,998,0.0409716152658286,0.2070882804876297,-0.5406889477785979,0.33290990462833964,0.4379940315202608,0.5007723902120927,0.3681932786400709,551.5915686431133,0.6500205871653584,-0.15793224568722086,0.2757957843215567
trend72,XRPUSDT,5,development_2024_25,731,0.19900256408091277,0.44445440222127824,-0.33362499412951774,0.31033537933372124,0.45183141322325876,0.47906613959631883,0.344065565674145,364.58244076918567,0.5703238746281768,-0.07146159795025499,0.18229122038459286
trend72,XRPUSDT,5,reused_2026,267,-0.13180201072899445,-0.3086847511913968,-0.4518334382892286,0.3885388797281137,0.4001096643858359,0.5602003647444179,0.4342507999063326,187.00912787392767,0.07969671253718162,-0.08647064773696589,0.09350456393696382
trend72,XRPUSDT,5,year2024,366,0.563280935947182,1.5691200482815169,-0.1926221854136162,0.3151292545717766,0.4737606610794836,0.45090350103344906,0.3469250651422634,190.99785787646206,0.5290318866229115,0.07553704052676957,0.09549892893823103
trend72,XRPUSDT,5,year2025,365,-0.23302169398333916,-0.7205971901759485,-0.32311014211193156,0.30473698853154857,0.4298420852359209,0.5073059360730594,0.3411982319609084,173.58458289272363,0.041291988005265304,-0.14699863847702455,0.08679229144636182
trend168,XRPUSDT,2,all,998,0.45801521120806976,0.568263597776872,-0.34728705225661716,0.34652647326583147,0.4354020541082164,0.5029694745666323,0.37492540926081613,315.4229317959209,0.7605091396658261,-0.1379830511434622,0.06308458635918418
trend168,XRPUSDT,2,development_2024_25,731,0.13583322912365792,0.3547188242078242,-0.34728705225661716,0.3335372058041572,0.45200638394892834,0.4856907311988891,0.3514676259345045,208.31496999082412,0.5983065428339114,-0.2893889951631856,0.04166299399816483
trend168,XRPUSDT,2,reused_2026,267,0.2836525414325053,1.0837985476890635,-0.2646997040871295,0.38026376052195776,0.3899422596754058,0.55027569704536,0.4391487785924036,107.10796180509674,0.16220259683191465,0.15140594401972343,0.02142159236101935
trend168,XRPUSDT,2,year2024,366,0.24443221157209516,0.8066916751640788,-0.34728705225661716,0.34174550218384453,0.4758652094717669,0.4536609959190927,0.36561763106837536,112.34138994492335,0.5268902874604044,-0.21852151293950542,0.022468277988984674
trend168,XRPUSDT,2,year2025,365,-0.08726789730976603,-0.12137565433427382,-0.24815738623492611,0.32535812248761575,0.4280821917808219,0.5178082191780822,0.33727885366328053,95.97358004590077,0.07141625537350695,-0.07086748222368022,0.019194716009180157
trend168,XRPUSDT,5,all,998,0.3263706205441905,0.4682347945274925,-0.3584688807826206,0.3468890594890619,0.4354020541082164,0.5029694745666323,0.3749253052653857,315.41008004951,0.7605122588185333,-0.13798754248105527,0.157705040024755
trend168,XRPUSDT,5,development_2024_25,731,0.06702061663509729,0.2612369844839052,-0.3584688807826206,0.33392344122503886,0.45200638394892834,0.4856907311988891,0.3514675392221345,208.30683155345235,0.5983089310217355,-0.28939387602959943,0.10415341577672618
trend168,XRPUSDT,5,reused_2026,267,0.24305997453635597,0.9676751209542597,-0.2748511473491455,0.3805918813505544,0.3899422596754058,0.55027569704536,0.4391486272789314,107.10324849605762,0.16220332779679758,0.1514063335485441,0.05355162424802881
trend168,XRPUSDT,5,year2024,366,0.20318953160893138,0.7078049862077348,-0.3584688807826206,0.3422005060123066,0.4758652094717669,0.4536609959190927,0.365617529386229,112.33683649285993,0.5268924465360102,-0.21852568131854483,0.056168418246429964
trend168,XRPUSDT,5,year2025,365,-0.11317328766295665,-0.20931487414567543,-0.2559659745653855,0.3256792738918856,0.4280821917808219,0.5178082191780822,0.33727878196169997,95.96999506059244,0.07141648448572538,-0.07086819471105461,0.04798499753029621
trend336,XRPUSDT,2,all,998,0.295058223866532,0.4485294887776402,-0.39758443924753395,0.33100562136289124,0.3987309088754357,0.5372550656869293,0.365490248429678,218.81622069434482,0.8635001132525382,-0.3960089379851439,0.043763244138868965
trend336,XRPUSDT,2,development_2024_25,731,0.3023652502808145,0.5650902122971423,-0.3437523390440784,0.3262139732661207,0.40893293411144,0.518938098495212,0.3394820408292866,143.7186174463509,0.8285310588406751,-0.4076229488553833,0.028743723489270186
trend336,XRPUSDT,2,reused_2026,267,-0.005610581526729774,0.145916114109944,-0.3118691813580262,0.3443585998779719,0.37079952143154393,0.5874037661256762,0.436696240024757,75.0976032479939,0.034969054411863223,0.011614010870239347,0.015019520649598777
trend336,XRPUSDT,2,year2024,366,0.6885982621709541,1.6434672308684461,-0.1777069488790074,0.35562755265972207,0.42694892942293977,0.5023907103825137,0.358300140002359,74.1114320076361,0.7253362091859727,-0.11487844396429146,0.014822286401527218
trend336,XRPUSDT,2,year2025,365,-0.22872995936498097,-0.740779389363534,-0.343752339044078,0.29276976369637703,0.3908675799086759,0.5355308219178082,0.3206123852201236,69.60718543871482,0.10319484965470237,-0.2927445048910918,0.013921437087742964
trend336,XRPUSDT,5,all,998,0.2127725006368293,0.3759654732227255,-0.42146254714768216,0.3311687254628707,0.3987309088754357,0.5372550656869293,0.36549017998833605,218.80879789582931,0.8635031745162325,-0.39600845747965696,0.10940439894791466
trend336,XRPUSDT,5,development_2024_25,731,0.24740498399113098,0.49900477938691845,-0.3560343848241624,0.32635556730678766,0.40893293411144,0.518938098495212,0.33948198218837183,143.71401520456294,0.8285346054221852,-0.4076223489107461,0.07185700760228148
trend336,XRPUSDT,5,reused_2026,267,-0.02776362432310786,0.056667784903250404,-0.32448362657599694,0.34457062551977724,0.37079952143154393,0.5874037661256762,0.43669614475153407,75.09478269126635,0.0349685690940473,0.011613891431089193,0.037547391345633174
trend336,XRPUSDT,5,year2024,366,0.651468296180864,1.5806346474479807,-0.18733357174905307,0.3557439245827285,0.42694892942293977,0.5023907103825137,0.35830007612989445,74.10897403533554,0.7253381572730367,-0.11487874750134874,0.03705448701766777
trend336,XRPUSDT,5,year2025,365,-0.2446691305695392,-0.8113670946179042,-0.3560343848241615,0.2929494888921836,0.3908675799086759,0.5355308219178082,0.32061233182509163,69.6050411692274,0.10319644814914838,-0.2927436014093974,0.03480252058461371
trend_ensemble,XRPUSDT,2,all,998,0.4817202502044262,0.6423550678868077,-0.2786326314288866,0.28564773914660285,0.40628477968325344,0.48757585825929833,0.2689513578442743,471.39661109007784,0.8208992922823355,-0.1971478328740624,0.09427932221801558
trend_ensemble,XRPUSDT,2,development_2024_25,731,0.2857046062745079,0.5988912699262913,-0.216426245706149,0.26813764503407433,0.4242721336974949,0.4586413029950116,0.25046332610560207,319.65462939505875,0.5851360729996773,-0.16363981261452987,0.06393092587901175
trend_ensemble,XRPUSDT,2,reused_2026,267,0.15245775971659659,0.7474070990642223,-0.2786326314288867,0.3293906943319151,0.3570385033371468,0.5667936855933569,0.3195684035407889,151.74198169501906,0.23576321928265814,-0.03350802025953251,0.030348396339003818
trend_ensemble,XRPUSDT,2,year2024,366,0.4374839571775766,1.4347947582472196,-0.2012060195184172,0.27874392726176783,0.44296603448567656,0.44247909301887717,0.2569919314733557,170.75830146697933,0.4789807215701066,-0.033928652400031414,0.03415166029339587
trend_ensemble,XRPUSDT,2,year2025,365,-0.10558681378335544,-0.3092502289929201,-0.21642624570614977,0.2568324805974673,0.40552701674277025,0.47484779299847796,0.24391683414779983,148.89632792807942,0.1061553514295708,-0.1297111602144984,0.02977926558561589
trend_ensemble,XRPUSDT,5,all,998,0.28631393833486296,0.46091249363670006,-0.3134219014821542,0.28616963262773293,0.40628477968325344,0.48757585825929833,0.2689512235466441,471.376975006344,0.8209016016095256,-0.1971559015845487,0.235688487503172
trend_ensemble,XRPUSDT,5,development_2024_25,731,0.1681344054532068,0.4199999823734881,-0.23584059879599695,0.26862029717839514,0.4242721336974949,0.4586413029950116,0.2504632094084425,319.6420329815912,0.585137219909102,-0.1636479904675165,0.1598210164907956
trend_ensemble,XRPUSDT,5,reused_2026,267,0.10116946502898738,0.5579529246228123,-0.2935370781914869,0.3300156289112652,0.3570385033371468,0.5667936855933569,0.31956822105610205,151.7349420247528,0.23576438170042374,-0.033507911117032184,0.07586747101237641
trend_ensemble,XRPUSDT,5,year2024,366,0.365697707284397,1.249428497064463,-0.22238477048423244,0.279295594283447,0.44296603448567656,0.44247909301887717,0.25699179914887926,170.75143243309174,0.4789817030339617,-0.033936574630085134,0.08537571621654588
trend_ensemble,XRPUSDT,5,year2025,365,-0.14466107746789314,-0.4818714483879412,-0.23584059879599706,0.257259051127667,0.40552701674277025,0.47484779299847796,0.24391673312077172,148.89060054849946,0.10615551687514031,-0.1297114158374314,0.07444530027424973
breakout,XRPUSDT,2,all,998,1.4742192452177973,1.2268691836553443,-0.24323174658471725,0.30766258397669666,0.43517647713157637,0.4844115617025767,0.3218152464976184,740.3513085150757,0.9688819829769412,0.24957761602461687,0.14807026170301513
breakout,XRPUSDT,2,development_2024_25,731,0.8068311798920906,1.1339345638944152,-0.24323174658471725,0.2990203662666666,0.4649508082680983,0.45466558480075714,0.3028956494472768,508.3660507142432,0.6514948445490767,0.1731900579031388,0.10167321014284866
breakout,XRPUSDT,2,reused_2026,267,0.36936935379074165,1.4592666652530448,-0.20148290151386183,0.3306955637335923,0.3536594881398252,0.5658509216847116,0.3736138436654076,231.9852578008325,0.3173871384278645,0.07638755812147807,0.046397051560166505
breakout,XRPUSDT,2,year2024,366,0.4458606031333754,1.3791570909523794,-0.24323174658471725,0.298257333435926,0.480999200848761,0.4384376540389136,0.3167329832933564,284.4047579369626,0.47026733288530687,0.014527641755491913,0.05688095158739253
breakout,XRPUSDT,2,year2025,365,0.24965793796195834,0.8882285794143445,-0.15681419123680007,0.30014495773391603,0.44885844748858444,0.4709379756468798,0.28902040509750937,223.96129277728068,0.18122751166376988,0.15866241614764687,0.04479225855545614
breakout,XRPUSDT,5,all,998,0.981415523158319,0.9611222751577614,-0.27703693367757587,0.3083819168365041,0.43517647713157637,0.4844115617025767,0.32181496879334126,740.3115168578421,0.9688816981072559,0.24954431407949054,0.37015575842892107
breakout,XRPUSDT,5,development_2024_25,731,0.5512477931950615,0.8776717982643786,-0.27703693367757587,0.2997602193561042,0.4649508082680983,0.45466558480075714,0.3028954028475288,508.34000991427195,0.6514946029868058,0.17315646717104313,0.25417000495713593
breakout,XRPUSDT,5,reused_2026,267,0.277304330004722,1.1695420304385895,-0.22273819470181633,0.33138345522973295,0.3536594881398252,0.5658509216847116,0.37361348080228846,231.9715069435702,0.3173870951204499,0.07638784690844741,0.11598575347178511
breakout,XRPUSDT,5,year2024,366,0.3276097842307597,1.091234176864913,-0.27703693367757587,0.299158851897905,0.480999200848761,0.4384376540389136,0.3167326898879427,284.3892696684832,0.4702671341761636,0.014493297683708689,0.14219463483424163
breakout,XRPUSDT,5,year2025,365,0.16845161253001928,0.6635597948705002,-0.17065726919597946,0.3007358599070066,0.44885844748858444,0.4709379756468798,0.2890202054316618,223.95074024578872,0.18122746881064236,0.1586631694873345,0.11197537012289434
range_only,XRPUSDT,2,all,998,-0.4927067421078143,-0.9658785783777277,-0.5888573852537637,0.22901300331604157,0.45222797753850713,0.3814312350019435,0.2000621492541091,355.91752934647184,0.09177931727552226,-0.6010674778556178,0.07118350586929437
range_only,XRPUSDT,2,development_2024_25,731,-0.34419046709137446,-0.8450243646610551,-0.49355119154154903,0.21990669925035142,0.4228962501052605,0.396727104057732,0.18586378782739507,238.41362955900394,0.12075258861251897,-0.41523109219701526,0.04768272591180079
range_only,XRPUSDT,2,reused_2026,267,-0.22646251322048472,-1.2588648891068517,-0.2564175808147987,0.2526417591418586,0.532533193844512,0.3395537807705525,0.23893481668080563,117.50389978746792,-0.02897327133699685,-0.1858363856586025,0.023500779957493584
range_only,XRPUSDT,2,year2024,366,-0.2700634166958509,-1.1940453213992939,-0.4333901363434901,0.23833454580134353,0.39722318744459884,0.420311207527571,0.18908831682226307,128.0354973163472,0.07698191017923661,-0.33204102420250997,0.025607099463269445
range_only,XRPUSDT,2,year2025,365,-0.10155272675877791,-0.4341617615966562,-0.19976982496054962,0.1999260006940128,0.44863964992389654,0.37307838660578385,0.18263042450651373,110.3781322426567,0.0437706784332824,-0.08319006799450533,0.02207562644853134
range_only,XRPUSDT,5,all,998,-0.5440827955234028,-1.13959384168721,-0.6206349932452666,0.22845660503987494,0.45222797753850713,0.3814312350019435,0.200062071914585,355.9043225868347,0.09178503220223178,-0.6010669901623323,0.17795216129341737
range_only,XRPUSDT,5,development_2024_25,731,-0.389459536875575,-1.010348840941126,-0.5129623509695596,0.21936531010454657,0.4228962501052605,0.396727104057732,0.18586372168073995,238.40515140767826,0.12075851310170212,-0.41523064628995676,0.11920257570383913
range_only,XRPUSDT,5,reused_2026,267,-0.2532563654447193,-1.4535335649695726,-0.28032388777902106,0.25203079535161904,0.532533193844512,0.3395537807705525,0.23893470869713473,117.49917117915646,-0.028973480899470338,-0.1858363438723755,0.058749585589578227
range_only,XRPUSDT,5,year2024,366,-0.29756982089483164,-1.3587201319790323,-0.44112672220344595,0.2377225877360596,0.39722318744459884,0.420311207527571,0.18908824267502405,128.03074519616405,0.0769881651985589,-0.3320405799596109,0.06401537259808202
range_only,XRPUSDT,5,year2025,365,-0.13081686794522784,-0.6016102517247925,-0.21176460475683734,0.19945604433230069,0.44863964992389654,0.37307838660578385,0.18263036638236185,110.37440621151424,0.04377034790314321,-0.08319006633034587,0.05518720310575711
down_rebound,XRPUSDT,2,all,998,0.8290792869652839,0.8328573976666217,-0.33092715692981867,0.32841412754839033,0.4150250753151677,0.3111831362104775,0.30080949413699476,726.2471393361568,0.8598360005921943,0.06637535373351208,0.14524942786723138
down_rebound,XRPUSDT,2,development_2024_25,731,0.562125673126034,0.8634297204406158,-0.33092715692981867,0.3139954188125928,0.42903161217218977,0.29229129494490175,0.2842897761623575,479.696756264037,0.6501558837062732,0.03194972795218468,0.0959393512528074
down_rebound,XRPUSDT,2,reused_2026,267,0.17089125313780862,0.7661354273952752,-0.2600015775855756,0.365624650332554,0.3766775905118601,0.3629057428214732,0.34603763585781805,246.55038307211987,0.20968011688592117,0.03442562578132741,0.04931007661442397
down_rebound,XRPUSDT,2,year2024,366,0.6972657787741179,1.7561444965189952,-0.33092715692981867,0.33124468984687905,0.45173200561045423,0.26913044306087086,0.28945272613064377,236.83747040702983,0.5888259882285108,0.0562247037674706,0.04736749408140596
down_rebound,XRPUSDT,2,year2025,365,-0.07962224145336283,-0.1366260908894395,-0.24253486969049476,0.2952477516414113,0.4062690258751903,0.31551560121765604,0.27911268112566506,242.85928585700714,0.06132989547776234,-0.024274975815285843,0.04857185717140144
down_rebound,XRPUSDT,5,all,998,0.4709763686686601,0.5893572629532458,-0.3469992110684115,0.3293689646959159,0.4150250753151677,0.3111831362104775,0.30080922588842485,726.1870142096009,0.859835540023722,0.06635634297409387,0.3630935071048004
down_rebound,XRPUSDT,5,development_2024_25,731,0.35273840202677453,0.633598561155502,-0.3469992110684115,0.3148598352752433,0.42903161217218977,0.29229129494490175,0.28428954778451243,479.6592167284551,0.6501567102115846,0.03193029763436261,0.23982960836422754
down_rebound,XRPUSDT,5,reused_2026,267,0.08740637987709454,0.4890659407049645,-0.30246388403828683,0.3668010667406434,0.3766775905118601,0.3629057428214732,0.34603725845007255,246.52779748114574,0.2096788298121372,0.03442604533973121,0.12326389874057285
down_rebound,XRPUSDT,5,year2024,366,0.5808515564724448,1.5385869934526335,-0.3469992110684115,0.33216565244257235,0.45173200561045423,0.26913044306087086,0.2894524943941758,236.81914910677128,0.5888248410905885,0.05619868696387427,0.11840957455338566
down_rebound,XRPUSDT,5,year2025,365,-0.14429764357805197,-0.38145587279719523,-0.25934414501113057,0.296049694335194,0.4062690258751903,0.31551560121765604,0.27911245611564456,242.8400676216838,0.06133186912099607,-0.02426838932951164,0.12142003381084189
selected_trend,XRPUSDT,2,all,998,0.3721537481330073,0.5220150929105519,-0.424231837806028,0.3144113904568176,0.4196448452460476,0.4863372578490314,0.34192566528173685,517.3658318566364,0.6050735176958848,-0.015040393158384485,0.10347316637132728
selected_trend,XRPUSDT,2,development_2024_25,731,0.05904189246562286,0.24396249908436854,-0.42166116616252025,0.305549589762481,0.42655133758929936,0.46538227694178447,0.3202799523174915,379.0489964975886,0.4307898759611298,-0.16397583931208123,0.07580979929951773
selected_trend,XRPUSDT,2,reused_2026,267,0.29565577895923223,1.2121112478612257,-0.1668369253875498,0.3377539613445485,0.40073605909280063,0.5437083853516438,0.40118789815388406,138.31683535904787,0.17428364173475502,0.14893544615369675,0.027663367071809577
selected_trend,XRPUSDT,2,year2024,366,0.5931205975298104,1.660189472951537,-0.21547736358618574,0.3079578233381014,0.40749278992106863,0.4600030358227079,0.31005585049123807,121.12133882673822,0.5294591057589235,0.014451307177352185,0.024224267765347647
selected_trend,XRPUSDT,2,year2025,365,-0.33524060004766265,-1.2040409963759524,-0.37393790755228384,0.30179999123001106,0.44566210045662097,0.4707762557077626,0.3305320653816253,257.92765767085035,-0.09866922979779372,-0.17842714648943342,0.051585531534170066
selected_trend,XRPUSDT,5,all,998,0.17487970372234107,0.34138924488152345,-0.46809284019010655,0.3150272101447396,0.4196448452460476,0.4863372578490314,0.3419254901185812,517.3362000955592,0.6050719919391079,-0.01504237433147168,0.2586681000477796
selected_trend,XRPUSDT,5,development_2024_25,731,-0.05479592133530109,0.058668562811166135,-0.46544341133104705,0.30619240939164327,0.42655133758929936,0.46538227694178447,0.3202797818357759,379.0271594797316,0.4307901175425649,-0.16397969841520885,0.18951357973986585
selected_trend,XRPUSDT,5,reused_2026,267,0.242990514156592,1.0428697983892719,-0.18350861459653278,0.3383066725298011,0.40073605909280063,0.5437083853516438,0.40118771017375243,138.3090406158275,0.1742818743965429,0.14893732408373722,0.06915452030791375
selected_trend,XRPUSDT,5,year2024,366,0.5362698925801965,1.5412964074109667,-0.22276097636034065,0.3082288370937547,0.40749278992106863,0.4600030358227079,0.3100557536278655,121.11637977980139,0.5294601576272463,0.014450896057194282,0.0605581898899007
selected_trend,XRPUSDT,5,year2025,365,-0.3847408692770702,-1.4550803315398493,-0.42023082173121196,0.3026613744717118,0.44566210045662097,0.4707762557077626,0.3305318210798723,257.9107796999303,-0.09867004008468135,-0.17843059447240311,0.12895538984996513
selected_breakout,XRPUSDT,2,all,998,0.6506880296823545,0.7339103172182007,-0.29090020282912754,0.3159831754741574,0.43280831892200966,0.4952109139882553,0.3561801811122816,664.9017651203994,0.768325938501913,0.04726528476102233,0.1329803530240799
selected_breakout,XRPUSDT,2,development_2024_25,731,0.30850268623782817,0.5809170338716214,-0.29090020282912754,0.3137496440326785,0.4620786700953779,0.4604494496796639,0.340190149163634,501.6281406063416,0.5847652998021315,-0.06831711712834848,0.10032562812126833
selected_breakout,XRPUSDT,2,reused_2026,267,0.26150908748102775,1.1404718422845705,-0.1793535539532013,0.3225079803362921,0.352671140241365,0.5903818143986683,0.399958133750714,163.27362451405793,0.18356063869978131,0.11558240188937074,0.032654724902811585
selected_breakout,XRPUSDT,2,year2024,366,0.35262046732497376,1.0873196861820913,-0.29090020282912754,0.324223346295246,0.4584139558462329,0.46402077396554603,0.3443627842504391,257.0085965161323,0.5038919287305914,-0.08042136270726952,0.051401719303226456
selected_breakout,XRPUSDT,2,year2025,365,-0.03261652633010548,0.038025044445983536,-0.2110436938237814,0.3030660398872417,0.4657534246575342,0.45686834094368345,0.33600608219987876,244.61954409020933,0.08087337107154015,0.01210424557892107,0.04892390881804186
selected_breakout,XRPUSDT,5,all,998,0.352173879141237,0.502589561259265,-0.3155938118623165,0.31662158194213974,0.43280831892200966,0.4952109139882553,0.35617990436870567,664.8617897706421,0.7683201875697361,0.04720697272178155,0.33243089488532107
selected_breakout,XRPUSDT,5,development_2024_25,731,0.12568175522721692,0.34131608571253264,-0.3155938118623165,0.31448689000827623,0.4620786700953779,0.4604494496796639,0.34018986793077943,501.59697737492877,0.5847609239400909,-0.0683746172862344,0.2507984886874644
selected_breakout,XRPUSDT,5,reused_2026,267,0.201204401565789,0.9320226948725994,-0.1986431350894955,0.32287440165253045,0.352671140241365,0.5903818143986683,0.3999578692980093,163.26481239571328,0.1835592636296452,0.11558159000801602,0.08163240619785662
selected_breakout,XRPUSDT,5,year2024,366,0.2522449424466595,0.8486802214726443,-0.3155938118623165,0.32504014048115715,0.4584139558462329,0.46402077396554603,0.34436248804782543,256.99213547551847,0.5038888150627717,-0.08047490176717242,0.12849606773775923
selected_breakout,XRPUSDT,5,year2025,365,-0.10106903444318305,-0.20293942904966097,-0.2236026640840224,0.3037258799297316,0.4657534246575342,0.45686834094368345,0.3360058159777964,244.60484189941036,0.08087210887731919,0.012100284480938042,0.12230242094970517
regime_gate,XRPUSDT,2,all,998,0.6750813624088574,0.8240525510104711,-0.2211142742259834,0.272842590719888,0.4052317638567883,0.39489511834353963,0.22276767514424592,527.0944730116485,0.774705179876271,-0.029601234254140033,0.10541889460232969
regime_gate,XRPUSDT,2,development_2024_25,731,0.41354516437550326,0.7970623019421773,-0.2211142742259834,0.25731222098313583,0.4193424841103013,0.3699523792311404,0.20795528283187245,348.1053640038306,0.5481973238481291,-0.03553975600306844,0.06962107280076611
regime_gate,XRPUSDT,2,reused_2026,267,0.18502146562038013,0.8940415829580468,-0.21028956735109428,0.3119417692327067,0.3665990428630878,0.46318404078235537,0.2633214533477854,178.9891090078179,0.22650785602814177,0.0059385217489284076,0.03579782180156358
regime_gate,XRPUSDT,2,year2024,366,0.460438715193245,1.5360777803494354,-0.2211142742259834,0.268960861050419,0.43290200454209843,0.3456410755803499,0.21419143038282296,172.72782147978495,0.4707558623054827,-0.015027783885857363,0.034545564295956996
regime_gate,XRPUSDT,2,year2025,365,-0.03210922192756138,-0.014398518177429652,-0.19136542013171465,0.24496011338202023,0.4057458143074581,0.3943302891933029,0.20170204994516583,175.3775425240456,0.07744146154264633,-0.020511972117211008,0.03507550850480912
regime_gate,XRPUSDT,5,all,998,0.4300759793849003,0.611285612183731,-0.24414236064844064,0.2734207073071122,0.4052317638567883,0.39489511834353963,0.22276752789267013,527.0656783972722,0.7747077468912299,-0.029598154009401828,0.2635328391986361
regime_gate,XRPUSDT,5,development_2024_25,731,0.2733684720872007,0.5936864651023267,-0.24414236064844064,0.257810229588114,0.4193424841103013,0.3699523792311404,0.2079551554883607,348.0878668612769,0.5481988997147518,-0.03553711105321653,0.17404393343063843
regime_gate,XRPUSDT,5,reused_2026,267,0.12306532691267003,0.6577356452207349,-0.23772111708773502,0.31271824845189095,0.3665990428630878,0.46318404078235537,0.26332125159135994,178.97781153599541,0.22650884717647812,0.005938957043814641,0.08948890576799771
regime_gate,XRPUSDT,5,year2024,366,0.3866860713541742,1.3417057342333707,-0.24414236064844064,0.2694761229875021,0.43290200454209843,0.3456410755803499,0.21419129577073603,172.71914061371723,0.47075737575588045,-0.01502617611358581,0.08635957030685862
regime_gate,XRPUSDT,5,year2025,365,-0.08171827900190187,-0.22821073077102239,-0.20547910686725235,0.24543982768431552,0.4057458143074581,0.3943302891933029,0.20170192989014318,175.36872624755964,0.07744152395887134,-0.020510934939630743,0.08768436312377983
gate_no_range,XRPUSDT,2,all,998,0.5659391079845493,0.7258178958024692,-0.23036456286208695,0.2776055612695427,0.3924591100513067,0.40193408254759616,0.22593381104058652,505.33024418944876,0.7332318280342432,-0.057361592918199,0.10106604883788975
gate_no_range,XRPUSDT,2,development_2024_25,731,0.34671324368558576,0.6939486676537402,-0.23036456286208695,0.26267317425594583,0.4096945168689521,0.3741616399821414,0.21179242283180913,335.987707512069,0.5225202441828931,-0.05874038508516174,0.06719754150241379
gate_no_range,XRPUSDT,2,reused_2026,267,0.16278585313307214,0.8055593148541009,-0.2295104666784914,0.31541199563730876,0.34527153558052437,0.47797024552642525,0.2646504956121831,169.34253667737977,0.21071158385135008,0.0013787921669627806,0.03386850733547595
gate_no_range,XRPUSDT,2,year2024,366,0.421126293060317,1.4107845107240071,-0.23036456286208695,0.2746298664568247,0.4364959703949108,0.3558506161027652,0.21793145767274466,167.69656378898156,0.4633324043162141,-0.0345460740542852,0.033539312757796313
gate_no_range,XRPUSDT,2,year2025,365,-0.05236202421847391,-0.09375961879838762,-0.18466194781951384,0.25002501895586554,0.3828196347031963,0.3925228310502283,0.20563656871733674,168.29114372308743,0.05918783986667903,-0.024194311030876547,0.033658228744617484
gate_no_range,XRPUSDT,5,all,998,0.3456556323042763,0.5254824745115674,-0.25366867809846816,0.27821509221027385,0.3924591100513067,0.40193408254759616,0.2259336672152047,505.30414814530843,0.7332334472689026,-0.05735917864549565,0.2526520740726542
gate_no_range,XRPUSDT,5,development_2024_25,731,0.21758266128823145,0.5018019530878395,-0.24840297010900692,0.2632073255929936,0.4096945168689521,0.3741616399821414,0.2117922976217843,335.9717110167448,0.5225212468330668,-0.058738363078283715,0.1679858555083724
gate_no_range,XRPUSDT,5,reused_2026,267,0.10518626380614049,0.5845906489243626,-0.2536686780984668,0.3162094815408167,0.34527153558052437,0.47797024552642525,0.26465030082116087,169.3324371285637,0.21071220043583583,0.0013791844327880748,0.08466621856428184
gate_no_range,XRPUSDT,5,year2024,366,0.35139733375072835,1.226070071485694,-0.24840297010900692,0.2751696754291518,0.4364959703949108,0.3558506161027652,0.2179313247981883,167.68849193173253,0.4633333059732158,-0.0345450590830727,0.08384424596586626
gate_no_range,XRPUSDT,5,year2025,365,-0.09901948828854135,-0.2944814119562558,-0.19810703974272215,0.25055526261294064,0.3828196347031963,0.3925228310502283,0.20563645119284224,168.28321908501226,0.05918794085985107,-0.02419330399521097,0.08414160954250612
adaptive14,XRPUSDT,2,all,998,0.7024912825435694,0.8494748879504134,-0.21686286711459646,0.27109108698311246,0.39965577690417614,0.39155568686734676,0.2103072625577997,475.87815848673057,0.8299813696876733,-0.08490987396699294,0.09517563169734612
adaptive14,XRPUSDT,2,development_2024_25,731,0.39883209485609306,0.7772348227621433,-0.21686286711459646,0.25702806332207345,0.4292556548049358,0.36625215883290363,0.19949192366546517,317.8899529805618,0.5735754959681647,-0.08159293016947988,0.06357799059611238
adaptive14,XRPUSDT,2,reused_2026,267,0.21708051223883085,1.0229231259065032,-0.20355649341601945,0.3067942154397454,0.3186164108163286,0.460832387216328,0.23991779712819855,157.98820550616878,0.2564058737195088,-0.0033169437975129334,0.03159764110123375
adaptive14,XRPUSDT,2,year2024,366,0.5124056377066148,1.636729250711066,-0.21686286711459646,0.2745992218768719,0.45583195293311246,0.34612490982443,0.206146650073837,154.5666264052247,0.5295689563395289,-0.042094716418118766,0.030913325281044943
adaptive14,XRPUSDT,2,year2025,365,-0.07509463071212807,-0.21275407413492498,-0.19198508384120583,0.23776885661099487,0.40260654490106546,0.38643455098934554,0.1928189651299471,163.32332657533715,0.04400653962863578,-0.0394982137513611,0.032664665315067426
adaptive14,XRPUSDT,5,all,998,0.47598326174765115,0.6560809095705648,-0.23687095131344005,0.27158965507067395,0.39965577690417614,0.39155568686734676,0.21030713757710381,475.8545266586417,0.8299828583413151,-0.0849072169848864,0.23792726332932082
adaptive14,XRPUSDT,5,development_2024_25,731,0.2715895335294596,0.591316992826495,-0.23687095131344005,0.25747848922540284,0.4292556548049358,0.36625215883290363,0.1994918142593736,317.87526684141545,0.5735766683483535,-0.08159039644646918,0.1589376334207077
adaptive14,XRPUSDT,5,reused_2026,267,0.160738762649981,0.8105672345346066,-0.22127518494022136,0.3074216538761257,0.3186164108163286,0.460832387216328,0.23991762950691953,157.97925981722625,0.2564061899929617,-0.0033168205384172117,0.07898962990861313
adaptive14,XRPUSDT,5,year2024,366,0.4438744195915514,1.4662695362154259,-0.23687095131344005,0.27503199918160287,0.45583195293311246,0.34612490982443,0.20614653656359797,154.55945820411623,0.5295702432925433,-0.042093566799814644,0.0772797291020581
adaptive14,XRPUSDT,5,year2025,365,-0.11932123993915711,-0.41746759761006114,-0.2145939531916543,0.23823634588922518,0.40260654490106546,0.38643455098934554,0.1928188598392472,163.31580863729923,0.044006425055810226,-0.03949682964665454,0.08165790431864961
adaptive42,XRPUSDT,2,all,998,0.5749374682072876,0.7568115634161342,-0.2148855598836329,0.26433796908842216,0.39256000628822496,0.3951148886041537,0.20826262169651413,473.88383302972886,0.7385159941640096,-0.07775027965417776,0.09477676660594578
adaptive42,XRPUSDT,2,development_2024_25,731,0.3025599329911861,0.6541779832421921,-0.2148855598836329,0.24737318063739747,0.41533826614404507,0.3634686811007254,0.19649828597720176,315.2021279772399,0.49427748101172253,-0.07990182261299195,0.06304042559544798
adaptive42,XRPUSDT,2,reused_2026,267,0.20910940703558634,0.994295140128702,-0.2003917445571448,0.3064638876902873,0.330197055147384,0.48175675259294065,0.24047134608159776,158.681705052489,0.24423851315228712,0.0021515429588141732,0.0317363410104978
adaptive42,XRPUSDT,2,year2024,366,0.4069250058825744,1.4356457146347787,-0.2148855598836329,0.2602370328972066,0.43378429051659756,0.3431080610084009,0.2018993989885387,153.69377242628974,0.4438747961806048,-0.03193939794009901,0.030738754485257952
adaptive42,XRPUSDT,2,year2025,365,-0.07417955644758822,-0.21634168935828052,-0.18500642668607192,0.23359450180064636,0.39684170471841707,0.3838850837138508,0.1910823753959707,161.50835555095014,0.050402684831117636,-0.04796242467289295,0.03230167111019003
adaptive42,XRPUSDT,5,all,998,0.36621700639076527,0.5595144618118018,-0.23444285843173418,0.26481435965203226,0.39256000628822496,0.3951148886041537,0.20826249672087013,473.8601458945554,0.7385180408075749,-0.07774767528172197,0.23693007294727766
adaptive42,XRPUSDT,5,development_2024_25,731,0.1850298069914682,0.4628888258903396,-0.23444285843173418,0.24779829522982733,0.41533826614404507,0.3634686811007254,0.19649817762986554,315.1875371687949,0.4942790708484297,-0.07989922919760153,0.15759376858439744
adaptive42,XRPUSDT,5,reused_2026,267,0.15289674430999267,0.780867649315613,-0.221879629178673,0.30707794254378834,0.330197055147384,0.48175675259294065,0.240471175580512,158.67260872576048,0.24423896995914515,0.0021515539158795532,0.07933630436288025
adaptive42,XRPUSDT,5,year2024,366,0.3435252019458823,1.2573165833129607,-0.23444285843173418,0.26062446876770146,0.43378429051659756,0.3431080610084009,0.2018992876540574,153.68671192834353,0.44387638685581166,-0.03193829242662642,0.07684335596417174
adaptive42,XRPUSDT,5,year2025,365,-0.11796979671453778,-0.4223937976090051,-0.19868176050806075,0.23405850701916628,0.39684170471841707,0.3838850837138508,0.19108227004396355,161.50082524045138,0.05040268399261809,-0.04796093677097511,0.08075041262022568
adaptive126,XRPUSDT,2,all,998,0.6960701117274657,0.8674338804953452,-0.2048770428361083,0.26090410010828186,0.3873934231218923,0.396276353035145,0.20745535243382165,466.8101685062986,0.7779177121375829,-0.048583470891730124,0.09336203370125973
adaptive126,XRPUSDT,2,development_2024_25,731,0.39269485940040316,0.7953323629043234,-0.2048770428361083,0.2447256803296734,0.40370085924330024,0.37343410137736316,0.19562762472528547,308.6521197966132,0.5277852223692956,-0.05112765177776021,0.06173042395932264
adaptive126,XRPUSDT,2,reused_2026,267,0.2178332534792824,1.0391827885369804,-0.19908811196499598,0.30124455738788936,0.342746472542307,0.4588145027049521,0.23983763316393392,158.1580487096854,0.25013248976828717,0.0025441808860300202,0.031631609741937086
adaptive126,XRPUSDT,2,year2024,366,0.48674621590515366,1.6661875761362186,-0.2048770428361083,0.25679460904704077,0.4191933676264944,0.363590377341127,0.19996088435905116,146.94276186818655,0.45895116964232385,0.005442240106919877,0.029388552373637314
adaptive126,XRPUSDT,2,year2025,365,-0.06325985934828215,-0.16931458973198468,-0.1827722963599563,0.23170162504391476,0.38816590563165904,0.38330479452054794,0.1912824931473176,161.70935792842658,0.0688340527269718,-0.056569891884680076,0.03234187158568532
adaptive126,XRPUSDT,5,all,998,0.4744219695162817,0.6702497643686482,-0.22375538836795716,0.2614069360310066,0.3873934231218923,0.396276353035145,0.20745522958702964,466.786485383442,0.7779196477811257,-0.04858121005988669,0.23339324269172096
adaptive126,XRPUSDT,5,development_2024_25,731,0.26952407034984227,0.6056572822657817,-0.22375538836795716,0.24518813380649473,0.40370085924330024,0.37343410137736316,0.19562751972417938,308.6377075997598,0.5277863776043626,-0.05112547845352709,0.15431885379987986
adaptive126,XRPUSDT,5,reused_2026,267,0.16139741179541112,0.8226669594616578,-0.21918936411934264,0.30185936540098907,0.342746472542307,0.4588145027049521,0.23983746145872833,158.14877778368225,0.250133270176763,0.0025442683936403865,0.0790743888918411
adaptive126,XRPUSDT,5,year2024,366,0.4226279277574807,1.49281951790557,-0.22375538836795716,0.2572099402020624,0.4191933676264944,0.363590377341127,0.19996077990977523,146.93614569378457,0.4589520509620554,0.005443109612528932,0.07346807284689229
adaptive126,XRPUSDT,5,year2025,365,-0.10762044974681295,-0.37730613780615785,-0.19705722597034403,0.23220714041530408,0.38816590563165904,0.38330479452054794,0.19128238759286956,161.7015619059752,0.06883432664230721,-0.056568588066056004,0.0808507809529876
filtered_moe,XRPUSDT,2,all,998,0.5953513012790417,0.8628233928793159,-0.23421284004686815,0.22713560847885295,0.3305117178802049,0.3519365119127143,0.15903568127100054,246.7139297048457,0.7064551356720747,-0.1139082934849009,0.049342785940969136
filtered_moe,XRPUSDT,2,development_2024_25,731,0.4205012146432292,0.929870705368935,-0.19556665964605058,0.21212409726720183,0.3417882656938745,0.3071990424076607,0.14287008756438624,152.84290027096193,0.5089321647972992,-0.06938253993040058,0.030568580054192388
filtered_moe,XRPUSDT,2,reused_2026,267,0.12309041684256972,0.7282051594966977,-0.21017378740417103,0.2643495278286129,0.29963847274240535,0.4744199958385352,0.20329429175615057,93.87102943388375,0.19752297087477538,-0.04452575355450029,0.01877420588677675
filtered_moe,XRPUSDT,2,year2024,366,0.5844974558155203,2.146008677843311,-0.1116739913903938,0.22550642397762946,0.30371508803885855,0.2514230418943534,0.12504160820417623,64.33386175355687,0.4578376527606659,0.04168158276872043,0.012866772350711375
filtered_moe,XRPUSDT,2,year2025,365,-0.10350047617330105,-0.4580987542837345,-0.1774075131765177,0.19696239763196136,0.37996575342465755,0.3631278538812786,0.16074741207352836,88.50903851740506,0.05109451203663337,-0.11106412269912103,0.017701807703481013
filtered_moe,XRPUSDT,5,all,998,0.48153399319270074,0.7429151722070925,-0.2661019739545466,0.22743651113000493,0.3305117178802049,0.3519365119127143,0.1590356224815671,246.7054870000715,0.7064561574601821,-0.1139093631302625,0.12335274350003576
filtered_moe,XRPUSDT,5,development_2024_25,731,0.3568364974893181,0.8210760472145711,-0.20801882961605322,0.2124085673095121,0.3417882656938745,0.3071990424076607,0.14287004000219475,152.83789379216836,0.5089332121712984,-0.06938355795765355,0.07641894689608417
filtered_moe,XRPUSDT,5,reused_2026,267,0.09190311134327822,0.5821095737422985,-0.21943240539246878,0.26469063762125333,0.29963847274240535,0.4744199958385352,0.203294202228463,93.86759320790318,0.1975229452888838,-0.04452580517260899,0.0469337966039516
filtered_moe,XRPUSDT,5,year2024,366,0.5542089572149489,2.0590202928556445,-0.1184240552054242,0.22569502007350647,0.30371508803885855,0.2514230418943534,0.1250415652829417,64.3317552433235,0.45783855481433927,0.04168105625059833,0.032165877621661745
filtered_moe,XRPUSDT,5,year2025,365,-0.1269922289466855,-0.5913859739625041,-0.18951383930989663,0.19733104864813875,0.37996575342465755,0.3631278538812786,0.16074735985766495,88.50613854884486,0.05109465735695909,-0.11106461420825184,0.04425306927442242
kalman,XRPUSDT,2,all,998,1.1891851008075789,0.9849147673094071,-0.28833150106942385,0.35231933517729536,0.44779776839780994,0.4840729174182667,0.3728856339646836,1099.3754250249513,1.0372379593658436,0.1705479753634312,0.2198750850049903
kalman,XRPUSDT,2,development_2024_25,731,0.5575301584245222,0.8141785751828379,-0.28833150106942385,0.34178055932069473,0.4608864296333016,0.465356160425978,0.3459199679625132,757.4477178074894,0.6864739783449378,0.06966996967649447,0.15148954356149788
kalman,XRPUSDT,2,reused_2026,267,0.4055490925594605,1.4077158453155836,-0.24919372293232123,0.3801808877270747,0.4119632689103777,0.5353161734533343,0.4467129817084533,341.92770721746206,0.3507639810209059,0.1008780056869367,0.06838554144349243
kalman,XRPUSDT,2,year2024,366,0.2458980210815862,0.798380963208379,-0.28833150106942385,0.34929670901131993,0.4650737919118067,0.45013188507665725,0.3499857146779244,408.8608214214553,0.5162605863028942,-0.14023951116376632,0.08177216428429107
kalman,XRPUSDT,2,year2025,365,0.25012652084671005,0.8299627419901539,-0.143873119729916,0.33455396589151365,0.45668759512937596,0.4806221461187215,0.341843082215005,348.5868963860341,0.17021339204204367,0.2099094808402608,0.06971737927720681
kalman,XRPUSDT,5,all,998,0.5741257175601884,0.6409300003956365,-0.320265757706816,0.35404977828649076,0.44779776839780994,0.4840729174182667,0.3728852082140533,1099.292213336198,1.037231537252667,0.17050500374861902,0.549646106668099
kalman,XRPUSDT,5,development_2024_25,731,0.24092400214290555,0.4814080766391762,-0.320265757706816,0.3434208490279512,0.4608864296333016,0.465356160425978,0.3459195912986406,757.3936397661872,0.6864665026959087,0.06962527372051541,0.37869681988309356
kalman,XRPUSDT,5,reused_2026,267,0.2685109763707443,1.0350105582347937,-0.2846864571079336,0.38217884506284855,0.4119632689103777,0.5353161734533343,0.4467124215667376,341.89857357001074,0.3507650345567582,0.10087973002810355,0.17094928678500537
kalman,XRPUSDT,5,year2024,366,0.10207207726041956,0.44747836701904653,-0.320265757706816,0.351301204478493,0.4650737919118067,0.45013188507665725,0.349985288975362,408.83001503615105,0.5162553542267576,-0.140285030259857,0.20441500751807554
kalman,XRPUSDT,5,year2025,365,0.12599169124005782,0.5165749897992056,-0.16052644630854862,0.33581516259659216,0.45668759512937596,0.4806221461187215,0.34184275472417464,348.56362473003617,0.17021114846915095,0.20991030398037241,0.17428181236501805
trend_ensemble_long,XRPUSDT,2,all,998,1.0695845680719622,1.3044905105954254,-0.16773960257842913,0.22225828900987055,0.3830055823997977,0.0,0.12037077665780863,193.73606260003905,0.8290258151759113,0.0,0.038747212520007804
trend_ensemble_long,XRPUSDT,2,development_2024_25,731,0.6657809371177303,1.326396007547379,-0.12236450507476637,0.20802151079761688,0.40423679398021267,0.0,0.12005036151822925,137.55659555411867,0.5855520929384312,0.0,0.02751131911082373
trend_ensemble_long,XRPUSDT,2,reused_2026,267,0.24241100492656775,1.274160506624196,-0.16773960257842957,0.2576632097522553,0.3248781829043545,0.0,0.12124801810736861,56.17946704592039,0.24347372223748007,0.0,0.01123589340918408
trend_ensemble_long,XRPUSDT,2,year2024,366,0.5447169351725036,1.9568626762027312,-0.11801368296509973,0.2354697802645734,0.4171330806301818,0.0,0.12842912706879378,74.82950307041276,0.48186320627952367,0.0,0.01496590061408255
trend_ensemble_long,XRPUSDT,2,year2025,365,0.07837293628926734,0.5143122329896959,-0.12236450507476604,0.17605901302911092,0.39130517503805173,0.0,0.11164864044560838,62.72709248370593,0.10368888665890759,0.0,0.012545418496741184
trend_ensemble_long,XRPUSDT,5,all,998,0.9527244773293022,1.208029646355743,-0.17931498742829455,0.22242965704344522,0.3830055823997977,0.0,0.12037072528829242,193.72882785324614,0.8290284747600773,0.0,0.09686441392662307
trend_ensemble_long,XRPUSDT,5,development_2024_25,731,0.5984366405070602,1.2264532257618115,-0.1292405351172543,0.20819055851565055,0.40423679398021267,0.0,0.12005031256794757,137.55167572016873,0.5855537204320698,0.0,0.06877583786008436
trend_ensemble_long,XRPUSDT,5,reused_2026,267,0.22164646870823335,1.1840291440516317,-0.17931498742829444,0.2578436816963896,0.3248781829043545,0.0,0.12124796011440514,56.17715213307741,0.24347475432800736,0.0,0.02808857606653871
trend_ensemble_long,XRPUSDT,5,year2024,366,0.5104252758172583,1.8606071529347972,-0.12489325782452587,0.23562561779749336,0.4171330806301818,0.0,0.12842907070892579,74.82672447997433,0.48186415249304293,0.0,0.03741336223998716
trend_ensemble_long,XRPUSDT,5,year2025,365,0.05826926104780794,0.40714469895342786,-0.12924053511725386,0.17626089885793556,0.39130517503805173,0.0,0.11164859892521324,62.7249512401944,0.10368956793902684,0.0,0.0313624756200972
regime_gate_long,XRPUSDT,2,all,998,1.0487969772721462,1.3436804211455784,-0.14705661910665024,0.21133406113000439,0.3996749305812554,0.0,0.10756673336855892,196.1740382518256,0.8133890780052001,0.0,0.03923480765036512
regime_gate_long,XRPUSDT,2,development_2024_25,731,0.6415487964050872,1.3404396259054356,-0.14705661910665024,0.19906077708464023,0.4193511896155701,0.0,0.10846978693615046,135.89976678865798,0.5658529357772838,0.0,0.027179953357731605
regime_gate_long,XRPUSDT,2,reused_2026,267,0.248087770378139,1.366339834220688,-0.13387338522720538,0.24216683155137284,0.34580472326258843,0.0,0.10509432828275583,60.27427146316759,0.24753614222791634,0.0,0.012054854292633518
regime_gate_long,XRPUSDT,2,year2024,366,0.5544662271113789,2.04136262945607,-0.14705661910665024,0.22800259984918614,0.4363821270433625,0.0,0.1153032102509907,68.50890385206607,0.4838189911361248,0.0,0.013701780770413216
regime_gate_long,XRPUSDT,2,year2025,365,0.05602088213619805,0.41094286857924295,-0.1378799323849328,0.16468905218030258,0.40227359208523594,0.0,0.1016176419135983,67.39086293659193,0.08203394464115898,0.0,0.013478172587318388
regime_gate_long,XRPUSDT,5,all,998,0.9316972502340768,1.2410690261791062,-0.1527620797129715,0.21147709111318436,0.3996749305812554,0.0,0.10756668367889781,196.1665681932369,0.8133917700914862,0.0,0.09808328409661844
regime_gate_long,XRPUSDT,5,development_2024_25,731,0.5759673243739933,1.2372601195643005,-0.1527620797129715,0.1992238557175727,0.4193511896155701,0.0,0.10846973954979415,135.89493083303802,0.5658550943067031,0.0,0.06794746541651901
regime_gate_long,XRPUSDT,5,reused_2026,267,0.22572163797963762,1.2637589569980583,-0.14728465406868374,0.2422690243770844,0.34580472326258843,0.0,0.10509427228704299,60.271637360198895,0.24753667578478308,0.0,0.030135818680099447
regime_gate_long,XRPUSDT,5,year2024,366,0.5228430510631903,1.9503421969748689,-0.1527620797129715,0.228138118592414,0.4363821270433625,0.0,0.11530315969110629,68.50633038269723,0.48382072384683683,0.0,0.03425316519134862
regime_gate_long,XRPUSDT,5,year2025,365,0.03488493004825055,0.2880118412671329,-0.14474307484395754,0.16489721149517586,0.40227359208523594,0.0,0.10161759770946471,67.38860045034077,0.08203437045986636,0.0,0.033694300225170386
expanding_tree,XRPUSDT,2,all,998,0.2912732055181062,0.488782058714915,-0.3491721954530469,0.259245275925283,0.6452743611497095,0.22987410409281592,0.25194932916821183,366.70926218503405,0.5306440362664392,-0.06323807966860738,0.0733418524370068
expanding_tree,XRPUSDT,2,development_2024_25,731,0.22632765097242769,0.5391095640246706,-0.24611906830486163,0.24441384893491128,0.6483555631554947,0.23289538683690533,0.26056018495078476,250.89927709767574,0.445436053071509,-0.07708237756975858,0.05017985541953514
expanding_tree,XRPUSDT,2,reused_2026,267,0.052959382016852574,0.38061947032011095,-0.19465528232220108,0.2965811656693632,0.6368385609016604,0.22160235246012172,0.22837428955375186,115.80998508735837,0.08520798319493024,0.013844297901151194,0.023161997017471674
expanding_tree,XRPUSDT,2,year2024,366,0.21766357297650663,0.8939092214327615,-0.15848754461552994,0.256365546689118,0.6247818002428658,0.2821607468123862,0.32076062952835016,135.0230359849826,0.336209510971842,-0.06194557205144882,0.027004607196996523
expanding_tree,XRPUSDT,2,year2025,365,0.007115329872883658,0.14693798878445305,-0.24611906830486185,0.23205235892765952,0.671993911719939,0.18349505327245053,0.20019480764834932,115.8762411126931,0.10922654209966698,-0.01513680551830975,0.023175248222538622
expanding_tree,XRPUSDT,5,all,998,0.1567481971234399,0.33354884250896205,-0.3662807425292264,0.2592951497544533,0.6452743611497095,0.22987410409281592,0.25194922645045453,366.6937196873673,0.5306568105396336,-0.06323813581524358,0.18334685984368365
expanding_tree,XRPUSDT,5,development_2024_25,731,0.13740811937466013,0.38526350776318646,-0.25777702457625895,0.24451283556085412,0.6483555631554947,0.23289538683690533,0.26056008240772965,250.88851121832226,0.44544845916435055,-0.0770823219444109,0.12544425560916114
expanding_tree,XRPUSDT,5,reused_2026,267,0.01700363960775242,0.22044870454429705,-0.1997582871065413,0.29651904518363403,0.6368385609016604,0.22160235246012172,0.2283741863576899,115.805208469045,0.08520835137528307,0.013844186129167359,0.057902604234522495
expanding_tree,XRPUSDT,5,year2024,366,0.16932394531277017,0.7361593882013886,-0.16351739189142556,0.2564290903075278,0.6247818002428658,0.2821607468123862,0.3207604975500293,135.01690360584297,0.3362201019921617,-0.06194510595737909,0.06750845180292149
expanding_tree,XRPUSDT,5,year2025,365,-0.027294254997551448,-0.0027047444041427443,-0.25777702457625884,0.23219750544085407,0.671993911719939,0.18349505327245053,0.20019473462120463,115.87160761247934,0.10922835717218887,-0.015137215987031823,0.057935803806239666
rolling_tree,XRPUSDT,2,all,998,0.0776490115271058,0.24220563023774266,-0.36474736916142514,0.30240024293588663,0.6333117624137163,0.29329432917325166,0.3546196561518268,498.30754292190034,0.5181832065766961,-0.1406710655976886,0.09966150858438005
rolling_tree,XRPUSDT,2,development_2024_25,731,0.4582815064634129,0.7910789525266001,-0.17398060974274243,0.2920196191518639,0.7120953032375741,0.2038921188630491,0.34801535231377395,294.0780045829904,0.6089608594088811,-0.005364956162145669,0.058815600916598085
rolling_tree,XRPUSDT,2,reused_2026,267,-0.2610144154261449,-1.0913641386902555,-0.3083197324877269,0.32866874613311564,0.41761600083229294,0.5380621783745927,0.37270110224027825,204.2295383389099,-0.09077765283218507,-0.13530610943554292,0.040845907667781976
rolling_tree,XRPUSDT,2,year2024,366,0.29458154426410355,1.0495082574171228,-0.1322387489922019,0.2834425994756643,0.7838589101396478,0.124440270188221,0.4063023187154039,117.76322270943712,0.4100779728032671,-0.05625874694590983,0.02355264454188743
rolling_tree,XRPUSDT,2,year2025,365,0.1264500972724476,0.546560754497121,-0.17398060974274243,0.3007235766454928,0.6401350837138507,0.28356164383561644,0.28956869559323556,176.31478187355324,0.1988828866056141,0.05089379078376418,0.03526295637471065
rolling_tree,XRPUSDT,5,all,998,-0.07199291116562545,0.06141532606225499,-0.41124764465460717,0.3024073522434019,0.6333117624137163,0.29329432917325166,0.3546194967023269,498.2801349368631,0.518178995675293,-0.1406753648945098,0.24914006746843154
rolling_tree,XRPUSDT,5,development_2024_25,731,0.3351349664575436,0.6400535185144688,-0.17860886998658376,0.29211292469603445,0.7120953032375741,0.2038921188630491,0.348015234436102,294.0633486605149,0.6089597666987159,-0.005365631143392245,0.14703167433025746
rolling_tree,XRPUSDT,5,reused_2026,267,-0.3049338739913193,-1.3476766272855392,-0.344777128032983,0.32831711999845536,0.41761600083229294,0.5380621783745927,0.372700828974276,204.21678627634807,-0.09078077102342272,-0.13530973375111763,0.10210839313817405
rolling_tree,XRPUSDT,5,year2024,366,0.24964236397617,0.9247359668929964,-0.14029899128925893,0.2836197367620696,0.7838589101396478,0.124440270188221,0.40630222012741324,117.75762784858851,0.4100773632348576,-0.05625881595735028,0.05887881392429427
rolling_tree,XRPUSDT,5,year2025,365,0.06841365573534741,0.370623072020041,-0.17860886998658398,0.30072634726305636,0.6401350837138507,0.28356164383561644,0.28956855837303375,176.3057208119264,0.19888240346385816,0.05089318481395804,0.08815286040596321
action_tcn,XRPUSDT,2,all,998,-0.08050259823301498,0.0610848711804987,-0.4898946746880002,0.3152016438710019,0.5625591218247568,0.3854132117312441,0.3769235077233366,741.9595412118153,0.1801261005311255,0.07872369941639426,0.1483919082423631
action_tcn,XRPUSDT,2,development_2024_25,731,0.35812500098558364,0.6383202758190655,-0.3082460069567632,0.3192300615360147,0.5653531383247192,0.38117178947585845,0.3654394375148989,548.7957547987221,0.36583830036579756,0.211458227733605,0.10975915095974442
action_tcn,XRPUSDT,2,reused_2026,267,-0.32296555832510976,-1.6041865721974082,-0.3868509334415684,0.3029084201387113,0.5549095860139982,0.39702549513456614,0.40836491342508946,193.16378641309328,-0.1857121998346719,-0.13273452831721072,0.038632757282618654
action_tcn,XRPUSDT,2,year2024,366,0.31001530310348846,1.05954600395584,-0.23980882486978772,0.29497359679804325,0.656939373721411,0.27409052913226245,0.33635184880140895,202.30340302928266,0.30763557894163046,0.06910340201341772,0.04046068060585654
action_tcn,XRPUSDT,2,year2025,365,0.03672453120824004,0.2768022123808595,-0.3082460069567632,0.34214305333231626,0.47351598173515985,0.48854642313546426,0.39460671825226146,346.49235176943944,0.05820272142416712,0.1423548257201873,0.06929847035388789
action_tcn,XRPUSDT,5,all,998,-0.2640000446938342,-0.1966553726003093,-0.5415293803028104,0.3154918096155226,0.5625591218247568,0.3854132117312441,0.3769232594445337,741.913312514038,0.1801358683850371,0.0787248852838006,0.370956656257019
action_tcn,XRPUSDT,5,development_2024_25,731,0.15195358471979015,0.3806619435132063,-0.33453189930914573,0.3196302272080773,0.5653531383247192,0.38117178947585845,0.36543918693522087,548.7600759349934,0.36584888195970017,0.2114592037438428,0.27438003796749666
action_tcn,XRPUSDT,5,reused_2026,267,-0.3610854073732528,-1.8653944373730826,-0.4185850151150655,0.30289628784246275,0.5549095860139982,0.39702549513456614,0.4083646714456858,193.1532365790447,-0.18571301357466308,-0.1327343184600423,0.09657661828952233
action_tcn,XRPUSDT,5,year2024,366,0.23287126668562141,0.8538495704445593,-0.27113694957439105,0.29517006652829453,0.656939373721411,0.27409052913226245,0.3363516767977545,202.29345945332278,0.30764281203929333,0.06910346703911138,0.10114672972666139
action_tcn,XRPUSDT,5,year2025,365,-0.06563352083252505,-0.026397362929215847,-0.33453189930914584,0.34268035053081647,0.47351598173515985,0.48854642313546426,0.3946063888812832,346.4666164816706,0.058206069920406875,0.14235573670473145,0.17323330824083527
vol_long,XRPUSDT,2,all,998,0.5357782434110689,0.5661853186101264,-0.5911331054186832,0.47158519548831485,1.0,0.0,0.6593933702292155,12.415208868778649,0.8426240624396257,0.0,0.00248304177375573
vol_long,XRPUSDT,2,development_2024_25,731,0.6806045023579483,0.7865460358979538,-0.364442736819077,0.46761276046661904,1.0,0.0,0.6278919486710719,8.943988669459213,0.8599379498940686,0.0,0.0017887977338918427
vol_long,XRPUSDT,2,reused_2026,267,-0.08617509874790963,-0.01854038863221984,-0.4950363732519558,0.4828888997551505,1.0,0.0,0.7456388352442076,3.471220199319437,-0.01731388745444308,0.0,0.0006942440398638875
vol_long,XRPUSDT,2,year2024,366,0.7487258909045926,1.3741014937977896,-0.3308548699621997,0.4935183831265673,1.0,0.0,0.6773088951498595,6.172242284844881,0.7317109431889912,0.0,0.001234448456968976
vol_long,XRPUSDT,2,year2025,365,-0.038954869314254625,0.12858947233895446,-0.36444273681907546,0.4401862480114306,1.0,0.0,0.5783396132978219,2.7717463846143318,0.12822700670507753,0.0,0.0005543492769228664
vol_long,XRPUSDT,5,all,998,0.5300683453227517,0.563303483539717,-0.5915375108604887,0.47156580571763473,1.0,0.0,0.6593933619491408,12.414802020957772,0.8426263290084306,0.0,0.006207401010478886
vol_long,XRPUSDT,5,development_2024_25,731,0.6761011305432361,0.7836890501982177,-0.3646026525159618,0.46760258768723845,1.0,0.0,0.6278919402066291,8.943574235161634,0.8599401716943105,0.0,0.004471787117580818
vol_long,XRPUSDT,5,reused_2026,267,-0.08712647617697855,-0.02152686142443372,-0.4953689083941091,0.4828448066787748,1.0,0.0,0.7456388274689013,3.4712277857961356,-0.017313842685880168,0.0,0.0017356138928980678
vol_long,XRPUSDT,5,year2024,366,0.7454907365751979,1.370366782038318,-0.3311366979689234,0.4935136102589118,1.0,0.0,0.6773088832008367,6.171984297590873,0.7317132605239229,0.0,0.003085992148795437
vol_long,XRPUSDT,5,year2025,365,-0.03975363751749783,0.12669259686207673,-0.3646026525159609,0.4401719068769573,1.0,0.0,0.5783396083275055,2.771589937570762,0.12822691117038748,0.0,0.001385794968785381
hold,XRPUSDT,2,all,998,1.4820729258782936,0.8031851044428705,-0.7205696113472071,0.8000941783766942,1.0,0.0,0.9999999993018717,1.9982362164434084,1.9826211706383576,0.0,0.0003996472432886817
hold,XRPUSDT,2,development_2024_25,731,1.9828744994803538,1.0550367588952776,-0.4915430726367114,0.8413201909734598,1.0,0.0,0.9999999990468813,0.9998000399920016,2.0086133933470833,0.0,0.00019996000799840034
hold,XRPUSDT,2,reused_2026,267,-0.16789227092501124,-0.04171620977434166,-0.576967321375321,0.6746554306951041,1.0,0.0,0.9999999999999917,0.9984361764514069,-0.02599222270872592,0.0,0.00019968723529028139
hold,XRPUSDT,2,year2024,366,2.3756010100849156,1.8430765982205626,-0.420878210439096,0.8448407534703278,1.0,0.0,0.9999999980963754,0.9998000399920016,1.6682456472732898,0.0,0.00019996000799840034
hold,XRPUSDT,2,year2025,365,-0.11634269258459629,0.258289461492568,-0.4915430726367116,0.8374597753483974,1.0,0.0,0.9999999999999916,0.0,0.34036774607379355,0.0,0.0
hold,XRPUSDT,5,all,998,1.4805841286129735,0.8029104918171329,-0.720569611347205,0.8000887555095262,1.0,0.0,0.9999999982552191,1.9979364263264818,1.9826211220578904,0.0,0.0009989682131632408
hold,XRPUSDT,5,development_2024_25,731,1.9819800843379034,1.0548592745249095,-0.4915430726367108,0.8413168059299516,1.0,0.0,0.9999999976179326,0.9995002498750625,2.0086133447666126,0.0,0.0004997501249375312
hold,XRPUSDT,5,reused_2026,267,-0.1681419531801659,-0.04233801507485983,-0.5769673213753188,0.6746421830931737,1.0,0.0,0.9999999999999998,0.9984361764514192,-0.025992222708722118,0.0,0.0004992180882257096
hold,XRPUSDT,5,year2024,366,2.3745888358688796,1.8427284053382673,-0.42087821043910667,0.8448346762951854,1.0,0.0,0.9999999952423729,0.9995002498750625,1.6682455986928115,0.0,0.0004997501249375312
hold,XRPUSDT,5,year2025,365,-0.11634269258461793,0.2582894614925406,-0.49154307263671027,0.8374597753483985,1.0,0.0,1.0000000000000007,0.0,0.3403677460738011,0.0,0.0
action_tcn,PORT12,2,all,998,-0.17656555965652676,-0.21655522528719226,-0.4420810921185443,0.21786212857586576,0.6107189054374466,0.34441290283715575,0.41029158625237167,758.9554506611146,0.15621497315956331,-0.12397031058972605,0.15179109013222292
action_tcn,PORT12,2,development_2024_25,731,0.13610163589486213,0.3980612099112126,-0.25268724155686106,0.22221865162775184,0.6232652061874033,0.328002086456051,0.39632245484766365,568.5625714920341,0.29522474313894786,0.009017340788493741,0.11371251429840681
action_tcn,PORT12,2,reused_2026,267,-0.2752105847511733,-2.0455385399313624,-0.28598743752709677,0.20460462982766622,0.5763692955190255,0.38934289075695944,0.44853666137162845,190.39287916908046,-0.13900976997938458,-0.13298765137821977,0.038078575833816096
action_tcn,PORT12,2,year2024,366,0.25828272849876055,1.2590502916499051,-0.1492675957681764,0.19745209723500892,0.7025270156309743,0.23244241267184457,0.35738015156178216,181.32032826449387,0.26464886380859975,0.02039689495518491,0.036264065652898775
action_tcn,PORT12,2,year2025,365,-0.09710146204554815,-0.29495758845564746,-0.2526872415568573,0.24453557918715066,0.5437862411015213,0.4238235675656935,0.4353714493754243,387.24224322754026,0.03057587933034804,-0.011379554166691147,0.07744844864550807
action_tcn,PORT12,5,all,998,-0.3459558522740336,-0.5992609252273183,-0.510961981033392,0.21886616639903053,0.6095807708858816,0.34533225567286513,0.4081185041150291,755.8280532395132,0.15387960635253412,-0.12514195677490705,0.3779140266197566
action_tcn,PORT12,5,development_2024_25,731,-0.04162677932039727,0.01659161868683917,-0.297908906774247,0.22305753695214933,0.6224449287885654,0.3286704646254196,0.3944522321925739,566.1139225315321,0.293634227432192,0.01034069451046378,0.28305696126576607
action_tcn,PORT12,5,reused_2026,267,-0.31754755494715414,-2.4275513376580125,-0.3271373613239018,0.20612465234786032,0.5743609228452006,0.3909493689900286,0.44553440214991574,189.71413070798113,-0.13975462107965786,-0.1354826512853708,0.09485706535399056
action_tcn,PORT12,5,year2024,366,0.1906389349159452,0.9805025785242799,-0.1758157481297541,0.19727880689937083,0.7022847843550022,0.23259308190156422,0.35684811029581887,181.15277270254796,0.26379903629703627,0.02039160903128594,0.09057638635127399
action_tcn,PORT12,5,year2025,365,-0.19507653195697128,-0.7580704330471998,-0.29790890677424775,0.24608586726799175,0.5423863338918096,0.42501107305536784,0.43215937908082697,384.96114982898416,0.02983519113515569,-0.010050914520822157,0.19248057491449208
adaptive126,PORT12,2,all,998,0.28189151594003836,0.6409525505032768,-0.17422603946606807,0.16188707486919343,0.43782984081872106,0.3640540867922954,0.2326430801939897,488.8206836082742,0.3803400291760338,0.003231318610681329,0.09776413672165483
adaptive126,PORT12,2,development_2024_25,731,0.15716014654763844,0.5605863655929388,-0.1453060193574599,0.14990572623155698,0.442328933616903,0.35155221113532725,0.22031554223859867,335.07430391872435,0.28856931319769435,-0.04840809395214139,0.06701486078374488
adaptive126,PORT12,2,reused_2026,267,0.10779093089624303,0.8252766785188679,-0.17422603946606707,0.19117296308505805,0.4255120998619006,0.39828206845987457,0.26639375527035986,153.74637968954977,0.09177071597833955,0.05163941256282272,0.030749275937909958
adaptive126,PORT12,2,year2024,366,0.2882972951907521,1.836806674976186,-0.08849363772196273,0.1431049955512328,0.46910648537610594,0.33068267943772084,0.23090338970696492,165.9505156439621,0.2715658651452074,0.021355238780487583,0.03319010312879242
adaptive126,PORT12,2,year2025,365,-0.10179106106381475,-0.6105022504122845,-0.14128919709853005,0.15606153674656348,0.4154780187021955,0.3724789196321053,0.20969868696894925,169.1237882747623,0.017003448052486925,-0.06976333273262897,0.033824757654952464
adaptive126,PORT12,5,all,998,0.10807468889413951,0.3109211058133906,-0.23407183966901202,0.16274116221473547,0.4367748390134393,0.3644222865315819,0.23164792069560813,486.65331622675274,0.38077954405414427,0.0030076363982765378,0.2433266581133764
adaptive126,PORT12,5,development_2024_25,731,0.04699572187196033,0.2270161208667547,-0.17462279934123326,0.1505040351390183,0.4417096248245829,0.3517576741143838,0.2196082794379164,333.722097041252,0.28806716652172715,-0.04784353212232061,0.16686104852062603
adaptive126,PORT12,5,reused_2026,267,0.05833736064649675,0.4963021011349039,-0.19002015612306755,0.19260424572346965,0.4232642456503456,0.39909581341162587,0.26461038421385774,152.93121918550065,0.09271237753241704,0.050851168520597054,0.07646560959275034
adaptive126,PORT12,5,year2024,366,0.22511945249471643,1.4858513992521536,-0.10382161553431879,0.14314220312879858,0.46882661702605605,0.3307264054724184,0.23050879513372774,165.65842977601338,0.2708389258436124,0.021537499815762987,0.08282921488800668
adaptive126,PORT12,5,year2025,365,-0.14539294944671577,-0.9215128049951519,-0.16443902988322623,0.15718008121144264,0.4145183394937906,0.3728465626704368,0.2086778993155412,168.06366726523868,0.017228240678114796,-0.06938103193808362,0.08403183363261935
adaptive14,PORT12,2,all,998,0.2742865480295389,0.6198315733436232,-0.18736470288403606,0.16458143636149372,0.43804038950789775,0.36388216539680973,0.2342431106403849,489.49520732012337,0.3814753682156423,-0.0019561064951897217,0.09789904146402469
adaptive14,PORT12,2,development_2024_25,731,0.14894338585261324,0.5324530828142189,-0.1505232188969391,0.1516193448576131,0.4424606858687285,0.3502672621685744,0.2215645463951141,334.4459071629815,0.28995538815418936,-0.05580213552094583,0.06688918143259631
adaptive14,PORT12,2,reused_2026,267,0.10909428934473064,0.8176716313708005,-0.1728192924055897,0.1960210067808659,0.425938379621129,0.40115742479695976,0.26895483522200636,155.0493001571419,0.09151998006145295,0.05384602902575601,0.031009860031428374
adaptive14,PORT12,2,year2024,366,0.2972766484767644,1.8429732894550463,-0.09025829897557025,0.1466649158984649,0.47507225070725473,0.327378175181032,0.23381991164356122,168.14095669571896,0.2852144735885441,0.015603053796138286,0.03362819133914379
adaptive14,PORT12,2,year2025,365,-0.11434204323212493,-0.7010276002808004,-0.13934171283364694,0.15599744622136164,0.40975977427721993,0.37321905898347985,0.20927560480352056,166.3049504672626,0.0047409145656452795,-0.07140518931708412,0.033260990093452514
adaptive14,PORT12,5,all,998,0.10133113676579208,0.29498380403788116,-0.24833835793332038,0.1654041507567658,0.4370091559175965,0.36426427209560097,0.23327632126920897,487.45626124082736,0.3817512368709619,-0.0019154216005873928,0.2437281306204137
adaptive14,PORT12,5,development_2024_25,731,0.03975974540467497,0.2033918466837404,-0.18802337043968165,0.1521980633869565,0.4418326651555965,0.35048333000243215,0.22086706323409203,333.1881133967727,0.2892910316767842,-0.055028300344734,0.16659405669838634
adaptive14,PORT12,5,reused_2026,267,0.05921694086853746,0.49456564780355783,-0.19003165624329477,0.1973906213662309,0.4238032186405255,0.40199411730199214,0.26725073184475384,154.2681478440547,0.09246020519417772,0.05311287874414665,0.07713407392202737
adaptive14,PORT12,5,year2024,366,0.2326957182609357,1.4950127317235553,-0.10548607481489691,0.14672438821836242,0.4748055521421414,0.32746696974209466,0.23342750904130652,167.8475761116751,0.2843586469331471,0.015797716069872028,0.08392378805583756
adaptive14,PORT12,5,year2025,365,-0.1565154887764616,-1.0056255691641593,-0.17378491903325366,0.1570756597032023,0.40876944149237626,0.3735627487840308,0.20827220524658377,165.34053728509758,0.004932384743637115,-0.07082601641460604,0.0826702686425488
adaptive42,PORT12,2,all,998,0.2704517876447594,0.6175054030552442,-0.18411233230758128,0.16300337670791482,0.43467133375679745,0.3634840523832966,0.23243610051046712,486.53715809849336,0.36600993608417226,0.008563479917292345,0.09730743161969868
adaptive42,PORT12,2,development_2024_25,731,0.1422746701888986,0.5166643811379898,-0.151426203873122,0.15022316272600614,0.4382918671107655,0.347851678029599,0.22021869838665462,334.71719614547226,0.27174566207722,-0.04443739041091501,0.06694343922909445
adaptive42,PORT12,2,reused_2026,267,0.11221216822978297,0.8439459830211473,-0.17157247579453194,0.19401290092693538,0.42475893719593333,0.40628280014566753,0.26588524265468794,151.81996195302122,0.0942642740069522,0.05300087032820738,0.030363992390604246
adaptive42,PORT12,2,year2024,366,0.2869800396593336,1.8066776044867114,-0.08954797015713334,0.14508180180435545,0.4656749396766045,0.3277865447052426,0.23241583597108215,168.32856332407408,0.26755502455509167,0.024954789708003966,0.033665712664814815
adaptive42,PORT12,2,year2025,365,-0.11243792833705735,-0.6937357021895874,-0.1415182435939496,0.15480190715087014,0.4108337724283079,0.3679717843219672,0.20798814398692728,166.38863282139812,0.0041906375221283584,-0.06939218011891898,0.033277726564279624
adaptive42,PORT12,5,all,998,0.0988440674172395,0.2912103760974724,-0.24391683689416943,0.16383096193307667,0.4336241364034295,0.36383378490089,0.2314440846855873,484.45027122361364,0.366364475512674,0.008373717005385924,0.24222513561180686
adaptive42,PORT12,5,development_2024_25,731,0.03362990779667685,0.18430948619728296,-0.1852245494515935,0.15080558179446155,0.4376878037782609,0.3480583361862317,0.2195138095032886,333.41803742184266,0.27116739727575895,-0.043779954179187675,0.1667090187109213
adaptive42,PORT12,5,reused_2026,267,0.06309236906618976,0.5232159541086192,-0.18726625859530266,0.19539046511081135,0.42249851523862925,0.4070242456140556,0.26410712273150627,151.03223380177104,0.09519707823691508,0.05215367118457358,0.07551611690088553
adaptive42,PORT12,5,year2024,366,0.2229087677998185,1.4550441544549726,-0.10335883930446155,0.1451283140658669,0.46542401513447607,0.32787436987616514,0.23202009855373415,168.0350422698558,0.2667601061852915,0.025141352554196,0.0840175211349279
adaptive42,PORT12,5,year2025,365,-0.15477758029626576,-1.0011758077104378,-0.17251856827830092,0.15589739342225203,0.40987560280189167,0.368297601034134,0.2069732566472254,165.38299515198685,0.004407291090467412,-0.06892130673338365,0.08269149757599342
breakout,PORT12,2,all,998,0.6404316738334874,0.9628688080128923,-0.2053714020451357,0.2107527256530519,0.4659841208678157,0.4608869907645216,0.34177565981549335,745.265938540568,0.5578797396851025,0.1545779157203333,0.1490531877081136
breakout,PORT12,2,development_2024_25,731,0.45062419465576986,1.0264795247514078,-0.1525500031740996,0.20030892236647432,0.4777824295839246,0.44385253104043493,0.3221073600435876,503.2628994665512,0.42299622837204776,0.10160052331078684,0.10065257989331024
breakout,PORT12,2,reused_2026,267,0.13084538357831632,0.8237696574398128,-0.20537140204513538,0.2374134764436777,0.43368238427052885,0.5075244067132386,0.395624076044943,242.00303907401675,0.1348835113130547,0.052977392409546395,0.048400607814803355
breakout,PORT12,2,year2024,366,0.4558402799334531,2.1861177716669933,-0.06629096247040966,0.1786406095136658,0.5000728674244315,0.4220929557125932,0.33273494085173966,254.77007917485096,0.378904526758849,0.06351737979543504,0.050954015834970195
breakout,PORT12,2,year2025,365,-0.0035828691852936023,0.09188758584682631,-0.15255000317410028,0.21972482135432486,0.45543092205070407,0.46567172164314735,0.31145066257568715,248.49282029170018,0.044091701613198746,0.038083143515351824,0.04969856405834004
breakout,PORT12,5,all,998,0.3164678682762956,0.5783651683522159,-0.2507213516750838,0.21222364822797576,0.46488498862811645,0.4615708838843814,0.340010687813588,740.7379645943302,0.5578322097006252,0.15668330959542986,0.3703689822971651
breakout,PORT12,5,development_2024_25,731,0.25266015580231116,0.6580654740242005,-0.16613841773346416,0.20141483248864978,0.4769946168249997,0.44426735404087353,0.3205874697570317,500.1881108740281,0.4224673726692977,0.10534992414640915,0.2500940554370141
breakout,PORT12,5,reused_2026,267,0.050937768059775124,0.40005083256634544,-0.23493695607045306,0.23974021594477843,0.4317309129280353,0.5089449674634235,0.39318811253022734,240.54985372030205,0.1353648370313275,0.05133338544902073,0.12027492686015104
breakout,PORT12,5,year2024,366,0.3484750372309844,1.7547561152440299,-0.08728654173839256,0.17901686189043253,0.49975114200625365,0.4221946397841725,0.33194566416557114,254.11354202186055,0.37798067130967883,0.06399762414986926,0.12705677101093027
breakout,PORT12,5,year2025,365,-0.07105424926918147,-0.22370419206133604,-0.16613841773346494,0.22145377020811793,0.45417574499941343,0.46640054148731896,0.30919815700764686,246.07456885216757,0.04448670135961878,0.041352299996539874,0.12303728442608378
down_rebound,PORT12,2,all,998,0.42345992016269407,0.7262529198721038,-0.18136980957224946,0.20694577753856463,0.44704498741952375,0.28828992814546545,0.32835556529187593,719.8149638126833,0.5234938393558628,0.041324122685202955,0.1439629927625367
down_rebound,PORT12,2,development_2024_25,731,0.23015679964853475,0.6255652969763753,-0.16033488158838605,0.19574641001021487,0.4503567427416781,0.2792877169269856,0.3097357291889963,493.89133517027904,0.394924063010016,-0.038750591444121144,0.09877826703405583
down_rebound,PORT12,2,reused_2026,267,0.15713697682229166,0.9629070135236667,-0.18079169344107582,0.23524992556879643,0.4379779719120526,0.31293643151890665,0.37933346862972256,225.9236286424043,0.1285697763458468,0.08007471412932407,0.04518472572848087
down_rebound,PORT12,2,year2024,366,0.38018117386610895,1.8606881396166899,-0.1484132975490412,0.1815597877147128,0.4805124473370732,0.25891506078052356,0.3216533236709792,239.0662196755061,0.3409798836280112,0.04646836329471378,0.047813243935101224
down_rebound,PORT12,2,year2025,365,-0.1086990440518304,-0.4481830909556009,-0.16033488158838705,0.20864662010797436,0.4201184197775284,0.2997161885697394,0.2977854837632271,254.825115494773,0.053944179382004895,-0.08521895473883487,0.05096502309895459
down_rebound,PORT12,5,all,998,0.14739945712546731,0.3443653591551054,-0.277212006029651,0.20813851450821252,0.4462873765271143,0.28883227830083,0.32701923073251593,717.4053727166007,0.5227641166641982,0.041479309712500134,0.3587026863583003
down_rebound,PORT12,5,development_2024_25,731,0.06045949774000414,0.2466258160553935,-0.20930358826028317,0.19671232224405635,0.4498966630161456,0.27964020545976037,0.3086944751716961,492.1047053098721,0.39309562635608697,-0.03790776408908654,0.24605235265493605
down_rebound,PORT12,5,reused_2026,267,0.08198329080058486,0.5700120008973935,-0.22033069340367606,0.23699062481842392,0.43640577194478536,0.31399859008667996,0.37718925438404877,225.30066740672856,0.12966849030811117,0.07938707380158655,0.1126503337033643
down_rebound,PORT12,5,year2024,366,0.2836495393880374,1.458540392837063,-0.16903219939903458,0.18207044172851147,0.480322085607008,0.25904249437080834,0.32113434297410914,238.75965439827888,0.3399150148159853,0.04657989748518658,0.11937982719913945
down_rebound,PORT12,5,year2025,365,-0.17387147722145258,-0.8053161566533308,-0.2080629641928733,0.2100082754972696,0.4193878831031164,0.30029434863388765,0.2962205255396875,253.3450509115932,0.05318061154010165,-0.08448766157427309,0.1266725254557966
expanding_tree,PORT12,2,all,998,0.21564165890680798,0.47606497843707135,-0.32207110360331903,0.18664931207510013,0.6982246142865,0.17909449379357598,0.2870352034563436,383.7842760837261,0.41360531795477523,-0.07502065731280681,0.07675685521674523
expanding_tree,PORT12,2,development_2024_25,731,0.38844013990434534,1.0005957640319714,-0.17474147114745742,0.18005652608851902,0.7262596903833191,0.15699189926562396,0.2859433980664526,278.1895265821187,0.46532140939336997,-0.026353499029056503,0.055637905316423736
expanding_tree,PORT12,2,reused_2026,267,-0.12445511767575346,-0.7921793813303741,-0.22811897724956587,0.20339399602116512,0.6214694059465192,0.23960758967347448,0.29002437851256196,105.59474950160748,-0.05171609143859472,-0.04866715828375032,0.021118949900321496
expanding_tree,PORT12,2,year2024,366,0.19305309880622157,1.1005113623391651,-0.17474147114745742,0.1737209944951477,0.7060792639422767,0.18326416024005454,0.30025937061252256,156.34039457426792,0.2594892511221046,-0.032280190847009935,0.031268078914853586
expanding_tree,PORT12,2,year2025,365,0.1637706161558392,0.9071241790184922,-0.14147298635198602,0.18643035155873622,0.7464954056639262,0.1306476594940032,0.27158820367779063,121.84913200785074,0.20583215827126544,0.005926691817953427,0.02436982640157015
expanding_tree,PORT12,5,all,998,0.08433521165785085,0.25201869465962196,-0.3511847517215202,0.18678046432238976,0.6973769635682673,0.17933130165412423,0.28563204358303645,382.9433762485513,0.4140674809984137,-0.07480461736326578,0.19147168812427565
expanding_tree,PORT12,5,development_2024_25,731,0.2771546057125731,0.7686931920392102,-0.18972574349037352,0.1801026169507942,0.7257408542276598,0.15699947767191114,0.28464737661026046,277.4678945067195,0.4650265274044705,-0.026254685719755935,0.1387339472533598
expanding_tree,PORT12,5,reused_2026,267,-0.15097576533981372,-0.9968343366388516,-0.24891567786623703,0.20373216736484942,0.6197215176056611,0.24047198828707472,0.28832789211149834,105.47548174183174,-0.050959046406056835,-0.04854993164350985,0.05273774087091587
expanding_tree,PORT12,5,year2024,366,0.13840809184154335,0.8316086606472896,-0.18972574349037352,0.17363082536481964,0.7059409123830014,0.1831543019034867,0.2996494785868099,156.06430526698813,0.25918713029621654,-0.03208027791262068,0.07803215263349407
expanding_tree,PORT12,5,year2025,365,0.12187765957160757,0.7099384869216084,-0.1538636543458055,0.18660505952838555,0.745595042488331,0.13077299638764636,0.26960417298446016,121.40358923973142,0.20583939710825389,0.005825592192864739,0.06070179461986572
filtered_moe,PORT12,2,all,998,0.1793244131702041,0.5138234334484305,-0.18133553151931514,0.13490907090227316,0.3694070856090601,0.3522517969967546,0.1791636201988016,264.68230494522686,0.2636341132253592,-0.017311342689543638,0.05293646098904538
filtered_moe,PORT12,2,development_2024_25,731,0.1017163643625798,0.45544608934976427,-0.12760505431788982,0.12255567359648334,0.3538619241210406,0.32667279338781985,0.16241521360878577,172.52753374130728,0.1938391756009754,-0.041760663229209946,0.03450550674826146
filtered_moe,PORT12,2,reused_2026,267,0.07044285745227064,0.6469239714844405,-0.17115760364205712,0.16429353610348685,0.4119670595706416,0.422282702008482,0.22501787194899475,92.15477120391961,0.06979493762438374,0.024449320539666357,0.018430954240783923
filtered_moe,PORT12,2,year2024,366,0.20881772667451326,1.7444834287484523,-0.06449968947197227,0.11199120512137396,0.3195032521062827,0.2731487609618227,0.14815118192130158,74.80607754205028,0.16958482980473122,0.03891333768351303,0.014961215508410054
filtered_moe,PORT12,2,year2025,365,-0.08860009242796996,-0.6369652968892432,-0.12273968854676631,0.13205448432358688,0.3883147294837842,0.3803434669985457,0.1767183248351398,97.721456199257,0.024254345796244237,-0.08067400091272298,0.0195442912398514
filtered_moe,PORT12,5,all,998,0.0898241621539515,0.29928734193078654,-0.21752884414374252,0.13535947271169338,0.3687353047802709,0.3525384616266225,0.17869336600058386,263.94395648689374,0.264018808203614,-0.017423891650451752,0.13197197824344686
filtered_moe,PORT12,5,development_2024_25,731,0.04663245031006924,0.24614707229659824,-0.14029776914504433,0.12286676804645032,0.3534804438402477,0.3267766719714797,0.16208011586641474,172.04839182689466,0.19382993266353252,-0.04140736769919348,0.08602419591344732
filtered_moe,PORT12,5,reused_2026,267,0.0412673157908332,0.4157765927719459,-0.18083899117023083,0.1650492506148214,0.4105004858557652,0.42306980334163896,0.22417758266005053,91.89556465999908,0.07018887554008138,0.023983476048741702,0.045947782329999534
filtered_moe,PORT12,5,year2024,366,0.18186820450838126,1.5439297560802474,-0.07127559338747635,0.11196723750331879,0.3193873972161837,0.2731728584534255,0.14800982283576347,74.72075881070793,0.16941554772455245,0.03897679860190012,0.037360379405353965
filtered_moe,PORT12,5,year2025,365,-0.11442541028047282,-0.8502547687317258,-0.1337493643292227,0.13263520561354292,0.3876668960715009,0.38052734525259696,0.17618895764509523,97.32763301618671,0.024414384938980075,-0.08038416630109357,0.04866381650809336
gate_no_range,PORT12,2,all,998,0.2761208658746235,0.5985465652084291,-0.19770781778998925,0.17391149274889564,0.4337625486122318,0.37305853495935576,0.24948657126178686,521.3309486583162,0.3760599114618136,0.01675924515137811,0.10426618973166324
gate_no_range,PORT12,2,development_2024_25,731,0.14577875013188746,0.5028167807198748,-0.162194725210272,0.1605616369493616,0.43452439821676997,0.3605493418877416,0.23405944210322757,353.2191717742831,0.2866642297401023,-0.04751174242220113,0.07064383435485662
gate_no_range,PORT12,2,reused_2026,267,0.11375853822365767,0.814240743555848,-0.18577879655008223,0.20639182468296874,0.4316767356499945,0.40730655044755754,0.2917233930404641,168.11177688403308,0.08939568172171121,0.06427098757357924,0.03362235537680662
gate_no_range,PORT12,2,year2024,366,0.312147270046754,1.8408040936144376,-0.09185782410238197,0.15357284054483092,0.46299350135525724,0.33792317966557917,0.24396559162775677,176.09748376674835,0.28442776958086247,0.030650506500473615,0.03521949675334967
gate_no_range,PORT12,2,year2025,365,-0.12679104221962767,-0.7300578496430555,-0.1540458204695313,0.16681509555288013,0.4059772975354375,0.38323749359544435,0.22412615244301473,177.12168800753477,0.0022364601592399502,-0.07816224892267475,0.035424337601506956
gate_no_range,PORT12,5,all,998,0.09213409579131682,0.27054181077147094,-0.2652211980887874,0.17488294791451495,0.4327294259096283,0.37348101645313314,0.2484697031846336,519.1313534155946,0.37609038211563883,0.016735696159444022,0.2595656767077973
gate_no_range,PORT12,5,development_2024_25,731,0.030725067513196924,0.1736516071189428,-0.2014058725374379,0.16126316870735924,0.4338632665374706,0.3607576013995707,0.23329376583561823,351.8533267526035,0.28580543665536084,-0.04690637147395939,0.17592666337630178
gate_no_range,PORT12,5,reused_2026,267,0.05957847559318519,0.48169348156260694,-0.2073600520158424,0.20797322305692206,0.4296251656139253,0.4083155348207516,0.29001880506527117,167.27802666299104,0.09028494546027802,0.06364206763340344,0.08363901333149551
gate_no_range,PORT12,5,year2024,366,0.2437343526148612,1.4916275874014648,-0.10844992204604076,0.15371650188191055,0.46264433170866553,0.3380493734286701,0.2435554795685042,175.80746790595467,0.28351433166723206,0.03079475661113408,0.08790373395297735
gate_no_range,PORT12,5,year2025,365,-0.17126590147954546,-1.0344706359950258,-0.19033727852023263,0.1680395899474946,0.4050033491329298,0.3835280436936793,0.22300393781853253,176.04585884664885,0.0022911049881287823,-0.07770112808509344,0.08802292942332443
hold,PORT12,2,all,998,0.44340200513542394,0.5215403244020871,-0.6018266505771777,0.5721621351740721,1.0,0.0,0.9999999993018757,1.9995063729734066,0.9566526456920066,0.0,0.0003999012745946814
hold,PORT12,2,development_2024_25,731,0.6091978814140271,0.6953370522902043,-0.4790090919608607,0.6103100911437517,1.0,0.0,0.9999999990468861,0.9998000399920017,0.993852899936557,0.0,0.00019996000799840037
hold,PORT12,2,reused_2026,267,-0.10303013581705389,-0.1027881946007821,-0.439282455302481,0.4520603702589372,1.0,0.0,0.9999999999999932,0.9997063329814049,-0.03720025424455052,0.0,0.00019994126659628102
hold,PORT12,2,year2024,366,0.9794088560883192,1.4331925372383112,-0.4056817022355518,0.6022448286417598,1.0,0.0,0.9999999980963801,0.9998000399920017,0.9189027554154761,0.0,0.00019996000799840037
hold,PORT12,2,year2025,365,-0.18703107927176488,-0.02521985676604224,-0.45215439873890095,0.6182604894003865,1.0,0.0,0.9999999999999962,0.0,0.0749501445210809,0.0,0.0
hold,PORT12,5,all,998,0.44253622358021283,0.5211558738382843,-0.6018266505771849,0.5721519844038122,1.0,0.0,0.9999999982552249,1.99920658285648,0.9566524801488706,0.0,0.00099960329142824
hold,PORT12,5,development_2024_25,731,0.6087153633086406,0.6950928604293367,-0.47900909196085895,0.6103017308065407,1.0,0.0,0.9999999976179368,0.9995002498750627,0.9938527343934203,0.0,0.0004997501249375313
hold,PORT12,5,reused_2026,267,-0.10329928060526616,-0.10371700688484382,-0.43928245530248555,0.4520426390391273,1.0,0.0,1.00000000000001,0.9997063329814173,-0.03720025424454959,0.0,0.0004998531664907087
hold,PORT12,5,year2024,366,0.9788153301944365,1.432717855597784,-0.4056817022355501,0.6022285028168032,1.0,0.0,0.9999999952423791,0.9995002498750627,0.9189025898723359,0.0,0.0004997501249375313
hold,PORT12,5,year2025,365,-0.18703107927177098,-0.025219856766052377,-0.4521543987389004,0.6182604894003888,1.0,0.0,1.0000000000000029,0.0,0.0749501445210842,0.0,0.0
kalman,PORT12,2,all,998,0.35890597823895676,0.5897423871249393,-0.21032893201375225,0.23726539309947972,0.47695089783306727,0.471627967897554,0.39298023799666215,1124.2686215167885,0.5526688298097266,0.06781855146532664,0.2248537243033577
kalman,PORT12,2,development_2024_25,731,0.13580486029197636,0.3946099166961717,-0.18052546906766742,0.2242774905009944,0.4817148942273207,0.4625059118603471,0.3700185182061105,768.8166734130164,0.3599470903248346,-0.01220457394752953,0.15376333468260328
kalman,PORT12,2,reused_2026,267,0.19642557075309175,1.039801016797652,-0.18892401360300926,0.26996867025719806,0.46390789646902497,0.4966025857372481,0.4558454708314681,355.4519481037721,0.19272173948489216,0.08002312541285607,0.07109038962075442
kalman,PORT12,2,year2024,366,0.25717213650317317,1.228863934487723,-0.1389604898098954,0.20227099579472851,0.49290622507914267,0.44909946127738387,0.3775149703412833,388.7540687477806,0.36883300231733684,-0.03957619781256609,0.07775081374955611
kalman,PORT12,2,year2025,365,-0.09653990307865046,-0.2946431014521901,-0.1805254690676671,0.24435600933466747,0.47049290219508283,0.47594909244490746,0.36250152784590994,380.06260466523577,-0.008885911992502306,0.027371623865036554,0.07601252093304717
kalman,PORT12,5,all,998,-0.019518381166798715,0.088399703815044,-0.3528833005563984,0.2402033405516175,0.47591344403860875,0.4723945018091653,0.3902325096023832,1115.2216718973127,0.5554145341166979,0.0724951490396788,0.5576108359486563
kalman,PORT12,5,development_2024_25,731,-0.0910736704050159,-0.09832082968028154,-0.2607525057666621,0.22647149417039675,0.48095691785329714,0.46299754617637134,0.3676350975448811,762.9423311312255,0.35971728019288446,-0.00650878857155425,0.38147116556561284
kalman,PORT12,5,reused_2026,267,0.07872507034767429,0.510894624574557,-0.253893982659547,0.2746780048553181,0.46210528164708337,0.4981217473805975,0.45210033062872806,352.27934076608705,0.19569725392381349,0.07900393761123306,0.17613967038304357
kalman,PORT12,5,year2024,366,0.11853694622847066,0.649965894634266,-0.16828650643654375,0.203437713520538,0.49250032857529247,0.44934296741782415,0.3762668131820172,387.4760444834369,0.3673240069630276,-0.03890237210602491,0.1937380222417185
kalman,PORT12,5,year2025,365,-0.18739713278158354,-0.7160612744352356,-0.26075250576665965,0.24744331895648966,0.469381881348502,0.47668953473973646,0.3589797333717527,375.4662866477887,-0.0076067267701431275,0.03239358353447064,0.18773314332389435
range_only,PORT12,2,all,998,-0.3379316239120912,-0.9995031208146367,-0.3544994904347021,0.14084801885311793,0.4335329868722722,0.4295437283962616,0.21590317774625428,372.740916064658,0.02862661326300337,-0.333982118213758,0.07454818321293162
range_only,PORT12,2,development_2024_25,731,-0.20682165044353018,-0.8187410568266901,-0.29178030627039275,0.13080161043508493,0.4193175467500554,0.43036537070366093,0.20158749058365777,248.6055241299818,0.08847049397068307,-0.24596228983870175,0.04972110482599636
range_only,PORT12,2,reused_2026,267,-0.16529696447447828,-1.4083810303658504,-0.2001190875623048,0.16544018400817873,0.47245241282485817,0.42729421331495526,0.25509706282437433,124.13539193467625,-0.059843880707679695,-0.08801982837505626,0.024827078386935257
range_only,PORT12,2,year2024,366,-0.2388361185071336,-2.113687454021783,-0.26439898832221165,0.1250067482121721,0.399845736169921,0.4485385474641205,0.2067408721939296,121.90968063232641,0.015295589490738282,-0.2580043868487035,0.024381936126465286
range_only,PORT12,2,year2025,365,0.042059888602196116,0.3710026806990021,-0.10088288977923399,0.1360378255817582,0.43884270475643666,0.4121424044178302,0.19641999011965922,126.69584349765537,0.07317490447994478,0.012042097010001755,0.025339168699531074
range_only,PORT12,5,all,998,-0.4079031414016193,-1.2903324166100942,-0.42139930535978976,0.14075554711301014,0.4337309974383342,0.4289766639198506,0.21531008186257342,371.40955479741973,0.028496383852600414,-0.33390359790853197,0.18570477739870989
range_only,PORT12,5,development_2024_25,731,-0.26356101732404447,-1.1038013629075891,-0.3356976808967759,0.1306060590034308,0.419427228678325,0.4299351276456021,0.20110478359512204,247.7760579522183,0.08806554924890764,-0.24522808398111967,0.12388802897610918
range_only,PORT12,5,reused_2026,267,-0.19600011334691936,-1.7165939110348394,-0.2147914836003153,0.16554632606735573,0.47289225198352813,0.42635255536732525,0.2542017411640975,123.63349684520144,-0.05956916539630727,-0.0886755139274123,0.061816748422600716
range_only,PORT12,5,year2024,366,-0.2657010934372963,-2.4072435208500633,-0.28853200374844146,0.12465464558326925,0.3998995240516951,0.44830299849498206,0.20648137072494263,121.72225008811496,0.01533581103861844,-0.2573079958410317,0.06086112504405749
range_only,PORT12,5,year2025,365,0.0029144481819636248,0.08952645504966758,-0.11244976891477176,0.13599275565207677,0.4390084338655757,0.411516933862388,0.1957134660896033,126.05380786410335,0.07272973821028922,0.01207991185991207,0.06302690393205167
regime_gate,PORT12,2,all,998,0.27118159620187043,0.6012453375010411,-0.19317199267599783,0.16952527242827997,0.4474398114807521,0.3713667770272215,0.24424872073590173,541.3627307390773,0.3773127007982125,0.014138959410460852,0.10827254614781545
regime_gate,PORT12,2,development_2024_25,731,0.15436674901810132,0.5374672788522189,-0.1562704498331332,0.15573138161054328,0.4490000158620695,0.3571190459175329,0.22887978321094538,365.97980114316056,0.2885670367417351,-0.040475229501262144,0.07319596022863212
regime_gate,PORT12,2,reused_2026,267,0.10119387732116825,0.7484415360519903,-0.18734015748657495,0.2028552090834995,0.44316824068396216,0.41037461014026405,0.28632622384729906,175.38292959591666,0.0887456640564774,0.05461418891172298,0.035076585919183334
regime_gate,PORT12,2,year2024,366,0.3050256844253192,1.8612637511949162,-0.09393727567448162,0.14856221802438044,0.47629377244669807,0.33000950748202024,0.23860749595334646,183.25970542331362,0.28035617660503576,0.030179585352117608,0.03665194108466273
regime_gate,PORT12,2,year2025,365,-0.11544518794169079,-0.6760566279881234,-0.147301780181464,0.16217677264042282,0.4216314818621403,0.38430285706108797,0.21912541920075684,182.72009571984697,0.00821086013669934,-0.07065481485337977,0.036544019143969396
regime_gate,PORT12,5,all,998,0.08183886220436576,0.252766431901884,-0.2611143745809563,0.17048862612638307,0.4463839063573279,0.371746183770907,0.2431978847810809,538.9332387272138,0.3776778213968965,0.014106253971960983,0.26946661936360694
regime_gate,PORT12,5,development_2024_25,731,0.03491180907750091,0.18706329374797376,-0.19129061361783994,0.15641430623576658,0.4483494356302115,0.35735355869331314,0.22810252863642608,364.49411936936536,0.2878963612826705,-0.039686186509200555,0.1822470596846827
regime_gate,PORT12,5,reused_2026,267,0.04534401164935353,0.39605234088547625,-0.20756850539619964,0.20444287117961388,0.44100262583868405,0.4111507116050685,0.28452636920708346,174.43911935784848,0.08978146011422591,0.053792440481161566,0.08721955967892424
regime_gate,PORT12,5,year2024,366,0.23445577913701743,1.4870416064662912,-0.11118375607377151,0.1486537449048759,0.476005824842763,0.3300782751684014,0.23818759008751242,182.93764538259035,0.2794729827044862,0.03039052319189453,0.09146882269129517
regime_gate,PORT12,5,year2025,365,-0.16164529619604173,-0.9978480347875432,-0.17702557685736053,0.1634126769561599,0.42061727548831057,0.3847035690224028,0.21798983687999432,181.55647398677502,0.008423378578184287,-0.07007670970109511,0.0907782369933875
regime_gate_long,PORT12,2,all,998,0.3705054135053971,1.0394987835951959,-0.152172185233741,0.1174461206184641,0.447147340462803,0.0,0.14000832579011327,245.1003220746223,0.37327080255577033,0.0,0.049020064414924465
regime_gate_long,PORT12,2,development_2024_25,731,0.2685706880599614,1.140729398395135,-0.09808327730029398,0.109340669588497,0.45188554777078077,0.0,0.13474973007200194,165.26975188644025,0.2761730222382083,0.0,0.03305395037728805
regime_gate_long,PORT12,2,reused_2026,267,0.0803539971440781,0.835625351464407,-0.12639757027490395,0.1374407500853558,0.43417494517392,0.0,0.15440545489100974,79.83057018818207,0.09709778031756208,0.0,0.01596611403763641
regime_gate_long,PORT12,2,year2024,366,0.29555207566984154,2.285560372700283,-0.07346242830356231,0.11593152242080272,0.4821849184250682,0.0,0.1477231114192539,85.20814072065683,0.27546648032744114,0.0,0.017041628144131363
regime_gate_long,PORT12,2,year2025,365,-0.02082616987505559,-0.1559460297561194,-0.09599865060205215,0.10193578732956292,0.42150316514209807,0.0,0.12174080521420957,80.06161116578343,0.0007065419107671472,0.0,0.016012322233156684
regime_gate_long,PORT12,5,all,998,0.27466414439212605,0.8121084402999341,-0.17679185834447408,0.11771123990483377,0.4465333057612846,0.0,0.1394248797511003,243.96506400136116,0.37385140616441237,0.0,0.1219825320006806
regime_gate_long,PORT12,5,development_2024_25,731,0.207007395313495,0.9139834660051631,-0.10884287286049832,0.1092750693375395,0.45154135285053065,0.0,0.1343893734519785,164.7080178229624,0.2758005376816445,0.0,0.08235400891148122
regime_gate_long,PORT12,5,reused_2026,267,0.05605330119875296,0.6058889437435545,-0.14361820544651327,0.13842930946901544,0.43282213564053956,0.0,0.1532112284576846,79.25704617839872,0.098050868482768,0.0,0.03962852308919937
regime_gate_long,PORT12,5,year2024,366,0.26220100897805976,2.06597258964532,-0.08046605735673584,0.11564083937299646,0.4820788747031051,0.0,0.14752523912019094,85.08007207597925,0.27496493859369703,0.0,0.04254003603798962
regime_gate_long,PORT12,5,year2025,365,-0.043728069675090464,-0.38714075348108146,-0.10521707898855559,0.10213471235083849,0.4209201665545245,0.0,0.12121751911070246,79.62794574698319,0.0008355990879474265,0.0,0.039813972873491595
rolling_tree,PORT12,2,all,998,-0.17704881738845524,-0.241675487226233,-0.43662732740640997,0.20604801265961878,0.6318123317872356,0.30324038368841283,0.3763426843523153,508.8896277457453,0.2268163798570055,-0.23976377530021376,0.10177792554914906
rolling_tree,PORT12,2,development_2024_25,731,0.19646234651270889,0.5492935442392901,-0.20177777187539048,0.19956337046564587,0.7144371911344771,0.21154651603953284,0.35728613153888694,330.56121015947144,0.3560924449692183,-0.042418112578477274,0.06611224203189428
rolling_tree,PORT12,2,reused_2026,267,-0.31217962269337474,-2.193998089837141,-0.3232854785899022,0.22162702522701253,0.4055997018889825,0.5542823958656834,0.42851624280406103,178.3284175862739,-0.12927606511221268,-0.1973456627217365,0.035665683517254784
rolling_tree,PORT12,2,year2024,366,0.17899789699071644,0.9569163296300792,-0.16879256630674933,0.1906257339107184,0.7674850823478684,0.15601985018557593,0.3631691110056609,149.84036675931173,0.26130388600661236,-0.044756751302983455,0.02996807335186235
rolling_tree,PORT12,2,year2025,365,0.014812960707193623,0.1758022894452807,-0.20177777187539214,0.20833305971775032,0.6612439632328303,0.26722530974514447,0.35138703432014934,180.72084340015968,0.09478855896260596,0.002338638724506216,0.03614416868003194
rolling_tree,PORT12,5,all,998,-0.29395285981269803,-0.511962128984144,-0.48180751307633485,0.20649802041971405,0.6308993345898777,0.30393045845632877,0.3751489154401227,507.57808387771996,0.2263238976731464,-0.2399239112947159,0.25378904193886
rolling_tree,PORT12,5,development_2024_25,731,0.08457070711559012,0.3034683115454866,-0.22147894110217892,0.1998284145121862,0.7138978677417618,0.21180955677678204,0.3560220928466122,329.78364807951493,0.3560957409869009,-0.0413611962471959,0.1648918240397575
rolling_tree,PORT12,5,reused_2026,267,-0.34900773591328893,-2.523359545741449,-0.35570049337927034,0.22239647153509812,0.4036636501927721,0.5561416162381589,0.4275148604433294,177.79443579820503,-0.1297718433137544,-0.19856271504752002,0.08889721789910252
rolling_tree,PORT12,5,year2024,366,0.12747696748412385,0.7230479204863891,-0.1769813753264431,0.19063686898969778,0.7676600510704918,0.15568942093073174,0.3626920230139628,149.5632285029441,0.26128858237389596,-0.04449530939522284,0.07478161425147206
rolling_tree,PORT12,5,year2025,365,-0.03805511030905784,-0.08029722664039113,-0.22147894110217736,0.20882302740952005,0.6599883907600762,0.26808344641967086,0.34933388889798106,180.2204195765708,0.09480715861300495,0.003134113148026897,0.09011020978828542
selected_breakout,PORT12,2,all,998,0.21664122995218982,0.4521828604183709,-0.2325970745415541,0.2040596449402666,0.4718017434289666,0.4623060712062386,0.3709040214146674,612.886919484351,0.34043898190125815,0.046551305494897235,0.1225773838968702
selected_breakout,PORT12,2,development_2024_25,731,0.17435851566522942,0.5058326965799866,-0.15075210273116035,0.19647385567162876,0.47752278964537065,0.4514547308662154,0.3522921110770598,432.04475466465067,0.29024532812809184,0.009111735139277353,0.08640895093293013
selected_breakout,PORT12,2,reused_2026,267,0.036004945442919656,0.3251572462394912,-0.23259707454155698,0.22390583354018997,0.45613850453686405,0.4920151715379128,0.4218602253726867,180.84216481970037,0.050193653773166244,0.03743957035561982,0.03616843296394008
selected_breakout,PORT12,2,year2024,366,0.30820473818847494,1.586537721135196,-0.12952250115235575,0.1788964134516715,0.5051759731481813,0.4194313460018916,0.3598384254793751,195.61083284342936,0.3119445309900312,0.013639619551563176,0.039122166568685876
selected_breakout,PORT12,2,year2025,365,-0.10231290150240013,-0.40274887671850906,-0.1507521027311619,0.2124535558724495,0.4497938439959769,0.48356585103153743,0.3447251218407656,236.4339218212213,-0.021699202861939437,-0.004527884412285771,0.047286784364244265
selected_breakout,PORT12,5,all,998,0.013856876283842023,0.12575195035449635,-0.28881820183787277,0.20505736948247205,0.47116795781066895,0.4627036189611214,0.3697520207420277,611.9568217207731,0.340501439542483,0.04786888595552146,0.3059784108603866
selected_breakout,PORT12,5,development_2024_25,731,0.034149137895176596,0.18275124072938226,-0.19637621421372375,0.19745806989198444,0.4769973639308957,0.451736137669593,0.3510903626915333,430.53824161845444,0.2899510239972365,0.011400608087664542,0.21526912080922722
selected_breakout,PORT12,5,reused_2026,267,-0.019622181045023557,-0.010720454542389696,-0.26573604043286814,0.22494035876643065,0.4552080481706475,0.49273069320871443,0.4208444253671638,181.41858010231863,0.05055041554524648,0.03646827786785689,0.09070929005115932
selected_breakout,PORT12,5,year2024,366,0.2333053009000976,1.2557725920651626,-0.14162141454039023,0.17921223862587468,0.5048877971923788,0.419542233433476,0.3591254572681257,195.17647100150185,0.31091953941380385,0.01421415937481342,0.09758823550075092
selected_breakout,PORT12,5,year2025,365,-0.1614816403201792,-0.7168406904861199,-0.19637621421372287,0.21398912593295055,0.4490305185234907,0.4840182443830691,0.3430332541571968,235.36177061695258,-0.0209685154165674,-0.0028135512871488855,0.11768088530847629
selected_trend,PORT12,2,all,998,0.21182943716511726,0.4524824163282982,-0.3114776803595005,0.19838021945477188,0.4621058399694098,0.47263149675224386,0.37643355388914546,447.47084683125036,0.36943621249897,-0.021848024469434693,0.08949416936625007
selected_trend,PORT12,2,development_2024_25,731,0.058278298712312715,0.2433582538307759,-0.29777424656207974,0.19010896444537742,0.4611854784266998,0.4674270334765744,0.3600518729265609,336.40071058209804,0.3207568751013917,-0.14686030152816798,0.06728014211641961
selected_trend,PORT12,2,reused_2026,267,0.14509523500542842,0.9506453636597231,-0.18583620684018842,0.21969944791658447,0.4646256313091888,0.4868804205519232,0.42128377405262635,111.0701362491523,0.048679337397578376,0.12501227705873308,0.02221402724983046
selected_trend,PORT12,2,year2024,366,0.4237866318516852,2.0114536970330517,-0.08015089609963222,0.18357247079042463,0.47634277619284626,0.44421571367470003,0.36450270323667444,131.67917615904165,0.3714881227212137,0.024088509708237435,0.026335835231808328
selected_trend,PORT12,2,year2025,365,-0.256715665790463,-1.4219348306794393,-0.29378186985917276,0.19522922750810656,0.4459866538173583,0.4907019459354403,0.35558884856080314,204.72153442305637,-0.05073124761982198,-0.17094881123640537,0.04094430688461128
selected_trend,PORT12,5,all,998,0.06087449625235131,0.20713863664453383,-0.36536045537217454,0.19946234857575265,0.46109744224439,0.47329217725023304,0.3745182767694555,444.32149568164346,0.3681324846117945,-0.020416506745015467,0.2221607478408217
selected_trend,PORT12,5,development_2024_25,731,-0.04108593503221636,-0.014693452787002716,-0.33971961868028544,0.19094827705574177,0.460613810947928,0.46770780918719523,0.35852326232487197,333.7967355690743,0.3204192945902356,-0.1452289922830268,0.16689836778453715
selected_trend,PORT12,5,reused_2026,267,0.10632906014158339,0.7323439778558137,-0.1993775453461748,0.2213644556710741,0.46242154141185704,0.48858121490596607,0.41830987062335245,110.52476011256914,0.04771319002155876,0.12481248553801134,0.055262380056284574
selected_trend,PORT12,5,year2024,366,0.3683403280336439,1.7948603770099743,-0.08637093078195424,0.1836435150732734,0.4761249160139841,0.4442666736512249,0.36389726571261405,131.1775173050892,0.37108123205816435,0.024007073637278848,0.0655887586525446
selected_trend,PORT12,5,year2025,365,-0.29921376625230156,-1.7087759689734094,-0.3330302061813625,0.19671191188894432,0.44506020970360877,0.49121316701230516,0.35313453564017727,202.6192182639851,-0.05066193746792872,-0.16923606592030568,0.10130960913199255
trend168,PORT12,2,all,998,0.3838686220207561,0.6374996615290404,-0.21634234792364893,0.22622536903401744,0.4705499231034044,0.47413294808921114,0.40043200956944974,321.9545045046333,0.4377484299475467,0.025714591441078044,0.06439090090092667
trend168,PORT12,2,development_2024_25,731,0.13156643542316426,0.3919515987839958,-0.21634234792364893,0.2176301242081441,0.4690882441312083,0.46945169417113763,0.3780118609484126,214.07546474964767,0.34446020227697655,-0.12453480827468727,0.042815092949929544
trend168,PORT12,2,reused_2026,267,0.2229671884030704,1.2295791234308378,-0.17916546376651976,0.24848035815288488,0.47455174830443564,0.4869494148087309,0.4618145138465216,107.87903975498557,0.09328822767057014,0.1502493997157653,0.02157580795099712
trend168,PORT12,2,year2024,366,0.22038933943452577,1.0319276475453212,-0.14884270376476827,0.21474018034025874,0.5022767015276965,0.44301398404305087,0.396713783111999,104.03365781288758,0.3201462072554383,-0.08246814678828274,0.02080673156257752
trend168,PORT12,2,year2025,365,-0.0727824319184257,-0.23290946161135617,-0.17098802904114896,0.2205526208396731,0.4358088594541818,0.4959618363817671,0.35925870064191207,110.04180693676011,0.02431399502153825,-0.04206666148640452,0.02200836138735202
trend168,PORT12,5,all,998,0.2581704533911442,0.4826358571122016,-0.23003903411875093,0.22699790088797925,0.4699316906708976,0.47459165877880305,0.399369493398148,320.97891938846556,0.43716627291170873,0.027619975202589853,0.16048945969423278
trend168,PORT12,5,development_2024_25,731,0.06239045392784148,0.2471380363775387,-0.23003903411875093,0.21817271837157137,0.46867969127607273,0.46973607421277763,0.37721618365272414,213.3697266670164,0.3437073325011803,-0.1227051070099842,0.10668486333350821
trend168,PORT12,5,reused_2026,267,0.18428252883812357,1.0482452711303318,-0.1914639796655333,0.24983283573449205,0.4733594493136578,0.48788541277792113,0.4600214388060313,107.60919272144918,0.09345894041052842,0.150325082212574,0.053804596360724585
trend168,PORT12,5,year2024,366,0.18216338418513134,0.8837565164251047,-0.1571713453429887,0.21484402556173707,0.5021234236587452,0.4431080147131986,0.39633870549159583,103.90925357534795,0.31937033476205307,-0.08229282992495558,0.05195462678767397
trend168,PORT12,5,year2025,365,-0.10131673156147336,-0.37198781013314547,-0.18425614976942017,0.22152532829803886,0.4351443322293382,0.4964370873000269,0.35804127134306096,109.46047309166846,0.02433699773912726,-0.04041227708502859,0.05473023654583423
trend24,PORT12,2,all,998,0.03712494701504987,0.17031143365639254,-0.3213838221845715,0.22475441325586082,0.47609312460373593,0.4711741096620754,0.3845840598523904,1046.5997509991353,0.4274420954402071,-0.10178875126510831,0.20931995019982705
trend24,PORT12,2,development_2024_25,731,-0.12422304198393075,-0.20763515426722484,-0.2899341420276206,0.21179288424013779,0.4770988562819953,0.4656036589587761,0.36052006389403346,714.7998016295159,0.24727005841432353,-0.17701923550926424,0.14295996032590316
trend24,PORT12,2,reused_2026,267,0.18423411066270923,1.025245771051179,-0.20987393558698453,0.25698739359198014,0.4733396045407861,0.48642504398459135,0.45046713492939006,331.7999493696194,0.18017203702588364,0.07523048424415595,0.0663599898739239
trend24,PORT12,2,year2024,366,0.1431637576618423,0.7827143669247546,-0.15710149412659946,0.19432519285915958,0.48431243235164056,0.4577272208653299,0.3668059623411593,364.7347321988266,0.3000558483367422,-0.07291220133195492,0.07294694643976532
trend24,PORT12,2,year2025,365,-0.23390069695059867,-1.0562667899334925,-0.28993414202761947,0.22777352806033221,0.4698655169902414,0.47350167633467005,0.3542169438073265,350.0650694306892,-0.05278578992241867,-0.10410703417730931,0.07001301388613786
trend24,PORT12,5,all,998,-0.2386227215670479,-0.3262302845705448,-0.4184540116300628,0.22734261003022835,0.47524132667054914,0.4716853954800201,0.3818731747560725,1038.7213119924315,0.42758550747736623,-0.09991113046336396,0.5193606559962158
trend24,PORT12,5,development_2024_25,731,-0.2887385068892683,-0.6902372280389207,-0.3463620907488877,0.21361428834880034,0.4765304337095855,0.4658704777860338,0.35819245679010725,709.5108322914663,0.24616154134584414,-0.17155595206825625,0.35475541614573314
trend24,PORT12,5,reused_2026,267,0.07046042251357476,0.48373191868089566,-0.2416426885245796,0.2614213189641506,0.47171197369101525,0.4876056383051288,0.4467069007228165,329.21047970096527,0.18142396613152206,0.07164482160489236,0.16460523985048264
trend24,PORT12,5,year2024,366,0.02361058711175068,0.2156307084357706,-0.18633903273781816,0.19518266928793143,0.4840218243425268,0.45789665131731144,0.36562667389911946,363.589758885144,0.29854940190240226,-0.07293991964597293,0.18179487944257205
trend24,PORT12,5,year2025,365,-0.3051444542815398,-1.464417369595339,-0.3463620907488899,0.2304641547484234,0.4690185187187459,0.47386615035467045,0.35073787196298817,345.9210734063222,-0.05238786055655817,-0.0986160324222833,0.1729605367031611
trend336,PORT12,2,all,998,0.4563721565986061,0.7595727022862849,-0.19365825961032823,0.2098668326596748,0.4713020130406829,0.4783471916500163,0.4013158827908076,214.35287421618094,0.5002785306882005,-0.015538134697098971,0.042870574843236184
trend336,PORT12,2,development_2024_25,731,0.25906893932130814,0.6750446722837936,-0.19365825961032823,0.20002511199426679,0.46590017047268656,0.4803099722449902,0.37984842660312357,138.83220181022918,0.446191638118873,-0.14089516457317922,0.027766440362045838
trend336,PORT12,2,reused_2026,267,0.15670565059261343,0.962071449270089,-0.14864573749581955,0.23508254306469273,0.48609132733733207,0.47297343653793406,0.46009007931963547,75.52067240595176,0.05408689256932764,0.12535702987608027,0.015104134481190353
trend336,PORT12,2,year2024,366,0.3575268021783091,1.5833343140586995,-0.15187577313379141,0.205925812051409,0.5089380917590833,0.43763646228295433,0.39708875193466275,66.9422770574271,0.38143515355803026,-0.04344179033736396,0.013388455411485421
trend336,PORT12,2,year2025,365,-0.07252738045320228,-0.2918082603119798,-0.19365825961033034,0.19369220071502058,0.42274433707317655,0.5231003959329497,0.36256086750355276,71.88992475280209,0.06475648456084271,-0.09745337423581527,0.014377984950560418
trend336,PORT12,5,all,998,0.365451654847462,0.6464128498180401,-0.20154655769318575,0.2102441299368172,0.47077250209902294,0.4787996525577557,0.400604202168067,213.87848800518645,0.49961918994500226,-0.015132709504170574,0.10693924400259323
trend336,PORT12,5,development_2024_25,731,0.20819544711526672,0.5715549705332811,-0.20154655769318575,0.20029955080374015,0.4655147578194964,0.48064164865629383,0.37931191442833634,138.49722425298177,0.4460310921350321,-0.1404364486532885,0.06924861212649089
trend336,PORT12,5,reused_2026,267,0.13015792114402025,0.8253927135744734,-0.15825505811541385,0.23571214014954608,0.4851673001077644,0.47375658458760106,0.4588988176652324,75.38126375220469,0.05358809780997015,0.12530373914911785,0.037690631876102346
trend336,PORT12,5,year2024,366,0.3302657398078708,1.4844178116567686,-0.1571115768036112,0.2060229045321824,0.5088233018102888,0.4377198975062152,0.3968556519810453,66.88905134272049,0.3812233127776644,-0.04342653705435104,0.03344452567136025
trend336,PORT12,5,year2025,365,-0.09176384014087047,-0.39856725397647425,-0.20154655769318697,0.19415515172956452,0.4220875602835237,0.5236809936451396,0.3617201118412366,71.60817291026129,0.06480777935736776,-0.09700991159893743,0.03580408645513065
trend72,PORT12,2,all,998,-0.014426507721516879,0.08823988196972782,-0.49152228863305547,0.22591804923777342,0.4734107388491802,0.47358143406177383,0.3963665687969974,556.0221051162523,0.32265108576903756,-0.14781436374697943,0.11120442102325048
trend72,PORT12,2,development_2024_25,731,0.11186834258513234,0.35561163571527715,-0.3090833176579997,0.2111290085200508,0.47483395609096085,0.46627096962542897,0.3725095337470781,372.75149996829407,0.34215186732465075,-0.10258351275588248,0.07455029999365881
trend72,PORT12,2,reused_2026,267,-0.11358795413943645,-0.49929169742492957,-0.36185806313622315,0.2624565786535812,0.4695142152396609,0.49359622620772187,0.46168302056288124,183.27060514795832,-0.019500781555613217,-0.04523085099109686,0.03665412102959166
trend72,PORT12,2,year2024,366,0.5138619190077927,2.218484785342848,-0.08170212722075432,0.1949988093637725,0.48942074163505206,0.45065846786320934,0.38063078290418284,184.0490026477347,0.41877434134520397,0.05361156279105344,0.03680980052954694
trend72,PORT12,2,year2025,365,-0.26554177192470474,-1.2604404074351425,-0.3069713888946496,0.22485913506611285,0.4602072067508583,0.4819262453650792,0.3643660345922828,188.70249732055936,-0.07662247402055326,-0.1561950755469359,0.03774049946411188
trend72,PORT12,5,all,998,-0.16656608891448377,-0.1808296916611961,-0.5447288045419353,0.22721976459056917,0.4726422703802749,0.47414104194489526,0.3947168313704568,553.4787589067364,0.32098316422129786,-0.14777428653605235,0.27673937945336824
trend72,PORT12,5,development_2024_25,731,-0.005631830187895592,0.0919487727884284,-0.34819255569024754,0.2120051804876068,0.4743465490799277,0.4665759947326964,0.37117702971277194,371.0106460904841,0.34045246111766,-0.10131491275702768,0.18550532304524203
trend72,PORT12,5,reused_2026,267,-0.16184574648743677,-0.7818683734444375,-0.39012714527889847,0.26468691372727343,0.4679762489216749,0.4948528378704285,0.45916475276284513,182.4681128162523,-0.019469296896362093,-0.04645937377902472,0.09123405640812615
trend72,PORT12,5,year2024,366,0.4318419392982358,1.9297025048825902,-0.09448670951158045,0.19540560077174915,0.489172491205046,0.4508063987935962,0.3799655802967534,183.68159714754233,0.4178532410480952,0.05391780882848478,0.09184079857377117
trend72,PORT12,5,year2025,365,-0.30553216628124347,-1.499274918302686,-0.343578985235224,0.22615406616683423,0.4594799879352886,0.4823887950442325,0.3623644009080125,187.3290489429418,-0.07740077993043518,-0.15523272158551243,0.0936645244714709
trend_ensemble,PORT12,2,all,998,0.11829358683840008,0.3115580286789561,-0.29962112021831677,0.18615548887982533,0.44397380922405133,0.45864375154461734,0.28954992753143316,490.08287951925706,0.39750955383586956,-0.136147525383705,0.09801657590385142
trend_ensemble,PORT12,2,development_2024_25,731,0.041090691950429026,0.20235262464299705,-0.23005711768799542,0.1713974432053375,0.4456474917501606,0.44882996895406735,0.2718976526258055,331.09782577639453,0.2972689065192349,-0.15321183554078704,0.06621956515527891
trend_ensemble,PORT12,2,reused_2026,267,0.07415578247398846,0.5489812972944734,-0.2272125085648562,0.2219239525274035,0.43939155481736275,0.4855121975135016,0.33787881500714034,158.9850537428626,0.10024064731663468,0.017064310157082013,0.03179701074857252
trend_ensemble,PORT12,2,year2024,366,0.2940125633267965,1.6482777784892098,-0.0870227860719538,0.16408088033058627,0.4716757423195466,0.42427942300235,0.27927616498370345,165.53057443672688,0.30869306557786663,-0.007404292648992408,0.03310611488734538
trend_ensemble,PORT12,2,year2025,365,-0.1954554990765548,-1.1346049217576293,-0.22364880313238966,0.1777987740077551,0.419547930905242,0.47344777667551546,0.2644989251655572,165.56725133966768,-0.011424159058631748,-0.14580754289179465,0.03311345026793353
trend_ensemble,PORT12,5,all,998,-0.034300649880362744,0.024263758810700052,-0.3558659633673008,0.18724535258028763,0.442847644173569,0.45937336290776193,0.2883456102839578,487.7710326321132,0.3980263344620852,-0.13704165605827628,0.2438855163160566
trend_ensemble,PORT12,5,development_2024_25,731,-0.056328519256643506,-0.0828115809690432,-0.2672998499203594,0.17209354371602062,0.4448891627449246,0.44925367180129444,0.2709383745128211,329.51924310606074,0.29705378808558885,-0.15240540674054423,0.16475962155303037
trend_ensemble,PORT12,5,reused_2026,267,0.023342730839898795,0.25012644987339483,-0.24881401219058374,0.22388552905081263,0.43725831804749776,0.48707933368988815,0.33600362282590884,158.25178952605245,0.10097254637649641,0.015363750682267953,0.07912589476302621
trend_ensemble,PORT12,5,year2024,366,0.23051976919188633,1.3411424008145052,-0.10202423069434685,0.16424433951835193,0.4713172575599124,0.4244529647450516,0.2787984112157401,165.20007061791762,0.30791195406672334,-0.007340858214105871,0.08260003530895882
trend_ensemble,PORT12,5,year2025,365,-0.23311148315553376,-1.393402047352097,-0.25883178549588404,0.1790009302768822,0.41838866219071774,0.4741223260001571,0.26305680346277077,164.31917248814312,-0.010858165981134552,-0.14506454852643835,0.08215958624407156
trend_ensemble_long,PORT12,2,all,998,0.4134443021947076,1.0529129473755887,-0.17571435866320617,0.1278597628103575,0.4350956774673025,0.0,0.15190019627001813,233.1741847006723,0.40507513318271615,0.0,0.04663483694013447
trend_ensemble_long,PORT12,2,development_2024_25,731,0.2980969338373676,1.1670634241714182,-0.11254445534052582,0.11750766695121669,0.437121179965577,0.0,0.14560662107207004,158.5320767399467,0.30020212676916597,0.0,0.031706415347989333
trend_ensemble_long,PORT12,2,reused_2026,267,0.08885882506197618,0.8354353409981615,-0.13906546048085477,0.15290605351533537,0.4295502005900043,0.0,0.1691309208756364,74.64210796072567,0.10487300641355021,0.0,0.014928421592145132
trend_ensemble_long,PORT12,2,year2024,366,0.3413986961501334,2.5163446692876996,-0.05742747216797417,0.11924429233649565,0.46608662882162527,0.0,0.1572810444807907,81.26675960308307,0.30997387248755537,0.0,0.016253351920616617
trend_ensemble_long,PORT12,2,year2025,365,-0.03228105293157013,-0.22753714117136828,-0.11254445534052504,0.11527040102338569,0.40807637371540234,0.0,0.1339002129416817,77.26531713686359,-0.009771745718389353,0.0,0.015453063427372718
trend_ensemble_long,PORT12,5,all,998,0.31944855439961195,0.8537519287061377,-0.1947005017103265,0.12825701782826293,0.43431363319214306,0.0,0.15124894151937693,232.07041220346593,0.4057841428788064,0.0,0.11603520610173296
trend_ensemble_long,PORT12,5,development_2024_25,731,0.23811882249127003,0.9656812992790261,-0.12169601560371202,0.11755107926845111,0.4366388818743867,0.0,0.14516645606192063,157.91541123364797,0.30021245197690355,0.0,0.07895770561682397
trend_ensemble_long,PORT12,5,reused_2026,267,0.0656881475597777,0.6393850855640731,-0.1548566688761006,0.15405624856980435,0.4279475029048022,0.0,0.16790173878304943,74.15500096981796,0.10557169090190292,0.0,0.03707750048490899
trend_ensemble_long,PORT12,5,year2024,366,0.3085017714006859,2.3129223798704626,-0.06406799669349661,0.1190062248011417,0.4658887331331718,0.0,0.15705095568791258,81.12638531730596,0.30952855952721303,0.0,0.04056319265865297
trend_ensemble_long,PORT12,5,year2025,365,-0.053788959593132124,-0.42089428761957004,-0.12169601560371124,0.1156145724935932,0.4073088940368102,0.0,0.1332493961629808,76.78902591634201,-0.009316107550309566,0.0,0.038394512958171007
vol_long,PORT12,2,all,998,0.43155247832922483,0.5524260182202161,-0.4708743001657767,0.34633033790201,1.0,0.0,0.6997395032086935,7.687626265018891,0.5573076525245642,0.0,0.0015375252530037784
vol_long,PORT12,2,development_2024_25,731,0.49133702976578886,0.745585748754182,-0.28419708686161693,0.35009142925546377,1.0,0.0,0.6578677254291987,5.543923887466811,0.5602067945869594,0.0,0.0011087847774933623
vol_long,PORT12,2,reused_2026,267,-0.04008788774322358,0.001462451984184068,-0.3520060175298467,0.3362596891121506,1.0,0.0,0.8143772169046137,2.1437023775520805,-0.0028991420623953323,0.0,0.00042874047551041614
vol_long,PORT12,2,year2024,366,0.543677153684315,1.4044821420975382,-0.28419708686161693,0.3527039812618935,1.0,0.0,0.6618562745776219,3.4703319828109542,0.5062636400396704,0.0,0.0006940663965621909
vol_long,PORT12,2,year2025,365,-0.03390613367154316,0.0749290440057087,-0.2695650704121324,0.34750051476019667,1.0,0.0,0.6538682487488621,2.073591904655857,0.05394315454728907,0.0,0.00041471838093117144
vol_long,PORT12,5,all,998,0.42825095471646835,0.5500039206762148,-0.4710536984508652,0.3463033040240906,1.0,0.0,0.6997476160760062,7.6866782462383005,0.5572911409353638,0.0,0.0038433391231191506
vol_long,PORT12,5,development_2024_25,731,0.4888128003880152,0.7431855905963426,-0.2844016843863356,0.3500769309968563,1.0,0.0,0.6578688325765557,5.543349309670016,0.5601712099225471,0.0,0.002771674654835008
vol_long,PORT12,5,reused_2026,267,-0.040677945310357844,-0.0010983063085558112,-0.35211415202811824,0.3361967351568142,1.0,0.0,0.8144045102261873,2.1433289365682855,-0.0028800689871834734,0.0,0.0010716644682841427
vol_long,PORT12,5,year2024,366,0.5420447933608443,1.4015369091935876,-0.2844016843863356,0.3526877211652858,1.0,0.0,0.6618526513678268,3.4700758233190685,0.5062486010994007,0.0,0.001735037911659534
vol_long,PORT12,5,year2025,365,-0.03452039344253233,0.07309001405602068,-0.26965082076990843,0.3474885536836919,1.0,0.0,0.6538740992132536,2.0732734863509474,0.05392260882314637,0.0,0.001036636743175474
