symbol,policy,phase,mean_target_market_beta,target_timing_covariance_bp_hour,average_target_drift_bp_hour
ADAUSDT,trend24,all,-0.026651792643250533,0.085106722166518,-0.009678021981933108
ADAUSDT,trend24,development_2024_25,-0.02055935718143419,-0.12234381427669688,-0.009884425008766793
ADAUSDT,trend24,reused_2026,-0.043334434713190574,0.6458222865401034,-0.0017759265986066657
ADAUSDT,trend24,year2024,-0.010307065710329952,-0.12577009811466297,-0.008922989337368915
ADAUSDT,trend24,year2025,-0.030839737122322276,-0.1268336600796392,-0.0029229780305806
ADAUSDT,trend72,all,-0.03981004358262559,0.19387973684834356,-0.014456156178745329
ADAUSDT,trend72,development_2024_25,-0.03317284012284079,0.3147710039962509,-0.015948672306648284
ADAUSDT,trend72,reused_2026,-0.057984399365123535,-0.14514434062095807,-0.0023763096903952337
ADAUSDT,trend72,year2024,-0.011075916239372739,0.4210667586658102,-0.009588595365843494
ADAUSDT,trend72,year2025,-0.0553303035237978,0.1911020381482589,-0.0052441841830213
ADAUSDT,trend168,all,-0.06304578217076665,0.254451049068916,-0.022893712024709387
ADAUSDT,trend168,development_2024_25,-0.05660529712117553,0.18137377417231615,-0.027214411888251053
ADAUSDT,trend168,reused_2026,-0.08068147277635841,0.44679920944512147,-0.0033064784268359263
ADAUSDT,trend168,year2024,-0.031820233879580544,0.07702074437495078,-0.027547278304000743
ADAUSDT,trend168,year2025,-0.08145826464562421,0.2668526511281905,-0.007720581956453805
ADAUSDT,trend336,all,-0.06561202198590788,0.20868361668277266,-0.023825586502133646
ADAUSDT,trend336,development_2024_25,-0.06992241953057894,0.24455445448472368,-0.0336169514534075
ADAUSDT,trend336,reused_2026,-0.0538090542125804,0.11565097857160414,-0.0022051961968457797
ADAUSDT,trend336,year2024,-0.04081803720504478,0.3505720474782906,-0.03533681854651558
ADAUSDT,trend336,year2025,-0.09910653988988169,0.11574730840834145,-0.009393278471732
ADAUSDT,trend_ensemble,all,-0.04321161621904694,0.19912085113127537,-0.015691363700771618
ADAUSDT,trend_ensemble,development_2024_25,-0.037776913579913925,0.17672447272183237,-0.01816219573637832
ADAUSDT,trend_ensemble,reused_2026,-0.05809321807653865,0.25390302088794015,-0.0023807692857564576
ADAUSDT,trend_ensemble,year2024,-0.019066030814850272,0.2185727151430815,-0.01650576356531349
ADAUSDT,trend_ensemble,year2025,-0.05653905903748459,0.12029716105416714,-0.005358749550321149
ADAUSDT,breakout,all,-0.03799004740539717,0.3124298364947462,-0.013795263936109954
ADAUSDT,breakout,development_2024_25,-0.01905949794882629,0.2621493185487605,-0.009163330181842582
ADAUSDT,breakout,reused_2026,-0.089826719742853,0.42731330583596183,-0.0036812678396001123
ADAUSDT,breakout,year2024,-0.0005897818058065177,0.27934348729326663,-0.0005105834106899542
ADAUSDT,breakout,year2025,-0.03757981605388173,0.2306300594177013,-0.0035618000336082286
ADAUSDT,range_only,all,0.019656354687694222,-0.20423137005067915,0.007137780009719337
ADAUSDT,range_only,development_2024_25,0.014347922378997895,-0.1756816606555406,0.0068981224235396205
ADAUSDT,range_only,reused_2026,0.034192196177278804,-0.27601499238408556,0.0014012604769832882
ADAUSDT,range_only,year2024,0.004768926580284071,-0.2027841748443984,0.004128534950924238
ADAUSDT,range_only,year2025,0.023953162001817782,-0.14109986637308664,0.0022702711769736123
ADAUSDT,down_rebound,all,0.023741210512399247,0.28922400666669545,0.008621107041176428
ADAUSDT,down_rebound,development_2024_25,0.026398241634673292,0.21416314249488153,0.012691614698773926
ADAUSDT,down_rebound,reused_2026,0.016465581667514606,0.4915600242766834,0.0006747904902511308
ADAUSDT,down_rebound,year2024,0.0478603738527524,0.22443404800254482,0.04143348044658276
ADAUSDT,down_rebound,year2025,0.004877309054352867,0.1872728322191542,0.000462269414219694
ADAUSDT,selected_trend,all,-0.06553848069741001,0.27127463992513906,-0.023798881574019094
ADAUSDT,selected_trend,development_2024_25,-0.06077065832214569,0.2690547499946782,-0.029217013431775782
ADAUSDT,selected_trend,reused_2026,-0.07859399431558346,0.2716115395944044,-0.0032209296352791665
ADAUSDT,selected_trend,year2024,-0.03586234509712679,0.30987725808081806,-0.031046597732853964
ADAUSDT,selected_trend,year2025,-0.08574721350120575,0.20886506967447585,-0.008127086824813222
ADAUSDT,selected_breakout,all,-0.047403065861004304,0.14427575593846834,-0.017213397971186893
ADAUSDT,selected_breakout,development_2024_25,-0.042320370253888025,0.2373097293779657,-0.02034657613203742
ADAUSDT,selected_breakout,reused_2026,-0.06132078269122873,-0.11659590627411495,-0.002513040951139577
ADAUSDT,selected_breakout,year2024,-0.02041452983156805,0.3257630910241334,-0.017673180431159785
ADAUSDT,selected_breakout,year2025,-0.06428622667736503,0.13167975657095335,-0.006093023020966423
ADAUSDT,regime_gate,all,-0.013424074652224522,0.16531649839036905,-0.0048746623279857055
ADAUSDT,regime_gate,development_2024_25,-0.007585715486812055,0.1443367300994613,-0.003647022385259426
ADAUSDT,regime_gate,reused_2026,-0.029410991024629126,0.2157335186369341,-0.0012053177016780596
ADAUSDT,regime_gate,year2024,0.009423119419155784,0.18830125158704128,0.008157743092450834
ADAUSDT,regime_gate,year2025,-0.024641149940467486,0.08710310658231699,-0.002335478400433437
ADAUSDT,gate_no_range,all,-0.01720411251034121,0.16008255072872515,-0.006247301308525622
ADAUSDT,gate_no_range,development_2024_25,-0.011783607010238745,0.12229046609661334,-0.005665263694657912
ADAUSDT,gate_no_range,reused_2026,-0.03204683898042043,0.2570391876728172,-0.0013133397060160537
ADAUSDT,gate_no_range,year2024,0.00623288279135559,0.1995507848600398,0.005395904930789049
ADAUSDT,gate_no_range,year2025,-0.029849457057864844,0.03089085801485386,-0.002829119679549589
ADAUSDT,adaptive14,all,-0.01220802947319093,0.15624632870054134,-0.0044330818260193096
ADAUSDT,adaptive14,development_2024_25,-0.006140493333985611,0.1481054580264095,-0.002952195700526233
ADAUSDT,adaptive14,reused_2026,-0.02882249084765918,0.17123118294635342,-0.001181199858109016
ADAUSDT,adaptive14,year2024,0.011835012329068043,0.21355952558599908,0.010245756822338449
ADAUSDT,adaptive14,year2025,-0.024165246957759963,0.06857612976172961,-0.0022903725048278936
ADAUSDT,adaptive42,all,-0.012072665079231598,0.1679528159582195,-0.004383927174478779
ADAUSDT,adaptive42,development_2024_25,-0.006134741045843006,0.15683546712013113,-0.002949430144177723
ADAUSDT,adaptive42,reused_2026,-0.028332215452537297,0.19124411393635363,-0.0011611074507520945
ADAUSDT,adaptive42,year2024,0.0123845060556903,0.20547334532161834,0.010721462207498408
ADAUSDT,adaptive42,year2025,-0.024704725810668186,0.09374806155852027,-0.0023415040961497985
ADAUSDT,adaptive126,all,-0.009532262183920677,0.16360866812282535,-0.0034614348156013
ADAUSDT,adaptive126,development_2024_25,-0.004004898675523566,0.14563173818863542,-0.001925455172385923
ADAUSDT,adaptive126,reused_2026,-0.024667593133088604,0.20617767253695315,-0.0010109243390066542
ADAUSDT,adaptive126,year2024,0.013771347418618437,0.1860533892397974,0.011922072647153186
ADAUSDT,adaptive126,year2025,-0.0218298468137591,0.09135744567083912,-0.0020690242071282903
ADAUSDT,filtered_moe,all,-0.009847978911659318,0.15458337717242687,-0.0035760805158743868
ADAUSDT,filtered_moe,development_2024_25,-0.0023814227570694018,0.14855997148552963,-0.0011449285329640404
ADAUSDT,filtered_moe,reused_2026,-0.03029331388530152,0.16208528039448888,-0.0012414769511801618
ADAUSDT,filtered_moe,year2024,0.0013277766384974998,0.13152505638003947,0.0011494771762099749
ADAUSDT,filtered_moe,year2025,-0.0061007843427611464,0.16277416722205076,-0.0005782299159188853
ADAUSDT,kalman,all,-0.028272936467175803,0.256242557659796,-0.010266705293927775
ADAUSDT,kalman,development_2024_25,-0.0215925293853266,0.13116666311704894,-0.010381148378101458
ADAUSDT,kalman,reused_2026,-0.046565594785259526,0.5906872701380823,-0.0019083456125922435
ADAUSDT,kalman,year2024,-0.005569417408263445,0.14722002904218112,-0.004821532485184929
ADAUSDT,kalman,year2025,-0.03765954029931322,0.10268267553799511,-0.0035693562659125625
ADAUSDT,trend_ensemble_long,all,0.12740117546688107,0.13878835456254035,0.04626298100082368
ADAUSDT,trend_ensemble_long,development_2024_25,0.12655609644056806,0.14775059802266738,0.06084500763470804
ADAUSDT,trend_ensemble_long,reused_2026,0.12971521736443614,0.11526514600880786,0.005315973458202898
ADAUSDT,trend_ensemble_long,year2024,0.13089302242143397,0.13537625233975906,0.11331615381397007
ADAUSDT,trend_ensemble_long,year2025,0.12220728847071351,0.1568061926697237,0.011582758243362844
ADAUSDT,regime_gate_long,all,0.12051937217896884,0.09473823736642692,0.04376400300008418
ADAUSDT,regime_gate_long,development_2024_25,0.1197387881190596,0.09799560655613263,0.057567416206584815
ADAUSDT,regime_gate_long,reused_2026,0.12265681041012971,0.08675876042150547,0.00502670667217217
ADAUSDT,regime_gate_long,year2024,0.12611812120456642,0.06138600291178997,0.10918244652593
ADAUSDT,regime_gate_long,year2025,0.11334197740866098,0.1297739777462536,0.010742507583447638
ADAUSDT,expanding_tree,all,0.13496131628754074,0.09821533243877253,0.04900828260316763
ADAUSDT,expanding_tree,development_2024_25,0.1580891506303168,0.20668709894375867,0.07600531185459942
ADAUSDT,expanding_tree,reused_2026,0.07163140748316059,-0.22666008656595787,0.0029355897379747136
ADAUSDT,expanding_tree,year2024,0.16471012237785718,0.1357543980550257,0.142592150573114
ADAUSDT,expanding_tree,year2025,0.151450039234153,0.27269580489887996,0.01435437454139571
ADAUSDT,rolling_tree,all,0.03381093749901582,-0.059223262013349126,0.012277710573742946
ADAUSDT,rolling_tree,development_2024_25,0.14319944783176744,0.10990273348715289,0.06884671494827244
ADAUSDT,rolling_tree,reused_2026,-0.26572270153294836,-0.6540662050572494,-0.010889815838819292
ADAUSDT,rolling_tree,year2024,0.2548962997730325,0.10082447814071789,0.22066774666334693
ADAUSDT,rolling_tree,year2025,0.031196577118060512,0.03265879678355606,0.0029567991835897276
ADAUSDT,action_tcn,all,0.05293663675222798,0.12189867115718836,0.019222794541267525
ADAUSDT,action_tcn,development_2024_25,0.08552133308083205,0.24583396041317598,0.04111651916094987
ADAUSDT,action_tcn,reused_2026,-0.03628857198649998,-0.25670839168665216,-0.0014871738986054286
ADAUSDT,action_tcn,year2024,0.1620690889856367,0.22378217530185662,0.14030576631393535
ADAUSDT,action_tcn,year2025,0.008763857296836179,0.2087710471076571,0.0008306349123596768
ADAUSDT,vol_long,all,0.6812366181590968,-0.0020761281083900526,0.24737634176030435
ADAUSDT,vol_long,development_2024_25,0.6686635405551405,0.058320340909614,0.3214767156573482
ADAUSDT,vol_long,reused_2026,0.7156649111954331,-0.1523157368913263,0.029329293433579203
ADAUSDT,vol_long,year2024,0.6585606792942339,0.02367018937788515,0.5701263661745651
ADAUSDT,vol_long,year2025,0.678794080887995,0.10087542430999277,0.06433583327426087
ADAUSDT,hold,all,1.2859819521624325,-0.05759690617991057,0.46697652829552216
ADAUSDT,hold,development_2024_25,1.3299557521593683,-0.06858128669184886,0.6394094806168582
ADAUSDT,hold,reused_2026,1.1655704729761922,-0.08047501143132024,0.047767269129251944
ADAUSDT,hold,year2024,1.219156883496614,0.05698607142635871,1.0554433412719515
ADAUSDT,hold,year2025,1.4410581793664041,-0.10883978545356679,0.13658292164973207
AVAXUSDT,trend24,all,-0.017918972033900447,0.08374846637536648,-0.006506887081070367
AVAXUSDT,trend24,development_2024_25,-0.015502883560192318,-0.02133802096296131,-0.007453398888791275
AVAXUSDT,trend24,reused_2026,-0.02453483845855089,0.36859245673199387,-0.001005483802879639
AVAXUSDT,trend24,year2024,-0.020626996519233578,0.15738340622069721,-0.017857116193467536
AVAXUSDT,trend24,year2025,-0.010364731935509847,-0.19658790896684109,-0.0009823651745210174
AVAXUSDT,trend72,all,-0.0327514000027427,0.10538600697742175,-0.011892962451285582
AVAXUSDT,trend72,development_2024_25,-0.028259001401673887,0.2220468170359436,-0.013586221481171619
AVAXUSDT,trend72,reused_2026,-0.04505273308486402,-0.21947108507765906,-0.0018463456960933244
AVAXUSDT,trend72,year2024,-0.025458028943872446,0.4604325465238345,-0.022039417153316188
AVAXUSDT,trend72,year2025,-0.031067647756619996,-0.019157311098473618,-0.0029445793099412377
AVAXUSDT,trend168,all,-0.04516028429603247,0.20377984610023642,-0.01639898036044623
AVAXUSDT,trend168,development_2024_25,-0.03887139054854391,0.06274965267892828,-0.018688392904158194
AVAXUSDT,trend168,reused_2026,-0.062380879255598494,0.5823829838821339,-0.0025564857012145737
AVAXUSDT,trend168,year2024,-0.028137094480743915,0.23025346523682452,-0.024358726439921232
AVAXUSDT,trend168,year2025,-0.04963509564666665,-0.11351120399858132,-0.004704394643362916
AVAXUSDT,trend336,all,-0.05475524848027338,0.2900609866832284,-0.019883184051129713
AVAXUSDT,trend336,development_2024_25,-0.058453496888846775,0.20978650799927487,-0.028102980136934606
AVAXUSDT,trend336,reused_2026,-0.04462850116015295,0.5143266558356786,-0.0018289598743084338
AVAXUSDT,trend336,year2024,-0.017863883843363397,0.24910983183513188,-0.01546504597313038
AVAXUSDT,trend336,year2025,-0.09915431435363285,0.13897771676814477,-0.009397806516423612
AVAXUSDT,trend_ensemble,all,-0.03345517408581437,0.11418636474143526,-0.012148522785911225
AVAXUSDT,trend_ensemble,development_2024_25,-0.031566853057880644,0.062240810810110764,-0.015176553870815908
AVAXUSDT,trend_ensemble,reused_2026,-0.038625878645525524,0.25415249895826675,-0.0015829611193765457
AVAXUSDT,trend_ensemble,year2024,-0.024160528905987275,0.2722180520597365,-0.020916150907746234
AVAXUSDT,trend_ensemble,year2025,-0.038993468508820295,-0.1540371570114381,-0.0036957854515860915
AVAXUSDT,breakout,all,-0.02317168750969354,0.2348411098344091,-0.00841429708234245
AVAXUSDT,breakout,development_2024_25,-0.013594774541673701,0.24873579608737978,-0.006536027769857137
AVAXUSDT,breakout,reused_2026,-0.049395717650311644,0.18526076714881282,-0.002024329367927607
AVAXUSDT,breakout,year2024,-0.014393826679744261,0.4290772295868196,-0.012460962760582103
AVAXUSDT,breakout,year2025,-0.012793533219663217,0.0685179823834083,-0.0012125659951722296
AVAXUSDT,range_only,all,0.015236138709700777,-0.13848613905808677,0.005532674192916199
AVAXUSDT,range_only,development_2024_25,0.011069904521730884,-0.10970892252670743,0.005322133378667455
AVAXUSDT,range_only,reused_2026,0.02664435044588679,-0.21226824400937117,0.0010919355697755178
AVAXUSDT,range_only,year2024,0.007385939563787278,-0.18767021369465936,0.006394124363452356
AVAXUSDT,range_only,year2025,0.01476396253435379,-0.02868615585062023,0.0013993225026874543
AVAXUSDT,down_rebound,all,0.032405722609076835,0.15599981809353197,0.011767437183273156
AVAXUSDT,down_rebound,development_2024_25,0.04347138551681873,0.09794643305548867,0.020899955498424345
AVAXUSDT,down_rebound,reused_2026,0.0021051154523070805,0.30163879323811255,8.627158862538653e-05
AVAXUSDT,down_rebound,year2024,0.05519209797394434,0.3916118509189687,0.047780669646352775
AVAXUSDT,down_rebound,year2025,0.03171856151871472,-0.2055842246960268,0.0030062726576782495
AVAXUSDT,selected_trend,all,-0.05263609398832915,0.3076437926039946,-0.01911365893772829
AVAXUSDT,selected_trend,development_2024_25,-0.049835493776503315,0.22239540837851557,-0.023959659665504604
AVAXUSDT,selected_trend,reused_2026,-0.06030485161534218,0.537702942945553,-0.0024714061858089748
AVAXUSDT,selected_trend,year2024,-0.03177156583384084,0.3634195134493546,-0.027505145609263894
AVAXUSDT,selected_trend,year2025,-0.06794891193270733,0.06702064670903324,-0.006440170874134988
AVAXUSDT,selected_breakout,all,-0.022622090790092163,0.19327747994903385,-0.008214722922183752
AVAXUSDT,selected_breakout,development_2024_25,-0.02455271166626347,0.1578933515883675,-0.011804330022838056
AVAXUSDT,selected_breakout,reused_2026,-0.017335558458025764,0.2924932281049212,-0.0007104437745887465
AVAXUSDT,selected_breakout,year2024,-0.03164129884687288,0.3468105647888513,-0.027392371424215155
AVAXUSDT,selected_breakout,year2025,-0.017444703698857877,-0.02606162259176991,-0.0016534020850924181
AVAXUSDT,regime_gate,all,-0.0038907643517423762,0.11148444446663126,-0.0014128469115273713
AVAXUSDT,regime_gate,development_2024_25,0.0021804310512580144,0.06016869724824406,0.0010482967450173423
AVAXUSDT,regime_gate,reused_2026,-0.020515245723716595,0.24468871500695902,-0.0008407533362056282
AVAXUSDT,regime_gate,year2024,0.012564109100815578,0.3309719962006061,0.010876947396169095
AVAXUSDT,regime_gate,year2025,-0.008231695431312035,-0.2194036134445056,-0.0007801968221947004
AVAXUSDT,gate_no_range,all,-0.004989219423915438,0.12274572847242562,-0.0018117271098298685
AVAXUSDT,gate_no_range,development_2024_25,0.001239257813589037,0.050658171347649966,0.0005958041789366216
AVAXUSDT,gate_no_range,reused_2026,-0.022044378570907564,0.3126391029213215,-0.0009034200748882254
AVAXUSDT,gate_no_range,year2024,0.011099177443558506,0.3189786221408698,0.009608732957157765
AVAXUSDT,gate_no_range,year2025,-0.0086476752948187,-0.22601959829476,-0.0008196232283722618
AVAXUSDT,adaptive14,all,-0.005848165994090293,0.09698509384215527,-0.002123634976543799
AVAXUSDT,adaptive14,development_2024_25,0.0008127750329148416,0.025874494667393087,0.0003907619188161935
AVAXUSDT,adaptive14,reused_2026,-0.02408752128951374,0.2836825069444667,-0.0009871519043844984
AVAXUSDT,adaptive14,year2024,0.011886788671531602,0.2893078145673735,0.010290580418569844
AVAXUSDT,adaptive14,year2025,-0.010291578369095385,-0.24684130801838564,-0.0009754317085631211
AVAXUSDT,adaptive42,all,-0.0060639991794728,0.12175484037831631,-0.0022020101290343964
AVAXUSDT,adaptive42,development_2024_25,0.0001854390361408249,0.06595312596160752,8.915445314054873e-05
AVAXUSDT,adaptive42,reused_2026,-0.023176554830280575,0.2670281814684663,-0.0009498187863665018
AVAXUSDT,adaptive42,year2024,0.011228517406362536,0.2908769449548376,0.009720704602767766
AVAXUSDT,adaptive42,year2025,-0.010887894343314363,-0.16812375587815653,-0.0010319502996591755
AVAXUSDT,adaptive126,all,-0.006435126468796448,0.1125712337655594,-0.0023367769761372353
AVAXUSDT,adaptive126,development_2024_25,0.00014599958483176695,0.06298200104260637,7.019295082260038e-05
AVAXUSDT,adaptive126,reused_2026,-0.024455928011617334,0.2404337752895834,-0.0010022499044211786
AVAXUSDT,adaptive126,year2024,0.01030348443669399,0.2731787545604397,0.008919888972302272
AVAXUSDT,adaptive126,year2025,-0.010039313992652002,-0.15564286061369714,-0.0009515221911986423
AVAXUSDT,filtered_moe,all,-0.007113539827187508,0.09444616714693095,-0.002583128112183931
AVAXUSDT,filtered_moe,development_2024_25,-0.0020973262593369435,0.05749937968154551,-0.0010083420384395128
AVAXUSDT,filtered_moe,reused_2026,-0.020849211878751477,0.18957503978945442,-0.0008544398970592836
AVAXUSDT,filtered_moe,year2024,0.0019134665752059909,0.25593318133356435,0.001656518191289216
AVAXUSDT,filtered_moe,year2025,-0.006119107567399172,-0.1445786128928042,-0.0005799665838695201
AVAXUSDT,kalman,all,-0.019677232046128326,0.21249555471635537,-0.007145361170827505
AVAXUSDT,kalman,development_2024_25,-0.01633284507479099,0.168623082572809,-0.007852423638389054
AVAXUSDT,kalman,reused_2026,-0.028835016504555385,0.3286020417711008,-0.0011817131830755057
AVAXUSDT,kalman,year2024,-0.017523052311763834,0.3126161427575729,-0.015169982740996908
AVAXUSDT,kalman,year2025,-0.015139376996073012,0.025155608560843368,-0.0014349041362018745
AVAXUSDT,trend_ensemble_long,all,0.13438827728580985,0.08229338694887471,0.04880019588534375
AVAXUSDT,trend_ensemble_long,development_2024_25,0.13213158034597108,0.06462664159655256,0.06352556092556234
AVAXUSDT,trend_ensemble_long,reused_2026,0.1405676890405361,0.1333871041304768,0.005760728148964903
AVAXUSDT,trend_ensemble_long,year2024,0.13288570531212807,0.07365249060409032,0.11504125081889174
AVAXUSDT,trend_ensemble_long,year2025,0.13137538928401643,0.054993089195791364,0.012451707195590961
AVAXUSDT,regime_gate_long,all,0.12409108578687987,0.06514441102640885,0.045060993535513946
AVAXUSDT,regime_gate_long,development_2024_25,0.12649863037883022,0.042357171660255655,0.0608173793887087
AVAXUSDT,regime_gate_long,reused_2026,0.1174986146894588,0.12464236046929571,0.0048153141146878515
AVAXUSDT,regime_gate_long,year2024,0.1331611731727066,0.06351424826572415,0.1152797276901769
AVAXUSDT,regime_gate_long,year2025,0.11981783404305277,0.015991662933297443,0.011356286702135905
AVAXUSDT,expanding_tree,all,0.16078527845528223,0.0605750152205251,0.05838569585507898
AVAXUSDT,expanding_tree,development_2024_25,0.20518640572096647,0.13302276120424206,0.0986484948079398
AVAXUSDT,expanding_tree,reused_2026,0.0392036682244153,-0.1912761459544393,0.0016066400225014956
AVAXUSDT,expanding_tree,year2024,0.21122950597760287,0.180131582941191,0.1828647146090153
AVAXUSDT,expanding_tree,year2025,0.19912674902527083,0.08111326568829112,0.018873154151515505
AVAXUSDT,rolling_tree,all,0.0782846495585527,-0.05241504312161151,0.02842737707804704
AVAXUSDT,rolling_tree,development_2024_25,0.19382342003486408,0.11666067400239047,0.09318545533161826
AVAXUSDT,rolling_tree,reused_2026,-0.23808997026919929,-0.6545268586868749,-0.009757374565078516
AVAXUSDT,rolling_tree,year2024,0.25624731320380983,0.13025836305461072,0.2218373402970992
AVAXUSDT,rolling_tree,year2025,0.1312285025010719,0.05476904513131748,0.012437785324667529
AVAXUSDT,action_tcn,all,0.11788428563841162,0.15451288239601416,0.04280712832357842
AVAXUSDT,action_tcn,development_2024_25,0.12216404766949089,0.21839543415625742,0.05873342037400507
AVAXUSDT,action_tcn,reused_2026,0.10616520571438244,-0.025567807276646145,0.00435084970930358
AVAXUSDT,action_tcn,year2024,0.13947942819135073,0.32129125203231207,0.12074954070452844
AVAXUSDT,action_tcn,year2025,0.104801227748941,0.1018320840700672,0.00993301872428416
AVAXUSDT,vol_long,all,0.678751773814148,0.004530679681397343,0.24647402428717985
AVAXUSDT,vol_long,development_2024_25,0.6515043227902113,0.06283505403796213,0.3132269926864518
AVAXUSDT,vol_long,reused_2026,0.7533622437320419,-0.12230839530370748,0.030874200987845875
AVAXUSDT,vol_long,year2024,0.6446220537709074,0.0845522586998693,0.5580594782340361
AVAXUSDT,vol_long,year2025,0.6584054473410751,0.04637867670314947,0.06240340668791137
AVAXUSDT,hold,all,1.30149226671859,-0.019825531948156252,0.4726087635162627
AVAXUSDT,hold,development_2024_25,1.3714301112745506,-0.025693118789991126,0.659349315741221
AVAXUSDT,hold,reused_2026,1.1099846118271006,-0.08798233237056367,0.04548925604394267
AVAXUSDT,hold,year2024,1.3678541504762662,0.01780967726452877,1.1841729103893353
AVAXUSDT,hold,year2025,1.3750158692257073,-0.06655071009194266,0.13032345773587392
BCHUSDT,trend24,all,-0.010287745723671724,0.02482256614731103,-0.003735772320870422
BCHUSDT,trend24,development_2024_25,-0.0018897574320289015,-0.1095854521902745,-0.0009085481348861099
BCHUSDT,trend24,reused_2026,-0.03328357943501582,0.3827525893862804,-0.0013640236547839443
BCHUSDT,trend24,year2024,-0.005731520999438354,0.1532465826114322,-0.004961868120588249
BCHUSDT,trend24,year2025,0.00196253151501729,-0.3701677058786831,0.00018600795720030564
BCHUSDT,trend72,all,-0.018246703123629165,0.1972766530314366,-0.006625895537012285
BCHUSDT,trend72,development_2024_25,-0.0005953520888240131,0.2861333149005933,-0.00028623040223785414
BCHUSDT,trend72,reused_2026,-0.06658060394376676,-0.06729246578626753,-0.002728598313964841
BCHUSDT,trend72,year2024,-0.0038062000450554113,0.7475314839399945,-0.003295087406291048
BCHUSDT,trend72,year2025,0.0026242927111230874,-0.17404681808627936,0.00024872942042276284
BCHUSDT,trend168,all,-0.02003213662261299,0.12205398853778272,-0.007274237090683391
BCHUSDT,trend168,development_2024_25,0.007252412736696507,0.08357996993506506,0.003486778754602145
BCHUSDT,trend168,reused_2026,-0.09474419124407793,0.1945478158086544,-0.0038827950660359828
BCHUSDT,trend168,year2024,-0.001991543694565684,0.17993824712851444,-0.0017241107848671145
BCHUSDT,trend168,year2025,0.016521695075989568,-0.00589627752916336,0.001565919694565564
BCHUSDT,trend336,all,-0.012919696964895718,0.09758212545088474,-0.004691508481244334
BCHUSDT,trend336,development_2024_25,0.02545576153879958,0.06136542218780266,0.01223849382793602
BCHUSDT,trend336,reused_2026,-0.11800148937769896,0.15053844580213357,-0.004835922864762072
BCHUSDT,trend336,year2024,0.010489274372890387,0.1906908741692168,0.009080730250146211
BCHUSDT,trend336,year2025,0.04046325277913593,-0.056744528308343534,0.003835091020721955
BCHUSDT,trend_ensemble,all,-0.01421585844505337,0.10058183091030125,-0.005162181484933543
BCHUSDT,trend_ensemble,development_2024_25,0.0049761657538519655,0.058970974454034666,0.002392416104797302
BCHUSDT,trend_ensemble,reused_2026,-0.06676851531185456,0.19141067096586337,-0.002736299275082169
BCHUSDT,trend_ensemble,year2024,-0.0011200315503559362,0.3444930319179821,-0.000969628977074103
BCHUSDT,trend_ensemble,year2025,0.011089064968482354,-0.2226206801246372,0.0010510171715793835
BCHUSDT,breakout,all,-0.010176687860921643,0.3022711534081095,-0.003695444060353432
BCHUSDT,breakout,development_2024_25,0.009559206798296065,0.3110611930509357,0.004595827676284374
BCHUSDT,breakout,reused_2026,-0.06421860075327616,0.2544345214660909,-0.0026317989829074723
BCHUSDT,breakout,year2024,0.0037897557515477374,0.5290567089090289,0.0032808513220597734
BCHUSDT,breakout,year2025,0.01534446456024097,0.09692849365559819,0.0014543422540441414
BCHUSDT,range_only,all,0.008768156486117286,-0.12956423812877688,0.0031839663601451033
BCHUSDT,range_only,development_2024_25,-0.0011988367848847546,-0.12023757684788422,-0.0005763707587436262
BCHUSDT,range_only,reused_2026,0.03606032597986783,-0.1431001068718251,0.0014778199481757857
BCHUSDT,range_only,year2024,-0.00044312290935531024,-0.2640735665191097,-0.00038361849108602895
BCHUSDT,range_only,year2025,-0.001956621109388252,0.023408280684417308,-0.00018544777130322828
BCHUSDT,down_rebound,all,0.03999700361856208,0.18023006812280304,0.0145240466715822
BCHUSDT,down_rebound,development_2024_25,0.06062330849826422,0.1880985422577796,0.029146171319770132
BCHUSDT,down_rebound,reused_2026,-0.016483079541964603,0.1338446270547132,-0.000675507586040207
BCHUSDT,down_rebound,year2024,0.06405905130983183,0.41180545195470375,0.055456930989265955
BCHUSDT,down_rebound,year2025,0.05717815269269234,-0.038877258297966615,0.0054193225930240195
BCHUSDT,selected_trend,all,-0.026801994769009164,0.21742851935596771,-0.009732564634815154
BCHUSDT,selected_trend,development_2024_25,-0.0005953520888240131,0.2861333149005933,-0.00028623040223785414
BCHUSDT,selected_trend,reused_2026,-0.0985624660006571,-0.002262494625937698,-0.0040392751435050275
BCHUSDT,selected_trend,year2024,-0.0038062000450554113,0.7475314839399945,-0.003295087406291048
BCHUSDT,selected_trend,year2025,0.0026242927111230874,-0.17404681808627936,0.00024872942042276284
BCHUSDT,selected_breakout,all,-0.011408717198630031,0.13132113057168135,-0.0041428288637823255
BCHUSDT,selected_breakout,development_2024_25,0.014474151964624742,0.1344517423526816,0.006958810452936911
BCHUSDT,selected_breakout,reused_2026,-0.08228261396781088,0.09157886470355533,-0.0033720962028342743
BCHUSDT,selected_breakout,year2024,-7.895559748577848e-05,0.4490035399475943,-6.835310594606078e-05
BCHUSDT,selected_breakout,year2025,0.02906713105430269,-0.16971158560612717,0.0027549711317816855
BCHUSDT,regime_gate,all,0.004381499172148627,0.12511389183288318,0.0015910466462605785
BCHUSDT,regime_gate,development_2024_25,0.02354557491667091,0.10819187897667044,0.011320123849120208
BCHUSDT,regime_gate,reused_2026,-0.04809462769875804,0.1483720389937942,-0.001971008255804259
BCHUSDT,regime_gate,year2024,0.023488321684127678,0.3108598952338375,0.02033421051445427
BCHUSDT,regime_gate,year2025,0.02360298500738549,-0.09498713260420197,0.0022370815405807825
BCHUSDT,gate_no_range,all,0.002315256515368979,0.13946398668083768,0.0008407353212403647
BCHUSDT,gate_no_range,development_2024_25,0.020743835981684347,0.11175259134055955,0.009973117804494207
BCHUSDT,gate_no_range,reused_2026,-0.04814689396957512,0.19315194770218322,-0.001973150225837291
BCHUSDT,gate_no_range,year2024,0.020462286434815263,0.31795246932546267,0.017714524075756598
BCHUSDT,gate_no_range,year2025,0.02102615689717499,-0.09479456641209616,0.0019928507961729115
BCHUSDT,adaptive14,all,0.003739470874248675,0.1440579555069781,0.0013579079578702352
BCHUSDT,adaptive14,development_2024_25,0.02237210261676787,0.12891169894881346,0.010755947700717519
BCHUSDT,adaptive14,reused_2026,-0.04728142678311933,0.16309362884691989,-0.0019376817535514334
BCHUSDT,adaptive14,year2024,0.02184396678283304,0.28330964177082,0.018910666543409508
BCHUSDT,adaptive14,year2025,0.022901685398192942,-0.025500977415429175,0.002170612642276171
BCHUSDT,adaptive42,all,0.0053384240670010736,0.14266836740215655,0.0019385332221696237
BCHUSDT,adaptive42,development_2024_25,0.024425099165339113,0.13286459462672556,0.011742977122334578
BCHUSDT,adaptive42,reused_2026,-0.04692576009489102,0.1465281687776982,-0.001923105864052851
BCHUSDT,adaptive42,year2024,0.02315782781844817,0.3011627971682659,0.02004809676274232
BCHUSDT,adaptive42,year2025,0.02569584248852291,-0.03491503689226071,0.002435441741066184
BCHUSDT,adaptive126,all,0.007268055537298706,0.13356355621684946,0.002639237149914603
BCHUSDT,adaptive126,development_2024_25,0.026289748116641302,0.12473189488505464,0.012639453727326194
BCHUSDT,adaptive126,reused_2026,-0.04481818991486089,0.13483972475953504,-0.001836733676070751
BCHUSDT,adaptive126,year2024,0.025653978656186124,0.2853476966609481,0.0222090539095739
BCHUSDT,adaptive126,year2025,0.02692725941123472,-0.03583246966869719,0.0025521549477091317
BCHUSDT,filtered_moe,all,0.00295245702803479,0.05957537481117025,0.001072120903854842
BCHUSDT,filtered_moe,development_2024_25,0.017477779676999303,0.0745011239558509,0.008402879575099467
BCHUSDT,filtered_moe,reused_2026,-0.036821580829532456,0.0012125187616579885,-0.001509017602991996
BCHUSDT,filtered_moe,year2024,0.009839457908647776,0.21820514828847618,0.008518173888846176
BCHUSDT,filtered_moe,year2025,0.02513702835430521,-0.0636918182054241,0.0023824775594644553
BCHUSDT,kalman,all,-0.014055092172461857,0.23689556789792512,-0.005103802690646768
BCHUSDT,kalman,development_2024_25,-0.0012791900932714274,0.18548106425836347,-0.0006150026208171938
BCHUSDT,kalman,reused_2026,-0.049038770349036996,0.36229601020680224,-0.0020097009964989707
BCHUSDT,kalman,year2024,-0.0021987760230665486,0.32724017577913506,-0.0019035150798953403
BCHUSDT,kalman,year2025,-0.0003570847499700191,0.04404445597023734,-3.384435071796541e-05
BCHUSDT,trend_ensemble_long,all,0.11151406501868232,0.10853554086420394,0.04049392050252341
BCHUSDT,trend_ensemble_long,development_2024_25,0.12005920802870819,0.08387709083999638,0.05772146608957909
BCHUSDT,trend_ensemble_long,reused_2026,0.08811528415901416,0.16576604285357988,0.0036111299920602168
BCHUSDT,trend_ensemble_long,year2024,0.11803812224244013,0.20286753012654954,0.10218746399537847
BCHUSDT,trend_ensemble_long,year2025,0.1220858310363085,-0.03387695267408856,0.01157124655598988
BCHUSDT,regime_gate_long,all,0.1001018854126059,0.1117977649080272,0.03634983434037376
BCHUSDT,regime_gate_long,development_2024_25,0.10911385833642684,0.09178063003083217,0.05245921555940291
BCHUSDT,regime_gate_long,reused_2026,0.07542480519167338,0.15575697506552685,0.0030910503072478336
BCHUSDT,regime_gate_long,year2024,0.11147568650394506,0.12562492975111722,0.09650625988089671
BCHUSDT,regime_gate_long,year2025,0.10674555940680582,0.05601779889962091,0.010117301706255093
BCHUSDT,expanding_tree,all,0.16453515266182364,0.039568825876553644,0.05974738155803234
BCHUSDT,expanding_tree,development_2024_25,0.1807516117842039,0.11626005070929427,0.08690085668184587
BCHUSDT,expanding_tree,reused_2026,0.12013035184349385,-0.18996023258031164,0.004923167650642012
BCHUSDT,expanding_tree,year2024,0.18024355543854154,0.0916981616773639,0.15603968855032005
BCHUSDT,expanding_tree,year2025,0.18126106006505985,0.14128198469345865,0.017179851250626488
BCHUSDT,rolling_tree,all,0.12935302632471177,0.041652516525507534,0.04697175341851411
BCHUSDT,rolling_tree,development_2024_25,0.231607451647601,0.12316040342366144,0.11135107324024779
BCHUSDT,rolling_tree,reused_2026,-0.15064566851917283,-0.30467836549477517,-0.006173742693513126
BCHUSDT,rolling_tree,year2024,0.2776761461381537,0.14355259852668367,0.24038861892082783
BCHUSDT,rolling_tree,year2025,0.18541254155570427,0.06709901231345634,0.0175733270167585
BCHUSDT,action_tcn,all,0.12480897562864074,0.047449974230956996,0.04532167970256348
BCHUSDT,action_tcn,development_2024_25,0.15061300392446947,0.07130722592160017,0.07241096740032735
BCHUSDT,action_tcn,reused_2026,0.054150965261539244,-0.04895217234348541,0.0022192083543879824
BCHUSDT,action_tcn,year2024,0.18496603176409765,0.14857303001225214,0.16012801078316294
BCHUSDT,action_tcn,year2025,0.11616585820034916,-0.03272681583569934,0.011010153882841954
BCHUSDT,vol_long,all,0.575270701082275,0.015995050123809015,0.20889711116847787
BCHUSDT,vol_long,development_2024_25,0.5803320775182487,-0.008286153448428177,0.2790091562585914
BCHUSDT,vol_long,reused_2026,0.5614113615797431,0.07638793582350299,0.02300769299030375
BCHUSDT,vol_long,year2024,0.5917631422380526,0.033897939345076206,0.5122986848862375
BCHUSDT,vol_long,year2025,0.5688696948129108,-0.059422584500918814,0.053917243639462584
BCHUSDT,hold,all,0.9823704517600922,-0.013165666835335614,0.35672657947620057
BCHUSDT,hold,development_2024_25,1.0398631675689631,-0.06675476246320208,0.4999402174157423
BCHUSDT,hold,reused_2026,0.8249407333035865,0.06433843647535098,0.03380762205032261
BCHUSDT,hold,year2024,1.107122774923215,-0.10656792421597971,0.9584536465986973
BCHUSDT,hold,year2025,0.9724192873178505,-0.07882745016852284,0.09216551367052922
BNBUSDT,trend24,all,0.020373967709764202,0.17002365088848315,0.00739836565568614
BNBUSDT,trend24,development_2024_25,0.02526384325946822,0.010561257639085405,0.012146224316631675
BNBUSDT,trend24,reused_2026,0.00698424137231963,0.6007836423043769,0.0002862273410576197
BNBUSDT,trend24,year2024,0.02650695470766809,0.13424233957767415,0.022947488729561184
BNBUSDT,trend24,year2025,0.02401732602647876,-0.1144196617980618,0.0022763526177360213
BNBUSDT,trend72,all,0.03990867916757347,0.09609987094261582,0.014491973557790118
BNBUSDT,trend72,development_2024_25,0.04417887548660516,0.21373890733701367,0.021240098990708414
BNBUSDT,trend72,reused_2026,0.0282157926027082,-0.2311682637066209,0.001156336223503706
BNBUSDT,trend72,year2024,0.05374928032268191,0.4106482482588407,0.046531599651089287
BNBUSDT,trend72,year2025,0.03458225036330627,0.008891703368012373,0.0032776919485094
BNBUSDT,trend168,all,0.04995367436192139,-0.0058023461412513725,0.018139596274978378
BNBUSDT,trend168,development_2024_25,0.05244944873391344,-0.016215380884091097,0.025216383867764522
BNBUSDT,trend168,reused_2026,0.04311960762519148,0.019705623104863356,0.0017671225806887242
BNBUSDT,trend168,year2024,0.07533787467910108,0.05181391208200731,0.06522118625749353
BNBUSDT,trend168,year2025,0.029498314772437608,-0.10212491474830651,0.0027958385532598075
BNBUSDT,trend336,all,0.08048715814095703,0.14023939185877474,0.029227170426330634
BNBUSDT,trend336,development_2024_25,0.0826796310942294,0.1470051706723966,0.03975029988006678
BNBUSDT,trend336,reused_2026,0.0744836080407212,0.11907264391865403,0.003052478278652754
BNBUSDT,trend336,year2024,0.11196481525084762,0.2039945280675628,0.09692970635110192
BNBUSDT,trend336,year2025,0.05331421355636018,0.06722081557540045,0.005053099976981531
BNBUSDT,trend_ensemble,all,0.040904659525668706,0.0944142759993012,0.014853642280350151
BNBUSDT,trend_ensemble,development_2024_25,0.04485638932629251,0.07844354173734315,0.02156583070895682
BNBUSDT,trend_ensemble,reused_2026,0.030083815507853183,0.13338728669740668,0.0012328913138379908
BNBUSDT,trend_ensemble,year2024,0.055138806597342715,0.1971816021074184,0.04773453446117457
BNBUSDT,trend_ensemble,year2025,0.03454580104902026,-0.04856863380618881,0.003274237296984157
BNBUSDT,breakout,all,0.054339509846716504,0.20713123797637167,0.019732217559375875
BNBUSDT,breakout,development_2024_25,0.06535419944297642,0.21592603276541453,0.03142066542748909
BNBUSDT,breakout,reused_2026,0.024178480616689323,0.16978423363761388,0.0009908795886058714
BNBUSDT,breakout,year2024,0.07721596075506008,0.2756975333569843,0.0668470749926015
BNBUSDT,breakout,year2025,0.053459940154695296,0.14682105995794265,0.005066911886068671
BNBUSDT,range_only,all,-0.020491457522469045,-0.1080194069875746,-0.007441029539696908
BNBUSDT,range_only,development_2024_25,-0.024905469004517965,-0.09312158337362517,-0.011973926933164486
BNBUSDT,range_only,reused_2026,-0.008404768363569978,-0.1434978047153572,-0.0003444432075964831
BNBUSDT,range_only,year2024,-0.029933753604229608,-0.15675335454518308,-0.025914122578094896
BNBUSDT,range_only,year2025,-0.019863408282615333,-0.025428371609325803,-0.0018826459444919324
BNBUSDT,down_rebound,all,0.0923593352838747,0.15763127033368884,0.03353829474357835
BNBUSDT,down_rebound,development_2024_25,0.09517925379247279,0.20377966916804513,0.045759806019209946
BNBUSDT,down_rebound,reused_2026,0.08463767923348535,0.027869253705630738,0.0034686112046901285
BNBUSDT,down_rebound,year2024,0.11141192554562715,0.3257186216378012,0.09645106101371174
BNBUSDT,down_rebound,year2025,0.07890210896602212,0.06895799771368731,0.007478310536805009
BNBUSDT,selected_trend,all,0.030901624661166176,0.24417596228866928,0.011221256549283186
BNBUSDT,selected_trend,development_2024_25,0.046968339464285545,0.21068386840860837,0.0225812035426998
BNBUSDT,selected_trend,reused_2026,-0.013093138021200965,0.3165372628635256,-0.0005365814097951352
BNBUSDT,selected_trend,year2024,0.07807899937917122,0.4828433063507309,0.0675942211404099
BNBUSDT,selected_trend,year2025,0.01577244486470154,-0.08627125527738756,0.001494906057247054
BNBUSDT,selected_breakout,all,0.05197339927621309,0.11871442052630853,0.01887301568805952
BNBUSDT,selected_breakout,development_2024_25,0.059278628528927575,0.12642641466525387,0.028499682803596993
BNBUSDT,selected_breakout,reused_2026,0.03196981850367948,0.08879957649705157,0.0013101832620890257
BNBUSDT,selected_breakout,year2024,0.08009104007052772,0.1266885749989624,0.06933607649865539
BNBUSDT,selected_breakout,year2025,0.038409196681733974,0.11007453626195314,0.0036404083999696446
BNBUSDT,regime_gate,all,0.05552449437387947,0.10789747855113901,0.020162519057501858
BNBUSDT,regime_gate,development_2024_25,0.05969075483613306,0.1381631331918218,0.028697822830143698
BNBUSDT,regime_gate,reused_2026,0.04411621069200389,0.020005112678644386,0.0018079652478728975
BNBUSDT,regime_gate,year2024,0.07144210288420876,0.2363428557255051,0.061848555174739514
BNBUSDT,regime_gate,year2025,0.047907211313953035,0.03063006522539984,0.0045406264528665505
BNBUSDT,gate_no_range,all,0.05424921416122986,0.1341780265803845,0.019699428634416455
BNBUSDT,gate_no_range,development_2024_25,0.058951150061076645,0.15130348693490195,0.028342239342262442
BNBUSDT,gate_no_range,reused_2026,0.041374114516011785,0.08162176828048621,0.0016955889917358883
BNBUSDT,gate_no_range,year2024,0.069812373891973,0.27116476871761086,0.06043767308383111
BNBUSDT,gate_no_range,year2025,0.04806016945256142,0.022717567219859888,0.004555123764467406
BNBUSDT,adaptive14,all,0.05689141256546766,0.11220427827529054,0.02065888583037801
BNBUSDT,adaptive14,development_2024_25,0.06241194751369194,0.14222632204116056,0.030006104247620378
BNBUSDT,adaptive14,reused_2026,0.04177477995556491,0.023348074750677104,0.0017120090146565574
BNBUSDT,adaptive14,year2024,0.07554264205654883,0.2518736664199673,0.0653984566055205
BNBUSDT,adaptive14,year2025,0.0492452784652382,0.022127912594121748,0.004667447925797237
BNBUSDT,adaptive42,all,0.056575305255922415,0.11555771362111367,0.020544098298770703
BNBUSDT,adaptive42,development_2024_25,0.06224753787807949,0.1374587168136065,0.029927060204580087
BNBUSDT,adaptive42,reused_2026,0.041043285726794304,0.04875630601380401,0.0016820310060313391
BNBUSDT,adaptive42,year2024,0.07493194585501374,0.2482690628236358,0.06486976727260901
BNBUSDT,adaptive42,year2025,0.049528378098468745,0.016539120510490047,0.004694279996547911
BNBUSDT,adaptive126,all,0.057472415905562776,0.11301139788720303,0.020869864625398808
BNBUSDT,adaptive126,development_2024_25,0.06297113768276331,0.14169366779873668,0.030274948902783864
BNBUSDT,adaptive126,reused_2026,0.042415513321013655,0.02785010571744297,0.0017382674724822189
BNBUSDT,adaptive126,year2024,0.07528741777768962,0.2427653496995424,0.06517750492218972
BNBUSDT,adaptive126,year2025,0.050621114354700215,0.03082399751789833,0.004797849104725282
BNBUSDT,filtered_moe,all,0.04454201286480599,0.06364600680943798,0.01617446846429329
BNBUSDT,filtered_moe,development_2024_25,0.04223098393343637,0.08395177629738731,0.02030360142356201
BNBUSDT,filtered_moe,reused_2026,0.05087019946882481,0.010826724248444278,0.0020847564047169523
BNBUSDT,filtered_moe,year2024,0.03419586162700277,0.1958507758658824,0.029603896710785664
BNBUSDT,filtered_moe,year2025,0.050288120273586215,-0.0220422580554171,0.004766288058029294
BNBUSDT,kalman,all,0.030411681820763516,0.20993260456154536,0.01104334440495662
BNBUSDT,kalman,development_2024_25,0.03631927744043468,0.1844907139875172,0.01746140071717598
BNBUSDT,kalman,reused_2026,0.01423517837897939,0.27248467452088593,0.0005833843705695057
BNBUSDT,kalman,year2024,0.03962934806957711,0.2813138141308163,0.034307751615216785
BNBUSDT,kalman,year2025,0.03300013812463706,0.08484350053064986,0.0031277399791654233
BNBUSDT,trend_ensemble_long,all,0.14985604058833543,0.06342849446272553,0.05441697953877245
BNBUSDT,trend_ensemble_long,development_2024_25,0.14623417228622776,0.06637561043794513,0.07030573460670182
BNBUSDT,trend_ensemble_long,reused_2026,0.15977363969746242,0.05972023119416394,0.006547824112000054
BNBUSDT,trend_ensemble_long,year2024,0.15726046667356794,0.11963723672111806,0.13614286614196677
BNBUSDT,trend_ensemble_long,year2025,0.13517766887316884,0.004444203515331579,0.012812085744251581
BNBUSDT,regime_gate_long,all,0.13451399009427434,0.036948372104043406,0.04884584577238945
BNBUSDT,regime_gate_long,development_2024_25,0.13171182122425854,0.06490481906718913,0.06332375123259877
BNBUSDT,regime_gate_long,reused_2026,0.14218704310747204,-0.036228953565391527,0.005827092322838805
BNBUSDT,regime_gate_long,year2024,0.14382719591117607,0.09774712650581042,0.12451347178788973
BNBUSDT,regime_gate_long,year2025,0.11956325372997953,0.02260676263015398,0.011332157681217864
BNBUSDT,expanding_tree,all,0.21654937837033073,0.08527847835297772,0.07863522248184518
BNBUSDT,expanding_tree,development_2024_25,0.247728061576759,0.2020202351689934,0.11910145952587718
BNBUSDT,expanding_tree,reused_2026,0.13117419214064785,-0.2719376446551052,0.005375764987247163
BNBUSDT,expanding_tree,year2024,0.24546617621526257,0.13174044798627993,0.21250393997763609
BNBUSDT,expanding_tree,year2025,0.2499961438844513,0.27424111639744875,0.02369453518380355
BNBUSDT,rolling_tree,all,0.18879788583660811,-0.04900370301385877,0.06855786827277151
BNBUSDT,rolling_tree,development_2024_25,0.29612734659446543,-0.010263067770367772,0.14237062592118938
BNBUSDT,rolling_tree,reused_2026,-0.10509755033255824,-0.2843386341866013,-0.00430709518467954
BNBUSDT,rolling_tree,year2024,0.3087054996129035,0.1663841017989579,0.26725121958545284
BNBUSDT,rolling_tree,year2025,0.2835147328828262,-0.19711772227446198,0.026871413730780377
BNBUSDT,action_tcn,all,0.16496144534886775,-0.020904021287565105,0.05990218052601076
BNBUSDT,action_tcn,development_2024_25,0.1946201692832133,0.09977165055135372,0.09356851245381326
BNBUSDT,action_tcn,reused_2026,0.08374829524676719,-0.38706177204202813,0.003432162576968516
BNBUSDT,action_tcn,year2024,0.2957820427885487,0.04356350983769621,0.2560631791977707
BNBUSDT,action_tcn,year2025,0.09318113996005506,0.0779307695923564,0.008831671420783739
BNBUSDT,vol_long,all,0.6132387222556747,-0.051933313510181406,0.22268437675489688
BNBUSDT,vol_long,development_2024_25,0.5969040921276735,-0.04973701554783718,0.28697656663069043
BNBUSDT,vol_long,reused_2026,0.6579671054249663,-0.0382761021391198,0.02696472888745803
BNBUSDT,vol_long,year2024,0.6129466372235294,-0.0492033935774633,0.5306375705784261
BNBUSDT,vol_long,year2025,0.5808175948534727,-0.06267376206555858,0.05504966085792381
BNBUSDT,hold,all,0.7663090052774693,-0.07714492722432481,0.2782685389047106
BNBUSDT,hold,development_2024_25,0.7819414095447237,-0.09117657087665071,0.37593788345064666
BNBUSDT,hold,reused_2026,0.7235034956060608,-0.057548277145100635,0.029650533358419388
BNBUSDT,hold,year2024,0.8276056471329243,-0.04726996685752007,0.716471260827635
BNBUSDT,hold,year2025,0.7361520644562817,-0.1705041292113456,0.06977220016621966
BTCUSDT,trend24,all,0.016458833253629734,0.19956691233560647,0.005976669267909058
BTCUSDT,trend24,development_2024_25,0.023555456763420843,0.05598413994762342,0.011324874794020182
BTCUSDT,trend24,reused_2026,-0.002973531793315046,0.5841869410474233,-0.00012186092280888469
BTCUSDT,trend24,year2024,0.03818732804062779,0.28301132080900765,0.033059372134169
BTCUSDT,trend24,year2025,0.00888349816764621,-0.1829761767308339,0.0008419744265569015
BTCUSDT,trend72,all,0.029074228694835603,0.28214026081669613,0.010557677233303404
BTCUSDT,trend72,development_2024_25,0.038160454495258976,0.3691188905316573,0.018346592621070093
BTCUSDT,trend72,reused_2026,0.0041938251607903905,0.03302835981558261,0.00017187083902784722
BTCUSDT,trend72,year2024,0.07147019355543262,0.700933578953132,0.061872873711833816
BTCUSDT,trend72,year2025,0.004759455876016379,0.01064508288036324,0.00045109933680478924
BTCUSDT,trend168,all,0.04730715027897275,0.3239140354622133,0.017178568302363608
BTCUSDT,trend168,development_2024_25,0.058998960509197236,0.24966738239020816,0.02836522541059683
BTCUSDT,trend168,reused_2026,0.01529199206466673,0.513140260546358,0.0006266945821046386
BTCUSDT,trend168,year2024,0.1164949088983932,0.33515532541747395,0.10085147986553873
BTCUSDT,trend168,year2025,0.0013454889737295245,0.1194980793877851,0.00012752491031297383
BTCUSDT,trend336,all,0.07000292216499716,0.37351960078236945,0.025420046920707477
BTCUSDT,trend336,development_2024_25,0.08134735374538934,0.3174994541144669,0.03910977423379901
BTCUSDT,trend336,reused_2026,0.038938975287144746,0.513255339165631,0.0015957924083379949
BTCUSDT,trend336,year2024,0.15469407509715677,0.47915441755151494,0.13392110047990452
BTCUSDT,trend336,year2025,0.007799682472110248,0.0987010404905397,0.0007392508055777517
BTCUSDT,trend_ensemble,all,0.03689707816353516,0.2791289653638498,0.013398375798418544
BTCUSDT,trend_ensemble,development_2024_25,0.046006397554526055,0.2610300769955789,0.02211872591823429
BTCUSDT,trend_ensemble,reused_2026,0.01195343848887553,0.31771829634805976,0.0004898743804483274
BTCUSDT,trend_ensemble,year2024,0.08445169654880383,0.4664485387912973,0.07311116558347512
BTCUSDT,trend_ensemble,year2025,0.007455768973962596,0.025328751011539145,0.00070665482087404
BTCUSDT,breakout,all,0.05397105574689513,0.40283243410699415,0.019598421423215866
BTCUSDT,breakout,development_2024_25,0.06818711215235522,0.37575134784172415,0.03278265904358929
BTCUSDT,breakout,reused_2026,0.015043867737313152,0.45986744530195617,0.000616525980722734
BTCUSDT,breakout,year2024,0.10363283209663579,0.6047897503277033,0.0897165771314387
BTCUSDT,breakout,year2025,0.032644280646583486,0.11868418855290143,0.003094011948792054
BTCUSDT,range_only,all,-0.01821584471679487,-0.241914292664243,-0.006614689974081965
BTCUSDT,range_only,development_2024_25,-0.02386335783204629,-0.21294837226379082,-0.011472905931185098
BTCUSDT,range_only,reused_2026,-0.002751513501878217,-0.3144292634819758,-0.00011276219585537825
BTCUSDT,range_only,year2024,-0.045522883338190684,-0.36882953272545965,-0.03940987804374453
BTCUSDT,range_only,year2025,-0.0021444911601316377,-0.039896280278562166,-0.00020325402006432755
BTCUSDT,down_rebound,all,0.10671967529295341,0.41546581488068285,0.03875294158314444
BTCUSDT,down_rebound,development_2024_25,0.11566956433584706,0.41719780571587106,0.05561103513036244
BTCUSDT,down_rebound,reused_2026,0.08221259657147283,0.39994513757114625,0.003369226758307193
BTCUSDT,down_rebound,year2024,0.1667121587224413,0.44808738492713085,0.14432534501058086
BTCUSDT,down_rebound,year2025,0.06448712722490597,0.3467652055717971,0.006112064295036454
BTCUSDT,selected_trend,all,0.02705722702872457,0.4104516942216236,0.009825246708891313
BTCUSDT,selected_trend,development_2024_25,0.028199901536677202,0.40670394274656285,0.013557807743405755
BTCUSDT,selected_trend,reused_2026,0.02392829280560594,0.41933790980902164,0.0009806264217815926
BTCUSDT,selected_trend,year2024,0.07147019355543262,0.700933578953132,0.061872873711833816
BTCUSDT,selected_trend,year2025,-0.015188939227335075,0.07821817130366315,-0.0014396016247878167
BTCUSDT,selected_breakout,all,0.0649243291118286,0.3001057637554944,0.023575865710693998
BTCUSDT,selected_breakout,development_2024_25,0.07756226656967459,0.25789181242208925,0.03728999893587369
BTCUSDT,selected_breakout,reused_2026,0.030318433254102654,0.40047889346636256,0.0012425063901353348
BTCUSDT,selected_breakout,year2024,0.14493418547421177,0.4272515082817718,0.12547181011085654
BTCUSDT,selected_breakout,year2025,0.010005767065398973,0.035986368526576405,0.0009483426267631493
BTCUSDT,regime_gate,all,0.05437882971032399,0.24265020110962834,0.01974649571729994
BTCUSDT,regime_gate,development_2024_25,0.0646836553330533,0.2391747447148761,0.03109828458108838
BTCUSDT,regime_gate,reused_2026,0.02616158907895781,0.23975713869620172,0.0010721511014195036
BTCUSDT,regime_gate,year2024,0.10419867528816955,0.3577680478749132,0.0902064365062187
BTCUSDT,regime_gate,year2025,0.025060375049292916,0.08970950851952109,0.002375212389672844
BTCUSDT,gate_no_range,all,0.05479200739798741,0.28244139025821896,0.0198965322569495
BTCUSDT,gate_no_range,development_2024_25,0.06485221007643331,0.27853211622753504,0.031179321488327683
BTCUSDT,gate_no_range,reused_2026,0.027244606775128823,0.2810308221992935,0.0011165352025649688
BTCUSDT,gate_no_range,year2024,0.10472513044214864,0.4156990754592887,0.09066219703570193
BTCUSDT,gate_no_range,year2025,0.024870048833003717,0.11016566291958989,0.002357173346517246
BTCUSDT,adaptive14,all,0.05530594243953891,0.23414651273013484,0.020083156650137577
BTCUSDT,adaptive14,development_2024_25,0.06665740331161016,0.2283429507302123,0.03204721327122602
BTCUSDT,adaptive14,reused_2026,0.024222747568363942,0.23636797024316183,0.0009926937315025888
BTCUSDT,adaptive14,year2024,0.1067650116268429,0.3409184293799543,0.09242815434810016
BTCUSDT,adaptive14,year2025,0.026439911137979517,0.08445392679807863,0.0025059642720131558
BTCUSDT,adaptive42,all,0.05520140104329324,0.23835836354054285,0.02004519470347116
BTCUSDT,adaptive42,development_2024_25,0.0669423311606831,0.22023723432675557,0.03218419945869369
BTCUSDT,adaptive42,reused_2026,0.02305174005070889,0.2738394370119829,0.0009447036420613398
BTCUSDT,adaptive42,year2024,0.10491415829725984,0.32695304078629,0.09082584143101537
BTCUSDT,adaptive42,year2025,0.028866471620992463,0.08387499853787765,0.0027359527104226394
BTCUSDT,adaptive126,all,0.05639998575623806,0.23198315315802562,0.020480434814872314
BTCUSDT,adaptive126,development_2024_25,0.06754246004567782,0.2160785665976556,0.03247272642512442
BTCUSDT,adaptive126,reused_2026,0.02588904944689965,0.26211546739786584,0.0010609819149526674
BTCUSDT,adaptive126,year2024,0.10373903683199663,0.3309242941063131,0.08980852024578725
BTCUSDT,adaptive126,year2025,0.03124671455583482,0.07293649030801667,0.0029615511900203473
BTCUSDT,filtered_moe,all,0.03696421069913375,0.15881780768975026,0.013422753526548235
BTCUSDT,filtered_moe,development_2024_25,0.04068286815612377,0.1258013378387203,0.019559306056216887
BTCUSDT,filtered_moe,reused_2026,0.026781578199456382,0.2447470707020233,0.0010975594210901652
BTCUSDT,filtered_moe,year2024,0.053889022857696076,0.15974367213977145,0.04665257696751976
BTCUSDT,filtered_moe,year2025,0.027440532208793743,0.08155701510686716,0.0026008027395177636
BTCUSDT,kalman,all,0.02872813276832794,0.33241379512705593,0.010431999984142945
BTCUSDT,kalman,development_2024_25,0.03748357452027753,0.2433934001825019,0.018021165649127514
BTCUSDT,kalman,reused_2026,0.00475350032003644,0.5656304611955353,0.0001948073791826432
BTCUSDT,kalman,year2024,0.06224499794386317,0.40288889530298966,0.05388647638105154
BTCUSDT,kalman,year2025,0.012654311580462886,0.06431915427116335,0.0011993706235272025
BTCUSDT,trend_ensemble_long,all,0.18088033232516276,0.1786216455747893,0.06568277998311736
BTCUSDT,trend_ensemble_long,development_2024_25,0.18130948743507286,0.1862440520488886,0.08716906934951676
BTCUSDT,trend_ensemble_long,reused_2026,0.17970519618527478,0.15723273588633452,0.007364656766045562
BTCUSDT,trend_ensemble_long,year2024,0.21748919877082196,0.31406259538165837,0.188283829381236
BTCUSDT,trend_ensemble_long,year2025,0.14503065360251347,0.030106655782240643,0.013745947721910092
BTCUSDT,regime_gate_long,all,0.16448245790138719,0.16005583071298082,0.05972824659564301
BTCUSDT,regime_gate_long,development_2024_25,0.16517844288718161,0.1856464524168572,0.07941366636003552
BTCUSDT,regime_gate_long,reused_2026,0.16257667351075547,0.08914403115152905,0.006662697707069837
BTCUSDT,regime_gate_long,year2024,0.20261349386609076,0.29977734888526525,0.1754056970416185
BTCUSDT,regime_gate_long,year2025,0.1276408301247686,0.04226376521206746,0.012097747162368637
BTCUSDT,expanding_tree,all,0.24283987922461522,0.009192065507547422,0.08818204916587437
BTCUSDT,expanding_tree,development_2024_25,0.2751461045303649,0.15589946976177224,0.13228336920673028
BTCUSDT,expanding_tree,reused_2026,0.15437719516591797,-0.43143550274454623,0.006326667670364089
BTCUSDT,expanding_tree,year2024,0.326370971940518,0.14243360070653696,0.2825444975802668
BTCUSDT,expanding_tree,year2025,0.22378089501771828,0.12980293380523064,0.021209864312591743
BTCUSDT,rolling_tree,all,0.18282851813115308,-0.049320567955603765,0.06639022151651228
BTCUSDT,rolling_tree,development_2024_25,0.28560262794220204,0.09543376196944041,0.1373106042805026
BTCUSDT,rolling_tree,reused_2026,-0.09859320537829624,-0.5694621791698224,-0.0040405349009873925
BTCUSDT,rolling_tree,year2024,0.34999551011112673,0.02910628251906969,0.3029966328553273
BTCUSDT,rolling_tree,year2025,0.22103332691801988,0.11216415102258595,0.020949450899822107
BTCUSDT,action_tcn,all,0.24255967073479226,0.0002688477755950072,0.08808029751410629
BTCUSDT,action_tcn,development_2024_25,0.2608155754176822,0.20228827082166748,0.125393609030854
BTCUSDT,action_tcn,reused_2026,0.1925703478447312,-0.5748968146880606,0.007891894866146653
BTCUSDT,action_tcn,year2024,0.3755404305445575,0.21709107008001555,0.32511127334151313
BTCUSDT,action_tcn,year2025,0.14577640561922647,0.09875705918432814,0.013816629801736754
BTCUSDT,vol_long,all,0.7088811663945449,0.015305549309012774,0.2574148614608181
BTCUSDT,vol_long,development_2024_25,0.6997555012885753,0.02698584712348361,0.33642495316949594
BTCUSDT,vol_long,reused_2026,0.7338695648055216,-0.0056883591984849685,0.030075354361304565
BTCUSDT,vol_long,year2024,0.7658869241977353,0.04524350793250163,0.6630403890214351
BTCUSDT,vol_long,year2025,0.6334428963988424,-0.042444620195285006,0.06003746602823623
BTCUSDT,hold,all,0.8180129541339606,0.011089788499146607,0.2970437095014469
BTCUSDT,hold,development_2024_25,0.8078795168684562,0.011157986446730897,0.3884082770747383
BTCUSDT,hold,reused_2026,0.8457608897334626,0.0231063963805484,0.034660871200465876
BTCUSDT,hold,year2024,0.8943927217527984,0.007255425359170611,0.7742898846198493
BTCUSDT,hold,year2025,0.7211292895049788,-0.05180764839707203,0.0683483475254904
DOGEUSDT,trend24,all,-0.012952590179302849,0.1597144587924731,-0.004703452940528924
DOGEUSDT,trend24,development_2024_25,-0.0071013062687727444,0.010343556412374943,-0.0034141305420461203
DOGEUSDT,trend24,reused_2026,-0.02897489780008327,0.561683583395211,-0.0011874457815279763
DOGEUSDT,trend24,year2024,0.0038714959189078773,0.07002830440190246,0.003351615074061305
DOGEUSDT,trend24,year2025,-0.01810417092820043,-0.05798721775511424,-0.0017159061270565405
DOGEUSDT,trend72,all,-0.025181359762383053,0.10397125186824578,-0.009144066088816228
DOGEUSDT,trend72,development_2024_25,-0.01596268607994876,0.1504825996877923,-0.007674460446565987
DOGEUSDT,trend72,reused_2026,-0.05042443937602862,-0.034490413234068304,-0.0020664883181333014
DOGEUSDT,trend72,year2024,0.01470682023187041,0.2766707180414116,0.012731926214854817
DOGEUSDT,trend72,year2025,-0.04671621843645784,0.0002397500664903561,-0.004427744621167127
DOGEUSDT,trend168,all,-0.04114558667779421,0.19815240701909612,-0.014941129764045009
DOGEUSDT,trend168,development_2024_25,-0.02496326020041327,0.15052505009888162,-0.012001711495539323
DOGEUSDT,trend168,reused_2026,-0.08545692360914603,0.30908043558667736,-0.003502185379295707
DOGEUSDT,trend168,year2024,0.018278239251314297,0.06410075023454737,0.015823759984560568
DOGEUSDT,trend168,year2025,-0.06832322951365241,0.20375836026860158,-0.00647564854572547
DOGEUSDT,trend336,all,-0.052983050792747496,0.23522378389375703,-0.019239648796079988
DOGEUSDT,trend336,development_2024_25,-0.03735945738668502,0.1834091850166544,-0.017961493233863184
DOGEUSDT,trend336,reused_2026,-0.09576443407914675,0.35829041191809735,-0.003924606535363517
DOGEUSDT,trend336,year2024,0.023499018174272572,0.29357589469243944,0.02034347063466622
DOGEUSDT,trend336,year2025,-0.09838466849712468,0.02589410631809121,-0.00932485978795515
DOGEUSDT,trend_ensemble,all,-0.028414957814393377,0.1600561222124233,-0.0103182772740446
DOGEUSDT,trend_ensemble,development_2024_25,-0.018780506432127572,0.11833130933040385,-0.009029198034589415
DOGEUSDT,trend_ensemble,reused_2026,-0.054796542807443366,0.2627068614565378,-0.0022456653358352415
DOGEUSDT,trend_ensemble,year2024,0.011356022374005436,0.15011099441283107,0.00983108766412721
DOGEUSDT,trend_ensemble,year2025,-0.04899960107060615,0.0631675635886463,-0.004644162719951563
DOGEUSDT,breakout,all,-0.02732626342105937,0.3317791291986663,-0.009922941455125038
DOGEUSDT,breakout,development_2024_25,-0.007911861693841121,0.3225026025026813,-0.003803825328893467
DOGEUSDT,breakout,reused_2026,-0.08048784667411338,0.333800526394345,-0.0032985432651697504
DOGEUSDT,breakout,year2024,0.017613041694589226,0.2941033373285028,0.015247887968924448
DOGEUSDT,breakout,year2025,-0.03350669632443155,0.33124769014538236,-0.003175751364065913
DOGEUSDT,range_only,all,0.016213732742059995,-0.20733143039407967,0.005887666319007768
DOGEUSDT,range_only,development_2024_25,0.010714775600435853,-0.16362799372509615,0.0051513962704978055
DOGEUSDT,range_only,reused_2026,0.03127127981442677,-0.3203803801846941,0.0012815558334261083
DOGEUSDT,range_only,year2024,-0.003930943357446014,-0.16698134629279607,-0.003403079659144726
DOGEUSDT,range_only,year2025,0.02540061981573658,-0.14894360542303542,0.002407460653443387
DOGEUSDT,down_rebound,all,0.02895181275864368,0.16788843618749405,0.010513224534107411
DOGEUSDT,down_rebound,development_2024_25,0.04294172707003015,0.09083458467173297,0.020645308957127358
DOGEUSDT,down_rebound,reused_2026,-0.009356140523542104,0.3620339585450216,-0.00038343222718911866
DOGEUSDT,down_rebound,year2024,0.07456582587262535,0.09576081167749075,0.06455281142980546
DOGEUSDT,down_rebound,year2025,0.0112309869008525,0.0614479046348197,0.0010644684759381102
DOGEUSDT,selected_trend,all,-0.025947192328493372,0.09643703643364031,-0.00942216161914345
DOGEUSDT,selected_trend,development_2024_25,-0.01153453455616594,0.07014991042527596,-0.005545515884825833
DOGEUSDT,selected_trend,reused_2026,-0.06541272502050406,0.1510612216695395,-0.0026807364402032102
DOGEUSDT,selected_trend,year2024,0.008091237622274233,0.28217834480168597,0.007004712015885652
DOGEUSDT,selected_trend,year2025,-0.03121407597345115,-0.15763109402475933,-0.0029584577181506503
DOGEUSDT,selected_breakout,all,-0.020863657169023813,0.30217432777041525,-0.007576185790131604
DOGEUSDT,selected_breakout,development_2024_25,0.0027480791063778844,0.3184933836371485,0.0013212077403704212
DOGEUSDT,selected_breakout,reused_2026,-0.08551861287616401,0.22905378601129497,-0.0035047135214272677
DOGEUSDT,selected_breakout,year2024,0.04650316359886188,0.37972239831971855,0.04025852212533177
DOGEUSDT,selected_breakout,year2025,-0.04112688232992113,0.22327182357703101,-0.0038979895658585533
DOGEUSDT,regime_gate,all,-0.00242751082993029,0.1923128476998716,-0.0008814980473516355
DOGEUSDT,regime_gate,development_2024_25,0.008695424922661139,0.18542932117505465,0.004180542942510915
DOGEUSDT,regime_gate,reused_2026,-0.03288494564239541,0.19776672847973412,-0.0013476868925738547
DOGEUSDT,regime_gate,year2024,0.032300568849020196,0.20047798906801312,0.02796311186237031
DOGEUSDT,regime_gate,year2025,-0.014974390630893427,0.15209150714864164,-0.0014192667940658998
DOGEUSDT,gate_no_range,all,-0.0045505128604499245,0.18076285778180604,-0.001652420311158943
DOGEUSDT,gate_no_range,development_2024_25,0.006735767274556691,0.14636073211891487,0.0032383885310375555
DOGEUSDT,gate_no_range,reused_2026,-0.035455226250266696,0.2613729711255457,-0.0014530218237345488
DOGEUSDT,gate_no_range,year2024,0.03271547468361382,0.1742707891125947,0.028322302386825843
DOGEUSDT,gate_no_range,year2025,-0.019315117415073205,0.09829063999317744,-0.0018306791539243956
DOGEUSDT,adaptive14,all,-0.0036438851239566743,0.1840372132667933,-0.0013231980603084356
DOGEUSDT,adaptive14,development_2024_25,0.007754060053968162,0.17733972359414432,0.003727958245024073
DOGEUSDT,adaptive14,reused_2026,-0.034854365879616635,0.18865049327264513,-0.001428397436192664
DOGEUSDT,adaptive14,year2024,0.03071897798135003,0.2024360039215868,0.02659390370508098
DOGEUSDT,adaptive14,year2025,-0.015273775456776382,0.13442169506225257,-0.0014476423689054035
DOGEUSDT,adaptive42,all,-0.0014339626391710115,0.19042455299222755,-0.000520712513748391
DOGEUSDT,adaptive42,development_2024_25,0.009680711983261285,0.1815027853021969,0.004654244331939815
DOGEUSDT,adaptive42,reused_2026,-0.031868776370395015,0.20146960649830487,-0.0013060423655187237
DOGEUSDT,adaptive42,year2024,0.03206136429454086,0.23211827195792997,0.027756028707081014
DOGEUSDT,adaptive42,year2025,-0.012761257183665633,0.11344730036245541,-0.0012095068853049513
DOGEUSDT,adaptive126,all,3.918939555406859e-05,0.1888933887151718,1.4230781272681018e-05
DOGEUSDT,adaptive126,development_2024_25,0.010831719708124892,0.1871105175385353,0.00520762007421251
DOGEUSDT,adaptive126,reused_2026,-0.02951351105766001,0.18077827026279786,-0.001209519165358262
DOGEUSDT,adaptive126,year2024,0.03339732900100578,0.22357063565919272,0.02891259442286378
DOGEUSDT,adaptive126,year2025,-0.011795713171859776,0.13310620228117578,-0.0011179930075156243
DOGEUSDT,filtered_moe,all,0.005924204579877214,0.15678084056998545,0.0021512467441487555
DOGEUSDT,filtered_moe,development_2024_25,0.016623013129679644,0.12828188626698267,0.00799192918582303
DOGEUSDT,filtered_moe,reused_2026,-0.023371861784682455,0.22193403712263504,-0.0009578228325138852
DOGEUSDT,filtered_moe,year2024,0.026883774787223983,0.18007897579498403,0.02327370781523306
DOGEUSDT,filtered_moe,year2025,0.006334139796361218,0.06841082232132562,0.0006003472530895536
DOGEUSDT,kalman,all,-0.017898080817116805,0.36227366854366905,-0.00649930088760234
DOGEUSDT,kalman,development_2024_25,-0.008202716020747071,0.2902089968656595,-0.0039436608187585565
DOGEUSDT,kalman,reused_2026,-0.04444646227294803,0.5479293229160378,-0.0018214995784973163
DOGEUSDT,kalman,year2024,0.00933934203543548,0.35947613456749017,0.008085215690117527
DOGEUSDT,kalman,year2025,-0.025792834509960262,0.20719122763645664,-0.0024446346063191687
DOGEUSDT,trend_ensemble_long,all,0.12926916177331133,0.12819150239860017,0.04694129982078345
DOGEUSDT,trend_ensemble_long,development_2024_25,0.1315135403144365,0.10880184294700586,0.06322842272760175
DOGEUSDT,trend_ensemble_long,reused_2026,0.12312348093586796,0.17858250682230417,0.005045831707607143
DOGEUSDT,trend_ensemble_long,year2024,0.13831871432071075,0.05591149241497026,0.11974469240118671
DOGEUSDT,trend_ensemble_long,year2025,0.12468972199581624,0.1565763702015119,0.01181804230650098
DOGEUSDT,regime_gate_long,all,0.11626500169279237,0.08829931169350702,0.04221912038615875
DOGEUSDT,regime_gate_long,development_2024_25,0.11892302194624917,0.06702023514149805,0.05717521622247662
DOGEUSDT,regime_gate_long,reused_2026,0.10898666435446773,0.14336588746307907,0.004466478388411995
DOGEUSDT,regime_gate_long,year2024,0.12404475608282998,0.03342565377268712,0.10738750164116177
DOGEUSDT,regime_gate_long,year2025,0.11378725566134895,0.09674750847848915,0.01078471087931037
DOGEUSDT,expanding_tree,all,0.1403011615301043,0.1392669406523592,0.0509473318945007
DOGEUSDT,expanding_tree,development_2024_25,0.16673841369552378,0.23440152421971558,0.0801636613299584
DOGEUSDT,expanding_tree,reused_2026,0.06790922271472748,-0.15307328851936897,0.0027830476088587003
DOGEUSDT,expanding_tree,year2024,0.15965855134508722,0.2232672192463984,0.13821892586210893
DOGEUSDT,expanding_tree,year2025,0.17383767292911215,0.2510394098492138,0.016476265567492886
DOGEUSDT,rolling_tree,all,0.09607813052343668,-0.07763702118644998,0.034888694791955714
DOGEUSDT,rolling_tree,development_2024_25,0.1674318352291654,0.05568388758136367,0.080497041069814
DOGEUSDT,rolling_tree,reused_2026,-0.09930651054996815,-0.5286324921860591,-0.004069767487859242
DOGEUSDT,rolling_tree,year2024,0.26331612474016486,0.19964197714803555,0.22795692192580186
DOGEUSDT,rolling_tree,year2025,0.07128484903457417,-0.16279179683704775,0.006756349667147386
DOGEUSDT,action_tcn,all,0.08386057879376042,-0.02555810016696935,0.030452155164473808
DOGEUSDT,action_tcn,development_2024_25,0.09213778996057154,0.04522545626471703,0.044297546236571776
DOGEUSDT,action_tcn,reused_2026,0.06119546365242527,-0.22934949163071128,0.002507905141343144
DOGEUSDT,action_tcn,year2024,0.15051820738873806,0.1512345294951773,0.13030598594743972
DOGEUSDT,action_tcn,year2025,0.033597426183286774,-0.10620493652199849,0.003184350704037574
DOGEUSDT,vol_long,all,0.6895184560647623,-0.0161765007351199,0.25038371204772614
DOGEUSDT,vol_long,development_2024_25,0.6574785295324278,0.024627156472918223,0.316099241950336
DOGEUSDT,vol_long,reused_2026,0.7772519461667252,-0.08932273486721191,0.03185324590368133
DOGEUSDT,vol_long,year2024,0.6263995649764409,0.0057930565685581975,0.5422839822992048
DOGEUSDT,vol_long,year2025,0.6886426419365133,0.06753839805511377,0.06526927597720837
DOGEUSDT,hold,all,1.320685538820509,-0.05547857334402963,0.4795783851020976
DOGEUSDT,hold,development_2024_25,1.4078823456238942,-0.04719304212669784,0.6768746388166649
DOGEUSDT,hold,reused_2026,1.081918443681038,-0.18317459735129707,0.04433905171195013
DOGEUSDT,hold,year2024,1.3786035298092016,-0.044005840978155214,1.1934788176054876
DOGEUSDT,hold,year2025,1.4372413773723265,-0.02775503589313233,0.13622116667330297
ETHUSDT,trend24,all,0.011238483091160939,0.14478613142344568,0.0040810120300625915
ETHUSDT,trend24,development_2024_25,0.018354236577688747,-0.059339074100630385,0.008824258144080416
ETHUSDT,trend24,reused_2026,-0.008246264710874933,0.695163744838507,-0.00033794742993928064
ETHUSDT,trend24,year2024,0.027833163475146385,0.20557403520369535,0.024095608575103063
ETHUSDT,trend24,year2025,0.008849340017498345,-0.332305641279366,0.0008387369306582995
ETHUSDT,trend72,all,0.02401164311419363,0.1387569371923285,0.008719308790673386
ETHUSDT,trend72,development_2024_25,0.0329314115367646,0.21188881947215313,0.01583259947747453
ETHUSDT,trend72,reused_2026,-0.0004129576670745205,-0.07223857903000395,-1.6923781512556865e-05
ETHUSDT,trend72,year2024,0.05025069197439524,0.5697946467476191,0.04350281654201121
ETHUSDT,trend72,year2025,0.0155646810157432,-0.1603862123967899,0.0014752142821957508
ETHUSDT,trend168,all,0.02402471824722061,0.23696240047618541,0.008724056742398272
ETHUSDT,trend168,development_2024_25,0.02490312168356196,0.18172914703058082,0.011972798399925029
ETHUSDT,trend168,reused_2026,0.0216194256161651,0.38714730358535665,0.00088600470393719
ETHUSDT,trend168,year2024,0.04548380264520667,0.32980854139930305,0.03937604527148969
ETHUSDT,trend168,year2025,0.004266055294625072,0.017334194804908165,0.0004043350257484995
ETHUSDT,trend336,all,0.031278234871251684,0.3930332086397028,0.01135801440045726
ETHUSDT,trend336,development_2024_25,0.022321071772513724,0.24397837458413216,0.010731413346422646
ETHUSDT,trend336,reused_2026,0.055805231812762354,0.8119701628515794,0.0022870033074996747
ETHUSDT,trend336,year2024,0.042223756750080284,0.3659144351488468,0.036553772126147056
ETHUSDT,trend336,year2025,0.0023638588908990524,0.10632250539244817,0.00022404560642280393
ETHUSDT,trend_ensemble,all,0.021479155602331643,0.15321228933495398,0.007799690732074303
ETHUSDT,trend_ensemble,development_2024_25,0.02502243909411785,0.09191207870932333,0.012030163228332452
ETHUSDT,trend_ensemble,reused_2026,0.01177674174562848,0.31680084474782627,0.00048263301573925706
ETHUSDT,trend_ensemble,year2024,0.043805363648643875,0.3460393937042984,0.03792299416163365
ETHUSDT,trend_ensemble,year2025,0.006188054472319154,-0.1774315838167382,0.0005865013441224462
ETHUSDT,breakout,all,0.030771402974450707,0.31278504502941357,0.011173969360634138
ETHUSDT,breakout,development_2024_25,0.0433555282713085,0.3070804123787258,0.02084425423087682
ETHUSDT,breakout,reused_2026,-0.0036871414625827075,0.31325115322707975,-0.0001511059885646308
ETHUSDT,breakout,year2024,0.06023982028572431,0.5090022934925956,0.05215056245889894
ETHUSDT,breakout,year2025,0.026424977922606625,0.09155294701925439,0.0025045489077936828
ETHUSDT,range_only,all,-0.012374924861194885,-0.17803437810952313,-0.0044936862759865645
ETHUSDT,range_only,development_2024_25,-0.01911448843161774,-0.13105776301649982,-0.009189768231366758
ETHUSDT,range_only,reused_2026,0.006079719009493197,-0.2985521053853614,0.00024915831422457667
ETHUSDT,range_only,year2024,-0.029066316767517475,-0.2861177869319452,-0.02516316882827393
ETHUSDT,range_only,year2025,-0.00913539481260596,0.03212032707965473,-0.000865849090477476
ETHUSDT,down_rebound,all,0.1004646053867089,0.3074962035557669,0.03648154825281649
ETHUSDT,down_rebound,development_2024_25,0.10511791829396291,0.28175632127591826,0.05053806747385231
ETHUSDT,down_rebound,reused_2026,0.08772264789570465,0.37237474049337593,0.0035950390198759953
ETHUSDT,down_rebound,year2024,0.12746464109861108,0.5581041283405076,0.11034815003406559
ETHUSDT,down_rebound,year2025,0.08270997159121983,-0.012623699637955644,0.007839218243403634
ETHUSDT,selected_trend,all,0.04591735897823165,0.08079155984535047,0.016673895654676696
ETHUSDT,selected_trend,development_2024_25,0.03365925660590518,0.09307149466361583,0.016182529192709863
ETHUSDT,selected_trend,reused_2026,0.07948316950111217,0.061927979154026314,0.0032573697059355123
ETHUSDT,selected_trend,year2024,0.018611369094274653,0.4229546050402062,0.016112155743376343
ETHUSDT,selected_trend,year2025,0.04874837120660865,-0.22608266086372347,0.0046203512532656515
ETHUSDT,selected_breakout,all,0.03660527153273254,0.1888299755759394,0.013292412532638116
ETHUSDT,selected_breakout,development_2024_25,0.023881016667426754,0.20164396371370155,0.011481395857816558
ETHUSDT,selected_breakout,reused_2026,0.07144752646591887,0.1690653921678845,0.0029280539482116823
ETHUSDT,selected_breakout,year2024,0.052151805965796404,0.3997469096834455,0.04514864090668895
ETHUSDT,selected_breakout,year2025,-0.004467226848198716,-0.018856416286144158,-0.00042340198566262634
ETHUSDT,regime_gate,all,0.04884656958163949,0.23556718587636186,0.017737575122281735
ETHUSDT,regime_gate,development_2024_25,0.05407304327863312,0.1952881170473769,0.02599696753972955
ETHUSDT,regime_gate,reused_2026,0.03453515167309319,0.3395674856674823,0.0014153154379210784
ETHUSDT,regime_gate,year2024,0.07637401432615683,0.35817792132537946,0.06611818869082793
ETHUSDT,regime_gate,year2025,0.031710973680294276,0.014712311082421105,0.003005553485367714
ETHUSDT,gate_no_range,all,0.04724107373479621,0.24048892753546092,0.017154574034676226
ETHUSDT,gate_no_range,development_2024_25,0.05227530840640929,0.20000146492398535,0.025132661551301665
ETHUSDT,gate_no_range,reused_2026,0.03345605530514431,0.3452913695212271,0.00137109204017783
ETHUSDT,gate_no_range,year2024,0.07478187123104485,0.3678615938435431,0.06473984530382385
ETHUSDT,gate_no_range,year2025,0.029707083765815826,0.014282784611345427,0.002815625595499842
ETHUSDT,adaptive14,all,0.04989258243103581,0.21946708933906045,0.01811741206178328
ETHUSDT,adaptive14,development_2024_25,0.05793821376991524,0.19555720865456314,0.027855244893929945
ETHUSDT,adaptive14,reused_2026,0.0278615919192049,0.27524936235471936,0.0011418204136346853
ETHUSDT,adaptive14,year2024,0.08072335534520068,0.38096035373679854,0.06988348180413508
ETHUSDT,adaptive14,year2025,0.03509064714921803,-0.007967905714510429,0.003325877593871541
ETHUSDT,adaptive42,all,0.050233230287677455,0.2119476671622658,0.018241110962221453
ETHUSDT,adaptive42,development_2024_25,0.05851129850932443,0.18506993917364753,0.028130769711188056
ETHUSDT,adaptive42,reused_2026,0.027565768311623974,0.27557674722429976,0.0011296970060795653
ETHUSDT,adaptive42,year2024,0.07883050915296944,0.3433752371078409,0.06824481500358956
ETHUSDT,adaptive42,year2025,0.03813641879542289,0.01062319639897312,0.003614554620290751
ETHUSDT,adaptive126,all,0.0499464940902875,0.19960473042719198,0.018136988914654095
ETHUSDT,adaptive126,development_2024_25,0.05725777512107732,0.17041486111569332,0.027528107000553657
ETHUSDT,adaptive126,reused_2026,0.029926342005977123,0.27072931178978915,0.0012264377536979228
ETHUSDT,adaptive126,year2024,0.07643155163792376,0.3382877963299736,0.06616799964904105
ETHUSDT,adaptive126,year2025,0.038031467709664174,-0.012740255714091552,0.003604607398083845
ETHUSDT,filtered_moe,all,0.028750458069635807,0.14795600790848334,0.01044010693438464
ETHUSDT,filtered_moe,development_2024_25,0.024525241773834167,0.12273826473337807,0.011791123185225372
ETHUSDT,filtered_moe,reused_2026,0.040320177859481894,0.2220969032915032,0.001652396686264132
ETHUSDT,filtered_moe,year2024,0.018902737093816995,0.1851882396152187,0.016364397615722337
ETHUSDT,filtered_moe,year2025,0.03016315057626234,0.06446366183910385,0.0028588514265801995
ETHUSDT,kalman,all,0.015394902137293142,0.24397041503758052,0.005590325697365942
ETHUSDT,kalman,development_2024_25,0.023610693812344773,0.13981551260484243,0.011351431386377417
ETHUSDT,kalman,reused_2026,-0.007102030771573076,0.519279104511316,-0.0002910545720703833
ETHUSDT,kalman,year2024,0.0350363660818314,0.36199084800904985,0.030331534672861572
ETHUSDT,kalman,year2025,0.012153718331160938,-0.09180111912576548,0.0011519245942642796
ETHUSDT,trend_ensemble_long,all,0.1932367984362748,0.10201067344610265,0.07016976336330057
ETHUSDT,trend_ensemble_long,development_2024_25,0.1904877638661886,0.10459628302976764,0.09158175522741085
ETHUSDT,trend_ensemble_long,reused_2026,0.2007643561852357,0.09824118311994474,0.008227700731791816
ETHUSDT,trend_ensemble_long,year2024,0.20254464027797683,0.14064829500249068,0.17534608940450366
ETHUSDT,trend_ensemble_long,year2025,0.17839785491628585,0.05912495034101575,0.01690847780429273
ETHUSDT,regime_gate_long,all,0.17669058453455902,0.12414042413611821,0.06416136370320767
ETHUSDT,regime_gate_long,development_2024_25,0.17635734978584872,0.15432566531352812,0.08478820535679187
ETHUSDT,regime_gate_long,reused_2026,0.17760306626257102,0.04188683873180298,0.007278507530035793
ETHUSDT,regime_gate_long,year2024,0.19383757063634374,0.1664174024889418,0.1678082418972199
ETHUSDT,regime_gate_long,year2025,0.15882923791932496,0.12868774469179436,0.015053772060722644
ETHUSDT,expanding_tree,all,0.2745250520425819,0.14500100196693613,0.09968783427903029
ETHUSDT,expanding_tree,development_2024_25,0.2943788635447991,0.26751469190498417,0.14152999897789498
ETHUSDT,expanding_tree,reused_2026,0.22016025276134277,-0.21438199104380334,0.009022581035672822
ETHUSDT,expanding_tree,year2024,0.30248368148481014,0.3382499238869808,0.2618648935081499
ETHUSDT,expanding_tree,year2025,0.28625184062413045,0.1903202488570261,0.027130835714937743
ETHUSDT,rolling_tree,all,0.15216769688217052,-0.15092157870846704,0.05525640751744073
ETHUSDT,rolling_tree,development_2024_25,0.23610839313953347,-0.02012988591405304,0.11351501339913703
ETHUSDT,rolling_tree,reused_2026,-0.0776833371648367,-0.6101494939430441,-0.0031836091933044094
ETHUSDT,rolling_tree,year2024,0.293063021170183,0.09004487807659901,0.25370927930127185
ETHUSDT,rolling_tree,year2025,0.17899772503208755,-0.1746351782108702,0.01696533325551579
ETHUSDT,action_tcn,all,0.21200094997474675,-0.04142002230209206,0.07698355909901235
ETHUSDT,action_tcn,development_2024_25,0.2391589441110275,0.05682581918750091,0.11498164205133937
ETHUSDT,action_tcn,reused_2026,0.13763543582976315,-0.3431476339978011,0.005640558900067874
ETHUSDT,action_tcn,year2024,0.34762450896359914,0.04009838814363408,0.30094401976903695
ETHUSDT,action_tcn,year2025,0.130396213327353,-0.010250044110622435,0.012358901287484556
ETHUSDT,vol_long,all,0.8405152543480758,0.015554564410485265,0.3052149330672064
ETHUSDT,vol_long,development_2024_25,0.814042649585018,0.021144115608030933,0.3913713572244885
ETHUSDT,vol_long,reused_2026,0.9130039975918846,0.032128998483444325,0.037416620170289135
ETHUSDT,vol_long,year2024,0.811629883370176,-0.025553091951121733,0.702640790185689
ETHUSDT,vol_long,year2025,0.816462026118257,0.06983444559626104,0.07738394642215038
ETHUSDT,hold,all,1.1819870458660393,-0.011089788499147112,0.42921302763282093
ETHUSDT,hold,development_2024_25,1.192120483131543,-0.011157986446732297,0.57314172874867
ETHUSDT,hold,reused_2026,1.1542391102665392,-0.023106396380545628,0.047302888583671474
ETHUSDT,hold,year2024,1.1056072782472006,-0.007255425359170587,0.9571416572254906
ETHUSDT,hold,year2025,1.278870710495021,0.05180764839706968,0.12121085779373413
LINKUSDT,trend24,all,-0.0027428591095718905,0.10861227543520735,-0.0009960099536683422
LINKUSDT,trend24,development_2024_25,-0.004627957478086182,-0.07746336153807026,-0.0022250062700021277
LINKUSDT,trend24,reused_2026,0.0024190209867625385,0.6204049843678385,9.91360275358957e-05
LINKUSDT,trend24,year2024,-0.001257814848932486,0.00159299712558095,-0.0010889101516215693
LINKUSDT,trend24,year2025,-0.008007333374717011,-0.15934159607005266,-0.0007589318756187305
LINKUSDT,trend72,all,-0.0037818471491711785,0.1287373009222012,-0.0013732959854487964
LINKUSDT,trend72,development_2024_25,-0.009599991266235798,0.22848145624826857,-0.004615435828976852
LINKUSDT,trend72,reused_2026,0.012149715265341322,-0.1373810428784378,0.0004979181717270508
LINKUSDT,trend72,year2024,0.0012879279488633227,0.41915414092520337,0.001114979537143065
LINKUSDT,trend72,year2025,-0.020517740396992723,0.02886949297348759,-0.0019446632823000457
LINKUSDT,trend168,all,-0.00810813450538453,0.2269116635383018,-0.0029442936550631697
LINKUSDT,trend168,development_2024_25,-0.020915788254572746,0.11989883943421924,-0.010055788158992803
LINKUSDT,trend168,reused_2026,0.026962487841385892,0.5353638863245898,0.0011049734383070376
LINKUSDT,trend168,year2024,0.005353795338046315,-0.0032509554331013723,0.004634865058438964
LINKUSDT,trend168,year2025,-0.047257343309089386,0.22307837347998688,-0.004479032221584378
LINKUSDT,trend336,all,-0.00384067772452781,0.21587711553570577,-0.0013946590362999157
LINKUSDT,trend336,development_2024_25,-0.02365356640946957,0.11014193748031408,-0.011372043459384924
LINKUSDT,trend336,reused_2026,0.05041206444631942,0.5292669819816289,0.002065981170250286
LINKUSDT,trend336,year2024,0.021401500073873262,0.05003308622201425,0.018527616135354776
LINKUSDT,trend336,year2025,-0.06883207143112294,0.13558572697363655,-0.006523876380479882
LINKUSDT,trend_ensemble,all,-0.0012585043785266026,0.13825470483454677,-0.0004569986418089599
LINKUSDT,trend_ensemble,development_2024_25,-0.008418664792623253,0.07001614849965163,-0.004047483590186107
LINKUSDT,trend_ensemble,reused_2026,0.018347840916449455,0.3337320110295187,0.0007519290127167141
LINKUSDT,trend_ensemble,year2024,0.0071030113195998746,0.12607680954208095,0.006149188920419859
LINKUSDT,trend_ensemble,year2025,-0.023982866044879883,0.0018028909295615245,-0.002273086514372422
LINKUSDT,breakout,all,0.0032786066368067053,0.27616878510308446,0.0011905550791969964
LINKUSDT,breakout,development_2024_25,0.00597521730276987,0.22995759234116436,0.00287273511613725
LINKUSDT,breakout,reused_2026,-0.0041054010928105395,0.3994593804702778,-0.00016824705449432884
LINKUSDT,breakout,year2024,0.020370688236602832,0.20072036508172456,0.017635226070975993
LINKUSDT,breakout,year2025,-0.00845969327745715,0.24814652694115583,-0.0008018063674595817
LINKUSDT,range_only,all,0.001868793780989369,-0.15490987948425528,0.0006786120368790753
LINKUSDT,range_only,development_2024_25,0.004259855325769091,-0.09207291506429374,0.002048031956650074
LINKUSDT,range_only,reused_2026,-0.0046785425295484,-0.3298529870841315,-0.0001917354680158875
LINKUSDT,range_only,year2024,-0.0043291885681573765,-0.15484238585583074,-0.003747846818751974
LINKUSDT,range_only,year2025,0.012872430846802212,-0.02249172714884163,0.00122004388092325
LINKUSDT,down_rebound,all,0.0617090314248751,0.2551633815935545,0.022408299907172892
LINKUSDT,down_rebound,development_2024_25,0.0527172263943457,0.24581354955783832,0.02534512467323853
LINKUSDT,down_rebound,reused_2026,0.08633088681048576,0.2915941289028429,0.0035380020342431
LINKUSDT,down_rebound,year2024,0.06584982224805142,0.3040395412455571,0.05700722963259264
LINKUSDT,down_rebound,year2025,0.03954865082597231,0.1772759034150574,0.003748405411009402
LINKUSDT,selected_trend,all,0.002852893612251497,0.1877542639216005,0.0010359666031124835
LINKUSDT,selected_trend,development_2024_25,-0.009568841130635483,0.04785234246539586,-0.00460045962244291
LINKUSDT,selected_trend,reused_2026,0.036866771297472206,0.585800474046547,0.0015108695933213694
LINKUSDT,selected_trend,year2024,0.002660703869896663,0.23131539735350146,0.002303413301924522
LINKUSDT,selected_trend,year2025,-0.02183189173390882,-0.14556738017255577,-0.002069218023847552
LINKUSDT,selected_breakout,all,0.004990671810090738,0.28511428425758717,0.0018122545124522348
LINKUSDT,selected_breakout,development_2024_25,0.0020286083578709294,0.26730582448896156,0.0009753041891621037
LINKUSDT,selected_breakout,reused_2026,0.01310155696784701,0.33744550037290816,0.0005369264340554011
LINKUSDT,selected_breakout,year2024,0.02563433535574493,0.20022625086346058,0.02219204839458899
LINKUSDT,selected_breakout,year2025,-0.02164179186465478,0.31632081011942403,-0.0020512004337740093
LINKUSDT,regime_gate,all,0.024271927229719742,0.24663318173837734,0.008813825336908323
LINKUSDT,regime_gate,development_2024_25,0.01609332950386712,0.19180729406034047,0.007737270539080732
LINKUSDT,regime_gate,reused_2026,0.04666701361997387,0.4066096496258597,0.0019125019470953002
LINKUSDT,regime_gate,year2024,0.02615194630936014,0.22715823697119614,0.022640152360335997
LINKUSDT,regime_gate,year2025,0.006007154844112473,0.14858370240647578,0.0005693557492397453
LINKUSDT,gate_no_range,all,0.021812059681498012,0.2501545345954805,0.00792057764723133
LINKUSDT,gate_no_range,development_2024_25,0.014821164356954582,0.19542984824061432,0.0071256453368696866
LINKUSDT,gate_no_range,reused_2026,0.04095491399299948,0.4084235781476888,0.0016784093662511057
LINKUSDT,gate_no_range,year2024,0.026467901856396074,0.20931482470101243,0.02291368006031551
LINKUSDT,gate_no_range,year2025,0.0031425179876516064,0.1725033398663682,0.0002978466062203036
LINKUSDT,adaptive14,all,0.024083543137777032,0.25372965764654587,0.008745417728937166
LINKUSDT,adaptive14,development_2024_25,0.017511785586029657,0.20626060999276066,0.00841922876611255
LINKUSDT,adaptive14,reused_2026,0.04207869133316584,0.3916261587467341,0.0017244638742312318
LINKUSDT,adaptive14,year2024,0.02987040279133004,0.21359305771564793,0.02585927878026697
LINKUSDT,adaptive14,year2025,0.005119309155509274,0.18935426507736686,0.00048520608765088423
LINKUSDT,adaptive42,all,0.02371436608286489,0.24117796460059052,0.008611359067274501
LINKUSDT,adaptive42,development_2024_25,0.01762907008999271,0.18278921798341952,0.008475616223846886
LINKUSDT,adaptive42,reused_2026,0.040377458466031656,0.40838955736650395,0.0016547441532018994
LINKUSDT,adaptive42,year2024,0.028958673479886697,0.19976399830143746,0.025069980336538
LINKUSDT,adaptive42,year2025,0.00626842669081135,0.1570096005267869,0.0005941189910560079
LINKUSDT,adaptive126,all,0.02590240906505824,0.2327019446886817,0.00940589954575314
LINKUSDT,adaptive126,development_2024_25,0.01873397413117379,0.17768094587799227,0.009006826467462873
LINKUSDT,adaptive126,reused_2026,0.04553141210549351,0.39199617218230365,0.0018659628622236149
LINKUSDT,adaptive126,year2024,0.030711806686107537,0.18839253259502864,0.02658769540169161
LINKUSDT,adaptive126,year2025,0.006723325596637495,0.15768056898846286,0.0006372341286005024
LINKUSDT,filtered_moe,all,0.01771637116720789,0.11130799147875466,0.006433316958878011
LINKUSDT,filtered_moe,development_2024_25,0.009471047733751146,0.08447873200397987,0.004553443001771098
LINKUSDT,filtered_moe,reused_2026,0.04029416956217669,0.19470290674919616,0.0016513308173477731
LINKUSDT,filtered_moe,year2024,0.016884744844328586,0.1270353446289813,0.014617389899740506
LINKUSDT,filtered_moe,year2025,0.002037039124240626,0.03607437980748122,0.0001930697587976111
LINKUSDT,kalman,all,-0.0008617483275000825,0.2550404818484859,-0.00031292526428056117
LINKUSDT,kalman,development_2024_25,-0.0034152079699934805,0.1605746927797425,-0.0016419466217176915
LINKUSDT,kalman,reused_2026,0.006130275391542238,0.5167869482125356,0.00025123020980148805
LINKUSDT,kalman,year2024,0.0031743743077795464,0.2550286229828814,0.002748105901056488
LINKUSDT,kalman,year2025,-0.010022843897842595,0.0607679191621429,-0.0009499611621568407
LINKUSDT,trend_ensemble_long,all,0.1544780209992884,0.09677278769499782,0.05609535174495105
LINKUSDT,trend_ensemble_long,development_2024_25,0.14141826191729168,0.06926214022873396,0.06799036528505406
LINKUSDT,trend_ensemble_long,reused_2026,0.19023897204260826,0.1878313769374024,0.0077963507030407745
LINKUSDT,trend_ensemble_long,year2024,0.1448053430986205,0.03651899857201785,0.12536026923434404
LINKUSDT,trend_ensemble_long,year2025,0.13802190106149345,0.09947661169865808,0.013081660940932667
LINKUSDT,regime_gate_long,all,0.14618148243677154,0.09814206227902642,0.05308264323198998
LINKUSDT,regime_gate_long,development_2024_25,0.1346048876197146,0.08399585888660009,0.06471466523729791
LINKUSDT,regime_gate_long,reused_2026,0.1778811514660282,0.1508192713651254,0.007289903984443637
LINKUSDT,regime_gate_long,year2024,0.13558510970701773,0.04237288223716204,0.11737816777564568
LINKUSDT,regime_gate_long,year2025,0.1336219799924462,0.12497511204857951,0.012664638170274712
LINKUSDT,expanding_tree,all,0.16263180227287172,0.09729554140130756,0.05905622103648061
LINKUSDT,expanding_tree,development_2024_25,0.18611018465724238,0.15983829259653484,0.08947712457048354
LINKUSDT,expanding_tree,reused_2026,0.09834200352909166,-0.10223667323936085,0.004030240176974624
LINKUSDT,expanding_tree,year2024,0.17978047457025928,0.11484806996863452,0.15563879213943554
LINKUSDT,expanding_tree,year2025,0.19245723641569676,0.20984494787077732,0.0182410203964468
LINKUSDT,rolling_tree,all,0.006696410621390147,-0.08558912661046911,0.0024316566642010313
LINKUSDT,rolling_tree,development_2024_25,0.10422699043280365,0.06397039214301654,0.05010973162880935
LINKUSDT,rolling_tree,reused_2026,-0.2603671904729502,-0.6125739668237214,-0.010670336927797801
LINKUSDT,rolling_tree,year2024,0.18882274335922242,0.04992336330230993,0.16346682683496278
LINKUSDT,rolling_tree,year2025,0.019399468320285128,0.012659301133570722,0.0018386738992043601
LINKUSDT,action_tcn,all,0.09254862430617122,0.17684650289916606,0.03360703095743255
LINKUSDT,action_tcn,development_2024_25,0.10916636394761035,0.11920787014446735,0.05248445894477254
LINKUSDT,action_tcn,reused_2026,0.04704501508666003,0.31466360475975186,0.0019279931578020581
LINKUSDT,action_tcn,year2024,0.18327563879709285,0.17723607000440117,0.15866461093257012
LINKUSDT,action_tcn,year2025,0.034854049988951225,0.0037306383370040892,0.0033034530090310602
LINKUSDT,vol_long,all,0.721479000035415,-0.031490437993079635,0.26198949223830736
LINKUSDT,vol_long,development_2024_25,0.6750125312371497,0.023401342937568688,0.3245291516709775
LINKUSDT,vol_long,reused_2026,0.8487160421138865,-0.12584015732786616,0.03478197890038316
LINKUSDT,vol_long,year2024,0.6478990513525639,0.005002028689423654,0.5608964267217516
LINKUSDT,vol_long,year2025,0.7022002946282687,0.06281109639823748,0.06655426491232998
LINKUSDT,hold,all,1.2954266613352199,-0.07503056688807062,0.47040617012902747
LINKUSDT,hold,development_2024_25,1.3462958127965343,-0.08036556751781028,0.6472653733172692
LINKUSDT,hold,reused_2026,1.1561339512934994,-0.12168195052277288,0.047380542731052924
LINKUSDT,hold,year2024,1.2339437496548487,0.03782144556482521,1.0682445645076577
LINKUSDT,hold,year2025,1.458955689809841,-0.11202280673466247,0.13827924057815727
LTCUSDT,trend24,all,0.004688752142784295,0.15985147803453068,0.0017026189162249142
LTCUSDT,trend24,development_2024_25,0.011788563692074388,-0.03321045707929487,0.005667646743381875
LTCUSDT,trend24,reused_2026,-0.01475234256936576,0.6799542338898504,-0.0006045787313043987
LTCUSDT,trend24,year2024,0.01911373433892629,-0.12984924787850438,0.01654706125843469
LTCUSDT,trend24,year2025,0.00444332408454617,0.05803038665232174,0.00042113649122117145
LTCUSDT,trend72,all,0.0009823053831453273,0.16345347191493806,0.000356702951216276
LTCUSDT,trend72,development_2024_25,0.013084496475834803,0.2300163878896669,0.006290698831267661
LTCUSDT,trend72,reused_2026,-0.03215658029348089,-0.03338702182621176,-0.001317837111327095
LTCUSDT,trend72,year2024,0.02331851166956408,0.46727108485427005,0.020187203306785955
LTCUSDT,trend72,year2025,0.00282244288431448,-0.015799710217689344,0.0002675100151047764
LTCUSDT,trend168,all,-0.01009357001504188,0.2199858333368796,-0.0036652616125802994
LTCUSDT,trend168,development_2024_25,0.001909549710282033,0.11904642343668706,0.0009180637675208885
LTCUSDT,trend168,reused_2026,-0.04296117302129796,0.48192873480806914,-0.0017606296327812125
LTCUSDT,trend168,year2024,0.007517425464329141,0.033141378202971326,0.006507953781205416
LTCUSDT,trend168,year2025,-0.003713690086926847,0.2008516660162299,-0.0003519820708398676
LTCUSDT,trend336,all,-0.009037122990711183,0.15736402638696173,-0.00328163572815749
LTCUSDT,trend336,development_2024_25,-0.0029473719288739585,0.07079631037007567,-0.001417022747686253
LTCUSDT,trend336,reused_2026,-0.025712414488896367,0.3870748319884872,-0.0010537430823190364
LTCUSDT,trend336,year2024,0.008199417699147388,0.12406330058147808,0.007098365214534369
LTCUSDT,trend336,year2025,-0.01412470070656111,0.008766376179903498,-0.0013387335206538067
LTCUSDT,trend_ensemble,all,-0.0006878102752628824,0.13761179814339827,-0.0002497634231399218
LTCUSDT,trend_ensemble,development_2024_25,0.009465458878232122,0.06633722457084365,0.004550756019742665
LTCUSDT,trend_ensemble,reused_2026,-0.02849005064188007,0.32055252387530114,-0.001167575833524482
LTCUSDT,trend_ensemble,year2024,0.016696208617054144,0.13173675540957566,0.01445417111439876
LTCUSDT,trend_ensemble,year2025,0.002214898866153055,-0.004831202018180344,0.0002099272344652123
LTCUSDT,breakout,all,0.015386348272411504,0.28299227950270595,0.005587219546366529
LTCUSDT,breakout,development_2024_25,0.03018886079602224,0.22727024408906304,0.014514049637108627
LTCUSDT,breakout,reused_2026,-0.02514670615465681,0.4177472648621527,-0.0010305592913112886
LTCUSDT,breakout,year2024,0.04182054703460152,0.14983700551364185,0.03620470711646785
LTCUSDT,breakout,year2025,0.0185253069239126,0.29592377299310096,0.0017558212293958004
LTCUSDT,range_only,all,0.0001083430444833335,-0.13345820232808536,3.934243298882931e-05
LTCUSDT,range_only,development_2024_25,-0.007196738138529436,-0.0864108675255803,-0.0034600117995062627
LTCUSDT,range_only,reused_2026,0.02011151836441092,-0.25348854472222837,0.000824207830057421
LTCUSDT,range_only,year2024,-0.011551861612577426,-0.09587151875166472,-0.01000062878152447
LTCUSDT,range_only,year2025,-0.0028296828193470625,-0.07355757581273242,-0.000268196213270446
LTCUSDT,down_rebound,all,0.04853668038602879,0.23573515301148068,0.01762504556424304
LTCUSDT,down_rebound,development_2024_25,0.05446570211689179,0.20768541793945064,0.026185748093836673
LTCUSDT,down_rebound,reused_2026,0.032301506787424036,0.3054023635627125,0.0013237764714950516
LTCUSDT,down_rebound,year2024,0.06390513575027792,0.1442429548578977,0.05532368386196976
LTCUSDT,down_rebound,year2025,0.04500040702149637,0.26400455765602715,0.004265120697018253
LTCUSDT,selected_trend,all,-0.0005716130634600646,0.26655125100774574,-0.00020756891918591482
LTCUSDT,selected_trend,development_2024_25,0.013308533341594767,0.21627444236300306,0.006398410156055738
LTCUSDT,selected_trend,reused_2026,-0.03857899382361021,0.3875065906680941,-0.0015810396912360513
LTCUSDT,selected_trend,year2024,0.022488084141731788,0.3822343205761755,0.019468289099333215
LTCUSDT,selected_trend,year2025,0.004103833087210788,0.04276364320786142,0.0003889596693872085
LTCUSDT,selected_breakout,all,0.010738028316343032,0.17424840675748868,0.003899282704141333
LTCUSDT,selected_breakout,development_2024_25,0.029188863768849316,0.18279609749982367,0.01403327606345787
LTCUSDT,selected_breakout,reused_2026,-0.03978506473481512,0.12862294067942054,-0.001630466744460369
LTCUSDT,selected_breakout,year2024,0.04203647324359038,0.1392013979641211,0.036391637840945054
LTCUSDT,selected_breakout,year2025,0.01630605536404049,0.2165784116204304,0.001545481448349397
LTCUSDT,regime_gate,all,0.020725306473852026,0.12078800106408544,0.007525946727903745
LTCUSDT,regime_gate,development_2024_25,0.02911942243878396,0.08554987562513336,0.013999890407793505
LTCUSDT,regime_gate,reused_2026,-0.0022599238193844154,0.20717022920642264,-9.261592653123713e-05
LTCUSDT,regime_gate,year2024,0.03725688219196264,0.05345123417125375,0.03225387048899005
LTCUSDT,regime_gate,year2025,0.02095966827532259,0.11144580895370085,0.0019865490310123557
LTCUSDT,gate_no_range,all,0.019440130822183477,0.1659932423133291,0.007059262990191141
LTCUSDT,gate_no_range,development_2024_25,0.028943828478329436,0.11238214203900015,0.013915469220944705
LTCUSDT,gate_no_range,reused_2026,-0.0065834171221625,0.3013491300715472,-0.00026980080977985173
LTCUSDT,gate_no_range,year2024,0.03715529006556153,0.06437731826168508,0.03216592058296303
LTCUSDT,gate_no_range,year2025,0.02070986973606383,0.15417062927906014,0.001962873224716459
LTCUSDT,adaptive14,all,0.018719925223630852,0.1345253907801424,0.00679773590615581
LTCUSDT,adaptive14,development_2024_25,0.028177142406720923,0.09088718742953296,0.01354686572263476
LTCUSDT,adaptive14,reused_2026,-0.0071763473314077255,0.2426289181787866,-0.0002941002043995187
LTCUSDT,adaptive14,year2024,0.03670950409076154,0.0675442863616234,0.03177999663412255
LTCUSDT,adaptive14,year2025,0.01962140438929937,0.1076981137672398,0.0018597089116413664
LTCUSDT,adaptive42,all,0.01847351672491772,0.1459833977114399,0.006708257990017034
LTCUSDT,adaptive42,development_2024_25,0.027948456156946574,0.10494775611997557,0.01343691909023363
LTCUSDT,adaptive42,reused_2026,-0.00747128386748345,0.24693910497585633,-0.0003061872580967568
LTCUSDT,adaptive42,year2024,0.034450829819219,0.09222584951471365,0.0298246266958709
LTCUSDT,adaptive42,year2025,0.02142826777231176,0.11267786821427847,0.002030962705143484
LTCUSDT,adaptive126,all,0.0187604653743561,0.1365901303690376,0.006812457184950135
LTCUSDT,adaptive126,development_2024_25,0.028168069481897227,0.10036144633479618,0.013542503687176228
LTCUSDT,adaptive126,reused_2026,-0.006999953926830342,0.22446425153018323,-0.00028687127107937527
LTCUSDT,adaptive126,year2024,0.03282959717889905,0.08369234666512915,0.028421100030811317
LTCUSDT,adaptive126,year2025,0.023493770476136492,0.11347262860586449,0.0022267302307043464
LTCUSDT,filtered_moe,all,0.01593798849645262,0.11356403326346894,0.005787535760958586
LTCUSDT,filtered_moe,development_2024_25,0.020108464663028233,0.09032440633484458,0.009667647156917302
LTCUSDT,filtered_moe,reused_2026,0.0045181611409972474,0.17217769714176184,0.000185162737213361
LTCUSDT,filtered_moe,year2024,0.012157906009361386,0.07844111638054016,0.010525290973699659
LTCUSDT,filtered_moe,year2025,0.028080805669170882,0.10838641927528996,0.0026614876036858037
LTCUSDT,kalman,all,0.007511167887721464,0.23058207031709266,0.0027275181411021403
LTCUSDT,kalman,development_2024_25,0.015324693893913008,0.0908024955164663,0.007367729751467004
LTCUSDT,kalman,reused_2026,-0.013884259028561418,0.6039246329815213,-0.0005690030358988736
LTCUSDT,kalman,year2024,0.025147470872403377,0.0649578354005011,0.021770562133058086
LTCUSDT,kalman,year2025,0.005475005197673354,0.1091244816583576,0.0005189188171947925
LTCUSDT,trend_ensemble_long,all,0.1251641338118665,0.12958940393323934,0.04545064771422152
LTCUSDT,trend_ensemble_long,development_2024_25,0.12338927779402487,0.10624722966625333,0.059322480390695397
LTCUSDT,trend_ensemble_long,reused_2026,0.13002414223656034,0.19564362839697755,0.005328633780207964
LTCUSDT,trend_ensemble_long,year2024,0.12691888502191734,0.08872480794421335,0.10987568039139492
LTCUSDT,trend_ensemble_long,year2025,0.11985000040934365,0.12108910107778201,0.01135933541755196
LTCUSDT,regime_gate_long,all,0.11231029877436763,0.09137250222409235,0.040783055567223496
LTCUSDT,regime_gate_long,development_2024_25,0.11207536078192956,0.07203735010351339,0.053883031906262494
LTCUSDT,regime_gate_long,reused_2026,0.11295361891473499,0.14460000761649258,0.004629051643738161
LTCUSDT,regime_gate_long,year2024,0.11395721079803857,0.011642201176738892,0.09865455459822121
LTCUSDT,regime_gate_long,year2025,0.11018835501235175,0.13114320419424247,0.010443608505786994
LTCUSDT,expanding_tree,all,0.1685141105231264,-0.05539535624537704,0.06119225403480458
LTCUSDT,expanding_tree,development_2024_25,0.1909703638356936,0.011762041423755403,0.09181377722915482
LTCUSDT,expanding_tree,reused_2026,0.10702316185515712,-0.2663327348055976,0.004386010364817471
LTCUSDT,expanding_tree,year2024,0.22583965838404974,-0.13629837170993048,0.19551295396286014
LTCUSDT,expanding_tree,year2025,0.15600553697350633,0.13327244987981493,0.014786142807048382
LTCUSDT,rolling_tree,all,0.14669451224859326,-0.023060709973023293,0.05326893891058311
LTCUSDT,rolling_tree,development_2024_25,0.2365367705954632,0.12835517229445623,0.11372096657175895
LTCUSDT,rolling_tree,reused_2026,-0.09931650389585597,-0.5458699648398319,-0.004070177033960136
LTCUSDT,rolling_tree,year2024,0.32143569826035395,0.09916050689869138,0.27827195332152915
LTCUSDT,rolling_tree,year2025,0.15140524312875084,0.09199884949129848,0.014350128784324996
LTCUSDT,action_tcn,all,0.10865799681410525,0.09080490841349607,0.03945680111487887
LTCUSDT,action_tcn,development_2024_25,0.10382996759385255,0.17034047627560317,0.04991885297225662
LTCUSDT,action_tcn,reused_2026,0.12187837212862265,-0.12116953048467362,0.004994804808016059
LTCUSDT,action_tcn,year2024,0.202436594058307,0.03179647518423669,0.1752525520881469
LTCUSDT,action_tcn,year2025,0.004953185988399627,0.2330363628316082,0.00046946099987967547
LTCUSDT,vol_long,all,0.6196711274984118,0.040720471377692656,0.2250201655766547
LTCUSDT,vol_long,development_2024_25,0.5955910610785102,0.10484334520820562,0.2863452941242058
LTCUSDT,vol_long,reused_2026,0.6856084905810955,-0.10586551182103984,0.028097524813976926
LTCUSDT,vol_long,year2024,0.587281066785866,0.04355859631164057,0.5084184814808143
LTCUSDT,vol_long,year2025,0.6039238224788055,0.17272002467139913,0.0572396599312154
LTCUSDT,hold,all,0.9720509052565062,-0.09622940093340131,0.35297925939000074
LTCUSDT,hold,development_2024_25,1.0182865026183883,-0.10637777023272764,0.48956669626130483
LTCUSDT,hold,reused_2026,0.8454460480508152,-0.12412052315707107,0.0346479683964426
LTCUSDT,hold,year2024,0.9250803889660373,-0.07319738459461171,0.8008566820991767
LTCUSDT,hold,year2025,1.1117479754862252,-0.06759623126402342,0.10537103137421278
SOLUSDT,trend24,all,0.0008050572988431508,0.21885352788652662,0.0002923391435319769
SOLUSDT,trend24,development_2024_25,0.0032908718228730417,-0.01909460964783593,0.0015821689102238324
SOLUSDT,trend24,reused_2026,-0.006001736834070924,0.8674226319660534,-0.0002459624580776989
SOLUSDT,trend24,year2024,0.009879146716207626,0.016802876237872022,0.008552533115479852
SOLUSDT,trend24,year2025,-0.00331545313866246,-0.06018349966208966,-0.00031423733111899234
SOLUSDT,trend72,all,0.0057530757517784865,0.2253485519142986,0.002089105011986459
SOLUSDT,trend72,development_2024_25,0.006629894534415039,0.2717187027523761,0.0031874875640876825
SOLUSDT,trend72,reused_2026,0.0033521223067065815,0.09731933016130079,0.00013737627375697318
SOLUSDT,trend72,year2024,0.02576689466813436,0.41190303882954543,0.02230680708190718
SOLUSDT,trend72,year2025,-0.012559535736656935,0.11635647415669148,-0.001190387806709545
SOLUSDT,trend168,all,0.007507168790417365,0.29539678615021875,0.0027260659554223616
SOLUSDT,trend168,development_2024_25,0.011776058826688356,0.1861240067680739,0.005661634716689495
SOLUSDT,trend168,reused_2026,-0.004182140839103179,0.5894726463362355,-0.00017139199355984164
SOLUSDT,trend168,year2024,0.046643860959966955,0.16997709752331386,0.04038032604976764
SOLUSDT,trend168,year2025,-0.023187271531612937,0.17536065818420954,-0.0021976803825268136
SOLUSDT,trend336,all,0.023799524316388897,0.24987677404300582,0.008642282437684133
SOLUSDT,trend336,development_2024_25,0.027169135704268255,0.1612197602511743,0.01306224129732806
SOLUSDT,trend336,reused_2026,0.01457266897239711,0.4885843807912406,0.0005972153695336536
SOLUSDT,trend336,year2024,0.06893652865239877,0.22995378435291725,0.059679440047044154
SOLUSDT,trend336,year2025,-0.014712688457418757,0.06000921071555386,-0.0013944627660488135
SOLUSDT,trend_ensemble,all,0.007402775553157321,0.1854419387340188,0.00268815780948668
SOLUSDT,trend_ensemble,development_2024_25,0.009879991879955871,0.09592004413857595,0.004750053124853399
SOLUSDT,trend_ensemble,reused_2026,0.000619525477091496,0.42759249048837755,2.538931869224021e-05
SOLUSDT,trend_ensemble,year2024,0.03132498346248879,0.17038470663799973,0.02711853220736838
SOLUSDT,trend_ensemble,year2025,-0.011623753104173025,0.0046733541038109,-0.001101694700626954
SOLUSDT,breakout,all,0.018281195984566304,0.43601034522863624,0.0066384208733316005
SOLUSDT,breakout,development_2024_25,0.025106973247521702,0.35192214803420485,0.012070805136181329
SOLUSDT,breakout,reused_2026,-0.0004095229636605769,0.6580452248013027,-1.678302090978175e-05
SOLUSDT,breakout,year2024,0.050743241427115386,0.45525752539714465,0.04392922437119038
SOLUSDT,breakout,year2025,-0.0005995312832489463,0.2284855859459639,-5.682333680834259e-05
SOLUSDT,range_only,all,-0.0031637630659439504,-0.20217279549510606,-0.0011488521206691805
SOLUSDT,range_only,development_2024_25,-0.006038284928555835,-0.13497673370420843,-0.002903056454108132
SOLUSDT,range_only,reused_2026,0.004707410893422821,-0.3827110617518214,0.00019291854783686958
SOLUSDT,range_only,year2024,-0.019914924611782854,-0.21967244685707393,-0.017240664313156455
SOLUSDT,range_only,year2025,0.007876372945584124,-0.039321664477428145,0.0007465194981813833
SOLUSDT,down_rebound,all,0.07094799221961573,0.2581495685707317,0.02576322866782277
SOLUSDT,down_rebound,development_2024_25,0.07080842122852615,0.1194750110273121,0.034042918922317845
SOLUSDT,down_rebound,reused_2026,0.07133017318850529,0.6380439543521638,0.0029232445902917783
SOLUSDT,down_rebound,year2024,0.09761269751487954,0.023595237646087487,0.08450485168093537
SOLUSDT,down_rebound,year2025,0.04393070856878548,0.19489646790959433,0.004163735102704712
SOLUSDT,selected_trend,all,0.0035960782917821123,0.3173801514622821,0.0013058380433345243
SOLUSDT,selected_trend,development_2024_25,0.004506578956382573,0.2534585323693091,0.002166650510876657
SOLUSDT,selected_trend,reused_2026,0.0011028952638828648,0.49131736194663256,4.519872123797891e-05
SOLUSDT,selected_trend,year2024,0.048993843866197394,0.22038025712847334,0.04241474331309002
SOLUSDT,selected_trend,year2025,-0.04010256887099337,0.25223662752624615,-0.0038009055432224876
SOLUSDT,selected_breakout,all,0.02010210404438294,0.3562859783568966,0.007299644246403562
SOLUSDT,selected_breakout,development_2024_25,0.027065131022481426,0.3127056177348328,0.013012238446139166
SOLUSDT,selected_breakout,reused_2026,0.001035560372811258,0.46723478540798363,4.243921081953679e-05
SOLUSDT,selected_breakout,year2024,0.05951299095959202,0.36911321069474257,0.051521334848497115
SOLUSDT,selected_breakout,year2025,-0.005471627161032228,0.23105971974264844,-0.0005185986482241769
SOLUSDT,regime_gate,all,0.03344535452566107,0.24217454491269547,0.012144957025052711
SOLUSDT,regime_gate,development_2024_25,0.036924188349945826,0.1583577928551472,0.01775222676145752
SOLUSDT,regime_gate,reused_2026,0.023919420295404833,0.4674967477658763,0.0009802628096341897
SOLUSDT,regime_gate,year2024,0.06201872519384814,0.11380719684065695,0.05369058849283348
SOLUSDT,regime_gate,year2025,0.01176089935030679,0.18363115569479685,0.0011146933673417698
SOLUSDT,gate_no_range,all,0.0321121161702962,0.2614252844930779,0.011660820356157937
SOLUSDT,gate_no_range,development_2024_25,0.0355178281359806,0.1802441772164424,0.017076083925493486
SOLUSDT,gate_no_range,reused_2026,0.022786408237415415,0.4796184779068891,0.0009338298455574018
SOLUSDT,gate_no_range,year2024,0.061027868623124454,0.1485271726400612,0.05283278833283563
SOLUSDT,gate_no_range,year2025,0.009937897126954151,0.19232758369924044,0.0009419099409648169
SOLUSDT,adaptive14,all,0.03054711532350633,0.21956555016969215,0.01109252415185695
SOLUSDT,adaptive14,development_2024_25,0.03303512283503679,0.14167112594611683,0.01588246127720332
SOLUSDT,adaptive14,reused_2026,0.02373431623153032,0.4298641271967599,0.0009726768971209507
SOLUSDT,adaptive14,year2024,0.05898015326768785,0.15066214789669896,0.05106004885527364
SOLUSDT,adaptive14,year2025,0.007019010127227768,0.1125987088146256,0.0006652589909224425
SOLUSDT,adaptive42,all,0.03103637729944821,0.1833195778904026,0.011270189054982657
SOLUSDT,adaptive42,development_2024_25,0.03457031847529744,0.09783952664908417,0.016620544965619672
SOLUSDT,adaptive42,reused_2026,0.02135954508638453,0.41312995421073695,0.0008753543112794356
SOLUSDT,adaptive42,year2024,0.06171179200404311,0.07993234900101764,0.053424871589799666
SOLUSDT,adaptive42,year2025,0.007354484745103152,0.09481409448578991,0.0006970551419070566
SOLUSDT,adaptive126,all,0.03191639597424302,0.19650309853746206,0.011589748800669507
SOLUSDT,adaptive126,development_2024_25,0.03663436439409157,0.11711749607854519,0.01761288664823781
SOLUSDT,adaptive126,reused_2026,0.01899739520042955,0.4081994363659416,0.000778548968366165
SOLUSDT,adaptive126,year2024,0.06522698398813984,0.10550375869338029,0.05646802872825315
SOLUSDT,adaptive126,year2025,0.007963408855950028,0.10665957531928429,0.0007547687271829812
SOLUSDT,filtered_moe,all,0.026976002443855354,0.2062590010632802,0.009795751757900213
SOLUSDT,filtered_moe,development_2024_25,0.029275877458286897,0.14507923515951976,0.014075110070250581
SOLUSDT,filtered_moe,reused_2026,0.02067835810903608,0.3710151423314172,0.0008474379883897002
SOLUSDT,filtered_moe,year2024,0.04245824378590621,0.17655747768916935,0.03675677125113847
SOLUSDT,filtered_moe,year2025,0.016057395058537132,0.10332414469799919,0.0015219135233965708
SOLUSDT,kalman,all,0.0032317568764732075,0.3813520199850762,0.0011735426021593322
SOLUSDT,kalman,development_2024_25,0.005304553377853355,0.19399393496418008,0.002550296665682738
SOLUSDT,kalman,reused_2026,-0.0024440885769704277,0.8918900415734076,-0.00010016334450697903
SOLUSDT,kalman,year2024,0.019100152338499685,0.23625903730916126,0.0165353031064647
SOLUSDT,kalman,year2025,-0.008528841744328984,0.1409483731886895,-0.0008083602316742156
SOLUSDT,trend_ensemble_long,all,0.16112004159064228,0.11284707659766247,0.05850725784627869
SOLUSDT,trend_ensemble_long,development_2024_25,0.15309370102197167,0.06116785662993809,0.07360362455460202
SOLUSDT,trend_ensemble_long,reused_2026,0.18309820905384766,0.26402380771147727,0.007503708811897659
SOLUSDT,trend_ensemble_long,year2024,0.16005732526501132,0.06035951881454941,0.13856415073361988
SOLUSDT,trend_ensemble_long,year2025,0.1461109983563484,0.0565951910323227,0.01384834236841396
SOLUSDT,regime_gate_long,all,0.15173892479487622,0.09604016873981978,0.05510070820889443
SOLUSDT,regime_gate_long,development_2024_25,0.14624594243456718,0.049705522441470994,0.07031139339980397
SOLUSDT,regime_gate_long,reused_2026,0.16678011139223248,0.2295312576219311,0.0068349624934623
SOLUSDT,regime_gate_long,year2024,0.1572455511202735,0.047647115759074765,0.13612995351224774
SOLUSDT,regime_gate_long,year2025,0.1352161978346534,0.04326633955545235,0.012815737503911975
SOLUSDT,expanding_tree,all,0.17925842009342702,0.05589078527105794,0.06509381764044808
SOLUSDT,expanding_tree,development_2024_25,0.21744618919342493,0.1057484786401645,0.10454269224260788
SOLUSDT,expanding_tree,reused_2026,0.07469056913504356,-0.12662051629888152,0.0030609599333626036
SOLUSDT,expanding_tree,year2024,0.22208222936548155,-0.010537306155379145,0.19226008840336314
SOLUSDT,expanding_tree,year2025,0.2127974475414449,0.2187689715505064,0.020168857524957833
SOLUSDT,rolling_tree,all,0.09751826362951663,-0.08245477495333592,0.03541164797728604
SOLUSDT,rolling_tree,development_2024_25,0.21341034505197876,0.04999957793473528,0.1026023592637529
SOLUSDT,rolling_tree,reused_2026,-0.2198238116749434,-0.5847134358293197,-0.009008793047479246
SOLUSDT,rolling_tree,year2024,0.2845569671839613,-0.03161401937465528,0.24634545421708007
SOLUSDT,rolling_tree,year2025,0.14206880066757982,0.07683699727518654,0.013465224477600875
SOLUSDT,action_tcn,all,0.11896388580509629,0.06114080061829466,0.04319916177081143
SOLUSDT,action_tcn,development_2024_25,0.13124802554938228,0.20007901405867212,0.06310076986565971
SOLUSDT,action_tcn,reused_2026,0.08532677831738691,-0.3341008302396098,0.003496851780580317
SOLUSDT,action_tcn,year2024,0.20110190906155703,0.09159725267308931,0.1740970942372466
SOLUSDT,action_tcn,year2025,0.06120276153443449,0.25485755830476287,0.0058007734199047025
SOLUSDT,vol_long,all,0.721144119407793,-0.009421398637596431,0.26186788758233426
SOLUSDT,vol_long,development_2024_25,0.6872398125040445,0.038285033330150424,0.3304077228576711
SOLUSDT,vol_long,reused_2026,0.8139827584462453,-0.0992239811067123,0.033358543640858745
SOLUSDT,vol_long,year2024,0.6680797289906535,0.060098048171068764,0.5783671576209523
SOLUSDT,vol_long,year2025,0.7064523893969243,0.03122392721699254,0.06695727676497418
SOLUSDT,hold,all,1.2404317598332204,0.006543224726572364,0.4504359612670962
SOLUSDT,hold,development_2024_25,1.2868900484390793,0.00874879286390249,0.6187045667853416
SOLUSDT,hold,reused_2026,1.1132171172077818,-0.05544430830139351,0.045621730191204204
SOLUSDT,hold,year2024,1.31205751498539,0.07600722503066314,1.13586888308046
SOLUSDT,hold,year2025,1.261653629929628,-0.07814957676638667,0.11957902973878763
TRXUSDT,trend24,all,0.013487252718762747,-0.18798787934004346,0.004897604076216957
TRXUSDT,trend24,development_2024_25,0.014472127164573958,-0.2777651860686887,0.0069578369796866
TRXUSDT,trend24,reused_2026,0.010790415310098495,0.056659232162631974,0.00044221150422399505
TRXUSDT,trend24,year2024,0.022142194481462013,-0.16832221869926284,0.019168846965438583
TRXUSDT,trend24,year2025,0.006781045964625935,-0.3934373298544203,0.0006427048421438134
TRXUSDT,trend72,all,0.018920706389364383,-0.0935938398607475,0.006870645243307635
TRXUSDT,trend72,development_2024_25,0.020102019967454657,-0.11591927627779149,0.00966454870838415
TRXUSDT,trend72,reused_2026,0.015685968537949416,-0.03388371667724262,0.0006428404786130104
TRXUSDT,trend72,year2024,0.03202443953325308,-0.03612210674498147,0.027724062358896635
TRXUSDT,trend72,year2025,0.008146936238462264,-0.20515167463417658,0.0007721633795746496
TRXUSDT,trend168,all,0.028030046352037315,-0.07143155745005289,0.010178505002676454
TRXUSDT,trend168,development_2024_25,0.03192452149918818,-0.10694347194817994,0.015348511916726964
TRXUSDT,trend168,reused_2026,0.01736598017728862,0.02111913820861025,0.000711690513833687
TRXUSDT,trend168,year2024,0.052778857244081726,-0.1416304249612928,0.04569148908747778
TRXUSDT,trend168,year2025,0.011013050587870277,-0.08828289544420174,0.0010438125587885541
TRXUSDT,trend336,all,0.035436469577068364,0.06411541601548072,0.012867987385299708
TRXUSDT,trend336,development_2024_25,0.040055009921061764,0.05630744751029078,0.019257447511426815
TRXUSDT,trend336,reused_2026,0.02278972823244213,0.07993367520469737,0.0009339659051948291
TRXUSDT,trend336,year2024,0.06874513561118503,0.10314189962018656,0.05951374807282057
TRXUSDT,trend336,year2025,0.011286281146855993,-0.01283417169401469,0.0010697092426036842
TRXUSDT,trend_ensemble,all,0.020519361648179905,-0.10113051543705454,0.007451162319342584
TRXUSDT,trend_ensemble,development_2024_25,0.022560655420985502,-0.1438367703143041,0.010846599175714261
TRXUSDT,trend_ensemble,reused_2026,0.014929778699826323,0.01335184180371064,0.0006118503974914469
TRXUSDT,trend_ensemble,year2024,0.037248621888779816,-0.08887677351970392,0.03224671941425207
TRXUSDT,trend_ensemble,year2025,0.007832447949169851,-0.21030185027629303,0.0007423563044744136
TRXUSDT,breakout,all,0.02649934538483347,-0.11093819633175862,0.009622664057691587
TRXUSDT,breakout,development_2024_25,0.0313289852352961,-0.1627485438635212,0.015062192967720222
TRXUSDT,breakout,reused_2026,0.013274559754036476,0.025115578813596936,0.000544016413460011
TRXUSDT,breakout,year2024,0.03736888132814485,-0.13177236621624563,0.0323508299075127
TRXUSDT,breakout,year2025,0.02527254148191898,-0.19847871929145566,0.0023953214398548493
TRXUSDT,range_only,all,-0.011111023450768144,0.07183425104720093,-0.004034727818788602
TRXUSDT,range_only,development_2024_25,-0.012234494679953007,0.10034948851630796,-0.005882039215377638
TRXUSDT,range_only,reused_2026,-0.008034672702396177,-0.0048947835825256586,-0.00032927599166168264
TRXUSDT,range_only,year2024,-0.0201823622643028,0.057956717555091526,-0.01747218930668151
TRXUSDT,range_only,year2025,-0.004264852115920062,0.14900248975624203,-0.0004042209889489102
TRXUSDT,down_rebound,all,0.047316985539861765,-0.05972840240490867,0.017182139764604667
TRXUSDT,down_rebound,development_2024_25,0.05277226334945756,-0.10380228116873425,0.025371585065492683
TRXUSDT,down_rebound,reused_2026,0.03237904361828402,0.054387513839343045,0.001326954076584567
TRXUSDT,down_rebound,year2024,0.06976077215415108,-0.09004586185532855,0.06039300064559166
TRXUSDT,down_rebound,year2025,0.03573721068502515,-0.1307293275294534,0.003387158628889534
TRXUSDT,selected_trend,all,0.017371207369492513,-0.12400124233396564,0.0063079781921251896
TRXUSDT,selected_trend,development_2024_25,0.01695202060736124,-0.18496549210387794,0.00815010775686337
TRXUSDT,selected_trend,reused_2026,0.018519047630898965,0.043439233718817465,0.0007589453857249996
TRXUSDT,selected_trend,year2024,0.04707434632573055,-0.07883463970313374,0.0407530040200606
TRXUSDT,selected_trend,year2025,-0.013252832030784433,-0.31467312731905667,-0.0012560981539923308
TRXUSDT,selected_breakout,all,0.027266783582468656,-0.08533219628220283,0.009901342638374952
TRXUSDT,selected_breakout,development_2024_25,0.031201085668530082,-0.12568370319806998,0.015000702053135886
TRXUSDT,selected_breakout,reused_2026,0.01649366109177696,0.02042257545692806,0.0006759412378436891
TRXUSDT,selected_breakout,year2024,0.043579637770534,-0.12047067717688749,0.03772757970904857
TRXUSDT,selected_breakout,year2025,0.01878861972515081,-0.1404802304154086,0.0017807779120723474
TRXUSDT,regime_gate,all,0.025281273868704074,-0.04482667580927581,0.009180347735241423
TRXUSDT,regime_gate,development_2024_25,0.027927977684434304,-0.07643008825326611,0.013427073552551915
TRXUSDT,regime_gate,reused_2026,0.018033923822946125,0.03852419268281988,0.0007390641000946933
TRXUSDT,regime_gate,year2024,0.04227628033553315,-0.052097548579236416,0.03659924262241901
TRXUSDT,regime_gate,year2025,0.013540364615113269,-0.11192122370966734,0.0012833503780867095
TRXUSDT,gate_no_range,all,0.02613851853628752,-0.049695000127319706,0.009491637592843875
TRXUSDT,gate_no_range,development_2024_25,0.02898051411202485,-0.08074627471552184,0.013933106756591434
TRXUSDT,gate_no_range,reused_2026,0.018356409845677907,0.03190879092746542,0.000752280183545158
TRXUSDT,gate_no_range,year2024,0.04328026720693589,-0.0420704070646705,0.03746840989079167
TRXUSDT,gate_no_range,year2025,0.014641583611374331,-0.1305825037847701,0.0013877234769935501
TRXUSDT,adaptive14,all,0.025045705630072617,-0.057776637312479735,0.00909480622506095
TRXUSDT,adaptive14,development_2024_25,0.027868357023009934,-0.09370558196213404,0.013398409428882017
TRXUSDT,adaptive14,reused_2026,0.017316566245385197,0.03720675387658312,0.0007096654380114261
TRXUSDT,adaptive14,year2024,0.040958580365537504,-0.056558311972152026,0.03545848897704945
TRXUSDT,adaptive14,year2025,0.014742270054886403,-0.14107400048604715,0.0013972664981028338
TRXUSDT,adaptive42,all,0.02496678716334566,-0.04978663296603727,0.009066148690988571
TRXUSDT,adaptive42,development_2024_25,0.027948284763765804,-0.08265800818937435,0.013436836688676646
TRXUSDT,adaptive42,reused_2026,0.016802686351456937,0.03663306030650029,0.0006886056739195092
TRXUSDT,adaptive42,year2024,0.040950247556100536,-0.05488255303889524,0.035451275132503776
TRXUSDT,adaptive42,year2025,0.014910700155561674,-0.12056070599850637,0.0014132302361207544
TRXUSDT,adaptive126,all,0.026189632570729083,-0.0417403226219322,0.009510198548781525
TRXUSDT,adaptive126,development_2024_25,0.02934217099395616,-0.07504692937800547,0.014106982345054997
TRXUSDT,adaptive126,reused_2026,0.01755717836484554,0.045665166984061215,0.0007195261749917259
TRXUSDT,adaptive126,year2024,0.04155961388562546,-0.057003926900526,0.03597881317424276
TRXUSDT,adaptive126,year2025,0.01709125565600832,-0.10258403846733763,0.0016199024200303194
TRXUSDT,filtered_moe,all,0.0210349103062574,-0.05166808662716611,0.007638372662467239
TRXUSDT,filtered_moe,development_2024_25,0.02229518593366439,-0.07602147807298285,0.010718968082174487
TRXUSDT,filtered_moe,reused_2026,0.017583954225840925,0.01350000333151676,0.0007206235001110454
TRXUSDT,filtered_moe,year2024,0.027957631006891262,-0.07427831647994182,0.02420336208030242
TRXUSDT,filtered_moe,year2025,0.016617227312291687,-0.08214675911432749,0.001574974201963463
TRXUSDT,kalman,all,0.01799223098033959,-0.17011985530349347,0.006533489482773759
TRXUSDT,kalman,development_2024_25,0.01987670970044002,-0.2420161534356404,0.009556225164104152
TRXUSDT,kalman,reused_2026,0.012832047639393442,0.024481131804107638,0.0005258814351269249
TRXUSDT,kalman,year2024,0.027806406744577898,-0.16560648914465004,0.024072444851471596
TRXUSDT,kalman,year2025,0.011925287458920941,-0.32476519826775185,0.0011302740069581842
TRXUSDT,trend_ensemble_long,all,0.0736602494642821,-0.04201471047725613,0.026748126216212857
TRXUSDT,trend_ensemble_long,development_2024_25,0.08583444718544639,-0.0611722950988597,0.04126705659550752
TRXUSDT,trend_ensemble_long,reused_2026,0.04032419127478528,-0.004217327096678152,0.0016525611635680524
TRXUSDT,trend_ensemble_long,year2024,0.08687646192742757,-0.02784141324241382,0.07521032321253698
TRXUSDT,trend_ensemble_long,year2025,0.08478957760855566,-0.09540002218778654,0.008036322475415263
TRXUSDT,regime_gate_long,all,0.06596608794279873,-0.030024863056242638,0.023954157895424585
TRXUSDT,regime_gate_long,development_2024_25,0.07610126629689047,-0.04851915510244177,0.0365875865254719
TRXUSDT,regime_gate_long,reused_2026,0.03821338479870861,0.00841177724335992,0.0015660563460900775
TRXUSDT,regime_gate_long,year2024,0.08007249299294109,-0.018022779120713428,0.06932002000108411
TRXUSDT,regime_gate_long,year2025,0.07211915952770001,-0.08216903293344262,0.0068354252841805975
TRXUSDT,expanding_tree,all,0.1529408650384574,-0.029227913180105446,0.05553716680866125
TRXUSDT,expanding_tree,development_2024_25,0.17099425526134518,-0.03727627354032524,0.08220976357115793
TRXUSDT,expanding_tree,reused_2026,0.10350607838786537,-0.028930529118725932,0.00424187367259054
TRXUSDT,expanding_tree,year2024,0.1027042677943179,-0.017505025241654478,0.0889127043706063
TRXUSDT,expanding_tree,year2025,0.23947133858444652,-0.0043102294116121355,0.022696998319399322
TRXUSDT,rolling_tree,all,0.1414702737818464,-0.03994835774513685,0.05137186971914766
TRXUSDT,rolling_tree,development_2024_25,0.1640498745000197,-0.02263471541980779,0.0788710788904117
TRXUSDT,rolling_tree,reused_2026,0.07964156845960003,-0.11454936539760686,0.0032638611930272906
TRXUSDT,rolling_tree,year2024,0.0899483173256649,-0.17252192412428657,0.07786967687678498
TRXUSDT,rolling_tree,year2025,0.2383544496392358,0.1849472276137742,0.022591140028957336
TRXUSDT,action_tcn,all,0.10545966007666485,0.0006012816336713281,0.03829539431328381
TRXUSDT,action_tcn,development_2024_25,0.12805117329826274,0.013452602204909193,0.06156380321531942
TRXUSDT,action_tcn,reused_2026,0.043598335281953844,-0.061795096833974064,0.0017867417400191706
TRXUSDT,action_tcn,year2024,0.129887135830645,0.05511770016692227,0.11244534192856444
TRXUSDT,action_tcn,year2025,0.1262101807315452,-0.029745934465610496,0.011962150781333706
TRXUSDT,vol_long,all,0.2849515554249541,-0.03667838527080418,0.1034739934421308
TRXUSDT,vol_long,development_2024_25,0.33891423386915287,-0.06884983896742415,0.16294149177526002
TRXUSDT,vol_long,reused_2026,0.13718797955090636,-0.013570144751383448,0.005622221300590813
TRXUSDT,vol_long,year2024,0.29646854896540437,0.03449715239267108,0.2566574984219105
TRXUSDT,vol_long,year2025,0.381476208320583,-0.13966740727230612,0.03615616344872033
TRXUSDT,hold,all,0.3337962598789314,-0.057006404615093396,0.12121089128364741
TRXUSDT,hold,development_2024_25,0.4029134298532805,-0.10300097978076979,0.1937107054108757
TRXUSDT,hold,reused_2026,0.14453582129145207,-0.014296967001815824,0.005923349668267785
TRXUSDT,hold,year2024,0.35324430599389284,-0.02164473084189445,0.3058091666875466
TRXUSDT,hold,year2025,0.45271863350406355,-0.14618348969025827,0.042908492200117776
XRPUSDT,trend24,all,-0.016459596601337504,0.02677396359449607,-0.00597694646111683
XRPUSDT,trend24,development_2024_25,-0.006141916854905044,-0.1909623728955721,-0.0029528800938004186
XRPUSDT,trend24,reused_2026,-0.0447120351016358,0.6105663548157301,-0.0018323832522651954
XRPUSDT,trend24,year2024,0.002226872318841562,-0.15437265126182126,0.0019278384862522775
XRPUSDT,trend24,year2025,-0.014533634218168766,-0.23412181877119917,-0.0013774920763981804
XRPUSDT,trend72,all,-0.029980782229235923,0.12923318135237088,-0.01088687253926896
XRPUSDT,trend72,development_2024_25,-0.014072591494476833,0.2559326382034835,-0.006765750216732325
XRPUSDT,trend72,reused_2026,-0.07354146558347559,-0.23685993309236228,-0.0030138675096286955
XRPUSDT,trend72,year2024,-0.0010372094586779755,0.3440490035473904,-0.0008979285861276891
XRPUSDT,trend72,year2025,-0.02714368690571625,0.15749787794866238,-0.002572667859640707
XRPUSDT,trend168,all,-0.04581267768993246,0.1822385229394031,-0.016635882909237107
XRPUSDT,trend168,development_2024_25,-0.024439461036004622,0.15091032915817792,-0.011749881950745606
XRPUSDT,trend168,reused_2026,-0.10433799577585567,0.24228407483636838,-0.004275967211065282
XRPUSDT,trend168,year2024,-0.012777798592495997,0.15951808012539087,-0.011061941759197284
XRPUSDT,trend168,year2025,-0.03613307323963244,0.13326396672618376,-0.003424678324523032
XRPUSDT,trend336,all,-0.05969488189858068,0.135094005154945,-0.021676905075639335
XRPUSDT,trend336,development_2024_25,-0.03821363705677737,0.14737655731976812,-0.01837216146723895
XRPUSDT,trend336,reused_2026,-0.11851600871371991,0.07559211780312686,-0.004857008834393029
XRPUSDT,trend336,year2024,-0.028960956710332383,0.1644386657923764,-0.02507195696514348
XRPUSDT,trend336,year2025,-0.047491667212390704,0.12311493432729761,-0.004501241348032927
XRPUSDT,trend_ensemble,all,-0.03274476884804697,0.1207422434432111,-0.011890554490899206
XRPUSDT,trend_ensemble,development_2024_25,-0.017572850639564628,0.10155555853128669,-0.008448587317403628
XRPUSDT,trend_ensemble,reused_2026,-0.07428935025113957,0.1550092587807518,-0.0030445172292520206
XRPUSDT,trend_ensemble,year2024,-0.00625572432968202,0.10199021583680447,-0.005415679210750375
XRPUSDT,trend_ensemble,year2025,-0.02892098277495377,0.09237102487843628,-0.002741119255935609
XRPUSDT,breakout,all,-0.02724887216812168,0.27878944052812094,-0.009894838495704406
XRPUSDT,breakout,development_2024_25,-0.0010245037160878303,0.2223425640384125,-0.0004925557770851785
XRPUSDT,breakout,reused_2026,-0.099057881083758,0.40177427591268566,-0.004059578184937389
XRPUSDT,breakout,year2024,0.007539246401096892,0.18402914824171057,0.006526844510301564
XRPUSDT,breakout,year2025,-0.009611716162360734,0.2541407554381806,-0.0009109946387455236
XRPUSDT,range_only,all,0.014224790267293968,-0.1344073110078144,0.0051654248829721035
XRPUSDT,range_only,development_2024_25,0.0038113604445393443,-0.10110435098772529,0.0018324068288209578
XRPUSDT,range_only,reused_2026,0.042739416896044886,-0.21305877221837535,0.0017515416498907605
XRPUSDT,range_only,year2024,-0.003846387344145224,-0.05679239022968626,-0.0033298781849038857
XRPUSDT,range_only,year2025,0.011490088364151812,-0.13961790529849752,0.0010890260096781432
XRPUSDT,down_rebound,all,0.02593155462538971,0.25859542205968344,0.009416483125527281
XRPUSDT,down_rebound,development_2024_25,0.03983328888029172,0.2132786269874093,0.019150849577405014
XRPUSDT,down_rebound,reused_2026,-0.012134939173268137,0.36594298208089204,-0.0004973126196964335
XRPUSDT,down_rebound,year2024,0.04539141655884429,0.22179091426184885,0.039296065179511945
XRPUSDT,down_rebound,year2025,0.034259933454674624,0.20044631710177807,0.0032471428799788183
XRPUSDT,selected_trend,all,-0.03435572256674883,0.18855493409698956,-0.012475537486608566
XRPUSDT,selected_trend,development_2024_25,-0.014385467486307528,0.10564292544573585,-0.006916173172615728
XRPUSDT,selected_trend,reused_2026,-0.08903937406218543,0.3915396652593155,-0.003649000933481455
XRPUSDT,selected_trend,year2024,-0.023286945046911495,0.2922028763456956,-0.020159875583720843
XRPUSDT,selected_trend,year2025,-0.0054596023159484775,-0.07454687631450527,-0.0005174589381850956
XRPUSDT,selected_breakout,all,-0.03915095318780231,0.10004758563889107,-0.014216821758934883
XRPUSDT,selected_breakout,development_2024_25,-0.004673274874818849,0.010405720219731462,-0.002246793741548227
XRPUSDT,selected_breakout,reused_2026,-0.13355962937368993,0.3039895883004073,-0.005473524689421762
XRPUSDT,selected_breakout,year2024,-0.012226585821306745,-0.051356568985908395,-0.01058474817004476
XRPUSDT,selected_breakout,year2025,0.0029007300742621735,0.07817629553046959,0.0002749300438613564
XRPUSDT,regime_gate,all,-0.008563028108500497,0.19116368901353595,-0.003109478427034296
XRPUSDT,regime_gate,development_2024_25,0.0053246266976656525,0.16074237864508778,0.0025599474160739426
XRPUSDT,regime_gate,reused_2026,-0.04659096878578766,0.25774056846487076,-0.0019093854868342689
XRPUSDT,regime_gate,year2024,0.010247014147980786,0.12287132991817638,0.008871001752774697
XRPUSDT,regime_gate,year2025,0.0003887532543359498,0.19491194031044923,3.684587897859251e-05
XRPUSDT,gate_no_range,all,-0.010522835061988053,0.18607869212862482,-0.003821139928760757
XRPUSDT,gate_no_range,development_2024_25,0.004495158898037947,0.15172420753897545,0.0021611600322927675
XRPUSDT,gate_no_range,reused_2026,-0.05164593261695859,0.26206437697954876,-0.002116547407422067
XRPUSDT,gate_no_range,year2024,0.009633501370239498,0.11692642278312163,0.008339874065421488
XRPUSDT,gate_no_range,year2025,-0.0006572612247723684,0.18264514166465995,-6.22949577274952e-05
XRPUSDT,adaptive14,all,-0.005019723143681983,0.19740641076591567,-0.0018228038758239232
XRPUSDT,adaptive14,development_2024_25,0.009409145028224408,0.16225717177815763,0.004523681728341238
XRPUSDT,adaptive14,reused_2026,-0.044529644043935716,0.2762777998468627,-0.001824908523845143
XRPUSDT,adaptive14,year2024,0.016457180803036486,0.14233223774402248,0.014247240966114502
XRPUSDT,adaptive14,year2025,0.0023417995663580506,0.1767882224424978,0.00022195483240786837
XRPUSDT,adaptive42,all,-0.0036597329380078855,0.18883380766410907,-0.0013289528511702072
XRPUSDT,adaptive42,development_2024_25,0.010625593659780242,0.1466914943559465,0.005108519822719432
XRPUSDT,adaptive42,reused_2026,-0.0427766004004076,0.2870268799018895,-0.0017530654998005194
XRPUSDT,adaptive42,year2024,0.014271410319878197,0.11424516247528266,0.012354984987227107
XRPUSDT,adaptive42,year2025,0.006969788460887496,0.17640832784460686,0.0006605937809444674
XRPUSDT,adaptive126,all,-0.0009433893303225963,0.18513158308837419,-0.0003425714284436854
XRPUSDT,adaptive126,development_2024_25,0.012618394270278157,0.15792240393446327,0.006066608542034014
XRPUSDT,adaptive126,reused_2026,-0.038079011538679014,0.24330526359923577,-0.0015605494772868392
XRPUSDT,adaptive126,year2024,0.014318274172185166,0.13466315813170743,0.012395555763255442
XRPUSDT,adaptive126,year2025,0.010913857163160446,0.1799312843922991,0.0010344110454081103
XRPUSDT,filtered_moe,all,0.0020698464820143743,0.1294207859616022,0.0007516199761983013
XRPUSDT,filtered_moe,development_2024_25,0.012938456485093978,0.13028464179720903,0.006220486454294016
XRPUSDT,filtered_moe,reused_2026,-0.027691179566686822,0.11396663378125722,-0.0011348365950716646
XRPUSDT,filtered_moe,year2024,0.009862893241034159,0.15379202640052972,0.008538462225689882
XRPUSDT,filtered_moe,year2025,0.016022445929822448,0.10909041240593723,0.0015186010588636937
XRPUSDT,kalman,all,-0.02027103547236413,0.2351078114283446,-0.007360988040246087
XRPUSDT,kalman,development_2024_25,-0.006033108970056885,0.11354589149746279,-0.0029005679826457284
XRPUSDT,kalman,reused_2026,-0.05925810938472225,0.5508291035746271,-0.002428508721435752
XRPUSDT,kalman,year2024,0.00835937258939663,0.029970998013926223,0.007236840685659343
XRPUSDT,kalman,year2025,-0.020465021985837675,0.18622367357082148,-0.001939666652237924
XRPUSDT,trend_ensemble_long,all,0.11533255568627376,0.09401028200941343,0.041880522789034716
XRPUSDT,trend_ensemble_long,development_2024_25,0.1135403022652495,0.11280930610606696,0.054587339152171115
XRPUSDT,trend_ensemble_long,reused_2026,0.12024020263780337,0.044692109030282735,0.004927669542700451
XRPUSDT,trend_ensemble_long,year2024,0.1024253954333393,0.07921086951370654,0.08867128016963267
XRPUSDT,trend_ensemble_long,year2025,0.12468566089669919,0.15509215328688675,0.011817657397140306
XRPUSDT,regime_gate_long,all,0.10334745053359187,0.09534228472054876,0.03752839110783579
XRPUSDT,regime_gate_long,development_2024_25,0.10310722790143,0.09981796837246068,0.04957137779452777
XRPUSDT,regime_gate_long,reused_2026,0.10400524136528344,0.08337601331625528,0.004262330309777655
XRPUSDT,regime_gate_long,year2024,0.09240726855136074,0.05586090703926811,0.0799984297327995
XRPUSDT,regime_gate_long,year2025,0.11383650220862274,0.15216704563330616,0.010789378447493338
XRPUSDT,expanding_tree,all,0.15967346202018814,0.12184335384328053,0.05798196376685714
XRPUSDT,expanding_tree,development_2024_25,0.16299915747009847,0.17371411430717087,0.07836592040729193
XRPUSDT,expanding_tree,reused_2026,0.15056685971439332,-0.024197038159562697,0.0061705129605412155
XRPUSDT,expanding_tree,year2024,0.1704665216368407,0.21987752213149514,0.1475755561953436
XRPUSDT,expanding_tree,year2025,0.15551133477139265,0.12165159805294351,0.01473930251869854
XRPUSDT,rolling_tree,all,0.13432790036743675,0.059765951227384824,0.04877827131347581
XRPUSDT,rolling_tree,development_2024_25,0.2073046918105258,0.22166533786705286,0.09966691380881551
XRPUSDT,rolling_tree,reused_2026,-0.06550116613444464,-0.4714393083954459,-0.002684360923312244
XRPUSDT,rolling_tree,year2024,0.2733018318212572,0.2646963710510886,0.2366017060297177
XRPUSDT,rolling_tree,year2025,0.1411267377175732,0.1274974330895075,0.013375936125518904
XRPUSDT,action_tcn,all,0.07635103572644626,0.18026383813528962,0.027725227041755385
XRPUSDT,action_tcn,development_2024_25,0.07147485292038612,0.3416595484986694,0.034363322620912275
XRPUSDT,action_tcn,reused_2026,0.08970326783968476,-0.2558065583013859,0.003676208548532024
XRPUSDT,action_tcn,year2024,0.13707163853872012,0.30586288290784563,0.1186650792291817
XRPUSDT,action_tcn,year2025,0.00569835008117996,0.32684480208530453,0.0005400873565096059
XRPUSDT,vol_long,all,0.6346393019479748,5.632545582225288e-05,0.23045553434495278
XRPUSDT,vol_long,development_2024_25,0.5983237817140965,0.038256630193274056,0.28765911789573667
XRPUSDT,vol_long,reused_2026,0.7340804580246347,-0.06081231468728082,0.030083997161880312
XRPUSDT,vol_long,year2024,0.5393674320326384,0.06260381385652243,0.4669388922327165
XRPUSDT,vol_long,year2025,0.6574416556412573,0.0594188491185135,0.06231205889355601
XRPUSDT,hold,all,1.0210416117017729,-0.07960962513030678,0.3707691746964218
XRPUSDT,hold,development_2024_25,1.0282665488734637,-0.10286516466253835,0.49436485302864763
XRPUSDT,hold,reused_2026,1.0012578911242564,-0.024630771205822487,0.04103343063504021
XRPUSDT,hold,year2024,0.880769702053953,-0.05876688122910782,0.7624962216189686
XRPUSDT,hold,year2025,1.1761674966431652,-0.03306207535480695,0.11147668799299004
