symbol,policy,phase,periods,mean_factor_beta,average_exposure_sum,timing_covariance_sum,residual_sum,price_sum,fee_sum,identity_error
ADAUSDT,trend24,all,287422,-0.022502663229895074,-0.020064221033671347,0.2569280736335944,0.10914889497961887,0.3460127475795419,0.1664177944598687,0.0
ADAUSDT,trend24,development_2024_25,210527,-0.01643286309898377,-0.01411571956873431,-0.1581059176314243,0.2835294162009472,0.1113077790007887,0.11488104938418392,1.1102230246251565e-16
ADAUSDT,trend24,reused_2026,76895,-0.039120867432513785,-0.0012770733888605435,0.41036256318894204,-0.17438052122132833,0.2347049685787532,0.051536745075684794,0.0
ADAUSDT,trend24,year2024,105407,-0.006492751046113593,-0.0049569700460905496,-0.09872097179472357,0.22844797493782967,0.12477003309701562,0.06147952450190465,5.551115123125783e-17
ADAUSDT,trend24,year2025,105120,-0.026400113775894796,-0.0025220321412204594,-0.06602166321812407,0.05508144126311736,-0.013462254096226988,0.05340152488227926,1.7694179454963432e-16
ADAUSDT,trend72,all,287422,-0.03483520536504593,-0.031060379522947455,0.5205794541854852,-0.014470702278556395,0.4750483723839812,0.0855847969843109,1.6653345369377348e-16
ADAUSDT,trend72,development_2024_25,210527,-0.02813518995153164,-0.024167940119543277,0.6017409408445817,-0.15045201316041162,0.4271209875646271,0.05717136262671965,2.220446049250313e-16
ADAUSDT,trend72,reused_2026,76895,-0.053178844677887104,-0.0017359862356230444,-0.08631793982687797,0.13598131088185517,0.04792738481935416,0.028413434357591257,0.0
ADAUSDT,trend72,year2024,105407,-0.006198837712564058,-0.004732578323659771,0.38264327469450604,0.10976568979277798,0.48767638616362446,0.029954201640247532,2.7755575615628914e-16
ADAUSDT,trend72,year2025,105120,-0.05013143310652456,-0.004789111389949421,0.20445141574414166,-0.2602177029531897,-0.06055539859899746,0.027217160986472103,1.3877787807814457e-17
ADAUSDT,trend168,all,287422,-0.05571270171754149,-0.049675540633728185,0.6659708571468549,0.007787665935257294,0.6240829824483843,0.0479186658269018,3.3306690738754696e-16
ADAUSDT,trend168,development_2024_25,210527,-0.048472438501826816,-0.041637500694983606,0.3806496955883489,0.010259694038148364,0.3492718889315139,0.03195080861303339,2.220446049250313e-16
ADAUSDT,trend168,reused_2026,76895,-0.0755354586460123,-0.002465802281061534,0.27974892390082295,-0.002472028102891051,0.27481109351687044,0.015967857213868404,5.551115123125783e-17
ADAUSDT,trend168,year2024,105407,-0.025199964136079445,-0.019239220246997358,0.07924011784012507,0.151773168067561,0.21177406566068893,0.018027609874542407,2.220446049250313e-16
ADAUSDT,trend168,year2025,105120,-0.07180845168171965,-0.006859941009721466,0.2858712383099592,-0.14151347402941264,0.13749782327082505,0.013923198738490992,8.326672684688674e-17
ADAUSDT,trend336,all,287422,-0.05870101905944865,-0.05234003678932648,0.5219595806329094,-0.06150785904459083,0.408111684798992,0.03128610862235169,5.551115123125783e-17
ADAUSDT,trend336,development_2024_25,210527,-0.06144549177765624,-0.05278126675016256,0.4738655830816271,0.11085400720452587,0.5319383235359902,0.018937195265656497,1.1102230246251565e-16
ADAUSDT,trend336,reused_2026,76895,-0.05118706356239305,-0.001670965932496576,0.050206193444615035,-0.17236186624911665,-0.12382663873699826,0.01234891335669519,5.551115123125783e-17
ADAUSDT,trend336,year2024,105407,-0.036913821529911656,-0.028182307670649474,0.3116649530814207,0.16438964219915814,0.44787228760992925,0.010893636973414356,1.6653345369377348e-16
ADAUSDT,trend336,year2025,105120,-0.08604413871262592,-0.008219891976185965,0.14582156289687906,-0.05353563499463231,0.0840660359260609,0.008043558292242138,1.1102230246251565e-16
ADAUSDT,trend_ensemble,all,287422,-0.039945997616283105,-0.03561735415027807,0.49975433378609774,-0.052074725426547966,0.4120622542092718,0.07379335398551165,5.551115123125783e-17
ADAUSDT,trend_ensemble,development_2024_25,210527,-0.03452697334795672,-0.02965843933593413,0.34448984295830076,0.010576433746166479,0.32540783736853346,0.04963035838838486,3.885780586188048e-16
ADAUSDT,trend_ensemble,reused_2026,76895,-0.05478247491829169,-0.0017883356245808836,0.1510939116380337,-0.0626511591727144,0.08665441684073837,0.024162995597126802,5.551115123125783e-17
ADAUSDT,trend_ensemble,year2024,105407,-0.01584272193252116,-0.012095319458622477,0.19426147746973374,0.10944783316273379,0.2916139911738452,0.026499556283546482,1.6653345369377348e-16
ADAUSDT,trend_ensemble,year2025,105120,-0.05326223675117987,-0.005088200533530327,0.1377534461447859,-0.09887139941656731,0.03379384619468838,0.023130802104838373,9.71445146547012e-17
ADAUSDT,breakout,all,287422,-0.03490976972005817,-0.031126863906814125,0.7865899970902833,0.07766827797386154,0.8331314111573311,0.11737554473560356,3.3306690738754696e-16
ADAUSDT,breakout,development_2024_25,210527,-0.015934520097739414,-0.01368764626146981,0.50023148123633,0.05063263952956151,0.5371764745044219,0.08029139208723626,2.220446049250313e-16
ADAUSDT,breakout,reused_2026,76895,-0.08686116288265525,-0.002835521984124683,0.27175482019273395,0.027035638444300035,0.2959549366529092,0.03708415264836731,1.1102230246251565e-16
ADAUSDT,breakout,year2024,105407,0.0019796530011021293,0.0015113902502068663,0.2521751571666583,0.11251952131135229,0.3662060687282176,0.04263674865157592,1.6653345369377348e-16
ADAUSDT,breakout,year2025,105120,-0.0338976027064684,-0.0032382755719065964,0.23609556312990163,-0.0618868817817909,0.17097040577620448,0.03765464343566033,3.3306690738754696e-16
ADAUSDT,range_only,all,287422,0.014499678435569206,0.012928458737360532,-0.51425741782646,-0.11386294604297138,-0.6151919051320708,0.055538134651019214,1.1102230246251565e-16
ADAUSDT,range_only,development_2024_25,210527,0.008941406947753373,0.007680608805913101,-0.33572628310790315,-0.06160379963117719,-0.3896494739331672,0.036503783068011116,5.551115123125783e-17
ADAUSDT,range_only,reused_2026,76895,0.029717393781370668,0.0009701035604577759,-0.17425338834756712,-0.05225914641179421,-0.22554243119890352,0.019034351583008105,2.7755575615628914e-17
ADAUSDT,range_only,year2024,105407,-0.0002012545278449063,-0.00015365022608782207,-0.19177369795535518,-0.13103900476933503,-0.3229663529507781,0.01950045988717242,5.551115123125783e-17
ADAUSDT,range_only,year2025,105120,0.01810902983738796,0.001729975699495438,-0.13784830182004246,0.06943520513815779,-0.06668312098238915,0.017003323180838695,8.326672684688674e-17
ADAUSDT,down_rebound,all,287422,0.02892894205799191,0.02579413297847801,0.7270961919019479,0.06886274875165727,0.821753073632083,0.12032011322524032,0.0
ADAUSDT,down_rebound,development_2024_25,210527,0.03149464378985781,0.02705368851288642,0.41328444318061797,0.03968434041462873,0.4800224721081333,0.0838334699802289,2.220446049250313e-16
ADAUSDT,down_rebound,reused_2026,76895,0.021904434762270046,0.0007150549711399741,0.3118371382157812,0.029178408337028457,0.3417306015239497,0.03648664324501141,1.1102230246251565e-16
ADAUSDT,down_rebound,year2024,105407,0.05456533950844938,0.041658574551390964,0.20674185844230894,0.09658422259706351,0.3449846555907635,0.04333814643205513,1.1102230246251565e-16
ADAUSDT,down_rebound,year2025,105120,0.008360960155824507,0.0007987317942435014,0.19113896690556104,-0.05689988218243487,0.13503781651736962,0.040495323548173756,5.551115123125783e-17
ADAUSDT,selected_trend,all,287422,-0.058105163369522844,-0.05180874944148228,0.6885525698179635,-0.24236797993091386,0.3943758404455676,0.04988900832726743,3.3306690738754696e-16
ADAUSDT,selected_trend,development_2024_25,210527,-0.053544146409783375,-0.045994063889846115,0.5259009469690459,-0.1696244167326716,0.31028246634652834,0.038467879440115746,1.6653345369377348e-16
ADAUSDT,selected_trend,reused_2026,76895,-0.07059254509113115,-0.002304444321009492,0.159141381618291,-0.07274356319824223,0.08409337409903916,0.011421128887151678,1.249000902703301e-16
ADAUSDT,selected_trend,year2024,105407,-0.028720634635837173,-0.02192711911844723,0.28284795839197696,-0.02507734142474404,0.2358434978487857,0.015764142274818975,2.7755575615628914e-17
ADAUSDT,selected_trend,year2025,105120,-0.07843543166050967,-0.007493023755031203,0.2264790675607013,-0.14454707530792757,0.07443896849774248,0.022703737165296767,5.551115123125783e-17
ADAUSDT,selected_breakout,all,287422,-0.04419199878066365,-0.039403248513136306,0.3835246384427543,-0.3084131610592339,0.03570822887038424,0.10268071604307934,1.3183898417423734e-16
ADAUSDT,selected_breakout,development_2024_25,210527,-0.038859822524976675,-0.033380327819275614,0.45633036517458003,-0.15166221939381042,0.2712878179614941,0.06820546260360327,1.1102230246251565e-16
ADAUSDT,selected_breakout,reused_2026,76895,-0.05879069922387855,-0.0019191813070310306,-0.0769094661186552,-0.15675094166542353,-0.23557958909110982,0.03447525343947609,5.551115123125783e-17
ADAUSDT,selected_breakout,year2024,105407,-0.017761637443250718,-0.013560338930354512,0.29297053820171515,0.0030106893495853524,0.28242088862094594,0.02884443712055877,5.551115123125783e-17
ADAUSDT,selected_breakout,year2025,105120,-0.06001561014778383,-0.005733357782187718,0.14927319586613153,-0.15467290874339568,-0.011133070659452111,0.03936102548304449,2.3418766925686896e-16
ADAUSDT,regime_gate,all,287422,-0.01088276849414937,-0.009703485773843926,0.41717840583831284,-0.02342306479391145,0.3840518552705574,0.08496855074841388,1.1102230246251565e-16
ADAUSDT,regime_gate,development_2024_25,210527,-0.005163508338025115,-0.0044354191507194685,0.2845891828445904,-0.04329171382396209,0.23686204986990889,0.05744884175860798,0.0
ADAUSDT,regime_gate,reused_2026,76895,-0.02654124671624926,-0.000866420458262477,0.1281875768288605,0.01986864903005067,0.14718980540064858,0.0275197089898059,1.1102230246251565e-16
ADAUSDT,regime_gate,year2024,105407,0.011864594711175295,0.009058169668695987,0.17347577990949173,0.053378656493380514,0.23591260607156816,0.03172254327455117,5.551115123125783e-17
ADAUSDT,regime_gate,year2025,105120,-0.022238101737064944,-0.0021244305163494463,0.09974424463203281,-0.0966703703173426,0.000949443798340735,0.025726298484056817,2.7755575615628914e-17
ADAUSDT,gate_no_range,all,287422,-0.014561105098349193,-0.012983229060623474,0.40354509103995223,0.014951400952300773,0.40551326293162937,0.08170308435527511,1.6653345369377348e-16
ADAUSDT,gate_no_range,development_2024_25,210527,-0.009253572366726472,-0.007948756814372638,0.24446446317850756,0.013762497072940312,0.25027820343707513,0.05504022286651903,1.1102230246251565e-16
ADAUSDT,gate_no_range,reused_2026,76895,-0.029092335261433115,-0.0009496989617185012,0.15499585457691237,0.0011889038793604558,0.15523505949455432,0.02666286148875608,2.7755575615628914e-17
ADAUSDT,gate_no_range,year2024,105407,0.00875545211326584,0.006684456797618551,0.18089642233503697,0.07964186632505205,0.26722274545770763,0.02971306116898556,5.551115123125783e-17
ADAUSDT,gate_no_range,year2025,105120,-0.027311765321088633,-0.0026091232241638785,0.051543950455643306,-0.0658793692521118,-0.016944542020632475,0.02532716169753346,1.1102230246251565e-16
ADAUSDT,adaptive14,all,287422,-0.009679004536815907,-0.008630164546682756,0.39243225862772163,-0.06546991221069874,0.3183321818703404,0.0778048663639721,2.7755575615628914e-16
ADAUSDT,adaptive14,development_2024_25,210527,-0.003755710194828951,-0.003226129955097141,0.28636760977902803,-0.07389724699903238,0.2092442328248987,0.05287094445331722,1.942890293094024e-16
ADAUSDT,adaptive14,reused_2026,76895,-0.02589609781902527,-0.0008453600231911237,0.10150597428029941,0.008427334788333664,0.10908794904544183,0.024933921910654886,1.1102230246251565e-16
ADAUSDT,adaptive14,year2024,105407,0.014103159607784441,0.01076722936618176,0.19139434167671007,0.012962637810600214,0.2151242088534921,0.02923120975360478,2.7755575615628914e-17
ADAUSDT,adaptive14,year2025,105120,-0.02166333851754651,-0.002069522748696551,0.08304943152973553,-0.0868598848096326,-0.00587997602859342,0.02363973469971244,2.0296264668928643e-16
ADAUSDT,adaptive42,all,287422,-0.009645150029738803,-0.008599978594644928,0.42089471769492237,-0.07327203533268399,0.33902270376759347,0.0765562081132289,5.551115123125783e-17
ADAUSDT,adaptive42,development_2024_25,210527,-0.0037779935726092125,-0.003245271227673664,0.3013252937308179,-0.0800453456276411,0.21803467687550318,0.05257978796749562,8.326672684688674e-17
ADAUSDT,adaptive42,reused_2026,76895,-0.025708546186187488,-0.0008392375311541651,0.11505395412828749,0.006773310294956979,0.12098802689209026,0.023976420145733285,4.163336342344337e-17
ADAUSDT,adaptive42,year2024,105407,0.014728888753933599,0.01124494992136673,0.18483883594004652,0.01927219687179572,0.21535598273320905,0.029359701188121614,8.326672684688674e-17
ADAUSDT,adaptive42,year2025,105120,-0.022335403631531376,-0.002133725874215292,0.10412996251594618,-0.09931754249943682,0.0026786941422941545,0.023220086779374004,9.367506770274758e-17
ADAUSDT,adaptive126,all,287422,-0.007173035943358029,-0.006395748680040832,0.4108660183674998,-0.0614696651616965,0.34300060452576253,0.07660503218775547,1.1102230246251565e-16
ADAUSDT,adaptive126,development_2024_25,210527,-0.0017081251592822122,-0.0014672680951269175,0.28214443322752186,-0.07171862024636347,0.2089585448860314,0.05349607362910998,5.551115123125783e-17
ADAUSDT,adaptive126,reused_2026,76895,-0.022135143656982173,-0.0007225863018426623,0.12451569085690675,0.010248955084666975,0.13404205963973115,0.023108958558645483,8.326672684688674e-17
ADAUSDT,adaptive126,year2024,105407,0.016047759607415276,0.012251857974507596,0.16828480195064388,0.027748477152495867,0.20828513707764723,0.02951480291616571,1.1102230246251565e-16
ADAUSDT,adaptive126,year2025,105120,-0.019512487274990754,-0.0018640495446506447,0.10200455475189431,-0.09946709739885931,0.0006734078083842493,0.023981270712944258,1.1102230246251565e-16
ADAUSDT,filtered_moe,all,287422,-0.007369450828566047,-0.006570879580363835,0.39218233508005895,0.07542081490938393,0.46103227040907924,0.039602717663800496,2.220446049250313e-16
ADAUSDT,filtered_moe,development_2024_25,210527,5.095013101596209e-05,4.3765822004326746e-05,0.28611296063513425,0.0932351694340319,0.3793918958911705,0.02491168372911741,0.0
ADAUSDT,filtered_moe,reused_2026,76895,-0.0276853979358932,-0.0009037704755636074,0.10035849951812034,-0.01781435452464795,0.08164037451790881,0.014691033934683087,4.163336342344337e-17
ADAUSDT,filtered_moe,year2024,105407,0.004090177474268937,0.0031226959233684906,0.12028254719858535,0.154034262861437,0.2774395059833909,0.011624828424797683,5.551115123125783e-17
ADAUSDT,filtered_moe,year2025,105120,-0.0039993051636022445,-0.0003820580566725965,0.1631335413918572,-0.06079909342740501,0.10195238990777945,0.013286855304319726,1.3877787807814457e-16
ADAUSDT,kalman,all,287422,-0.02261696527707147,-0.020166137038711212,0.6704352324102206,0.1336400638434828,0.7839091592149925,0.18105912962343032,2.220446049250313e-16
ADAUSDT,kalman,development_2024_25,210527,-0.01607092938286782,-0.013804820925668353,0.2868737113393496,0.0698014211960503,0.34287031160973175,0.12438370227656287,2.220446049250313e-16
ADAUSDT,kalman,reused_2026,76895,-0.04053903171440823,-0.0013233683711628705,0.37852357332899106,0.0638386426474325,0.44103884760526063,0.056675427346867466,0.0
ADAUSDT,kalman,year2024,105407,-0.000216910523199229,-0.00016560298686086355,0.14398961397758347,0.11899705792506002,0.2628210689157826,0.0652983693607735,0.0
ADAUSDT,kalman,year2025,105120,-0.03196823309235305,-0.003053960753402444,0.13229884017636126,-0.0491956367290097,0.0800492426939492,0.05908533291578935,8.326672684688674e-17
ADAUSDT,trend_ensemble_long,all,287422,0.1280354566219646,0.11416122952048091,0.3309623683540131,-0.027132670547105633,0.4179909273273882,0.02923767518800381,2.220446049250313e-16
ADAUSDT,trend_ensemble_long,development_2024_25,210527,0.12718136176597503,0.10924793970743128,0.2592210797757077,-0.03092384456020451,0.3375451749229344,0.01978471387151071,1.1102230246251565e-16
ADAUSDT,trend_ensemble_long,reused_2026,76895,0.1303738404927873,0.004255962948268124,0.07239861544308687,0.0037911740130989156,0.0804457524044539,0.009452961316493104,1.3877787807814457e-17
ADAUSDT,trend_ensemble_long,year2024,105407,0.1317995016271916,0.10062393845313335,0.11942843501156004,0.09629425622471773,0.31634662968941113,0.010704697908577795,0.0
ADAUSDT,trend_ensemble_long,year2025,105120,0.12255061339885882,0.011707395981013302,0.13670925003743226,-0.12721810078492216,0.021198545233523304,0.009080015962932914,1.0408340855860843e-16
ADAUSDT,regime_gate_long,all,287422,0.12053187259726084,0.10747075173666155,0.22116602790714246,-0.03881159288652711,0.2898251867572768,0.03218165916273734,5.551115123125783e-17
ADAUSDT,regime_gate_long,development_2024_25,210527,0.11956119626640281,0.10270226847464668,0.1686890866717279,-0.0522934848530017,0.21909787029337283,0.021183163096401763,1.1102230246251565e-16
ADAUSDT,regime_gate_long,reused_2026,76895,0.12318943909581782,0.004021433183436356,0.05322399131399311,0.013481891966474537,0.07072731646390398,0.010998496066335576,1.3877787807814457e-17
ADAUSDT,regime_gate_long,year2024,105407,0.12617530396857926,0.09633007609355287,0.05307720258488031,0.07835142646334681,0.2277587051417799,0.012200662873283422,8.326672684688674e-17
ADAUSDT,regime_gate_long,year2025,105120,0.11292903064080051,0.010788235511811378,0.11119584095612997,-0.1306449113163485,-0.008660834848407071,0.008982500223118337,8.500145032286355e-17
ADAUSDT,expanding_tree,all,287422,0.1348586455272121,0.12024504142090983,0.22081531772489632,-0.03061445457022121,0.310445904575585,0.06390174786382131,1.1102230246251565e-16
ADAUSDT,expanding_tree,development_2024_25,210527,0.15823065252016053,0.13591907293930744,0.34922210636530227,-0.05206160921879555,0.43307957008581416,0.04627558019647575,0.0
ADAUSDT,expanding_tree,reused_2026,76895,0.07086958881085259,0.002313488219706716,-0.1463943083785104,0.0214471546485743,-0.12263366551022929,0.017626167667345566,6.938893903907228e-17
ADAUSDT,expanding_tree,year2024,105407,0.1649423480700156,0.12592724915955514,0.11869508585739968,-0.06836576759873067,0.17625656741822424,0.026758582446955972,1.1102230246251565e-16
ADAUSDT,expanding_tree,year2025,105120,0.15150063261126054,0.014473023415895533,0.22604582087175915,0.01630415837993513,0.25682300266758984,0.01951699774951977,5.551115123125783e-17
ADAUSDT,rolling_tree,all,287422,0.03134684242858801,0.027950023904694494,-0.16046384028323482,-0.14598243240693068,-0.27849624878547113,0.08218807374031395,1.1102230246251565e-16
ADAUSDT,rolling_tree,development_2024_25,210527,0.1429967941507592,0.12283329041942606,0.17602177151355425,-0.15306582965813179,0.1457892322748484,0.058283657739341084,8.326672684688674e-17
ADAUSDT,rolling_tree,reused_2026,76895,-0.27433401310445743,-0.008955442217619305,-0.42241343609390153,0.007083397251201065,-0.4242854810603197,0.02390441600097287,5.551115123125783e-17
ADAUSDT,rolling_tree,year2024,105407,0.2551377880335438,0.19478805885605333,0.08747594048606577,-0.2795569173335235,0.0027070820085954572,0.027920628404366713,1.3877787807814457e-16
ADAUSDT,rolling_tree,year2025,105120,0.030549631458572445,0.0029184401663946225,0.013672622424466574,0.1264910876753916,0.14308215026625296,0.03036302933497437,1.6653345369377348e-16
ADAUSDT,action_tcn,all,287422,0.05362978997174837,0.04781833816687963,0.2675866263053021,-0.5800580267201456,-0.2646530622479645,0.12219112941306326,5.551115123125783e-16
ADAUSDT,action_tcn,development_2024_25,210527,0.0878594310910601,0.07547066407597812,0.4212740549759949,-0.047313194389447734,0.449431524662525,0.09332869908205252,2.7755575615628914e-16
ADAUSDT,action_tcn,reused_2026,76895,-0.040085843761593694,-0.0013085743670245415,-0.18003118021276693,-0.532744832330698,-0.7140845869104895,0.02886243033101075,0.0
ADAUSDT,action_tcn,year2024,105407,0.1628447383911673,0.12432580344377268,0.2028291456490226,-0.0818738326618779,0.2452811164309174,0.03468139360944728,5.551115123125783e-17
ADAUSDT,action_tcn,year2025,105120,0.012669397923419314,0.0012103216313389643,0.16837944832783872,0.034560638272430166,0.2041504082316077,0.05864730547260525,1.3877787807814457e-16
ADAUSDT,vol_long,all,287422,0.6892639183101669,0.6145736380721752,-0.042199131714507225,-0.5081004620250344,0.06427404433263358,0.0017085683987536609,6.938893903907228e-17
ADAUSDT,vol_long,development_2024_25,210527,0.6798548548539076,0.5839907763336626,0.05456902239893096,-0.4755722713645329,0.1629875273680607,0.001132595727465682,8.326672684688674e-17
ADAUSDT,vol_long,reused_2026,76895,0.7150245256611767,0.023341476149007924,-0.08952676852393342,-0.032528190660501576,-0.09871348303542707,0.0005759726712879788,0.0
ADAUSDT,vol_long,year2024,105407,0.6871438838383838,0.5246083863911637,0.0010872232187779732,-0.1676861314644101,0.3580094781455316,0.0006362213073717856,5.551115123125783e-17
ADAUSDT,vol_long,year2025,105120,0.6725459252670862,0.06424905795365099,0.04861513116900082,-0.3078861399001227,-0.1950219507774708,0.0004963744200938962,1.1102230246251565e-16
ADAUSDT,hold,all,287422,1.2859870561175726,1.1466344350789812,-0.13522640318509832,-0.4708683061102195,0.5405397257836638,0.0003997183648248283,3.3306690738754696e-16
ADAUSDT,hold,development_2024_25,210527,1.329956064006105,1.142423369875746,-0.11766000403835226,-0.4043801454728329,0.6203832203645614,0.00019996000799840034,4.440892098500626e-16
ADAUSDT,hold,reused_2026,76895,1.165606494003663,0.03805040974469681,-0.05140574368820818,-0.06648816063738636,-0.07984349458089798,0.000199758356826428,2.636779683484747e-16
ADAUSDT,hold,year2024,105407,1.2191528504969373,0.9307771264596086,0.05117819100822902,-0.15893010856562928,0.8230252089022085,0.00019996000799840034,2.220446049250313e-16
ADAUSDT,hold,year2025,105120,1.4410617938991876,0.13766623100757383,-0.09485818263801755,-0.24545003690720396,-0.2026419885376478,0.0,1.1102230246251565e-16
AVAXUSDT,trend24,all,287422,-0.013056466127824604,-0.011641636353482301,0.20467505958421278,-0.3075092599343962,-0.114475836703666,0.16627804876513017,2.914335439641036e-16
AVAXUSDT,trend24,development_2024_25,210527,-0.009879632154884433,-0.00848653798796773,-0.03733031903399382,0.12814052528092224,0.08232366825896034,0.1052887434490708,3.3306690738754696e-16
AVAXUSDT,trend24,reused_2026,76895,-0.021754162022501435,-0.000710149422525524,0.23956042967521765,-0.4356497852153184,-0.1967995049626263,0.06098930531605939,5.551115123125783e-17
AVAXUSDT,trend24,year2024,105407,-0.014677903337813174,-0.011206024483027663,0.13602634700245697,0.07832761630498265,0.20314793882441182,0.0524327555858863,1.3877787807814457e-16
AVAXUSDT,trend24,year2025,105120,-0.005068260669163637,-0.0004841765613671476,-0.17015300298002373,0.04981290897593943,-0.12082427056545125,0.052855987863184475,1.942890293094024e-16
AVAXUSDT,trend72,all,287422,-0.026533211456701077,-0.023658009452549308,0.3111018555713643,-0.5100573213088836,-0.22261347519006847,0.0843534676130179,1.1102230246251565e-16
AVAXUSDT,trend72,development_2024_25,210527,-0.020509874894926595,-0.017617845451685876,0.43968861718279334,-0.19162919411486196,0.23044157761624554,0.05088570369595178,2.7755575615628914e-17
AVAXUSDT,trend72,reused_2026,76895,-0.043024205361905536,-0.0014044951288297665,-0.13322243048346258,-0.3184281271940215,-0.45305505280631403,0.03346776391706612,1.6653345369377348e-16
AVAXUSDT,trend72,year2024,105407,-0.015161837541587522,-0.011575489958501887,0.4098394304841815,0.05012683046067187,0.4483907709863515,0.02397821039641553,0.0
AVAXUSDT,trend72,year2025,105120,-0.025872513529852502,-0.002471629904717621,0.02627846111014557,-0.24175602457553386,-0.2179491933701059,0.026907493299536248,0.0
AVAXUSDT,trend168,all,287422,-0.03657106238855213,-0.03260813494401286,0.5075381258836338,-0.06037277642821319,0.41455721451140787,0.047598376985450115,1.1102230246251565e-16
AVAXUSDT,trend168,development_2024_25,210527,-0.029895557044440454,-0.02568008368648296,0.14207552961972963,0.2540549999310671,0.3704504458643138,0.02778433293631953,0.0
AVAXUSDT,trend168,reused_2026,76895,-0.05484759680014971,-0.0017904614829222629,0.36032500648929666,-0.3144277763592804,0.04410676864709398,0.019814044049130564,2.7755575615628914e-17
AVAXUSDT,trend168,year2024,105407,-0.01831986364090178,-0.013986523535469728,0.19962366357477496,0.1453370365846442,0.33097417662394923,0.012843517130226502,2.220446049250313e-16
AVAXUSDT,trend168,year2025,105120,-0.041502854557633,-0.003964813713883351,-0.06527688039217502,0.10871796334642274,0.0394762692403644,0.014940815806093029,4.163336342344337e-17
AVAXUSDT,trend336,all,287422,-0.04218966048348327,-0.037617888364056766,0.6483979425490444,-0.04540122379142076,0.5653788303935668,0.031202459618493387,0.0
AVAXUSDT,trend336,development_2024_25,210527,-0.04406794921044215,-0.03785407383222808,0.34467872543340483,0.08482440532231349,0.39164905692349006,0.017182823528945478,1.6653345369377348e-16
AVAXUSDT,trend336,reused_2026,76895,-0.037047187100032165,-0.0012093795430074532,0.3051647821268186,-0.13022562911373425,0.17372977347007687,0.014019636089547913,2.7755575615628914e-17
AVAXUSDT,trend336,year2024,105407,0.00029000040572046184,0.00022140434991280055,0.18569579791847343,0.011135196344138058,0.1970523986125241,0.008000366677480558,1.942890293094024e-16
AVAXUSDT,trend336,year2025,105120,-0.0885470054812836,-0.008458993613752044,0.12936644294654256,0.07368920897817541,0.19459665831096606,0.009182456851464918,1.1102230246251565e-16
AVAXUSDT,trend_ensemble,all,287422,-0.030329653402910366,-0.027043059905112996,0.28739464433460055,-0.36083188664426014,-0.1004803022147723,0.07526094522467304,3.0531133177191805e-16
AVAXUSDT,trend_ensemble,development_2024_25,210527,-0.027852272245891325,-0.02392491570135194,0.12077263679049159,0.008129129230310624,0.1049768503194505,0.046272456291857264,2.220446049250313e-16
AVAXUSDT,trend_ensemble,reused_2026,76895,-0.03711235218493451,-0.0012115068116820343,0.16471537015203,-0.36896101587457075,-0.20545715253422284,0.0289884889328158,5.551115123125783e-17
AVAXUSDT,trend_ensemble,year2024,105407,-0.019864545436118746,-0.015165829708654228,0.23815698713052874,0.06996944503440647,0.29296060245628114,0.02212395726800277,1.6653345369377348e-16
AVAXUSDT,trend_ensemble,year2025,105120,-0.03586180725195769,-0.003425918210029561,-0.12271751812270515,-0.06184031580409587,-0.18798375213683063,0.024148499023854495,2.7755575615628914e-17
AVAXUSDT,breakout,all,287422,-0.019789899286551574,-0.017645418653910915,0.5862627236838841,-0.26933780003594976,0.29927950499402384,0.11405678894477483,2.7755575615628914e-16
AVAXUSDT,breakout,development_2024_25,210527,-0.009347813884382774,-0.008029709648151832,0.45997980174625447,0.129667095046476,0.5816171871445791,0.06992813368032408,5.551115123125783e-16
AVAXUSDT,breakout,reused_2026,76895,-0.04837876609794884,-0.00157929102354848,0.11824650395541905,-0.3990048950824257,-0.28233768215055516,0.04412865526445076,0.0
AVAXUSDT,breakout,year2024,105407,-0.010009196855786042,-0.007641643526322122,0.3775338887964146,0.10621088729674497,0.47610313256683745,0.034143723148557695,0.0
AVAXUSDT,breakout,year2025,105120,-0.008684625196533602,-0.0008296518744593337,0.08288749870246956,0.02345620774973111,0.10551405457774149,0.03578441053176637,1.3877787807814457e-16
AVAXUSDT,range_only,all,287422,0.00963371942889871,0.008589786640943262,-0.3596439521577672,0.2966090634522172,-0.054445102064606635,0.05528072690267105,9.71445146547012e-17
AVAXUSDT,range_only,development_2024_25,210527,0.004672160718571837,0.00401335482965806,-0.21388126733541946,0.06533616497609686,-0.1445317475296644,0.03391430588590385,1.6653345369377348e-16
AVAXUSDT,range_only,reused_2026,76895,0.023217724508669664,0.0007579263974927664,-0.1419441794085553,0.23127289847612034,0.09008664546505782,0.021366421016767202,0.0
AVAXUSDT,range_only,year2024,105407,-0.00025382179965735015,-0.0001937833514653857,-0.17024478124383513,-0.016006173681872606,-0.1864447382771729,0.015823399075533574,1.942890293094024e-16
AVAXUSDT,range_only,year2025,105120,0.009611592218752437,0.0009182060619046143,-0.04034755397236567,0.08134233865796939,0.04191299074750841,0.018090906810370275,8.326672684688674e-17
AVAXUSDT,down_rebound,all,287422,0.03738725199684049,0.033335880301919085,0.3668131497756895,-0.2637818999770064,0.13636713010060209,0.11905566071126657,1.1102230246251565e-16
AVAXUSDT,down_rebound,development_2024_25,210527,0.04925299657693402,0.04230799486443882,0.15844962658084352,0.026162284214228206,0.2269199056595106,0.07744406926165144,5.551115123125783e-17
AVAXUSDT,down_rebound,reused_2026,76895,0.004900619456189588,0.0001599772987454384,0.19923143133358087,-0.2899441841912346,-0.09055277555890834,0.04161159144961511,8.326672684688674e-17
AVAXUSDT,down_rebound,year2024,105407,0.06137806556167875,0.04685983342274302,0.31981772063507874,0.03565374020693858,0.4023312942647603,0.037173453351028056,5.551115123125783e-17
AVAXUSDT,down_rebound,year2025,105120,0.037094823570132385,0.0035437096260622176,-0.16946364223860166,-0.009491455992710389,-0.17541138860524963,0.0402706159106234,2.220446049250313e-16
AVAXUSDT,selected_trend,all,287422,-0.04267459806439073,-0.03805027695341871,0.7705516198434008,-0.35990750758074896,0.37259383530923346,0.04816264722485823,2.7755575615628914e-16
AVAXUSDT,selected_trend,development_2024_25,210527,-0.03930116230726599,-0.0337594357424535,0.43246494291027826,-0.12033494172119043,0.2783705654466343,0.03480695034241262,5.551115123125783e-17
AVAXUSDT,selected_trend,reused_2026,76895,-0.05191056021589865,-0.001694583975340732,0.3354904196974982,-0.2395725658595585,0.09422326986259909,0.01335569688244563,1.5265566588595902e-16
AVAXUSDT,selected_trend,year2024,105407,-0.020001340522925615,-0.015270267587596144,0.3157381700897999,0.041834482100801804,0.34230238460300544,0.0124897225631717,1.1102230246251565e-16
AVAXUSDT,selected_trend,year2025,105120,-0.05865367671767284,-0.00560325077150965,0.1038408554371308,-0.16216942382199218,-0.063931819156371,0.022317227779240927,2.7755575615628914e-17
AVAXUSDT,selected_breakout,all,287422,-0.01889190128943386,-0.01684472985908296,0.5003139173506818,-0.5202293026003577,-0.03676011510875904,0.12023306405384752,1.6653345369377348e-16
AVAXUSDT,selected_breakout,development_2024_25,210527,-0.01995658999994022,-0.017142577424915345,0.3091557241332058,-0.06642749730851151,0.22558564939977876,0.07310358311639918,2.220446049250313e-16
AVAXUSDT,selected_breakout,reused_2026,76895,-0.015976942967608317,-0.0005215561422423219,0.19197759692555086,-0.45380180529184627,-0.2623457645085377,0.047129480937448336,5.551115123125783e-17
AVAXUSDT,selected_breakout,year2024,105407,-0.026845150753561735,-0.020495258053647932,0.30525895098721595,0.005560553798812578,0.2903242467323807,0.025162888932563937,1.1102230246251565e-16
AVAXUSDT,selected_breakout,year2025,105120,-0.013049222007579277,-0.0012466066472443015,0.0084960604219666,-0.07198805110732417,-0.06473859733260187,0.04794069418383526,0.0
AVAXUSDT,regime_gate,all,287422,-0.0014567782168216116,-0.0012989182587292672,0.27028899802955114,-0.30684787278928505,-0.037857793018463176,0.08524172658541986,2.7755575615628914e-17
AVAXUSDT,regime_gate,development_2024_25,210527,0.005051012611230563,0.004338786073297248,0.10472231349268403,-0.01025180863904533,0.09880929092693597,0.05553212008808883,2.7755575615628914e-17
AVAXUSDT,regime_gate,reused_2026,76895,-0.019274135387734415,-0.0006291906854936848,0.1605581708903343,-0.2965960641502398,-0.13666708394539923,0.029709606497331023,2.7755575615628914e-17
AVAXUSDT,regime_gate,year2024,105407,0.015941490790134197,0.01217072574868306,0.2805356180687586,0.06232708753009544,0.35503343134753695,0.026357149470925722,1.1102230246251565e-16
AVAXUSDT,regime_gate,year2025,105120,-0.005869198893751317,-0.0005606910780351241,-0.18308455317342498,-0.07257889616914069,-0.25622414042060093,0.029174970617163128,1.1102230246251565e-16
AVAXUSDT,gate_no_range,all,287422,-0.0022277800781190286,-0.0019863725215603398,0.2967624353171459,-0.293243462628102,0.0015326001674837303,0.08184316876959313,2.0816681711721685e-16
AVAXUSDT,gate_no_range,development_2024_25,210527,0.0044091171953151865,0.0037874022013000513,0.08852316622586824,-0.006977499753094273,0.08533306867407417,0.05371164542227341,1.6653345369377348e-16
AVAXUSDT,gate_no_range,reused_2026,76895,-0.02039861137123671,-0.0006658984184554047,0.20313139278687273,-0.2862659628750077,-0.08380046850659043,0.02813152334731971,0.0
AVAXUSDT,gate_no_range,year2024,105407,0.014748368921781736,0.011259822293313569,0.2692744218405644,0.06421202988994627,0.3447462740238243,0.025639044079498016,5.551115123125783e-17
AVAXUSDT,gate_no_range,year2025,105120,-0.005958362891553728,-0.0005692090136094291,-0.1876544666931002,-0.07118952964304054,-0.2594132053497501,0.028072601342775404,5.551115123125783e-17
AVAXUSDT,adaptive14,all,287422,-0.003126134384625096,-0.00278737901524248,0.2385475823945572,-0.26084006434312434,-0.025079860963809666,0.07596046555814182,4.163336342344337e-17
AVAXUSDT,adaptive14,development_2024_25,210527,0.003990961086957261,0.003428208899075147,0.047889197637260086,-0.04154935145613731,0.009768055080198138,0.05077878508338329,2.1510571102112408e-16
AVAXUSDT,adaptive14,reused_2026,76895,-0.022611676465980446,-0.000738142382503207,0.18518093922548254,-0.21929071288698718,-0.034847916044007804,0.02518168047475852,5.551115123125783e-17
AVAXUSDT,adaptive14,year2024,105407,0.01534879410681787,0.011718224230489958,0.24245630156043346,0.012501356238339967,0.26667588202926334,0.02434788615313566,0.0
AVAXUSDT,adaptive14,year2025,105120,-0.007397881237285963,-0.0007067277973022524,-0.2021503914572857,-0.05405070769447727,-0.25690782694906533,0.026430898930247637,1.1102230246251565e-16
AVAXUSDT,adaptive42,all,287422,-0.0032892309844480606,-0.002932802078959701,0.291382068143388,-0.25212657134115607,0.03632269472327228,0.07456957252008509,6.938893903907228e-17
AVAXUSDT,adaptive42,development_2024_25,210527,0.0034061343726827903,0.0029258466603540533,0.11330875547456822,-0.028334611124781195,0.08789999101014097,0.050640248991225975,1.1102230246251565e-16
AVAXUSDT,adaptive42,reused_2026,76895,-0.021620139138953384,-0.0007057743391158109,0.1729204382686221,-0.22379196021637487,-0.05157729628686869,0.023929323528859108,1.1102230246251565e-16
AVAXUSDT,adaptive42,year2024,105407,0.014836188294426171,0.011326869065409582,0.24353466950947855,0.03879502466970175,0.29365656324458994,0.024604855391624245,5.551115123125783e-17
AVAXUSDT,adaptive42,year2025,105120,-0.00805512603189488,-0.0007695151212783722,-0.13785742131868756,-0.067129635794483,-0.20575657223444893,0.02603539359960173,0.0
AVAXUSDT,adaptive126,all,287422,-0.0036270041578901372,-0.0032339733466424927,0.2707672346540228,-0.291209224967156,-0.023675963659775357,0.07470842609129164,3.434752482434078e-16
AVAXUSDT,adaptive126,development_2024_25,210527,0.00336402466439871,0.00288967470238916,0.10906354130019934,-0.049639100147858856,0.06231411585472987,0.050293921716890164,2.3592239273284576e-16
AVAXUSDT,adaptive126,reused_2026,76895,-0.022767394623720218,-0.0007432256929833466,0.15632327099777532,-0.24157012481929713,-0.08599007951450521,0.02441450437440147,5.551115123125783e-17
AVAXUSDT,adaptive126,year2024,105407,0.013793070543840937,0.01053048808491728,0.22589537663837583,0.02361157684304622,0.2600374415663395,0.024083419583175194,1.6653345369377348e-16
AVAXUSDT,adaptive126,year2025,105120,-0.007093494732617716,-0.0006776494170102701,-0.12379499930369434,-0.07325067699090514,-0.19772332571160975,0.02621050213371496,0.0
AVAXUSDT,filtered_moe,all,287422,-0.004841983228995829,-0.004317294391129499,0.23914522088068885,-0.2514231488163675,-0.016595222326808146,0.04287077543504577,1.0408340855860843e-17
AVAXUSDT,filtered_moe,development_2024_25,210527,0.00041079756397493106,0.00035287236178264747,0.1059608187859272,-0.009232651770017176,0.09708103937769266,0.02604768678757863,2.7755575615628914e-17
AVAXUSDT,filtered_moe,reused_2026,76895,-0.019223310779574614,-0.000627531551664607,0.12914176689351414,-0.2421904970463503,-0.11367626170450078,0.016823088647467135,1.3877787807814457e-17
AVAXUSDT,filtered_moe,year2024,105407,0.004752230668590476,0.003628148516554676,0.21773192581587045,0.0068699021777229655,0.22822997651014806,0.010865077579108437,5.551115123125783e-17
AVAXUSDT,filtered_moe,year2025,105120,-0.00394248857813133,-0.00037663030526483997,-0.1146697528794505,-0.01610255394774017,-0.1311489371324554,0.015182609208470197,1.1102230246251565e-16
AVAXUSDT,kalman,all,287422,-0.013414326729029783,-0.011960718327401025,0.5358823225247566,-0.28708791647503706,0.23683368772231866,0.17967895894545238,1.6653345369377348e-16
AVAXUSDT,kalman,development_2024_25,210527,-0.009616723346820915,-0.008260701079060219,0.3200917265056193,0.024215714207583033,0.3360467396341424,0.1152819455870898,2.7755575615628914e-16
AVAXUSDT,kalman,reused_2026,76895,-0.023811596346641924,-0.0007773129287852127,0.21286789169958145,-0.31130363068262,-0.09921305191182378,0.06439701335836254,2.7755575615628914e-17
AVAXUSDT,kalman,year2024,105407,-0.011025111290830173,-0.008417255803481448,0.2684041305807843,0.06869176411719646,0.3286786388944993,0.05590275556888479,0.0
AVAXUSDT,kalman,year2025,105120,-0.008204490203611402,-0.0007837840462161047,0.05262793469547259,-0.0444760499096135,0.007368100739643169,0.05937919001820501,1.8735013540549517e-16
AVAXUSDT,trend_ensemble_long,all,287422,0.13485527474174427,0.12024203590178559,0.1958311483708397,-0.18715544298903566,0.12891774128358963,0.031207243160074997,2.7755575615628914e-17
AVAXUSDT,trend_ensemble_long,development_2024_25,210527,0.13266559158091012,0.11395885646319144,0.1123813032888077,-0.072814460924231,0.15352569882776815,0.019204033518641753,0.0
AVAXUSDT,trend_ensemble_long,reused_2026,76895,0.14085029947418368,0.0045979596332268715,0.08513506488739925,-0.11434098206480461,-0.024607957544178577,0.012003209641433242,8.326672684688674e-17
AVAXUSDT,trend_ensemble_long,year2024,105407,0.1337428476655645,0.10210760970942914,0.06418992703728722,0.0452735476332089,0.2115710843799253,0.009171810955967639,2.7755575615628914e-17
AVAXUSDT,trend_ensemble_long,year2025,105120,0.13158539435759237,0.012570498623685164,0.047472124381597564,-0.11808800855743987,-0.058045385552157124,0.010032222562674116,2.0816681711721685e-17
AVAXUSDT,regime_gate_long,all,287422,0.12448890878883496,0.11099899405957485,0.15368704031265326,-0.1765425739996924,0.08814346037253579,0.03352704540813375,2.7755575615628914e-17
AVAXUSDT,regime_gate_long,development_2024_25,210527,0.12690601261324433,0.10901141662560292,0.07040215619135096,-0.11067172062050323,0.06874185219645071,0.02164563466278402,5.551115123125783e-17
AVAXUSDT,regime_gate_long,reused_2026,76895,0.11787124032090568,0.003847824299537571,0.08142463725573668,-0.06587085337918912,0.019401608176085106,0.011881410745349735,2.7755575615628914e-17
AVAXUSDT,regime_gate_long,year2024,105407,0.13366762320384432,0.10205017867583001,0.05148570233581777,0.011313788689603702,0.1648496697012515,0.010542364683724085,2.7755575615628914e-17
AVAXUSDT,regime_gate_long,year2025,105120,0.12012594138490174,0.011475764375065412,0.014401927430240753,-0.12198550931010695,-0.09610781750480074,0.011103269979059934,4.163336342344337e-17
AVAXUSDT,expanding_tree,all,287422,0.16060306269881494,0.14319973221625762,0.13799177936110033,-0.2945224097305765,-0.013330898153218789,0.0633579015159585,2.6020852139652106e-16
AVAXUSDT,expanding_tree,development_2024_25,210527,0.20525118620462687,0.17630939710035995,0.22215158589847478,-0.3792240530823581,0.019236929916476603,0.043050866616567825,2.7755575615628914e-17
AVAXUSDT,expanding_tree,reused_2026,76895,0.03836318367796745,0.0012523393319848293,-0.11852181075346195,0.08470164335178156,-0.03256782806969538,0.02030703489939069,1.8041124150158794e-16
AVAXUSDT,expanding_tree,year2024,105407,0.2109183366834134,0.16102817891604557,0.14926947014576086,-0.32941769289236356,-0.019120043830557057,0.02169798896343124,9.71445146547012e-17
AVAXUSDT,expanding_tree,year2025,105120,0.19956856319742125,0.019065006122081517,0.06909832781494683,-0.049806360189994715,0.03835697374703362,0.021352877653136582,2.0816681711721685e-17
AVAXUSDT,rolling_tree,all,287422,0.0772299972101946,0.06886117072563022,-0.15057109776569105,-0.16936783489958124,-0.2510777619396421,0.0810737277881322,5.551115123125783e-17
AVAXUSDT,rolling_tree,development_2024_25,210527,0.19370469672825583,0.16639103981410744,0.17564653050359139,-0.1708662892198688,0.17117128109783003,0.05149970019282076,0.0
AVAXUSDT,rolling_tree,reused_2026,76895,-0.24166029559738555,-0.007888831534320684,-0.41585866582343894,0.0014984543202876122,-0.42224904303747207,0.02957402759531143,5.551115123125783e-17
AVAXUSDT,rolling_tree,year2024,105407,0.25678985324212117,0.1960493482070455,0.0986880873235198,-0.34075988037519717,-0.046022444844632,0.020067346637855824,1.3877787807814457e-16
AVAXUSDT,rolling_tree,year2025,105120,0.13044730429430415,0.012461775618035192,0.03483835916909819,0.1698935911553285,0.21719372594246197,0.03143235355496494,8.326672684688674e-17
AVAXUSDT,action_tcn,all,287422,0.11850146380085959,0.10566036287452975,0.34338742760037916,-0.9166784911048705,-0.46763070062996187,0.12118362284682634,2.7755575615628914e-16
AVAXUSDT,action_tcn,development_2024_25,210527,0.12446128629622416,0.10691141305924354,0.37500320917302543,-0.4483243634755748,0.03359025875669422,0.08785160227401193,2.7755575615628914e-17
AVAXUSDT,action_tcn,reused_2026,76895,0.10218436190240565,0.00333573711187191,-0.03620256886923229,-0.4683541276292957,-0.5012209593866561,0.03333202057281438,0.0
AVAXUSDT,action_tcn,year2024,105407,0.1407840018143631,0.10748326479886813,0.28537817061435633,-0.20988474695946202,0.1829766884537625,0.027733382163817204,8.326672684688674e-17
AVAXUSDT,action_tcn,year2025,105120,0.10809400628651647,0.01032634027421501,0.07872684654482953,-0.23843961651611273,-0.14938642969706842,0.06011822011019473,2.498001805406602e-16
AVAXUSDT,vol_long,all,287422,0.6779805994615447,0.6045130065345099,0.008343078889708764,-0.6520456964393546,-0.039189611015136364,0.0012401550951146605,4.0245584642661925e-16
AVAXUSDT,vol_long,development_2024_25,210527,0.6513665845986992,0.5595195425931645,0.10766325439955733,-0.6789926620222989,-0.011809865029577205,0.0007498486812940564,1.6653345369377348e-16
AVAXUSDT,vol_long,reused_2026,76895,0.7508457884469174,0.024510836249163316,-0.07883754781766658,0.026946965582944182,-0.027379745985559145,0.0004903064138206041,6.938893903907228e-17
AVAXUSDT,vol_long,year2024,105407,0.6653929623638062,0.5080023798681066,0.04904691234203876,-0.39936220088159025,0.157687091328555,0.00043396764106792623,8.326672684688674e-17
AVAXUSDT,vol_long,year2025,105120,0.6373019118334152,0.0608821582720866,0.04925134651048982,-0.27963046114070866,-0.16949695635813222,0.0003158810402261304,0.0
AVAXUSDT,hold,all,287422,1.3014881178103368,1.1604557647981677,-0.046346138289334295,-0.9996777237140855,0.11443190279474774,0.0003998814688269919,2.7755575615628914e-16
AVAXUSDT,hold,development_2024_25,210527,1.3714312351070534,1.1780502646414226,-0.04354523442338488,-1.0128912842469502,0.1216137459710879,0.00019996000799840037,5.828670879282072e-16
AVAXUSDT,hold,reused_2026,76895,1.1099943320619026,0.03623498956682521,-0.05663039327602972,0.013213560532864183,-0.007181843176340186,0.00019992146082859155,1.457167719820518e-16
AVAXUSDT,hold,year2024,105407,1.3678518179366417,1.0443031683866923,0.016481227759831227,-0.6089031887056846,0.4518812074408392,0.00019996000799840037,5.551115123125783e-17
AVAXUSDT,hold,year2025,105120,1.3750204248490778,0.1313572257961395,-0.0576365917246253,-0.403988095541265,-0.330267461469751,0.0,1.6653345369377348e-16
BCHUSDT,trend24,all,287422,-0.007642537398059348,-0.006814373838606182,0.05149439569340277,-0.2676546963731287,-0.222974674518332,0.19125430352250938,1.3877787807814457e-16
BCHUSDT,trend24,development_2024_25,210527,0.0005968004530203168,0.000512647600274194,-0.20689593797592198,-0.5289589034503386,-0.7353421938259864,0.13107083796020078,0.0
BCHUSDT,trend24,reused_2026,76895,-0.030200611132037487,-0.0009858778533115026,0.25204919008375587,0.2613042070772099,0.5123675193076545,0.0601834655623086,2.220446049250313e-16
BCHUSDT,trend24,year2024,105407,-0.002484965204557298,-0.0018971770205082796,0.1361242482315245,-0.011625103553453215,0.1226019676575629,0.05993369668423414,1.249000902703301e-16
BCHUSDT,trend24,year2025,105120,0.003686979987535951,0.0003522212862996312,-0.34096258287296366,-0.5173337998968853,-0.8579441614835494,0.07113714127596663,0.0
BCHUSDT,trend72,all,287422,-0.013233256883070074,-0.01179926964131653,0.4738331024881148,-0.12339351957569429,0.33864031327110433,0.09910520515553169,3.885780586188048e-16
BCHUSDT,trend72,development_2024_25,210527,0.0044008025058272,0.0037802599386032496,0.5024040888627841,-0.5882031812145165,-0.08201883241312904,0.0674200846712714,8.326672684688674e-17
BCHUSDT,trend72,reused_2026,76895,-0.061512671942129504,-0.0020080382049431056,-0.042142477749646,0.4648096616388224,0.4206591456842333,0.031685120484260275,5.551115123125783e-17
BCHUSDT,trend72,year2024,105407,0.002670279644065689,0.0020386575915677546,0.6450149571931808,-0.05550288087391962,0.591550733910829,0.028725285255707125,0.0
BCHUSDT,trend72,year2025,105120,0.006136050063758093,0.000586183666188054,-0.1414554496495492,-0.5327003003405971,-0.673569566323958,0.038694799415564286,2.220446049250313e-16
BCHUSDT,trend168,all,287422,-0.013866300829705124,-0.012363715437778488,0.3031466080214163,-0.04916830846944753,0.2416145841141904,0.0563434239960423,1.1102230246251565e-16
BCHUSDT,trend168,development_2024_25,210527,0.012908804484288862,0.011088576772669032,0.1518917585684829,-0.600125541656602,-0.43714520631544995,0.03838696105313841,1.6653345369377348e-16
BCHUSDT,trend168,reused_2026,76895,-0.08717253135755755,-0.002845686390476709,0.13064824363296276,0.5509572331871544,0.6787597904296405,0.017956462942903893,1.1102230246251565e-16
BCHUSDT,trend168,year2024,105407,0.006459181405731642,0.004931340894341236,0.15665923289682127,-0.11267184346278097,0.0489187303283816,0.016615601963276425,9.020562075079397e-17
BCHUSDT,trend168,year2025,105120,0.019376036408199453,0.001851014242050575,-0.00046125269206121784,-0.4874536981938209,-0.4860639366438315,0.02177135908986198,0.0
BCHUSDT,trend336,all,287422,-0.007768944962318817,-0.006927083578058734,0.23142159579766747,-0.4737566151050029,-0.24926210288539435,0.039145563009946344,1.6653345369377348e-16
BCHUSDT,trend336,development_2024_25,210527,0.029554251860656255,0.025386904814813847,0.11536552872671126,-0.7234391899546503,-0.5826867564131252,0.027141017833553178,0.0
BCHUSDT,trend336,reused_2026,76895,-0.10995427115453514,-0.003589380371620005,0.08733145904970352,0.24968257484964745,0.33342465352773104,0.012004545176393164,5.551115123125783e-17
BCHUSDT,trend336,year2024,105407,0.02000716763147016,0.015274716364748614,0.1691836558568438,-0.157637580208484,0.026820792013108274,0.010873777876387679,1.3877787807814457e-16
BCHUSDT,trend336,year2025,105120,0.03912740166417434,0.0037378840650903952,-0.04744382274515761,-0.5658016097461662,-0.6095075484262334,0.016267239957165502,0.0
BCHUSDT,trend_ensemble,all,287422,-0.012061571979817215,-0.010754551305513093,0.2276547656599688,-0.1400121956590584,0.07688801869539735,0.08695915416279652,5.551115123125783e-17
BCHUSDT,trend_ensemble,development_2024_25,210527,0.007081043469069046,0.006082569011943969,0.08579428756283233,-0.5483046282502013,-0.4564277716754248,0.05984951579531673,2.220446049250313e-16
BCHUSDT,trend_ensemble,reused_2026,76895,-0.06447118772346346,-0.002104616885908789,0.12712797466558823,0.4082924325911429,0.5333157903708223,0.02710963836747978,0.0
BCHUSDT,trend_ensemble,year2024,105407,0.0017161565043553768,0.0013102206331451934,0.29655720241280853,-0.01374002732690912,0.28412739571904483,0.025553596404538578,1.6653345369377348e-16
BCHUSDT,trend_ensemble,year2025,105120,0.012460577718399084,0.0011903728056154124,-0.20718093927679287,-0.5345646009232922,-0.7405551673944697,0.03429591939077816,0.0
BCHUSDT,breakout,all,287422,-0.008021051832039381,-0.007151871546776158,0.7180139253085501,-0.10479899175120297,0.606063062010571,0.13571052433153086,0.0
BCHUSDT,breakout,development_2024_25,210527,0.011623783613176451,0.009984752433152982,0.5292995592037285,-0.5431298629824237,-0.0038455513455422433,0.09205772902292743,7.632783294297951e-17
BCHUSDT,breakout,reused_2026,76895,-0.06180567075101919,-0.0020176029463805584,0.17359534507127314,0.4383308712312208,0.6099086133561133,0.04365279530860342,0.0
BCHUSDT,breakout,year2024,105407,0.006263830083395044,0.004782197542561819,0.4499747921272528,-0.0063824267590715,0.4483745629107433,0.04117507823144275,2.220446049250313e-16
BCHUSDT,breakout,year2025,105120,0.0169983709582456,0.0016238732252823703,0.0829034487417844,-0.5367474362233523,-0.4522201142562855,0.05088265079148467,0.0
BCHUSDT,range_only,all,287422,0.005347504471102476,0.004768036147126137,-0.3221090097054293,0.16420029286105742,-0.1531406806972458,0.06521276017241778,0.0
BCHUSDT,range_only,development_2024_25,210527,-0.004794044836217639,-0.004118052472071765,-0.22167620405948477,0.4890910678833539,0.2632968113517973,0.044828698318810714,5.551115123125783e-17
BCHUSDT,range_only,reused_2026,76895,0.03311354844043966,0.0010809686568678599,-0.0926276856836146,-0.32489077502229646,-0.41643749204904323,0.02038406185360707,5.551115123125783e-17
BCHUSDT,range_only,year2024,105407,-0.005100656706333241,-0.003894158628462898,-0.23303645343866397,0.11368690940027647,-0.1232437026668504,0.018773545334587197,0.0
BCHUSDT,range_only,year2025,105120,-0.004486595850360759,-0.0004286094762821777,0.011564965011852533,0.3754041584830775,0.3865405140186477,0.02605515298422353,1.6653345369377348e-16
BCHUSDT,down_rebound,all,287422,0.043584073181664296,0.0388611991803202,0.40732363006686617,0.08702303041563224,0.5332078596628187,0.1298958210474769,1.1102230246251565e-16
BCHUSDT,down_rebound,development_2024_25,210527,0.06449505070596011,0.05540081748705936,0.3056135206515754,-0.3735501518908563,-0.01253581375222139,0.08439981028213722,1.249000902703301e-16
BCHUSDT,down_rebound,reused_2026,76895,-0.013667053227821689,-0.00044615140529541533,0.0856166425138469,0.4605731823064886,0.54574367341504,0.0454960107653397,0.0
BCHUSDT,down_rebound,year2024,105407,0.0693143346703951,0.052918874955402526,0.34415521563771667,0.009909523172245055,0.40698361376536435,0.03990871836033431,5.551115123125783e-17
BCHUSDT,down_rebound,year2025,105120,0.05966260906936193,0.005699635197761645,-0.04175938765224598,-0.3834596750631014,-0.41951942751758564,0.04449109192180291,1.1102230246251565e-16
BCHUSDT,selected_trend,all,287422,-0.021575462557349368,-0.019237494034895015,0.5221075048518693,-0.12525889877555094,0.3776111120414235,0.08661662075094202,2.220446049250313e-16
BCHUSDT,selected_trend,development_2024_25,210527,0.0044008025058272,0.0037802599386032496,0.5024040888627841,-0.5882031812145165,-0.08201883241312904,0.0674200846712714,8.326672684688674e-17
BCHUSDT,selected_trend,reused_2026,76895,-0.09269458805257494,-0.0030259500737692953,-0.00028838791064386,0.4629442824389658,0.45962994445455263,0.019196536079670617,0.0
BCHUSDT,selected_trend,year2024,105407,0.002670279644065689,0.0020386575915677546,0.6450149571931808,-0.05550288087391962,0.591550733910829,0.028725285255707125,0.0
BCHUSDT,selected_trend,year2025,105120,0.006136050063758093,0.000586183666188054,-0.1414554496495492,-0.5327003003405971,-0.673569566323958,0.038694799415564286,2.220446049250313e-16
BCHUSDT,selected_breakout,all,287422,-0.008725958344449003,-0.007780392710185446,0.2891518179741227,-0.3677783209103185,-0.08640689564638138,0.09431142107894816,1.1102230246251565e-16
BCHUSDT,selected_breakout,development_2024_25,210527,0.01677851585839625,0.01441263297880997,0.20528687393040382,-0.7749618587238138,-0.5552623518145998,0.06969277818506893,2.220446049250313e-16
BCHUSDT,selected_breakout,reused_2026,76895,-0.07855339108393014,-0.002564320577274994,0.06423623893199823,0.40718353781349537,0.4688554561682185,0.02461864289387923,1.1102230246251565e-16
BCHUSDT,selected_breakout,year2024,105407,0.0032478842840903046,0.0024796369050744315,0.36802881786270114,-0.05009134070895883,0.32041711405881684,0.032947946972077986,1.1102230246251565e-16
BCHUSDT,selected_breakout,year2025,105120,0.030346088940139668,0.0028989955239226216,-0.15370794338248436,-0.724870518014855,-0.875679465873417,0.03674483121299092,2.220446049250313e-16
BCHUSDT,regime_gate,all,287422,0.005843859634098967,0.005210605082181563,0.2852581663777927,-0.09442420455889555,0.19604456690107888,0.09467814311554093,1.942890293094024e-16
BCHUSDT,regime_gate,development_2024_25,210527,0.02480048848839483,0.021303453851048884,0.17350310424034007,-0.4668866746219227,-0.27208011653053354,0.06313823055685869,2.220446049250313e-16
BCHUSDT,regime_gate,reused_2026,76895,-0.046056552652894274,-0.0015034839878520123,0.09716569735643726,0.37246247006302724,0.4681246834316124,0.03153991255868226,1.1102230246251565e-16
BCHUSDT,regime_gate,year2024,105407,0.025305990893146675,0.019320167668996694,0.2610556797788194,-0.01967876636805,0.26069708107976614,0.02889009877288506,5.551115123125783e-17
BCHUSDT,regime_gate,year2025,105120,0.024293605954360618,0.0023207951133523315,-0.08789008446977936,-0.4472079082538728,-0.5327771976102996,0.03424813178397362,2.220446049250313e-16
BCHUSDT,gate_no_range,all,287422,0.004129643307727133,0.003682145320753895,0.3136176475852869,-0.0918788625753535,0.2254209303306872,0.09000056469792714,8.326672684688674e-17
BCHUSDT,gate_no_range,development_2024_25,210527,0.022401433972542104,0.019242682056633036,0.1744043753174178,-0.46889180764040705,-0.2752447502663562,0.06009146788890119,0.0
BCHUSDT,gate_no_range,reused_2026,76895,-0.04589578452622177,-0.0014982358246637957,0.12515097135665365,0.37701294506505345,0.5006656805970434,0.029909096809025947,1.1102230246251565e-16
BCHUSDT,gate_no_range,year2024,105407,0.022989392942268413,0.017551532683644542,0.26250309462771065,0.001062287101812484,0.2811169144131677,0.027589361121917753,5.551115123125783e-17
BCHUSDT,gate_no_range,year2025,105120,0.021811869749540386,0.002083712101979023,-0.08849128203928337,-0.46995409474221955,-0.556361664679524,0.03250210676698343,1.1102230246251565e-16
BCHUSDT,adaptive14,all,287422,0.005578620373055065,0.004974107779350207,0.33196456425496906,-0.03892974773223475,0.2980089243020846,0.08454564151379337,5.551115123125783e-17
BCHUSDT,adaptive14,development_2024_25,210527,0.02407267102462108,0.020678263514223583,0.2135591613436724,-0.42264412934737344,-0.18840670448947733,0.05658731725265878,1.3877787807814457e-16
BCHUSDT,adaptive14,reused_2026,76895,-0.04505532203571325,-0.0014707995137789346,0.10417204669020214,0.38371438161513866,0.48641562879156197,0.027958324261134603,1.1102230246251565e-16
BCHUSDT,adaptive14,year2024,105407,0.024385614940894532,0.018617495412806183,0.23552500856682695,-0.011674206579710248,0.24246829739992282,0.02637322632966537,5.551115123125783e-17
BCHUSDT,adaptive14,year2025,105120,0.023758872704771044,0.0022697114531116114,-0.02217479057484869,-0.41096992276766325,-0.4308750018894002,0.030214090922993396,1.1102230246251565e-16
BCHUSDT,adaptive42,all,287422,0.006984828606810402,0.00622793593885234,0.3338551441459679,-0.010671419719921499,0.329411660364899,0.08474575274306564,2.220446049250313e-16
BCHUSDT,adaptive42,development_2024_25,210527,0.02592360783974738,0.022268205867201917,0.22360021967923996,-0.4138920561426619,-0.16802363059621994,0.0566492880559467,8.326672684688674e-17
BCHUSDT,adaptive42,reused_2026,76895,-0.04486671408871629,-0.001464642539104154,0.0956792970774826,0.40322063642274053,0.49743529096111894,0.02809646468711894,5.551115123125783e-17
BCHUSDT,adaptive42,year2024,105407,0.025396779050102458,0.019389480995716493,0.25504310187920365,0.007654241336467784,0.2820868242113879,0.02649762267819142,0.0
BCHUSDT,adaptive42,year2025,105120,0.026451874984249873,0.0025269769468469834,-0.031091134275325203,-0.42154629747912964,-0.4501104548076079,0.030151665377755276,5.551115123125783e-17
BCHUSDT,adaptive126,all,287422,0.008885819243197342,0.007922930701104976,0.31278271704561705,-0.009393293221334392,0.3113123545253875,0.08605125796743472,1.1102230246251565e-16
BCHUSDT,adaptive126,development_2024_25,210527,0.02775107095534786,0.02383798446918011,0.20926265749649517,-0.42459162469989153,-0.1914909827342164,0.0571156137927175,1.1102230246251565e-16
BCHUSDT,adaptive126,reused_2026,76895,-0.04276441610635609,-0.0013960144900620698,0.0890010202711088,0.4151983314785572,0.5028033372596039,0.028935644174717202,0.0
BCHUSDT,adaptive126,year2024,105407,0.02772556138132798,0.021167418294984974,0.24186017885844335,-0.018411856332788797,0.2446157408206395,0.025915952343077444,2.7755575615628914e-17
BCHUSDT,adaptive126,year2025,105120,0.027776650175940658,0.0026535341898080477,-0.032580489377561056,-0.4061797683671029,-0.4361067235548559,0.031199661449640058,0.0
BCHUSDT,filtered_moe,all,287422,0.004441660730084609,0.003960351791898154,0.14059172868547193,-0.15205763158870875,-0.007505551111338764,0.045302128982451,1.0408340855860843e-16
BCHUSDT,filtered_moe,development_2024_25,210527,0.01887423833384398,0.016212844577916108,0.1296216898609874,-0.44586569792666464,-0.3000311634877612,0.030115200957120152,5.551115123125783e-17
BCHUSDT,filtered_moe,reused_2026,76895,-0.03507257641389938,-0.0011449197565528205,-0.00013753420498049604,0.2938080663379559,0.29252561237642244,0.01518692802533085,1.6653345369377348e-16
BCHUSDT,filtered_moe,year2024,105407,0.011496626669838686,0.008777239975586009,0.18739358122194721,-0.12378122521957566,0.0723895959779575,0.011726189942051001,8.326672684688674e-17
BCHUSDT,filtered_moe,year2025,105120,0.02627199244978582,0.0025097925688774927,-0.05284607932750725,-0.3220844727070889,-0.37242075946571873,0.018389011015069148,1.1102230246251565e-16
BCHUSDT,kalman,all,287422,-0.010073169656063976,-0.008981616994580121,0.5888062392366019,-0.21205709254304111,0.3677675296989814,0.20406388244152143,7.216449660063518e-16
BCHUSDT,kalman,development_2024_25,210527,0.0025298894202286535,0.00217315810280583,0.3408056820049544,-0.54499588921208,-0.20201704910431945,0.14073422182047415,2.7755575615628914e-16
BCHUSDT,kalman,reused_2026,76895,-0.04457845892265685,-0.0014552326505731514,0.23830101478483479,0.332938796669039,0.5697845788033007,0.06332966062104728,0.0
BCHUSDT,kalman,year2024,105407,0.0021867162598092644,0.0016694752227812497,0.2869743287889379,-0.10381124941198307,0.1848325545997362,0.06317732484626981,5.551115123125783e-17
BCHUSDT,kalman,year2025,105120,0.0028739995165026825,0.00027455636047637273,0.0540604797355649,-0.4411846398000969,-0.3868496037040557,0.07755689697420431,5.551115123125783e-17
BCHUSDT,trend_ensemble_long,all,287422,0.11212527271654163,0.09997511104626085,0.25121173006391334,-0.10394657882473057,0.2472402622854437,0.03966099391155528,1.1102230246251565e-16
BCHUSDT,trend_ensemble_long,development_2024_25,210527,0.12082317631991449,0.10378630090584298,0.13810845443690317,-0.2511780245028216,-0.009283269160075356,0.029414952610349876,7.979727989493313e-17
BCHUSDT,trend_ensemble_long,reused_2026,76895,0.08831171459303203,0.002882874231405088,0.10640921153602294,0.14723144567809107,0.25652353144551904,0.010246041301205414,5.551115123125783e-17
BCHUSDT,trend_ensemble_long,year2024,105407,0.11914544819608056,0.0909630468874244,0.1709436773579087,0.07332452857871802,0.3352312528240512,0.011631821895697697,1.1102230246251565e-16
BCHUSDT,trend_ensemble_long,year2025,105120,0.12250548499903323,0.01170308481494,-0.031715053717526955,-0.32450255308153964,-0.3445145219841266,0.01778313071465218,0.0
BCHUSDT,regime_gate_long,all,287422,0.10039370292773625,0.08951480210816944,0.26130191593287266,-0.11902058014484151,0.23179613789620046,0.038500437058173916,1.1102230246251565e-16
BCHUSDT,regime_gate_long,development_2024_25,210527,0.1094499506537184,0.09401677607447725,0.15458147384741158,-0.2585436441038414,-0.009945394181952547,0.027761149592674398,1.3877787807814457e-17
BCHUSDT,regime_gate_long,reused_2026,76895,0.07559905223513141,0.002467878249354063,0.09975058986979912,0.1395230639589999,0.2417415320781531,0.010739287465499524,0.0
BCHUSDT,regime_gate_long,year2024,105407,0.1119334469275843,0.08545695647884453,0.10614013585274087,0.018124771558026363,0.2097218638896118,0.0127730180144562,5.551115123125783e-17
BCHUSDT,regime_gate_long,year2025,105120,0.10695967390581713,0.01021797624414924,0.04678318134615427,-0.2766684156618678,-0.2196672580715643,0.014988131578218192,0.0
BCHUSDT,expanding_tree,all,287422,0.16461788059425,0.14677949487994674,0.09685047796594443,0.30497710292153185,0.5486070757674228,0.06818071637116628,1.1102230246251565e-16
BCHUSDT,expanding_tree,development_2024_25,210527,0.18096911432631368,0.15545125965239964,0.20502075307595277,0.18186603144383856,0.5423380441721908,0.04764233078545019,2.220446049250313e-16
BCHUSDT,expanding_tree,reused_2026,76895,0.11985065016431083,0.003912440751128837,-0.12075448063359016,0.12311107147769332,0.006269031595232115,0.020538385585716103,1.3183898417423734e-16
BCHUSDT,expanding_tree,year2024,105407,0.18024813100538478,0.13761263598614584,0.07740259284643036,0.0033754065772830487,0.21839063540985912,0.02592211034642284,1.1102230246251565e-16
BCHUSDT,expanding_tree,year2025,105120,0.18169206608534288,0.017357244531665105,0.12809953936411103,0.1784906248665556,0.3239474087623318,0.02172022043902734,5.551115123125783e-17
BCHUSDT,rolling_tree,all,287422,0.125654700604051,0.11203845789640039,0.0683364566763661,-0.15714571132700283,0.023229203245763212,0.08345190936281677,4.510281037539698e-16
BCHUSDT,rolling_tree,development_2024_25,210527,0.23142343531926654,0.19879118416083602,0.21595547088062692,0.10298887375864269,0.5177355288001055,0.057243372218795364,1.1102230246251565e-16
BCHUSDT,rolling_tree,reused_2026,76895,-0.16392426309177013,-0.005351193056856572,-0.22902054741184016,-0.26013458508564563,-0.49450632555434226,0.026208537144021406,1.1102230246251565e-16
BCHUSDT,rolling_tree,year2024,105407,0.2776565254626883,0.21198026384269972,0.12806518213459483,-0.03022080143639863,0.309824644540896,0.022870993017217855,1.1102230246251565e-16
BCHUSDT,rolling_tree,year2025,105120,0.1850641189879531,0.017679380484353455,0.05702182857981493,0.13320967519504134,0.20791088425920956,0.03437237920157751,1.6653345369377348e-16
BCHUSDT,action_tcn,all,287422,0.125950574204184,0.11230226992835624,0.0981203581986121,-0.3595277728614842,-0.14910514473451575,0.13179541975516373,1.1102230246251565e-16
BCHUSDT,action_tcn,development_2024_25,210527,0.15240721524032155,0.1309167792383757,0.12447706004315524,-0.0027249948686843134,0.2526688444128467,0.10272019383281011,1.1102230246251565e-16
BCHUSDT,action_tcn,reused_2026,76895,0.05351625119989329,0.0017470006358335053,-0.046718211790396244,-0.3568027779927998,-0.40177398914736245,0.02907522592235367,1.1102230246251565e-16
BCHUSDT,action_tcn,year2024,105407,0.1866931115531871,0.14253313506214468,0.1239029363732743,-0.013541972203036098,0.2528940992323829,0.03127424271838141,0.0
BCHUSDT,action_tcn,year2025,105120,0.11802771112454707,0.011275318111794849,-0.022317550265682856,0.01081697733435183,-0.00022525481953629758,0.07144595111442868,1.196959198423997e-16
BCHUSDT,vol_long,all,287422,0.5828822089006026,0.5197197041299195,-0.005790979585178592,-0.05284478903890806,0.46108393550583326,0.0016862123028634234,2.7755575615628914e-16
BCHUSDT,vol_long,development_2024_25,210527,0.5942944960127339,0.5104949999538925,-0.05235221279064166,0.3254706865708942,0.7836134737341454,0.0011669538825363156,4.440892098500626e-16
BCHUSDT,vol_long,reused_2026,76895,0.5516370750316165,0.01800780695998173,0.037778130421508245,-0.37831547560980205,-0.32252953822831204,0.000519258420327108,5.551115123125783e-17
BCHUSDT,vol_long,year2024,105407,0.6097791223723896,0.46554331482347683,-0.011543839457026044,0.02071444879497225,0.47471392416142305,0.00068572822319777,0.0
BCHUSDT,vol_long,year2025,105120,0.5787675933235007,0.055290309922507413,-0.05114699812570709,0.30475623777592203,0.30889954957272203,0.0004812256593385458,3.3306690738754696e-16
BCHUSDT,hold,all,287422,0.982375678054088,0.8759231092430962,-0.03242398144012035,0.3834306404537393,1.2269297682567142,0.00040025637454453605,1.1102230246251565e-15
BCHUSDT,hold,development_2024_25,210527,1.0398646582765012,0.8932367912549918,-0.11747348806809983,0.8386565301215295,1.6144198333084208,0.00019996000799840034,6.661338147750939e-16
BCHUSDT,hold,reused_2026,76895,0.8249794554221358,0.026930878020374565,0.04080494659570913,-0.4552258896677905,-0.38749006505170674,0.0002002963665461357,5.551115123125783e-17
BCHUSDT,hold,year2024,105407,1.1071201515062843,0.8452443947815996,-0.09414224460238031,0.22657867038816962,0.9776808205673881,0.00019996000799840034,7.771561172376096e-16
BCHUSDT,hold,year2025,105120,0.9724255432187413,0.09289689036040175,-0.06823573735272889,0.6120778597333596,0.6367390127410326,0.0,2.220446049250313e-16
BNBUSDT,trend24,all,287422,0.021632721609249367,0.019288548359521523,0.3822853853319348,0.067756756604861,0.4693306902963174,0.2645936993182292,5.551115123125783e-17
BNBUSDT,trend24,development_2024_25,210527,0.02638717717512969,0.022666408827909712,-0.004579664955840133,0.07099497785742942,0.089081721729499,0.18319945107091912,1.3877787807814457e-17
BNBUSDT,trend24,reused_2026,76895,0.00861573393881454,0.00028125461578129606,0.3832059352036056,-0.003238221252568417,0.38024896856681834,0.08139424824731001,1.6653345369377348e-16
BNBUSDT,trend24,year2024,105407,0.027820152133966505,0.021239634759798762,0.10274407301184922,0.03849808485604571,0.16248179262769366,0.08891130183905144,2.7755575615628914e-17
BNBUSDT,trend24,year2025,105120,0.024950289889302917,0.0023835288577826234,-0.10828049275736096,0.03249689300138364,-0.07340007089819466,0.09428814923186764,4.163336342344337e-17
BNBUSDT,trend72,all,287422,0.04238970316422235,0.03779625394334451,0.2177516328256855,-0.06656496983607187,0.1889829169329583,0.14242110946056624,1.3877787807814457e-16
BNBUSDT,trend72,development_2024_25,210527,0.04630556927288638,0.039776174510154964,0.3536440039833643,-0.11601264635060583,0.2774075321429134,0.09757710464540845,5.551115123125783e-17
BNBUSDT,trend72,reused_2026,76895,0.03166864790368901,0.0010338008882027673,-0.13890609261269177,0.04944767651453401,-0.08842461520995504,0.044844004815157795,4.163336342344337e-17
BNBUSDT,trend72,year2024,105407,0.05694671160480988,0.04347666214883869,0.3378716388143477,0.02478518076681239,0.4061334817299989,0.046004383561251604,1.1102230246251565e-16
BNBUSDT,trend72,year2025,105120,0.03563537435487783,0.003404286824304758,0.008667590706028017,-0.14079782711741823,-0.12872594958708547,0.05157272108415686,2.7755575615628914e-17
BNBUSDT,trend168,all,287422,0.05094523603340782,0.045424688888774656,-0.0653391900448427,0.2304489564717242,0.21053445531565643,0.08566681173614205,2.7755575615628914e-16
BNBUSDT,trend168,development_2024_25,210527,0.05380013437066332,0.046213955837280205,-0.06722036324914976,0.09581291509565149,0.07480650768378197,0.058235299974150216,4.163336342344337e-17
BNBUSDT,trend168,reused_2026,76895,0.04312895172041751,0.0014079145005312362,-0.00031600824472943073,0.1346360413760727,0.1357279476318745,0.027431511761991854,0.0
BNBUSDT,trend168,year2024,105407,0.07625316042119695,0.05821640618022208,0.02264205846161252,-0.04272337686587607,0.03813508777595864,0.02625009421017539,1.249000902703301e-16
BNBUSDT,trend168,year2025,105120,0.031285806774500866,0.002988767810589848,-0.10485363986429405,0.13853629196152736,0.03667141990782327,0.03198520576397483,1.1102230246251565e-16
BNBUSDT,trend336,all,287422,0.08259435654948194,0.07364423530727095,0.2977364396744189,0.2289986738230216,0.6003793488047117,0.05649787818206038,2.220446049250313e-16
BNBUSDT,trend336,development_2024_25,210527,0.08459428998873814,0.07266592969249899,0.22710577904430782,0.046187660259790486,0.3459593689965974,0.03753300005365212,1.1102230246251565e-16
BNBUSDT,trend336,reused_2026,76895,0.07711883815210518,0.0025174905989442243,0.06909147564593904,0.18281101356323115,0.25441997980811426,0.018964878128408275,1.6653345369377348e-16
BNBUSDT,trend336,year2024,105407,0.11520040498754375,0.08795115549094842,0.15481669638038165,-0.05697292627197506,0.1857949255993551,0.017843385246932145,5.551115123125783e-17
BNBUSDT,trend336,year2025,105120,0.053904613774134795,0.005149567522795088,0.051854289342681624,0.10316058653176552,0.16016444339724223,0.019689614806719966,0.0
BNBUSDT,trend_ensemble,all,287422,0.04181930397635737,0.03728766457035219,0.2057363709744959,0.08840514401749744,0.33142917956234574,0.12639202793904267,2.220446049250313e-16
BNBUSDT,trend_ensemble,development_2024_25,210527,0.04548199239061481,0.0390687274728729,0.1125483929062448,0.012672966939800547,0.16429008731891842,0.08762959519805683,1.942890293094024e-16
BNBUSDT,trend_ensemble,reused_2026,76895,0.031791411346298495,0.0010378084150284936,0.09036910675070196,0.07573217707769685,0.1671390922434272,0.038762432740985814,1.1102230246251565e-16
BNBUSDT,trend_ensemble,year2024,105407,0.05590828738422276,0.04268386450111948,0.15484723342114604,-0.0028137616132311583,0.19471733630903454,0.0421040305848243,1.6653345369377348e-16
BNBUSDT,trend_ensemble,year2025,105120,0.035027231389937186,0.0033461902525605165,-0.04926016779570838,0.015486728553031688,-0.030427248990116125,0.04552556461323251,5.551115123125783e-17
BNBUSDT,breakout,all,287422,0.05509180384523192,0.04912192473404192,0.4909668731407892,-0.07968915210114806,0.4603996457736833,0.1969164761340101,2.7755575615628914e-16
BNBUSDT,breakout,development_2024_25,210527,0.06598973691899389,0.056684742953933304,0.3710101734757463,-0.12951364973054108,0.2981812666991386,0.13755435947737507,1.1102230246251565e-16
BNBUSDT,breakout,reused_2026,76895,0.025254894342404872,0.0008244283836192412,0.11156945306153244,0.04982449762939305,0.1622183790745446,0.059362116656635044,1.3877787807814457e-16
BNBUSDT,breakout,year2024,105407,0.07799910133795876,0.05954936608661069,0.23652680539005477,-0.01934685382437025,0.27672931765229536,0.06499567466412225,1.1102230246251565e-16
BNBUSDT,breakout,year2025,105120,0.05394758437609217,0.005153672552045494,0.12646507240096877,-0.11016679590617083,0.021451949046843277,0.07255868481325281,1.5265566588595902e-16
BNBUSDT,range_only,all,287422,-0.022953066239275486,-0.020465817299949448,-0.24584318115298234,0.11768592275426501,-0.1486230756986668,0.09816234597133174,0.0
BNBUSDT,range_only,development_2024_25,210527,-0.02761549119343793,-0.023721522359881907,-0.15095000073503526,0.10562297555859633,-0.06904854753632086,0.06633104652285766,4.163336342344337e-17
BNBUSDT,range_only,reused_2026,76895,-0.010188044608155705,-0.0003325815992205302,-0.09130489375879415,0.012062947195668684,-0.07957452816234596,0.03183129944847407,4.163336342344337e-17
BNBUSDT,range_only,year2024,105407,-0.033730380942289986,-0.025751871092337238,-0.12863945276778949,0.03334288373652665,-0.12104844012360012,0.030568224062355806,5.551115123125783e-17
BNBUSDT,range_only,year2025,105120,-0.021483906492550865,-0.002052381408396098,-0.01822781782639439,0.07228009182206974,0.051999892587279314,0.03576282246050185,6.938893903907228e-17
BNBUSDT,down_rebound,all,287422,0.0941725883740414,0.08396782234822281,0.33845569347757165,0.15109046711886506,0.5735139829446599,0.16379539333386756,4.440892098500626e-16
BNBUSDT,down_rebound,development_2024_25,210527,0.0970241542849853,0.08334310004476089,0.3186327219982763,0.06601084747343372,0.4679866695164712,0.11377783944033673,2.7755575615628914e-16
BNBUSDT,down_rebound,reused_2026,76895,0.0863654277454793,0.002819339056874855,0.017628354725882533,0.08507961964543138,0.10552731342818861,0.050017553893530825,1.6653345369377348e-16
BNBUSDT,down_rebound,year2024,105407,0.11385909741271708,0.08692711784900156,0.25655039700998317,-0.03659584281175705,0.3068816720472278,0.05042651397488258,1.1102230246251565e-16
BNBUSDT,down_rebound,year2025,105120,0.08014324817516015,0.007656173360287389,0.05084213382376516,0.10260669028519079,0.16110499746924323,0.06335132546545415,1.1102230246251565e-16
BNBUSDT,selected_trend,all,287422,0.03231132581476949,0.02880999357343753,0.5441193781626941,-0.020861944844325256,0.5520674268918064,0.11684502336314066,1.1102230246251565e-16
BNBUSDT,selected_trend,development_2024_25,210527,0.048804474605440025,0.04192271748873814,0.3411478394138113,-0.0914888657624091,0.29158169114014054,0.07785956190336688,2.220446049250313e-16
BNBUSDT,selected_trend,reused_2026,76895,-0.012844446803131498,-0.0004192979932055686,0.19027811282678775,0.07062692091808391,0.26048573575166595,0.03898546145977377,1.6653345369377348e-16
BNBUSDT,selected_trend,year2024,105407,0.08019042752311581,0.061222360813174136,0.40042025559732813,-0.06769355249206953,0.3939490639184327,0.031572552664118986,0.0
BNBUSDT,selected_trend,year2025,105120,0.017332831348272477,0.0016558245971883168,-0.08022788410514099,-0.02379531327033941,-0.10236737277829226,0.0462870092392479,1.8041124150158794e-16
BNBUSDT,selected_breakout,all,287422,0.05260607950739775,0.046905559407255944,0.2642058422160477,0.042591912244708915,0.35370331386801274,0.13540650404060267,1.6653345369377348e-16
BNBUSDT,selected_breakout,development_2024_25,210527,0.05967139640866102,0.05125733068582113,0.2123186555274982,-0.10340933871207351,0.1601666475012459,0.11057665041576711,8.326672684688674e-17
BNBUSDT,selected_breakout,reused_2026,76895,0.03326229940111968,0.001085824528067025,0.046449590881917434,0.1460012509567824,0.19353666636676675,0.024829853624835536,1.1102230246251565e-16
BNBUSDT,selected_breakout,year2024,105407,0.0805903285018776,0.06152767009718112,0.10607765173321534,-0.05749970607169838,0.11010561575869812,0.049832635612028484,2.7755575615628914e-17
BNBUSDT,selected_breakout,year2025,105120,0.038695351173218887,0.0036966098026357135,0.09227405458028712,-0.04590963264037516,0.050061031742547696,0.060744014803738644,2.7755575615628914e-17
BNBUSDT,regime_gate,all,287422,0.05631460201987035,0.05021221758537521,0.24159865259705854,0.12131309399639643,0.4131239641788306,0.13133027278695536,4.440892098500626e-16
BNBUSDT,regime_gate,development_2024_25,210527,0.06045242161250486,0.05192822611573894,0.22236091384181084,0.059267821691518716,0.33355696164906884,0.08896870640114853,3.3306690738754696e-16
BNBUSDT,regime_gate,reused_2026,76895,0.044985871343252076,0.0014685323444393716,0.0160531978804449,0.062045272304877726,0.07956700252976184,0.04236156638580684,1.5265566588595902e-16
BNBUSDT,regime_gate,year2024,105407,0.07231430469581478,0.055209238693293895,0.19544482305022698,-0.003936098416872279,0.24671796332664875,0.04178592091810164,1.942890293094024e-16
BNBUSDT,regime_gate,year2025,105120,0.04855815306073117,0.004638814202735982,0.018996264011292972,0.06320392010839095,0.08683899832242,0.04718278548304689,9.71445146547012e-17
BNBUSDT,gate_no_range,all,287422,0.05509164435842813,0.04912178252960813,0.3055724008214878,0.09221742477966963,0.4469116081307656,0.12598789913024785,1.1102230246251565e-16
BNBUSDT,gate_no_range,development_2024_25,210527,0.059763737941589484,0.05133665144541815,0.2462464637611489,0.032046908870375035,0.3296300240769422,0.08611798657183929,1.1102230246251565e-16
BNBUSDT,gate_no_range,reused_2026,76895,0.04230015146835455,0.0013808588952735972,0.0557302092492553,0.06017051590929458,0.11728158405382333,0.03986991255840856,1.3877787807814457e-16
BNBUSDT,gate_no_range,year2024,105407,0.07072530901975503,0.05399610054682048,0.22553960328017528,-0.01918249967248971,0.260353204154506,0.040414004459961045,0.0
BNBUSDT,gate_no_range,year2025,105120,0.04877223943858157,0.004659266111789085,0.013388145267782321,0.05122940854286479,0.06927681992243614,0.045703982111878254,5.551115123125783e-17
BNBUSDT,adaptive14,all,287422,0.05774001777853851,0.051483171896632075,0.2517935668377552,0.09589894819318501,0.3991756869275724,0.1167708767721467,1.1102230246251565e-16
BNBUSDT,adaptive14,development_2024_25,210527,0.06316390534715798,0.05425737252090279,0.2279618096014313,0.02800029192980156,0.31021947405213585,0.07972180870379192,1.6653345369377348e-16
BNBUSDT,adaptive14,reused_2026,76895,0.042890225488288816,0.0014001214494492166,0.01965743516260399,0.06789865626338343,0.08895621287543662,0.037049068068354785,1.3877787807814457e-17
BNBUSDT,adaptive14,year2024,105407,0.07639277452887462,0.058322996275060865,0.20208362378538158,-0.023809357515668303,0.23659726254477428,0.03789029136273313,1.3877787807814457e-16
BNBUSDT,adaptive14,year2025,105120,0.04989891853363815,0.0047668990149915096,0.017045663046900195,0.05180964944546984,0.0736222115073616,0.0418315173410588,5.551115123125783e-17
BNBUSDT,adaptive42,all,287422,0.057334441708115684,0.05112154501541383,0.2716329365585025,0.10211160435447186,0.4248660859283883,0.11510401509913314,5.551115123125783e-17
BNBUSDT,adaptive42,development_2024_25,210527,0.06292935902861191,0.054055898800922736,0.2319444683218943,0.050227918202739884,0.336228285325557,0.07924377172081977,1.1102230246251565e-16
BNBUSDT,adaptive42,reused_2026,76895,0.04201639555775339,0.0013715958817940071,0.03538251856930534,0.051883686151732014,0.08863780060283125,0.035860243378313394,1.1102230246251565e-16
BNBUSDT,adaptive42,year2024,105407,0.075657356310756,0.05776153225885691,0.21148657484957403,-0.01687686287431958,0.2523712442341114,0.0377170751666454,0.0
BNBUSDT,adaptive42,year2025,105120,0.05016661160168112,0.004792472030597327,0.011959787983788918,0.06710478107705943,0.08385704109144568,0.04152669655417439,0.0
BNBUSDT,adaptive126,all,287422,0.05823347656862079,0.05192315831664237,0.26663450375077963,0.11858368762046217,0.4371413496878841,0.11581776024991022,1.1102230246251565e-16
BNBUSDT,adaptive126,development_2024_25,210527,0.0637068348569501,0.05472374534100436,0.23605859874165241,0.07308879433413284,0.3638711384167896,0.07947590073372775,5.551115123125783e-17
BNBUSDT,adaptive126,reused_2026,76895,0.04324824085281222,0.0014118086109270332,0.026363509373838304,0.04549489328632926,0.07327021127109455,0.0363418595161825,4.163336342344337e-17
BNBUSDT,adaptive126,year2024,105407,0.07615435869258631,0.0581409747943971,0.20413497850183426,-0.004432166064731222,0.25784378723150003,0.03733757608076079,5.551115123125783e-17
BNBUSDT,adaptive126,year2025,105120,0.051225326628802206,0.004893612251031925,0.023612778535393515,0.07752096039886403,0.1060273511852896,0.04213832465296694,1.249000902703301e-16
BNBUSDT,filtered_moe,all,287422,0.04524523756635942,0.040342355834858165,0.13772606721843578,-0.014701194512702614,0.16336722854059169,0.06786785217408428,3.3306690738754696e-16
BNBUSDT,filtered_moe,development_2024_25,210527,0.042826985389923675,0.03678809420470552,0.12888074756860077,-0.06964852049516451,0.096020321278142,0.04441396855817915,2.220446049250313e-16
BNBUSDT,filtered_moe,reused_2026,76895,0.0518660500502464,0.0016931309720762643,0.010706450307911557,0.0549473259824619,0.06734690726244968,0.023453883615905113,4.163336342344337e-17
BNBUSDT,filtered_moe,year2024,105407,0.034733357545966376,0.026517605824200926,0.15994486240689793,-0.09317908900865063,0.0932833792224483,0.018082850313955685,6.938893903907228e-17
BNBUSDT,filtered_moe,year2025,105120,0.050942710562564546,0.004866613624862083,-0.02566024008265453,0.023530568513486155,0.0027369420556937335,0.026331118244223455,2.42861286636753e-17
BNBUSDT,kalman,all,287422,0.03298119944133423,0.029407278097971765,0.44789086554557084,-0.23027722468214937,0.24702091896139344,0.29346896730141553,2.498001805406602e-16
BNBUSDT,kalman,development_2024_25,210527,0.03833580729603454,0.032930202240005695,0.2796861252107663,-0.23243785238891754,0.08017847506185465,0.20262744938824342,1.8041124150158794e-16
BNBUSDT,kalman,reused_2026,76895,0.018321084637686478,0.0005980790095263916,0.16408373718324432,0.002160627706768177,0.16684244389953892,0.09084151791317205,2.7755575615628914e-17
BNBUSDT,kalman,year2024,105407,0.04176776862543091,0.031888112835041144,0.2133131492723823,-0.12916586533097865,0.11603539677644502,0.09573734221943357,2.0816681711721685e-16
BNBUSDT,kalman,year2025,105120,0.034894475980892944,0.003333507981136514,0.06408155736221194,-0.10327198705793894,-0.035856921714590276,0.10689010716880984,2.0816681711721685e-16
BNBUSDT,trend_ensemble_long,all,287422,0.15005024897720332,0.13379044652974012,0.14671938809444673,0.17850446365128803,0.45901429827547496,0.06657906797746972,1.1102230246251565e-16
BNBUSDT,trend_ensemble_long,development_2024_25,210527,0.14646486884159313,0.12581234339907782,0.11196988537649191,0.15010891500138357,0.3878911437769534,0.04574979963837634,1.1102230246251565e-16
BNBUSDT,trend_ensemble_long,reused_2026,76895,0.15986648311218737,0.005218729664046695,0.03750887618457045,0.02839554864990445,0.07112315449852144,0.020829268339093387,1.5265566588595902e-16
BNBUSDT,trend_ensemble_long,year2024,105407,0.157661761658564,0.12036879658633627,0.10266713575643947,0.025965223443794705,0.2490011557865704,0.022577249668355538,5.551115123125783e-17
BNBUSDT,trend_ensemble_long,year2025,105120,0.1352374061212883,0.012919379356788906,0.0018269170760051405,0.12414369155758886,0.13888998799038296,0.023172549970020807,5.551115123125783e-17
BNBUSDT,regime_gate_long,all,287422,0.13465592864303977,0.12006429142124368,0.08550899190931789,0.2025920424102906,0.4081653257408524,0.064605667909901,2.220446049250313e-16
BNBUSDT,regime_gate_long,development_2024_25,210527,0.13188913928853782,0.11329188913366343,0.11115764816101481,0.18613792526462408,0.4105874625593025,0.043451439265761845,1.6653345369377348e-16
BNBUSDT,regime_gate_long,reused_2026,76895,0.1422309837498117,0.004643031106906857,-0.02351928507102362,0.01645411714566653,-0.0024221368184502157,0.021154228644139145,1.3877787807814457e-17
BNBUSDT,regime_gate_long,year2024,105407,0.14407716667375878,0.10999747171191981,0.0842965252620932,0.015815664897430387,0.21010966187144356,0.021257471814270568,1.3877787807814457e-16
BNBUSDT,regime_gate_long,year2025,105120,0.11966783599141088,0.011432001058882082,0.018723539261783134,0.1703222603671937,0.2004778006878589,0.022193967451491284,2.7755575615628914e-17
BNBUSDT,expanding_tree,all,287422,0.2167131404456328,0.19322958826605138,0.2031228051377192,-0.023053043663487247,0.37329934974028306,0.09145557621654898,2.7755575615628914e-16
BNBUSDT,expanding_tree,development_2024_25,210527,0.2480134773200373,0.2130419193556595,0.35305254527159735,0.13345703945716642,0.6995515040844231,0.06582076058816282,2.220446049250313e-16
BNBUSDT,expanding_tree,reused_2026,76895,0.1310175032630102,0.004276974869761684,-0.17401904609324817,-0.1565100831206536,-0.3262521543441401,0.02563481562838617,5.551115123125783e-17
BNBUSDT,expanding_tree,year2024,105407,0.2455915646246047,0.18749987805945184,0.11513699756634935,-0.12335560078857451,0.17928127483722667,0.03747783309441636,0.0
BNBUSDT,expanding_tree,year2025,105120,0.25044200235321323,0.023925002172647106,0.23953258682880857,0.256812640245741,0.5202702292471966,0.028342927493746454,1.1102230246251565e-16
BNBUSDT,rolling_tree,all,287422,0.1884995136969794,0.1680732573258792,-0.12002254087231314,-0.1512196425681883,-0.10316892611462228,0.10930155220262273,4.163336342344337e-17
BNBUSDT,rolling_tree,development_2024_25,210527,0.296292494845194,0.2545132727244626,-0.015874540305750025,0.0145315803194879,0.25317031273820045,0.07075239325132282,5.551115123125783e-17
BNBUSDT,rolling_tree,reused_2026,76895,-0.10662153373380505,-0.003480585486654423,-0.1871074304784922,-0.16575122288767616,-0.3563392388528228,0.0385491589512999,0.0
BNBUSDT,rolling_tree,year2024,105407,0.3091523959490989,0.23602617064982062,0.1458500910600792,0.064677959283396,0.446554220993296,0.033584197759778396,1.6653345369377348e-16
BNBUSDT,rolling_tree,year2025,105120,0.28339748347096155,0.02707327582456731,-0.17031080511575464,-0.05014637896390816,-0.19338390825509544,0.03716819549154444,5.551115123125783e-17
BNBUSDT,action_tcn,all,287422,0.1652791821640072,0.14736913623617048,-0.05582439033690567,-0.10684873828946037,-0.015303992390195535,0.1946385747182988,1.0408340855860843e-17
BNBUSDT,action_tcn,development_2024_25,210527,0.1951353479888176,0.1676199596848021,0.16576813584356284,0.04648336231940043,0.37987145784776544,0.15112604786087552,1.1102230246251565e-16
BNBUSDT,action_tcn,reused_2026,76895,0.08353746914495701,0.002727022323874074,-0.24457037195297435,-0.15333210060886082,-0.39517545023796113,0.04351252685742326,5.551115123125783e-17
BNBUSDT,action_tcn,year2024,105407,0.29611842045832765,0.2260752229497845,0.03624138375587334,0.06575249727115956,0.3280691039768174,0.04085867953071099,5.551115123125783e-17
BNBUSDT,action_tcn,year2025,105120,0.0938765702130029,0.008968132841946735,0.06210335598076042,-0.019269134951759036,0.051802353870948115,0.11026736833016454,0.0
BNBUSDT,vol_long,all,287422,0.6158290303734105,0.549096329537934,-0.1467985750317666,0.5078382282030164,0.9101359827091842,0.0017933685925997857,4.440892098500626e-16
BNBUSDT,vol_long,development_2024_25,210527,0.6000697521698382,0.5154559063924262,-0.11015386475729767,0.49441129443900844,0.8997133360741372,0.0013336826925457387,2.220446049250313e-16
BNBUSDT,vol_long,reused_2026,76895,0.6589755751729884,0.02151179731416344,-0.024516084443124305,0.01342693376400789,0.010422646635047023,0.0004596859000540469,3.469446951953614e-18
BNBUSDT,vol_long,year2024,105407,0.6168830568301437,0.4709669003061754,-0.05683465800873296,0.14470194526656932,0.5588341875640118,0.0008541920245731391,1.1102230246251565e-16
BNBUSDT,vol_long,year2025,105120,0.583210543605066,0.05571474988920874,-0.0645449505515227,0.34970934917243907,0.3408791485101252,0.0004794906679725994,1.1102230246251565e-16
BNBUSDT,hold,all,287422,0.7663076863783242,0.6832687598892575,-0.18389633210164807,0.9039590139431901,1.4033314417307987,0.0003999034083508594,8.881784197001252e-16
BNBUSDT,hold,development_2024_25,210527,0.7819414656613026,0.6716824926949352,-0.15918367083893764,0.9237906093966869,1.4362894312526842,0.00019996000799840034,4.440892098500626e-16
BNBUSDT,hold,reused_2026,76895,0.7235047388380739,0.02361830678418651,-0.03674470085257457,-0.019831595453496834,-0.03295798952188492,0.00019994340035245904,2.0816681711721685e-17
BNBUSDT,hold,year2024,105407,0.8276050296679655,0.6318451628472022,-0.04145681481465129,0.425644106503481,1.0160324545360313,0.00019996000799840034,4.440892098500626e-16
BNBUSDT,hold,year2025,105120,0.7361532303944616,0.07032553433967824,-0.14821506051623162,0.49814650289320567,0.4202569767166524,0.0,1.1102230246251565e-16
BTCUSDT,trend24,all,287422,0.01798718814255723,0.01603805358412163,0.5142521701456534,-0.36446925954240383,0.16582096418737163,0.28368939658885484,3.885780586188048e-16
BTCUSDT,trend24,development_2024_25,210527,0.024895906667244727,0.021385417428928855,0.12846402042828028,-0.3810669729068723,-0.23121753504966314,0.2067915099753441,2.7755575615628914e-17
BTCUSDT,trend24,reused_2026,76895,-0.0009278490490272,-3.0288984042500783e-05,0.38047107485660875,0.01659771336446845,0.3970384992370346,0.0768978866135107,1.1102230246251565e-16
BTCUSDT,trend24,year2024,105407,0.039834876391783916,0.03041242266357764,0.2684956378745212,-0.10233213077482299,0.19657592976327581,0.0994809091531736,0.0
BTCUSDT,trend24,year2025,105120,0.009916150372015434,0.0009473008399771756,-0.15000592352086695,-0.27873484213204924,-0.427793464812939,0.10731060082217049,0.0
BTCUSDT,trend72,all,287422,0.031676233082038305,0.028243721002221688,0.6924541788645027,-0.5099774589760216,0.21072044089070252,0.1557245765048546,2.220446049250313e-16
BTCUSDT,trend72,development_2024_25,210527,0.040615778055677516,0.03488868188376446,0.6781609285399368,-0.4986094781705364,0.21444013225316488,0.11281694421519074,1.1102230246251565e-16
BTCUSDT,trend72,reused_2026,76895,0.0072010970567395974,0.0002350747829819579,0.007413214660041065,-0.011367980805485282,-0.0037196913624622727,0.04290763228966392,1.3010426069826053e-17
BTCUSDT,trend72,year2024,105407,0.07387930974380282,0.056404060901901566,0.6328809068654925,-0.19477222293883398,0.49451274482856006,0.05217212224164408,5.551115123125783e-17
BTCUSDT,trend72,year2025,105120,0.007261429837924269,0.0006936924438251427,0.023070950212481997,-0.30383725523170224,-0.28007261257539506,0.06064482197354666,5.551115123125783e-17
BTCUSDT,trend168,all,287422,0.04963706819795331,0.044258277236449484,0.7369627368676731,-0.40780288793086755,0.3734181261732552,0.08951690944810287,1.6653345369377348e-16
BTCUSDT,trend168,development_2024_25,210527,0.06100549850949398,0.05240331547362004,0.4322872524903236,-0.4175625717907708,0.06712799617317286,0.06385846104700636,2.7755575615628914e-17
BTCUSDT,trend168,reused_2026,76895,0.01851200768429543,0.0006043115590107577,0.29592613458116834,0.009759683859903319,0.3062901300000822,0.025658448401096497,2.7755575615628914e-16
BTCUSDT,trend168,year2024,105407,0.11795384669024074,0.09005330417137494,0.29544686283349364,-0.2050717288823768,0.18042843812249176,0.02921277832741808,0.0
BTCUSDT,trend168,year2025,105120,0.003901669203101537,0.0003727307851080871,0.09881767017396709,-0.2124908429083941,-0.11330044194931882,0.03464568271958829,9.71445146547012e-17
BTCUSDT,trend336,all,287422,0.07153308181488383,0.06378158665445298,0.8759444584487628,-0.25963442549664323,0.6800916196065728,0.06000163663754845,3.3306690738754696e-16
BTCUSDT,trend336,development_2024_25,210527,0.08367937550374362,0.0718800242649564,0.5786697995105564,-0.32427055856682085,0.32627926520869177,0.042959840794107106,1.1102230246251565e-16
BTCUSDT,trend336,reused_2026,76895,0.03827834780832185,0.001249569924283629,0.28792665140341994,0.06463613307017771,0.35381235439788106,0.01704179584344134,2.220446049250313e-16
BTCUSDT,trend336,year2024,105407,0.1574381939171061,0.12019811106492818,0.4306791668917191,-0.07370764890006025,0.47716962905658683,0.018413835040810716,2.220446049250313e-16
BTCUSDT,trend336,year2025,105120,0.009719179798860613,0.0009284840227244915,0.09874406179614098,-0.25056290966676065,-0.15089036384789511,0.024546005753296393,5.551115123125783e-17
BTCUSDT,trend_ensemble,all,287422,0.038144504976286644,0.034011075544490586,0.6803950090906912,-0.4186254112532792,0.2957806733819029,0.1360960849520194,3.3306690738754696e-16
BTCUSDT,trend_ensemble,development_2024_25,210527,0.04687020768700337,0.04026119513397451,0.474589139058841,-0.42135069834393024,0.09349963584888552,0.09901518261691453,3.0531133177191805e-16
BTCUSDT,trend_ensemble,reused_2026,76895,0.014254837057968674,0.0004653391978252756,0.19909041124454124,0.0027252870906509744,0.2022810375330174,0.037080902335104894,8.326672684688674e-17
BTCUSDT,trend_ensemble,year2024,105407,0.08559390003082673,0.06534770786180764,0.41616070805738065,-0.1670368933161582,0.31447152260303013,0.04668107773084293,0.0
BTCUSDT,trend_ensemble,year2025,105120,0.008040791411457401,0.0007681457190938814,0.03257377255453345,-0.254313805027772,-0.2209718867541446,0.05233410488607159,1.1102230246251565e-16
BTCUSDT,breakout,all,287422,0.054661358226461225,0.0487381232279821,0.9752706199012576,-0.5040321168719305,0.5199766262573099,0.20893601970429768,6.661338147750939e-16
BTCUSDT,breakout,development_2024_25,210527,0.06880150460275697,0.0591000326011089,0.6666744719077445,-0.470366010523835,0.2554084939850183,0.15065762365492427,1.1102230246251565e-16
BTCUSDT,breakout,reused_2026,76895,0.015947754010811083,0.0005206032891380637,0.2977136353312489,-0.03366610634809542,0.2645681322722915,0.058278396049373404,5.551115123125783e-17
BTCUSDT,breakout,year2024,105407,0.10440946130079874,0.07971267780339518,0.5372508369542955,-0.18585032724090278,0.43111318751678795,0.06978487517831064,0.0
BTCUSDT,breakout,year2025,105120,0.03309633059523715,0.0031617291586773497,0.10564926059248522,-0.28451568328293214,-0.17570469353176957,0.08087274847661365,2.7755575615628914e-17
BTCUSDT,range_only,all,287422,-0.020970102312934367,-0.018697732068728996,-0.5798833073193539,0.3528240996302174,-0.24575693975786558,0.10450391657708266,2.7755575615628914e-17
BTCUSDT,range_only,development_2024_25,210527,-0.026672368174970203,-0.02291138599062487,-0.375502892037542,0.32710622810709616,-0.07130804992107079,0.07588165081334716,8.326672684688674e-17
BTCUSDT,range_only,reused_2026,76895,-0.005358151924263858,-0.00017491312654949464,-0.19999184823336658,0.025717871523121258,-0.17444888983679477,0.028622265763735492,2.7755575615628914e-17
BTCUSDT,range_only,year2024,105407,-0.04950932316674389,-0.03779849715424815,-0.3231545372419256,0.1231541119818335,-0.23779892241434025,0.03534463870284049,0.0
BTCUSDT,range_only,year2025,105120,-0.003773063429746745,-0.00036044493298257647,-0.03710079869901062,0.2039521161252626,0.16649087249326938,0.04053701211050668,0.0
BTCUSDT,down_rebound,all,287422,0.10838548297604586,0.09664057383143566,1.0216880350937372,-0.399434710977897,0.7188938979472762,0.19275579884649297,3.3306690738754696e-16
BTCUSDT,down_rebound,development_2024_25,210527,0.11710582881101642,0.10059312424155352,0.7532249004144158,-0.3619043656496263,0.4919136590063431,0.14146009622961114,1.6653345369377348e-16
BTCUSDT,down_rebound,reused_2026,76895,0.08451048138167884,0.0027587856286294377,0.2617517986405745,-0.03753034532827069,0.22698023894093328,0.05129570261688179,2.7755575615628914e-17
BTCUSDT,down_rebound,year2024,105407,0.16843213627498724,0.1285915705660565,0.40282457436350366,-0.1289874727324724,0.4024286721970879,0.06266883379532728,1.6653345369377348e-16
BTCUSDT,down_rebound,year2025,105120,0.06563938959055626,0.006270603667951944,0.3161312760584572,-0.23291689291715395,0.08948498680925521,0.07879126243428385,0.0
BTCUSDT,selected_trend,all,287422,0.030164840185764756,0.026896106240815752,0.9811272180800037,-0.44735225554428665,0.560671068776533,0.12198282819005511,2.220446049250313e-16
BTCUSDT,selected_trend,development_2024_25,210527,0.030200433930365388,0.025941970893768918,0.7294245725951902,-0.47590032007417377,0.27946622341478544,0.10475366651114126,5.551115123125783e-17
BTCUSDT,selected_trend,reused_2026,76895,0.030067389840884886,0.0009815289373255745,0.251675251894535,0.028548064529887132,0.2812048453617477,0.01722916167891384,5.551115123125783e-17
BTCUSDT,selected_trend,year2024,105407,0.07387930974380282,0.056404060901901566,0.6328809068654925,-0.19477222293883398,0.49451274482856006,0.05217212224164408,5.551115123125783e-17
BTCUSDT,selected_trend,year2025,105120,-0.013597694521565711,-0.001299002834646827,0.067380578556212,-0.2811280971353396,-0.21504652141377448,0.052581544269497175,5.551115123125783e-17
BTCUSDT,selected_breakout,all,287422,0.0657361217766848,0.058612799016229615,0.7276939515482299,-0.37446076366224623,0.4118459869022134,0.12670770210370175,1.1102230246251565e-16
BTCUSDT,selected_breakout,development_2024_25,210527,0.07830521894339033,0.06726365969917894,0.4581053470370127,-0.3828293269486107,0.14253967978758092,0.10358974841710188,5.551115123125783e-17
BTCUSDT,selected_breakout,reused_2026,76895,0.03132381513496541,0.0010225440633559336,0.2599151997649121,0.008368563286364535,0.2693063071146325,0.023117953686599867,1.1102230246251565e-16
BTCUSDT,selected_breakout,year2024,105407,0.1457100491902918,0.11124411580249899,0.3810405348663548,-0.1349344852656877,0.35735016540316605,0.04876433535289586,5.551115123125783e-17
BTCUSDT,selected_breakout,year2025,105120,0.010716359146632883,0.0010237456714806883,0.03206061039585699,-0.247894841682923,-0.2148104856155852,0.05482541306420603,1.3877787807814457e-16
BTCUSDT,regime_gate,all,287422,0.05523455602523971,0.04924920794774213,0.5984921306134008,-0.297639090828153,0.35010224773299,0.1523086700424461,5.551115123125783e-17
BTCUSDT,regime_gate,development_2024_25,210527,0.06538241487755243,0.05616305737952911,0.43419727151293924,-0.2932817820407213,0.1970785468517473,0.10892303031231523,2.220446049250313e-16
BTCUSDT,regime_gate,reused_2026,76895,0.027451237466154733,0.0008961264706053342,0.15648488319806908,-0.004357308787431671,0.15302370088124273,0.043385639730130876,0.0
BTCUSDT,regime_gate,year2024,105407,0.10513347072244537,0.08026543163466025,0.32091195713555193,-0.11361414190388462,0.2875632468663274,0.05046968014852018,1.6653345369377348e-16
BTCUSDT,regime_gate,year2025,105120,0.025522830179658323,0.002438224266547811,0.08674471585570888,-0.17966764013683661,-0.09048470001458006,0.058453350163795055,1.3877787807814457e-16
BTCUSDT,gate_no_range,all,287422,0.05571416701727715,0.04967684715009366,0.6923767206281095,-0.3095748040701617,0.4324787637080415,0.14407894664924073,0.0
BTCUSDT,gate_no_range,development_2024_25,210527,0.06561013757352052,0.05635866965332214,0.502741940811004,-0.30659565095971053,0.25250495950461543,0.10331577450172144,1.6653345369377348e-16
BTCUSDT,gate_no_range,reused_2026,76895,0.028620480909022413,0.0009342956060050512,0.18201866170787212,-0.002979153110451091,0.17997380420342607,0.04076317214751928,0.0
BTCUSDT,gate_no_range,year2024,105407,0.10573598360382414,0.08072542744909487,0.3719775185924321,-0.11911546682251434,0.3335874792190126,0.04739985165730345,0.0
BTCUSDT,gate_no_range,year2025,105120,0.02537473943314559,0.0024240769933317587,0.10397358742946726,-0.18748018413719608,-0.08108251971439717,0.055915922844418015,1.1102230246251565e-16
BTCUSDT,adaptive14,all,287422,0.0560400707608033,0.049967435187563046,0.5744911058467669,-0.28753440650042844,0.3369241345339018,0.1363544538121501,2.7755575615628914e-16
BTCUSDT,adaptive14,development_2024_25,210527,0.06730062651469976,0.05781078835497483,0.4144261501878975,-0.2810784805188249,0.19115845802404743,0.0994714552489012,2.7755575615628914e-17
BTCUSDT,adaptive14,reused_2026,76895,0.025210354638811508,0.0008229744161093196,0.15139862807534854,-0.006455925981603442,0.14576567650985436,0.036882998563248934,8.326672684688674e-17
BTCUSDT,adaptive14,year2024,105407,0.10759377095963284,0.08214377788473368,0.3077626366241849,-0.11706870506280821,0.2728377094461103,0.04653399256772256,5.551115123125783e-17
BTCUSDT,adaptive14,year2025,105120,0.02689747319937383,0.002569545438413077,0.07976097859554064,-0.1640097754560167,-0.08167925142206295,0.05293746268117866,2.7755575615628914e-17
BTCUSDT,adaptive42,all,287422,0.055939620577836524,0.049877870025727425,0.5826486116206576,-0.2776782611329404,0.3548482205134449,0.13671651639315285,1.6653345369377348e-16
BTCUSDT,adaptive42,development_2024_25,210527,0.06758275672947818,0.058053136323779196,0.39835634440961354,-0.2785605901056228,0.17784889062777,0.10079942138671386,8.326672684688674e-17
BTCUSDT,adaptive42,reused_2026,76895,0.024062456593225482,0.0007855020862927121,0.1753314988266998,0.0008823289726824102,0.17699932988567485,0.03591709500643899,8.326672684688674e-17
BTCUSDT,adaptive42,year2024,105407,0.10577440573103848,0.08075476129115287,0.2938145649997554,-0.12172557098570803,0.2528437553052002,0.04748237409202663,5.551115123125783e-17
BTCUSDT,adaptive42,year2025,105120,0.029286836387892694,0.002797803953116744,0.07904235048936786,-0.15683501911991476,-0.0749948646774302,0.053317047294687205,5.551115123125783e-17
BTCUSDT,adaptive126,all,287422,0.05712766363544069,0.05093717390730624,0.5652174761297977,-0.27342127380743625,0.3427333762296675,0.13890636340861484,1.6653345369377348e-16
BTCUSDT,adaptive126,development_2024_25,210527,0.06814583721174675,0.05853681869455379,0.38801418388226794,-0.2751345643467778,0.17141643823004402,0.10221976375089045,1.3877787807814457e-16
BTCUSDT,adaptive126,reused_2026,76895,0.026961553634803608,0.0008801410840069264,0.16872350637627515,0.00171329053934147,0.1713169379996235,0.036686599657724334,2.7755575615628914e-17
BTCUSDT,adaptive126,year2024,105407,0.10458511455672218,0.07984678242590829,0.29640518318349235,-0.11850146799449009,0.2577504976149105,0.04752217344088503,1.1102230246251565e-16
BTCUSDT,adaptive126,year2025,105120,0.03160707287478112,0.00301945871736659,0.06727957825005465,-0.15663309635228778,-0.08633405938486652,0.05469759031000544,2.7755575615628914e-17
BTCUSDT,filtered_moe,all,287422,0.03782234209502893,0.03372382300054229,0.38773541559833713,-0.27665407716845497,0.14480516143042432,0.07743152064569121,1.1102230246251565e-16
BTCUSDT,filtered_moe,development_2024_25,210527,0.041372726138002386,0.03553889522722315,0.2272129119728665,-0.2827738605000466,-0.020022053299957057,0.05540315116351108,6.938893903907228e-17
BTCUSDT,filtered_moe,reused_2026,76895,0.028101922023306806,0.0009173676134280209,0.15779006378536178,0.006119783331591584,0.16482721473038128,0.022028369482180114,8.326672684688674e-17
BTCUSDT,filtered_moe,year2024,105407,0.054728036242481,0.04178278735909969,0.14294504297863986,-0.10740658129123838,0.07732124904650112,0.022992560411420344,4.163336342344337e-17
BTCUSDT,filtered_moe,year2025,105120,0.027980953191058144,0.0026730514833715707,0.07535092537897847,-0.17536727920880824,-0.09734330234645819,0.03241059075209074,0.0
BTCUSDT,kalman,all,287422,0.03142959332180276,0.028023807713981056,0.8051664156879691,-0.5476397839643847,0.28555043943756575,0.30621380807130405,3.3306690738754696e-16
BTCUSDT,kalman,development_2024_25,210527,0.03978997532413119,0.034179322856832416,0.45315913388988416,-0.4871746469070289,0.00016380983968800056,0.22033844086695048,3.3306690738754696e-16
BTCUSDT,kalman,reused_2026,76895,0.008540118820155082,0.0002787862130547433,0.3455729804421789,-0.06046513705735589,0.28538662959787775,0.08587536720435363,5.551115123125783e-17
BTCUSDT,kalman,year2024,105407,0.06441072635500301,0.04917515532646207,0.3708355564554111,-0.18032729430138966,0.23968341748048336,0.10509738692041348,1.3877787807814457e-16
BTCUSDT,kalman,year2025,105120,0.015102004396514124,0.0014427112249659378,0.06588503373987767,-0.3068473526056391,-0.2395196076407954,0.115241053946537,8.326672684688674e-17
BTCUSDT,trend_ensemble_long,all,287422,0.1809573591165578,0.16134838858364717,0.42617740547379546,-0.2148665964204847,0.3726591976369579,0.06870395623739665,0.0
BTCUSDT,trend_ensemble_long,development_2024_25,210527,0.18139656042952884,0.15581843299811482,0.32616761856371146,-0.21626488001904956,0.2657211715427767,0.050467470881864616,5.551115123125783e-17
BTCUSDT,trend_ensemble_long,reused_2026,76895,0.17975489166333142,0.005867972867850075,0.09967176962776636,0.001398283598564828,0.10693802609418124,0.01823648535553202,2.7755575615628914e-17
BTCUSDT,trend_ensemble_long,year2024,105407,0.21764630839921578,0.16616473105385465,0.27582926522327894,-0.07330769490129123,0.36868630137584235,0.02477206239572858,0.0
BTCUSDT,trend_ensemble_long,year2025,105120,0.14504784292343306,0.013856581262222077,0.026135474022470597,-0.1429571851177583,-0.10296512983306569,0.025695408486136034,6.938893903907228e-17
BTCUSDT,regime_gate_long,all,287422,0.16458946157392754,0.14675415541236972,0.38332276223409906,-0.1502798174789854,0.3797971001674835,0.07366319751685013,1.1102230246251565e-16
BTCUSDT,regime_gate_long,development_2024_25,210527,0.16530893306196362,0.14199926861519668,0.32633109327396176,-0.16556126893255133,0.3027690929566069,0.052522361898403334,2.220446049250313e-16
BTCUSDT,regime_gate_long,reused_2026,76895,0.1626196563335119,0.005308605080586023,0.056437950676724566,0.01528145145356598,0.07702800721087649,0.021140835618446808,8.326672684688674e-17
BTCUSDT,regime_gate_long,year2024,105407,0.20282232430126523,0.15484717943122647,0.26382103965490694,-0.04998138540477706,0.3686868336813563,0.025037784517724728,5.551115123125783e-17
BTCUSDT,regime_gate_long,year2025,105120,0.1276931222708576,0.012198665555523033,0.03746347724750195,-0.11557988352777432,-0.06591774072474937,0.0274845773806786,2.7755575615628914e-17
BTCUSDT,expanding_tree,all,287422,0.2428404538129918,0.2165256837132004,0.023540774405013565,0.04012620575154262,0.2801926638697563,0.11360330036693256,3.3306690738754696e-16
BTCUSDT,expanding_tree,development_2024_25,210527,0.2752173951382255,0.23640990293705907,0.2751350348620737,0.00041409757921266523,0.5119590353783453,0.08588049703083275,1.1102230246251565e-16
BTCUSDT,expanding_tree,reused_2026,76895,0.15419723479514305,0.005033661013075974,-0.27651214069399505,0.039712108172329966,-0.23176637150858898,0.02772280333609979,1.6653345369377348e-16
BTCUSDT,expanding_tree,year2024,105407,0.3263232110975586,0.24913543908678323,0.12336940461373055,0.021216583298373993,0.3937214269988875,0.04272886304129579,2.7755575615628914e-16
BTCUSDT,expanding_tree,year2025,105120,0.22397204941119542,0.021396298218449874,0.11764379588016943,-0.02080248571916129,0.11823760837945792,0.04315163398953696,9.71445146547012e-17
BTCUSDT,rolling_tree,all,287422,0.18215099596280476,0.1624126800976052,-0.12229525891031959,0.04389514675926251,0.0840125679465479,0.14987452347692198,2.220446049250313e-16
BTCUSDT,rolling_tree,development_2024_25,210527,0.2857039201044709,0.2454177577936607,0.1698853589768243,0.013909304350150888,0.4292124211206356,0.10068351404226579,2.220446049250313e-16
BTCUSDT,rolling_tree,reused_2026,76895,-0.10136141005543475,-0.003308872423713009,-0.3718768231594863,0.0299858424091116,-0.34519985317408775,0.04919100943465622,1.1102230246251565e-16
BTCUSDT,rolling_tree,year2024,105407,0.35034559258670434,0.2674756194866975,0.026920250457370596,0.01965464375393422,0.3140505136980023,0.04124265628450218,5.551115123125783e-17
BTCUSDT,rolling_tree,year2025,105120,0.22088576208187954,0.021101461767832633,0.09980578505858428,-0.005745339403783319,0.11516190742263352,0.05944085775776359,9.71445146547012e-17
BTCUSDT,action_tcn,all,287422,0.2428106942848989,0.2164991489984685,0.004932005785847911,-0.2898491530983309,-0.068417998314015,0.19842261639788683,5.134781488891349e-16
BTCUSDT,action_tcn,development_2024_25,210527,0.261154623860104,0.22433007640132346,0.35911671994869876,-0.29966834711948376,0.28377844923053813,0.15546856439378562,2.7755575615628914e-16
BTCUSDT,action_tcn,reused_2026,76895,0.19258776091238836,0.006286892919890555,-0.3683025344855965,0.0098191940211528,-0.35219644754455304,0.04295405200410118,1.1102230246251565e-16
BTCUSDT,action_tcn,year2024,105407,0.3756823241548083,0.2868192564992556,0.1921221606725523,-0.019296013300554186,0.4596454038712537,0.04594937270254559,0.0
BTCUSDT,action_tcn,year2025,105120,0.14631423853891018,0.0139775614395367,0.09052781773867749,-0.2803723338189296,-0.1758669546407156,0.10951919169124003,1.6653345369377348e-16
BTCUSDT,vol_long,all,287422,0.712082327947057,0.6349193904799694,0.03145165004105571,0.19653823898878267,0.8629092795098072,0.001359879846255774,5.551115123125783e-16
BTCUSDT,vol_long,development_2024_25,210527,0.7028462668868047,0.6037402456008695,0.03907282563503336,0.19936853204932084,0.8421816032852233,0.0010447537819930218,3.3306690738754696e-16
BTCUSDT,vol_long,reused_2026,76895,0.7373692806336,0.024070905065816006,-0.000512935780693832,-0.0028302930605381207,0.020727676224584088,0.00031512606426275223,3.8163916471489756e-17
BTCUSDT,vol_long,year2024,105407,0.7686155937638821,0.5868089578956279,0.030871640895938746,0.21619442384279386,0.8338750226343605,0.0006200929051289592,0.0
BTCUSDT,vol_long,year2025,105120,0.6368973757325802,0.06084351248982783,-0.035711040045491596,-0.016825891793473123,0.008306580650862913,0.00042466087686406274,2.0122792321330962e-16
BTCUSDT,hold,all,287422,0.8180140776778486,0.729372123446194,0.025184755022575757,0.2586687635964076,1.0132256420651766,0.0003998907866203744,6.661338147750939e-16
BTCUSDT,hold,development_2024_25,210527,0.8078794758694555,0.6939630701003354,0.018338608485545114,0.26527882933613084,0.977580507922011,0.00019996000799840034,4.440892098500626e-16
BTCUSDT,hold,reused_2026,76895,0.8457611004350573,0.02760928030448882,0.014645919578400057,-0.006610065739723149,0.03564513414316593,0.00019993077862197407,2.0816681711721685e-16
BTCUSDT,hold,year2024,105407,0.8943932221433648,0.6828354237060801,0.006331977385047714,0.24830222403455454,0.9374696251256824,0.00019996000799840034,0.0
BTCUSDT,hold,year2025,105120,0.7211295286330217,0.06889030345226221,-0.045756025957509217,0.016976605301576287,0.04011088279632909,0.0,1.8735013540549517e-16
DOGEUSDT,trend24,all,287422,-0.008310147947458688,-0.007409640518408046,0.43185327329775186,0.6597386572701404,1.0841822900494842,0.16266361965309883,0.0
DOGEUSDT,trend24,development_2024_25,210527,-0.001686748409048602,-0.0014489056095532882,0.05991264426816605,0.800756686763095,0.8592204254217077,0.10211733500096494,0.0
DOGEUSDT,trend24,reused_2026,76895,-0.026444024462483853,-0.0008632467057043818,0.36684314082643543,-0.1410180294929547,0.22496186462777643,0.060546284652133915,5.551115123125783e-17
DOGEUSDT,trend24,year2024,105407,0.009187041070235753,0.007013958655417935,0.07420364770341986,0.46560856360865366,0.5468261699674916,0.051905267508481456,1.1102230246251565e-16
DOGEUSDT,trend24,year2025,105120,-0.012590225650705063,-0.0012027582163410663,-0.021551109483883835,0.33514812315444104,0.3123942554542161,0.050212067492483484,0.0
DOGEUSDT,trend72,all,287422,-0.017073997451721876,-0.015223818412061194,0.27474681079524116,0.0863811641262745,0.3459041565094547,0.08610562275401408,2.220446049250313e-16
DOGEUSDT,trend72,development_2024_25,210527,-0.00647042367123481,-0.005558050686839785,0.29128573605163693,0.2541581204438006,0.539885805808598,0.052707312730115544,2.220446049250313e-16
DOGEUSDT,trend72,reused_2026,76895,-0.04610499527062558,-0.0015050653632675273,-0.024699627618349713,-0.16777695631752615,-0.19398164929914347,0.03339831002389853,8.326672684688674e-17
DOGEUSDT,trend72,year2024,105407,0.025781312991691365,0.019683058127601488,0.2268901098361515,0.27968576128059447,0.5262589292443475,0.026074108204492304,0.0
DOGEUSDT,trend72,year2025,105120,-0.038810214447766965,-0.00370758281861266,0.04286210021965693,-0.025527640836793937,0.013626876564250406,0.026633204525623233,6.938893903907228e-17
DOGEUSDT,trend168,all,287422,-0.0300620186912871,-0.026804426728433795,0.49659366671155647,0.19816960753434415,0.6679588475174666,0.051272512321034296,2.220446049250313e-16
DOGEUSDT,trend168,development_2024_25,210527,-0.01123403968571598,-0.009649965004418826,0.2871643991135961,0.34785086741741034,0.6253653015265874,0.029685394211300162,2.220446049250313e-16
DOGEUSDT,trend168,reused_2026,76895,-0.08161020694937761,-0.0026641081958175524,0.19493891406976305,-0.14968125988306624,0.042593545990879195,0.021587118109734148,5.551115123125783e-17
DOGEUSDT,trend168,year2024,105407,0.033773978632182386,0.025785156280902215,0.052091365958528285,0.2831314258791246,0.3610079481185553,0.015425247144119943,2.220446049250313e-16
DOGEUSDT,trend168,year2025,105120,-0.05636493948437193,-0.005384605165881109,0.205022517035628,0.0647194415382856,0.26435735340803224,0.014260147067180217,2.220446049250313e-16
DOGEUSDT,trend336,all,287422,-0.0358777929966613,-0.03198998987501956,0.5656335061630136,0.5099509352265169,1.0435944515145104,0.032214939549703246,4.440892098500626e-16
DOGEUSDT,trend336,development_2024_25,210527,-0.016184119058552864,-0.013902050100549323,0.34907839291442405,0.5861831417123655,0.9213594845262403,0.017894325340841472,0.0
DOGEUSDT,trend336,reused_2026,76895,-0.08979612439880907,-0.0029313317525577498,0.2013985052266769,-0.0762322064858487,0.1222349669882703,0.01432061420886177,1.249000902703301e-16
DOGEUSDT,trend336,year2024,105407,0.05337506202161459,0.04074984267381379,0.2766977700230829,0.4406963085759544,0.7581439212728512,0.009227915189214593,1.1102230246251565e-16
DOGEUSDT,trend336,year2025,105120,-0.08593321152542131,-0.00820929497899724,0.025938025095975453,0.14548683313641092,0.1632155632533891,0.008666410151626879,2.7755575615628914e-17
DOGEUSDT,trend_ensemble,all,287422,-0.02444489253070681,-0.021795985740427855,0.40831515759134995,0.3152213332134416,0.7017405050643639,0.07287242593332323,2.220446049250313e-16
DOGEUSDT,trend_ensemble,development_2024_25,210527,-0.013941541189255733,-0.011975690699672572,0.22757458937420097,0.43891970668073027,0.6545186053552589,0.043566837763907844,1.1102230246251565e-16
DOGEUSDT,trend_ensemble,reused_2026,76895,-0.05320149631328916,-0.0017367256824371018,0.17265699885883093,-0.12369837346728878,0.047221899709105106,0.029305588169415395,8.326672684688674e-17
DOGEUSDT,trend_ensemble,year2024,105407,0.016375122873601135,0.012501787456347961,0.1361603045009698,0.318178867145397,0.46684095910271484,0.022335236505932308,1.1102230246251565e-16
DOGEUSDT,trend_ensemble,year2025,105120,-0.044340976205176144,-0.00423594262175696,0.07117274933896747,0.12074083953533328,0.18767764625254393,0.021231601257975533,1.3877787807814457e-16
DOGEUSDT,breakout,all,287422,-0.023400911645937675,-0.02086513311143291,0.833111913496031,0.5065295527977561,1.3187763331823543,0.11607138145274677,2.220446049250313e-16
DOGEUSDT,breakout,development_2024_25,210527,-0.00317047599913429,-0.002723417692559611,0.5977445386842241,0.6731563718811472,1.2681774928728118,0.07055302817756495,2.220446049250313e-16
DOGEUSDT,breakout,reused_2026,76895,-0.07878881626151185,-0.0025720058677373286,0.2197976652606708,-0.16662681908339091,0.05059884030954251,0.045518353275181805,2.7755575615628914e-17
DOGEUSDT,breakout,year2024,105407,0.022668084462388768,0.017306225802323154,0.2723934463201771,0.4863404407506873,0.7760401128731876,0.03651228216749372,1.1102230246251565e-16
DOGEUSDT,breakout,year2025,105120,-0.029079581236651046,-0.002778004638715978,0.30809945350788026,0.1868159311304599,0.4921373799996239,0.03404074601007124,2.7755575615628914e-16
DOGEUSDT,range_only,all,287422,0.009356112381672645,0.008342261754704514,-0.5082816087382658,-0.09249440745827212,-0.5924337544418334,0.05456277247542515,1.1102230246251565e-16
DOGEUSDT,range_only,development_2024_25,210527,0.002956705497830716,0.0025397902607303025,-0.2971995477592162,-0.19854237297979324,-0.49320213047827904,0.033020508118157675,5.551115123125783e-17
DOGEUSDT,range_only,reused_2026,76895,0.02687673053674891,0.0008773720932253894,-0.20615696157830088,0.1060479655215211,-0.09923162396355434,0.02154226435726748,5.551115123125783e-17
DOGEUSDT,range_only,year2024,105407,-0.012218222438957415,-0.009328151074364126,-0.13634270613445892,-0.16657428427528234,-0.31224514148410537,0.01661563452207775,5.551115123125783e-17
DOGEUSDT,range_only,year2025,105120,0.018173064221508668,0.0017360929752112395,-0.15072499326487399,-0.031968088704510914,-0.18095698899417373,0.016404873596079922,5.551115123125783e-17
DOGEUSDT,down_rebound,all,287422,0.03576777605471169,0.03189189463099559,0.4030404125143381,0.26319351516852557,0.6981258223138596,0.1188700822292591,2.220446049250313e-16
DOGEUSDT,down_rebound,development_2024_25,210527,0.05135227528194952,0.04411126124097469,0.15364949242587475,0.3335961240382572,0.5313568777051066,0.07465672027633259,0.0
DOGEUSDT,down_rebound,reused_2026,76895,-0.006900250069388727,-0.00022525384324110373,0.23739680732172558,-0.07040260886973168,0.16676894460875277,0.04421336195292652,2.7755575615628914e-17
DOGEUSDT,down_rebound,year2024,105407,0.0846941565920283,0.06466078774988375,0.06695139260871202,0.26459011659808096,0.39620229695667664,0.03738102446274468,1.1102230246251565e-16
DOGEUSDT,down_rebound,year2025,105120,0.01791936353107931,0.001711856666953474,0.06443671664130021,0.06900600744017617,0.1351545807484299,0.03727569581358792,5.551115123125783e-17
DOGEUSDT,selected_trend,all,287422,-0.01732401186354158,-0.015446740666600808,0.2722510951614702,0.18232496482235744,0.43912931931722654,0.08022770056810186,2.7755575615628914e-16
DOGEUSDT,selected_trend,development_2024_25,210527,-0.0008794701852140517,-0.0007554590109323127,0.16277968186449826,0.3767374775386702,0.538761700392236,0.04771354262332064,1.1102230246251565e-16
DOGEUSDT,selected_trend,reused_2026,76895,-0.06234670548358527,-0.0020352646472771795,0.09681539628858071,-0.19441251271631277,-0.09963238107500927,0.03251415794478121,2.7755575615628914e-17
DOGEUSDT,selected_trend,year2024,105407,0.023184621364065985,0.017700582205507135,0.24557577947787051,0.31640053508532323,0.5796768967687008,0.012767231061804591,1.1102230246251565e-16
DOGEUSDT,selected_trend,year2025,105120,-0.02500926183223612,-0.002389162512878593,-0.09886297631693304,0.06033694245334698,-0.040915196376464666,0.03494631156151604,2.0816681711721685e-17
DOGEUSDT,selected_breakout,all,287422,-0.011799712874949644,-0.010521067877082175,0.7779483375074805,0.40661255991275963,1.1740398295431582,0.11719239548912194,2.220446049250313e-16
DOGEUSDT,selected_breakout,development_2024_25,210527,0.014478667295183401,0.01243707843464312,0.6094938672041834,0.5217383462941679,1.1436692919329947,0.06936326893368047,2.220446049250313e-16
DOGEUSDT,selected_breakout,reused_2026,76895,-0.08374598431103261,-0.002733829155809188,0.14823015314738106,-0.11512578638140847,0.03037053761016352,0.047829126555441456,1.249000902703301e-16
DOGEUSDT,selected_breakout,year2024,105407,0.06493126439822502,0.04957256645000216,0.35908284761490916,0.31288885512479947,0.7215442691897107,0.025642404863118307,1.1102230246251565e-16
DOGEUSDT,selected_breakout,year2025,105120,-0.03611167614888345,-0.0034497884628052694,0.21672532003672035,0.2088494911693685,0.4221250227432838,0.04372086407056215,2.220446049250313e-16
DOGEUSDT,regime_gate,all,287422,0.0018279899982082302,0.0016299046471381356,0.4668463947690139,0.32715668608621057,0.7956329855023624,0.08009923108881568,3.3306690738754696e-16
DOGEUSDT,regime_gate,development_2024_25,210527,0.013923102603635534,0.011959852077863879,0.3273899259809313,0.36863324062306907,0.7079830186818645,0.05071458686656932,3.3306690738754696e-16
DOGEUSDT,regime_gate,reused_2026,76895,-0.03128661786293742,-0.001021329784395297,0.13014785114175192,-0.041476554536858556,0.08764996682049803,0.02938464422224636,5.551115123125783e-17
DOGEUSDT,regime_gate,year2024,105407,0.03946534930540275,0.030130302698496425,0.17029170248122083,0.27624285664768455,0.4766648618274019,0.025455499828483077,1.1102230246251565e-16
DOGEUSDT,regime_gate,year2025,105120,-0.011688879874419805,-0.001116651654928428,0.14004442453400645,0.09239038397538454,0.23131815685446247,0.02525908703808625,8.326672684688674e-17
DOGEUSDT,gate_no_range,all,287422,-0.001276898599045528,-0.0011385308248669118,0.4393933297285462,0.23966458183689088,0.6779193807405706,0.07880162966278677,3.3306690738754696e-16
DOGEUSDT,gate_no_range,development_2024_25,210527,0.01060309176586498,0.009107984958370506,0.25826447784417816,0.32320933355356424,0.5905817963561129,0.05012588072165294,0.0
DOGEUSDT,gate_no_range,reused_2026,76895,-0.033802533966150204,-0.001103460108053417,0.17198579620918436,-0.08354475171667336,0.08733758438445755,0.02867574894113383,2.7755575615628914e-17
DOGEUSDT,gate_no_range,year2024,105407,0.03687775742167864,0.028154774086968173,0.14512774023014513,0.255246055985441,0.42852857030255437,0.024919836996929217,5.551115123125783e-17
DOGEUSDT,gate_no_range,year2025,105120,-0.01574330932605237,-0.001503975795957877,0.09559392428139321,0.06796327756812322,0.16205322605355843,0.025206043724723733,1.1102230246251565e-16
DOGEUSDT,adaptive14,all,287422,-0.0001209812727993995,-0.00010787145386227964,0.438684443594795,0.29452202130914745,0.7330985934500799,0.0724300002660291,3.3306690738754696e-16
DOGEUSDT,adaptive14,development_2024_25,210527,0.012034877704306439,0.010337879509779907,0.30380274786002515,0.3483489317359432,0.6624895591057481,0.04654838511780192,1.1102230246251565e-16
DOGEUSDT,adaptive14,reused_2026,76895,-0.03340190360680241,-0.0010903818098389076,0.1255263265809666,-0.053826910426795736,0.0706090343443319,0.02588161514822718,6.938893903907228e-17
DOGEUSDT,adaptive14,year2024,105407,0.03605445998040787,0.027526217605067477,0.1662339345685469,0.2510721214456851,0.44483227361929933,0.023015991346661567,1.1102230246251565e-16
DOGEUSDT,adaptive14,year2025,105120,-0.012050283149736772,-0.0011511769105401663,0.12153165210673095,0.09727681029025831,0.21765728548644903,0.023532393771140348,5.551115123125783e-17
DOGEUSDT,adaptive42,all,287422,0.0018473042132164047,0.0016471259277953082,0.4615876229210822,0.30543560303230016,0.7686703518811779,0.07222577381068884,2.220446049250313e-16
DOGEUSDT,adaptive42,development_2024_25,210527,0.013581778002316714,0.011666656526662308,0.31912410311672507,0.35235668683008375,0.6831474464734714,0.04693474172040161,2.220446049250313e-16
DOGEUSDT,adaptive42,reused_2026,76895,-0.03027992855091547,-0.0009884671150423912,0.13343245632053233,-0.046921083797783474,0.08552290540770649,0.025291032090287238,2.7755575615628914e-17
DOGEUSDT,adaptive42,year2024,105407,0.03690829728714451,0.028178090120071973,0.19981291540999319,0.25070623364458533,0.47869723917465046,0.02318141284730904,0.0
DOGEUSDT,adaptive42,year2025,105120,-0.009808427650802035,-0.0009370099689776729,0.1037367640823001,0.10165045318549845,0.2044502072988209,0.023753328873092564,0.0
DOGEUSDT,adaptive126,all,287422,0.003499153752882406,0.0031199771161024735,0.45673982026275556,0.3384531813936011,0.7983129787724591,0.07278145146949985,0.0
DOGEUSDT,adaptive126,development_2024_25,210527,0.014952203152683476,0.012843842571236249,0.3271424506839149,0.3757796998326365,0.7157659930877877,0.04648292569293911,0.0
DOGEUSDT,adaptive126,reused_2026,76895,-0.02785758115825513,-0.0009093912765764173,0.12078289540028349,-0.037326518439035485,0.08254698568467161,0.026298525776560736,2.7755575615628914e-17
DOGEUSDT,adaptive126,year2024,105407,0.03827271911686173,0.02921977462208114,0.19225868982929445,0.2454880341203438,0.4669664985717194,0.022682652624183067,0.0
DOGEUSDT,adaptive126,year2025,105120,-0.008431982789441125,-0.0008055166651821557,0.11931334546895778,0.13029166571229261,0.2487994945160682,0.023800273068756053,5.551115123125783e-17
DOGEUSDT,filtered_moe,all,287422,0.008434751582320904,0.007520741806550375,0.3848865586187993,0.17193666006590114,0.564343960491251,0.03834681442140149,2.220446049250313e-16
DOGEUSDT,filtered_moe,development_2024_25,210527,0.019557460919400055,0.016799728212413833,0.2302219910339589,0.23740631398492731,0.48442803323130024,0.022114804530918814,2.220446049250313e-16
DOGEUSDT,filtered_moe,reused_2026,76895,-0.02201756168391569,-0.0007187479204705733,0.14610432909944746,-0.0654696539190262,0.07991592725995068,0.016232009890482676,1.3877787807814457e-17
DOGEUSDT,filtered_moe,year2024,105407,0.02999093486675656,0.022896945336869458,0.15049193120595897,0.18871611084420808,0.36210498738703656,0.008534326725675409,5.551115123125783e-17
DOGEUSDT,filtered_moe,year2025,105120,0.009095501364900364,0.0008689033303992186,0.07276393937314522,0.04869020314071927,0.12232304584426357,0.0135804778052434,1.3877787807814457e-16
DOGEUSDT,kalman,all,287422,-0.011240418727823349,-0.010022380176158295,0.9205303164932697,0.5557920244044162,1.4662999607215272,0.1768657811609166,2.220446049250313e-16
DOGEUSDT,kalman,development_2024_25,210527,-0.0006517843207272475,-0.0005598783751355399,0.5630283773763396,0.6715058897166659,1.2339743887178694,0.11146846221987305,6.661338147750939e-16
DOGEUSDT,kalman,reused_2026,76895,-0.04023051477857724,-0.0013132970513118417,0.3493527343672193,-0.11571386531224975,0.23232557200365783,0.06539731894104357,1.1102230246251565e-16
DOGEUSDT,kalman,year2024,105407,0.01699162518728203,0.01297246367364894,0.3269191939201115,0.4464982185287406,0.786389876122501,0.05656724746414469,0.0
DOGEUSDT,kalman,year2025,105120,-0.01834336409632402,-0.001752361911079323,0.22432920331852269,0.22500767118792514,0.44758451259536847,0.054901214755728345,5.551115123125783e-17
DOGEUSDT,trend_ensemble_long,all,287422,0.13056126894442005,0.11641333880237204,0.3069173838219311,0.41112564006780616,0.8344563626921095,0.030024746931582868,2.220446049250313e-16
DOGEUSDT,trend_ensemble_long,development_2024_25,210527,0.13315703161600248,0.11438100016866913,0.19170248152648592,0.3763344639817111,0.6824179456768662,0.01830125094235475,0.0
DOGEUSDT,trend_ensemble_long,reused_2026,76895,0.12345445929541521,0.004030084582718342,0.11321715634642984,0.03479117608609506,0.15203841701524323,0.011723495989228118,0.0
DOGEUSDT,trend_ensemble_long,year2024,105407,0.14071084735550674,0.10742741413422482,0.04795815953195229,0.3042027780657216,0.4595883517318987,0.01062835698939439,0.0
DOGEUSDT,trend_ensemble_long,year2025,105120,0.1255825923498882,0.011997044292036189,0.13870086373694165,0.07213168591598956,0.2228295939449675,0.00767289395296036,1.1102230246251565e-16
DOGEUSDT,regime_gate_long,all,287422,0.11756149163604716,0.10482224833281453,0.20226185163406266,0.3640480335090717,0.6711321334759494,0.03152877454193492,4.440892098500626e-16
DOGEUSDT,regime_gate_long,development_2024_25,210527,0.12048296223173822,0.10349405927800845,0.1100659934125557,0.3121381716721715,0.5256982243627358,0.020398453266612847,2.220446049250313e-16
DOGEUSDT,regime_gate_long,reused_2026,76895,0.10956294244430448,0.003576605719243117,0.08994744155707,0.05190986183690018,0.1454339091132133,0.011130321275322076,0.0
DOGEUSDT,regime_gate_long,year2024,105407,0.12625840670986402,0.0963935218958593,0.02274717538960997,0.2595785449106515,0.3787192421961209,0.01129740030574833,1.1102230246251565e-16
DOGEUSDT,regime_gate_long,year2025,105120,0.11469174955949885,0.010956630004601547,0.08346272540049329,0.052559626761520144,0.14697898216661504,0.009101052960864515,5.551115123125783e-17
DOGEUSDT,expanding_tree,all,287422,0.1409863709120468,0.12570875188481725,0.32817290194649196,0.38792107481688387,0.8418027286481934,0.06454115559483777,3.3306690738754696e-16
DOGEUSDT,expanding_tree,development_2024_25,210527,0.1679220049420856,0.1442438798950794,0.4072402366487633,0.35329012960840533,0.904774246152248,0.04352318999285855,0.0
DOGEUSDT,expanding_tree,reused_2026,76895,0.067240636788346,0.002195023615991332,-0.0997974863285248,0.03463094520847854,-0.06297151750405486,0.021017965601979202,5.551115123125783e-17
DOGEUSDT,expanding_tree,year2024,105407,0.16224446790917038,0.12386751961652012,0.203629117701845,0.34556568835031937,0.6730623256686844,0.023779678816402815,1.1102230246251565e-16
DOGEUSDT,expanding_tree,year2025,105120,0.17361504286092588,0.016585637547305684,0.20740184167817186,0.007724441258086023,0.23171192048356348,0.019743511176455723,8.326672684688674e-17
DOGEUSDT,rolling_tree,all,287422,0.0980799469248766,0.08745177021789588,-0.2505372434226584,0.47977151336217466,0.31668604015741214,0.08895340866145987,0.0
DOGEUSDT,rolling_tree,development_2024_25,210527,0.17096877677929626,0.1468610365393554,0.0362212258515284,0.39061697049955646,0.5736992328904404,0.050963635445036654,2.220446049250313e-16
DOGEUSDT,rolling_tree,reused_2026,76895,-0.10147875887863991,-0.0033127031940707458,-0.3428550324015758,0.08915454286261817,-0.2570131927330283,0.037989773216423224,5.551115123125783e-17
DOGEUSDT,rolling_tree,year2024,105407,0.2704585612145022,0.2064848901686318,0.1396331802357016,0.2423221400010743,0.5884402104054076,0.021911158236593134,1.1102230246251565e-16
DOGEUSDT,rolling_tree,year2025,105120,0.07120736403232375,0.006802518440094084,-0.16983832645354374,0.14829483049848213,-0.014740977514967533,0.029052477208443516,3.122502256758253e-17
DOGEUSDT,action_tcn,all,287422,0.08722828416675865,0.07777601948842307,-0.08046101747153662,0.3376946041050797,0.33500960612196573,0.121600666814046,3.885780586188048e-16
DOGEUSDT,action_tcn,development_2024_25,210527,0.09619640621609629,0.08263206998605364,0.06114693600703032,0.3922833399136877,0.5360623459067715,0.0859002429875264,2.220446049250313e-16
DOGEUSDT,action_tcn,reused_2026,76895,0.06267490838574687,0.002045978601747141,-0.1485099825779448,-0.05458873580860818,-0.20105273978480565,0.03570042382651959,1.942890293094024e-16
DOGEUSDT,action_tcn,year2024,105407,0.1543190222828597,0.11781674140363035,0.12812861958329985,0.1309791762748602,0.37692453726179037,0.027688946634503338,5.551115123125783e-17
DOGEUSDT,action_tcn,year2025,105120,0.03791510302213382,0.0036220718316304096,-0.1057884268254767,0.26130416363882747,0.1591378086449811,0.058211296353023065,8.326672684688674e-17
DOGEUSDT,vol_long,all,287422,0.6913557378001062,0.6164387830187932,-0.08001545277127438,0.07004432676953226,0.6064676570170517,0.0016580878166700607,6.661338147750939e-16
DOGEUSDT,vol_long,development_2024_25,210527,0.6620194334258761,0.5686702685346378,0.010167277469116588,0.009317132476708137,0.588154678480463,0.0012011300806268022,5.551115123125783e-16
DOGEUSDT,vol_long,reused_2026,76895,0.7716741479827389,0.025190763496244505,-0.06760497925248005,0.06072719429282417,0.01831297853658842,0.0004569577360432584,2.0816681711721685e-16
DOGEUSDT,vol_long,year2024,105407,0.665580997203672,0.5081459373620281,-0.036346634904358875,0.2941659077431422,0.7659652102008117,0.0007484619578950405,2.220446049250313e-16
DOGEUSDT,vol_long,year2025,105120,0.658448145820034,0.06290228145158276,0.04413596209450246,-0.28484877526643404,-0.17781053172034866,0.0004526681227317616,1.6653345369377348e-16
DOGEUSDT,hold,all,287422,1.3206847695695794,1.1775722216401365,-0.1316864581210187,0.4844283058007495,1.5303140693198674,0.0003998973382678591,2.220446049250313e-16
DOGEUSDT,hold,development_2024_25,210527,1.407883423259451,1.2093624506267,-0.08179987638667621,0.4323965385055101,1.5599591127455343,0.00019996000799840034,4.440892098500626e-16
DOGEUSDT,hold,reused_2026,76895,1.0819479080653511,0.03531943364771163,-0.11699624436861798,0.052031767295239645,-0.029645043425666845,0.0001999373302694588,1.249000902703301e-16
DOGEUSDT,hold,year2024,105407,1.378600483394953,1.0525093682446387,-0.03860601551181141,0.9150314226523089,1.928934775385136,0.00019996000799840034,0.0
DOGEUSDT,hold,year2025,105120,1.4372463117896754,0.1373017337710798,-0.023642512263882698,-0.48263488414679884,-0.36897566263960146,0.0,2.7755575615628914e-16
ETHUSDT,trend24,all,287422,0.014866415344972824,0.013255455161575072,0.36490114640447835,0.18928176023484136,0.5674383618008949,0.22219747246645188,1.1102230246251565e-16
ETHUSDT,trend24,development_2024_25,210527,0.021826224034912894,0.018748580564774006,-0.09497310206929775,0.21936379081153715,0.14313926930701357,0.15634432012801866,1.6653345369377348e-16
ETHUSDT,trend24,reused_2026,76895,-0.004188499071660429,-0.0001367306262549535,0.4545178536968321,-0.030082030576695756,0.42429909249388137,0.06585315233843328,5.551115123125783e-17
ETHUSDT,trend24,year2024,105407,0.031356764349858825,0.023939704529039294,0.18252003294582944,0.07880575219051328,0.2852654896653821,0.08619846752250324,1.1102230246251565e-16
ETHUSDT,trend24,year2025,105120,0.012269663314046213,0.0011721345408834045,-0.28385639352027603,0.1405580386210238,-0.1421262203583688,0.0701458526055154,2.7755575615628914e-17
ETHUSDT,trend72,all,287422,0.029084150470291895,0.025932522637464463,0.343940653250354,0.3486478015792664,0.718520977467085,0.11480819255015343,1.1102230246251565e-16
ETHUSDT,trend72,development_2024_25,210527,0.03881051337899625,0.03333797159244886,0.3833705456300961,0.3653258812994745,0.7820343985220194,0.07808438572404722,1.1102230246251565e-16
ETHUSDT,trend72,reused_2026,76895,0.002454824713340198,8.013603791204417e-05,-0.046915477372638154,-0.016678079720208086,-0.06351342105493435,0.0367238068261062,1.3877787807814457e-16
ETHUSDT,trend72,year2024,105407,0.056281112913903114,0.04296850270300304,0.4931239020690662,0.2145913427764308,0.7506837475485001,0.04237283119367514,1.1102230246251565e-16
ETHUSDT,trend72,year2025,105120,0.02129221538455248,0.002034068944303632,-0.12141795649382801,0.15073453852304367,0.031350650973519446,0.03571155453037207,1.457167719820518e-16
ETHUSDT,trend168,all,287422,0.031649043864363326,0.02821947807294749,0.6113267001401415,0.2921098143222606,0.9316559925353495,0.06777141062990265,1.1102230246251565e-16
ETHUSDT,trend168,development_2024_25,210527,0.03209148270064081,0.027566369148121717,0.3570159612852805,0.3310389710889239,0.715621301522326,0.045266106980809226,1.1102230246251565e-16
ETHUSDT,trend168,reused_2026,76895,0.030437712556931222,0.0009936178636963707,0.25397022991599066,-0.03892915676666338,0.2160346910130237,0.022505303649093412,0.0
ETHUSDT,trend168,year2024,105407,0.0507626459898016,0.03875536176338752,0.29164706802432927,0.17422715429480048,0.5046295840825173,0.023013295846667496,0.0
ETHUSDT,trend168,year2025,105120,0.01336934315706612,0.001277188175602237,0.0529027124700831,0.15681181679412337,0.21099171743980866,0.02225281113414173,5.551115123125783e-17
ETHUSDT,trend336,all,287422,0.03812764138697844,0.033996039333894355,0.9386919216078083,0.14535633885515886,1.1180442997968616,0.04225378904813932,0.0
ETHUSDT,trend336,development_2024_25,210527,0.03009886224785078,0.025854721497369497,0.4597300652269287,0.20235974926516045,0.6879445359894588,0.028285485816893243,2.220446049250313e-16
ETHUSDT,trend336,reused_2026,76895,0.0601092368850359,0.0019622240478950792,0.48514095016950964,-0.05700341041000158,0.43009976380740295,0.013968303231246062,2.220446049250313e-16
ETHUSDT,trend336,year2024,105407,0.043918971944291514,0.03353047526953268,0.32257384349671947,-0.003528225909032231,0.35257609285722014,0.014407702673012024,2.220446049250313e-16
ETHUSDT,trend336,year2025,105120,0.016241020707014293,0.001551522716039082,0.12792894524200696,0.20588797517419266,0.33536844313223857,0.013877783143881224,1.1102230246251565e-16
ETHUSDT,trend_ensemble,all,287422,0.024693189401359516,0.022017376570653065,0.37715822437976654,0.24736686726046397,0.6465424682108838,0.10131675662201547,2.220446049250313e-16
ETHUSDT,trend_ensemble,development_2024_25,210527,0.027935358578929804,0.023996286306102985,0.17006690952030598,0.27731607569739614,0.4713792715238053,0.06993604461301904,2.220446049250313e-16
ETHUSDT,trend_ensemble,reused_2026,76895,0.015816615496081664,0.0005163223639335154,0.20459608276007732,-0.02994920843693224,0.17516319668707847,0.031380712008996434,1.3877787807814457e-16
ETHUSDT,trend_ensemble,year2024,105407,0.04628217237148519,0.03533468948432524,0.29335121952093984,0.11437183914402016,0.4430577481492855,0.038094834663159535,2.7755575615628914e-16
ETHUSDT,trend_ensemble,year2025,105120,0.00953845407520183,0.0009112190939563074,-0.13553393227281257,0.16294423655337595,0.028321523374519667,0.03184120994985949,1.3877787807814457e-17
ETHUSDT,breakout,all,287422,0.03286273219499448,0.02930164824467274,0.7728336284089051,0.42086055874266987,1.2229958353962473,0.15790192349696683,4.440892098500626e-16
ETHUSDT,breakout,development_2024_25,210527,0.04555025800796118,0.0391273671819025,0.553097697920832,0.4126922647428369,1.0049173298455711,0.10854193709053482,2.220446049250313e-16
ETHUSDT,breakout,reused_2026,76895,-0.0018738143532393552,-6.116936058013026e-05,0.2099713809114233,0.008168293999832998,0.21807850555067626,0.049359986406432015,8.326672684688674e-17
ETHUSDT,breakout,year2024,105407,0.06230045693098749,0.0475640443736885,0.45587791860327903,0.20504454538278472,0.7084865083597521,0.058242761117732335,1.1102230246251565e-16
ETHUSDT,breakout,year2025,105120,0.02875432747257843,0.0027469327859956662,0.0860361693397714,0.20764771936005216,0.2964308214858192,0.05029917597280249,5.551115123125783e-17
ETHUSDT,range_only,all,287422,-0.017711407822047685,-0.015792157476140545,-0.43571078788028655,-0.25113011165115634,-0.7026330570075834,0.0773730221382801,0.0
ETHUSDT,range_only,development_2024_25,210527,-0.02515264534207241,-0.021605954234626468,-0.24093915509082364,-0.24523151930751427,-0.5077766286329644,0.05314544923723845,0.0
ETHUSDT,range_only,reused_2026,76895,0.0026615866688586816,8.688563751325259e-05,-0.18904472166849037,-0.005898592343642019,-0.19485642837461903,0.024227572901041657,8.326672684688674e-17
ETHUSDT,range_only,year2024,105407,-0.03427013969923908,-0.02616395650440817,-0.24657560207476648,-0.11594100244331206,-0.38868056102248666,0.0287064579305196,5.551115123125783e-17
ETHUSDT,range_only,year2025,105120,-0.016010258282465606,-0.0015294777257546404,0.011723926979479188,-0.12929051686420223,-0.11909606761047772,0.024438991306718845,4.163336342344337e-17
ETHUSDT,down_rebound,all,287422,0.10542807784151773,0.09400364016278191,0.7221124564100904,0.2129813558393195,1.0290974524121912,0.15174270423238337,6.661338147750939e-16
ETHUSDT,down_rebound,development_2024_25,210527,0.11043975432146554,0.09486701080946311,0.4808595112821194,0.22869319428207974,0.8044197163736618,0.10780154697838269,3.3306690738754696e-16
ETHUSDT,down_rebound,reused_2026,76895,0.09170685781038475,0.002993706310006902,0.23739586817128272,-0.015711838442760223,0.2246777360385292,0.0439411572540007,1.942890293094024e-16
ETHUSDT,down_rebound,year2024,105407,0.13183170568482971,0.1006485250340666,0.4731988948582495,0.06332942674077074,0.6371768466330866,0.057322993967031305,3.3306690738754696e-16
ETHUSDT,down_rebound,year2025,105120,0.08898939837247263,0.008501255897168599,-0.006622153697902047,0.16536376754130902,0.16724286974057562,0.05047855301135137,5.551115123125783e-17
ETHUSDT,selected_trend,all,287422,0.05153489044239694,0.045950446941257925,0.22854053729641427,0.3047136795993083,0.5792046638369804,0.0955282549434802,1.1102230246251565e-16
ETHUSDT,selected_trend,development_2024_25,210527,0.03878462408245459,0.033315732859757384,0.19609134488626356,0.32552082402637533,0.5549279017723963,0.06087514005805385,0.0
ETHUSDT,selected_trend,reused_2026,76895,0.08644321121695422,0.002821878243964333,0.04226202824768713,-0.020807144427067034,0.024276762064584404,0.03465311488542635,2.42861286636753e-17
ETHUSDT,selected_trend,year2024,105407,0.023033297540919522,0.01758505218544793,0.3874506429024105,0.14746606731314915,0.5525017624010077,0.030677252263353383,1.1102230246251565e-16
ETHUSDT,selected_trend,year2025,105120,0.0545789551018951,0.005213988097539643,-0.18084260543937714,0.17805475671322604,0.0024261393713885943,0.030197887794700454,4.163336342344337e-17
ETHUSDT,selected_breakout,all,287422,0.0385778488332377,0.034397461228737,0.4777196544987,0.37937918943529053,0.8914963051627277,0.13925568741121616,1.1102230246251565e-16
ETHUSDT,selected_breakout,development_2024_25,210527,0.02592626393001699,0.022270487430990842,0.37576837659135676,0.3710995521589524,0.7691384161813002,0.10066618397276005,2.220446049250313e-16
ETHUSDT,selected_breakout,reused_2026,76895,0.07321599455038896,0.0023900849959566485,0.11168816670913288,0.00827963727633818,0.12235788898142766,0.03858950343845614,5.551115123125783e-17
ETHUSDT,selected_breakout,year2024,105407,0.054017189310246246,0.04124008259105653,0.35620622777827077,0.1857617567880983,0.5832080671574256,0.049456139568389894,0.0
ETHUSDT,selected_breakout,year2025,105120,-0.002241355662390033,-0.00021411919162316352,0.000806672844643419,0.18533779537085404,0.1859303490238744,0.05121004440437014,1.1102230246251565e-16
ETHUSDT,regime_gate,all,287422,0.05113802279709597,0.045596584819469044,0.5660035028007325,0.20297623710009258,0.8145763247202943,0.11023958010935335,1.1102230246251565e-16
ETHUSDT,regime_gate,development_2024_25,210527,0.05642950875021529,0.0484725708552113,0.3382752190510748,0.2019423458467431,0.5886901357530292,0.07754877776230448,0.0
ETHUSDT,regime_gate,reused_2026,76895,0.036650726311598214,0.0011964373575227094,0.22365586035639287,0.0010338912533495205,0.225886188967265,0.032690802347048874,1.1102230246251565e-16
ETHUSDT,regime_gate,year2024,105407,0.07817870933972851,0.05968649000811754,0.2968320372389162,0.06910238038967116,0.42562090763670474,0.04265141799137624,1.6653345369377348e-16
ETHUSDT,regime_gate,year2025,105120,0.03462092820855991,0.003307375659138224,0.026921887000114136,0.1328399654570719,0.16306922811632435,0.03489735977092824,8.326672684688674e-17
ETHUSDT,gate_no_range,all,287422,0.04958666056062149,0.044213331890786266,0.5762503344780686,0.21956130667883147,0.8400249730476865,0.10718342394270601,1.1102230246251565e-16
ETHUSDT,gate_no_range,development_2024_25,210527,0.05470299860941866,0.04698951018384428,0.34499340646028315,0.22310531713346882,0.6150882337775965,0.07515260863297372,2.220446049250313e-16
ETHUSDT,gate_no_range,reused_2026,76895,0.035578892820207694,0.0011614481019417686,0.22731930162278557,-0.003544010454637323,0.22493673927009,0.032030815309732286,2.7755575615628914e-17
ETHUSDT,gate_no_range,year2024,105407,0.07664435288158815,0.058515066839570216,0.3045678967272383,0.0748612884298332,0.4379442519966419,0.04151341895640387,1.6653345369377348e-16
ETHUSDT,gate_no_range,year2025,105120,0.032701739764607315,0.0031240334591085095,0.025775919618210436,0.1482440287036356,0.17714398178095458,0.03363918967656986,5.551115123125783e-17
ETHUSDT,adaptive14,all,287422,0.05193206760802039,0.046304585043009765,0.5299573689130886,0.20788266212890855,0.7841446160850074,0.10061144590841706,4.440892098500626e-16
ETHUSDT,adaptive14,development_2024_25,210527,0.06014266194134129,0.05166214462856835,0.33911379448174894,0.2129637823882699,0.6037397214985875,0.0713086434622366,2.220446049250313e-16
ETHUSDT,adaptive14,reused_2026,76895,0.029452689323202826,0.0009614624683341913,0.18452455237744708,-0.0050811202593613585,0.18040489458641984,0.029302802446180463,5.551115123125783e-17
ETHUSDT,adaptive14,year2024,105407,0.08260329465015503,0.06306449367626756,0.32062000301518245,0.078699742838928,0.4623842395303781,0.039341599720763946,5.551115123125783e-17
ETHUSDT,adaptive14,year2025,105120,0.03762070691910072,0.0035939478454839013,0.003497494573383414,0.13426403954934185,0.1413554819682092,0.03196704374147267,5.551115123125783e-17
ETHUSDT,adaptive42,all,287422,0.05231514327083159,0.046646149714388435,0.5030210051716988,0.2055076925697314,0.7551748474558186,0.1005336517839262,0.0
ETHUSDT,adaptive42,development_2024_25,210527,0.060830571969610794,0.05225305474502718,0.3149204969908653,0.21280186498453074,0.5799754167204232,0.07158435651054838,0.0
ETHUSDT,adaptive42,reused_2026,76895,0.029001174122409844,0.0009467230700170795,0.18154688008017814,-0.0072941724147993605,0.17519943073539562,0.028949295273377838,2.498001805406602e-16
ETHUSDT,adaptive42,year2024,105407,0.08093721414932314,0.06179250417931269,0.28245659064141476,0.07444046703720616,0.4186895618579336,0.03947547129977199,0.0
ETHUSDT,adaptive42,year2025,105120,0.04066903437222746,0.003885157947039221,0.019039298968125673,0.1383613979473246,0.16128585486248948,0.03210888521077637,2.7755575615628914e-17
ETHUSDT,adaptive126,all,287422,0.05203042143200519,0.046392281012316905,0.4742467722333598,0.21168445468506739,0.7323235079307443,0.10101083165289179,2.220446049250313e-16
ETHUSDT,adaptive126,development_2024_25,210527,0.05941660922381672,0.05103847019697595,0.28899105817348403,0.2160403295057697,0.5560698578762298,0.07220675219173273,1.1102230246251565e-16
ETHUSDT,adaptive126,reused_2026,76895,0.03180814485684807,0.0010383546687909376,0.1795711702064258,-0.004355874820702312,0.17625365005451435,0.02880407946115905,5.551115123125783e-17
ETHUSDT,adaptive126,year2024,105407,0.07829396522623855,0.05977448352165413,0.2793357655148822,0.07802790936864634,0.4171381584051827,0.03945765711613927,5.551115123125783e-17
ETHUSDT,adaptive126,year2025,105120,0.04048771401693621,0.0038678362124518655,-0.002948556878528144,0.13801242013712334,0.13893169947104705,0.032749095075593454,0.0
ETHUSDT,filtered_moe,all,287422,0.030823891738027392,0.027483741396800945,0.3538296136930772,0.20147347391768314,0.5827868290075613,0.057167050403639535,0.0
ETHUSDT,filtered_moe,development_2024_25,210527,0.02667164999493474,0.022910769078774547,0.21366693327714406,0.20338284387109037,0.4399605462270089,0.038667286097826256,5.551115123125783e-17
ETHUSDT,filtered_moe,reused_2026,76895,0.04219210810382575,0.0013773318951138818,0.14335832083884595,-0.0019093699534072344,0.14282628278055248,0.018499764305813286,1.1102230246251565e-16
ETHUSDT,filtered_moe,year2024,105407,0.020785894280556848,0.015869244731260643,0.1512259654402255,0.06944748349831462,0.23654269366980074,0.019022111645226214,2.7755575615628914e-17
ETHUSDT,filtered_moe,year2025,105120,0.032573475076607405,0.003111780191245143,0.06637071199318731,0.13393536037277576,0.20341785255720826,0.019645174452600046,5.551115123125783e-17
ETHUSDT,kalman,all,287422,0.02102678794770991,0.018748275113076716,0.5900310338296113,0.3943161595222359,1.0030954684649245,0.23846516551233915,4.440892098500626e-16
ETHUSDT,kalman,development_2024_25,210527,0.028846009892695677,0.02477852969805417,0.2625455557028211,0.3917939914668733,0.6791180768677492,0.16612747943197997,5.551115123125783e-16
ETHUSDT,kalman,reused_2026,76895,-0.000381071320279166,-1.2439807047376736e-05,0.32146766334886007,0.002522168055362664,0.3239773915971752,0.07233768608035919,1.6653345369377348e-16
ETHUSDT,kalman,year2024,105407,0.039620845885213606,0.030249018460569783,0.3199362800765225,0.16690060902721585,0.5170859075643083,0.08935841619829973,2.220446049250313e-16
ETHUSDT,kalman,year2025,105120,0.018041756301910496,0.0017235489840589833,-0.06458476212027588,0.2248933824396575,0.16203216930344075,0.07676906323368023,1.3877787807814457e-16
ETHUSDT,trend_ensemble_long,all,287422,0.1939469790844778,0.17293042238636133,0.24634772831980126,0.11800908663386879,0.5372872373400314,0.04802858392647486,0.0
ETHUSDT,trend_ensemble_long,development_2024_25,210527,0.19138688828359418,0.16440005785181558,0.1869081416198033,0.1376568539230325,0.48896505339465124,0.03262642670341579,1.6653345369377348e-16
ETHUSDT,trend_ensemble_long,reused_2026,76895,0.20095612449104047,0.006560072303068656,0.06140987893147521,-0.01964776728916373,0.04832218394538011,0.01540215722305907,2.7755575615628914e-17
ETHUSDT,trend_ensemble_long,year2024,105407,0.2032184177535993,0.15514958181270203,0.12302477484743582,0.027345111050319115,0.30551946771045696,0.018344493514271185,0.0
ETHUSDT,trend_ensemble_long,year2025,105120,0.17952305621695763,0.017150036613959585,0.05598380619752137,0.11031174287271345,0.18344558568419428,0.0142819331891446,1.1102230246251565e-16
ETHUSDT,regime_gate_long,all,287422,0.17744188371079328,0.15821385846785233,0.29901672108309535,0.10552271854194355,0.562753298092891,0.05064072251016968,2.220446049250313e-16
ETHUSDT,regime_gate_long,development_2024_25,210527,0.17729253275087617,0.15229310065248314,0.27374463338625415,0.11761731235371443,0.5436550463924515,0.03508837773299064,2.220446049250313e-16
ETHUSDT,regime_gate_long,reused_2026,76895,0.17785078428350232,0.005805814612578574,0.025387030899631756,-0.012094593811770886,0.01909825170043946,0.015552344777179051,1.3877787807814457e-17
ETHUSDT,regime_gate_long,year2024,105407,0.19433254336805508,0.14836555253918915,0.14443559402744302,0.006659156409370148,0.2994603029760021,0.019842527173661126,2.220446049250313e-16
ETHUSDT,regime_gate_long,year2025,105120,0.16020599927365978,0.015304656745586962,0.11793193072651811,0.1109581559443443,0.24419474341644942,0.01524585055932952,5.551115123125783e-17
ETHUSDT,expanding_tree,all,287422,0.2735165684670556,0.24387766150290893,0.3425259383601922,-0.056519404814218584,0.529884195048882,0.08876548721761136,5.551115123125783e-16
ETHUSDT,expanding_tree,development_2024_25,210527,0.293485372350297,0.25210197326347566,0.4639283653838144,-0.008449112322830734,0.7075812263244592,0.0664058468564905,1.1102230246251565e-16
ETHUSDT,expanding_tree,reused_2026,76895,0.2188449724578589,0.007144041248420025,-0.13677078003260962,-0.04807029249138784,-0.17769703127557743,0.02235964036112087,0.0
ETHUSDT,expanding_tree,year2024,105407,0.3031952574236428,0.23147812052108926,0.29433198087226936,-0.032405056001396745,0.4934050453919616,0.04194853305859717,2.220446049250313e-16
ETHUSDT,expanding_tree,year2025,105120,0.2837489772216235,0.027106854412301158,0.16311338284163052,0.023955943678566006,0.21417618093249757,0.02445731379789332,1.1102230246251565e-16
ETHUSDT,rolling_tree,all,287422,0.14933989241634146,0.13315706589811266,-0.3854671901052238,-0.05061822049966611,-0.3029283447067777,0.11825613488525795,4.440892098500626e-16
ETHUSDT,rolling_tree,development_2024_25,210527,0.23379474821497304,0.20082812608896455,-0.054202505415066576,-0.0062804127543011415,0.14034520791959665,0.07584158645582115,2.220446049250313e-16
ETHUSDT,rolling_tree,reused_2026,76895,-0.08188486116605675,-0.002673074090857184,-0.39626267079015215,-0.044337807745365,-0.44327355262637436,0.0424145484294368,0.0
ETHUSDT,rolling_tree,year2024,105407,0.2938174226932457,0.224318498116717,0.0775251900896735,-0.008935810353303831,0.2929078778530866,0.04179452062897281,1.1102230246251565e-16
ETHUSDT,rolling_tree,year2025,105120,0.17360819904515484,0.016584983749996715,-0.1718030512824893,0.002655397599002693,-0.15256266993348996,0.03404706582684834,8.326672684688674e-17
ETHUSDT,action_tcn,all,287422,0.21311442822357723,0.19002084107367587,-0.1052156768513101,0.1454490442101508,0.23025420843251637,0.15625614200648275,2.220446049250313e-16
ETHUSDT,action_tcn,development_2024_25,210527,0.24046729541029338,0.20655979953204898,0.09902838655172837,0.16345583448343032,0.4690440205672073,0.11730415208299542,3.885780586188048e-16
ETHUSDT,action_tcn,reused_2026,76895,0.1382263721702865,0.004512303359375268,-0.22529532522078677,-0.018006790273279522,-0.23878981213469114,0.038951989923487286,8.326672684688674e-17
ETHUSDT,action_tcn,year2024,105407,0.3477583714985096,0.2655003739635426,0.03498198944384857,0.029348667915418278,0.3298310313228095,0.041468463175747,5.551115123125783e-17
ETHUSDT,action_tcn,year2025,105120,0.13288329182172193,0.01269448820753052,-0.0075886655311445395,0.134107166568012,0.13921298924439773,0.07583568890724843,2.498001805406602e-16
ETHUSDT,vol_long,all,287422,0.8458536300910845,0.7541949156371006,0.016765851643804338,-0.16753867591793198,0.6034220913629731,0.0018848211393057896,0.0
ETHUSDT,vol_long,development_2024_25,210527,0.8208623029915079,0.705115231824094,0.020907945761330482,-0.17112246651499563,0.5549007110704287,0.0013970588445772192,1.1102230246251565e-16
ETHUSDT,vol_long,reused_2026,76895,0.9142761428720528,0.029845906002624968,0.01509168369285569,0.003583790597063652,0.048521380292544256,0.00048776229472857074,5.551115123125783e-17
ETHUSDT,vol_long,year2024,105407,0.8167787377551149,0.6235796981249169,-0.0397058489563501,-0.18723530038000136,0.3966385487885653,0.0008363240469989955,1.1102230246251565e-16
ETHUSDT,vol_long,year2025,105120,0.824957017231162,0.07880905856103013,0.06334026985582744,0.016112833865005755,0.15826216228186327,0.0005607347975782238,5.551115123125783e-17
ETHUSDT,hold,all,287422,1.1819859209307213,1.0539031106653665,-0.025185033911953442,-0.25866876359644037,0.7700493131569727,0.00039974280508103127,1.1102230246251565e-16
ETHUSDT,hold,development_2024_25,210527,1.1921205222309146,1.0240235607503678,-0.018338886983799676,-0.2652788293361588,0.7404058444304091,0.00019996000799840034,2.220446049250313e-16
ETHUSDT,hold,reused_2026,76895,1.154238899564889,0.03767932256524813,-0.014645919578403195,0.006610065739718434,0.029643468726563274,0.00019978279708263093,9.020562075079397e-17
ETHUSDT,hold,year2024,105407,1.1056067740625746,0.8440889882977197,-0.006332254618434807,-0.24830222403457963,0.5894545096447054,0.00019996000799840034,1.1102230246251565e-16
ETHUSDT,hold,year2025,105120,1.278870471366951,0.12217191412978638,0.04575602595749677,-0.016976605301579205,0.15095133478570388,0.0,5.551115123125783e-17
LINKUSDT,trend24,all,287422,0.0016484701997098849,0.001469838041679376,0.29638571543025743,-0.22183198936801354,0.07602356410392364,0.17382291710592881,4.163336342344337e-16
LINKUSDT,trend24,development_2024_25,210527,0.0002852367153648645,0.00024501643204502256,-0.10686073126125138,0.06080456991134423,-0.045811144917861854,0.111384554363344,2.5673907444456745e-16
LINKUSDT,trend24,reused_2026,76895,0.005380799424740182,0.0001756524383817901,0.40429561586276175,-0.28263655927935777,0.12183470902178556,0.06243836274258483,2.220446049250313e-16
LINKUSDT,trend24,year2024,105407,0.0024324134233697993,0.0018570557216374313,0.0020881832518713575,0.06862254164995144,0.07256778062346038,0.05849670383401085,1.5265566588595902e-16
LINKUSDT,trend24,year2025,105120,-0.001867802242594383,-0.0001784332192374056,-0.11038252058347757,-0.007817971738607134,-0.11837892554132223,0.05288785052933316,1.3877787807814457e-16
LINKUSDT,trend72,all,287422,0.0017654124359015814,0.0015741081385630571,0.3340560105677011,-0.663449040150248,-0.32781892144398356,0.0900967634219661,2.220446049250313e-16
LINKUSDT,trend72,development_2024_25,210527,-0.0032913707663123275,-0.0028272654895340854,0.4160248978515789,-0.4374332416198024,-0.024235609257757258,0.05619681329749771,2.706168622523819e-16
LINKUSDT,trend72,reused_2026,76895,0.015610127920815934,0.0005095817212839857,-0.07807709537706464,-0.22601579853044562,-0.30358331218622625,0.0338999501244684,0.0
LINKUSDT,trend72,year2024,105407,0.0077559107152239655,0.005921344715431633,0.3528757189519277,-0.15741426944452427,0.20138279422283514,0.029860547688552987,1.1102230246251565e-16
LINKUSDT,trend72,year2025,105120,-0.014368813680356238,-0.0013726687028960888,0.05577323739758157,-0.28001897217527805,-0.22561840348059242,0.02633626560894474,1.3877787807814457e-16
LINKUSDT,trend168,all,287422,-0.0007512691369863614,-0.0006698598235361033,0.5711457487887741,-0.15929179208677582,0.4111840968784625,0.050487751536344515,2.7755575615628914e-16
LINKUSDT,trend168,development_2024_25,210527,-0.012943619116065497,-0.011118482308672562,0.22779930890446543,-0.08498375444214562,0.13169707215364723,0.030628352053508886,0.0
LINKUSDT,trend168,reused_2026,76895,0.032629560098277235,0.0010651691955353472,0.3527298931739103,-0.07430803764463022,0.27948702472481535,0.019859399482835636,5.551115123125783e-17
LINKUSDT,trend168,year2024,105407,0.010701911561452658,0.00817050502464358,-0.009918763884137885,0.06796276830573947,0.06621450944624516,0.015932789077946114,0.0
LINKUSDT,trend168,year2025,105120,-0.036653707130954755,-0.0035015692835216297,0.22193065473880882,-0.15294652274788503,0.06548256270740216,0.014695562975562768,2.7755575615628914e-17
LINKUSDT,trend336,all,287422,0.003836420324968948,0.003420696678959505,0.47702575194798225,-0.16434728826250958,0.31609916036443225,0.03445739389480909,5.551115123125783e-17
LINKUSDT,trend336,development_2024_25,210527,-0.013841829499997472,-0.011890039025048604,0.1887495838120212,-0.12558056098410902,0.05127898380286376,0.020443963928989756,2.0816681711721685e-16
LINKUSDT,trend336,reused_2026,76895,0.05223682218335642,0.0017052345693531572,0.3018816692706161,-0.03876672727840054,0.26482017656156853,0.014013429965819332,1.6653345369377348e-16
LINKUSDT,trend336,year2024,105407,0.027450669683931065,0.020957548872880594,0.025549792593830337,0.044355010914619644,0.09086235238133061,0.011302746527660144,4.163336342344337e-17
LINKUSDT,trend336,year2025,105120,-0.05524706600570859,-0.0052778134729763206,0.13563001679323808,-0.16993557189872874,-0.039583368578466976,0.009141217401329614,2.7755575615628914e-17
LINKUSDT,trend_ensemble,all,287422,0.0021868893321498857,0.0019499127942394145,0.34016080757081546,-0.41817667648961837,-0.07606595612456331,0.07893500989301794,2.0816681711721685e-16
LINKUSDT,trend_ensemble,development_2024_25,210527,-0.005005744363781285,-0.004299900951300364,0.1350218304544966,-0.22331997747693136,-0.09259804797373519,0.04968453347355922,5.551115123125783e-17
LINKUSDT,trend_ensemble,reused_2026,76895,0.021879243764860723,0.0007142326286270991,0.2106745582332319,-0.1948566990126869,0.01653209184917184,0.029250476419458726,2.5326962749261384e-16
LINKUSDT,trend_ensemble,year2024,105407,0.010475865642229758,0.00799792750816855,0.10152802301983939,-0.02754413445786632,0.08198181607014174,0.026400022874009162,1.3877787807814457e-16
LINKUSDT,trend_ensemble,year2025,105120,-0.020529622464081947,-0.001961217597054896,0.02315719657224309,-0.19577584301906503,-0.174579864043877,0.023284510599550064,1.3877787807814457e-16
LINKUSDT,breakout,all,287422,0.0062113206233807,0.005538247123253632,0.6849410160184346,-0.23638973698592422,0.4540895261557645,0.12193579145777383,4.440892098500626e-16
LINKUSDT,breakout,development_2024_25,210527,0.00932410855054325,0.008009346924824414,0.42463727724856826,-0.1299546923715983,0.3026919318017947,0.07708542386923675,3.3306690738754696e-16
LINKUSDT,breakout,reused_2026,76895,-0.0023110267846660074,-7.544185498269404e-05,0.2579080808232783,-0.1064350446143259,0.15139759435396985,0.04485036758853708,1.3877787807814457e-16
LINKUSDT,breakout,year2024,105407,0.022878969497410008,0.017467228556678684,0.1832673652268202,0.057325301155806876,0.25805989493930587,0.040480429483415035,1.1102230246251565e-16
LINKUSDT,breakout,year2025,105120,-0.004267760055111084,-0.00040770385011881034,0.2323197342400127,-0.18727999352740507,0.04463203686248862,0.03660499438582172,2.220446049250313e-16
LINKUSDT,range_only,all,287422,-0.003910074134508793,-0.0034863691862303823,-0.40987654975960836,0.28275133199770847,-0.1306115869481303,0.05940260414834053,5.551115123125783e-17
LINKUSDT,range_only,development_2024_25,210527,-0.0019829261343020923,-0.0017033202959655695,-0.19301184256380466,0.19065632381578,-0.004058839043990278,0.037443637218082984,4.163336342344337e-17
LINKUSDT,range_only,reused_2026,76895,-0.009186316894629948,-0.00029988089778453295,-0.21834787518828405,0.09209500818192853,-0.12655274790413995,0.021958966930257548,1.1102230246251565e-16
LINKUSDT,range_only,year2024,105407,-0.010352063702202994,-0.0079034094057491,-0.14502579185735712,0.06807003035335511,-0.08485917090975119,0.019792698327568848,1.1102230246251565e-16
LINKUSDT,range_only,year2025,105120,0.006409060962537042,0.0006122647000604414,-0.04239822629672441,0.12258629346242485,0.08080033186576085,0.01765093889051415,1.3877787807814457e-17
LINKUSDT,down_rebound,all,287422,0.06727174209478426,0.05998201585831484,0.6587577454633409,-0.3409510172741063,0.37778874404754975,0.11838121189420407,2.220446049250313e-16
LINKUSDT,down_rebound,development_2024_25,210527,0.05927518402464205,0.05091698689613683,0.46850820257210657,-0.2569372083175722,0.26248798115067123,0.07949694972312119,1.1102230246251565e-16
LINKUSDT,down_rebound,reused_2026,76895,0.08916512112895848,0.002910733091610359,0.19640383876180242,-0.08401380895653408,0.11530076289687854,0.03888426217108287,1.5265566588595902e-16
LINKUSDT,down_rebound,year2024,105407,0.07155145508711526,0.05462683184708363,0.27265142496627437,-0.1072515236914759,0.2200267331218821,0.04168280543580101,0.0
LINKUSDT,down_rebound,year2025,105120,0.046965396126220124,0.004486656366747547,0.18766027628813797,-0.14968568462609624,0.0424612480287891,0.037814144287320176,1.8041124150158794e-16
LINKUSDT,selected_trend,all,287422,0.010032218382405797,0.00894510329849474,0.42585279657815267,-0.29165336058303487,0.14314453929361282,0.07042819532049102,2.7755575615628914e-16
LINKUSDT,selected_trend,development_2024_25,210527,-0.0025791700756086743,-0.0022154898563972554,0.12105026206473596,-0.2145661349894955,-0.09573136278115671,0.05717276844066474,1.1102230246251565e-16
LINKUSDT,selected_trend,reused_2026,76895,0.04456031224937261,0.0014546402651004204,0.3145084874032085,-0.07708722559353942,0.2388759020747695,0.013255426879826294,0.0
LINKUSDT,selected_trend,year2024,105407,0.010470352352346111,0.00799371831970367,0.20414706552355955,-0.06315705449886273,0.14898372934440074,0.015667824464114716,2.7755575615628914e-16
LINKUSDT,selected_trend,year2025,105120,-0.015664320480511928,-0.0014964299039612755,-0.09180958173096339,-0.1514090804906328,-0.24471509212555725,0.041504943976550024,2.220446049250313e-16
LINKUSDT,selected_breakout,all,287422,0.008782379230926627,0.007830699694991528,0.696257255999883,-0.33797841272169177,0.3661095429731829,0.09288889731669385,5.551115123125783e-17
LINKUSDT,selected_breakout,development_2024_25,210527,0.006154810625903368,0.005286941190381534,0.48963686849146426,-0.23831280032567756,0.2566110093561682,0.07448882729751886,0.0
LINKUSDT,selected_breakout,reused_2026,76895,0.01597626876483298,0.0005215341333636956,0.2086426118796653,-0.09966561239601421,0.10949853361701475,0.018400070019174982,5.551115123125783e-17
LINKUSDT,selected_breakout,year2024,105407,0.029034820995173276,0.022166988529896715,0.18503655325831092,-0.09154408868531791,0.11565945310288976,0.032895215300742194,1.3877787807814457e-17
LINKUSDT,selected_breakout,year2025,105120,-0.016787667047171523,-0.0016037444470308586,0.2893240123406691,-0.14676871164035965,0.1409515562532785,0.04159361199677668,1.1102230246251565e-16
LINKUSDT,regime_gate,all,287422,0.026662952099314484,0.02377369109004489,0.6036393342664287,-0.39545147655689716,0.23196154879957626,0.08764165557103555,5.551115123125783e-17
LINKUSDT,regime_gate,development_2024_25,210527,0.01868214779058044,0.01604784008513958,0.3386841207148833,-0.2798839209424948,0.07484803985752804,0.057929641213609745,1.3877787807814457e-17
LINKUSDT,regime_gate,reused_2026,76895,0.0485131996928492,0.0015836795143433805,0.27109738504210734,-0.11556755561440235,0.1571135089420483,0.029712014357425792,8.326672684688674e-17
LINKUSDT,regime_gate,year2024,105407,0.028350291179997423,0.021644375886137074,0.18325291124200538,-0.11976524338178374,0.08513204374635884,0.0307930462769437,1.249000902703301e-16
LINKUSDT,regime_gate,year2025,105120,0.008987608309527597,0.0008585961871886067,0.14897607748469172,-0.16011867756071108,-0.010284003888830731,0.027136594936666036,1.3877787807814457e-17
LINKUSDT,gate_no_range,all,287422,0.024557725422838485,0.021896591791563644,0.6163145899847011,-0.401583658486614,0.23662752328965064,0.08342340606730493,5.551115123125783e-17
LINKUSDT,gate_no_range,development_2024_25,210527,0.01784396429358814,0.015327846063439489,0.3499058437847087,-0.27354386760686744,0.09168982224128076,0.05462041050968759,1.3877787807814457e-17
LINKUSDT,gate_no_range,reused_2026,76895,0.04293899844784253,0.0014017136086427588,0.27157577831947377,-0.12803979087974657,0.14493770104836998,0.028802995557617356,5.551115123125783e-17
LINKUSDT,gate_no_range,year2024,105407,0.02957945423199675,0.02258279542313272,0.17413650523445376,-0.1147373215656963,0.08198197909189019,0.028881787700649583,1.3877787807814457e-17
LINKUSDT,gate_no_range,year2025,105120,0.006076433966934447,0.0005804884743566979,0.16793390071620498,-0.15880654604117106,0.009707843149390535,0.025738622809038006,9.71445146547012e-17
LINKUSDT,adaptive14,all,287422,0.02659303501709159,0.023711350389416807,0.622378282999507,-0.37296217996193526,0.27312745342698813,0.0795040168705891,4.996003610813204e-16
LINKUSDT,adaptive14,development_2024_25,210527,0.020311346321932353,0.017447310734400912,0.36892686609664044,-0.26457944596501387,0.12179473086602721,0.053205021600808165,2.7755575615628914e-16
LINKUSDT,adaptive14,reused_2026,76895,0.04379135839215874,0.0014295383035960252,0.25828591825428643,-0.1083827339969214,0.15133272256096106,0.026298995269780936,2.7755575615628914e-17
LINKUSDT,adaptive14,year2024,105407,0.03288825998612904,0.025108943568206518,0.18042406146262635,-0.11080280975638285,0.09473019527444998,0.02809088528146616,5.551115123125783e-17
LINKUSDT,adaptive14,year2025,105120,0.0077000950034203505,0.0007355986134729822,0.18010557318673553,-0.15377663620863108,0.027064535591577343,0.025114136319341996,8.326672684688674e-17
LINKUSDT,adaptive42,all,287422,0.02605923406620258,0.023235393381252887,0.5916317957158636,-0.3696821805463224,0.2451850085507942,0.07937832526731407,2.7755575615628914e-17
LINKUSDT,adaptive42,development_2024_25,210527,0.020206154348546154,0.017356951532339942,0.3264034426819788,-0.2587044456506957,0.085055948563623,0.05357927623546648,2.7755575615628914e-17
LINKUSDT,adaptive42,reused_2026,76895,0.04208409021704536,0.001373805726657465,0.26973298915614063,-0.1109777348956267,0.1601290599871713,0.02579904903184759,8.326672684688674e-17
LINKUSDT,adaptive42,year2024,105407,0.03148495564259464,0.024037573736367276,0.16892946163791306,-0.11608247211773141,0.0768845632565488,0.02823842213977614,1.249000902703301e-16
LINKUSDT,adaptive42,year2025,105120,0.008896559523567363,0.0008498981957117488,0.14994346064432684,-0.14262197353296435,0.008171385307074265,0.025340854095690327,3.469446951953614e-17
LINKUSDT,adaptive126,all,287422,0.028276817288045687,0.02521267400217558,0.5704332875464231,-0.38073714274075104,0.2149088188078478,0.07965353385508994,2.220446049250313e-16
LINKUSDT,adaptive126,development_2024_25,210527,0.021386636817950423,0.01837097808349816,0.3196869548183502,-0.2750814832489525,0.06297644965289598,0.053573834278670046,1.3877787807814457e-16
LINKUSDT,adaptive126,reused_2026,76895,0.04714110006101856,0.0015388882803632278,0.2560491403663873,-0.10565565949179861,0.15193236915495184,0.026079699576419885,1.1102230246251565e-16
LINKUSDT,adaptive126,year2024,105407,0.03311952650221779,0.025285506813088957,0.15974833429846216,-0.10621188387018562,0.07882195724136563,0.02816482193099098,1.249000902703301e-16
LINKUSDT,adaptive126,year2025,105120,0.009621713844685843,0.0009191729920528006,0.15210491879824442,-0.1688695993787669,-0.01584550758846969,0.025409012347679068,2.0816681711721685e-17
LINKUSDT,filtered_moe,all,287422,0.01986819949237839,0.017715234062897885,0.2816411064606376,-0.27656526542394616,0.022791075099589705,0.04283079491339043,3.7470027081099033e-16
LINKUSDT,filtered_moe,development_2024_25,210527,0.011966324754584987,0.010278992984160558,0.15732126604809943,-0.1480571447142077,0.019543114318052418,0.026124144360535877,1.3877787807814457e-16
LINKUSDT,filtered_moe,reused_2026,76895,0.04150234973522164,0.0013548152150119454,0.1304012662762638,-0.1285081207097385,0.003247960781537225,0.01670665055285456,2.0816681711721685e-17
LINKUSDT,filtered_moe,year2024,105407,0.019162711058278586,0.014630005685283935,0.11216911499170588,-0.06981956443792993,0.056979556239059946,0.012387255812738902,6.245004513516506e-17
LINKUSDT,filtered_moe,year2025,105120,0.004750290782805768,0.000453800545561224,0.04034733780970894,-0.07823758027627778,-0.037436441921007646,0.013736888547796977,3.469446951953614e-17
LINKUSDT,kalman,all,287422,0.005140415640883054,0.004583387955901959,0.6456869702741778,-0.11978890542449859,0.5304814528055816,0.19141610869071168,4.440892098500626e-16
LINKUSDT,kalman,development_2024_25,210527,0.0028578234126430046,0.002454851210458062,0.3112875418159846,-0.016087610186760973,0.2976547828396818,0.1238805962698806,5.551115123125783e-17
LINKUSDT,kalman,reused_2026,76895,0.01138981149282001,0.0003718124396579556,0.3361561527639796,-0.1037012952377376,0.23282666996589985,0.06753551242083108,1.3877787807814457e-16
LINKUSDT,kalman,year2024,105407,0.008516675498973619,0.006502159876583525,0.2251506316228501,0.07459062348511789,0.30624341498455177,0.06411176650353043,2.7755575615628914e-16
LINKUSDT,kalman,year2025,105120,-0.0028164785457269657,-0.00026906131835943237,0.08235866284536836,-0.09067823367187883,-0.008588632144869907,0.05976882976635013,0.0
LINKUSDT,trend_ensemble_long,all,287422,0.155127806599168,0.13831778791140184,0.22823534784000094,-0.1479935737078618,0.2185595620435411,0.03572412007974604,8.326672684688674e-17
LINKUSDT,trend_ensemble_long,development_2024_25,210527,0.14209446055252117,0.12205819188951972,0.1193041223233515,-0.11558720537367306,0.12577510883919824,0.021806442389975828,8.326672684688674e-17
LINKUSDT,trend_ensemble_long,reused_2026,76895,0.19081115718324262,0.0062288969322260085,0.11896192460630561,-0.03240636833418872,0.09278445320434289,0.013917677689770208,0.0
LINKUSDT,trend_ensemble_long,year2024,105407,0.1452409905831426,0.11088600728286134,0.029553956815626937,-0.02731386552001569,0.1131260985784727,0.012216548416320522,8.326672684688674e-17
LINKUSDT,trend_ensemble_long,year2025,105120,0.1389393398244227,0.0132730291881202,0.0876493209262628,-0.08827333985365733,0.012649010260725554,0.009589893973655308,1.1102230246251565e-16
LINKUSDT,regime_gate_long,all,287422,0.14607850571648645,0.13024909083073338,0.22894344453433169,-0.2015995410308905,0.15759299433417456,0.037842815865623984,0.0
LINKUSDT,regime_gate_long,development_2024_25,210527,0.1343559605281003,0.11541087209080954,0.1422197746095382,-0.2064893826023337,0.05114126409801403,0.024070337160083426,5.551115123125783e-17
LINKUSDT,regime_gate_long,reused_2026,76895,0.17817307975739116,0.005816335723179295,0.09574555294153814,0.004889841571443156,0.10645173023616054,0.013772478705540561,4.163336342344337e-17
LINKUSDT,regime_gate_long,year2024,105407,0.13583372790130305,0.10370391774972013,0.03024562291478945,-0.08673351647136492,0.047216024193144676,0.013447815601974078,2.7755575615628914e-17
LINKUSDT,regime_gate_long,year2025,105120,0.1328741585350716,0.012693615694529908,0.11098749034130824,-0.11975586613096875,0.0039252399048693674,0.010622521558109343,3.122502256758253e-17
LINKUSDT,expanding_tree,all,287422,0.16296624789910305,0.14530683703836994,0.20890523625950286,-0.1545455365656213,0.1996665367322512,0.06550486860555448,2.7755575615628914e-16
LINKUSDT,expanding_tree,development_2024_25,210527,0.18680966618208672,0.16046825465966902,0.25776930387397107,-0.09980594543112684,0.318431613102513,0.04334075421209701,2.220446049250313e-16
LINKUSDT,expanding_tree,reused_2026,76895,0.09768653763365401,0.0031889087806417104,-0.06721439401640915,-0.05473959113449446,-0.11876507637026187,0.022164114393457474,2.7755575615628914e-17
LINKUSDT,expanding_tree,year2024,105407,0.18068814434331984,0.1379485695404333,0.09581398399408897,-0.20827908070208798,0.025483472832434184,0.024020098415022846,8.326672684688674e-17
LINKUSDT,expanding_tree,year2025,105120,0.1929479010799073,0.01843252692906467,0.166042478070053,0.10847313527096111,0.2929481402700788,0.019320655797074152,5.551115123125783e-17
LINKUSDT,rolling_tree,all,287422,0.004981746342526047,0.004441912440716578,-0.25566798192748247,0.06257474344853983,-0.1886513260382262,0.08728028107330646,1.3877787807814457e-16
LINKUSDT,rolling_tree,development_2024_25,210527,0.10452361638627997,0.08978508786517746,0.08209126857116665,0.11016288240059952,0.2820392388369436,0.05503267870437895,0.0
LINKUSDT,rolling_tree,reused_2026,76895,-0.2675489939487983,-0.008733950007060606,-0.41436847591604953,-0.04758813895205972,-0.4706905648751698,0.03224760236892749,0.0
LINKUSDT,rolling_tree,year2024,105407,0.18956978200532998,0.14472936423564448,0.03669570904620249,-0.2025769016824346,-0.02115182840058768,0.02437243870305616,4.85722573273506e-17
LINKUSDT,rolling_tree,year2025,105120,0.01924525661261934,0.0018385207031713432,-0.011387237548674111,0.31273978408303404,0.30319106723753125,0.030660240001322784,0.0
LINKUSDT,action_tcn,all,287422,0.09580448828108938,0.08542288569362894,0.4160458919927788,-0.3013644328164099,0.20010434486999812,0.13166739156670357,2.7755575615628914e-16
LINKUSDT,action_tcn,development_2024_25,210527,0.11307061102949283,0.09712689913764697,0.2009954163683612,-0.2055082053926905,0.09261411011331773,0.09068191287900806,6.938893903907228e-17
LINKUSDT,action_tcn,reused_2026,76895,0.048532428669240284,0.001584307230844975,0.20176215494955477,-0.09585622742371937,0.10749023475668047,0.040985478687695504,1.1102230246251565e-16
LINKUSDT,action_tcn,year2024,105407,0.18675108653601777,0.14257739677051348,0.16385873490705663,-0.21758897025479018,0.08884716142277996,0.031103690728422905,2.7755575615628914e-17
LINKUSDT,action_tcn,year2025,105120,0.03918897212427712,0.0037437659594127875,-0.012057582130974617,0.012080764862099604,0.003766948690537522,0.05957822215058514,2.5153490401663703e-16
LINKUSDT,vol_long,all,287422,0.7306534946311548,0.6514781412996442,-0.11708887990628752,-0.13406396951310395,0.40032529188025295,0.001269361521766286,1.6653345369377348e-16
LINKUSDT,vol_long,development_2024_25,210527,0.6873398238519882,0.5904203146752867,-0.003351685907254406,-0.38231686189209585,0.20475176687593666,0.0007834568733630435,2.7755575615628914e-16
LINKUSDT,vol_long,reused_2026,76895,0.8492398418335154,0.027722841387314047,-0.08040220876198974,0.24825289237899192,0.19557352500431605,0.000485904648403243,1.942890293094024e-16
LINKUSDT,vol_long,year2024,105407,0.6676501339632092,0.5097256450799806,-0.015216244566893241,-0.27210413435296826,0.22240526616011952,0.0004958778481062465,3.3306690738754696e-16
LINKUSDT,vol_long,year2025,105120,0.7070832707898358,0.06754844886613802,0.025010779388806827,-0.11021272753912756,-0.017653499284182687,0.000287579025256797,6.938893903907228e-18
LINKUSDT,hold,all,287422,1.295427185207568,1.1550516092913397,-0.17797472064192457,0.1115772471369483,1.0886541357863635,0.00039982370631734977,2.220446049250313e-16
LINKUSDT,hold,development_2024_25,210527,1.3462960647975246,1.1564593213429522,-0.1392282087498465,-0.17211198100508013,0.8451191315880265,0.00019996000799840034,9.992007221626409e-16
LINKUSDT,hold,reused_2026,76895,1.1561558071799345,0.037741898675256465,-0.07789612261894766,0.28368922814202835,0.24353500419833748,0.00019986369831894943,3.0531133177191805e-16
LINKUSDT,hold,year2024,105407,1.233939618081401,0.9420662646806965,0.033761444216916285,-0.22422937471459037,0.7515983341830227,0.00019996000799840034,3.3306690738754696e-16
LINKUSDT,hold,year2025,105120,1.4589592685551966,0.13937599660602162,-0.09797259291052868,0.0521173937095106,0.09352079740500346,0.0,8.326672684688674e-17
LTCUSDT,trend24,all,287422,0.007469584410069583,0.0066601624484250235,0.4003398529519472,-0.64532773336834,-0.23832771796796776,0.21782294549351924,5.551115123125783e-17
LTCUSDT,trend24,development_2024_25,210527,0.014864785649809692,0.01276875152054517,-0.045988030246244684,-0.22022746790165407,-0.25344674662735334,0.14210437103324206,2.220446049250313e-16
LTCUSDT,trend24,reused_2026,76895,-0.01277736963634132,-0.000417108305953473,0.4406364024320251,-0.42510026546668606,0.015119028659385678,0.07571857446027719,9.71445146547012e-17
LTCUSDT,trend24,year2024,105407,0.021847573375316634,0.016679796596549692,-0.1072509981450428,0.08984293415035831,-0.0007282673981346861,0.07867537270909364,1.0755285551056204e-16
LTCUSDT,trend24,year2025,105120,0.007862933425851258,0.0007511547485215881,0.05660076807427205,-0.3100704020520123,-0.25271847922921864,0.06342899832414838,5.551115123125783e-17
LTCUSDT,trend72,all,287422,0.004098478130768482,0.0036543572766160287,0.4147239684294606,-0.7098529872958078,-0.2914746615897314,0.11470220624406159,2.220446049250313e-16
LTCUSDT,trend72,development_2024_25,210527,0.01631742662884886,0.01401656041243794,0.4193144986342796,-0.6343116247975087,-0.2009805657507912,0.07465408692408443,5.551115123125783e-17
LTCUSDT,trend72,reused_2026,76895,-0.029355173868130906,-0.0009582791444242649,-0.0139944541962166,-0.07554136249829926,-0.09049409583893994,0.04004811931997715,1.942890293094024e-16
LTCUSDT,trend72,year2024,105407,0.026808172600160857,0.02046702663102507,0.41183890949468616,-0.08490177328353121,0.34740416284218006,0.039415179241714865,5.551115123125783e-17
LTCUSDT,trend72,year2025,105120,0.005798038685564209,0.0005538930644452095,0.0004712298565610756,-0.5494098515139776,-0.5483847285929713,0.03523890768236957,0.0
LTCUSDT,trend168,all,287422,-0.00687177760901964,-0.006127135416506279,0.5477338096634038,-0.46089699449074806,0.0807096797561499,0.0678472424613354,3.885780586188048e-16
LTCUSDT,trend168,development_2024_25,210527,0.0049610528334590965,0.004261511225461012,0.23116966999298014,-0.567916484605402,-0.3324853033869606,0.044752394349132696,2.220446049250313e-16
LTCUSDT,trend168,reused_2026,76895,-0.039268296167621924,-0.0012818860969295751,0.307457379125386,0.10701949011465392,0.4131949831431105,0.023094848112202717,1.6653345369377348e-16
LTCUSDT,trend168,year2024,105407,0.009680264260829014,0.007390515921273903,0.04794566968466144,-0.18154894109116498,-0.12621275548522953,0.025042085525751805,1.1102230246251565e-16
LTCUSDT,trend168,year2025,105120,0.0002289569532766192,2.1872511611930477e-05,0.1800731231008939,-0.386367543514237,-0.20627254790173108,0.01971030882338089,1.1102230246251565e-16
LTCUSDT,trend336,all,287422,-0.004110963118872216,-0.003665489361665557,0.3744915325364834,-0.43510214132641023,-0.06427609815159256,0.04569649004739331,9.71445146547012e-17
LTCUSDT,trend336,development_2024_25,210527,0.0023995455881325577,0.0020611936222220137,0.12969316451152588,-0.4411573640353729,-0.3094030059016251,0.02938310856230067,5.551115123125783e-17
LTCUSDT,trend336,reused_2026,76895,-0.021935761435532514,-0.0007160776085049058,0.23978776264957494,0.006055222708962679,0.24512690775003265,0.016313381485092638,5.551115123125783e-17
LTCUSDT,trend336,year2024,105407,0.015372838428428221,0.01173658116134324,0.10848427746777024,-0.22902454758689866,-0.10880368895778525,0.016961576904314685,6.938893903907228e-17
LTCUSDT,trend336,year2025,105120,-0.010609167106093522,-0.0010135054969943906,0.012547005001628777,-0.21213281644847412,-0.20059931694383976,0.012421531657985986,2.7755575615628914e-17
LTCUSDT,trend_ensemble,all,287422,0.0010470536507458635,0.0009335924227301111,0.33593545845646744,-0.6565340182978493,-0.31966496741865136,0.1032939877359745,3.885780586188048e-16
LTCUSDT,trend_ensemble,development_2024_25,210527,0.011352168417749815,0.009751436795691943,0.11414486588718002,-0.481999652690345,-0.35810335000747284,0.06706877907640024,1.6653345369377348e-16
LTCUSDT,trend_ensemble,reused_2026,76895,-0.02716680806396954,-0.000886841471463461,0.21385958966778926,-0.17453436560750418,0.038438382588821526,0.03622520865957424,6.938893903907228e-17
LTCUSDT,trend_ensemble,year2024,105407,0.01821342937189788,0.013905264993507664,0.11472488462338581,-0.08869536343126531,0.03993478618562829,0.037076978731484134,1.249000902703301e-16
LTCUSDT,trend_ensemble,year2025,105120,0.004472174759132189,0.0004272318134471359,-0.005161078747468711,-0.3933042892590798,-0.398038136193101,0.029991800344916105,3.3306690738754696e-16
LTCUSDT,breakout,all,287422,0.016984981600021983,0.015144448530116093,0.6866241436941771,-0.8950952284110231,-0.19332663618672988,0.16159425469893657,2.7755575615628914e-17
LTCUSDT,breakout,development_2024_25,210527,0.03202556156469295,0.027509743332943478,0.3985939542683277,-0.6508054566905005,-0.22470175908922904,0.1053345948202669,1.942890293094024e-16
LTCUSDT,breakout,reused_2026,76895,-0.024193874999526573,-0.0007897921483620951,0.2764546867713841,-0.24428977172052269,0.03137512290249926,0.05625965987866967,1.3877787807814457e-17
LTCUSDT,breakout,year2024,105407,0.042957445706105435,0.03279638632520583,0.13548053255136747,-0.17287605280862486,-0.004599133932051438,0.058925153301626135,1.1449174941446927e-16
LTCUSDT,breakout,year2025,105120,0.021063831050101393,0.0020122511356030193,0.25581452758909495,-0.47792940388187577,-0.2201026251571777,0.046409441518640744,5.551115123125783e-17
LTCUSDT,range_only,all,287422,-0.002560605531725093,-0.00228313221611562,-0.32257183384312965,0.523533565951931,0.19867859989268563,0.07807277450500412,1.3877787807814457e-16
LTCUSDT,range_only,development_2024_25,210527,-0.010225055536127048,-0.008783254363728586,-0.14924828050669703,0.3754401124409685,0.21740857757054283,0.050032499022861145,2.7755575615628914e-17
LTCUSDT,range_only,reused_2026,76895,0.018423511329926912,0.0006014226573428648,-0.16742485384616265,0.14809345351096254,-0.018729977677857182,0.028040275482142968,4.163336342344337e-17
LTCUSDT,range_only,year2024,105407,-0.013821046660473778,-0.010551846792677675,-0.08089506438037047,0.05090915617253996,-0.040537755000508324,0.0274492708754403,1.3183898417423734e-16
LTCUSDT,range_only,year2025,105120,-0.006619246589741814,-0.0006323439660792505,-0.0659522797312982,0.3245309562684285,0.2579463325710511,0.02258322814742084,5.551115123125783e-17
LTCUSDT,down_rebound,all,287422,0.05167459089878086,0.046075009123376344,0.5743144228852659,-0.5311248526482053,0.08926457936043686,0.14710181881475637,2.220446049250313e-16
LTCUSDT,down_rebound,development_2024_25,210527,0.05800052578858105,0.04982206399086859,0.36454965002480827,-0.39479974011680063,0.019571973898876355,0.0946280187422645,1.3877787807814457e-16
LTCUSDT,down_rebound,reused_2026,76895,0.03435512806576225,0.0011214991564122828,0.20489621883655312,-0.13632511253140478,0.06969260546156042,0.052473800072491854,1.942890293094024e-16
LTCUSDT,down_rebound,year2024,105407,0.06711843373100944,0.05124238757687716,0.13175977769883013,-0.008878517055935868,0.1741236482197717,0.051887343077575795,2.7755575615628914e-16
LTCUSDT,down_rebound,year2025,105120,0.04885772401453664,0.004667432548114604,0.22670211619185487,-0.3859212230608649,-0.1545516743208953,0.042740675664688706,8.326672684688674e-17
LTCUSDT,selected_trend,all,287422,0.001832207396168964,0.001633665037808636,0.6605444859401274,-0.6359879774817305,0.026190173496205227,0.07364375320995184,2.220446049250313e-16
LTCUSDT,selected_trend,development_2024_25,210527,0.015713293480446394,0.013497614075840448,0.39979417505112724,-0.6995566521439126,-0.28626486301694515,0.05669545554492179,2.7755575615628914e-16
LTCUSDT,selected_trend,reused_2026,76895,-0.0361721285172802,-0.0011808138668589286,0.25006717571782744,0.06356867466218191,0.31245503651315026,0.016948297665030067,1.6653345369377348e-16
LTCUSDT,selected_trend,year2024,105407,0.025216655139274333,0.019251963197141085,0.3406011874114604,-0.23963299760255782,0.12022015300604352,0.03409913632605738,1.6653345369377348e-16
LTCUSDT,selected_trend,year2025,105120,0.0061839856192204,0.0005907630029518819,0.05284787551541447,-0.45992365454135503,-0.40648501602298864,0.022596319218864423,5.551115123125783e-17
LTCUSDT,selected_breakout,all,287422,0.01259551687303959,0.011230636658076214,0.4112620141505885,-0.7959289019164711,-0.37343625110780626,0.11841210133041387,1.6653345369377348e-16
LTCUSDT,selected_breakout,development_2024_25,210527,0.03140162994391205,0.026973790240901123,0.3038807140487187,-0.6462980907749812,-0.31544358648536125,0.08997473579293515,1.6653345369377348e-16
LTCUSDT,selected_breakout,reused_2026,76895,-0.03889280572884049,-0.0012696284738600825,0.09290777499290524,-0.14963081114149013,-0.057992664622444984,0.028437365537478748,2.7755575615628914e-17
LTCUSDT,selected_breakout,year2024,105407,0.0436154366751478,0.03329873756291322,0.12835116333711205,-0.2819427320332247,-0.12029283113319919,0.04991141610193288,2.220446049250313e-16
LTCUSDT,selected_breakout,year2025,105120,0.01915447691766236,0.0018298484182563918,0.16737475497133814,-0.3643553587417566,-0.19515075535216214,0.040063319691002255,2.7755575615628914e-17
LTCUSDT,regime_gate,all,287422,0.02198898834837266,0.01960620918605065,0.2985616870411892,-0.5178901810106336,-0.1997222847833933,0.11055856923731862,4.163336342344337e-16
LTCUSDT,regime_gate,development_2024_25,210527,0.03044361703459766,0.02615086355492724,0.14909839178267512,-0.34248091466990943,-0.16723165933230677,0.06967843871400418,3.0531133177191805e-16
LTCUSDT,regime_gate,reused_2026,76895,-0.001158519466503341,-3.7819058682699086e-05,0.14295645994832035,-0.17540926634072418,-0.03249062545108654,0.0408801305233144,1.3877787807814457e-17
LTCUSDT,regime_gate,year2024,105407,0.03840558956711598,0.029321216189337154,0.046827178439689914,-0.0027461145367179765,0.07340228009230919,0.040825341384618116,9.71445146547012e-17
LTCUSDT,regime_gate,year2025,105120,0.02245990662045043,0.0021456197827945263,0.09695524092578078,-0.33973480013319146,-0.24063393942461617,0.02885309732938607,2.7755575615628914e-17
LTCUSDT,gate_no_range,all,287422,0.020844367862284028,0.018585622502691315,0.4073058552979744,-0.5587458938868316,-0.13285441608616555,0.10488994013372094,3.3306690738754696e-16
LTCUSDT,gate_no_range,development_2024_25,210527,0.030435307723213633,0.026143725911985796,0.19646230603854617,-0.36692069597327254,-0.1443146640227405,0.06660074841838927,2.7755575615628914e-17
LTCUSDT,gate_no_range,reused_2026,76895,-0.005414189860609878,-0.00017674244583536214,0.20346218829596918,-0.19182519791355887,0.011460247936575019,0.03828919171533164,8.326672684688674e-17
LTCUSDT,gate_no_range,year2024,105407,0.038452504918801055,0.029357034287297946,0.05553707973201785,-0.023226237233640624,0.06166787678567524,0.03916950045053403,5.551115123125783e-17
LTCUSDT,gate_no_range,year2025,105120,0.022396221870899305,0.002139535908056828,0.13557238202315933,-0.3436944587396319,-0.2059825408084158,0.027431247967855246,5.551115123125783e-17
LTCUSDT,adaptive14,all,287422,0.02013667623757068,0.017954618028382573,0.3301737686488678,-0.4897933612828536,-0.14166497460560287,0.09656972551736431,3.608224830031759e-16
LTCUSDT,adaptive14,development_2024_25,210527,0.029701557999237682,0.025513439803296598,0.15908772883282424,-0.33333963845401166,-0.14873846981789068,0.06224224949631493,1.3877787807814457e-16
LTCUSDT,adaptive14,reused_2026,76895,-0.006050538310039282,-0.0001975155964361473,0.16372473363756584,-0.15645372282884187,0.00707349521228777,0.034327476021049366,4.163336342344337e-17
LTCUSDT,adaptive14,year2024,105407,0.03824218382828701,0.029196462083260752,0.0604257250558687,-0.029444365922926076,0.06017782121620337,0.03704843650534145,6.938893903907228e-18
LTCUSDT,adaptive14,year2025,105120,0.02113761444175477,0.002019299744818029,0.09295968175217334,-0.3038952725310854,-0.2089162910340941,0.02519381299097347,5.551115123125783e-17
LTCUSDT,adaptive42,all,287422,0.019923297455605508,0.017764361479568516,0.3609032432760612,-0.4931315928466055,-0.11446398809097567,0.09362917805616693,1.249000902703301e-16
LTCUSDT,adaptive42,development_2024_25,210527,0.029540613787957616,0.0253751898015193,0.18801899711590575,-0.3595695391871142,-0.1461753522696891,0.06110909425909993,2.7755575615628914e-17
LTCUSDT,adaptive42,reused_2026,76895,-0.006407475097890724,-0.00020916754853196379,0.1654825853867366,-0.1335620536594912,0.03171136417871338,0.032520083797066994,9.71445146547012e-17
LTCUSDT,adaptive42,year2024,105407,0.03609223353498055,0.027555056286424774,0.08574973887884745,-0.05294033875702209,0.060364456408250125,0.036070711639672036,2.7755575615628914e-17
LTCUSDT,adaptive42,year2025,105120,0.02297110672294194,0.0021944552953996263,0.09789493645675322,-0.30662920043009206,-0.20653980867793925,0.025038382619427885,5.551115123125783e-17
LTCUSDT,adaptive126,all,287422,0.020266184517979038,0.01807009248299521,0.3391374589349887,-0.48333406174253984,-0.1261265103245559,0.09276327193746041,5.551115123125783e-17
LTCUSDT,adaptive126,development_2024_25,210527,0.029857713414467944,0.025647576261274264,0.18097945632789098,-0.34080487121173003,-0.13417783862256472,0.06050182305009062,8.326672684688674e-17
LTCUSDT,adaptive126,reused_2026,76895,-0.00599398589610666,-0.00019566948238886126,0.15077618831120745,-0.14252919053080976,0.00805132829800885,0.03226144888736977,1.3877787807814457e-17
LTCUSDT,adaptive126,year2024,105407,0.034488176062352376,0.026330419027495063,0.07957171471401943,-0.052143730127831404,0.05375840361368319,0.035311959192144,1.1102230246251565e-16
LTCUSDT,adaptive126,year2025,105120,0.025214608616850407,0.002408779518899468,0.09831611932875131,-0.2886611410838987,-0.18793624223624777,0.025189863857946637,1.3877787807814457e-16
LTCUSDT,filtered_moe,all,287422,0.016946487088586547,0.015110125375646195,0.27903171898708173,-0.4330837784831003,-0.13894193412037226,0.04990463148183123,1.1102230246251565e-16
LTCUSDT,filtered_moe,development_2024_25,210527,0.021143829385150296,0.018162408121589153,0.1601318910147583,-0.34266078011957185,-0.16436648098322437,0.032025287903290706,2.7755575615628914e-17
LTCUSDT,filtered_moe,reused_2026,76895,0.005454792158244177,0.00017806787947828448,0.1156694773469022,-0.09042299836352836,0.025424546862852088,0.017879343578540527,2.7755575615628914e-17
LTCUSDT,filtered_moe,year2024,105407,0.012974051570689803,0.009905198051731711,0.07183244399998233,-0.07830502031932285,0.003432621732391259,0.01646082060780421,7.28583859910259e-17
LTCUSDT,filtered_moe,year2025,105120,0.02933591243394061,0.002802492242210781,0.09375416484242256,-0.264355759800249,-0.16779910271561554,0.015564467295486497,1.1102230246251565e-16
LTCUSDT,kalman,all,287422,0.010962330484444649,0.009774426237328378,0.565924186684716,-0.9378663747707033,-0.36216776184865873,0.24156794532064246,3.3306690738754696e-16
LTCUSDT,kalman,development_2024_25,210527,0.018906200852973676,0.01624030016821875,0.16552428213172643,-0.6120140654251125,-0.43024948312516725,0.16021699047519788,5.551115123125783e-17
LTCUSDT,kalman,reused_2026,76895,-0.010786797509252101,-0.0003521274694089235,0.39428615809150824,-0.32585230934559084,0.06808172127650858,0.08135095484544459,1.1102230246251565e-16
LTCUSDT,kalman,year2024,105407,0.02831723394299388,0.02161913793500215,0.0611044286987068,-0.1858354414340125,-0.1031118748003034,0.08692100746191937,1.5265566588595902e-16
LTCUSDT,kalman,year2025,105120,0.009469473637222534,0.0009046293162312548,0.09813638635000482,-0.42617862399109985,-0.32713760832486377,0.07329598301327853,0.0
LTCUSDT,trend_ensemble_long,all,287422,0.12541607619131853,0.11182569139351223,0.2992243514120931,-0.4429263435617238,-0.03187630075611862,0.047561819742418576,2.0816681711721685e-16
LTCUSDT,trend_ensemble_long,development_2024_25,210527,0.12371816927240482,0.10627308050259765,0.17537459035005706,-0.37107979674145863,-0.08943212588880389,0.03212780274649664,5.551115123125783e-17
LTCUSDT,trend_ensemble_long,reused_2026,76895,0.1300646911847271,0.004245870985067426,0.12515650096788314,-0.07184654682026527,0.05755582513268524,0.01543401699592194,5.551115123125783e-17
LTCUSDT,trend_ensemble_long,year2024,105407,0.12725255514896291,0.09715251665770692,0.07270932072521646,-0.10842565122254366,0.06143618616037974,0.018085456679753763,2.7755575615628914e-17
LTCUSDT,trend_ensemble_long,year2025,105120,0.12017413376926218,0.01148036824697865,0.10030546522275274,-0.2626541455189151,-0.1508683120491836,0.014042346066742881,8.326672684688674e-17
LTCUSDT,regime_gate_long,all,287422,0.11248519929632045,0.10029603512439314,0.20930394740427338,-0.4069482199293085,-0.097348237400642,0.05024412326833775,2.7755575615628914e-17
LTCUSDT,regime_gate_long,development_2024_25,210527,0.1122456637988228,0.09641827498024969,0.11734668084426379,-0.3556796079817172,-0.1419146521572036,0.03284107895854656,1.1102230246251565e-16
LTCUSDT,regime_gate_long,reused_2026,76895,0.11314101163368544,0.0036934092884160874,0.09214161741573698,-0.05126861194759139,0.04456641475656162,0.01740304430979119,6.245004513516506e-17
LTCUSDT,regime_gate_long,year2024,105407,0.11429259162189785,0.08725807429485961,0.005721994219818302,-0.08525073698602244,0.007729331528655563,0.01959035872473484,9.020562075079397e-17
LTCUSDT,regime_gate_long,year2025,105120,0.1101931474266113,0.010526873554837127,0.11025801375499848,-0.2704288709956946,-0.14964398368585913,0.013250720233811712,1.1102230246251565e-16
LTCUSDT,expanding_tree,all,287422,0.1685167502849205,0.15025587376256577,-0.14177326361181197,-0.2750960575786452,-0.26661344742789145,0.07149685114310879,5.551115123125783e-17
LTCUSDT,expanding_tree,development_2024_25,210527,0.19122596828340577,0.1642618286472042,0.012433885091462989,-0.2628262260971755,-0.08613051235850826,0.051078748092231965,4.163336342344337e-17
LTCUSDT,expanding_tree,reused_2026,76895,0.10634231062607273,0.003471470443358028,-0.17168457403127171,-0.012269831481469581,-0.18048293506938323,0.02041810305087682,5.551115123125783e-17
LTCUSDT,expanding_tree,year2024,105407,0.22610443507362216,0.17262219111559046,-0.12347706399538204,-0.26758870050643196,-0.21844357338622372,0.02978208999286453,1.6653345369377348e-16
LTCUSDT,expanding_tree,year2025,105120,0.15625227584660648,0.014926953162747504,0.11262363345571137,0.004762474409256496,0.13231306102771534,0.021296658099367417,5.551115123125783e-17
LTCUSDT,rolling_tree,all,287422,0.14650827921431922,0.13063229304848134,-0.0640745786261867,-0.38237344251001226,-0.31581572808771785,0.10576591887186573,2.220446049250313e-16
LTCUSDT,rolling_tree,development_2024_25,210527,0.2369646920634266,0.2035510866676462,0.21277466822386074,-0.28916660865684235,0.12715914623466446,0.06568053169913114,1.1102230246251565e-16
LTCUSDT,rolling_tree,reused_2026,76895,-0.1011478392314058,-0.0033019005533557145,-0.34646613991585673,-0.09320683385316984,-0.4429748743223823,0.040085387172734584,0.0
LTCUSDT,rolling_tree,year2024,105407,0.3219950934036251,0.24583108479806842,0.08559667118143502,-0.3104094905034475,0.02101826547605594,0.028158956412628847,1.3877787807814457e-17
LTCUSDT,rolling_tree,year2025,105120,0.15170213960845794,0.01449227360276695,0.07040572530923646,0.02124288184660509,0.1061408807586085,0.03752157528650229,0.0
LTCUSDT,action_tcn,all,287422,0.10943592844751501,0.09757719052911507,0.2094276389150296,-0.6347629962440118,-0.32775816679986725,0.15481217177359316,1.6653345369377348e-16
LTCUSDT,action_tcn,development_2024_25,210527,0.1052376523660119,0.09039843999932295,0.2909314604254851,-0.3333531236809406,0.04797677674386705,0.11221978941709908,4.163336342344337e-16
LTCUSDT,action_tcn,reused_2026,76895,0.12093017994124812,0.003947681246575095,-0.07827275222723823,-0.3014098725630711,-0.37573494354373427,0.04259238235649411,0.0
LTCUSDT,action_tcn,year2024,105407,0.20356768270916922,0.15541623240666644,0.029697625504799003,-0.2518197068830871,-0.0667058489716218,0.03990392214886402,1.3877787807814457e-16
LTCUSDT,action_tcn,year2025,105120,0.006639160086891028,0.0006342463245418219,0.19558179618880078,-0.08153341679785356,0.11468262571548885,0.07231586726823505,1.942890293094024e-16
LTCUSDT,vol_long,all,287422,0.6220651106059385,0.5546566532601024,0.042062966482062286,-0.20935279586922173,0.387366823872943,0.0019940242304088613,1.6653345369377348e-16
LTCUSDT,vol_long,development_2024_25,210527,0.5987953045195562,0.5143611643789346,0.12536842625078695,-0.24497907604127853,0.39475051458844324,0.0015105676472074695,2.220446049250313e-16
LTCUSDT,vol_long,reused_2026,76895,0.6857743565380249,0.022386624811130847,-0.06539659569868786,0.03562628017205685,-0.007383690715500102,0.00048345658320139175,6.245004513516506e-17
LTCUSDT,vol_long,year2024,105407,0.591973050857523,0.4519490521587205,0.02598483684760139,-0.19036954397251982,0.2875643450338021,0.0009001986016552175,5.551115123125783e-17
LTCUSDT,vol_long,year2025,105120,0.6056361843878393,0.05785709621853632,0.10393860540486335,-0.05460953206875857,0.10718616955464101,0.000610369045552252,9.71445146547012e-17
LTCUSDT,hold,all,287422,0.9720506971369012,0.8667169678555444,-0.22857657494305586,0.2971093613433374,0.9352497542558259,0.000400155102758713,1.1102230246251565e-16
LTCUSDT,hold,development_2024_25,210527,1.018286725652479,0.8747014913526531,-0.18515790195307924,0.18971745806231294,0.8792610474618868,0.00019996000799840034,1.1102230246251565e-16
LTCUSDT,hold,reused_2026,76895,0.8454633718842964,0.027599561163932015,-0.07900275765101744,0.10739190328102428,0.055988706793939025,0.0002001950947603127,1.6653345369377348e-16
LTCUSDT,hold,year2024,105407,0.9250755167926747,0.7062601961086801,-0.06424572383177511,0.06159058629603156,0.7036050585729368,0.00019996000799840034,3.3306690738754696e-16
LTCUSDT,hold,year2025,105120,1.1117524209748284,0.10620694147683243,-0.058677824354163646,0.1281268717662814,0.17565598888895012,0.0,8.326672684688674e-17
SOLUSDT,trend24,all,287422,0.004895881572370209,0.0043653521816125205,0.5207366569463329,-0.1704321868949113,0.35466982223303395,0.1788080904919233,1.1102230246251565e-16
SOLUSDT,trend24,development_2024_25,210527,0.007398108622005192,0.006354925859129124,-0.03912874857443005,-0.11849779994124995,-0.1512716226565508,0.11673849560571281,5.551115123125783e-17
SOLUSDT,trend24,reused_2026,76895,-0.0019548415445880337,-6.381443663893736e-05,0.5579396462798851,-0.05193438695366145,0.5059414448895848,0.06206959488621052,1.1102230246251565e-16
SOLUSDT,trend24,year2024,105407,0.013334862764317315,0.010180663762091318,0.005831568581854751,-0.12933364016771387,-0.11332140782376783,0.05833069409874861,2.7755575615628914e-17
SOLUSDT,trend24,year2025,105120,0.0014451458758227825,0.0001380563878821282,-0.04892411144712909,0.010835840226463944,-0.037950214832782964,0.0584078015069642,4.85722573273506e-17
SOLUSDT,trend72,all,287422,0.012189709657842905,0.010868803679482467,0.5266111847218864,-0.42334304959880675,0.11413693880256214,0.09263484710364324,1.3877787807814457e-17
SOLUSDT,trend72,development_2024_25,210527,0.013617488535608045,0.011697331636078973,0.452011096856595,-0.4189334141148821,0.04477501437779182,0.05842491817737635,2.0816681711721685e-17
SOLUSDT,trend72,reused_2026,76895,0.008280664807081974,0.00027031651804349823,0.07350124339065156,-0.004409635483924573,0.06936192442477038,0.034209928926266904,1.1102230246251565e-16
SOLUSDT,trend72,year2024,105407,0.031582075131633844,0.024111720795855583,0.3347248671790492,-0.0891927132398827,0.26964387473502216,0.02781143638332614,1.1102230246251565e-16
SOLUSDT,trend72,year2025,105120,-0.00439614520989511,-0.0004199686263076358,0.1052918091440769,-0.3297407008749994,-0.2248688603572302,0.030613481794050216,5.551115123125783e-17
SOLUSDT,trend168,all,287422,0.016691204750858547,0.014882506040199615,0.6820116340585352,0.14489588162788455,0.8417900217266195,0.05097826960162648,1.1102230246251565e-16
SOLUSDT,trend168,development_2024_25,210527,0.022430727764044363,0.019267845227740842,0.30405611677462313,0.023878668804310485,0.34720263080667435,0.030758724415456608,1.6653345369377348e-16
SOLUSDT,trend168,reused_2026,76895,0.0009772498591624566,3.190163897968285e-05,0.37353827645739135,0.12101721282357406,0.4945873909199451,0.020219545186169877,0.0
SOLUSDT,trend168,year2024,105407,0.05541132570467938,0.04230445304023713,0.13274708608503255,-0.026409543266053586,0.14864199585921617,0.01445018776377486,5.551115123125783e-17
SOLUSDT,trend168,year2025,105120,-0.010639914236797682,-0.0010164428044827016,0.14928886568157684,0.05028821207036399,0.19856063494745813,0.016308536651681752,2.7755575615628914e-17
SOLUSDT,trend336,all,287422,0.03275938154850588,0.029209496920452358,0.5181463720047035,-0.24878171947748826,0.29857414944766786,0.033934383783368396,2.7755575615628914e-16
SOLUSDT,trend336,development_2024_25,210527,0.03735526487063027,0.03208792285029246,0.26235343486071483,-0.2521412166446176,0.04230014106638949,0.02019663549120408,2.498001805406602e-16
SOLUSDT,trend336,reused_2026,76895,0.02017654094564635,0.0006586490845426633,0.2522558621296063,0.003359497167129376,0.2562740083812784,0.013737748292164318,5.551115123125783e-17
SOLUSDT,trend336,year2024,105407,0.08425777355414081,0.06432762579248434,0.19995628170799126,-0.0865516537210319,0.17773225377944388,0.009135573125950234,1.3877787807814457e-16
SOLUSDT,trend336,year2025,105120,-0.009675297656032552,-0.0009242919129640008,0.031081742123495293,-0.16558956292358576,-0.1354321127130544,0.011061062365253845,8.326672684688674e-17
SOLUSDT,trend_ensemble,all,287422,0.010577635099125118,0.00943141736043108,0.44045166390128293,-0.22206315234849255,0.22781992891322145,0.08120161822613327,0.0
SOLUSDT,trend_ensemble,development_2024_25,210527,0.013071871026527675,0.011228649842554743,0.16730098126919127,-0.20280017965546263,-0.02427054854371677,0.05120735234020859,1.3877787807814457e-16
SOLUSDT,trend_ensemble,reused_2026,76895,0.003748790478691038,0.0001223766464025584,0.27123107350356573,-0.01926297269302994,0.25209047745693813,0.02999426588592467,1.6653345369377348e-16
SOLUSDT,trend_ensemble,year2024,105407,0.0339356004834809,0.025908548456266767,0.1512324662781226,-0.088860945972185,0.08828006876220433,0.02451292889311261,4.163336342344337e-17
SOLUSDT,trend_ensemble,year2025,105120,-0.007848820857691022,-0.000749806559237352,0.0021384229365938867,-0.11393923368327775,-0.11255061730592111,0.02669442344709597,1.1102230246251565e-16
SOLUSDT,breakout,all,287422,0.021145900429333623,0.018854480282427175,1.044644739718639,-0.14959380729105767,0.9139054127100085,0.12428074581390729,1.1102230246251565e-16
SOLUSDT,breakout,development_2024_25,210527,0.028340861866780347,0.02434461092008045,0.6108491864403987,-0.1068447655975768,0.5283490317629023,0.07921623018251742,0.0
SOLUSDT,breakout,reused_2026,76895,0.0014471729887803103,4.724195127414524e-05,0.4282581806893129,-0.042749041693480816,0.3855563809471061,0.04506451563138985,5.551115123125783e-17
SOLUSDT,breakout,year2024,105407,0.05360560075905442,0.04092585028720239,0.3931803585205394,-0.09909947552239004,0.3350067332853518,0.03758999348573146,1.1102230246251565e-16
SOLUSDT,breakout,year2025,105120,0.003007144853672155,0.0002872758821665274,0.20080031267057086,-0.007745290075186782,0.1933422984775506,0.04162623669678595,2.7755575615628914e-17
SOLUSDT,range_only,all,287422,-0.007885464071913971,-0.007030976399351898,-0.47519765261157354,0.24108105601850582,-0.2411475729924195,0.06305149078475095,1.1102230246251565e-16
SOLUSDT,range_only,development_2024_25,210527,-0.011144916747879496,-0.009573408996493504,-0.22114620441984678,0.2036048659798574,-0.027114747436482935,0.04029075885209925,6.245004513516506e-17
SOLUSDT,range_only,reused_2026,76895,0.001038429464895876,3.389880447091105e-05,-0.25154291439905596,0.03747619003864854,-0.2140328255559365,0.022760731932651716,0.0
SOLUSDT,range_only,year2024,105407,-0.024924648953233746,-0.01902902750975742,-0.1857177261787036,0.1113622774257673,-0.09338447626269378,0.018339580957492,4.163336342344337e-17
SOLUSDT,range_only,year2025,105120,0.0026724370627157806,0.0002553008757754702,-0.026228160603654755,0.09224258855409012,0.06626972882621075,0.021951177894607245,8.326672684688674e-17
SOLUSDT,down_rebound,all,287422,0.07627184080520051,0.06800684243132019,0.6137069675864658,0.03366224048830524,0.7153760505060912,0.12475461967261015,0.0
SOLUSDT,down_rebound,development_2024_25,210527,0.076670931227049,0.0658598174740266,0.19908711371140336,0.0016375344382007161,0.26658446562363064,0.08399442902362599,0.0
SOLUSDT,down_rebound,reused_2026,76895,0.07517919096788342,0.0024541721715851937,0.4143127066607708,0.03202470605010453,0.4487915848824606,0.04076019064898415,5.551115123125783e-17
SOLUSDT,down_rebound,year2024,105407,0.10418905542858473,0.07954440624965967,0.017275667710809316,0.05908874703431779,0.1559088209947868,0.039495971415202086,5.551115123125783e-17
SOLUSDT,down_rebound,year2025,105120,0.04907767668261144,0.004688444870377334,0.16343841235458362,-0.057451212596117116,0.11067564462884388,0.0444984576084239,4.163336342344337e-17
SOLUSDT,selected_trend,all,287422,0.010381735013278806,0.009256745474584532,0.7467101410127147,-0.3961021642042079,0.35986472228309163,0.05512635990347611,3.885780586188048e-16
SOLUSDT,selected_trend,development_2024_25,210527,0.012128372581513638,0.010418190984403684,0.43550200861879357,-0.4705272989347267,-0.02460709933152929,0.041026143767458265,2.0122792321330962e-16
SOLUSDT,selected_trend,reused_2026,76895,0.005599702796258539,0.00018279838602674453,0.30986388849807517,0.07442513473051887,0.38447182161462096,0.014100216136017845,1.6653345369377348e-16
SOLUSDT,selected_trend,year2024,105407,0.0554400138397456,0.04232635534716242,0.17816079886869102,-0.16152194660002675,0.05896520761582674,0.015373035760248859,5.551115123125783e-17
SOLUSDT,selected_trend,year2025,105120,-0.03130151868662236,-0.002990268786976041,0.22842331417431977,-0.3090053523346999,-0.08357230694735598,0.0256531080072094,1.6653345369377348e-16
SOLUSDT,selected_breakout,all,287422,0.023698748810475068,0.02113069593127644,0.8422581229631015,-0.2932539265475208,0.570134892346857,0.10590083922470651,1.1102230246251565e-16
SOLUSDT,selected_breakout,development_2024_25,210527,0.03118031456860096,0.026783681812727472,0.5383518043167345,-0.20547815058236082,0.3596573355471009,0.05083457385197682,2.220446049250313e-16
SOLUSDT,selected_breakout,reused_2026,76895,0.003215341640165333,0.00010496258171764434,0.2981483701831985,-0.08777577596516004,0.21047755679975622,0.055066265372729684,8.326672684688674e-17
SOLUSDT,selected_breakout,year2024,105407,0.06258425546084066,0.04778071382576132,0.32253102785316656,-0.18123098035579221,0.18908076132313564,0.027318369937607594,2.7755575615628914e-17
SOLUSDT,selected_breakout,year2025,105120,-0.0003093657741341038,-2.9554055425024927e-05,0.19485329850595917,-0.024247170226568606,0.17057657422396547,0.02351620391436924,8.326672684688674e-17
SOLUSDT,regime_gate,all,287422,0.03590255239723152,0.03201206628795908,0.5739188098179413,-0.152152184973448,0.4537786911324527,0.09295626997777973,3.885780586188048e-16
SOLUSDT,regime_gate,development_2024_25,210527,0.03955873516948976,0.03398068910954884,0.2711674041752533,-0.15062954767567255,0.15451854560912986,0.0599650595909913,2.220446049250313e-16
SOLUSDT,regime_gate,reused_2026,76895,0.02589247124117182,0.0008452416360904986,0.2999375411850079,-0.001522637297775433,0.2992601455233228,0.03299121038678843,2.220446049250313e-16
SOLUSDT,regime_gate,year2024,105407,0.06419653679905722,0.049011629695266914,0.09407376634502107,-0.055077154144675344,0.08800824189561275,0.028648641015832463,9.71445146547012e-17
SOLUSDT,regime_gate,year2025,105120,0.014853667091409289,0.0014189872868550976,0.1606437099576592,-0.09555239353099731,0.06651030371351702,0.03131641857515883,2.7755575615628914e-17
SOLUSDT,gate_no_range,all,287422,0.03467436747275516,0.030916970407833266,0.6216215932690619,-0.15498791113816046,0.49755065253873443,0.08892262594840157,1.1102230246251565e-16
SOLUSDT,gate_no_range,development_2024_25,210527,0.038267853690235124,0.032871830546809505,0.31130481702290147,-0.15206011578447326,0.19211653178523777,0.057559481816535724,2.7755575615628914e-17
SOLUSDT,gate_no_range,reused_2026,76895,0.024835940098967477,0.0008107519150090532,0.30755116419217493,-0.0029277953536872457,0.3054341207534966,0.03136314413186585,1.6653345369377348e-16
SOLUSDT,gate_no_range,year2024,105407,0.06327083759019131,0.048304893333831235,0.12626328483988053,-0.0553310664807657,0.11923711169294601,0.027838144624423137,4.163336342344337e-17
SOLUSDT,gate_no_range,year2025,105120,0.01319660631635119,0.0012606864336796812,0.16834778296231967,-0.09672904930370751,0.07287942009229187,0.029721337192112573,2.7755575615628914e-17
SOLUSDT,adaptive14,all,287422,0.033064851741326375,0.029481865635449887,0.5150141663736324,-0.155594039959108,0.38890199204997444,0.08415499505379401,2.220446049250313e-16
SOLUSDT,adaptive14,development_2024_25,210527,0.03587034694655833,0.030812388278347848,0.23833997664610881,-0.15040609005277666,0.11874627487168021,0.054523360746564956,2.220446049250313e-16
SOLUSDT,adaptive14,reused_2026,76895,0.02538382580892674,0.0008286372612768207,0.274515029823349,-0.005187949906331425,0.27015571717829434,0.029631634307229048,5.551115123125783e-17
SOLUSDT,adaptive14,year2024,105407,0.06124272594549867,0.046756506740618715,0.12854291913670038,-0.06049817009366574,0.11480125578365338,0.02561622261062129,0.0
SOLUSDT,adaptive14,year2025,105120,0.010428695946355676,0.0009962648869998318,0.09285667416013776,-0.08990791995911084,0.003945019088026788,0.028907138135943665,4.163336342344337e-17
SOLUSDT,adaptive42,all,287422,0.03330985090055516,0.029700316102117295,0.4268115187591514,-0.15232097367201972,0.304190861189249,0.08437585653967264,0.0
SOLUSDT,adaptive42,development_2024_25,210527,0.03714325047159919,0.031905803898577854,0.15953629727418392,-0.14257361142251168,0.04886848975025009,0.055201905442699775,6.938893903907228e-18
SOLUSDT,adaptive42,reused_2026,76895,0.022814576676051777,0.0007447659181219737,0.2643249677703851,-0.009747362249508056,0.255322371438999,0.029173951096972874,0.0
SOLUSDT,adaptive42,year2024,105407,0.06370646399560578,0.048637477630932575,0.06509305469054252,-0.04317480883311034,0.07055572348836481,0.026079499689141694,5.551115123125783e-17
SOLUSDT,adaptive42,year2025,105120,0.010507513714322115,0.0010037944357660995,0.07670777441552055,-0.09939880258940133,-0.02168723373811468,0.02912240575355809,0.0
SOLUSDT,adaptive126,all,287422,0.034312121526752996,0.030593978295527072,0.4608051363596643,-0.1381486016715278,0.35325051298366344,0.08380230826954352,1.6653345369377348e-16
SOLUSDT,adaptive126,development_2024_25,210527,0.03925513164866966,0.033719895714377064,0.19198789772797584,-0.13128428911432174,0.09442350432803115,0.05428100255034306,2.7755575615628914e-17
SOLUSDT,adaptive126,reused_2026,76895,0.020778899705610535,0.0006783126654748683,0.2650130085473636,-0.006864312557206095,0.25882700865563224,0.02952130571920045,1.1102230246251565e-16
SOLUSDT,adaptive126,year2024,105407,0.06717952940544596,0.05128903181534813,0.08742125486698649,-0.03008156682876998,0.10862871985356462,0.025371764158399653,0.0
SOLUSDT,adaptive126,year2025,105120,0.011254494335612972,0.001075154322763424,0.08592235243725481,-0.10120272228555181,-0.014205215525533527,0.02890923839194339,5.551115123125783e-17
SOLUSDT,filtered_moe,all,287422,0.02908383330817092,0.025932239843786495,0.49008595141190314,-0.237209801770028,0.27880838948566156,0.045469151244277674,0.0
SOLUSDT,filtered_moe,development_2024_25,210527,0.03144028683382299,0.02700699625096129,0.2452224449301446,-0.23983771656366384,0.032391724617442,0.028461175556155162,8.326672684688674e-17
SOLUSDT,filtered_moe,reused_2026,76895,0.022632216279821194,0.0007388128903776404,0.24304993718420617,0.0026279147936358405,0.24641666486821956,0.017007975688122512,8.326672684688674e-17
SOLUSDT,filtered_moe,year2024,105407,0.043976052038902834,0.033574053764566104,0.14891272224644578,-0.13368247772116376,0.04880429828984814,0.0117020013782266,0.0
SOLUSDT,filtered_moe,year2025,105120,0.018870296318489563,0.0018027003305205163,0.08793996483957349,-0.1061552388425001,-0.016412573672406054,0.01675917417792856,3.469446951953614e-17
SOLUSDT,kalman,all,287422,0.00926665786063787,0.00826250073867871,0.8932188782985269,-0.15453823287875706,0.746943146158449,0.19632641875569468,4.440892098500626e-16
SOLUSDT,kalman,development_2024_25,210527,0.011491808733899283,0.009871386893942149,0.3374729027213716,-0.12783348744343745,0.21951080217187655,0.12979899332032868,2.7755575615628914e-16
SOLUSDT,kalman,reused_2026,76895,0.003174527840544163,0.00010363024374010851,0.554033459178152,-0.026704745435319678,0.5274323439865725,0.06652742543536601,1.1102230246251565e-16
SOLUSDT,kalman,year2024,105407,0.02463674957265381,0.018809227213136315,0.19959237419528547,-0.07299699297110351,0.14540460843731834,0.0629028477938926,5.551115123125783e-17
SOLUSDT,kalman,year2025,105120,-0.0016890205943978739,-0.00016135401015370603,0.12910404221704572,-0.054836494472333935,0.07410619373455812,0.06689614552643607,2.7755575615628914e-17
SOLUSDT,trend_ensemble_long,all,287422,0.16192824833358657,0.144381317578624,0.26407510978938215,-0.0646622446327342,0.3437941827352719,0.03735835943428019,5.551115123125783e-17
SOLUSDT,trend_ensemble_long,development_2024_25,210527,0.15414299173905682,0.13240779964927793,0.10143117144219706,-0.07752802431826061,0.15631094677321433,0.023268057055719046,2.7755575615628914e-17
SOLUSDT,trend_ensemble_long,reused_2026,76895,0.18324311555611808,0.005981843500078516,0.16863561277645264,0.012865779685526406,0.18748323596205757,0.014090302378561145,0.0
SOLUSDT,trend_ensemble_long,year2024,105407,0.16118059091588594,0.12305528973877167,0.04905587882270209,-0.040990810357197316,0.13112035820427642,0.011564492236367104,2.7755575615628914e-17
SOLUSDT,trend_ensemble_long,year2025,105120,0.14708617841683436,0.014051305711994805,0.047676496818006495,-0.036537213961063346,0.02519058856893789,0.011703564819351945,6.938893903907228e-17
SOLUSDT,regime_gate_long,all,287422,0.15205968458072644,0.135582134904139,0.2248148745577013,0.0010120975269561922,0.3614091069887963,0.040487843847879845,2.220446049250313e-16
SOLUSDT,regime_gate_long,development_2024_25,210527,0.14663278174010447,0.12595657945660974,0.08329339593047108,-0.03402553530740893,0.17522444007967186,0.025915414231288604,5.551115123125783e-17
SOLUSDT,regime_gate_long,reused_2026,76895,0.16691773223437908,0.005448912765883879,0.1456981213088755,0.0350376328343651,0.18618466690912447,0.014572429616591248,0.0
SOLUSDT,regime_gate_long,year2024,105407,0.15796396294709125,0.1205995158491696,0.03758976539402522,0.010340041229734469,0.16852932247292923,0.012983520489374446,8.326672684688674e-17
SOLUSDT,regime_gate_long,year2025,105120,0.13527066399386353,0.012922556518232048,0.03813813762565408,-0.04436557653714335,0.006695117606742719,0.012931893741914158,6.245004513516506e-17
SOLUSDT,expanding_tree,all,287422,0.180663198124683,0.1610861035776387,0.11033213521857303,-0.10058272685651254,0.170835511939699,0.06598528459229967,1.942890293094024e-16
SOLUSDT,expanding_tree,development_2024_25,210527,0.21964370104312195,0.18867247115053004,0.16643564403346114,-0.05015794573503864,0.3049501694489524,0.04518077876137866,1.1102230246251565e-16
SOLUSDT,expanding_tree,reused_2026,76895,0.07394041591634444,0.002413733225392759,-0.08610360961317236,-0.05042478112147393,-0.13411465750925333,0.020804505830921017,2.220446049250313e-16
SOLUSDT,expanding_tree,year2024,105407,0.22597952358714188,0.17252682591638632,-0.03015468879975739,-0.006429542670111789,0.1359425944465171,0.022649118020930503,5.551115123125783e-17
SOLUSDT,expanding_tree,year2025,105120,0.21329058035345763,0.02037588563584715,0.19236009243151495,-0.04372840306492687,0.16900757500243524,0.022531660740448153,2.7755575615628914e-17
SOLUSDT,rolling_tree,all,287422,0.09609664355496181,0.08568338232601606,-0.21923144176703233,0.07713890285078347,-0.05640915659023311,0.09512887460531848,2.983724378680108e-16
SOLUSDT,rolling_tree,development_2024_25,210527,0.21376715938480484,0.18362456114342246,0.07062181529872617,0.014735919221470266,0.2689822956636189,0.05873622748940699,0.0
SOLUSDT,rolling_tree,reused_2026,76895,-0.2260676153189489,-0.007379819379133855,-0.3804146165040315,0.06240298362931321,-0.32539145225385213,0.036392647115911496,0.0
SOLUSDT,rolling_tree,year2024,105407,0.2858692262782207,0.2182503505364542,-0.03802366176674507,-0.024489703539626078,0.15573698523008317,0.022531957513176968,1.1102230246251565e-16
SOLUSDT,rolling_tree,year2025,105120,0.14146823848455473,0.013514617681142753,0.06050506999129673,0.039225622761096327,0.11324531043353575,0.036204269976230025,5.551115123125783e-17
SOLUSDT,action_tcn,all,287422,0.1199470341713161,0.10694928779582676,0.1377578395482516,-0.38314353119355055,-0.138436403849472,0.13100957220157194,2.220446049250313e-16
SOLUSDT,action_tcn,development_2024_25,210527,0.13241723032918282,0.11374551580794438,0.34311505769296147,-0.2656610017705025,0.19119957173040328,0.09250730982587856,2.7755575615628914e-17
SOLUSDT,action_tcn,reused_2026,76895,0.08580550368783603,0.0028010607271565127,-0.21495450688398393,-0.11748252942304802,-0.3296359755798753,0.0385022623756934,1.6653345369377348e-16
SOLUSDT,action_tcn,year2024,105407,0.20117868064224573,0.15359231961504993,0.07254191025861267,-0.009820761676416951,0.2163134681972456,0.028593508576227247,5.551115123125783e-17
SOLUSDT,action_tcn,year2025,105120,0.06346804660440143,0.006063172864918956,0.22466317076232437,-0.25584024009408535,-0.025113896466842298,0.06391380124965129,2.636779683484747e-16
SOLUSDT,vol_long,all,287422,0.7191778156533662,0.6412459942346731,0.013141388528171842,-0.0919278753368674,0.5624595074259782,0.0012639392231314373,6.661338147750939e-16
SOLUSDT,vol_long,development_2024_25,210527,0.6832539782896867,0.5869106006460757,0.10619209571894288,-0.1596516842745104,0.5334510120905086,0.0007592376222881296,3.3306690738754696e-16
SOLUSDT,vol_long,reused_2026,76895,0.8175319051086418,0.02668775794298951,-0.06540307154516295,0.06772380893764302,0.02900849533546955,0.0005047016008433076,2.7755575615628914e-17
SOLUSDT,vol_long,year2024,105407,0.6832575418264649,0.5216413111398377,0.042421324483814055,-0.05869294433589995,0.5053696912877519,0.0004361139074161828,2.220446049250313e-16
SOLUSDT,vol_long,year2025,105120,0.6832504050236933,0.06527166877383074,0.06376839196753592,-0.10095873993861035,0.028081320802756667,0.00032312371487194704,3.677613769070831e-16
SOLUSDT,hold,all,287422,1.2404283792388018,1.1060126049623185,0.01576716222597003,0.06557384150992093,1.1873536086982095,0.00039996000799840076,0.0
SOLUSDT,hold,development_2024_25,210527,1.2868905515566988,1.1054303825212024,0.015431096150597987,-0.0362713442606417,1.084590134411159,0.00019996000799840034,2.220446049250313e-16
SOLUSDT,hold,reused_2026,76895,1.1132219061056992,0.03634035146681427,-0.03542206295032661,0.10184518577056272,0.10276347428705049,0.00020000000000000042,1.249000902703301e-16
SOLUSDT,hold,year2024,105407,1.3120584643621274,1.0017070515056434,0.06697548686427969,0.019370531935856417,1.0880530703057798,0.00019996000799840034,4.440892098500626e-16
SOLUSDT,hold,year2025,105120,1.2616539249862861,0.12052719836448934,-0.068348258062612,-0.055641876196498206,-0.003462935894620628,0.0,2.220446049250313e-16
TRXUSDT,trend24,all,287422,0.01411171541555601,0.01258253631444954,-0.45680528920440233,0.8067312502267601,0.3625084973368072,0.29782234654934236,1.1102230246251565e-16
TRXUSDT,trend24,development_2024_25,210527,0.01521540456406545,0.013069930824438625,-0.4951716090211032,0.7108098410656926,0.22870816286902787,0.21351533692312377,1.3877787807814457e-16
TRXUSDT,trend24,reused_2026,76895,0.011089979732244386,0.0003620246412859774,0.03751690066542585,0.09592140916106753,0.1338003344677793,0.08430700962621865,5.551115123125783e-17
TRXUSDT,trend24,year2024,105407,0.02285890052698786,0.01745190665621894,-0.15077515596068222,0.8979342795192921,0.7646110302148286,0.10079638273240356,2.220446049250313e-16
TRXUSDT,trend24,year2025,105120,0.007551040228413216,0.0007213592455459537,-0.3494997881377472,-0.18712443845359955,-0.5359028673458008,0.1127189541907202,0.0
TRXUSDT,trend72,all,287422,0.019400724102993597,0.017298415420384617,-0.22036966770739652,0.5368602354432471,0.3337889831562351,0.15956350966295824,1.1102230246251565e-16
TRXUSDT,trend72,development_2024_25,210527,0.02068426941329486,0.017767649177353323,-0.19963492157492718,0.5413121930372943,0.3594449206397204,0.11559908201788725,0.0
TRXUSDT,trend72,reused_2026,76895,0.015886569170399895,0.0005186059527644365,-0.02172258584220248,-0.004451957594047158,-0.02565593748348529,0.04396442764507098,8.326672684688674e-17
TRXUSDT,trend72,year2024,105407,0.032595948429350534,0.02488577474180519,-0.029760859409419735,0.7789094125301277,0.774034327862513,0.05367970639376415,1.1102230246251565e-16
TRXUSDT,trend72,year2025,105120,0.00874006897526803,0.0008349484801173978,-0.17782713621007656,-0.2375972194928334,-0.4145894072227926,0.0619193756241231,0.0
TRXUSDT,trend168,all,287422,0.029004674783121194,0.025861659125092404,-0.16556466252944013,0.8064525634177916,0.666749560013444,0.09202878836069842,1.1102230246251565e-16
TRXUSDT,trend168,development_2024_25,210527,0.03295703249831135,0.028309870639194667,-0.18257143575325177,0.6612514874512475,0.5069899223371903,0.06745919539871074,1.1102230246251565e-16
TRXUSDT,trend168,reused_2026,76895,0.01818371096615209,0.0005935945419836083,0.013964967167725915,0.14520107596654414,0.15975963767625362,0.024569592961987668,2.7755575615628914e-17
TRXUSDT,trend168,year2024,105407,0.05397415307335214,0.04120722605063701,-0.12290306928373278,0.9343266129242837,0.8526307696911879,0.029727470450151297,0.0
TRXUSDT,trend168,year2025,105120,0.01188253070556666,0.0011351513335461907,-0.07370087321450751,-0.2730751254730364,-0.34564084735399764,0.03773172494855944,1.1102230246251565e-16
TRXUSDT,trend336,all,287422,0.03589846315036482,0.032008420161624765,0.1568939659430455,0.4935885470423572,0.6824909331470278,0.06157175441821579,3.3306690738754696e-16
TRXUSDT,trend336,development_2024_25,210527,0.040495256606760816,0.03478515476468131,0.10115266394850042,0.49632365719394916,0.6322614759071312,0.043257086643213795,3.3306690738754696e-16
TRXUSDT,trend336,reused_2026,76895,0.023313130736102868,0.0007610408671398595,0.052203526524348814,-0.0027351101515919168,0.05022945723989671,0.018314667775001993,4.163336342344337e-17
TRXUSDT,trend336,year2024,105407,0.06929694236559392,0.05290559658798636,0.08676914359034205,0.681769953687174,0.8214446938655027,0.018189443791596014,3.3306690738754696e-16
TRXUSDT,trend336,year2025,105120,0.011614936108460556,0.001109587724978157,-0.004846509190124913,-0.18544629649322453,-0.18918321795837137,0.025067642851617777,8.326672684688674e-17
TRXUSDT,trend_ensemble,all,287422,0.02079787547895125,0.018544168144776392,-0.2430657765128811,0.6416015213503506,0.4170799129822456,0.14513731683954142,2.7755575615628914e-16
TRXUSDT,trend_ensemble,development_2024_25,210527,0.022909965343353024,0.01967950710525861,-0.253944194936951,0.5837502258630188,0.34948553803132665,0.10498280501744753,1.6653345369377348e-16
TRXUSDT,trend_ensemble,reused_2026,76895,0.015015289577619407,0.00049016363910366,0.009252915824483827,0.05785129548733161,0.06759437495091905,0.04015451182209391,4.163336342344337e-17
TRXUSDT,trend_ensemble,year2024,105407,0.03760547850162188,0.02871036162906969,-0.07983631407684631,0.8216929877247526,0.770567035276976,0.04881714513438061,0.0
TRXUSDT,trend_ensemble,year2025,105120,0.008174330302698093,0.0007809028374408287,-0.18391963822135643,-0.23794276186173363,-0.4210814972456494,0.056165659883066925,1.6653345369377348e-16
TRXUSDT,breakout,all,287422,0.026769618023946246,0.023868798440970777,-0.2675359516873965,0.890029560383831,0.6463624071374053,0.21593396491605396,1.1102230246251565e-16
TRXUSDT,breakout,development_2024_25,210527,0.03165908571107547,0.027194943024122266,-0.2884689274545477,0.8099220015388013,0.5486480171083759,0.15315955923516095,0.0
TRXUSDT,breakout,reused_2026,76895,0.01338298737477199,0.0004368782739611077,0.017169952910038686,0.08010755884502971,0.09771439002902949,0.062774405680893,1.3877787807814457e-17
TRXUSDT,breakout,year2024,105407,0.03772585010952492,0.028802260802553676,-0.1160833018836768,0.9112946306830123,0.8240135896018891,0.07097417009827937,1.1102230246251565e-16
TRXUSDT,breakout,year2025,105120,0.025575757753052635,0.002443280496319788,-0.1764362238456221,-0.10137262914421095,-0.2753655724935133,0.08218538913688161,0.0
TRXUSDT,range_only,all,287422,-0.011766687320808706,-0.010491621050665517,0.17539864536764674,-0.6293525149615337,-0.4644454906445527,0.11533231424576842,2.7755575615628914e-16
TRXUSDT,range_only,development_2024_25,210527,-0.013080201646058045,-0.01123580578905148,0.17945607916365494,-0.6055754528579282,-0.4373551794833249,0.08095407848941853,1.6653345369377348e-16
TRXUSDT,range_only,reused_2026,76895,-0.00817048171118822,-0.0002667196678481154,-0.0030465293897741384,-0.023777062103605494,-0.027090311161227787,0.03437823575634991,3.8163916471489756e-17
TRXUSDT,range_only,year2024,105407,-0.02119970656732614,-0.016185174773187545,0.05233326194199141,-0.7403913796154354,-0.7042432924466314,0.03805007572162323,1.1102230246251565e-16
TRXUSDT,range_only,year2025,105120,-0.004938528746171197,-0.0004717831269180879,0.13254396933271767,0.13481592675750712,0.2668881129633068,0.042904002767795296,5.551115123125783e-17
TRXUSDT,down_rebound,all,287422,0.04779847922744587,0.04261892214690067,-0.14960674073315286,0.6937099522234711,0.5867221336372188,0.18674324639845266,1.1102230246251565e-16
TRXUSDT,down_rebound,development_2024_25,210527,0.053350192407870096,0.04582745869854437,-0.18964011855186522,0.5577419794064084,0.41392931955308737,0.13736361527630767,1.6653345369377348e-16
TRXUSDT,down_rebound,reused_2026,76895,0.03259871954560478,0.0010641624272374898,0.03576067883983123,0.13596797281706272,0.17279281408413139,0.04937963112214501,5.551115123125783e-17
TRXUSDT,down_rebound,year2024,105407,0.07031186676537092,0.0536804530106352,-0.08283759039321305,0.80573025221063,0.7765731148280521,0.06191721157797111,0.0
TRXUSDT,down_rebound,year2025,105120,0.03634220906501346,0.0034718115278959977,-0.11812733399863892,-0.24798827280422187,-0.36264379527496476,0.07544640369833655,5.551115123125783e-17
TRXUSDT,selected_trend,all,287422,0.018456955665518027,0.016456915979156,-0.3024483621575717,0.7855171140834398,0.4995256679050243,0.1435341056720817,1.6653345369377348e-16
TRXUSDT,selected_trend,development_2024_25,210527,0.01819436509537953,0.015628838010183863,-0.32988665895456515,0.6962324973494265,0.38197467640504545,0.12533367141755436,2.220446049250313e-16
TRXUSDT,selected_trend,reused_2026,76895,0.01917588934078363,0.0006259835119222389,0.02764039125404327,0.08928461673401326,0.11755099149997873,0.018200434254527297,4.163336342344337e-17
TRXUSDT,selected_trend,year2024,105407,0.048887127693349436,0.037323474424664896,-0.07052926598103841,0.8512298163402705,0.818024024783897,0.03544390267083974,0.0
TRXUSDT,selected_trend,year2025,105120,-0.012582195284797537,-0.0012019910665819228,-0.2798500383214258,-0.15499731899084415,-0.43604934837885156,0.08988976874671464,3.3306690738754696e-16
TRXUSDT,selected_breakout,all,287422,0.027569769670313046,0.02458224374871688,-0.2028353915947864,0.4860120655101816,0.3077589176641122,0.15047306656691573,5.551115123125783e-17
TRXUSDT,selected_breakout,development_2024_25,210527,0.031560360926712105,0.027110139094206773,-0.22021945553675593,0.44627572683986905,0.2531664103973199,0.12094314990967538,0.0
TRXUSDT,selected_breakout,reused_2026,76895,0.01664412814048763,0.0005433359361386697,0.014312832660341019,0.039736338670312635,0.054592507266792274,0.029529916657240363,4.85722573273506e-17
TRXUSDT,selected_breakout,year2024,105407,0.04376387276228852,0.03341206290566695,-0.1060331052061675,0.7779166809993333,0.7052956386988328,0.050698021667960474,1.1102230246251565e-16
TRXUSDT,selected_breakout,year2025,105120,0.019323530903380647,0.0018459983329576018,-0.12233427247500611,-0.3316409541594642,-0.45212922830151286,0.07024512824171492,1.6653345369377348e-16
TRXUSDT,regime_gate,all,287422,0.025604492731170842,0.02282992890062634,-0.10797156085066462,0.6951277233922556,0.6099860914422175,0.15521047484386785,2.220446049250313e-16
TRXUSDT,regime_gate,development_2024_25,210527,0.028312918226886183,0.024320607520179907,-0.13559261367717124,0.6201582428106593,0.5088862366536681,0.1101314717712144,1.1102230246251565e-16
TRXUSDT,regime_gate,reused_2026,76895,0.018189229133583677,0.000593774678704613,0.025536599528248455,0.0749694805815963,0.10109985478854935,0.04507900307265347,2.7755575615628914e-17
TRXUSDT,regime_gate,year2024,105407,0.04266794420908974,0.032575362873234086,-0.04537673579187577,0.8146473921119716,0.8018460191933299,0.05371124566625516,0.0
TRXUSDT,regime_gate,year2025,105120,0.013918699964841578,0.001329668840570925,-0.09980030207892046,-0.19448914930131245,-0.292959782539662,0.05642022610495928,0.0
TRXUSDT,gate_no_range,all,287422,0.026464874106524962,0.023597077300439976,-0.11966757779269509,0.6774105365281557,0.5813400360359007,0.14994657981661608,0.0
TRXUSDT,gate_no_range,development_2024_25,210527,0.029371288942514798,0.025229740891010342,-0.14321517351308516,0.6114120507772809,0.49342661815520616,0.10654740819975957,1.1102230246251565e-16
TRXUSDT,gate_no_range,reused_2026,76895,0.018507545331228354,0.0006041658886121273,0.0213107662412076,0.06599848575087477,0.08791341788069447,0.0433991716168565,2.7755575615628914e-17
TRXUSDT,gate_no_range,year2024,105407,0.04366859022057142,0.033339318286036146,-0.0365892842574681,0.8174582633365112,0.8142082973650793,0.05156032462976933,0.0
TRXUSDT,gate_no_range,year2025,105120,0.015034952985359977,0.001436305729312379,-0.11617177237995531,-0.20604621255923014,-0.3207816792098729,0.054987083569990214,1.6653345369377348e-16
TRXUSDT,adaptive14,all,287422,0.02533296621019636,0.022587825640328768,-0.13843085589995704,0.6837802030371082,0.5679371727774805,0.14437302332257654,5.551115123125783e-16
TRXUSDT,adaptive14,development_2024_25,210527,0.028226749753948798,0.02424658937785598,-0.1651827106813131,0.6026347513745862,0.46169863007112943,0.10246614946289295,3.3306690738754696e-16
TRXUSDT,adaptive14,reused_2026,76895,0.017410220022335388,0.0005683444704565142,0.02452474657337237,0.08114545166252206,0.1062385427063509,0.04190687385968359,4.163336342344337e-17
TRXUSDT,adaptive14,year2024,105407,0.04129516671272933,0.0315272991355248,-0.04934050464790773,0.7946715744068353,0.7768583688944525,0.050585415371029833,1.1102230246251565e-16
TRXUSDT,adaptive14,year2025,105120,0.015122653232124411,0.0014446838311270322,-0.12456759962220114,-0.19203682303224895,-0.3151597388233231,0.05188073409186309,5.551115123125783e-17
TRXUSDT,adaptive42,all,287422,0.025251525485028715,0.022515210026158475,-0.11882429145470051,0.6638462634965221,0.5675371820679802,0.1444160888070927,1.1102230246251565e-16
TRXUSDT,adaptive42,development_2024_25,210527,0.02829400053919693,0.024304357352896103,-0.14548626128876543,0.5825790468659008,0.4613971429300315,0.10307441559692153,5.551115123125783e-17
TRXUSDT,adaptive42,reused_2026,76895,0.016921684198483777,0.0005523965597609699,0.024320425947566338,0.08126721663062134,0.10614003913794864,0.04134167321017116,0.0
TRXUSDT,adaptive42,year2024,105407,0.041305277883756736,0.03153501863247729,-0.04844190026421145,0.7838071270487409,0.7669002454170069,0.0505442026980493,1.1102230246251565e-16
TRXUSDT,adaptive42,year2025,105120,0.015247199634915947,0.0014565818870816412,-0.10573160419121683,-0.20122808018284025,-0.3055031024869755,0.052530212898872226,5.551115123125783e-17
TRXUSDT,adaptive126,all,287422,0.026442953001952884,0.023577531618982503,-0.1028412720896383,0.6806619335873068,0.6013981931166508,0.14542362074306792,2.220446049250313e-16
TRXUSDT,adaptive126,development_2024_25,210527,0.02965325757463933,0.025471950061395,-0.13427087871447566,0.6114211238944007,0.5026221952413198,0.10338900299936778,3.3306690738754696e-16
TRXUSDT,adaptive126,reused_2026,76895,0.017653619615205226,0.0005762900801352816,0.028958898102289608,0.06924080969290608,0.09877599787533096,0.042034617743700146,1.3877787807814457e-17
TRXUSDT,adaptive126,year2024,105407,0.041905559950779284,0.0319933113044591,-0.05020873096096913,0.7809440299301171,0.7627286102736068,0.04930132362074877,2.220446049250313e-16
TRXUSDT,adaptive126,year2025,105120,0.01736750380217185,0.0016591368951538296,-0.0922426458917244,-0.16952290603571654,-0.2601064150322871,0.05408767937861902,0.0
TRXUSDT,filtered_moe,all,287422,0.021226560563741587,0.01892639989251213,-0.124283580950304,0.4077611147560184,0.3024039336982265,0.08095037703486714,0.0
TRXUSDT,filtered_moe,development_2024_25,210527,0.022518602951740248,0.01934332942663505,-0.13433729669622693,0.36999528719362196,0.2550013199240299,0.05714578006209943,1.6653345369377348e-16
TRXUSDT,filtered_moe,reused_2026,76895,0.01768914190429437,0.0005774496804479642,0.00905933653135212,0.03776582756239647,0.047402613774196536,0.02380459697276772,1.3877787807814457e-17
TRXUSDT,filtered_moe,year2024,105407,0.028035661074124345,0.02140416769097692,-0.06523765037405561,0.5787795352032227,0.5349460525201439,0.023552542519201327,0.0
TRXUSDT,filtered_moe,year2025,105120,0.016986482085053215,0.0016227374680440262,-0.07278322205455724,-0.2087842480096007,-0.27994473259611385,0.0335932375428981,5.551115123125783e-17
TRXUSDT,kalman,all,287422,0.018818029803079124,0.01677886326297543,-0.4062459809685069,0.8747898357339027,0.4853227180283712,0.3270558845480305,0.0
TRXUSDT,kalman,development_2024_25,210527,0.02088149636849617,0.01793706581365386,-0.42440148107046166,0.8279578420951167,0.42149342683830876,0.23109051383031837,1.6653345369377348e-16
TRXUSDT,kalman,reused_2026,76895,0.013168567216206678,0.00042987867767118915,0.016567418873605244,0.046831993638786026,0.06382929119006248,0.09596537071771215,1.3877787807814457e-17
TRXUSDT,kalman,year2024,105407,0.028734593885546448,0.02193777647804462,-0.14408441146276507,0.9463757841538113,0.824229149169091,0.10812101009370285,1.1102230246251565e-16
TRXUSDT,kalman,year2025,105120,0.013006958221809362,0.001242569140927995,-0.2855603494130155,-0.11841794205869466,-0.4027357223307821,0.12296950373661555,5.551115123125783e-17
TRXUSDT,trend_ensemble_long,all,287422,0.07366835783055971,0.06568547907415115,-0.10310676829862558,0.621690201444008,0.5842689122195336,0.08129011402111652,0.0
TRXUSDT,trend_ensemble_long,development_2024_25,210527,0.08584361844083839,0.07373909448264312,-0.1097546167261501,0.5949803500444819,0.558964827800975,0.05636622329041999,1.1102230246251565e-16
TRXUSDT,trend_ensemble_long,reused_2026,76895,0.04033431672905589,0.0013166855934727939,-0.0027224525744402317,0.026709851399526075,0.025304084418558612,0.024923890730696542,2.42861286636753e-17
TRXUSDT,trend_ensemble_long,year2024,105407,0.08682957287272362,0.06629109737736852,-0.026183482923338962,0.7118901980068667,0.7519978124608965,0.027865955305177745,2.220446049250313e-16
TRXUSDT,trend_ensemble_long,year2025,105120,0.08485497214325725,0.008106289575276955,-0.08422942627281346,-0.11690984796238485,-0.1930329846599215,0.028500267985242234,1.3877787807814457e-16
TRXUSDT,regime_gate_long,all,287422,0.06600280639754214,0.05885058505624171,-0.07408928522236867,0.6691573264958848,0.653918626329758,0.08329629649324802,1.1102230246251565e-16
TRXUSDT,regime_gate_long,development_2024_25,210527,0.07614760032465051,0.0654102797266838,-0.08720994549090767,0.6243206258553765,0.6025209600911529,0.05612846484782947,2.220446049250313e-16
TRXUSDT,regime_gate_long,reused_2026,76895,0.038227879144894464,0.0012479224100216905,0.005313043188075212,0.04483670064050816,0.051397666238605026,0.02716783164541854,3.469446951953614e-17
TRXUSDT,regime_gate_long,year2024,105407,0.0800804844326975,0.06113842341866948,-0.017282179654736753,0.7129145504742487,0.7567707942381813,0.02870587825362416,1.1102230246251565e-16
TRXUSDT,regime_gate_long,year2025,105120,0.07220397860493104,0.006897726135252552,-0.07255363566340914,-0.08859392461887208,-0.1542498341470287,0.02742258659420531,2.7755575615628914e-17
TRXUSDT,expanding_tree,all,287422,0.15299514229896272,0.13641622419546393,-0.06825496582407943,0.5421645841209706,0.6103258424923548,0.08419187784662158,3.3306690738754696e-16
TRXUSDT,expanding_tree,development_2024_25,210527,0.17104969534487524,0.14693054504634756,-0.06357206846377111,0.39995205058649,0.4833105271690663,0.07168588154836157,1.6653345369377348e-16
TRXUSDT,expanding_tree,reused_2026,76895,0.10356447854843491,0.0033807900556801695,-0.01857800826687219,0.14221253353448043,0.12701531532328844,0.012505996298259995,2.7755575615628914e-17
TRXUSDT,expanding_tree,year2024,105407,0.1027347349126844,0.07843408749825027,-0.013821096910325483,0.24236858092901997,0.3069815715169447,0.04586761954359304,5.551115123125783e-17
TRXUSDT,expanding_tree,year2025,105120,0.23955117017626737,0.022884588899126486,-0.004139102904474759,0.15758346965747025,0.17632895565212184,0.025818262004768538,1.3877787807814457e-16
TRXUSDT,rolling_tree,all,287422,0.14146059588732365,0.1261315887120156,-0.09087707362782328,0.6531809175624961,0.6884354326466886,0.11255758555957564,2.220446049250313e-16
TRXUSDT,rolling_tree,development_2024_25,210527,0.1640388903271006,0.1409083103946086,-0.035067764302797746,0.48539223691239974,0.5912327830042106,0.08088376446658614,0.0
TRXUSDT,rolling_tree,reused_2026,76895,0.07964460533497403,0.0025999425042160956,-0.07318597351183465,0.16778868065009656,0.097202649642478,0.03167382109298948,0.0
TRXUSDT,rolling_tree,year2024,105407,0.08966392837989423,0.06845502068957166,-0.14837600423993322,0.36636925474923104,0.2864482711988694,0.046840811839035275,1.1102230246251565e-16
TRXUSDT,rolling_tree,year2025,105120,0.23861691176896876,0.022795338157579913,0.16296619148459254,0.11902298216316864,0.304784511805341,0.03404295262755085,1.1102230246251565e-16
TRXUSDT,action_tcn,all,287422,0.1054788009628813,0.09404886680587562,0.002469943391718278,0.7482999819391702,0.844818792136764,0.18950367640154075,1.1102230246251565e-16
TRXUSDT,action_tcn,development_2024_25,210527,0.1280759335454827,0.1100163708869264,0.024306354341671485,0.5783176936531441,0.7126404188817418,0.14875936797265787,2.220446049250313e-16
TRXUSDT,action_tcn,reused_2026,76895,0.04361123439525891,0.001423658281545574,-0.039227573312549474,0.1699822882860262,0.13217837325502235,0.0407443084288829,5.551115123125783e-17
TRXUSDT,action_tcn,year2024,105407,0.1298155014262322,0.09910922928012722,0.04739947009991256,0.59225198377764,0.73876068315768,0.04516344895022659,1.1102230246251565e-16
TRXUSDT,action_tcn,year2025,105120,0.12633161627373454,0.012068599377992236,-0.024254573529434213,-0.01393429012449585,-0.026120264275937857,0.10359591902243129,2.7755575615628914e-17
TRXUSDT,vol_long,all,287422,0.2850939888160906,0.2542005250017574,-0.08816724212707391,1.1544943201621767,1.3205276030368605,0.0008857357139864288,2.220446049250313e-16
TRXUSDT,vol_long,development_2024_25,210527,0.3383976447016088,0.29068131503045863,-0.12067474513025905,0.963840789391365,1.1338473592915648,0.0006926118950985952,2.220446049250313e-16
TRXUSDT,vol_long,reused_2026,76895,0.13915655773981134,0.004542668617497203,-0.008515955643013374,0.19065353077081196,0.18668024374529588,0.00019312381888783361,8.326672684688674e-17
TRXUSDT,vol_long,year2024,105407,0.2936810597485894,0.2242143901619753,0.03288175183300675,0.7170048302635362,0.9741009722585187,0.0005264894185613848,3.3306690738754696e-16
TRXUSDT,vol_long,year2025,105120,0.38323631546019815,0.0366109901449,-0.12370056223968254,0.2468359591278287,0.15974638703304614,0.00016612247653721046,2.7755575615628914e-17
TRXUSDT,hold,all,287422,0.333790159066042,0.2976198622333741,-0.1349245429046782,1.210860414667359,1.3735557339960545,0.0003999717740885367,4.440892098500626e-16
TRXUSDT,hold,development_2024_25,210527,0.40291442000926014,0.3461007938051687,-0.17922239680706958,1.0121290161680072,1.1790074131661055,0.00019996000799840034,8.881784197001252e-16
TRXUSDT,hold,reused_2026,76895,0.144538279443272,0.004718351163023551,-0.008901428832426938,0.1987313984993519,0.1945483208299485,0.0002000117660901364,2.7755575615628914e-17
TRXUSDT,hold,year2024,105407,0.35323881217255076,0.269684483298346,-0.018577054802194376,0.7409044775236443,0.9920119060197958,0.00019996000799840034,1.1102230246251565e-16
TRXUSDT,hold,year2025,105120,0.452725652840729,0.043249383594015776,-0.12747841509206834,0.27122453864436236,0.18699550714630983,0.0,2.7755575615628914e-17
XRPUSDT,trend24,all,287422,-0.013519234151364225,-0.01205425773152785,0.09512332014655728,0.8556068345500656,0.9386758969650955,0.2029926385375147,4.440892098500626e-16
XRPUSDT,trend24,development_2024_25,210527,-0.0031278797236960762,-0.002686827776661415,-0.2991301621282395,0.8298002724787368,0.5279832825738363,0.13990171047933378,4.440892098500626e-16
XRPUSDT,trend24,reused_2026,76895,-0.041969207148226086,-0.0013700554491291657,0.38625610776905944,0.02580656207132888,0.4106926143912592,0.06309092805818092,1.1102230246251565e-16
XRPUSDT,trend24,year2024,105407,0.0049272487198788704,0.0037617681843349483,-0.12703959184561534,0.5613139126587879,0.43803608899750757,0.07400170131938441,0.0
XRPUSDT,trend24,year2025,105120,-0.011205000384387714,-0.0010704261107244263,-0.17746874013289593,0.26848635981994895,0.0899471935763288,0.06590000915994938,2.220446049250313e-16
XRPUSDT,trend72,all,287422,-0.026488763725311174,-0.023618378183221708,0.3132423904707217,0.20246378573274912,0.4920877980202491,0.11032395344923787,5.551115123125783e-17
XRPUSDT,trend72,development_2024_25,210527,-0.010616004415055414,-0.009119076837720057,0.4654460302636138,0.04253757109658582,0.49886452452247937,0.07292003504739604,1.6653345369377348e-16
XRPUSDT,trend72,reused_2026,76895,-0.06994600280860934,-0.0022833383998484614,-0.1644196027385452,0.15992621463616336,-0.006776726502230365,0.03740391840184183,6.938893903907228e-17
XRPUSDT,trend72,year2024,105407,0.0025560446455980663,0.0019514434874695916,0.30325423133574503,0.2993659154483351,0.6045715902715497,0.03820151982684277,1.1102230246251565e-16
XRPUSDT,trend72,year2025,105120,-0.02382401597647382,-0.0022759346620876524,0.15339721326476669,-0.25682834435174917,-0.1057070657490703,0.03471851522055328,1.3877787807814457e-16
XRPUSDT,trend168,all,287422,-0.039623800881270876,-0.03533007142104875,0.4512212757371912,0.2066348842062378,0.6225260885223803,0.06308458635918417,1.1102230246251565e-16
XRPUSDT,trend168,development_2024_25,210527,-0.017593288606905115,-0.015112517324034586,0.3021691627590238,0.021860902235748304,0.3089175476707376,0.04166299399816483,5.551115123125783e-17
XRPUSDT,trend168,reused_2026,76895,-0.09994004585929808,-0.0032624729824455925,0.1320970318635989,0.18477398197048953,0.3136085408516428,0.02142159236101935,0.0
XRPUSDT,trend168,year2024,105407,-0.006071716994418082,-0.004635526459571389,0.157692228766867,0.15531207221361623,0.3083687745209117,0.022468277988984674,1.1102230246251565e-16
XRPUSDT,trend168,year2025,105120,-0.029146316565023648,-0.0027843799386309456,0.13678432306632454,-0.13345116997786793,0.0005487731498256855,0.019194716009180154,3.469446951953614e-18
XRPUSDT,trend336,all,287422,-0.05335907921880522,-0.047576962276046096,0.3249262776378844,0.19014185990554597,0.4674911752673842,0.04376324413886895,5.551115123125783e-17
XRPUSDT,trend336,development_2024_25,210527,-0.030747209465897835,-0.026411647424275517,0.2972277163108212,0.1500920410987442,0.4209081099852897,0.02874372348927019,1.1102230246251565e-16
XRPUSDT,trend336,reused_2026,76895,-0.11526699395279741,-0.003762810496086381,0.010296056971379204,0.04004981880680178,0.04658306528209447,0.015019520649598777,1.3183898417423734e-16
XRPUSDT,trend336,year2024,105407,-0.018607070894077427,-0.01420579541897492,0.15494072334576095,0.46972283729490255,0.6104577652216886,0.014822286401527222,0.0
XRPUSDT,trend336,year2025,105120,-0.04292049320295904,-0.004100242305536355,0.13418138326529602,-0.3196307961961584,-0.1895496552363987,0.013921437087742964,5.551115123125783e-17
XRPUSDT,trend_ensemble,all,287422,-0.030274349983516954,-0.02699374929599571,0.2943987123180919,0.356346496386183,0.6237514594082795,0.09427932221801556,3.3306690738754696e-16
XRPUSDT,trend_ensemble,development_2024_25,210527,-0.01495454495001209,-0.012845854159489519,0.19284098239011405,0.2415011321545269,0.4214962603851519,0.06393092587901175,4.996003610813204e-16
XRPUSDT,trend_ensemble,reused_2026,76895,-0.07221768302583025,-0.00235749581362305,0.08976733060509476,0.11484536423165602,0.20225519902312755,0.030348396339003818,1.6653345369377348e-16
XRPUSDT,trend_ensemble,year2024,105407,-0.0031090919865802676,-0.0023736742312403325,0.08986092132877108,0.35756482207255047,0.4450520691700814,0.034151660293395864,1.6653345369377348e-16
XRPUSDT,trend_ensemble,year2025,105120,-0.026832338524179312,-0.002563323050671001,0.09507120418376483,-0.11606368991802339,-0.023555808784929654,0.029779265585615892,9.020562075079397e-17
XRPUSDT,breakout,all,287422,-0.024941223379004198,-0.022238532995582896,0.6798792599450098,0.5608188720521361,1.2184595990015628,0.14807026170301513,2.220446049250313e-16
XRPUSDT,breakout,development_2024_25,210527,0.0015839396080743634,0.0013605935366656416,0.41876075603887636,0.40456355287667556,0.8246849024522175,0.10167321014284864,1.1102230246251565e-16
XRPUSDT,breakout,reused_2026,76895,-0.09756314922828815,-0.0031848808523433796,0.24070425822622832,0.15625531917546046,0.39377469654934544,0.0463970515601665,5.551115123125783e-17
XRPUSDT,breakout,year2024,105407,0.010372361551602963,0.007918906046658493,0.1672626081658516,0.30961346042829246,0.4847949746408024,0.05688095158739251,1.6653345369377348e-16
XRPUSDT,breakout,year2025,105120,-0.00722847660008316,-0.0006905443844759273,0.24563037974750765,0.0949500924483832,0.3398899278114149,0.044792258555456134,0.0
XRPUSDT,range_only,all,287422,0.00964279533751627,0.008597879062481268,-0.3233985352201821,-0.1944875044223997,-0.5092881605801006,0.07118350586929437,1.1102230246251565e-16
XRPUSDT,range_only,development_2024_25,210527,-0.0009650375378293705,-0.0008289607949173286,-0.18676933275160046,-0.10688021003798003,-0.29447850358449806,0.04768272591180078,2.7755575615628914e-16
XRPUSDT,range_only,reused_2026,76895,0.038685453920621705,0.0012628596189295232,-0.12846522223011247,-0.08760729438441969,-0.21480965699560264,0.023500779957493584,0.0
XRPUSDT,range_only,year2024,105407,-0.008689461238039233,-0.006634075258346475,-0.04952950742399308,-0.1988955313409356,-0.25505911402327525,0.025607099463269438,1.1102230246251565e-16
XRPUSDT,range_only,year2025,105120,0.006780475485077985,0.0006477463412198671,-0.13208245720539813,0.09201532130295555,-0.0394193895612228,0.022075626448531345,8.326672684688674e-17
XRPUSDT,down_rebound,all,287422,0.0294936916792886,0.026297684985394473,0.6367670051939562,0.2631466641463831,0.9262113543257339,0.14524942786723133,1.1102230246251565e-16
XRPUSDT,down_rebound,development_2024_25,210527,0.04395781571628355,0.03775946989685155,0.4004580253521453,0.24388811640947816,0.6821056116584753,0.09593935125280739,3.3306690738754696e-16
XRPUSDT,down_rebound,reused_2026,76895,-0.010106914876878037,-0.0003299331758173721,0.22517712810617121,0.019258547736904944,0.24410574266725873,0.049310076614423985,5.551115123125783e-17
XRPUSDT,down_rebound,year2024,105407,0.05045231360090294,0.038518434712715655,0.20340579612982704,0.4031264611534503,0.6450506919959929,0.04736749408140596,2.220446049250313e-16
XRPUSDT,down_rebound,year2025,105120,0.03744558646852788,0.0035772183946686928,0.19271604601178569,-0.15923834474397203,0.03705491966248231,0.04857185717140144,2.7755575615628914e-17
XRPUSDT,selected_trend,all,287422,-0.031185067461787296,-0.02780577925869667,0.49742173416054264,0.12041716963566404,0.5900331245375102,0.10347316637132731,2.220446049250313e-16
XRPUSDT,selected_trend,development_2024_25,210527,-0.011292303050250507,-0.009700012845135712,0.23631775836703406,0.04019629112715846,0.26681403664905673,0.07580979929951773,5.551115123125783e-17
XRPUSDT,selected_trend,reused_2026,76895,-0.08564847877939709,-0.002795934758712649,0.2457941441386604,0.08022087850850557,0.32321908788845344,0.02766336707180957,1.1102230246251565e-16
XRPUSDT,selected_trend,year2024,105407,-0.020448592548399733,-0.015611727606251194,0.2627298318782031,0.2967923086643327,0.5439104129362845,0.024224267765347647,1.1102230246251565e-16
XRPUSDT,selected_trend,year2025,105120,-0.0021110149306594107,-0.00020166759700030354,-0.020298691153053383,-0.25659601753717415,-0.2770963762872276,0.05158553153417007,2.220446049250313e-16
XRPUSDT,selected_breakout,all,287422,-0.03640088377096278,-0.03245639728684608,0.2583582570010182,0.5896893635487614,0.8155912232629334,0.1329803530240799,2.220446049250313e-16
XRPUSDT,selected_breakout,development_2024_25,210527,-0.0015716334256215365,-0.0013500226081902182,0.05416551300682578,0.4636326922751433,0.5164481826737788,0.10032562812126834,1.1102230246251565e-16
XRPUSDT,selected_breakout,reused_2026,76895,-0.13175815781288558,-0.004301153020146923,0.17738752233568328,0.12605667127361825,0.2991430405891546,0.032654724902811585,5.551115123125783e-17
XRPUSDT,selected_breakout,year2024,105407,-0.007209503654849118,-0.00550418357495147,-0.02506350364479673,0.4540382532430695,0.4234705660233211,0.051401719303226456,2.220446049250313e-16
XRPUSDT,selected_breakout,year2025,105120,0.004081629390704482,0.00038992258136803744,0.08299325503701589,0.00959443903207378,0.09297761665045774,0.04892390881804187,2.7755575615628914e-17
XRPUSDT,regime_gate,all,287422,-0.00660859074755137,-0.005892468110343059,0.4658093259061608,0.2851870878263235,0.7451039456221413,0.1054188946023297,0.0
XRPUSDT,regime_gate,development_2024_25,210527,0.007354720041124215,0.006317655358151172,0.29930410877604047,0.20703580371087488,0.5126575678450666,0.06962107280076611,0.0
XRPUSDT,regime_gate,reused_2026,76895,-0.04483804559386783,-0.0014637066761166368,0.1557588003377429,0.07815128411544857,0.2324463777770748,0.03579782180156358,2.7755575615628914e-17
XRPUSDT,regime_gate,year2024,105407,0.012912107818189238,0.00985790633770988,0.10410108092691966,0.34176909115500226,0.45572807841963175,0.034545564295956996,5.551115123125783e-17
XRPUSDT,regime_gate,year2025,105120,0.0017821594112051413,0.0001702516645947885,0.19149252520496735,-0.13473328744412721,0.05692948942543491,0.035075508504809116,0.0
XRPUSDT,gate_no_range,all,287422,-0.008441250982696233,-0.007526536916417356,0.4556944185881623,0.22770235344431083,0.6758702351160557,0.10106604883788976,0.0
XRPUSDT,gate_no_range,development_2024_25,210527,0.006655428172197572,0.005716968316641343,0.2862884600931136,0.17177443068798318,0.463779859097738,0.0671975415024138,1.1102230246251565e-16
XRPUSDT,gate_no_range,reused_2026,76895,-0.049773698767888105,-0.0016248276261073243,0.15778728088809751,0.05592792275632762,0.21209037601831784,0.03386850733547596,2.7755575615628914e-17
XRPUSDT,gate_no_range,year2024,105407,0.012202584093165254,0.009316211788364774,0.09975538246976215,0.3197147360038088,0.4287863302619358,0.033539312757796313,1.1102230246251565e-16
XRPUSDT,gate_no_range,year2025,105120,0.001093127333523299,0.00010442766622125802,0.18282940648540671,-0.14794030531582558,0.034993528835802354,0.033658228744617484,4.163336342344337e-17
XRPUSDT,adaptive14,all,287422,-0.002627209220860559,-0.002342518570824807,0.48729838966611816,0.2601156246253988,0.7450714957206922,0.09517563169734611,1.1102230246251565e-16
XRPUSDT,adaptive14,development_2024_25,210527,0.01207680173817342,0.010373891974661514,0.308419604988185,0.1731890688358444,0.49198256579869104,0.06357799059611235,1.1102230246251565e-16
XRPUSDT,adaptive14,reused_2026,76895,-0.04288459026218375,-0.0013999374914295888,0.1675623116238764,0.08692655578955437,0.25308892992200116,0.031597641101233746,5.551115123125783e-17
XRPUSDT,adaptive14,year2024,105407,0.02007381707640355,0.015325600697102794,0.1288614063066967,0.3432872329176164,0.4874742399214159,0.030913325281044943,0.0
XRPUSDT,adaptive14,year2025,105120,0.0040579528439875,0.0003876607346078216,0.17421882922443935,-0.17009816408177197,0.004508325877275184,0.03266466531506743,2.0816681711721685e-17
XRPUSDT,adaptive42,all,287422,-0.0018144499309404392,-0.001617831813816308,0.4616865904817994,0.20069695584186117,0.6607657145098446,0.09477676660594576,2.220446049250313e-16
XRPUSDT,adaptive42,development_2024_25,210527,0.012533045638143617,0.010765802435311748,0.2767164283786396,0.12689342758478642,0.41437565839873786,0.06304042559544798,5.551115123125783e-17
XRPUSDT,adaptive42,reused_2026,76895,-0.04109574519945673,-0.0013415418939816506,0.17392806974801356,0.07380352825707479,0.24639005611110673,0.0317363410104978,2.7755575615628914e-17
XRPUSDT,adaptive42,year2024,105407,0.016515113814229328,0.012608665248902994,0.10429556934442422,0.2950311636471852,0.4119353982405124,0.03073875448525796,0.0
XRPUSDT,adaptive42,year2025,105120,0.008540105567399064,0.0008158457540460434,0.16976215046657803,-0.16813773606239873,0.0024402601582253977,0.03230167111019003,4.85722573273506e-17
XRPUSDT,adaptive126,all,287422,0.0009389289607084207,0.0008371843816931582,0.45263125873960725,0.27586579812456413,0.7293342412458647,0.09336203370125974,1.1102230246251565e-16
XRPUSDT,adaptive126,development_2024_25,210527,0.01463979270183752,0.012575484082035663,0.292298659419474,0.1717834270900324,0.47665757059154223,0.06173042395932265,2.220446049250313e-16
XRPUSDT,adaptive126,reused_2026,76895,-0.03657198515371628,-0.0011938669074294808,0.14978816652722027,0.10408237103453176,0.25267667065432264,0.031631609741937086,1.1102230246251565e-16
XRPUSDT,adaptive126,year2024,105407,0.016826655302294356,0.012846515401093443,0.11783044292227006,0.33371645142588685,0.4643934097492505,0.029388552373637317,1.1102230246251565e-16
XRPUSDT,adaptive126,year2025,105120,0.012446959500483322,0.0011890718421581619,0.17300811333598803,-0.1619330243358546,0.012264160842291622,0.03234187158568532,2.7755575615628914e-17
XRPUSDT,filtered_moe,all,287422,0.003884942311633867,0.003463960707554325,0.3070783720451618,0.2820045094344636,0.5925468421871796,0.04934278594096914,2.220446049250313e-16
XRPUSDT,filtered_moe,development_2024_25,210527,0.014856195671064394,0.012761372786216302,0.23377342722763575,0.1930148248530502,0.4395496248669021,0.030568580054192388,1.6653345369377348e-16
XRPUSDT,filtered_moe,reused_2026,76895,-0.026152707158433507,-0.0008537368558177689,0.06486126959468183,0.08898968458141332,0.15299721732027724,0.018774205886776748,1.3877787807814457e-16
XRPUSDT,filtered_moe,year2024,105407,0.012229266093725913,0.009336582487412003,0.13271597914889374,0.35746667389308334,0.499519235529389,0.012866772350711375,1.1102230246251565e-16
XRPUSDT,filtered_moe,year2025,105120,0.017490297325920903,0.001670867496629934,0.10281137088091633,-0.1644518490400332,-0.05996961066248692,0.017701807703481016,2.7755575615628914e-17
XRPUSDT,kalman,all,287422,-0.0162426774281717,-0.014482582206736472,0.5781768848498224,0.6440916320861894,1.2077859347292759,0.2198750850049903,6.661338147750939e-16
XRPUSDT,kalman,development_2024_25,210527,-0.0019346606430136382,-0.0016618605615436879,0.2256677940005065,0.5321380145824677,0.7561439480214307,0.15148954356149788,2.220446049250313e-16
XRPUSDT,kalman,reused_2026,76895,-0.055415885695665947,-0.0018090128769295837,0.34149738208105296,0.11195361750372156,0.45164198670784494,0.06838554144349243,0.0
XRPUSDT,kalman,year2024,105407,0.011957583668902339,0.009129163223630771,0.025380446210352153,0.34151146570514446,0.3760210751391274,0.08177216428429109,5.551115123125783e-17
XRPUSDT,kalman,year2025,105120,-0.01586483374219674,-0.0015155851581773307,0.19101190916315725,0.1906265488773232,0.3801228728823031,0.06971737927720682,0.0
XRPUSDT,trend_ensemble_long,all,287422,0.11634655021510196,0.10373896085862694,0.2300150112782439,0.4952718430390455,0.8290258151759163,0.03874721252000782,1.1102230246251565e-16
XRPUSDT,trend_ensemble_long,development_2024_25,210527,0.11491914406179526,0.0987147766572459,0.20184734004733096,0.2849899762338596,0.5855520929384362,0.02751131911082373,1.1102230246251565e-16
XRPUSDT,trend_ensemble_long,reused_2026,76895,0.12025457460208676,0.003925626582232504,0.029266228850061485,0.21028186680518596,0.24347372223747993,0.011235893409184078,2.7755575615628914e-17
XRPUSDT,trend_ensemble_long,year2024,105407,0.10447270233988121,0.0797609599466945,0.06918094497832872,0.332921301354504,0.4818632062795272,0.014965900614082551,5.551115123125783e-17
XRPUSDT,trend_ensemble_long,year2025,105120,0.12539410679564036,0.011979038058047804,0.1396411737215058,-0.047931325120644394,0.10368888665890914,0.012545418496741186,5.551115123125783e-17
XRPUSDT,regime_gate_long,all,287422,0.10429027248483315,0.09298913010516856,0.22447667405293506,0.49592327384710216,0.8133890780052058,0.03923480765036511,0.0
XRPUSDT,regime_gate_long,development_2024_25,210527,0.10427684879985301,0.08957311615777172,0.173060844034399,0.3032189755851177,0.5658529357772886,0.027179953357731598,2.220446049250313e-16
XRPUSDT,regime_gate_long,reused_2026,76895,0.10432702452498936,0.00340568283639676,0.051426161129536234,0.1927042982619844,0.2475361422279173,0.012054854292633518,8.326672684688674e-17
XRPUSDT,regime_gate_long,year2024,105407,0.09447384308516635,0.07212720878810594,0.043693707716334296,0.367998074631689,0.4838189911361293,0.013701780770413216,5.551115123125783e-17
XRPUSDT,regime_gate_long,year2025,105120,0.11410661880906131,0.010900731815224524,0.1359123118725059,-0.06477909904657128,0.08203394464115919,0.013478172587318387,4.163336342344337e-17
XRPUSDT,expanding_tree,all,287422,0.15966815888372443,0.142366136805814,0.2754182758968459,0.04962154389519707,0.4674059565978568,0.07334185243700679,1.6653345369377348e-16
XRPUSDT,expanding_tree,development_2024_25,210527,0.16330896119575056,0.14028130614944917,0.2870039884112861,-0.05893161905896026,0.36835367550177495,0.05017985541953514,5.551115123125783e-17
XRPUSDT,expanding_tree,reused_2026,76895,0.14970018712556163,0.004886858033383182,-0.014387739891458792,0.10855316295415732,0.0990522810960819,0.023161997017471674,1.942890293094024e-16
XRPUSDT,expanding_tree,year2024,105407,0.17067206259380965,0.13030166965795045,0.1849519017015544,-0.04098963243909402,0.27426393892041084,0.02700460719699652,5.551115123125783e-17
XRPUSDT,expanding_tree,year2025,105120,0.1559257569618729,0.0148957604516477,0.09713596274958267,-0.017941986619866238,0.09408973658136405,0.02317524822253862,6.938893903907228e-17
XRPUSDT,rolling_tree,all,287422,0.13403465462258893,0.11951034013372484,0.1402443697477695,0.11775743109754475,0.37751214097903907,0.09966150858438007,0.0
XRPUSDT,rolling_tree,development_2024_25,210527,0.20769801783100642,0.17841120911338765,0.3749737830215083,0.05021091111187572,0.6035959032467715,0.05881560091659808,2.220446049250313e-16
XRPUSDT,rolling_tree,reused_2026,76895,-0.06764460756843149,-0.002208210959907322,-0.29142207129349434,0.06754651998566902,-0.22608376226773244,0.04084590766778198,1.942890293094024e-16
XRPUSDT,rolling_tree,year2024,105407,0.2738211851669752,0.2090521264742118,0.2301725672451159,-0.08540546786194839,0.3538192258573792,0.023552644541887425,1.6653345369377348e-16
XRPUSDT,rolling_tree,year2025,105120,0.14139432015803782,0.013507556181450617,0.1006527422341176,0.13561637897382414,0.24977667738939233,0.03526295637471065,2.7755575615628914e-17
XRPUSDT,action_tcn,all,287422,0.07775363067220893,0.06932806201823616,0.4252086801845039,-0.235686942255208,0.25884979994753193,0.14839190824236315,1.6653345369377348e-16
XRPUSDT,action_tcn,development_2024_25,210527,0.07347320935526955,0.06311299575896961,0.5904434223189255,-0.07625988997847655,0.5772965280994183,0.10975915095974444,2.220446049250313e-16
XRPUSDT,action_tcn,reused_2026,76895,0.08947278352468696,0.002920776515596693,-0.16194045239075167,-0.15942705227673154,-0.31844672815188657,0.03863275728261866,5.551115123125783e-17
XRPUSDT,action_tcn,year2024,105407,0.13841075522771612,0.10567138072100296,0.2666233944645244,0.004444205769535723,0.376738980955063,0.04046068060585653,1.1102230246251565e-16
XRPUSDT,action_tcn,year2025,105120,0.008358370145062381,0.0007984843676436148,0.28046315852472414,-0.08070409574801221,0.20055754714435542,0.06929847035388788,8.326672684688674e-17
XRPUSDT,vol_long,all,287422,0.6471304820899184,0.5770058813762448,-0.03259491612415445,0.2982130971875467,0.8426240624396373,0.0024830417737557306,2.220446049250313e-16
XRPUSDT,vol_long,development_2024_25,210527,0.6161700161778235,0.5292859255650049,0.03842274366048757,0.2922292806685933,0.8599379498940861,0.001788797733891843,3.3306690738754696e-16
XRPUSDT,vol_long,reused_2026,76895,0.7318956034511978,0.023892220697916505,-0.04718992467131866,0.005983816518953303,-0.017313887454448812,0.0006942440398638876,4.5102810375396984e-17
XRPUSDT,vol_long,year2024,105407,0.5756998372598928,0.4395250685831649,0.005390243220346577,0.28679563138549125,0.731710943189003,0.0012344484569689765,2.220446049250313e-16
XRPUSDT,vol_long,year2025,105120,0.6567506873079823,0.06274012135779969,0.060053236064181226,0.005433649283101957,0.12822700670508272,0.0005543492769228665,1.3877787807814457e-16
XRPUSDT,hold,all,287422,1.0210536484994785,0.9104098426675711,-0.18853312538024164,1.2607444533510481,1.9826211706383767,0.0003996472432886817,8.881784197001252e-16
XRPUSDT,hold,development_2024_25,210527,1.0282668171834537,0.8832743232732361,-0.17877970185134634,1.3041187719252243,2.008613393347114,0.00019996000799840034,0.0
XRPUSDT,hold,reused_2026,76895,1.0013050723432761,0.032686904609837565,-0.01530480874439787,-0.0433743185741763,-0.02599222270873669,0.00019968723529028139,8.673617379884035e-17
XRPUSDT,hold,year2024,105407,0.8807639043979435,0.6724299546941204,-0.051601584903626804,1.0474172774828174,1.6682456472733107,0.00019996000799840034,4.440892098500626e-16
XRPUSDT,hold,year2025,105120,1.1761724443522346,0.11236105773841983,-0.02869480610702381,0.2567014944424069,0.3403677460738025,0.0,4.440892098500626e-16
