symbol,phase,from_state,to_state,events,return24_mean_bp,positive_rate
ADAUSDT,all,up_persistent,rebound,2,81.4157443347907,0.5
ADAUSDT,all,up_persistent,range,9,-102.90830550962755,0.3333333333333333
ADAUSDT,all,up_persistent,transition,272,33.74498216656765,0.47794117647058826
ADAUSDT,all,down_persistent,panic_continuation,84,3.7962333491521285,0.5714285714285714
ADAUSDT,all,down_persistent,rebound,99,33.40767942352433,0.5252525252525253
ADAUSDT,all,down_persistent,range,39,32.885322514164486,0.48717948717948717
ADAUSDT,all,down_persistent,transition,347,-13.614825277056783,0.4783861671469741
ADAUSDT,all,panic_continuation,down_persistent,80,11.651190446509267,0.575
ADAUSDT,all,panic_continuation,rebound,25,44.800528376360795,0.56
ADAUSDT,all,panic_continuation,transition,27,159.8203037603489,0.7037037037037037
ADAUSDT,all,rebound,up_persistent,3,-561.2635904051599,0.0
ADAUSDT,all,rebound,down_persistent,64,-11.92119845498333,0.484375
ADAUSDT,all,rebound,panic_continuation,11,224.22317008951407,0.7272727272727273
ADAUSDT,all,rebound,range,53,33.572404718782735,0.4528301886792453
ADAUSDT,all,rebound,transition,313,-9.528512998347647,0.46645367412140576
ADAUSDT,all,range,up_persistent,16,0.31344558320323124,0.4375
ADAUSDT,all,range,down_persistent,47,7.147832693027812,0.46808510638297873
ADAUSDT,all,range,panic_continuation,2,408.0462004865271,1.0
ADAUSDT,all,range,rebound,47,-60.572254397830235,0.3617021276595745
ADAUSDT,all,range,transition,702,-12.68913004410815,0.4757834757834758
ADAUSDT,all,transition,up_persistent,264,38.40241742612022,0.4621212121212121
ADAUSDT,all,transition,down_persistent,378,10.972000399201521,0.5079365079365079
ADAUSDT,all,transition,panic_continuation,35,75.0862111328039,0.6857142857142857
ADAUSDT,all,transition,rebound,271,-4.538961204398677,0.4575645756457565
ADAUSDT,all,transition,range,713,-24.14501912169114,0.45722300140252453
ADAUSDT,development_2024_25,up_persistent,rebound,1,251.13170942013375,1.0
ADAUSDT,development_2024_25,up_persistent,range,6,-160.5798290320341,0.16666666666666666
ADAUSDT,development_2024_25,up_persistent,transition,192,39.99595801883838,0.484375
ADAUSDT,development_2024_25,down_persistent,panic_continuation,58,42.471637176548796,0.5862068965517241
ADAUSDT,development_2024_25,down_persistent,rebound,74,3.3313653014252114,0.47297297297297297
ADAUSDT,development_2024_25,down_persistent,range,23,85.02997700991239,0.5652173913043478
ADAUSDT,development_2024_25,down_persistent,transition,242,-22.47851577882751,0.4669421487603306
ADAUSDT,development_2024_25,panic_continuation,down_persistent,53,37.50634826562261,0.6037735849056604
ADAUSDT,development_2024_25,panic_continuation,rebound,17,209.23600581901118,0.7058823529411765
ADAUSDT,development_2024_25,panic_continuation,transition,21,179.42227258680794,0.6666666666666666
ADAUSDT,development_2024_25,rebound,up_persistent,1,-885.012232741198,0.0
ADAUSDT,development_2024_25,rebound,down_persistent,50,-0.513453269608477,0.48
ADAUSDT,development_2024_25,rebound,panic_continuation,6,408.1735325193458,1.0
ADAUSDT,development_2024_25,rebound,range,30,26.39631974764911,0.43333333333333335
ADAUSDT,development_2024_25,rebound,transition,215,2.7956825919659476,0.4930232558139535
ADAUSDT,development_2024_25,range,up_persistent,11,23.466293165199456,0.45454545454545453
ADAUSDT,development_2024_25,range,down_persistent,28,91.59950670136462,0.6071428571428571
ADAUSDT,development_2024_25,range,panic_continuation,1,111.6513596254265,1.0
ADAUSDT,development_2024_25,range,rebound,24,-47.62456370772467,0.4166666666666667
ADAUSDT,development_2024_25,range,transition,526,-29.35802552479633,0.48098859315589354
ADAUSDT,development_2024_25,transition,up_persistent,187,49.69380481533361,0.47058823529411764
ADAUSDT,development_2024_25,transition,down_persistent,267,5.636511093017209,0.50187265917603
ADAUSDT,development_2024_25,transition,panic_continuation,26,107.86203659735722,0.7307692307692307
ADAUSDT,development_2024_25,transition,rebound,186,9.125055711824002,0.46774193548387094
ADAUSDT,development_2024_25,transition,range,531,-33.590571827528045,0.4613935969868173
ADAUSDT,reused_2026,up_persistent,rebound,1,-88.30022075055233,0.0
ADAUSDT,reused_2026,up_persistent,range,3,12.434741535185534,0.6666666666666666
ADAUSDT,reused_2026,up_persistent,transition,80,18.742640121117912,0.4625
ADAUSDT,reused_2026,down_persistent,panic_continuation,26,-82.4796674965789,0.5384615384615384
ADAUSDT,reused_2026,down_persistent,rebound,25,122.43356922493773,0.68
ADAUSDT,reused_2026,down_persistent,range,16,-42.07261832347313,0.375
ADAUSDT,reused_2026,down_persistent,transition,105,6.81387092702433,0.5047619047619047
ADAUSDT,reused_2026,panic_continuation,down_persistent,27,-39.101526753972486,0.5185185185185185
ADAUSDT,reused_2026,panic_continuation,rebound,8,-304.6248611892713,0.25
ADAUSDT,reused_2026,panic_continuation,transition,6,91.21341286774239,0.8333333333333334
ADAUSDT,reused_2026,rebound,up_persistent,2,-399.3892692371409,0.0
ADAUSDT,reused_2026,rebound,down_persistent,14,-52.663145545607804,0.5
ADAUSDT,reused_2026,rebound,panic_continuation,5,3.4827351737158896,0.4
ADAUSDT,reused_2026,rebound,range,23,42.93251555069616,0.4782608695652174
ADAUSDT,reused_2026,rebound,transition,98,-36.566289038321344,0.40816326530612246
ADAUSDT,reused_2026,range,up_persistent,5,-50.62281909718846,0.4
ADAUSDT,reused_2026,range,down_persistent,19,-117.30726584557381,0.2631578947368421
ADAUSDT,reused_2026,range,panic_continuation,1,704.4410413476277,1.0
ADAUSDT,reused_2026,range,rebound,23,-74.08288816141867,0.30434782608695654
ADAUSDT,reused_2026,range,transition,176,37.12813713113037,0.4602272727272727
ADAUSDT,reused_2026,transition,up_persistent,77,10.980476623744845,0.44155844155844154
ADAUSDT,reused_2026,transition,down_persistent,111,23.806015216779997,0.5225225225225225
ADAUSDT,reused_2026,transition,panic_continuation,9,-19.599506875905714,0.5555555555555556
ADAUSDT,reused_2026,transition,rebound,85,-34.43904527989772,0.43529411764705883
ADAUSDT,reused_2026,transition,range,182,3.41315937720665,0.44505494505494503
ADAUSDT,year2024,up_persistent,range,4,-205.58733298708748,0.0
ADAUSDT,year2024,up_persistent,transition,91,31.38266281837975,0.42857142857142855
ADAUSDT,year2024,down_persistent,panic_continuation,29,127.7685929912356,0.6896551724137931
ADAUSDT,year2024,down_persistent,rebound,32,-6.705326562175679,0.5
ADAUSDT,year2024,down_persistent,range,8,61.77833710546338,0.5
ADAUSDT,year2024,down_persistent,transition,101,77.00428747854407,0.5643564356435643
ADAUSDT,year2024,panic_continuation,down_persistent,24,6.670978280369222,0.5833333333333334
ADAUSDT,year2024,panic_continuation,rebound,10,271.3340105863858,0.8
ADAUSDT,year2024,panic_continuation,transition,11,-3.4426064202257174,0.5454545454545454
ADAUSDT,year2024,rebound,down_persistent,25,-31.671380652466176,0.52
ADAUSDT,year2024,rebound,panic_continuation,3,370.5813101058272,1.0
ADAUSDT,year2024,rebound,range,13,-31.496241375263455,0.5384615384615384
ADAUSDT,year2024,rebound,transition,98,-7.16107535461131,0.5306122448979592
ADAUSDT,year2024,range,up_persistent,5,-32.39988500344371,0.4
ADAUSDT,year2024,range,down_persistent,15,85.2085903432988,0.5333333333333333
ADAUSDT,year2024,range,panic_continuation,1,111.6513596254265,1.0
ADAUSDT,year2024,range,rebound,9,60.444720484476264,0.7777777777777778
ADAUSDT,year2024,range,transition,274,-25.616158970499402,0.4927007299270073
ADAUSDT,year2024,transition,up_persistent,90,38.360893190329065,0.4222222222222222
ADAUSDT,year2024,transition,down_persistent,106,73.75240122889242,0.5471698113207547
ADAUSDT,year2024,transition,panic_continuation,12,-67.72623551052764,0.5833333333333334
ADAUSDT,year2024,transition,rebound,88,24.620441683775418,0.5
ADAUSDT,year2024,transition,range,279,-31.979403716723727,0.4551971326164875
ADAUSDT,year2025,up_persistent,rebound,1,251.13170942013375,1.0
ADAUSDT,year2025,up_persistent,range,2,-70.5648211219273,0.5
ADAUSDT,year2025,up_persistent,transition,101,47.756451714301136,0.5346534653465347
ADAUSDT,year2025,down_persistent,panic_continuation,29,-42.82531863813799,0.4827586206896552
ADAUSDT,year2025,down_persistent,rebound,42,10.978368626073507,0.4523809523809524
ADAUSDT,year2025,down_persistent,range,15,97.43085162561853,0.6
ADAUSDT,year2025,down_persistent,transition,141,-93.73924719013624,0.3971631205673759
ADAUSDT,year2025,panic_continuation,down_persistent,29,63.02527514997025,0.6206896551724138
ADAUSDT,year2025,panic_continuation,rebound,7,120.52457043704754,0.5714285714285714
ADAUSDT,year2025,panic_continuation,transition,10,380.5736394945449,0.8
ADAUSDT,year2025,rebound,up_persistent,1,-885.012232741198,0.0
ADAUSDT,year2025,rebound,down_persistent,25,30.64447411324922,0.44
ADAUSDT,year2025,rebound,panic_continuation,3,445.7657549328645,1.0
ADAUSDT,year2025,rebound,range,17,70.66710178281754,0.35294117647058826
ADAUSDT,year2025,rebound,transition,117,11.135531128415275,0.46153846153846156
ADAUSDT,year2025,range,up_persistent,6,70.02144163906875,0.5
ADAUSDT,year2025,range,down_persistent,13,98.97364096067136,0.6923076923076923
ADAUSDT,year2025,range,rebound,15,-112.46613422304522,0.2
ADAUSDT,year2025,range,transition,252,-33.4265629687541,0.46825396825396826
ADAUSDT,year2025,transition,up_persistent,97,60.2088774570904,0.5154639175257731
ADAUSDT,year2025,transition,down_persistent,161,-39.20997558029194,0.4720496894409938
ADAUSDT,year2025,transition,panic_continuation,14,258.3662698326871,0.8571428571428571
ADAUSDT,year2025,transition,rebound,98,-4.789168426254823,0.4387755102040816
ADAUSDT,year2025,transition,range,252,-35.3743650930614,0.46825396825396826
AVAXUSDT,all,up_persistent,rebound,3,-320.5153798824578,0.0
AVAXUSDT,all,up_persistent,range,15,207.62506231647842,0.6666666666666666
AVAXUSDT,all,up_persistent,transition,320,-1.9947327704341946,0.465625
AVAXUSDT,all,down_persistent,panic_continuation,89,66.96773352057744,0.5393258426966292
AVAXUSDT,all,down_persistent,rebound,107,-7.272961686258338,0.4485981308411215
AVAXUSDT,all,down_persistent,range,35,139.53874680553736,0.6
AVAXUSDT,all,down_persistent,transition,336,31.668568864746863,0.5327380952380952
AVAXUSDT,all,panic_continuation,down_persistent,90,32.166108353406486,0.5
AVAXUSDT,all,panic_continuation,rebound,13,208.82160775955086,0.5384615384615384
AVAXUSDT,all,panic_continuation,range,1,211.56418768270237,1.0
AVAXUSDT,all,panic_continuation,transition,21,24.68938198894869,0.5714285714285714
AVAXUSDT,all,rebound,up_persistent,4,-256.2669970159176,0.25
AVAXUSDT,all,rebound,down_persistent,62,13.08526451013461,0.5
AVAXUSDT,all,rebound,panic_continuation,5,482.0304365227255,0.8
AVAXUSDT,all,rebound,range,63,-97.95367247361592,0.42857142857142855
AVAXUSDT,all,rebound,transition,377,-39.01565918253813,0.44297082228116713
AVAXUSDT,all,range,up_persistent,16,233.66185200252104,0.8125
AVAXUSDT,all,range,down_persistent,50,-54.42347747685466,0.54
AVAXUSDT,all,range,panic_continuation,1,802.7820346575498,1.0
AVAXUSDT,all,range,rebound,40,-146.09166171139222,0.25
AVAXUSDT,all,range,transition,683,-3.932359162652175,0.4699853587115666
AVAXUSDT,all,transition,up_persistent,318,-19.866141501535946,0.44339622641509435
AVAXUSDT,all,transition,down_persistent,364,36.64362330493174,0.5357142857142857
AVAXUSDT,all,transition,panic_continuation,30,26.25964161330511,0.5
AVAXUSDT,all,transition,rebound,348,-25.89025287002651,0.45689655172413796
AVAXUSDT,all,transition,range,676,-20.37488531643047,0.4245562130177515
AVAXUSDT,development_2024_25,up_persistent,rebound,2,-462.2521014416253,0.0
AVAXUSDT,development_2024_25,up_persistent,range,13,239.3589332288912,0.6923076923076923
AVAXUSDT,development_2024_25,up_persistent,transition,247,5.438737350012741,0.4493927125506073
AVAXUSDT,development_2024_25,down_persistent,panic_continuation,66,133.45554939450702,0.6363636363636364
AVAXUSDT,development_2024_25,down_persistent,rebound,87,3.6331782687671175,0.47126436781609193
AVAXUSDT,development_2024_25,down_persistent,range,18,223.02636576250194,0.6111111111111112
AVAXUSDT,development_2024_25,down_persistent,transition,253,29.874351669129847,0.5217391304347826
AVAXUSDT,development_2024_25,panic_continuation,down_persistent,69,90.78630078477256,0.5507246376811594
AVAXUSDT,development_2024_25,panic_continuation,rebound,8,347.99982909320124,0.625
AVAXUSDT,development_2024_25,panic_continuation,range,1,211.56418768270237,1.0
AVAXUSDT,development_2024_25,panic_continuation,transition,12,171.42051579349655,0.5833333333333334
AVAXUSDT,development_2024_25,rebound,up_persistent,4,-256.2669970159176,0.25
AVAXUSDT,development_2024_25,rebound,down_persistent,48,50.17001291730512,0.5
AVAXUSDT,development_2024_25,rebound,panic_continuation,4,556.2687667872124,0.75
AVAXUSDT,development_2024_25,rebound,range,53,-98.97308627362771,0.4339622641509434
AVAXUSDT,development_2024_25,rebound,transition,295,-28.995000186874467,0.4610169491525424
AVAXUSDT,development_2024_25,range,up_persistent,10,297.43279491682085,0.9
AVAXUSDT,development_2024_25,range,down_persistent,31,-64.402733875382,0.5161290322580645
AVAXUSDT,development_2024_25,range,rebound,34,-151.6793341073973,0.2647058823529412
AVAXUSDT,development_2024_25,range,transition,447,-22.93947509928721,0.42953020134228187
AVAXUSDT,development_2024_25,transition,up_persistent,248,-6.89915824097235,0.45161290322580644
AVAXUSDT,development_2024_25,transition,down_persistent,275,35.77422513174676,0.5345454545454545
AVAXUSDT,development_2024_25,transition,panic_continuation,20,128.1937881231841,0.55
AVAXUSDT,development_2024_25,transition,rebound,273,-24.882972249231592,0.4542124542124542
AVAXUSDT,development_2024_25,transition,range,437,-51.41543669625521,0.37528604118993136
AVAXUSDT,reused_2026,up_persistent,rebound,1,-37.041936764122816,0.0
AVAXUSDT,reused_2026,up_persistent,range,2,1.354901385795526,0.5
AVAXUSDT,reused_2026,up_persistent,transition,73,-27.14633715057657,0.5205479452054794
AVAXUSDT,reused_2026,down_persistent,panic_continuation,23,-123.82339029156834,0.2608695652173913
AVAXUSDT,reused_2026,down_persistent,rebound,20,-54.71467049061906,0.35
AVAXUSDT,reused_2026,down_persistent,range,17,51.14009143933954,0.5882352941176471
AVAXUSDT,reused_2026,down_persistent,transition,83,37.13768875018187,0.5662650602409639
AVAXUSDT,reused_2026,panic_continuation,down_persistent,21,-160.44309534965353,0.3333333333333333
AVAXUSDT,reused_2026,panic_continuation,rebound,5,-13.86354637428977,0.4
AVAXUSDT,reused_2026,panic_continuation,transition,9,-170.95212975044842,0.5555555555555556
AVAXUSDT,reused_2026,rebound,down_persistent,14,-114.06244431445,0.5
AVAXUSDT,reused_2026,rebound,panic_continuation,1,185.0771154647779,1.0
AVAXUSDT,reused_2026,rebound,range,10,-92.55077933355338,0.4
AVAXUSDT,reused_2026,rebound,transition,82,-75.06559093523059,0.3780487804878049
AVAXUSDT,reused_2026,range,up_persistent,6,127.37694714535472,0.6666666666666666
AVAXUSDT,reused_2026,range,down_persistent,19,-38.14153282662582,0.5789473684210527
AVAXUSDT,reused_2026,range,panic_continuation,1,802.7820346575498,1.0
AVAXUSDT,reused_2026,range,rebound,6,-114.42818480069673,0.16666666666666666
AVAXUSDT,reused_2026,range,transition,236,32.06840703936419,0.5466101694915254
AVAXUSDT,reused_2026,transition,up_persistent,70,-65.8063107675327,0.4142857142857143
AVAXUSDT,reused_2026,transition,down_persistent,89,39.329965974885305,0.5393258426966292
AVAXUSDT,reused_2026,transition,panic_continuation,10,-177.60865140645288,0.4
AVAXUSDT,reused_2026,transition,rebound,75,-29.55675432972004,0.4666666666666667
AVAXUSDT,reused_2026,transition,range,239,36.38126929856289,0.5146443514644351
AVAXUSDT,year2024,up_persistent,rebound,2,-462.2521014416253,0.0
AVAXUSDT,year2024,up_persistent,range,2,127.82792602407112,0.5
AVAXUSDT,year2024,up_persistent,transition,126,46.92763009621571,0.4603174603174603
AVAXUSDT,year2024,down_persistent,panic_continuation,41,103.23250732129891,0.5365853658536586
AVAXUSDT,year2024,down_persistent,rebound,41,79.23606349993082,0.5365853658536586
AVAXUSDT,year2024,down_persistent,range,9,314.5793009383938,0.5555555555555556
AVAXUSDT,year2024,down_persistent,transition,121,-26.31642778000536,0.4297520661157025
AVAXUSDT,year2024,panic_continuation,down_persistent,42,26.70371175146082,0.4523809523809524
AVAXUSDT,year2024,panic_continuation,rebound,4,572.3627042120086,0.75
AVAXUSDT,year2024,panic_continuation,transition,10,164.71039412420694,0.6
AVAXUSDT,year2024,rebound,up_persistent,3,-569.6761762672346,0.0
AVAXUSDT,year2024,rebound,down_persistent,23,71.89657331011016,0.4782608695652174
AVAXUSDT,year2024,rebound,panic_continuation,2,619.5879409027227,0.5
AVAXUSDT,year2024,rebound,range,24,-122.72538628976362,0.375
AVAXUSDT,year2024,rebound,transition,127,-31.18333409242169,0.4409448818897638
AVAXUSDT,year2024,range,up_persistent,3,361.01844022779017,1.0
AVAXUSDT,year2024,range,down_persistent,15,-64.50516567349798,0.4666666666666667
AVAXUSDT,year2024,range,rebound,15,-215.45610292340106,0.26666666666666666
AVAXUSDT,year2024,range,transition,232,-37.27949444852126,0.41379310344827586
AVAXUSDT,year2024,transition,up_persistent,124,28.255591767317043,0.4596774193548387
AVAXUSDT,year2024,transition,down_persistent,131,0.543800914246509,0.5114503816793893
AVAXUSDT,year2024,transition,panic_continuation,13,31.05170715468282,0.46153846153846156
AVAXUSDT,year2024,transition,rebound,117,-19.85212943460053,0.4700854700854701
AVAXUSDT,year2024,transition,range,230,-76.96313954365723,0.3565217391304348
AVAXUSDT,year2025,up_persistent,range,11,259.6372981752221,0.7272727272727273
AVAXUSDT,year2025,up_persistent,transition,121,-37.76457245181845,0.4380165289256198
AVAXUSDT,year2025,down_persistent,panic_continuation,25,183.02133839456832,0.8
AVAXUSDT,year2025,down_persistent,rebound,46,-63.75200204596575,0.41304347826086957
AVAXUSDT,year2025,down_persistent,range,9,131.47343058661005,0.6666666666666666
AVAXUSDT,year2025,down_persistent,transition,132,81.38256616417044,0.6060606060606061
AVAXUSDT,year2025,panic_continuation,down_persistent,27,190.4703281699242,0.7037037037037037
AVAXUSDT,year2025,panic_continuation,rebound,4,123.63695397439395,0.5
AVAXUSDT,year2025,panic_continuation,range,1,211.56418768270237,1.0
AVAXUSDT,year2025,panic_continuation,transition,2,204.97112413994435,0.5
AVAXUSDT,year2025,rebound,up_persistent,1,683.9605407380334,1.0
AVAXUSDT,year2025,rebound,down_persistent,25,30.181577355924503,0.52
AVAXUSDT,year2025,rebound,panic_continuation,2,492.949592671702,1.0
AVAXUSDT,year2025,rebound,range,29,-79.31601039820491,0.4827586206896552
AVAXUSDT,year2025,rebound,transition,168,-27.340723960657222,0.47619047619047616
AVAXUSDT,year2025,range,up_persistent,7,270.18180406926257,0.8571428571428571
AVAXUSDT,year2025,range,down_persistent,16,-64.30670406464826,0.5625
AVAXUSDT,year2025,range,rebound,19,-101.32925346318378,0.2631578947368421
AVAXUSDT,year2025,range,transition,215,-7.465593754997441,0.44651162790697674
AVAXUSDT,year2025,transition,up_persistent,124,-42.05390824926175,0.4435483870967742
AVAXUSDT,year2025,transition,down_persistent,144,67.82412494072267,0.5555555555555556
AVAXUSDT,year2025,transition,panic_continuation,7,308.60050992182937,0.7142857142857143
AVAXUSDT,year2025,transition,rebound,156,-28.656104360204882,0.4423076923076923
AVAXUSDT,year2025,transition,range,207,-23.029100199141844,0.3961352657004831
BCHUSDT,all,up_persistent,rebound,1,-232.7188102250821,0.0
BCHUSDT,all,up_persistent,range,9,-157.24450723112164,0.2222222222222222
BCHUSDT,all,up_persistent,transition,316,17.23557472716428,0.43354430379746833
BCHUSDT,all,down_persistent,panic_continuation,78,60.31133588386169,0.5897435897435898
BCHUSDT,all,down_persistent,rebound,84,5.4617815348911725,0.5238095238095238
BCHUSDT,all,down_persistent,range,31,-48.15891910938789,0.3870967741935484
BCHUSDT,all,down_persistent,transition,264,54.162359615616516,0.5492424242424242
BCHUSDT,all,panic_continuation,down_persistent,70,53.42750204783902,0.5857142857142857
BCHUSDT,all,panic_continuation,rebound,18,166.2621723205799,0.7222222222222222
BCHUSDT,all,panic_continuation,range,1,-276.4352139860571,0.0
BCHUSDT,all,panic_continuation,transition,34,80.2088459477169,0.6176470588235294
BCHUSDT,all,rebound,up_persistent,1,-302.03078515069205,0.0
BCHUSDT,all,rebound,down_persistent,39,-128.53223913141989,0.3076923076923077
BCHUSDT,all,rebound,panic_continuation,13,127.47928050711865,0.6153846153846154
BCHUSDT,all,rebound,range,45,-53.160110506344836,0.4444444444444444
BCHUSDT,all,rebound,transition,282,-1.906663090722092,0.4716312056737589
BCHUSDT,all,range,up_persistent,19,-158.28485894679545,0.2631578947368421
BCHUSDT,all,range,down_persistent,38,61.208447455928734,0.5789473684210527
BCHUSDT,all,range,panic_continuation,4,143.30820898361685,0.75
BCHUSDT,all,range,rebound,31,-27.138064072628197,0.3548387096774194
BCHUSDT,all,range,transition,731,11.57558812873188,0.49247606019151846
BCHUSDT,all,transition,up_persistent,306,32.99504633364998,0.46078431372549017
BCHUSDT,all,transition,down_persistent,310,70.88724773690143,0.6161290322580645
BCHUSDT,all,transition,panic_continuation,28,-18.29977783086162,0.7142857142857143
BCHUSDT,all,transition,rebound,246,-9.415596346037175,0.45528455284552843
BCHUSDT,all,transition,range,737,7.418463610074361,0.48846675712347354
BCHUSDT,development_2024_25,up_persistent,range,6,-213.03433296888736,0.3333333333333333
BCHUSDT,development_2024_25,up_persistent,transition,254,39.23097380901973,0.46062992125984253
BCHUSDT,development_2024_25,down_persistent,panic_continuation,45,110.73863793844347,0.6
BCHUSDT,development_2024_25,down_persistent,rebound,47,49.056053515815385,0.5957446808510638
BCHUSDT,development_2024_25,down_persistent,range,26,-51.81872688984777,0.38461538461538464
BCHUSDT,development_2024_25,down_persistent,transition,172,126.71973675876305,0.6453488372093024
BCHUSDT,development_2024_25,panic_continuation,down_persistent,38,167.85309067606784,0.6842105263157895
BCHUSDT,development_2024_25,panic_continuation,rebound,13,195.93426829175496,0.7692307692307693
BCHUSDT,development_2024_25,panic_continuation,transition,19,125.72814069674091,0.631578947368421
BCHUSDT,development_2024_25,rebound,down_persistent,26,-137.925598083393,0.38461538461538464
BCHUSDT,development_2024_25,rebound,panic_continuation,8,334.7939071340535,0.875
BCHUSDT,development_2024_25,rebound,range,38,-73.57347131925037,0.47368421052631576
BCHUSDT,development_2024_25,rebound,transition,184,31.03658306248292,0.4945652173913043
BCHUSDT,development_2024_25,range,up_persistent,13,-183.10973729517212,0.23076923076923078
BCHUSDT,development_2024_25,range,down_persistent,31,87.34175184309251,0.6129032258064516
BCHUSDT,development_2024_25,range,panic_continuation,3,234.83174924667043,1.0
BCHUSDT,development_2024_25,range,rebound,25,-53.063659492981685,0.32
BCHUSDT,development_2024_25,range,transition,531,29.218114532406318,0.5160075329566854
BCHUSDT,development_2024_25,transition,up_persistent,247,42.59767155987225,0.4817813765182186
BCHUSDT,development_2024_25,transition,down_persistent,195,136.68015088710214,0.6974358974358974
BCHUSDT,development_2024_25,transition,panic_continuation,14,12.227236047424991,0.8571428571428571
BCHUSDT,development_2024_25,transition,rebound,171,16.863224225335124,0.4619883040935672
BCHUSDT,development_2024_25,transition,range,533,19.94860246517997,0.4878048780487805
BCHUSDT,reused_2026,up_persistent,rebound,1,-232.7188102250821,0.0
BCHUSDT,reused_2026,up_persistent,range,3,-45.66485575559017,0.0
BCHUSDT,reused_2026,up_persistent,transition,62,-72.87460860817902,0.3225806451612903
BCHUSDT,reused_2026,down_persistent,panic_continuation,33,-8.453166917840745,0.5757575757575758
BCHUSDT,reused_2026,down_persistent,rebound,37,-49.9147261165531,0.43243243243243246
BCHUSDT,reused_2026,down_persistent,range,5,-29.12791865099651,0.4
BCHUSDT,reused_2026,down_persistent,transition,92,-81.48838895635306,0.3695652173913043
BCHUSDT,reused_2026,panic_continuation,down_persistent,32,-82.45288444818269,0.46875
BCHUSDT,reused_2026,panic_continuation,rebound,5,89.11472279552468,0.6
BCHUSDT,reused_2026,panic_continuation,range,1,-276.4352139860571,0.0
BCHUSDT,reused_2026,panic_continuation,transition,15,22.551072598953134,0.6
BCHUSDT,reused_2026,rebound,up_persistent,1,-302.03078515069205,0.0
BCHUSDT,reused_2026,rebound,down_persistent,13,-109.74552122747365,0.15384615384615385
BCHUSDT,reused_2026,rebound,panic_continuation,5,-204.2241220959771,0.2
BCHUSDT,reused_2026,rebound,range,7,57.6552767637138,0.2857142857142857
BCHUSDT,reused_2026,rebound,transition,98,-63.759288521229465,0.42857142857142855
BCHUSDT,reused_2026,range,up_persistent,6,-104.49762252531266,0.3333333333333333
BCHUSDT,reused_2026,range,down_persistent,7,-54.524757687225105,0.42857142857142855
BCHUSDT,reused_2026,range,panic_continuation,1,-131.26241180554388,0.0
BCHUSDT,reused_2026,range,rebound,6,80.88525017884466,0.5
BCHUSDT,reused_2026,range,transition,200,-35.265319473023766,0.43
BCHUSDT,reused_2026,transition,up_persistent,59,-7.205774528670462,0.3728813559322034
BCHUSDT,reused_2026,transition,down_persistent,115,-40.67463151778671,0.4782608695652174
BCHUSDT,reused_2026,transition,panic_continuation,14,-48.82679170914823,0.5714285714285714
BCHUSDT,reused_2026,transition,rebound,75,-69.33130724876601,0.44
BCHUSDT,reused_2026,transition,range,204,-25.319595261353538,0.49019607843137253
BCHUSDT,year2024,up_persistent,range,3,-344.2569991033617,0.3333333333333333
BCHUSDT,year2024,up_persistent,transition,125,124.22881208570871,0.504
BCHUSDT,year2024,down_persistent,panic_continuation,26,162.21407341563804,0.6538461538461539
BCHUSDT,year2024,down_persistent,rebound,23,34.99749614192734,0.6521739130434783
BCHUSDT,year2024,down_persistent,range,11,6.463146661088613,0.36363636363636365
BCHUSDT,year2024,down_persistent,transition,94,119.07384848363105,0.648936170212766
BCHUSDT,year2024,panic_continuation,down_persistent,21,143.70826318044686,0.6666666666666666
BCHUSDT,year2024,panic_continuation,rebound,7,189.5574516869138,0.7142857142857143
BCHUSDT,year2024,panic_continuation,transition,12,153.23608384268402,0.75
BCHUSDT,year2024,rebound,down_persistent,10,-216.19024732218827,0.5
BCHUSDT,year2024,rebound,panic_continuation,6,303.8724281117165,0.8333333333333334
BCHUSDT,year2024,rebound,range,13,106.71318177006805,0.6923076923076923
BCHUSDT,year2024,rebound,transition,101,38.26287737225293,0.46534653465346537
BCHUSDT,year2024,range,up_persistent,4,-356.61841950721055,0.25
BCHUSDT,year2024,range,down_persistent,15,65.53308747457173,0.6
BCHUSDT,year2024,range,panic_continuation,1,274.43390748983944,1.0
BCHUSDT,year2024,range,rebound,8,80.87724488601609,0.625
BCHUSDT,year2024,range,transition,250,26.04040919531642,0.504
BCHUSDT,year2024,transition,up_persistent,124,102.88185369015203,0.5080645161290323
BCHUSDT,year2024,transition,down_persistent,108,132.02907230958968,0.7037037037037037
BCHUSDT,year2024,transition,panic_continuation,7,-64.28626323545889,0.8571428571428571
BCHUSDT,year2024,transition,rebound,92,44.0810779737394,0.5108695652173914
BCHUSDT,year2024,transition,range,251,21.242080691931466,0.4820717131474104
BCHUSDT,year2025,up_persistent,range,3,-81.81166683441302,0.3333333333333333
BCHUSDT,year2025,up_persistent,transition,129,-43.13127258312075,0.4186046511627907
BCHUSDT,year2025,down_persistent,panic_continuation,19,40.298568338071945,0.5263157894736842
BCHUSDT,year2025,down_persistent,rebound,24,62.528837665791436,0.5416666666666666
BCHUSDT,year2025,down_persistent,range,15,-94.55876749386779,0.4
BCHUSDT,year2025,down_persistent,transition,78,135.93401237238365,0.6410256410256411
BCHUSDT,year2025,panic_continuation,down_persistent,17,197.67905405301136,0.7058823529411765
BCHUSDT,year2025,panic_continuation,rebound,6,203.37388766406968,0.8333333333333334
BCHUSDT,year2025,panic_continuation,transition,7,78.57166673226699,0.42857142857142855
BCHUSDT,year2025,rebound,down_persistent,16,-89.01019230914596,0.3125
BCHUSDT,year2025,rebound,panic_continuation,2,427.5583442010644,1.0
BCHUSDT,year2025,rebound,range,25,-167.32253092569596,0.36
BCHUSDT,year2025,rebound,transition,83,22.243140589148325,0.5301204819277109
BCHUSDT,year2025,range,up_persistent,9,-105.99476742315503,0.2222222222222222
BCHUSDT,year2025,range,down_persistent,16,107.78737468858074,0.625
BCHUSDT,year2025,range,panic_continuation,2,215.03067012508592,1.0
BCHUSDT,year2025,range,rebound,17,-116.0946733183924,0.17647058823529413
BCHUSDT,year2025,range,transition,281,32.04525451202367,0.5266903914590747
BCHUSDT,year2025,transition,up_persistent,123,-18.176625872279722,0.45528455284552843
BCHUSDT,year2025,transition,down_persistent,87,142.45390360401413,0.6896551724137931
BCHUSDT,year2025,transition,panic_continuation,7,88.74073533030888,0.8571428571428571
BCHUSDT,year2025,transition,rebound,79,-14.833516848755934,0.4050632911392405
BCHUSDT,year2025,transition,range,282,18.797315107326696,0.4929078014184397
BNBUSDT,all,up_persistent,rebound,1,-249.7837534333891,0.0
BNBUSDT,all,up_persistent,range,31,-29.138260177803158,0.45161290322580644
BNBUSDT,all,up_persistent,transition,386,21.45468670069283,0.49222797927461137
BNBUSDT,all,down_persistent,panic_continuation,55,-72.75622751079477,0.45454545454545453
BNBUSDT,all,down_persistent,rebound,72,38.65197563806438,0.6388888888888888
BNBUSDT,all,down_persistent,range,38,58.01439138654616,0.631578947368421
BNBUSDT,all,down_persistent,transition,211,43.15162159713145,0.6255924170616114
BNBUSDT,all,panic_continuation,down_persistent,53,-44.40604936955685,0.5283018867924528
BNBUSDT,all,panic_continuation,rebound,20,9.690440716640047,0.55
BNBUSDT,all,panic_continuation,transition,41,29.550254083286042,0.5853658536585366
BNBUSDT,all,rebound,down_persistent,49,9.446066410188127,0.6122448979591837
BNBUSDT,all,rebound,panic_continuation,16,62.70506553323167,0.75
BNBUSDT,all,rebound,range,45,35.42331672737821,0.4222222222222222
BNBUSDT,all,rebound,transition,276,38.11869145282512,0.5869565217391305
BNBUSDT,all,range,up_persistent,27,-107.05116115871212,0.2222222222222222
BNBUSDT,all,range,down_persistent,42,47.2297462172766,0.6904761904761905
BNBUSDT,all,range,panic_continuation,3,181.572221290696,0.6666666666666666
BNBUSDT,all,range,rebound,31,18.570189387993615,0.5161290322580645
BNBUSDT,all,range,transition,801,-7.402291841785104,0.5106117353308365
BNBUSDT,all,transition,up_persistent,391,29.155037853681343,0.5089514066496164
BNBUSDT,all,transition,down_persistent,232,48.208647286369896,0.6422413793103449
BNBUSDT,all,transition,panic_continuation,40,19.364952267965503,0.6
BNBUSDT,all,transition,rebound,262,48.77874866317715,0.5916030534351145
BNBUSDT,all,transition,range,790,-9.104154705941001,0.5
BNBUSDT,development_2024_25,up_persistent,rebound,1,-249.7837534333891,0.0
BNBUSDT,development_2024_25,up_persistent,range,21,-41.44330783647383,0.38095238095238093
BNBUSDT,development_2024_25,up_persistent,transition,277,30.753913748847644,0.4981949458483754
BNBUSDT,development_2024_25,down_persistent,panic_continuation,42,-5.776663699967744,0.5476190476190477
BNBUSDT,development_2024_25,down_persistent,rebound,54,82.87220014460645,0.6666666666666666
BNBUSDT,development_2024_25,down_persistent,range,30,36.953691445350955,0.5666666666666667
BNBUSDT,development_2024_25,down_persistent,transition,142,41.202592483221004,0.6408450704225352
BNBUSDT,development_2024_25,panic_continuation,down_persistent,41,6.80464895152865,0.5609756097560976
BNBUSDT,development_2024_25,panic_continuation,rebound,11,120.70511082396389,0.6363636363636364
BNBUSDT,development_2024_25,panic_continuation,transition,24,117.26534831930627,0.7083333333333334
BNBUSDT,development_2024_25,rebound,down_persistent,33,75.75933208208458,0.696969696969697
BNBUSDT,development_2024_25,rebound,panic_continuation,9,231.21636664615716,0.7777777777777778
BNBUSDT,development_2024_25,rebound,range,35,23.371909721561348,0.45714285714285713
BNBUSDT,development_2024_25,rebound,transition,210,39.22078164581611,0.5904761904761905
BNBUSDT,development_2024_25,range,up_persistent,19,-150.49660353583602,0.21052631578947367
BNBUSDT,development_2024_25,range,down_persistent,35,42.80331582245332,0.6571428571428571
BNBUSDT,development_2024_25,range,panic_continuation,1,-303.265666372462,0.0
BNBUSDT,development_2024_25,range,rebound,25,12.854394183435058,0.56
BNBUSDT,development_2024_25,range,transition,597,-13.084409199642153,0.49748743718592964
BNBUSDT,development_2024_25,transition,up_persistent,280,32.378260246709964,0.4928571428571429
BNBUSDT,development_2024_25,transition,down_persistent,159,54.6967100710886,0.6477987421383647
BNBUSDT,development_2024_25,transition,panic_continuation,24,93.9820666484858,0.7083333333333334
BNBUSDT,development_2024_25,transition,rebound,196,43.916095740599665,0.5918367346938775
BNBUSDT,development_2024_25,transition,range,592,-15.614266465758776,0.4847972972972973
BNBUSDT,reused_2026,up_persistent,range,10,-3.2976600945947565,0.6
BNBUSDT,reused_2026,up_persistent,transition,109,-2.177293962966656,0.47706422018348627
BNBUSDT,reused_2026,down_persistent,panic_continuation,13,-289.151741361159,0.15384615384615385
BNBUSDT,reused_2026,down_persistent,rebound,18,-94.00869788156186,0.5555555555555556
BNBUSDT,reused_2026,down_persistent,range,8,136.99201616602818,0.875
BNBUSDT,reused_2026,down_persistent,transition,69,47.16266701996166,0.5942028985507246
BNBUSDT,reused_2026,panic_continuation,down_persistent,12,-219.3759352999323,0.4166666666666667
BNBUSDT,reused_2026,panic_continuation,rebound,9,-125.9941560812002,0.4444444444444444
BNBUSDT,reused_2026,panic_continuation,transition,17,-94.28282013227194,0.4117647058823529
BNBUSDT,reused_2026,rebound,down_persistent,16,-127.32504403809831,0.4375
BNBUSDT,reused_2026,rebound,panic_continuation,7,-153.95232161195824,0.7142857142857143
BNBUSDT,reused_2026,rebound,range,10,77.6032412477372,0.3
BNBUSDT,reused_2026,rebound,transition,66,34.61204083876289,0.5757575757575758
BNBUSDT,reused_2026,range,up_persistent,8,-3.8682355130428836,0.25
BNBUSDT,reused_2026,range,down_persistent,7,69.36189819139301,0.8571428571428571
BNBUSDT,reused_2026,range,panic_continuation,2,423.991165122275,1.0
BNBUSDT,reused_2026,range,rebound,6,42.38600274032093,0.3333333333333333
BNBUSDT,reused_2026,range,transition,204,9.226257484884792,0.5490196078431373
BNBUSDT,reused_2026,transition,up_persistent,111,21.024386772167706,0.5495495495495496
BNBUSDT,reused_2026,transition,down_persistent,73,34.077113275818206,0.6301369863013698
BNBUSDT,reused_2026,transition,panic_continuation,16,-92.56071930281496,0.4375
BNBUSDT,reused_2026,transition,rebound,66,63.21935431204359,0.5909090909090909
BNBUSDT,reused_2026,transition,range,198,10.360421868867695,0.5454545454545454
BNBUSDT,year2024,up_persistent,range,10,16.846975985110756,0.5
BNBUSDT,year2024,up_persistent,transition,156,36.3800999586096,0.48717948717948717
BNBUSDT,year2024,down_persistent,panic_continuation,24,-55.347881007808866,0.375
BNBUSDT,year2024,down_persistent,rebound,22,104.15866682818938,0.6363636363636364
BNBUSDT,year2024,down_persistent,range,17,92.65231183032829,0.6470588235294118
BNBUSDT,year2024,down_persistent,transition,69,66.52752943819023,0.6376811594202898
BNBUSDT,year2024,panic_continuation,down_persistent,23,-52.33185948443951,0.43478260869565216
BNBUSDT,year2024,panic_continuation,rebound,6,123.3841609781274,0.6666666666666666
BNBUSDT,year2024,panic_continuation,transition,10,6.890363700774338,0.4
BNBUSDT,year2024,rebound,down_persistent,18,40.11769554449885,0.5
BNBUSDT,year2024,rebound,panic_continuation,3,231.7215514873546,0.6666666666666666
BNBUSDT,year2024,rebound,range,15,31.714548771746802,0.5333333333333333
BNBUSDT,year2024,rebound,transition,93,57.55584090570756,0.6236559139784946
BNBUSDT,year2024,range,up_persistent,8,-109.43386689658774,0.125
BNBUSDT,year2024,range,down_persistent,15,169.7982057909598,0.7333333333333333
BNBUSDT,year2024,range,panic_continuation,1,-303.265666372462,0.0
BNBUSDT,year2024,range,rebound,10,54.44503020554714,0.7
BNBUSDT,year2024,range,transition,294,19.37654338681397,0.5272108843537415
BNBUSDT,year2024,transition,up_persistent,158,29.64985171488146,0.47468354430379744
BNBUSDT,year2024,transition,down_persistent,76,84.84753394492203,0.6710526315789473
BNBUSDT,year2024,transition,panic_continuation,11,13.535744186135618,0.6363636363636364
BNBUSDT,year2024,transition,rebound,91,60.882657505441024,0.6263736263736264
BNBUSDT,year2024,transition,range,286,16.375516184556517,0.527972027972028
BNBUSDT,year2025,up_persistent,rebound,1,-249.7837534333891,0.0
BNBUSDT,year2025,up_persistent,range,11,-94.43447494700526,0.2727272727272727
BNBUSDT,year2025,up_persistent,transition,121,23.500318304857025,0.512396694214876
BNBUSDT,year2025,down_persistent,panic_continuation,18,60.31829271048709,0.7777777777777778
BNBUSDT,year2025,down_persistent,rebound,32,68.23775429964319,0.6875
BNBUSDT,year2025,down_persistent,range,13,-35.88296598115787,0.46153846153846156
BNBUSDT,year2025,down_persistent,transition,73,17.265323306606245,0.6438356164383562
BNBUSDT,year2025,panic_continuation,down_persistent,18,82.36796528637687,0.7222222222222222
BNBUSDT,year2025,panic_continuation,rebound,5,117.49025063896768,0.6
BNBUSDT,year2025,panic_continuation,transition,14,196.1046230468291,0.9285714285714286
BNBUSDT,year2025,rebound,down_persistent,15,118.52929592718745,0.9333333333333333
BNBUSDT,year2025,rebound,panic_continuation,6,230.9637742255584,0.8333333333333334
BNBUSDT,year2025,rebound,range,20,17.11493043392226,0.4
BNBUSDT,year2025,rebound,transition,117,24.64676018282548,0.5641025641025641
BNBUSDT,year2025,range,up_persistent,11,-180.36041200074382,0.2727272727272727
BNBUSDT,year2025,range,down_persistent,20,-52.44285165392654,0.6
BNBUSDT,year2025,range,rebound,15,-14.872696497972996,0.4666666666666667
BNBUSDT,year2025,range,transition,303,-44.58117507560948,0.46864686468646866
BNBUSDT,year2025,transition,up_persistent,122,35.91177293547147,0.5163934426229508
BNBUSDT,year2025,transition,down_persistent,83,27.08872676492786,0.6265060240963856
BNBUSDT,year2025,transition,panic_continuation,13,162.05203180893596,0.7692307692307693
BNBUSDT,year2025,transition,rebound,105,29.211742211070487,0.5619047619047619
BNBUSDT,year2025,transition,range,306,-45.5132136487332,0.4444444444444444
BTCUSDT,all,up_persistent,range,12,66.04921593191686,0.5833333333333334
BTCUSDT,all,up_persistent,transition,397,21.92211806326059,0.5264483627204031
BTCUSDT,all,down_persistent,panic_continuation,100,-21.31420869180094,0.53
BTCUSDT,all,down_persistent,rebound,98,13.459050686472885,0.4897959183673469
BTCUSDT,all,down_persistent,range,29,12.00370229367912,0.6206896551724138
BTCUSDT,all,down_persistent,transition,203,10.858450206702814,0.5714285714285714
BTCUSDT,all,panic_continuation,down_persistent,103,-51.613401362134226,0.5145631067961165
BTCUSDT,all,panic_continuation,rebound,29,8.881610319391356,0.4827586206896552
BTCUSDT,all,panic_continuation,transition,42,-25.986917206118502,0.6190476190476191
BTCUSDT,all,rebound,down_persistent,64,16.18453475718054,0.625
BTCUSDT,all,rebound,panic_continuation,25,4.855401758108746,0.64
BTCUSDT,all,rebound,range,36,2.6012894859184543,0.4444444444444444
BTCUSDT,all,rebound,transition,269,6.381742065413643,0.5315985130111525
BTCUSDT,all,range,up_persistent,23,52.43354460262651,0.7391304347826086
BTCUSDT,all,range,down_persistent,36,-12.576455911467567,0.5
BTCUSDT,all,range,panic_continuation,4,1.6399912826181584,0.25
BTCUSDT,all,range,rebound,19,31.028377931140266,0.5263157894736842
BTCUSDT,all,range,transition,725,11.613928131979527,0.5103448275862069
BTCUSDT,all,transition,up_persistent,386,24.80806071731752,0.5310880829015544
BTCUSDT,all,transition,down_persistent,227,29.624082081827037,0.5726872246696035
BTCUSDT,all,transition,panic_continuation,45,-82.98694148254067,0.4888888888888889
BTCUSDT,all,transition,rebound,248,13.1784602727773,0.5040322580645161
BTCUSDT,all,transition,range,729,8.482617836560246,0.5171467764060357
BTCUSDT,development_2024_25,up_persistent,range,9,83.75128218524894,0.5555555555555556
BTCUSDT,development_2024_25,up_persistent,transition,287,24.625776844157677,0.5365853658536586
BTCUSDT,development_2024_25,down_persistent,panic_continuation,72,25.519093373237663,0.5555555555555556
BTCUSDT,development_2024_25,down_persistent,rebound,73,9.914871837325073,0.4794520547945205
BTCUSDT,development_2024_25,down_persistent,range,22,-7.311201856154717,0.5909090909090909
BTCUSDT,development_2024_25,down_persistent,transition,136,4.573902420691355,0.5441176470588235
BTCUSDT,development_2024_25,panic_continuation,down_persistent,75,15.873214449330082,0.5866666666666667
BTCUSDT,development_2024_25,panic_continuation,rebound,15,85.09119607376829,0.6
BTCUSDT,development_2024_25,panic_continuation,transition,32,10.514247895369069,0.625
BTCUSDT,development_2024_25,rebound,down_persistent,45,10.05735823966426,0.6222222222222222
BTCUSDT,development_2024_25,rebound,panic_continuation,14,144.69238079687443,0.8571428571428571
BTCUSDT,development_2024_25,rebound,range,23,-29.157416960678344,0.43478260869565216
BTCUSDT,development_2024_25,rebound,transition,211,8.315994751166544,0.5355450236966824
BTCUSDT,development_2024_25,range,up_persistent,12,59.56965877462093,0.75
BTCUSDT,development_2024_25,range,down_persistent,31,-31.50881906800319,0.4838709677419355
BTCUSDT,development_2024_25,range,panic_continuation,1,-195.4896625066471,0.0
BTCUSDT,development_2024_25,range,rebound,13,57.852775019874116,0.6153846153846154
BTCUSDT,development_2024_25,range,transition,527,9.326688672056541,0.4952561669829222
BTCUSDT,development_2024_25,transition,up_persistent,284,25.995711941531773,0.5246478873239436
BTCUSDT,development_2024_25,transition,down_persistent,152,35.21577636488867,0.5789473684210527
BTCUSDT,development_2024_25,transition,panic_continuation,35,-49.81827096791462,0.5428571428571428
BTCUSDT,development_2024_25,transition,rebound,192,15.223184456967461,0.5052083333333334
BTCUSDT,development_2024_25,transition,range,530,3.112244312435743,0.4981132075471698
BTCUSDT,reused_2026,up_persistent,range,3,12.943017171920628,0.6666666666666666
BTCUSDT,reused_2026,up_persistent,transition,110,14.868026516738212,0.5
BTCUSDT,reused_2026,down_persistent,panic_continuation,28,-141.74269971618594,0.4642857142857143
BTCUSDT,reused_2026,down_persistent,rebound,25,23.80805292598449,0.52
BTCUSDT,reused_2026,down_persistent,range,7,72.70768676458546,0.7142857142857143
BTCUSDT,reused_2026,down_persistent,transition,67,23.61514422009921,0.6268656716417911
BTCUSDT,reused_2026,panic_continuation,down_persistent,28,-232.38112228569935,0.32142857142857145
BTCUSDT,reused_2026,panic_continuation,rebound,14,-72.77151727458393,0.35714285714285715
BTCUSDT,reused_2026,panic_continuation,transition,10,-142.79064553087872,0.6
BTCUSDT,reused_2026,rebound,down_persistent,19,30.69626861445594,0.631578947368421
BTCUSDT,reused_2026,rebound,panic_continuation,11,-173.1189352003203,0.36363636363636365
BTCUSDT,reused_2026,rebound,range,13,58.7897701222051,0.46153846153846156
BTCUSDT,reused_2026,rebound,transition,58,-0.6549358086184597,0.5172413793103449
BTCUSDT,reused_2026,range,up_persistent,11,44.6486927786326,0.7272727272727273
BTCUSDT,reused_2026,range,down_persistent,5,104.8041956590533,0.6
BTCUSDT,reused_2026,range,panic_continuation,3,67.34987587903991,0.3333333333333333
BTCUSDT,reused_2026,range,rebound,6,-27.09114909444976,0.3333333333333333
BTCUSDT,reused_2026,range,transition,198,17.70168164399677,0.5505050505050505
BTCUSDT,reused_2026,transition,up_persistent,102,21.50126711264254,0.5490196078431373
BTCUSDT,reused_2026,transition,down_persistent,75,18.291581668155462,0.56
BTCUSDT,reused_2026,transition,panic_continuation,10,-199.07728828373183,0.3
BTCUSDT,reused_2026,transition,rebound,56,6.167977355553887,0.5
BTCUSDT,reused_2026,transition,range,199,22.78562269980641,0.5678391959798995
BTCUSDT,year2024,up_persistent,range,5,172.17663917776284,0.8
BTCUSDT,year2024,up_persistent,transition,162,18.305622678232606,0.5308641975308642
BTCUSDT,year2024,down_persistent,panic_continuation,22,12.072710410856548,0.45454545454545453
BTCUSDT,year2024,down_persistent,rebound,27,89.49754289798183,0.5925925925925926
BTCUSDT,year2024,down_persistent,range,7,-137.52451812627694,0.2857142857142857
BTCUSDT,year2024,down_persistent,transition,63,-7.092375672699516,0.5555555555555556
BTCUSDT,year2024,panic_continuation,down_persistent,21,16.43694088399335,0.6190476190476191
BTCUSDT,year2024,panic_continuation,rebound,8,76.43603869192953,0.625
BTCUSDT,year2024,panic_continuation,transition,14,-116.67670398261245,0.42857142857142855
BTCUSDT,year2024,rebound,down_persistent,20,59.49911570293587,0.7
BTCUSDT,year2024,rebound,panic_continuation,8,137.36186686784362,0.875
BTCUSDT,year2024,rebound,range,10,-106.80514638736538,0.3
BTCUSDT,year2024,rebound,transition,95,80.12919142101185,0.6105263157894737
BTCUSDT,year2024,range,up_persistent,4,151.38914018172773,0.75
BTCUSDT,year2024,range,down_persistent,9,-123.45667548987261,0.4444444444444444
BTCUSDT,year2024,range,panic_continuation,1,-195.4896625066471,0.0
BTCUSDT,year2024,range,rebound,6,49.2950482972937,0.5
BTCUSDT,year2024,range,transition,240,25.077386489437014,0.5208333333333334
BTCUSDT,year2024,transition,up_persistent,163,25.581023754706248,0.5337423312883436
BTCUSDT,year2024,transition,down_persistent,69,46.85288422930756,0.5942028985507246
BTCUSDT,year2024,transition,panic_continuation,12,-252.13051585572984,0.4166666666666667
BTCUSDT,year2024,transition,rebound,92,57.360222344781164,0.5217391304347826
BTCUSDT,year2024,transition,range,237,8.228985471741986,0.540084388185654
BTCUSDT,year2025,up_persistent,range,4,-26.780414055393443,0.25
BTCUSDT,year2025,up_persistent,transition,125,32.816696643196565,0.544
BTCUSDT,year2025,down_persistent,panic_continuation,50,31.435501876685358,0.6
BTCUSDT,year2025,down_persistent,rebound,46,-36.79669595914737,0.41304347826086957
BTCUSDT,year2025,down_persistent,range,15,53.455012403235656,0.7333333333333333
BTCUSDT,year2025,down_persistent,transition,73,14.642060227316353,0.5342465753424658
BTCUSDT,year2025,panic_continuation,down_persistent,54,15.653987502516589,0.5740740740740741
BTCUSDT,year2025,panic_continuation,rebound,7,94.98280451015543,0.5714285714285714
BTCUSDT,year2025,panic_continuation,transition,18,109.44054380046579,0.7777777777777778
BTCUSDT,year2025,rebound,down_persistent,25,-29.496047730953023,0.56
BTCUSDT,year2025,rebound,panic_continuation,6,154.4663993689155,0.8333333333333334
BTCUSDT,year2025,rebound,range,13,30.571605675234757,0.5384615384615384
BTCUSDT,year2025,rebound,transition,116,-50.49653700431023,0.47413793103448276
BTCUSDT,year2025,range,up_persistent,8,13.659918071067533,0.75
BTCUSDT,year2025,range,down_persistent,22,6.106213104579756,0.5
BTCUSDT,year2025,range,rebound,7,65.18796935351449,0.7142857142857143
BTCUSDT,year2025,range,transition,287,-3.84462657592713,0.4738675958188153
BTCUSDT,year2025,transition,up_persistent,121,26.554341482462025,0.512396694214876
BTCUSDT,year2025,transition,down_persistent,83,25.54155416434766,0.5662650602409639
BTCUSDT,year2025,transition,panic_continuation,23,55.735943756162875,0.6086956521739131
BTCUSDT,year2025,transition,rebound,100,-23.54289039982114,0.49
BTCUSDT,year2025,transition,range,293,-1.0265531440679414,0.4641638225255973
DOGEUSDT,all,up_persistent,rebound,1,272.8064235271366,1.0
DOGEUSDT,all,up_persistent,range,18,93.52867925329195,0.3888888888888889
DOGEUSDT,all,up_persistent,transition,261,18.757459817060194,0.4521072796934866
DOGEUSDT,all,down_persistent,panic_continuation,83,74.6688413942581,0.6265060240963856
DOGEUSDT,all,down_persistent,rebound,93,77.24840210782077,0.5913978494623656
DOGEUSDT,all,down_persistent,range,30,86.17246731459154,0.7
DOGEUSDT,all,down_persistent,transition,265,-5.857820133372318,0.4981132075471698
DOGEUSDT,all,panic_continuation,down_persistent,79,111.07900076095737,0.5949367088607594
DOGEUSDT,all,panic_continuation,rebound,21,142.87890918342578,0.5238095238095238
DOGEUSDT,all,panic_continuation,transition,36,6.3008565343597445,0.5277777777777778
DOGEUSDT,all,rebound,up_persistent,2,-37.86969740859902,0.5
DOGEUSDT,all,rebound,down_persistent,59,51.56293340675975,0.6271186440677966
DOGEUSDT,all,rebound,panic_continuation,18,45.96886070190074,0.6111111111111112
DOGEUSDT,all,rebound,range,60,38.924421870600945,0.6333333333333333
DOGEUSDT,all,rebound,transition,318,-33.40642835549521,0.4559748427672956
DOGEUSDT,all,range,up_persistent,15,-166.89011096417872,0.2
DOGEUSDT,all,range,down_persistent,41,90.32505602213148,0.6585365853658537
DOGEUSDT,all,range,panic_continuation,3,-514.8441634515425,0.3333333333333333
DOGEUSDT,all,range,rebound,43,-4.554062787012099,0.46511627906976744
DOGEUSDT,all,range,transition,803,4.717785225897168,0.4806973848069738
DOGEUSDT,all,transition,up_persistent,263,25.81886675550619,0.44106463878326996
DOGEUSDT,all,transition,down_persistent,292,6.43754525269802,0.541095890410959
DOGEUSDT,all,transition,panic_continuation,32,-66.11079347668404,0.5
DOGEUSDT,all,transition,rebound,299,-36.00184905268344,0.47491638795986624
DOGEUSDT,all,transition,range,797,-7.634377924338492,0.4629861982434128
DOGEUSDT,development_2024_25,up_persistent,range,14,26.74211626733068,0.35714285714285715
DOGEUSDT,development_2024_25,up_persistent,transition,183,32.57253387823588,0.4644808743169399
DOGEUSDT,development_2024_25,down_persistent,panic_continuation,66,77.92508954385282,0.6212121212121212
DOGEUSDT,development_2024_25,down_persistent,rebound,67,84.79723608309477,0.582089552238806
DOGEUSDT,development_2024_25,down_persistent,range,22,122.67299124702218,0.7727272727272727
DOGEUSDT,development_2024_25,down_persistent,transition,174,-33.60904302941582,0.47701149425287354
DOGEUSDT,development_2024_25,panic_continuation,down_persistent,62,157.34835694597896,0.6290322580645161
DOGEUSDT,development_2024_25,panic_continuation,rebound,10,356.9729008795538,0.8
DOGEUSDT,development_2024_25,panic_continuation,transition,24,93.26202536370643,0.5416666666666666
DOGEUSDT,development_2024_25,rebound,down_persistent,50,39.8016027818864,0.62
DOGEUSDT,development_2024_25,rebound,panic_continuation,7,328.09865760192037,0.8571428571428571
DOGEUSDT,development_2024_25,rebound,range,42,4.490094611822646,0.5952380952380952
DOGEUSDT,development_2024_25,rebound,transition,232,-28.595325462919455,0.47413793103448276
DOGEUSDT,development_2024_25,range,up_persistent,11,-138.67724461191736,0.2727272727272727
DOGEUSDT,development_2024_25,range,down_persistent,28,125.87138668612377,0.7142857142857143
DOGEUSDT,development_2024_25,range,panic_continuation,3,-514.8441634515425,0.3333333333333333
DOGEUSDT,development_2024_25,range,rebound,28,-32.734937767811005,0.4642857142857143
DOGEUSDT,development_2024_25,range,transition,578,-9.636216241702673,0.458477508650519
DOGEUSDT,development_2024_25,transition,up_persistent,186,26.101423571933168,0.44623655913978494
DOGEUSDT,development_2024_25,transition,down_persistent,190,-13.760531897069477,0.5210526315789473
DOGEUSDT,development_2024_25,transition,panic_continuation,20,61.09015789012068,0.6
DOGEUSDT,development_2024_25,transition,rebound,226,-44.86566647866656,0.4690265486725664
DOGEUSDT,development_2024_25,transition,range,570,-18.53698588077118,0.4473684210526316
DOGEUSDT,reused_2026,up_persistent,rebound,1,272.8064235271366,1.0
DOGEUSDT,reused_2026,up_persistent,range,4,327.2816497041564,0.5
DOGEUSDT,reused_2026,up_persistent,transition,78,-13.654829326467366,0.4230769230769231
DOGEUSDT,reused_2026,down_persistent,panic_continuation,17,62.02693681347856,0.6470588235294118
DOGEUSDT,reused_2026,down_persistent,rebound,26,57.795637633076225,0.6153846153846154
DOGEUSDT,reused_2026,down_persistent,range,8,-14.203973499592736,0.5
DOGEUSDT,reused_2026,down_persistent,transition,91,47.20495771180977,0.5384615384615384
DOGEUSDT,reused_2026,panic_continuation,down_persistent,17,-57.66806297265069,0.47058823529411764
DOGEUSDT,reused_2026,panic_continuation,rebound,11,-51.75199235850878,0.2727272727272727
DOGEUSDT,reused_2026,panic_continuation,transition,12,-167.62148112433363,0.5
DOGEUSDT,reused_2026,rebound,up_persistent,2,-37.86969740859902,0.5
DOGEUSDT,reused_2026,rebound,down_persistent,9,116.90365910050052,0.6666666666666666
DOGEUSDT,reused_2026,rebound,panic_continuation,11,-133.56828277992994,0.45454545454545453
DOGEUSDT,reused_2026,rebound,range,18,119.27118547441698,0.7222222222222222
DOGEUSDT,reused_2026,rebound,transition,86,-46.38521755407166,0.4069767441860465
DOGEUSDT,reused_2026,range,up_persistent,4,-244.47549343289742,0.0
DOGEUSDT,reused_2026,range,down_persistent,13,13.76372843814806,0.5384615384615384
DOGEUSDT,reused_2026,range,rebound,15,48.05023717714585,0.4666666666666667
DOGEUSDT,reused_2026,range,transition,225,41.5916201071092,0.5377777777777778
DOGEUSDT,reused_2026,transition,up_persistent,77,25.136326913228036,0.42857142857142855
DOGEUSDT,reused_2026,transition,down_persistent,102,44.06141445324532,0.5784313725490197
DOGEUSDT,reused_2026,transition,panic_continuation,12,-278.1123790880252,0.3333333333333333
DOGEUSDT,reused_2026,transition,rebound,73,-8.560441679091868,0.4931506849315068
DOGEUSDT,reused_2026,transition,range,227,19.742214741593806,0.5022026431718062
DOGEUSDT,year2024,up_persistent,range,13,49.47125984314323,0.38461538461538464
DOGEUSDT,year2024,up_persistent,transition,99,119.25227538131763,0.48484848484848486
DOGEUSDT,year2024,down_persistent,panic_continuation,27,76.8453195378352,0.6666666666666666
DOGEUSDT,year2024,down_persistent,rebound,23,98.16900827473643,0.5652173913043478
DOGEUSDT,year2024,down_persistent,range,8,107.2827526563333,0.75
DOGEUSDT,year2024,down_persistent,transition,76,-34.763993625248084,0.4605263157894737
DOGEUSDT,year2024,panic_continuation,down_persistent,22,139.7190852873685,0.7272727272727273
DOGEUSDT,year2024,panic_continuation,rebound,4,679.2613516264134,1.0
DOGEUSDT,year2024,panic_continuation,transition,12,-121.16417324770737,0.4166666666666667
DOGEUSDT,year2024,rebound,down_persistent,18,-27.727534446607017,0.5555555555555556
DOGEUSDT,year2024,rebound,panic_continuation,3,254.55654081752098,1.0
DOGEUSDT,year2024,rebound,range,15,0.4729631565771146,0.6
DOGEUSDT,year2024,rebound,transition,105,21.799528461190647,0.49523809523809526
DOGEUSDT,year2024,range,up_persistent,9,-175.85560276601606,0.2222222222222222
DOGEUSDT,year2024,range,down_persistent,9,65.30394539318362,0.6666666666666666
DOGEUSDT,year2024,range,panic_continuation,1,-64.95068559057016,0.0
DOGEUSDT,year2024,range,rebound,10,81.26648785628544,0.5
DOGEUSDT,year2024,range,transition,303,17.00409932193212,0.49834983498349833
DOGEUSDT,year2024,transition,up_persistent,103,78.88551393882103,0.4563106796116505
DOGEUSDT,year2024,transition,down_persistent,85,-17.28938482339689,0.5294117647058824
DOGEUSDT,year2024,transition,panic_continuation,7,-412.2703703744265,0.42857142857142855
DOGEUSDT,year2024,transition,rebound,104,-9.490264222278919,0.4519230769230769
DOGEUSDT,year2024,transition,range,297,18.089240560939313,0.48484848484848486
DOGEUSDT,year2025,up_persistent,range,1,-268.7367502182325,0.0
DOGEUSDT,year2025,up_persistent,transition,84,-69.58573289325332,0.44047619047619047
DOGEUSDT,year2025,down_persistent,panic_continuation,39,78.67262262494195,0.5897435897435898
DOGEUSDT,year2025,down_persistent,rebound,44,77.80744607382753,0.5909090909090909
DOGEUSDT,year2025,down_persistent,range,14,131.4674132988444,0.7857142857142857
DOGEUSDT,year2025,down_persistent,transition,98,-32.713367057137745,0.4897959183673469
DOGEUSDT,year2025,panic_continuation,down_persistent,40,167.0444563582147,0.575
DOGEUSDT,year2025,panic_continuation,rebound,6,142.1139337149807,0.6666666666666666
DOGEUSDT,year2025,panic_continuation,transition,12,307.68822397512025,0.6666666666666666
DOGEUSDT,year2025,rebound,down_persistent,32,77.78674247291394,0.65625
DOGEUSDT,year2025,rebound,panic_continuation,4,383.2552451902199,0.75
DOGEUSDT,year2025,rebound,range,27,6.721834309181274,0.5925925925925926
DOGEUSDT,year2025,rebound,transition,127,-70.26036217182937,0.4566929133858268
DOGEUSDT,year2025,range,up_persistent,2,28.625367081526743,0.5
DOGEUSDT,year2025,range,down_persistent,19,154.5612272985691,0.7368421052631579
DOGEUSDT,year2025,range,panic_continuation,2,-739.7909023820287,0.5
DOGEUSDT,year2025,range,rebound,18,-96.06906311453123,0.4444444444444444
DOGEUSDT,year2025,range,transition,275,-38.98900029908937,0.41454545454545455
DOGEUSDT,year2025,transition,up_persistent,83,-39.40172471468673,0.43373493975903615
DOGEUSDT,year2025,transition,down_persistent,105,-10.903841432899664,0.5142857142857142
DOGEUSDT,year2025,transition,panic_continuation,13,315.97659618641535,0.6923076923076923
DOGEUSDT,year2025,transition,rebound,122,-75.02174709066914,0.48360655737704916
DOGEUSDT,year2025,transition,range,273,-58.38310036131336,0.4065934065934066
ETHUSDT,all,up_persistent,range,15,32.1515193026769,0.4
ETHUSDT,all,up_persistent,transition,353,-0.7202568602561871,0.48441926345609065
ETHUSDT,all,down_persistent,panic_continuation,106,-21.816748764243464,0.5754716981132075
ETHUSDT,all,down_persistent,rebound,93,32.089340775245844,0.5698924731182796
ETHUSDT,all,down_persistent,range,37,111.94559137104783,0.5945945945945946
ETHUSDT,all,down_persistent,transition,200,42.445798965000165,0.585
ETHUSDT,all,panic_continuation,down_persistent,93,23.9077442872748,0.6129032258064516
ETHUSDT,all,panic_continuation,rebound,34,-19.25626293644423,0.5294117647058824
ETHUSDT,all,panic_continuation,transition,38,3.3032767046013056,0.631578947368421
ETHUSDT,all,rebound,down_persistent,70,6.717054143778878,0.5857142857142857
ETHUSDT,all,rebound,panic_continuation,18,55.26335482616101,0.6666666666666666
ETHUSDT,all,rebound,range,25,-23.618711610689935,0.36
ETHUSDT,all,rebound,transition,308,-3.3598336196854715,0.4935064935064935
ETHUSDT,all,range,up_persistent,14,-19.344949182180898,0.5
ETHUSDT,all,range,down_persistent,30,53.31950789770997,0.6
ETHUSDT,all,range,panic_continuation,4,204.013336727569,0.5
ETHUSDT,all,range,rebound,18,-132.8465956724126,0.3333333333333333
ETHUSDT,all,range,transition,716,-1.7306655892591047,0.4790502793296089
ETHUSDT,all,transition,up_persistent,354,-1.4341640138821843,0.4632768361581921
ETHUSDT,all,transition,down_persistent,243,20.79696394226697,0.588477366255144
ETHUSDT,all,transition,panic_continuation,37,22.92520480554253,0.5675675675675675
ETHUSDT,all,transition,rebound,276,6.335769321006978,0.4927536231884058
ETHUSDT,all,transition,range,705,-2.654262672680184,0.4794326241134752
ETHUSDT,development_2024_25,up_persistent,range,12,41.87753398108646,0.4166666666666667
ETHUSDT,development_2024_25,up_persistent,transition,258,-7.078093465185579,0.4844961240310077
ETHUSDT,development_2024_25,down_persistent,panic_continuation,74,49.696458543648404,0.6351351351351351
ETHUSDT,development_2024_25,down_persistent,rebound,73,59.13321786212891,0.6027397260273972
ETHUSDT,development_2024_25,down_persistent,range,25,94.83557617290433,0.52
ETHUSDT,development_2024_25,down_persistent,transition,152,49.44406516671569,0.5789473684210527
ETHUSDT,development_2024_25,panic_continuation,down_persistent,67,109.81951633395158,0.6865671641791045
ETHUSDT,development_2024_25,panic_continuation,rebound,21,102.15422827904446,0.6666666666666666
ETHUSDT,development_2024_25,panic_continuation,transition,24,139.00001083721887,0.6666666666666666
ETHUSDT,development_2024_25,rebound,down_persistent,52,80.06433643598673,0.6346153846153846
ETHUSDT,development_2024_25,rebound,panic_continuation,9,266.3803184514737,0.8888888888888888
ETHUSDT,development_2024_25,rebound,range,18,-83.4499969126924,0.2777777777777778
ETHUSDT,development_2024_25,rebound,transition,237,-9.407439025219073,0.48523206751054854
ETHUSDT,development_2024_25,range,up_persistent,9,35.55696772881281,0.5555555555555556
ETHUSDT,development_2024_25,range,down_persistent,23,13.817848370489681,0.5217391304347826
ETHUSDT,development_2024_25,range,panic_continuation,3,18.01148881982573,0.3333333333333333
ETHUSDT,development_2024_25,range,rebound,13,-199.45882610191958,0.23076923076923078
ETHUSDT,development_2024_25,range,transition,496,-17.792254600355733,0.4637096774193548
ETHUSDT,development_2024_25,transition,up_persistent,261,-7.270469562580346,0.46360153256704983
ETHUSDT,development_2024_25,transition,down_persistent,182,40.168814430821286,0.6043956043956044
ETHUSDT,development_2024_25,transition,panic_continuation,26,128.89430036078227,0.6538461538461539
ETHUSDT,development_2024_25,transition,rebound,209,-6.611018594843983,0.46411483253588515
ETHUSDT,development_2024_25,transition,range,490,-21.807044977183466,0.46530612244897956
ETHUSDT,reused_2026,up_persistent,range,3,-6.752539410961322,0.3333333333333333
ETHUSDT,reused_2026,up_persistent,transition,95,16.54628886681521,0.4842105263157895
ETHUSDT,reused_2026,down_persistent,panic_continuation,32,-187.1910406637434,0.4375
ETHUSDT,reused_2026,down_persistent,rebound,20,-66.62081059187736,0.45
ETHUSDT,reused_2026,down_persistent,range,12,147.59145636718014,0.75
ETHUSDT,reused_2026,down_persistent,transition,48,20.2846226595677,0.6041666666666666
ETHUSDT,reused_2026,panic_continuation,down_persistent,26,-197.4802836791615,0.4230769230769231
ETHUSDT,reused_2026,panic_continuation,rebound,13,-215.38090259223367,0.3076923076923077
ETHUSDT,reused_2026,panic_continuation,transition,14,-229.31969609417163,0.5714285714285714
ETHUSDT,reused_2026,rebound,down_persistent,18,-205.17509470037714,0.4444444444444444
ETHUSDT,reused_2026,rebound,panic_continuation,9,-155.8536087991517,0.4444444444444444
ETHUSDT,reused_2026,rebound,range,7,130.23316488017355,0.5714285714285714
ETHUSDT,reused_2026,rebound,transition,71,16.827243579067535,0.5211267605633803
ETHUSDT,reused_2026,range,up_persistent,5,-118.16839962196957,0.4
ETHUSDT,reused_2026,range,down_persistent,7,183.11067491571947,0.8571428571428571
ETHUSDT,reused_2026,range,panic_continuation,1,762.0188804507987,1.0
ETHUSDT,reused_2026,range,rebound,5,40.34520344430548,0.6
ETHUSDT,reused_2026,range,transition,220,34.480916908486016,0.5136363636363637
ETHUSDT,reused_2026,transition,up_persistent,93,14.94514510665782,0.46236559139784944
ETHUSDT,reused_2026,transition,down_persistent,61,-37.001016203911476,0.5409836065573771
ETHUSDT,reused_2026,transition,panic_continuation,11,-227.54720287047869,0.36363636363636365
ETHUSDT,reused_2026,transition,rebound,67,46.72201819284057,0.582089552238806
ETHUSDT,reused_2026,transition,range,215,40.99626443990869,0.5116279069767442
ETHUSDT,year2024,up_persistent,range,7,37.07120703329601,0.42857142857142855
ETHUSDT,year2024,up_persistent,transition,161,23.23979285658844,0.5217391304347826
ETHUSDT,year2024,down_persistent,panic_continuation,39,79.4081547420396,0.6923076923076923
ETHUSDT,year2024,down_persistent,rebound,31,108.45709577778206,0.6774193548387096
ETHUSDT,year2024,down_persistent,range,16,83.40141875517827,0.4375
ETHUSDT,year2024,down_persistent,transition,69,48.9914690710383,0.6376811594202898
ETHUSDT,year2024,panic_continuation,down_persistent,34,106.96122144727603,0.7058823529411765
ETHUSDT,year2024,panic_continuation,rebound,10,227.25319650102105,0.7
ETHUSDT,year2024,panic_continuation,transition,10,95.45844762203248,0.8
ETHUSDT,year2024,rebound,down_persistent,22,159.9278356327202,0.5909090909090909
ETHUSDT,year2024,rebound,panic_continuation,2,315.4905936542651,1.0
ETHUSDT,year2024,rebound,range,9,-8.2451822963086,0.3333333333333333
ETHUSDT,year2024,rebound,transition,122,-5.921953821098477,0.47540983606557374
ETHUSDT,year2024,range,up_persistent,6,-67.21778304816554,0.5
ETHUSDT,year2024,range,down_persistent,13,91.20637522812514,0.46153846153846156
ETHUSDT,year2024,range,panic_continuation,1,-221.613789302445,0.0
ETHUSDT,year2024,range,rebound,10,-152.9553690585448,0.2
ETHUSDT,year2024,range,transition,236,-33.11786949570474,0.4449152542372881
ETHUSDT,year2024,transition,up_persistent,162,-3.7228162582707234,0.47530864197530864
ETHUSDT,year2024,transition,down_persistent,86,40.24100027987669,0.6511627906976745
ETHUSDT,year2024,transition,panic_continuation,12,-35.66597559096598,0.5
ETHUSDT,year2024,transition,rebound,104,-0.07546825978859396,0.46153846153846156
ETHUSDT,year2024,transition,range,234,-32.79252817768123,0.452991452991453
ETHUSDT,year2025,up_persistent,range,5,48.606391707993076,0.4
ETHUSDT,year2025,up_persistent,transition,97,-57.399533648748644,0.422680412371134
ETHUSDT,year2025,down_persistent,panic_continuation,35,16.58913992258393,0.5714285714285714
ETHUSDT,year2025,down_persistent,rebound,42,22.727498448194446,0.5476190476190477
ETHUSDT,year2025,down_persistent,range,9,115.16296713775064,0.6666666666666666
ETHUSDT,year2025,down_persistent,transition,83,49.820319752278806,0.5301204819277109
ETHUSDT,year2025,panic_continuation,down_persistent,33,112.76442621719303,0.6666666666666666
ETHUSDT,year2025,panic_continuation,rebound,11,-11.572106468206973,0.6363636363636364
ETHUSDT,year2025,panic_continuation,transition,14,170.10112741949484,0.5714285714285714
ETHUSDT,year2025,rebound,down_persistent,30,21.497770358382184,0.6666666666666666
ETHUSDT,year2025,rebound,panic_continuation,7,252.34881125067616,0.8571428571428571
ETHUSDT,year2025,rebound,range,9,-158.65481152907623,0.2222222222222222
ETHUSDT,year2025,rebound,transition,115,-13.105084198286141,0.4956521739130435
ETHUSDT,year2025,range,up_persistent,3,241.10646928276952,0.6666666666666666
ETHUSDT,year2025,range,down_persistent,10,-86.78723654443642,0.6
ETHUSDT,year2025,range,panic_continuation,2,137.8241278809611,0.5
ETHUSDT,year2025,range,rebound,3,-354.4703495798355,0.3333333333333333
ETHUSDT,year2025,range,transition,260,-3.8813118491927874,0.4807692307692308
ETHUSDT,year2025,transition,up_persistent,99,-13.075720424177915,0.4444444444444444
ETHUSDT,year2025,transition,down_persistent,96,40.10414794104249,0.5625
ETHUSDT,year2025,transition,panic_continuation,14,269.94596546228075,0.7857142857142857
ETHUSDT,year2025,transition,rebound,105,-13.084325593375034,0.4666666666666667
ETHUSDT,year2025,transition,range,256,-11.76562673922848,0.4765625
LINKUSDT,all,up_persistent,range,10,8.645403921425322,0.6
LINKUSDT,all,up_persistent,transition,353,-8.030038245513792,0.43909348441926344
LINKUSDT,all,down_persistent,panic_continuation,88,157.23621407097878,0.6704545454545454
LINKUSDT,all,down_persistent,rebound,90,67.35059948114043,0.5666666666666667
LINKUSDT,all,down_persistent,range,27,107.68150291615534,0.5925925925925926
LINKUSDT,all,down_persistent,transition,294,22.74665994921838,0.5204081632653061
LINKUSDT,all,panic_continuation,down_persistent,80,97.29869177386169,0.6375
LINKUSDT,all,panic_continuation,rebound,21,133.38315966903565,0.6190476190476191
LINKUSDT,all,panic_continuation,transition,30,217.11798283397022,0.6666666666666666
LINKUSDT,all,rebound,down_persistent,61,54.41862833269835,0.6721311475409836
LINKUSDT,all,rebound,panic_continuation,10,134.82927813897462,0.5
LINKUSDT,all,rebound,range,58,129.08888850078546,0.6206896551724138
LINKUSDT,all,rebound,transition,314,-0.058428866530196466,0.4872611464968153
LINKUSDT,all,range,up_persistent,16,-58.64494446070547,0.5
LINKUSDT,all,range,down_persistent,33,-7.094057075239027,0.48484848484848486
LINKUSDT,all,range,panic_continuation,3,387.5520097358779,1.0
LINKUSDT,all,range,rebound,44,133.77338097849926,0.5227272727272727
LINKUSDT,all,range,transition,711,-1.1734035942788392,0.4866385372714487
LINKUSDT,all,transition,up_persistent,347,-9.407737196622682,0.43804034582132567
LINKUSDT,all,transition,down_persistent,325,28.225500423046842,0.556923076923077
LINKUSDT,all,transition,panic_continuation,30,89.31349462347112,0.5666666666666667
LINKUSDT,all,transition,rebound,288,8.966770797079926,0.4861111111111111
LINKUSDT,all,transition,range,712,-7.676237024719222,0.4803370786516854
LINKUSDT,development_2024_25,up_persistent,range,6,-29.536101616162345,0.5
LINKUSDT,development_2024_25,up_persistent,transition,243,0.9662846082980305,0.43209876543209874
LINKUSDT,development_2024_25,down_persistent,panic_continuation,63,226.76207966803992,0.7142857142857143
LINKUSDT,development_2024_25,down_persistent,rebound,64,66.84898807313122,0.53125
LINKUSDT,development_2024_25,down_persistent,range,14,144.63703375449197,0.5714285714285714
LINKUSDT,development_2024_25,down_persistent,transition,235,29.499938683255944,0.5319148936170213
LINKUSDT,development_2024_25,panic_continuation,down_persistent,57,142.26141696669623,0.6842105263157895
LINKUSDT,development_2024_25,panic_continuation,rebound,13,423.57764682352,0.7692307692307693
LINKUSDT,development_2024_25,panic_continuation,transition,16,354.1590120378315,0.6875
LINKUSDT,development_2024_25,rebound,down_persistent,44,104.04786026478112,0.6818181818181818
LINKUSDT,development_2024_25,rebound,panic_continuation,4,565.7347864011858,0.75
LINKUSDT,development_2024_25,rebound,range,42,148.00544126020836,0.6666666666666666
LINKUSDT,development_2024_25,rebound,transition,250,18.289171491264387,0.492
LINKUSDT,development_2024_25,range,up_persistent,6,-25.034041478387834,0.6666666666666666
LINKUSDT,development_2024_25,range,down_persistent,18,52.9227374993926,0.4444444444444444
LINKUSDT,development_2024_25,range,panic_continuation,1,420.2961672473871,1.0
LINKUSDT,development_2024_25,range,rebound,29,143.90797926468656,0.5517241379310345
LINKUSDT,development_2024_25,range,transition,523,-14.939506917728105,0.4780114722753346
LINKUSDT,development_2024_25,transition,up_persistent,243,-5.079530846464953,0.43621399176954734
LINKUSDT,development_2024_25,transition,down_persistent,257,34.98910651292437,0.5719844357976653
LINKUSDT,development_2024_25,transition,panic_continuation,18,148.792502708688,0.6666666666666666
LINKUSDT,development_2024_25,transition,rebound,234,23.997370432930087,0.48717948717948717
LINKUSDT,development_2024_25,transition,range,515,-21.438771269634756,0.46601941747572817
LINKUSDT,reused_2026,up_persistent,range,4,65.91766222780682,0.75
LINKUSDT,reused_2026,up_persistent,transition,110,-27.903733277116277,0.45454545454545453
LINKUSDT,reused_2026,down_persistent,panic_continuation,25,-17.968967233615274,0.56
LINKUSDT,reused_2026,down_persistent,rebound,26,68.58533525470155,0.6538461538461539
LINKUSDT,reused_2026,down_persistent,range,13,67.88323893640822,0.6153846153846154
LINKUSDT,reused_2026,down_persistent,transition,59,-4.151992635507498,0.4745762711864407
LINKUSDT,reused_2026,panic_continuation,down_persistent,23,-14.130670660554314,0.5217391304347826
LINKUSDT,reused_2026,panic_continuation,rebound,8,-338.18288195700137,0.375
LINKUSDT,reused_2026,panic_continuation,transition,14,60.49966374384304,0.6428571428571429
LINKUSDT,reused_2026,rebound,down_persistent,17,-74.03350137386884,0.6470588235294118
LINKUSDT,reused_2026,rebound,panic_continuation,6,-152.44106070249953,0.3333333333333333
LINKUSDT,reused_2026,rebound,range,16,79.43293750730038,0.5
LINKUSDT,reused_2026,rebound,transition,64,-71.72874276416529,0.46875
LINKUSDT,reused_2026,range,up_persistent,10,-78.81148625009604,0.4
LINKUSDT,reused_2026,range,down_persistent,15,-79.11421056479699,0.5333333333333333
LINKUSDT,reused_2026,range,panic_continuation,2,371.17993098012334,1.0
LINKUSDT,reused_2026,range,rebound,15,114.17982429187049,0.4666666666666667
LINKUSDT,reused_2026,range,transition,188,37.122724268295435,0.5106382978723404
LINKUSDT,reused_2026,transition,up_persistent,104,-19.520757803241246,0.4423076923076923
LINKUSDT,reused_2026,transition,down_persistent,68,2.6630479951273203,0.5
LINKUSDT,reused_2026,transition,panic_continuation,12,0.0949824956457864,0.4166666666666667
LINKUSDT,reused_2026,transition,rebound,54,-56.16582762493743,0.48148148148148145
LINKUSDT,reused_2026,transition,range,197,28.301961635846766,0.5177664974619289
LINKUSDT,year2024,up_persistent,range,3,18.38785116164495,0.6666666666666666
LINKUSDT,year2024,up_persistent,transition,132,76.25622604638295,0.49242424242424243
LINKUSDT,year2024,down_persistent,panic_continuation,23,126.52585903374586,0.6086956521739131
LINKUSDT,year2024,down_persistent,rebound,31,61.01505196942861,0.5483870967741935
LINKUSDT,year2024,down_persistent,range,6,224.559310374845,0.6666666666666666
LINKUSDT,year2024,down_persistent,transition,120,-2.852181679773728,0.5
LINKUSDT,year2024,panic_continuation,down_persistent,23,19.681436604205633,0.5652173913043478
LINKUSDT,year2024,panic_continuation,rebound,7,589.4860668251673,0.8571428571428571
LINKUSDT,year2024,panic_continuation,transition,8,184.1171233552069,0.5
LINKUSDT,year2024,rebound,down_persistent,24,-32.58710513524328,0.5833333333333334
LINKUSDT,year2024,rebound,panic_continuation,3,781.8455653867134,1.0
LINKUSDT,year2024,rebound,range,23,22.467138196751506,0.6086956521739131
LINKUSDT,year2024,rebound,transition,118,42.06789570626556,0.5
LINKUSDT,year2024,range,up_persistent,4,113.96731485968203,1.0
LINKUSDT,year2024,range,down_persistent,7,261.9646808769403,0.7142857142857143
LINKUSDT,year2024,range,panic_continuation,1,420.2961672473871,1.0
LINKUSDT,year2024,range,rebound,15,-69.16592874175002,0.26666666666666666
LINKUSDT,year2024,range,transition,245,49.54812158072006,0.5265306122448979
LINKUSDT,year2024,transition,up_persistent,131,66.70272764469591,0.4732824427480916
LINKUSDT,year2024,transition,down_persistent,127,28.765227054605905,0.5590551181102362
LINKUSDT,year2024,transition,panic_continuation,11,-4.450662736389186,0.5454545454545454
LINKUSDT,year2024,transition,rebound,115,50.43898906767906,0.5304347826086957
LINKUSDT,year2024,transition,range,240,13.596606064083236,0.5166666666666667
LINKUSDT,year2025,up_persistent,range,3,-77.46005439396964,0.3333333333333333
LINKUSDT,year2025,up_persistent,transition,111,-88.56769980455971,0.36036036036036034
LINKUSDT,year2025,down_persistent,panic_continuation,40,284.397906532759,0.775
LINKUSDT,year2025,down_persistent,rebound,33,72.32935229176096,0.5151515151515151
LINKUSDT,year2025,down_persistent,range,8,84.69532628922721,0.5
LINKUSDT,year2025,down_persistent,transition,115,63.25867297511299,0.5652173913043478
LINKUSDT,year2025,panic_continuation,down_persistent,34,225.18316838838103,0.7647058823529411
LINKUSDT,year2025,panic_continuation,rebound,6,230.01782348826475,0.6666666666666666
LINKUSDT,year2025,panic_continuation,transition,8,524.200900720456,0.875
LINKUSDT,year2025,rebound,down_persistent,20,268.0098187448104,0.8
LINKUSDT,year2025,rebound,panic_continuation,1,-82.59755055539664,0.0
LINKUSDT,year2025,rebound,range,19,299.97286075807716,0.7368421052631579
LINKUSDT,year2025,rebound,transition,132,-2.967566822145751,0.48484848484848486
LINKUSDT,year2025,range,up_persistent,2,-303.03675415452756,0.0
LINKUSDT,year2025,range,down_persistent,11,-80.10395374086504,0.2727272727272727
LINKUSDT,year2025,range,rebound,14,372.20145212872575,0.8571428571428571
LINKUSDT,year2025,range,transition,278,-71.7721291555691,0.4352517985611511
LINKUSDT,year2025,transition,up_persistent,112,-89.03913676023345,0.39285714285714285
LINKUSDT,year2025,transition,down_persistent,130,41.06935798374319,0.5846153846153846
LINKUSDT,year2025,transition,panic_continuation,7,389.6031912652379,0.8571428571428571
LINKUSDT,year2025,transition,rebound,119,-1.5554542981298463,0.44537815126050423
LINKUSDT,year2025,transition,range,275,-52.015100579061375,0.4218181818181818
LTCUSDT,all,up_persistent,range,21,73.103352720519,0.6190476190476191
LTCUSDT,all,up_persistent,transition,343,30.27525863629594,0.5189504373177842
LTCUSDT,all,down_persistent,panic_continuation,84,53.616548435996634,0.6785714285714286
LTCUSDT,all,down_persistent,rebound,83,54.90895651717911,0.5903614457831325
LTCUSDT,all,down_persistent,range,34,-14.499942235559061,0.5294117647058824
LTCUSDT,all,down_persistent,transition,212,28.41058782086205,0.6037735849056604
LTCUSDT,all,panic_continuation,down_persistent,85,53.55035748733418,0.6
LTCUSDT,all,panic_continuation,rebound,22,44.28054595678088,0.5909090909090909
LTCUSDT,all,panic_continuation,range,1,-323.59286134536205,0.0
LTCUSDT,all,panic_continuation,transition,45,64.44629241645907,0.6
LTCUSDT,all,rebound,up_persistent,2,224.08923634626655,1.0
LTCUSDT,all,rebound,down_persistent,41,49.73717238164178,0.6585365853658537
LTCUSDT,all,rebound,panic_continuation,15,56.484029056526865,0.6666666666666666
LTCUSDT,all,rebound,range,44,52.66683508211308,0.5454545454545454
LTCUSDT,all,rebound,transition,330,2.7350380198613897,0.5303030303030303
LTCUSDT,all,range,up_persistent,24,-129.14982533930447,0.375
LTCUSDT,all,range,down_persistent,45,-36.35081553405254,0.5555555555555556
LTCUSDT,all,range,panic_continuation,3,-48.023175814522205,0.6666666666666666
LTCUSDT,all,range,rebound,33,40.18912419815557,0.5454545454545454
LTCUSDT,all,range,transition,780,29.83972830733862,0.5397435897435897
LTCUSDT,all,transition,up_persistent,338,30.398366136002885,0.4970414201183432
LTCUSDT,all,transition,down_persistent,242,29.40817208995864,0.5950413223140496
LTCUSDT,all,transition,panic_continuation,51,99.99359131740205,0.6078431372549019
LTCUSDT,all,transition,rebound,294,-1.0774183949223406,0.5340136054421769
LTCUSDT,all,transition,range,785,14.215812460427484,0.5222929936305732
LTCUSDT,development_2024_25,up_persistent,range,14,63.1413688549211,0.5
LTCUSDT,development_2024_25,up_persistent,transition,239,29.715385565644247,0.5146443514644351
LTCUSDT,development_2024_25,down_persistent,panic_continuation,51,98.8001594573325,0.7647058823529411
LTCUSDT,development_2024_25,down_persistent,rebound,61,78.64653206420856,0.6065573770491803
LTCUSDT,development_2024_25,down_persistent,range,25,-2.791388967988828,0.56
LTCUSDT,development_2024_25,down_persistent,transition,145,28.048198254506353,0.6068965517241379
LTCUSDT,development_2024_25,panic_continuation,down_persistent,57,101.93891699953099,0.6842105263157895
LTCUSDT,development_2024_25,panic_continuation,rebound,9,421.2541680554306,0.8888888888888888
LTCUSDT,development_2024_25,panic_continuation,transition,26,163.5897588066282,0.6538461538461539
LTCUSDT,development_2024_25,rebound,up_persistent,2,224.08923634626655,1.0
LTCUSDT,development_2024_25,rebound,down_persistent,28,62.819953897810656,0.6428571428571429
LTCUSDT,development_2024_25,rebound,panic_continuation,8,372.8497916706899,1.0
LTCUSDT,development_2024_25,rebound,range,25,115.66985623341748,0.6
LTCUSDT,development_2024_25,rebound,transition,243,29.03124630693026,0.5679012345679012
LTCUSDT,development_2024_25,range,up_persistent,15,-168.47867788623466,0.4
LTCUSDT,development_2024_25,range,down_persistent,33,-35.602738404852914,0.5757575757575758
LTCUSDT,development_2024_25,range,panic_continuation,1,148.79816863792473,1.0
LTCUSDT,development_2024_25,range,rebound,20,88.19599927834709,0.6
LTCUSDT,development_2024_25,range,transition,553,41.033792798678434,0.5515370705244123
LTCUSDT,development_2024_25,transition,up_persistent,236,41.70814814096519,0.5042372881355932
LTCUSDT,development_2024_25,transition,down_persistent,164,52.81766138641069,0.5975609756097561
LTCUSDT,development_2024_25,transition,panic_continuation,32,139.56288947610898,0.65625
LTCUSDT,development_2024_25,transition,rebound,216,19.948582287337736,0.5648148148148148
LTCUSDT,development_2024_25,transition,range,558,19.940999113217785,0.5161290322580645
LTCUSDT,reused_2026,up_persistent,range,7,93.02732045171483,0.8571428571428571
LTCUSDT,reused_2026,up_persistent,transition,104,31.561890019812807,0.5288461538461539
LTCUSDT,reused_2026,down_persistent,panic_continuation,33,-16.212668596976968,0.5454545454545454
LTCUSDT,reused_2026,down_persistent,rebound,22,-10.908866590493433,0.5454545454545454
LTCUSDT,reused_2026,down_persistent,range,9,-47.02370131214304,0.4444444444444444
LTCUSDT,reused_2026,down_persistent,transition,67,29.19486374804975,0.5970149253731343
LTCUSDT,reused_2026,panic_continuation,down_persistent,28,-44.95492437678074,0.42857142857142855
LTCUSDT,reused_2026,panic_continuation,rebound,13,-216.70119241920742,0.38461538461538464
LTCUSDT,reused_2026,panic_continuation,range,1,-323.59286134536205,0.0
LTCUSDT,reused_2026,panic_continuation,transition,19,-71.2237142227197,0.5263157894736842
LTCUSDT,reused_2026,rebound,down_persistent,13,21.55887373143189,0.6923076923076923
LTCUSDT,reused_2026,rebound,panic_continuation,7,-305.0768425025166,0.2857142857142857
LTCUSDT,reused_2026,rebound,range,19,-30.231876959076914,0.47368421052631576
LTCUSDT,reused_2026,rebound,transition,87,-70.71299202333097,0.42528735632183906
LTCUSDT,reused_2026,range,up_persistent,9,-63.60173776108745,0.3333333333333333
LTCUSDT,reused_2026,range,down_persistent,12,-38.40802763935151,0.5
LTCUSDT,reused_2026,range,panic_continuation,2,-146.43384804074566,0.5
LTCUSDT,reused_2026,range,rebound,13,-33.667606694446775,0.46153846153846156
LTCUSDT,reused_2026,range,transition,227,2.569606440770699,0.5110132158590308
LTCUSDT,reused_2026,transition,up_persistent,102,4.230635222560687,0.4803921568627451
LTCUSDT,reused_2026,transition,down_persistent,78,-19.811779764120033,0.5897435897435898
LTCUSDT,reused_2026,transition,panic_continuation,19,33.35056283957986,0.5263157894736842
LTCUSDT,reused_2026,transition,rebound,78,-59.30326643810409,0.44871794871794873
LTCUSDT,reused_2026,transition,range,227,0.14244615092533702,0.5374449339207048
LTCUSDT,year2024,up_persistent,range,9,130.0314747926449,0.5555555555555556
LTCUSDT,year2024,up_persistent,transition,135,74.3075681085136,0.5111111111111111
LTCUSDT,year2024,down_persistent,panic_continuation,30,16.211533518016964,0.7333333333333333
LTCUSDT,year2024,down_persistent,rebound,25,-5.808997511500369,0.52
LTCUSDT,year2024,down_persistent,range,12,56.346188740005005,0.5833333333333334
LTCUSDT,year2024,down_persistent,transition,68,6.663699199356473,0.6176470588235294
LTCUSDT,year2024,panic_continuation,down_persistent,31,-51.84963437535352,0.6129032258064516
LTCUSDT,year2024,panic_continuation,rebound,5,423.6499822275337,0.8
LTCUSDT,year2024,panic_continuation,transition,16,165.22106946473215,0.625
LTCUSDT,year2024,rebound,up_persistent,1,11.068749231337716,1.0
LTCUSDT,year2024,rebound,down_persistent,9,-141.4082538153457,0.4444444444444444
LTCUSDT,year2024,rebound,panic_continuation,6,463.61137955910016,1.0
LTCUSDT,year2024,rebound,range,16,-27.05136131203899,0.5625
LTCUSDT,year2024,rebound,transition,130,4.810408340468983,0.5846153846153846
LTCUSDT,year2024,range,up_persistent,11,-177.55689549395083,0.45454545454545453
LTCUSDT,year2024,range,down_persistent,13,56.29811112798836,0.6153846153846154
LTCUSDT,year2024,range,panic_continuation,1,148.79816863792473,1.0
LTCUSDT,year2024,range,rebound,12,-59.7635273969883,0.5833333333333334
LTCUSDT,year2024,range,transition,264,54.435444655603725,0.5606060606060606
LTCUSDT,year2024,transition,up_persistent,132,71.05797485265622,0.5
LTCUSDT,year2024,transition,down_persistent,82,13.365454170529674,0.5975609756097561
LTCUSDT,year2024,transition,panic_continuation,15,-23.20623118627907,0.5333333333333333
LTCUSDT,year2024,transition,rebound,120,25.05111262869893,0.6083333333333333
LTCUSDT,year2024,transition,range,265,25.663440953098373,0.5320754716981132
LTCUSDT,year2025,up_persistent,range,5,-57.260821832981755,0.4
LTCUSDT,year2025,up_persistent,transition,104,-28.168697542888086,0.5192307692307693
LTCUSDT,year2025,down_persistent,panic_continuation,21,216.78391079921184,0.8095238095238095
LTCUSDT,year2025,down_persistent,rebound,36,137.2962053806731,0.6666666666666666
LTCUSDT,year2025,down_persistent,range,13,-57.379922236906204,0.5384615384615384
LTCUSDT,year2025,down_persistent,transition,77,46.93321040710625,0.5974025974025974
LTCUSDT,year2025,panic_continuation,down_persistent,26,285.3021897926625,0.7692307692307693
LTCUSDT,year2025,panic_continuation,rebound,4,418.25940034030174,1.0
LTCUSDT,year2025,panic_continuation,transition,10,160.97966175366184,0.7
LTCUSDT,year2025,rebound,up_persistent,1,437.10972346119536,1.0
LTCUSDT,year2025,rebound,down_persistent,19,159.55963123562154,0.7368421052631579
LTCUSDT,year2025,rebound,panic_continuation,2,100.5650280054593,1.0
LTCUSDT,year2025,rebound,range,9,369.3964652031179,0.6666666666666666
LTCUSDT,year2025,rebound,transition,113,56.895927153301635,0.5486725663716814
LTCUSDT,year2025,range,up_persistent,4,-143.51357946501525,0.25
LTCUSDT,year2025,range,down_persistent,20,-95.33829060119976,0.55
LTCUSDT,year2025,range,rebound,8,310.13528929135015,0.625
LTCUSDT,year2025,range,transition,289,28.79145338612385,0.5432525951557093
LTCUSDT,year2025,transition,up_persistent,104,4.45644500689582,0.5096153846153846
LTCUSDT,year2025,transition,down_persistent,82,92.26986860229172,0.5975609756097561
LTCUSDT,year2025,transition,panic_continuation,17,283.1827018252749,0.7647058823529411
LTCUSDT,year2025,transition,rebound,96,13.570419360636246,0.5104166666666666
LTCUSDT,year2025,transition,range,293,14.765411783632953,0.5017064846416383
SOLUSDT,all,up_persistent,range,11,133.71961730599705,0.6363636363636364
SOLUSDT,all,up_persistent,transition,387,2.510606807339097,0.4806201550387597
SOLUSDT,all,down_persistent,panic_continuation,103,-15.598417126530384,0.5242718446601942
SOLUSDT,all,down_persistent,rebound,104,38.8711620435835,0.49038461538461536
SOLUSDT,all,down_persistent,range,41,112.14444388323216,0.5609756097560976
SOLUSDT,all,down_persistent,transition,217,14.081084856349277,0.4792626728110599
SOLUSDT,all,panic_continuation,down_persistent,91,-60.83874227666907,0.4065934065934066
SOLUSDT,all,panic_continuation,rebound,32,66.13879973977984,0.59375
SOLUSDT,all,panic_continuation,range,1,125.6075883657659,1.0
SOLUSDT,all,panic_continuation,transition,30,63.49228499194763,0.6
SOLUSDT,all,rebound,down_persistent,72,36.573093034493525,0.5555555555555556
SOLUSDT,all,rebound,panic_continuation,16,15.510881349795197,0.5625
SOLUSDT,all,rebound,range,53,-91.96601923090068,0.4339622641509434
SOLUSDT,all,rebound,transition,285,-27.566004271106685,0.4807017543859649
SOLUSDT,all,range,up_persistent,14,167.9053607961448,0.5714285714285714
SOLUSDT,all,range,down_persistent,49,37.161797468313175,0.5102040816326531
SOLUSDT,all,range,panic_continuation,3,-185.081217012778,0.3333333333333333
SOLUSDT,all,range,rebound,41,-81.55282742248653,0.4634146341463415
SOLUSDT,all,range,transition,774,4.218809469452435,0.48320413436692505
SOLUSDT,all,transition,up_persistent,384,-10.822195090205328,0.5
SOLUSDT,all,transition,down_persistent,253,39.01860328566905,0.5375494071146245
SOLUSDT,all,transition,panic_continuation,32,85.51930786958151,0.34375
SOLUSDT,all,transition,rebound,249,-27.1226909325175,0.4738955823293173
SOLUSDT,all,transition,range,774,-6.3334860540762055,0.4780361757105943
SOLUSDT,development_2024_25,up_persistent,range,6,199.9692442640529,0.8333333333333334
SOLUSDT,development_2024_25,up_persistent,transition,288,-4.899632481148766,0.4791666666666667
SOLUSDT,development_2024_25,down_persistent,panic_continuation,72,89.74796534882869,0.5694444444444444
SOLUSDT,development_2024_25,down_persistent,rebound,82,49.22557352291685,0.47560975609756095
SOLUSDT,development_2024_25,down_persistent,range,28,146.90595882476248,0.5714285714285714
SOLUSDT,development_2024_25,down_persistent,transition,158,15.793625328331894,0.4810126582278481
SOLUSDT,development_2024_25,panic_continuation,down_persistent,66,13.289821887615187,0.3939393939393939
SOLUSDT,development_2024_25,panic_continuation,rebound,21,154.6708065471259,0.6666666666666666
SOLUSDT,development_2024_25,panic_continuation,range,1,125.6075883657659,1.0
SOLUSDT,development_2024_25,panic_continuation,transition,20,18.754443252767484,0.55
SOLUSDT,development_2024_25,rebound,down_persistent,58,75.1997698331169,0.5862068965517241
SOLUSDT,development_2024_25,rebound,panic_continuation,10,70.16429276195556,0.6
SOLUSDT,development_2024_25,rebound,range,37,-147.7903073650058,0.35135135135135137
SOLUSDT,development_2024_25,rebound,transition,216,-25.745250680315806,0.4722222222222222
SOLUSDT,development_2024_25,range,up_persistent,5,241.7054395491012,0.8
SOLUSDT,development_2024_25,range,down_persistent,32,68.25954326914646,0.53125
SOLUSDT,development_2024_25,range,panic_continuation,2,-819.357945534554,0.0
SOLUSDT,development_2024_25,range,rebound,33,-102.78146815547005,0.48484848484848486
SOLUSDT,development_2024_25,range,transition,562,4.21243480411143,0.4804270462633452
SOLUSDT,development_2024_25,transition,up_persistent,289,-31.30517741618204,0.47750865051903113
SOLUSDT,development_2024_25,transition,down_persistent,184,55.059146874302364,0.5271739130434783
SOLUSDT,development_2024_25,transition,panic_continuation,24,93.4942431398067,0.375
SOLUSDT,development_2024_25,transition,rebound,185,-40.01889494980304,0.44324324324324327
SOLUSDT,development_2024_25,transition,range,562,-9.949442852587142,0.48398576512455516
SOLUSDT,reused_2026,up_persistent,range,5,54.22006495633003,0.4
SOLUSDT,reused_2026,up_persistent,transition,99,24.067666555667422,0.48484848484848486
SOLUSDT,reused_2026,down_persistent,panic_continuation,31,-260.2738861015579,0.41935483870967744
SOLUSDT,reused_2026,down_persistent,rebound,22,0.2774465297046684,0.5454545454545454
SOLUSDT,reused_2026,down_persistent,range,13,37.273488624551476,0.5384615384615384
SOLUSDT,reused_2026,down_persistent,transition,59,9.494959524599214,0.4745762711864407
SOLUSDT,reused_2026,panic_continuation,down_persistent,25,-256.53815167037953,0.44
SOLUSDT,reused_2026,panic_continuation,rebound,11,-102.87684961969896,0.45454545454545453
SOLUSDT,reused_2026,panic_continuation,transition,10,152.9679684703079,0.7
SOLUSDT,reused_2026,rebound,down_persistent,14,-123.45171084551758,0.42857142857142855
SOLUSDT,reused_2026,rebound,panic_continuation,6,-75.5781376704721,0.5
SOLUSDT,reused_2026,rebound,range,16,37.127647079217354,0.625
SOLUSDT,reused_2026,rebound,transition,69,-33.26575464227814,0.5072463768115942
SOLUSDT,reused_2026,range,up_persistent,9,126.90531704450237,0.4444444444444444
SOLUSDT,reused_2026,range,down_persistent,17,-21.37513580384361,0.47058823529411764
SOLUSDT,reused_2026,range,panic_continuation,1,1083.472240030774,1.0
SOLUSDT,reused_2026,range,rebound,8,6.015315601070465,0.375
SOLUSDT,reused_2026,range,transition,212,4.235708346441326,0.49056603773584906
SOLUSDT,reused_2026,transition,up_persistent,95,51.48919324881856,0.5684210526315789
SOLUSDT,reused_2026,transition,down_persistent,69,-3.7561796173530935,0.5652173913043478
SOLUSDT,reused_2026,transition,panic_continuation,8,61.59450205890593,0.25
SOLUSDT,reused_2026,transition,rebound,64,10.155398804948517,0.5625
SOLUSDT,reused_2026,transition,range,212,3.252210741976368,0.46226415094339623
SOLUSDT,year2024,up_persistent,range,4,299.0393463192281,1.0
SOLUSDT,year2024,up_persistent,transition,170,3.911897794248942,0.4588235294117647
SOLUSDT,year2024,down_persistent,panic_continuation,27,-31.223787123611288,0.5185185185185185
SOLUSDT,year2024,down_persistent,rebound,38,-44.89923687470265,0.42105263157894735
SOLUSDT,year2024,down_persistent,range,12,96.6557469184958,0.6666666666666666
SOLUSDT,year2024,down_persistent,transition,67,9.055045148944286,0.47761194029850745
SOLUSDT,year2024,panic_continuation,down_persistent,20,-48.39607960674603,0.45
SOLUSDT,year2024,panic_continuation,rebound,11,102.18147081114014,0.5454545454545454
SOLUSDT,year2024,panic_continuation,range,1,125.6075883657659,1.0
SOLUSDT,year2024,panic_continuation,transition,12,144.6925373582301,0.6666666666666666
SOLUSDT,year2024,rebound,down_persistent,29,-68.76472894826895,0.4827586206896552
SOLUSDT,year2024,rebound,panic_continuation,6,53.429369597641035,0.5
SOLUSDT,year2024,rebound,range,19,-86.58852006708345,0.42105263157894735
SOLUSDT,year2024,rebound,transition,90,38.326268996331684,0.5777777777777777
SOLUSDT,year2024,range,up_persistent,3,261.75231375293055,1.0
SOLUSDT,year2024,range,down_persistent,16,63.631747938071165,0.6875
SOLUSDT,year2024,range,rebound,18,25.689879603283334,0.5555555555555556
SOLUSDT,year2024,range,transition,285,4.056251821172009,0.49122807017543857
SOLUSDT,year2024,transition,up_persistent,171,-19.85794143757635,0.47953216374269003
SOLUSDT,year2024,transition,down_persistent,79,24.71093705396422,0.4936708860759494
SOLUSDT,year2024,transition,panic_continuation,11,201.12686881045758,0.45454545454545453
SOLUSDT,year2024,transition,rebound,77,26.293437520225478,0.5844155844155844
SOLUSDT,year2024,transition,range,286,-24.854662570009104,0.46153846153846156
SOLUSDT,year2025,up_persistent,range,2,1.8290401537024437,0.5
SOLUSDT,year2025,up_persistent,transition,118,-17.59420999655224,0.5084745762711864
SOLUSDT,year2025,down_persistent,panic_continuation,45,162.33101683229268,0.6
SOLUSDT,year2025,down_persistent,rebound,44,130.51518250267912,0.5227272727272727
SOLUSDT,year2025,down_persistent,range,16,184.59361775446249,0.5
SOLUSDT,year2025,down_persistent,transition,91,20.754997548320574,0.4835164835164835
SOLUSDT,year2025,panic_continuation,down_persistent,46,40.10977905907659,0.3695652173913043
SOLUSDT,year2025,panic_continuation,rebound,10,212.40907585671022,0.8
SOLUSDT,year2025,panic_continuation,transition,8,-170.15269790542644,0.375
SOLUSDT,year2025,rebound,down_persistent,29,219.16426861450276,0.6896551724137931
SOLUSDT,year2025,rebound,panic_continuation,4,95.26667750842738,0.75
SOLUSDT,year2025,rebound,range,18,-212.39219395725712,0.2777777777777778
SOLUSDT,year2025,rebound,transition,126,-71.51062187792115,0.3968253968253968
SOLUSDT,year2025,range,up_persistent,2,211.63512824335706,0.5
SOLUSDT,year2025,range,down_persistent,16,72.88733860022177,0.375
SOLUSDT,year2025,range,panic_continuation,2,-819.357945534554,0.0
SOLUSDT,year2025,range,rebound,15,-256.9470854659741,0.4
SOLUSDT,year2025,range,transition,277,4.373128486919137,0.4693140794223827
SOLUSDT,year2025,transition,up_persistent,118,-47.893968537720795,0.4745762711864407
SOLUSDT,year2025,transition,down_persistent,105,77.89256188198533,0.5523809523809524
SOLUSDT,year2025,transition,panic_continuation,13,2.4204829569482658,0.3076923076923077
SOLUSDT,year2025,transition,rebound,108,-87.29713198861967,0.3425925925925926
SOLUSDT,year2025,transition,range,276,5.49582105749503,0.5072463768115942
TRXUSDT,all,up_persistent,range,25,-58.77844885857981,0.36
TRXUSDT,all,up_persistent,transition,453,17.434605731519344,0.4966887417218543
TRXUSDT,all,down_persistent,panic_continuation,86,57.512574972804906,0.6162790697674418
TRXUSDT,all,down_persistent,rebound,56,21.665566761599692,0.5714285714285714
TRXUSDT,all,down_persistent,range,39,-0.218310313202348,0.5897435897435898
TRXUSDT,all,down_persistent,transition,207,0.6262492890305041,0.5314009661835749
TRXUSDT,all,panic_continuation,down_persistent,77,35.4815477663216,0.6103896103896104
TRXUSDT,all,panic_continuation,rebound,22,56.94710743905726,0.5454545454545454
TRXUSDT,all,panic_continuation,range,1,-83.396512509476,0.0
TRXUSDT,all,panic_continuation,transition,25,102.46173391896218,0.68
TRXUSDT,all,rebound,up_persistent,3,22.082696536841475,0.6666666666666666
TRXUSDT,all,rebound,down_persistent,38,35.14215051790556,0.631578947368421
TRXUSDT,all,rebound,panic_continuation,9,140.9399268563987,0.6666666666666666
TRXUSDT,all,rebound,range,55,-11.129649843215647,0.45454545454545453
TRXUSDT,all,rebound,transition,303,3.2780951594508054,0.504950495049505
TRXUSDT,all,range,up_persistent,23,-9.72595121837189,0.391304347826087
TRXUSDT,all,range,down_persistent,29,53.678403875388184,0.6896551724137931
TRXUSDT,all,range,panic_continuation,2,223.5495137280874,1.0
TRXUSDT,all,range,rebound,34,-17.579052010909386,0.5
TRXUSDT,all,range,transition,652,6.043110098200356,0.5352760736196319
TRXUSDT,all,transition,up_persistent,452,28.861656530916186,0.5176991150442478
TRXUSDT,all,transition,down_persistent,244,-10.888377306675244,0.5286885245901639
TRXUSDT,all,transition,panic_continuation,28,115.22818327127747,0.5357142857142857
TRXUSDT,all,transition,rebound,297,0.07398825260523803,0.5084175084175084
TRXUSDT,all,transition,range,620,8.367678040017887,0.5467741935483871
TRXUSDT,development_2024_25,up_persistent,range,14,-85.52400432118809,0.35714285714285715
TRXUSDT,development_2024_25,up_persistent,transition,286,23.98435147023092,0.486013986013986
TRXUSDT,development_2024_25,down_persistent,panic_continuation,61,87.53345571291887,0.6557377049180327
TRXUSDT,development_2024_25,down_persistent,rebound,43,25.843162297318084,0.6046511627906976
TRXUSDT,development_2024_25,down_persistent,range,34,-2.2223521758967704,0.5882352941176471
TRXUSDT,development_2024_25,down_persistent,transition,142,7.330655921865883,0.5352112676056338
TRXUSDT,development_2024_25,panic_continuation,down_persistent,50,52.40501798443414,0.64
TRXUSDT,development_2024_25,panic_continuation,rebound,18,98.41886269982089,0.6111111111111112
TRXUSDT,development_2024_25,panic_continuation,range,1,-83.396512509476,0.0
TRXUSDT,development_2024_25,panic_continuation,transition,20,132.35137728698132,0.75
TRXUSDT,development_2024_25,rebound,up_persistent,3,22.082696536841475,0.6666666666666666
TRXUSDT,development_2024_25,rebound,down_persistent,30,62.84199615141624,0.6666666666666666
TRXUSDT,development_2024_25,rebound,panic_continuation,7,135.04823852884698,0.5714285714285714
TRXUSDT,development_2024_25,rebound,range,36,27.80745075004994,0.5833333333333334
TRXUSDT,development_2024_25,rebound,transition,216,0.1709674562394467,0.4675925925925926
TRXUSDT,development_2024_25,range,up_persistent,13,-1.9897989539225265,0.46153846153846156
TRXUSDT,development_2024_25,range,down_persistent,25,66.82425429152828,0.72
TRXUSDT,development_2024_25,range,panic_continuation,2,223.5495137280874,1.0
TRXUSDT,development_2024_25,range,rebound,21,28.587857695448548,0.5714285714285714
TRXUSDT,development_2024_25,range,transition,490,2.676530517627305,0.5224489795918368
TRXUSDT,development_2024_25,transition,up_persistent,284,42.15310210032186,0.5105633802816901
TRXUSDT,development_2024_25,transition,down_persistent,175,-11.174039284445795,0.5257142857142857
TRXUSDT,development_2024_25,transition,panic_continuation,19,211.46695009789326,0.6842105263157895
TRXUSDT,development_2024_25,transition,rebound,210,-3.127628619374196,0.46190476190476193
TRXUSDT,development_2024_25,transition,range,467,6.204177283653051,0.5353319057815846
TRXUSDT,reused_2026,up_persistent,range,11,-24.738650997078373,0.36363636363636365
TRXUSDT,reused_2026,up_persistent,transition,167,6.217675903546224,0.5149700598802395
TRXUSDT,reused_2026,down_persistent,panic_continuation,25,-15.738374033073166,0.52
TRXUSDT,reused_2026,down_persistent,rebound,13,7.847366143454245,0.46153846153846156
TRXUSDT,reused_2026,down_persistent,range,5,13.409174353119724,0.6
TRXUSDT,reused_2026,down_persistent,transition,65,-14.020300585779095,0.5230769230769231
TRXUSDT,reused_2026,panic_continuation,down_persistent,27,4.141788103150246,0.5555555555555556
TRXUSDT,reused_2026,panic_continuation,rebound,4,-129.67579123437906,0.25
TRXUSDT,reused_2026,panic_continuation,transition,5,-17.096839553114364,0.4
TRXUSDT,reused_2026,rebound,down_persistent,8,-68.73227060775949,0.5
TRXUSDT,reused_2026,rebound,panic_continuation,2,161.56083600282977,1.0
TRXUSDT,reused_2026,rebound,range,19,-84.90520886203466,0.21052631578947367
TRXUSDT,reused_2026,rebound,transition,87,10.992343250182453,0.5977011494252874
TRXUSDT,reused_2026,range,up_persistent,10,-19.78294916215606,0.3
TRXUSDT,reused_2026,range,down_persistent,4,-28.483161225487386,0.5
TRXUSDT,reused_2026,range,rebound,13,-92.15636769041068,0.38461538461538464
TRXUSDT,reused_2026,range,transition,162,16.225974261662053,0.5740740740740741
TRXUSDT,reused_2026,transition,up_persistent,168,6.3927842588256505,0.5297619047619048
TRXUSDT,reused_2026,transition,down_persistent,69,-10.163872290590504,0.5362318840579711
TRXUSDT,reused_2026,transition,panic_continuation,9,-87.94254669602252,0.2222222222222222
TRXUSDT,reused_2026,transition,rebound,87,7.802028978072837,0.6206896551724138
TRXUSDT,reused_2026,transition,range,153,14.971304531667421,0.5816993464052288
TRXUSDT,year2024,up_persistent,range,5,-72.59564021074372,0.4
TRXUSDT,year2024,up_persistent,transition,154,48.56113281751018,0.4675324675324675
TRXUSDT,year2024,down_persistent,panic_continuation,27,59.390754065852796,0.5925925925925926
TRXUSDT,year2024,down_persistent,rebound,25,-27.203502110709053,0.56
TRXUSDT,year2024,down_persistent,range,6,0.2965283213068881,0.6666666666666666
TRXUSDT,year2024,down_persistent,transition,66,9.229166858041214,0.5909090909090909
TRXUSDT,year2024,panic_continuation,down_persistent,24,33.22853074744225,0.6666666666666666
TRXUSDT,year2024,panic_continuation,rebound,7,154.85167856559877,0.5714285714285714
TRXUSDT,year2024,panic_continuation,transition,9,94.21123936063488,0.7777777777777778
TRXUSDT,year2024,rebound,up_persistent,2,43.793035608892254,1.0
TRXUSDT,year2024,rebound,down_persistent,15,1.6684325236024182,0.5333333333333333
TRXUSDT,year2024,rebound,panic_continuation,4,169.80126830162783,0.5
TRXUSDT,year2024,rebound,range,16,25.952570736320485,0.5
TRXUSDT,year2024,rebound,transition,101,28.34603686569899,0.5148514851485149
TRXUSDT,year2024,range,up_persistent,6,111.5489265850191,0.8333333333333334
TRXUSDT,year2024,range,down_persistent,9,69.50288841550295,0.6666666666666666
TRXUSDT,year2024,range,panic_continuation,2,223.5495137280874,1.0
TRXUSDT,year2024,range,rebound,6,-8.192700864136185,0.5
TRXUSDT,year2024,range,transition,204,7.037230012201284,0.5049019607843137
TRXUSDT,year2024,transition,up_persistent,151,86.24953983854645,0.5165562913907285
TRXUSDT,year2024,transition,down_persistent,76,-11.318042353386632,0.5526315789473685
TRXUSDT,year2024,transition,panic_continuation,7,238.90570279335722,0.7142857142857143
TRXUSDT,year2024,transition,rebound,100,23.273709988275073,0.57
TRXUSDT,year2024,transition,range,201,11.252922648505345,0.4925373134328358
TRXUSDT,year2025,up_persistent,range,9,-92.70642882699052,0.3333333333333333
TRXUSDT,year2025,up_persistent,transition,132,-4.688560101594884,0.5075757575757576
TRXUSDT,year2025,down_persistent,panic_continuation,34,109.88207172676545,0.7058823529411765
TRXUSDT,year2025,down_persistent,rebound,18,99.51908508624466,0.6666666666666666
TRXUSDT,year2025,down_persistent,range,28,-2.762112282440411,0.5714285714285714
TRXUSDT,year2025,down_persistent,transition,76,5.681949056239938,0.4868421052631579
TRXUSDT,year2025,panic_continuation,down_persistent,26,70.10639081858048,0.6153846153846154
TRXUSDT,year2025,panic_continuation,rebound,11,62.50707078523498,0.6363636363636364
TRXUSDT,year2025,panic_continuation,range,1,-83.396512509476,0.0
TRXUSDT,year2025,panic_continuation,transition,11,163.55694468126478,0.7272727272727273
TRXUSDT,year2025,rebound,up_persistent,1,-21.337981607260083,0.0
TRXUSDT,year2025,rebound,down_persistent,15,124.01555977923006,0.8
TRXUSDT,year2025,rebound,panic_continuation,3,88.71086549847251,0.6666666666666666
TRXUSDT,year2025,rebound,range,20,29.291354761033507,0.65
TRXUSDT,year2025,rebound,transition,115,-24.57409350337285,0.4260869565217391
TRXUSDT,year2025,range,up_persistent,7,-99.30870655872963,0.14285714285714285
TRXUSDT,year2025,range,down_persistent,16,65.31752259679251,0.75
TRXUSDT,year2025,range,rebound,15,43.300081119282446,0.6
TRXUSDT,year2025,range,transition,286,-0.43389849248839985,0.534965034965035
TRXUSDT,year2025,transition,up_persistent,133,-7.911274579918096,0.5037593984962406
TRXUSDT,year2025,transition,down_persistent,99,-11.063491473945762,0.5050505050505051
TRXUSDT,year2025,transition,panic_continuation,12,195.4610110255393,0.6666666666666666
TRXUSDT,year2025,transition,rebound,110,-27.128845535418986,0.36363636363636365
TRXUSDT,year2025,transition,range,266,2.3891478914150386,0.5676691729323309
XRPUSDT,all,up_persistent,range,14,11.96497804732561,0.5714285714285714
XRPUSDT,all,up_persistent,transition,261,22.10335233817258,0.4482758620689655
XRPUSDT,all,down_persistent,panic_continuation,80,-0.30248729210829994,0.5375
XRPUSDT,all,down_persistent,rebound,104,9.73975442966217,0.4519230769230769
XRPUSDT,all,down_persistent,range,43,81.10875974727152,0.5813953488372093
XRPUSDT,all,down_persistent,transition,253,22.610416071338072,0.525691699604743
XRPUSDT,all,panic_continuation,down_persistent,72,9.223168278554263,0.5
XRPUSDT,all,panic_continuation,rebound,24,84.69662080946368,0.5416666666666666
XRPUSDT,all,panic_continuation,transition,39,-11.516418416441455,0.6153846153846154
XRPUSDT,all,rebound,down_persistent,58,82.32567292335234,0.5689655172413793
XRPUSDT,all,rebound,panic_continuation,16,183.64479950339637,0.75
XRPUSDT,all,rebound,range,53,-9.947901674981559,0.4528301886792453
XRPUSDT,all,rebound,transition,277,-69.08099291824124,0.4259927797833935
XRPUSDT,all,range,up_persistent,17,39.90371967979904,0.5294117647058824
XRPUSDT,all,range,down_persistent,57,99.8033510484122,0.5614035087719298
XRPUSDT,all,range,panic_continuation,2,180.40426522594743,0.5
XRPUSDT,all,range,rebound,41,3.9681797397502314,0.5121951219512195
XRPUSDT,all,range,transition,804,-9.00036055188481,0.486318407960199
XRPUSDT,all,transition,up_persistent,258,40.1516057711565,0.4418604651162791
XRPUSDT,all,transition,down_persistent,293,18.844143397753506,0.5358361774744027
XRPUSDT,all,transition,panic_continuation,37,60.36279141893711,0.4594594594594595
XRPUSDT,all,transition,rebound,235,-44.46053356151849,0.41702127659574467
XRPUSDT,all,transition,range,811,-11.847091555260336,0.46979038224414305
XRPUSDT,development_2024_25,up_persistent,range,10,1.0154783779202647,0.7
XRPUSDT,development_2024_25,up_persistent,transition,211,23.752603846351317,0.45023696682464454
XRPUSDT,development_2024_25,down_persistent,panic_continuation,55,50.693319630922254,0.6181818181818182
XRPUSDT,development_2024_25,down_persistent,rebound,69,72.46710545309149,0.5217391304347826
XRPUSDT,development_2024_25,down_persistent,range,33,82.28866297750558,0.6666666666666666
XRPUSDT,development_2024_25,down_persistent,transition,170,37.928043810509465,0.5705882352941176
XRPUSDT,development_2024_25,panic_continuation,down_persistent,52,55.103446020650985,0.5384615384615384
XRPUSDT,development_2024_25,panic_continuation,rebound,14,116.77823129422273,0.6428571428571429
XRPUSDT,development_2024_25,panic_continuation,transition,24,165.33083969384003,0.7083333333333334
XRPUSDT,development_2024_25,rebound,down_persistent,39,184.723892550111,0.6666666666666666
XRPUSDT,development_2024_25,rebound,panic_continuation,11,226.463846991255,0.7272727272727273
XRPUSDT,development_2024_25,rebound,range,36,46.60008458996366,0.5833333333333334
XRPUSDT,development_2024_25,rebound,transition,187,-59.11230462077031,0.45454545454545453
XRPUSDT,development_2024_25,range,up_persistent,12,100.8983266297575,0.6666666666666666
XRPUSDT,development_2024_25,range,down_persistent,40,123.00973914204575,0.675
XRPUSDT,development_2024_25,range,panic_continuation,1,378.67910983488963,1.0
XRPUSDT,development_2024_25,range,rebound,27,64.82332992215699,0.6296296296296297
XRPUSDT,development_2024_25,range,transition,576,-14.247058882412487,0.4965277777777778
XRPUSDT,development_2024_25,transition,up_persistent,209,31.162601855729335,0.44019138755980863
XRPUSDT,development_2024_25,transition,down_persistent,196,41.61708590031231,0.5561224489795918
XRPUSDT,development_2024_25,transition,panic_continuation,23,260.9475014078894,0.5652173913043478
XRPUSDT,development_2024_25,transition,rebound,163,-31.165080526169554,0.4662576687116564
XRPUSDT,development_2024_25,transition,range,577,-19.18102524494436,0.4679376083188908
XRPUSDT,reused_2026,up_persistent,range,4,39.338727220838976,0.25
XRPUSDT,reused_2026,up_persistent,transition,50,15.143510973658337,0.44
XRPUSDT,reused_2026,down_persistent,panic_continuation,25,-112.49326252277552,0.36
XRPUSDT,reused_2026,down_persistent,rebound,35,-113.92273758795562,0.3142857142857143
XRPUSDT,reused_2026,down_persistent,range,10,77.21507908749913,0.3
XRPUSDT,reused_2026,down_persistent,transition,83,-8.763038334193704,0.43373493975903615
XRPUSDT,reused_2026,panic_continuation,down_persistent,20,-110.06555385089722,0.4
XRPUSDT,reused_2026,panic_continuation,rebound,10,39.782366130800995,0.4
XRPUSDT,reused_2026,panic_continuation,transition,15,-294.47203139289184,0.4666666666666667
XRPUSDT,reused_2026,rebound,down_persistent,19,-127.8601463105207,0.3684210526315789
XRPUSDT,reused_2026,rebound,panic_continuation,5,89.44289503010738,0.8
XRPUSDT,reused_2026,rebound,range,17,-129.69657847133612,0.17647058823529413
XRPUSDT,reused_2026,rebound,transition,90,-89.79371193631971,0.36666666666666664
XRPUSDT,reused_2026,range,up_persistent,5,-106.48333700010126,0.2
XRPUSDT,reused_2026,range,down_persistent,17,45.200084945745026,0.29411764705882354
XRPUSDT,reused_2026,range,panic_continuation,1,-17.870579382994745,0.0
XRPUSDT,reused_2026,range,rebound,14,-113.39532418346279,0.2857142857142857
XRPUSDT,reused_2026,range,transition,228,4.254456283132469,0.4605263157894737
XRPUSDT,reused_2026,transition,up_persistent,49,78.49245920634584,0.4489795918367347
XRPUSDT,reused_2026,transition,down_persistent,97,-27.171286813602446,0.4948453608247423
XRPUSDT,reused_2026,transition,panic_continuation,14,-269.16923213434166,0.2857142857142857
XRPUSDT,reused_2026,transition,rebound,72,-74.55996196098896,0.3055555555555556
XRPUSDT,reused_2026,transition,range,234,6.237009893234038,0.47435897435897434
XRPUSDT,year2024,up_persistent,range,6,-94.6567799753841,0.5
XRPUSDT,year2024,up_persistent,transition,117,98.84087948651067,0.452991452991453
XRPUSDT,year2024,down_persistent,panic_continuation,20,9.263744971855003,0.65
XRPUSDT,year2024,down_persistent,rebound,20,195.33129062503744,0.75
XRPUSDT,year2024,down_persistent,range,18,147.25855078292807,0.7777777777777778
XRPUSDT,year2024,down_persistent,transition,80,104.8970565952362,0.6375
XRPUSDT,year2024,panic_continuation,down_persistent,19,-127.14388333057637,0.42105263157894735
XRPUSDT,year2024,panic_continuation,rebound,5,-11.303258404211425,0.6
XRPUSDT,year2024,panic_continuation,transition,12,-74.38903287014982,0.5
XRPUSDT,year2024,rebound,down_persistent,14,155.6275404362005,0.7142857142857143
XRPUSDT,year2024,rebound,panic_continuation,3,-170.8172299740714,0.6666666666666666
XRPUSDT,year2024,rebound,range,15,7.383198541896322,0.6
XRPUSDT,year2024,rebound,transition,78,-4.747694504848904,0.5128205128205128
XRPUSDT,year2024,range,up_persistent,8,13.996327277925879,0.625
XRPUSDT,year2024,range,down_persistent,19,308.299156916136,0.9473684210526315
XRPUSDT,year2024,range,panic_continuation,1,378.67910983488963,1.0
XRPUSDT,year2024,range,rebound,10,-34.97064026246577,0.5
XRPUSDT,year2024,range,transition,284,9.720219040964457,0.5140845070422535
XRPUSDT,year2024,transition,up_persistent,115,105.06474305937128,0.48695652173913045
XRPUSDT,year2024,transition,down_persistent,86,112.29552482300095,0.6627906976744186
XRPUSDT,year2024,transition,panic_continuation,12,105.94928558213165,0.3333333333333333
XRPUSDT,year2024,transition,rebound,75,-12.32169950886511,0.5066666666666667
XRPUSDT,year2024,transition,range,283,-7.287337716251641,0.4876325088339223
XRPUSDT,year2025,up_persistent,range,4,144.5238659078768,1.0
XRPUSDT,year2025,up_persistent,transition,94,-69.70833498235768,0.44680851063829785
XRPUSDT,year2025,down_persistent,panic_continuation,35,74.36736229324639,0.6
XRPUSDT,year2025,down_persistent,rebound,49,22.318458444133938,0.42857142857142855
XRPUSDT,year2025,down_persistent,range,15,4.324797610998576,0.5333333333333333
XRPUSDT,year2025,down_persistent,transition,90,-21.599967553692064,0.5111111111111111
XRPUSDT,year2025,panic_continuation,down_persistent,33,160.03372655620615,0.6060606060606061
XRPUSDT,year2025,panic_continuation,rebound,9,187.9346144600195,0.6666666666666666
XRPUSDT,year2025,panic_continuation,transition,12,405.05071225782984,0.9166666666666666
XRPUSDT,year2025,rebound,down_persistent,25,201.01784973390087,0.64
XRPUSDT,year2025,rebound,panic_continuation,8,375.4442508532524,0.75
XRPUSDT,year2025,rebound,range,21,74.61214605286888,0.5714285714285714
XRPUSDT,year2025,rebound,transition,109,-98.0154201165673,0.41284403669724773
XRPUSDT,year2025,range,up_persistent,4,274.7023253334208,0.75
XRPUSDT,year2025,range,down_persistent,21,-44.63306741546443,0.42857142857142855
XRPUSDT,year2025,range,rebound,17,123.52566532487626,0.7058823529411765
XRPUSDT,year2025,range,transition,292,-37.557699054464024,0.4794520547945205
XRPUSDT,year2025,transition,up_persistent,94,-59.249592170002856,0.3829787234042553
XRPUSDT,year2025,transition,down_persistent,110,-13.640602711971518,0.4727272727272727
XRPUSDT,year2025,transition,panic_continuation,11,430.03646412689784,0.8181818181818182
XRPUSDT,year2025,transition,rebound,88,-47.224780256826755,0.4318181818181818
XRPUSDT,year2025,transition,range,294,-30.629710859298243,0.4489795918367347
