prototype,group,feature,center,center_sd,weight,salience
range_long,efficiency,choppiness_med_15m,0.7469479176733229,0.007617820984580081,0.6787069174978468,0.16760525998657305
range_long,efficiency,choppiness_med_5m,0.7306172649065653,0.010769341385568437,0.6467544900046455,0.14915275155091187
range_long,efficiency,efficiency_fast_15m,0.4488746490743425,0.022766612671722725,0.3160126623180177,0.016156258257959962
range_long,efficiency,efficiency_fast_5m,0.4712256193161011,0.017545667458464146,0.2711097713973787,0.007801015769312987
range_long,efficiency,efficiency_med_15m,0.2217898948325051,0.009219402919142593,0.7206324736277262,0.2004872362750817
range_long,efficiency,efficiency_med_15m__delta4h,0.2988726596037547,0.018818570033815346,0.7518267565303378,0.15121291597968228
range_long,efficiency,efficiency_med_15m__lag4h,0.5079682072003683,0.027170759406136304,0.30065836177931893,0.002395708123180901
range_long,efficiency,efficiency_med_5m,0.22878234088420862,0.010376857512110083,0.7065081927511427,0.19161749818409327
range_long,efficiency,path_range_ratio_15m,0.31120351950327557,0.007242977910024995,0.6244658364189996,0.11789695210635036
range_long,efficiency,path_range_ratio_5m,0.2975676092836592,0.014657036847732199,0.6897650294833713,0.13963078395084613
range_long,efficiency,return_acf1_med_15m,0.27325899402300513,0.00620287221554572,0.6591494546996223,0.14945621044777996
range_long,efficiency,return_acf1_med_5m,0.5207816263039907,0.01900820450149132,0.23680881493621397,0.004921272297495295
range_long,efficiency,sign_entropy_med_15m,0.593888885445065,0.0060092767023920465,0.42342639631695217,0.039755032418219025
range_long,efficiency,sign_entropy_med_5m,0.5400000214576721,0.004330122889391275,0.33636787202623153,0.01345472209872077
range_long,efficiency,sign_flip_med_15m,0.8316666550106473,0.007071075117333173,1.079166637526618,0.35792358886754105
range_long,efficiency,sign_flip_med_5m,0.4994444449742635,0.037286431275386285,0.31805555356873405,0.0001766973612485178
range_long,efficiency,sign_flip_med_5m__delta4h,0.4933333330684238,0.020463381832590003,0.2749999927149878,0.0018333333576167033
range_long,efficiency,sign_flip_med_5m__lag4h,0.5344444513320923,0.05801101461093311,0.3833333353201548,0.013203706412403685
range_long,efficiency,variance_ratio_2_15m,0.2768317096763187,0.006380063208867695,0.6519412928157382,0.1454926237090988
range_long,efficiency,variance_ratio_2_5m,0.5296210381719801,0.02322847819781882,0.25475928021801836,0.007546234364004107
range_long,participation,flow_change_15m,0.3500032358699374,0.023302890742675084,0.4037309487660725,0.06055833589407096
range_long,participation,flow_change_5m,0.3499983383549584,0.023307354556851286,0.40373245543903774,0.06056053917588837
range_long,participation,flow_imb_fast_15m,0.36101393236054313,0.01571085562341252,0.3859717282983992,0.05364469273619938
range_long,participation,flow_imb_fast_5m,0.3610131475660536,0.01571156889184913,0.3859822187158796,0.05364645367479118
range_long,participation,flow_imb_med_15m,0.46893543004989624,0.019838780722578452,0.25204741954803467,0.007829744695293073
range_long,participation,flow_imb_med_15m__delta4h,0.46593331959512496,0.03756072159758891,0.35259268018934464,0.012011662149108718
range_long,participation,flow_imb_med_15m__lag4h,0.504159066412184,0.03357122805698808,0.3218878706296284,0.0013387530312251156
range_long,participation,flow_imb_med_5m,0.4689284629291958,0.019835045853033174,0.2520608190033171,0.00783191708175883
range_long,participation,impact_proxy_15m,0.505739152431488,0.02134419449816099,0.18044662972291306,0.001035610713728078
range_long,participation,impact_proxy_5m,0.48952240745226544,0.017677556512670112,0.17236731118626059,0.0018059944551582078
range_long,participation,mean_trade_quote_15m,0.5210807588365343,0.016720920795455552,0.18048229151301912,0.003804703661651031
range_long,participation,mean_trade_quote_5m,0.5210806263817681,0.016720753540568404,0.18048196368747282,0.0038046728451434533
range_long,participation,quote_rel_fast_15m,0.4481186303827498,0.019840876725899965,0.2061189578639136,0.010693733838060122
range_long,participation,quote_rel_fast_5m,0.44811567664146423,0.019842658956991784,0.20612472792466477,0.010694642035833514
range_long,participation,quote_rel_fast_5m__delta4h,0.4520586133003235,0.01341611427124258,0.3698534634378221,0.0177312879128873
range_long,participation,quote_rel_fast_5m__lag4h,0.500415626499388,0.02356933528165104,0.29190627733866376,0.00012132398419964498
range_long,participation,quote_rel_slow_15m,0.4332317312558492,0.019961181067040177,0.3043930033842723,0.0203237938538003
range_long,participation,quote_rel_slow_5m,0.4332361552450392,0.019955032959600022,0.3043841438161002,0.020321855723609766
range_long,participation,trades_rel_fast_15m,0.4460761613316006,0.017590347435684727,0.20514130592346186,0.011062006684841521
range_long,participation,trades_rel_fast_5m,0.4460754626327091,0.017595448698873552,0.20514793528450856,0.01106250750207206
range_long,path_geometry,above_prev_high_15m,0.46722222367922467,0.0026352288703211557,0.3281287617153591,0.01075533115591903
range_long,path_geometry,above_prev_high_5m,0.48111110594537515,0.0022048037981551687,0.29383052057690084,0.0055501335731923465
range_long,path_geometry,below_prev_low_15m,0.4722222189108531,0.0026352288703211614,0.31944443782170606,0.008873457663956953
range_long,path_geometry,below_prev_low_5m,0.48555556933085114,0.0016666650772094748,0.28611107667287183,0.004132711610676829
range_long,path_geometry,body_range_15m,0.41003821624649894,0.0256289845287374,0.41917727722062004,0.03770993556770279
range_long,path_geometry,body_range_5m,0.5893315143055387,0.014045375966848657,0.40762523478931845,0.03641377949288055
range_long,path_geometry,close_location_15m,0.48065804110633004,0.024963032106769527,0.25929499003622264,0.005015273038615181
range_long,path_geometry,close_location_5m,0.6123498413297865,0.0075649839815376384,0.4693283836046855,0.0527289694295516
range_long,path_geometry,close_location_5m__delta4h,0.6150434547000461,0.023116367938903367,0.5360266731845008,0.06166636029451752
range_long,path_geometry,close_location_5m__lag4h,0.5061294469568465,0.021622209476588508,0.2988252407974667,0.001831633462834947
range_long,path_geometry,open_gap_z_15m,0.49888888994852704,0.0033333301544189405,0.2555555502573649,0.0002839503406006622
range_long,path_geometry,open_gap_z_5m,0.5027777751286825,0.0050689639411031755,0.2597222129503886,0.0007214499034999672
range_long,path_geometry,range_ratio_15m,0.521861645910475,0.016792262143433948,0.24850563704967493,0.005432742243937014
range_long,path_geometry,range_ratio_5m,0.5086850192811754,0.028196758175224778,0.25319708883762354,0.002199021598492235
range_long,path_geometry,reversal_from_high_15m,0.2979220383697086,0.01015114233011853,0.5787126554383172,0.11694507378062831
range_long,path_geometry,reversal_from_high_5m,0.2979220383697086,0.01015114233011853,0.5787126554383172,0.11694507378062831
range_long,path_geometry,vwap_distance_15m,0.2364921669165293,0.005954969478752616,0.6956234176953634,0.18330221943902325
range_long,path_geometry,vwap_distance_15m__delta4h,0.2959374984105428,0.015809942083484293,0.7562261621157328,0.15431740240873085
range_long,path_geometry,vwap_distance_15m__lag4h,0.5301500889990065,0.030190927420059126,0.33740936716397596,0.010172922449092339
range_long,path_geometry,vwap_distance_5m,0.23620807131131485,0.005576920332855979,0.6960855258835686,0.18362174340510426
range_long,time_context,america_hours_15m,0.3305555681387583,0.001666665077209474,0.5013871788978577,0.08495726567085825
range_long,time_context,america_hours_5m,0.3305555681387583,0.001666665077209474,0.5013871788978577,0.08495726567085825
range_long,time_context,asia_hours_15m,0.3305555681387583,0.0016666650772094692,0.5073539548450046,0.08596830263126587
range_long,time_context,asia_hours_5m,0.3305555681387583,0.0016666650772094692,0.5073539548450046,0.08596830263126587
range_long,time_context,europe_hours_15m,0.3305555681387583,0.0016666650772094722,0.4396750364038679,0.07450048674702416
range_long,time_context,europe_hours_5m,0.3305555681387583,0.0016666650772094722,0.4396750364038679,0.07450048674702416
range_long,time_context,hour_cos_15m,0.46916667289204067,0.026010818777323818,0.21375093691878846,0.006590652557649785
range_long,time_context,hour_cos_5m,0.4683333370420668,0.03152380434537487,0.2149874369303385,0.006807934705462948
range_long,time_context,hour_sin_15m,0.48666666282547844,0.02384847030896016,0.22518457306755912,0.0030024618392104534
range_long,time_context,hour_sin_5m,0.48749999536408317,0.017677666368651732,0.21544850038157567,0.0026931072535710246
range_long,time_context,is_weekend_15m,0.3549999892711639,0.0,0.4711538553237915,0.06831731407688227
range_long,time_context,is_weekend_5m,0.3549999892711639,0.0,0.4711538553237915,0.06831731407688227
range_long,time_context,week_cos_15m,0.45671047767003375,0.024708035772194915,0.2755627549356884,0.011928980033095499
range_long,time_context,week_cos_5m,0.4570099910100301,0.02474896013864951,0.2761524584558275,0.011871796671618315
range_long,time_context,week_sin_15m,0.5143977138731215,0.04163071513095813,0.2622083723545074,0.0037752011202970984
range_long,time_context,week_sin_5m,0.5138269364833832,0.04116693829378927,0.2609782036807802,0.0036085290458415854
range_long,trend,breakout_balance_15m,0.2574154039223988,0.009239535610494036,0.4252319501505958,0.10315472086657292
range_long,trend,breakout_balance_5m,0.2508159064584308,0.00987501482117368,0.4591168959935506,0.1144046275577718
range_long,trend,direction_alignment_15m,0.3394444485505422,0.004639799210830135,0.4558552106221517,0.0731900847225483
range_long,trend,direction_alignment_5m,0.3394444485505422,0.004639799210830135,0.4558552106221517,0.0731900847225483
range_long,trend,direction_alignment_5m__delta4h,0.309444440735711,0.07156485134118189,0.693720229797893,0.1321922463620886
range_long,trend,direction_alignment_5m__lag4h,0.5831944313314226,0.11531056712542083,0.5705404049820371,0.047465784544080104
range_long,trend,ema_fast_med_15m,0.30804935428831315,0.012376843118251086,0.3110522031784057,0.05970667125013779
range_long,trend,ema_fast_med_5m,0.31375644935501945,0.012036466361505857,0.3198989033699035,0.059579107611046365
range_long,trend,ema_med_slow_15m,0.5776268045107523,0.01683164967546241,0.2673838088909785,0.02075615066212035
range_long,trend,ema_med_slow_5m,0.5796468059221903,0.015962101524461723,0.27086836430761546,0.02157380004246979
range_long,trend,momentum_fast_15m,0.2507392615079879,0.009289389072829623,0.671655277411143,0.16741729045955872
range_long,trend,momentum_fast_5m,0.25073729455471033,0.009290287699572785,0.6716590589947171,0.1674195541818606
range_long,trend,momentum_med_15m,0.38168168399069047,0.008713887852878497,0.22518125673135117,0.026643067093313468
range_long,trend,momentum_med_5m,0.38168120715353226,0.008714440074809846,0.22518174681398598,0.02664323245408975
range_long,trend,momentum_slow_15m,0.5109700858592987,0.021760061496111243,0.1777507364749908,0.0019499408406842271
range_long,trend,momentum_slow_5m,0.5109700858592987,0.021760061496111243,0.1777507430977291,0.001949940913336235
range_long,trend,momentum_z_med_15m,0.39534975753890145,0.00844824284345585,0.2159373346302244,0.022597894425456358
range_long,trend,momentum_z_med_15m__delta4h,0.43308265672789675,0.01875945750358039,0.38771300845676,0.025944724477960878
range_long,trend,momentum_z_med_15m__lag4h,0.5210403535101149,0.026247955468463036,0.30148181981510586,0.006343284065782592
range_long,trend,momentum_z_med_5m,0.3930185404088762,0.008634971410210648,0.21652017368210683,0.023163644211435422
range_long,vol_asymmetry,down_semivar_fast_15m,0.7242942717340257,0.010221036167604641,0.7338135639826456,0.1645901789220374
range_long,vol_asymmetry,down_semivar_fast_5m,0.6685511933432685,0.017530924724791865,0.6076005167431302,0.1024117921730412
range_long,vol_asymmetry,down_up_ratio_15m,0.7148581941922506,0.017958332390716317,0.46415003803041244,0.09972643900547885
range_long,vol_asymmetry,down_up_ratio_5m,0.7274516820907593,0.0187595308003083,0.48390593462520176,0.11006521880420313
range_long,vol_asymmetry,lower_wick_med_15m,0.458205908536911,0.02958000710799386,0.354485230313407,0.014815388138032699
range_long,vol_asymmetry,lower_wick_med_5m,0.5185339649518331,0.03727350539574936,0.32981805337799913,0.006112836241789663
range_long,vol_asymmetry,lower_wick_med_5m__delta4h,0.5147018995549943,0.028288420497441295,0.31556877824995255,0.004639460480523087
range_long,vol_asymmetry,lower_wick_med_5m__lag4h,0.5102157692114512,0.025355919222843974,0.30975230866008335,0.003164358097985601
range_long,vol_asymmetry,negative_rate_med_15m,0.5400000015894572,0.017853579083831343,0.350000003973643,0.014000000715255732
range_long,vol_asymmetry,negative_rate_med_5m,0.5650000042385526,0.03913119703185058,0.4125000105963813,0.026812502437167762
range_long,vol_asymmetry,return_vol_corr_med_15m,0.46594952874713474,0.017149897005313847,0.33359623286459184,0.011359108937219928
range_long,vol_asymmetry,return_vol_corr_med_5m,0.46725332736968994,0.015472451120534981,0.3302562667263878,0.010814793850597382
range_long,vol_asymmetry,semivar_balance_15m,0.28789135482576156,0.015624550574939585,0.4648660024007161,0.09860209795678017
range_long,vol_asymmetry,semivar_balance_15m__delta4h,0.32251650757259787,0.028085865457079733,0.6898487210273743,0.12243676025451503
range_long,vol_asymmetry,semivar_balance_15m__lag4h,0.5186473528544108,0.04075990739323512,0.34457563360532123,0.006425423424870586
range_long,vol_asymmetry,semivar_balance_5m,0.27202521098984606,0.018083545875913484,0.4846758246421814,0.11049386886112368
range_long,vol_asymmetry,up_semivar_fast_15m,0.453483521938324,0.038047571914069434,0.3433634605672624,0.015972058880658224
range_long,vol_asymmetry,up_semivar_fast_5m,0.48249656293127274,0.02188566281992705,0.27388054629166914,0.004793850906364873
range_long,vol_asymmetry,upper_wick_med_15m,0.47799524002605015,0.025412489236164786,0.31775871581501425,0.006992204271139931
range_long,vol_asymmetry,upper_wick_med_5m,0.5247989528708987,0.023696129183353957,0.32235258155398894,0.00799400647776991
range_long,vol_strength,body_vol_fast_15m,0.5937294297748141,0.017256009970192932,0.21894318362077075,0.020521419753857267
range_long,vol_strength,body_vol_fast_5m,0.5761219527986314,0.01996298745300691,0.17172724339697093,0.013072213116103312
range_long,vol_strength,range_vol_fast_15m,0.5945400794347128,0.017630100961110288,0.18236991597546467,0.017241266342822324
range_long,vol_strength,range_vol_fast_5m,0.5848963326878018,0.016373764952918337,0.17525076203876067,0.014878146997833418
range_long,vol_strength,rv_accel_15m,0.5075968437724643,0.023459067610546253,0.29141014483239913,0.002213797344002925
range_long,vol_strength,rv_accel_5m,0.5006405909856161,0.025239584691706334,0.3028848171234131,0.0001940252835292349
range_long,vol_strength,rv_fast_15m,0.5937990612453885,0.017382076608026376,0.2190454751253128,0.02054625993680444
range_long,vol_strength,rv_fast_5m,0.5757706496450636,0.01844792996587305,0.17142752144071785,0.012989174666606268
range_long,vol_strength,rv_fast_slow_15m,0.5118406812349955,0.019651002898408317,0.20152149928940663,0.0023861518350842335
range_long,vol_strength,rv_fast_slow_15m__delta4h,0.5195896757973565,0.025129457229087892,0.29601706398857963,0.005798878314021605
range_long,vol_strength,rv_fast_slow_15m__lag4h,0.5018453763590919,0.01764286969639431,0.2680413722991943,0.0004946372116994774
range_long,vol_strength,rv_fast_slow_5m,0.47924334473080105,0.019893100264782783,0.2154003216160668,0.004470990220659282
range_long,vol_strength,rv_med_15m,0.5865082608328925,0.007709230243601904,0.2064127342568503,0.01785640665432214
range_long,vol_strength,rv_med_5m,0.5841434200604757,0.013550941323420303,0.19647563000520069,0.016532131467174204
range_long,vol_strength,rv_slow_15m,0.6131972206963433,0.023994503662453766,0.31729422675238717,0.03591682461136556
range_long,vol_strength,rv_slow_5m,0.6143360137939453,0.020107842692617048,0.3158693512280782,0.0361152424990981
range_long,vol_strength,rv_surprise_15m,0.5131443109777238,0.01972804061607418,0.20320555402172935,0.0026709969944622718
range_long,vol_strength,rv_surprise_5m,0.48129189014434814,0.020101666020669925,0.21185538172721857,0.003963413754863864
range_long,vol_strength,rv_surprise_5m__delta4h,0.47609318958388436,0.025810647091897235,0.30148420400089687,0.007207525708502974
range_long,vol_strength,rv_surprise_5m__lag4h,0.5170883867475722,0.019748226646746185,0.2816089573833678,0.004812242775347561
range_short,efficiency,choppiness_med_15m,0.7247367368804084,0.01942395661963048,0.6352360447247823,0.14276087584026476
range_short,efficiency,choppiness_med_5m,0.7065425051583184,0.020916513283687856,0.5996399256918166,0.12385113244533569
range_short,efficiency,efficiency_fast_15m,0.4652402698993683,0.02701595166869033,0.2861612141132355,0.009946886567845148
range_short,efficiency,efficiency_fast_5m,0.4985966980457306,0.029002520012518473,0.2525112529595692,0.0003543495347531806
range_short,efficiency,efficiency_med_15m,0.2254926678207185,0.005226542214144618,0.7135907875166999,0.1958859033489218
range_short,efficiency,efficiency_med_15m__delta4h,0.29344553086492753,0.01825389721524699,0.7653942240609063,0.1580955976299512
range_short,efficiency,efficiency_med_15m__lag4h,0.5187359650929769,0.023050432030706162,0.3139717115296258,0.005882563027401289
range_short,efficiency,efficiency_med_5m,0.2333818177382151,0.006682632733899125,0.697812106874254,0.18604939549507998
range_short,efficiency,path_range_ratio_15m,0.3071385787592994,0.008694683918395117,0.6332892643080817,0.12213706757093433
range_short,efficiency,path_range_ratio_5m,0.3009479608800676,0.011380216943887635,0.6812542875607809,0.13560505509817025
range_short,efficiency,return_acf1_med_15m,0.27307079897986514,0.005857797373685098,0.6595378783014085,0.14966840376545357
range_short,efficiency,return_acf1_med_5m,0.5409369137552049,0.02339624185330078,0.27477695544560743,0.011248520526994616
range_short,efficiency,sign_entropy_med_15m,0.593888885445065,0.0060092767023920465,0.42342639631695217,0.039755032418219025
range_short,efficiency,sign_entropy_med_5m,0.5644444624582926,0.07346105244776031,0.3916776676972707,0.02524145675166837
range_short,efficiency,sign_flip_med_15m,0.8316666550106473,0.007071075117333173,1.079166637526618,0.35792358886754105
range_short,efficiency,sign_flip_med_5m,0.48722222447395325,0.028185895936070824,0.30972221824857926,0.003957560980209607
range_short,efficiency,sign_flip_med_5m__delta4h,0.4833333326710595,0.025372230655060217,0.2972222169240315,0.004953703812243025
range_short,efficiency,sign_flip_med_5m__lag4h,0.5361111130979326,0.04601479236696729,0.3624999986754523,0.013090278450169667
range_short,efficiency,variance_ratio_2_15m,0.2817306982146369,0.008787626544098434,0.642068088054657,0.140143753278353
range_short,efficiency,variance_ratio_2_5m,0.5524761610560947,0.020345366027771934,0.2972532461086909,0.015598709217246605
range_short,participation,flow_change_15m,0.64341625240114,0.013750116468141142,0.39309202631314594,0.056375785262601695
range_short,participation,flow_change_5m,0.6434156828456454,0.01376304138842713,0.39308506250381464,0.056374562655407794
range_short,participation,flow_imb_fast_15m,0.6309291323026022,0.014227404126012191,0.37281994687186343,0.04881299214903532
range_short,participation,flow_imb_fast_5m,0.630926701757643,0.014234753957650826,0.3728246258364783,0.04881269859479743
range_short,participation,flow_imb_med_15m,0.5256750649876065,0.019423341754432284,0.24676619470119476,0.00633573808569754
range_short,participation,flow_imb_med_15m__delta4h,0.5369972917768691,0.016427726457874485,0.34249322944217253,0.012671321941274218
range_short,participation,flow_imb_med_15m__lag4h,0.4661276042461395,0.02013708591139289,0.3348541756470998,0.011342313157351272
range_short,participation,flow_imb_med_5m,0.5256748596827189,0.019423166682767907,0.24676580064826537,0.006335677306137992
range_short,participation,impact_proxy_15m,0.5037394993835025,0.027993012236424936,0.19341687526967788,0.0007232822858299378
range_short,participation,impact_proxy_5m,0.48988722099198234,0.025378336906967097,0.18360836472776196,0.001856790816515361
range_short,participation,mean_trade_quote_15m,0.49151022566689384,0.022939461485150546,0.17743438978989917,0.0015063779282486396
range_short,participation,mean_trade_quote_5m,0.49150311284595066,0.022938944950653562,0.1774401118357976,0.0015076886068706664
range_short,participation,quote_rel_fast_15m,0.42490487959649825,0.014343130893064113,0.23769128653738228,0.017849455781387955
range_short,participation,quote_rel_fast_5m,0.424902190764745,0.014340417516856534,0.23769709302319417,0.017850530947630498
range_short,participation,quote_rel_fast_5m__delta4h,0.424767212735282,0.019691246015051404,0.4380819665061103,0.03295812739066351
range_short,participation,quote_rel_fast_5m__lag4h,0.5293580757247077,0.015879914751189498,0.32339518931176925,0.009494260456821111
range_short,participation,quote_rel_slow_15m,0.46090930369165206,0.013601407524242637,0.25316216713852346,0.009896285392375243
range_short,participation,quote_rel_slow_5m,0.4609025749895308,0.013612811942109823,0.25317329168319697,0.00989842378623744
range_short,participation,trades_rel_fast_15m,0.42778945631451076,0.02205840812900203,0.22948388920889956,0.016571156406835215
range_short,participation,trades_rel_fast_5m,0.4277828633785248,0.02206662151714912,0.22949907680352524,0.016573766184022617
range_short,path_geometry,above_prev_high_15m,0.46722222367922467,0.0026352288703211557,0.3281287617153591,0.01075533115591903
range_short,path_geometry,above_prev_high_5m,0.48111110594537515,0.0022048037981551687,0.29383052057690084,0.0055501335731923465
range_short,path_geometry,below_prev_low_15m,0.4722222189108531,0.0026352288703211614,0.31944443782170606,0.008873457663956953
range_short,path_geometry,below_prev_low_5m,0.48555556933085114,0.0016666650772094748,0.28611107667287183,0.004132711610676829
range_short,path_geometry,body_range_15m,0.5696363316641914,0.017418858434799102,0.3742668198214637,0.026062568395989597
range_short,path_geometry,body_range_5m,0.40877573026551134,0.015484379543036273,0.4116392764780257,0.03755149239074117
range_short,path_geometry,close_location_15m,0.5007099707921346,0.01626086023065788,0.23977375692791403,0.0001702323641392097
range_short,path_geometry,close_location_5m,0.3898179796006944,0.007982742907371904,0.46461740467283463,0.05119248435953468
range_short,path_geometry,close_location_5m__delta4h,0.38513214389483136,0.026632325375737675,0.5355769561396705,0.061520576731095886
range_short,path_geometry,close_location_5m__lag4h,0.49932801392343307,0.030422815858170846,0.31848502821392477,0.0002140175045547842
range_short,path_geometry,open_gap_z_15m,0.49888888994852704,0.0033333301544189405,0.2555555502573649,0.0002839503406006622
range_short,path_geometry,open_gap_z_5m,0.5027777751286825,0.0050689639411031755,0.2597222129503886,0.0007214499034999672
range_short,path_geometry,range_ratio_15m,0.41866452164120144,0.01442530347521138,0.3664330508973863,0.029804007481212896
range_short,path_geometry,range_ratio_5m,0.4071724911530812,0.01933966139107247,0.38979072703255546,0.03618330216206146
range_short,path_geometry,reversal_from_high_15m,0.6765821907255385,0.020554825036129654,0.5296356644895341,0.09352422592193824
range_short,path_geometry,reversal_from_high_5m,0.6765821907255385,0.020554825036129654,0.5296356644895341,0.09352422592193824
range_short,path_geometry,vwap_distance_15m,0.7721934384769864,0.006794252240344702,0.7122213310665555,0.19386197305966185
range_short,path_geometry,vwap_distance_15m__delta4h,0.7205780810779996,0.02139574325074964,0.7970129251480103,0.17580358162351142
range_short,path_geometry,vwap_distance_15m__lag4h,0.4659007059203254,0.032288577185031954,0.33889855941136676,0.01155620164054627
range_short,path_geometry,vwap_distance_5m,0.7729062106874254,0.005657132532205276,0.7135303020477295,0.19472685094249992
range_short,time_context,america_hours_15m,0.3305555681387583,0.001666665077209474,0.5013871788978577,0.08495726567085825
range_short,time_context,america_hours_5m,0.3305555681387583,0.001666665077209474,0.5013871788978577,0.08495726567085825
range_short,time_context,asia_hours_15m,0.3305555681387583,0.0016666650772094692,0.5073539548450046,0.08596830263126587
range_short,time_context,asia_hours_5m,0.3305555681387583,0.0016666650772094692,0.5073539548450046,0.08596830263126587
range_short,time_context,europe_hours_15m,0.3305555681387583,0.0016666650772094722,0.4396750364038679,0.07450048674702416
range_short,time_context,europe_hours_5m,0.3305555681387583,0.0016666650772094722,0.4396750364038679,0.07450048674702416
range_short,time_context,hour_cos_15m,0.5013888842529721,0.0320427213030953,0.20193186071183944,0.0002804599815160338
range_short,time_context,hour_cos_5m,0.5055555469459958,0.028443413406063794,0.20141713652345863,0.0011189823576841205
range_short,time_context,hour_sin_15m,0.44333333770434064,0.027613401166899438,0.2858730653921763,0.016199472456003398
range_short,time_context,hour_sin_5m,0.44777777459886337,0.02319902005188859,0.2775964736938476,0.014496705619800807
range_short,time_context,is_weekend_15m,0.3549999892711639,0.0,0.4711538553237915,0.06831731407688227
range_short,time_context,is_weekend_5m,0.3549999892711639,0.0,0.4711538553237915,0.06831731407688227
range_short,time_context,week_cos_15m,0.4563856820265452,0.03463998865966666,0.2761873751878738,0.012045724001697782
range_short,time_context,week_cos_5m,0.45566197567515904,0.034171736109157996,0.27757914695474833,0.012307310969748237
range_short,time_context,week_sin_15m,0.550419807434082,0.026929442910594268,0.2892750965224372,0.014585194662136777
range_short,time_context,week_sin_5m,0.5499875015682645,0.027408834193436777,0.28844371934731794,0.014418580873230094
range_short,trend,breakout_balance_15m,0.750008139345381,0.008661030451474245,0.43432566192415023,0.1085849506076078
range_short,trend,breakout_balance_5m,0.7571407092942132,0.010057956796459771,0.46931324071354336,0.12067953959824634
range_short,trend,direction_alignment_15m,0.6399999856948853,0.004999995231628418,0.4199374185668098,0.05879123259210041
range_short,trend,direction_alignment_5m,0.6399999856948853,0.004999995231628418,0.4199374185668098,0.05879123259210041
range_short,trend,direction_alignment_5m__delta4h,0.7122221986452738,0.0026352288703211583,0.7456922266218398,0.1582524438463766
range_short,trend,direction_alignment_5m__lag4h,0.34166666865348816,0.006614371969698803,0.6251973244878981,0.09898957513509506
range_short,trend,ema_fast_med_15m,0.6872076723310683,0.00440131668763803,0.30628600054317046,0.05733908922927925
range_short,trend,ema_fast_med_5m,0.6803377403153313,0.0049560605916867916,0.31349238753318787,0.05653450877379325
range_short,trend,ema_med_slow_15m,0.4249032073550754,0.03870151361206202,0.26346436474058366,0.019785328768250388
range_short,trend,ema_med_slow_5m,0.4211695856518215,0.03970488474626871,0.26953167551093626,0.021247293660485903
range_short,trend,momentum_fast_15m,0.7572835948732164,0.010994531386166986,0.6870838536156548,0.17677540383757845
range_short,trend,momentum_fast_5m,0.7572835948732164,0.010994531386166986,0.6870838536156548,0.17677540383757845
range_short,trend,momentum_med_15m,0.6063245005077786,0.0056421775552213385,0.21285747488339737,0.022631964696324263
range_short,trend,momentum_med_5m,0.6063230766190423,0.0056415551263335134,0.21285594503084815,0.022631498952333517
range_short,trend,momentum_slow_15m,0.4644128183523814,0.0354105835482295,0.21063113212585446,0.007495768359606335
range_short,trend,momentum_slow_5m,0.46440987123383415,0.035411825613279053,0.21063560909695092,0.007496548450500258
range_short,trend,momentum_z_med_15m,0.5825646784570482,0.005545509953056128,0.19263637562592822,0.015904960412685916
range_short,trend,momentum_z_med_15m__delta4h,0.5674052172236972,0.012960745376420812,0.38925474882125854,0.02623780089965262
range_short,trend,momentum_z_med_15m__lag4h,0.4590224822362264,0.015888250631003208,0.336502300368415,0.013789028990897411
range_short,trend,momentum_z_med_5m,0.5842012233204312,0.006723658688100359,0.1926615768008762,0.01622234045347699
range_short,vol_asymmetry,down_semivar_fast_15m,0.4480358792675866,0.0295537003273577,0.34408370984925163,0.017880007440663218
range_short,vol_asymmetry,down_semivar_fast_5m,0.47758615348074174,0.01758191289327686,0.2770670354366302,0.006210138007822519
range_short,vol_asymmetry,down_up_ratio_15m,0.2896181444327036,0.011629086901864065,0.4576064480675591,0.09627209366401274
range_short,vol_asymmetry,down_up_ratio_5m,0.269903689622879,0.01588501185830835,0.48782772156927323,0.11224735883276728
range_short,vol_asymmetry,lower_wick_med_15m,0.4571711586581336,0.02831168831386809,0.35707210501035047,0.01529298453309455
range_short,vol_asymmetry,lower_wick_med_5m,0.5488768849107954,0.025772272997704865,0.3730178839630551,0.018231952184130693
range_short,vol_asymmetry,lower_wick_med_5m__delta4h,0.5105636020501455,0.02237080838690952,0.3004484673341115,0.003173818045493695
range_short,vol_asymmetry,lower_wick_med_5m__lag4h,0.5455219083362155,0.028352990095364294,0.3647463586595323,0.016603950304867613
range_short,vol_asymmetry,negative_rate_med_15m,0.5400000015894572,0.017853579083831343,0.350000003973643,0.014000000715255732
range_short,vol_asymmetry,negative_rate_med_5m,0.4705555538336436,0.035833331388097495,0.3374999894036187,0.009937500269140701
range_short,vol_asymmetry,return_vol_corr_med_15m,0.5119784937964545,0.01229062921044921,0.28085100319650436,0.003364171999517364
range_short,vol_asymmetry,return_vol_corr_med_5m,0.5144601431157854,0.01432746968998676,0.2897221048672993,0.004189423100187723
range_short,vol_asymmetry,semivar_balance_15m,0.7089873287412856,0.012643013592740183,0.4602731300724877,0.09619125194523948
range_short,vol_asymmetry,semivar_balance_15m__delta4h,0.6716726289855109,0.015034729354258522,0.6756217347251045,0.11598575940001016
range_short,vol_asymmetry,semivar_balance_15m__lag4h,0.49074291520648533,0.02143011567149333,0.29632856117354495,0.0027431386175237045
range_short,vol_asymmetry,semivar_balance_5m,0.7310275104310777,0.01423279318636374,0.4892241723007626,0.1130242425693498
range_short,vol_asymmetry,up_semivar_fast_15m,0.7239132589764066,0.011807786869354986,0.7375269134839376,0.16514205478099872
range_short,vol_asymmetry,up_semivar_fast_5m,0.6686703496509128,0.01611270906237709,0.6118298570315043,0.1031975559123718
range_short,vol_asymmetry,upper_wick_med_15m,0.4612732099162208,0.02940126836561277,0.34681697686513263,0.013431108260546904
range_short,vol_asymmetry,upper_wick_med_5m,0.5191853642463684,0.023567099208096437,0.31305643253856236,0.006006101687920978
range_short,vol_strength,body_vol_fast_15m,0.5903929471969604,0.026418492209719445,0.21485722064971918,0.019421577401075748
range_short,vol_strength,body_vol_fast_5m,0.5726913942231072,0.023547063859493473,0.167935699224472,0.012207480116459255
range_short,vol_strength,range_vol_fast_15m,0.5840129653612772,0.022979976685837712,0.17213162448671127,0.014461288205582453
range_short,vol_strength,range_vol_fast_5m,0.5790362424320645,0.020454699287186098,0.16942538983292046,0.013390746184981742
range_short,vol_strength,rv_accel_15m,0.4750950833161672,0.023612011249659098,0.31226229336526656,0.0077768663997645265
range_short,vol_strength,rv_accel_5m,0.45565705166922676,0.020444110732584703,0.36085737082693314,0.016001479749357374
range_short,vol_strength,rv_fast_15m,0.5900246964560615,0.023897342526147853,0.21454447342289817,0.019314301096221956
range_short,vol_strength,rv_fast_5m,0.5746916863653395,0.023941068116231198,0.16996946599748394,0.01269530604596831
range_short,vol_strength,rv_fast_slow_15m,0.4899316496319241,0.022865804391781753,0.2083970275190141,0.0020982142887269904
range_short,vol_strength,rv_fast_slow_15m__delta4h,0.4701954689290788,0.023049060955429468,0.31425385508272385,0.009366188787969805
range_short,vol_strength,rv_fast_slow_15m__lag4h,0.5101334386401706,0.021371536208906937,0.2781246420409944,0.002818358994441823
range_short,vol_strength,rv_fast_slow_5m,0.43747628397411764,0.014710412124975399,0.2799428966310289,0.01750307017242139
range_short,vol_strength,rv_med_15m,0.6326311495569017,0.02306415606874824,0.2565962274869283,0.03403265262355556
range_short,vol_strength,rv_med_5m,0.6175876789622836,0.019434230988696923,0.23199130098025,0.02727931862170815
range_short,vol_strength,rv_slow_15m,0.6340743435753716,0.02170118782247933,0.34811056984795463,0.04667269614401307
range_short,vol_strength,rv_slow_5m,0.6309585769971212,0.015553494100296593,0.3408200906382666,0.04463331408201727
range_short,vol_strength,rv_surprise_15m,0.49093713031874764,0.02186658934216517,0.20706395804882047,0.001876593667480766
range_short,vol_strength,rv_surprise_5m,0.43877438373035854,0.016290934280523965,0.2777596861124038,0.017006007957094095
range_short,vol_strength,rv_surprise_5m__delta4h,0.437018354733785,0.02373665112392619,0.38764049609502155,0.024414236215876257
range_short,vol_strength,rv_surprise_5m__lag4h,0.5253230730692545,0.03393493781206481,0.31198478904035354,0.00790041360936483
rejection_long,efficiency,choppiness_med_15m,0.5187261501948038,0.0240495478714885,0.2507198221153683,0.004695017045746887
rejection_long,efficiency,choppiness_med_5m,0.5188170903258853,0.022990738619008116,0.2488471484846539,0.0046825792703747236
rejection_long,efficiency,efficiency_fast_15m,0.48280253344111973,0.011761145255862674,0.24497713810867727,0.004212986140314171
rejection_long,efficiency,efficiency_fast_5m,0.4836527605851491,0.014851884904260442,0.2489474001857969,0.004069602752541916
rejection_long,efficiency,efficiency_med_15m,0.43444087439113194,0.01553545891856127,0.3154170347584618,0.0206784650009067
rejection_long,efficiency,efficiency_med_15m__delta4h,0.36695983343654204,0.014507092411116118,0.581792328092787,0.07740174823480638
rejection_long,efficiency,efficiency_med_15m__lag4h,0.5971166160371568,0.01097432456672768,0.4923602044582367,0.0478163569283466
rejection_long,efficiency,efficiency_med_5m,0.4363014300664265,0.01839606303597267,0.31150545345412356,0.019842451911537006
rejection_long,efficiency,path_range_ratio_15m,0.4521120886007945,0.02749762036980528,0.31980550289154047,0.01531481758744845
rejection_long,efficiency,path_range_ratio_5m,0.4403947426213158,0.022357080312492256,0.36263103948699105,0.0216147164421219
rejection_long,efficiency,return_acf1_med_15m,0.511049704419242,0.03451928614603624,0.2622755550675922,0.002898067359889528
rejection_long,efficiency,return_acf1_med_5m,0.5240234865082635,0.029555428390336074,0.2533512496285968,0.006086380327304285
rejection_long,efficiency,sign_entropy_med_15m,0.593888885445065,0.0060092767023920465,0.42342639631695217,0.039755032418219025
rejection_long,efficiency,sign_entropy_med_5m,0.5400000214576721,0.004330122889391275,0.33636787202623153,0.01345472209872077
rejection_long,efficiency,sign_flip_med_15m,0.49222222632831997,0.009391187600218783,0.2722222076521979,0.0021172827195238796
rejection_long,efficiency,sign_flip_med_5m,0.5000000033113692,0.03240370592929786,0.31111110581292045,1.0302037269899542e-09
rejection_long,efficiency,sign_flip_med_5m__delta4h,0.4933333330684238,0.020463381832590007,0.2749999927149878,0.0018333333576167033
rejection_long,efficiency,sign_flip_med_5m__lag4h,0.5227777792347802,0.05500631385112403,0.36527777380413473,0.008320216491082557
rejection_long,efficiency,variance_ratio_2_15m,0.49067620436350506,0.027919809724377173,0.24309895601537487,0.0022666049853326264
rejection_long,efficiency,variance_ratio_2_5m,0.5092413822809855,0.03209431084343772,0.24833828873104513,0.002294989061169336
rejection_long,participation,flow_change_15m,0.527863495879703,0.010696660405977975,0.2064399934477276,0.005752139906836682
rejection_long,participation,flow_change_5m,0.5278609328799777,0.010698473594239404,0.20643265710936648,0.005751406403959512
rejection_long,participation,flow_imb_fast_15m,0.535441173447503,0.011166738404593342,0.2186368273364173,0.007748745719641724
rejection_long,participation,flow_imb_fast_5m,0.5354355507426791,0.011168244184356474,0.2186328685945934,0.007747376109101212
rejection_long,participation,flow_imb_med_15m,0.5335098306337992,0.007677461007057529,0.25674985349178314,0.008603644105762412
rejection_long,participation,flow_imb_med_15m__delta4h,0.6678500043021308,0.01595385525094375,0.669625010755327,0.11239656093609603
rejection_long,participation,flow_imb_med_15m__lag4h,0.30894159277280164,0.0199441980038905,0.727646013100942,0.1390228882882871
rejection_long,participation,flow_imb_med_5m,0.5335076517528958,0.007673902156587636,0.2567456646098031,0.008602944318811073
rejection_long,participation,impact_proxy_15m,0.4422251482804616,0.025382392116596784,0.2447899613115522,0.014142703717206467
rejection_long,participation,impact_proxy_5m,0.43729350301954484,0.0214088488340207,0.2439467377132839,0.015297045371809924
rejection_long,participation,mean_trade_quote_15m,0.5866740942001343,0.025768515988769294,0.27695011264748043,0.024004400152345517
rejection_long,participation,mean_trade_quote_5m,0.5866740942001343,0.025768515988769294,0.27694988085163963,0.024004380061650978
rejection_long,participation,quote_rel_fast_15m,0.7681479917632209,0.016607565446856234,0.4997250305281745,0.13400026336994425
rejection_long,participation,quote_rel_fast_5m,0.768148296409183,0.016607457037437778,0.49972965319951373,0.13400165517060145
rejection_long,participation,quote_rel_fast_5m__delta4h,0.6903788248697916,0.02988713905974997,0.7259470621744791,0.1382049486144549
rejection_long,participation,quote_rel_fast_5m__lag4h,0.6271107196807861,0.02452447863431242,0.5677768025133345,0.07217051798552553
rejection_long,participation,quote_rel_slow_15m,0.7187270787027147,0.01963114035247449,0.580660859743754,0.12700625356875805
rejection_long,participation,quote_rel_slow_5m,0.7187270787027147,0.01963114035247449,0.5806591047181023,0.1270058696971242
rejection_long,participation,trades_rel_fast_15m,0.778825044631958,0.013894594124675138,0.5049522916475931,0.14079334525564963
rejection_long,participation,trades_rel_fast_5m,0.7788249651590983,0.013893102094679777,0.5049665967623392,0.14079729374876768
rejection_long,path_geometry,above_prev_high_15m,0.46722222367922467,0.0026352288703211557,0.3281287617153591,0.01075533115591903
rejection_long,path_geometry,above_prev_high_5m,0.48111110594537515,0.0022048037981551687,0.29383052057690084,0.0055501335731923465
rejection_long,path_geometry,below_prev_low_15m,0.4722222189108531,0.0026352288703211614,0.31944443782170606,0.008873457663956953
rejection_long,path_geometry,below_prev_low_5m,0.48555556933085114,0.0016666650772094748,0.28611107667287183,0.004132711610676829
rejection_long,path_geometry,body_range_15m,0.6446208556493124,0.032138137455529445,0.5400640732712216,0.078104528381937
rejection_long,path_geometry,body_range_5m,0.7509745293193393,0.009818811590353494,0.755514403184255,0.18961487173314992
rejection_long,path_geometry,close_location_15m,0.7661818928188748,0.02648258476029068,0.7829335596826341,0.20840273686774305
rejection_long,path_geometry,close_location_5m,0.7792411181661818,0.008504089059612481,0.838263663980696,0.23407768284805003
rejection_long,path_geometry,close_location_5m__delta4h,0.7589186032613119,0.0290373204636056,0.8947628670268588,0.23167075178068122
rejection_long,path_geometry,close_location_5m__lag4h,0.46827222572432625,0.03874057447124438,0.3510556452804141,0.011138214271657971
rejection_long,path_geometry,open_gap_z_15m,0.49888888994852704,0.0033333301544189405,0.2555555502573649,0.0002839503406006622
rejection_long,path_geometry,open_gap_z_5m,0.5027777751286825,0.0050689639411031755,0.2597222129503886,0.0007214499034999672
rejection_long,path_geometry,range_ratio_15m,0.7165311574935913,0.01611090733124669,0.6395938396453857,0.1384919944241858
rejection_long,path_geometry,range_ratio_5m,0.7146040267414517,0.016671282182621754,0.6356474889649285,0.13641251071996616
rejection_long,path_geometry,reversal_from_high_15m,0.41550933983590865,0.040291677285981896,0.3533141447438134,0.02985174533471612
rejection_long,path_geometry,reversal_from_high_5m,0.41550933983590865,0.040291677285981896,0.3533141447438134,0.02985174533471612
rejection_long,path_geometry,vwap_distance_15m,0.5078412625524733,0.0403510411319479,0.25772710972362095,0.0020209059342330077
rejection_long,path_geometry,vwap_distance_15m__delta4h,0.7335670789082845,0.0143779034479092,0.8296794957584805,0.19378581625440675
rejection_long,path_geometry,vwap_distance_15m__lag4h,0.2141800655259026,0.008528965290298425,0.9645498461193509,0.27568757381483355
rejection_long,path_geometry,vwap_distance_5m,0.5111377106772529,0.042969889612855534,0.26294579108556104,0.0029286141449123603
rejection_long,time_context,america_hours_15m,0.3305555681387583,0.001666665077209474,0.5013871788978577,0.08495726567085825
rejection_long,time_context,america_hours_5m,0.3305555681387583,0.001666665077209474,0.5013871788978577,0.08495726567085825
rejection_long,time_context,asia_hours_15m,0.3305555681387583,0.0016666650772094692,0.5073539548450046,0.08596830263126587
rejection_long,time_context,asia_hours_5m,0.3305555681387583,0.0016666650772094692,0.5073539548450046,0.08596830263126587
rejection_long,time_context,europe_hours_15m,0.3305555681387583,0.0016666650772094722,0.4396750364038679,0.07450048674702416
rejection_long,time_context,europe_hours_5m,0.3305555681387583,0.0016666650772094722,0.4396750364038679,0.07450048674702416
rejection_long,time_context,hour_cos_15m,0.4355555574099223,0.023511233523473948,0.26859864426983726,0.01730968991042023
rejection_long,time_context,hour_cos_5m,0.44388888941870797,0.022882552508259487,0.25487668481138015,0.014301413846044468
rejection_long,time_context,hour_sin_15m,0.3111111091242896,0.018671139769577613,0.5276447700129615,0.0996662353841176
rejection_long,time_context,hour_sin_5m,0.3068466087182362,0.01586319556094543,0.5350275635719299,0.10334238833313773
rejection_long,time_context,is_weekend_15m,0.3549999892711639,0.0,0.4711538553237915,0.06831731407688227
rejection_long,time_context,is_weekend_5m,0.3549999892711639,0.0,0.4711538553237915,0.06831731407688227
rejection_long,time_context,week_cos_15m,0.5127323435412513,0.04045049469023939,0.261495871676339,0.0033294552728021136
rejection_long,time_context,week_cos_5m,0.5110995173454285,0.039607796876677044,0.25918163855870563,0.002876791092798925
rejection_long,time_context,week_sin_15m,0.5656078855196635,0.020039107715344916,0.3184835645887587,0.02089503324543362
rejection_long,time_context,week_sin_5m,0.5668690138392978,0.019896753709650397,0.32090886765056187,0.0214588595120788
rejection_long,trend,breakout_balance_15m,0.5018102924029032,0.04273276618144673,0.16514427545997826,0.00029895942724815234
rejection_long,trend,breakout_balance_5m,0.5092214345932007,0.04683268900221898,0.18033931155999497,0.0016629871661333335
rejection_long,trend,direction_alignment_15m,0.3394444485505422,0.004639799210830135,0.4558552106221517,0.0731900847225483
rejection_long,trend,direction_alignment_5m,0.3394444485505422,0.004639799210830135,0.4558552106221517,0.0731900847225483
rejection_long,trend,direction_alignment_5m__delta4h,0.7122221986452738,0.0026352288703211583,0.7456922266218398,0.1582524438463766
rejection_long,trend,direction_alignment_5m__lag4h,0.3333333333333333,0.026457516743357622,0.6453046533796523,0.10755077556327539
rejection_long,trend,ema_fast_med_15m,0.338506860865487,0.03238659874136288,0.27861003081003827,0.04499360846987647
rejection_long,trend,ema_fast_med_5m,0.30992838078074986,0.025787073507502874,0.3241560757160187,0.06161287019110152
rejection_long,trend,ema_med_slow_15m,0.25645437339941657,0.015185262475688339,0.5169578293959299,0.12590281848630927
rejection_long,trend,ema_med_slow_5m,0.25539353821012706,0.014989117990619347,0.5193992025322385,0.12704840118789246
rejection_long,trend,momentum_fast_15m,0.5406332876947191,0.047545503131268346,0.2884696887599097,0.011721471854587481
rejection_long,trend,momentum_fast_5m,0.540632449918323,0.047547135380434445,0.28847129808531863,0.011721295572325346
rejection_long,trend,momentum_med_15m,0.45291801624827915,0.02509117731409305,0.15143641912274888,0.007129927024556051
rejection_long,trend,momentum_med_5m,0.4529169731669956,0.02509144250608922,0.1514375168416235,0.0071301366689777166
rejection_long,trend,momentum_slow_15m,0.3360645009411706,0.02496420402739046,0.3973916901482476,0.06514660504628468
rejection_long,trend,momentum_slow_5m,0.33606159687042236,0.024957677781323812,0.39739610420333016,0.06514848273300917
rejection_long,trend,momentum_z_med_15m,0.4613463746176826,0.019397825818850755,0.14615497241417563,0.0056494195514604825
rejection_long,trend,momentum_z_med_15m__delta4h,0.7243350545565287,0.010146327546017521,0.7542948722839355,0.16921478132552653
rejection_long,trend,momentum_z_med_15m__lag4h,0.1917849630117416,0.005133446225221914,0.9737840758429633,0.30013489495451595
rejection_long,trend,momentum_z_med_5m,0.46110837327109444,0.019844214756606558,0.1451903970705138,0.005646690727488006
rejection_long,vol_asymmetry,down_semivar_fast_15m,0.6709982819027371,0.02638353609127299,0.6130931046273973,0.1048378675377
rejection_long,vol_asymmetry,down_semivar_fast_5m,0.7268700334760878,0.022155503503132924,0.7396678262286716,0.1678084644976838
rejection_long,vol_asymmetry,down_up_ratio_15m,0.47541092170609367,0.03764959902851361,0.2041726923651165,0.005020418318043501
rejection_long,vol_asymmetry,down_up_ratio_5m,0.4867296318213145,0.03648814828032546,0.18942017687691579,0.0025136754876284
rejection_long,vol_asymmetry,lower_wick_med_15m,0.7093716992272271,0.018653647962836105,0.7734292414453294,0.1619341945134339
rejection_long,vol_asymmetry,lower_wick_med_5m,0.8416643142700195,0.007346722771181938,1.1041607856750488,0.37725233768151156
rejection_long,vol_asymmetry,lower_wick_med_5m__delta4h,0.7230664094289144,0.02534754734708107,0.807666023572286,0.1801631598959988
rejection_long,vol_asymmetry,lower_wick_med_5m__lag4h,0.6324258910285102,0.033866997933113756,0.5810647242599063,0.07694801385535369
rejection_long,vol_asymmetry,negative_rate_med_15m,0.5400000015894572,0.017853579083831343,0.350000003973643,0.014000000715255732
rejection_long,vol_asymmetry,negative_rate_med_5m,0.4983333349227905,0.0403887353525177,0.3263888789547814,0.000543980946143484
rejection_long,vol_asymmetry,return_vol_corr_med_15m,0.45908136500252616,0.028700155215139276,0.3545420732763078,0.014507377687640863
rejection_long,vol_asymmetry,return_vol_corr_med_5m,0.4546947280565898,0.040178778545065116,0.3750430941581726,0.016991429371334014
rejection_long,vol_asymmetry,semivar_balance_15m,0.5236982537640466,0.036863582120298354,0.20423181520567996,0.004839937383436065
rejection_long,vol_asymmetry,semivar_balance_15m__delta4h,0.6492377519607544,0.024613648083558218,0.6198292175928751,0.09250191903315397
rejection_long,vol_asymmetry,semivar_balance_15m__lag4h,0.31699909766515094,0.01842542715071812,0.7047744194666544,0.12897435470491717
rejection_long,vol_asymmetry,semivar_balance_5m,0.5126521521144443,0.03522730044372625,0.18807300594117904,0.002379528279788576
rejection_long,vol_asymmetry,up_semivar_fast_15m,0.7115691237979465,0.02544169393907725,0.7093634804089864,0.150079410004391
rejection_long,vol_asymmetry,up_semivar_fast_5m,0.7355563441912333,0.02536470885402774,0.764046331246694,0.17997596058119528
rejection_long,vol_asymmetry,upper_wick_med_15m,0.34475193089909023,0.0353872976435295,0.638120174407959,0.0990669249311714
rejection_long,vol_asymmetry,upper_wick_med_5m,0.29208640588654405,0.022095199523440467,0.769783980316586,0.16004855403858323
rejection_long,vol_strength,body_vol_fast_15m,0.7288819021648831,0.02348218319391823,0.37177955773141647,0.08509361235958558
rejection_long,vol_strength,body_vol_fast_5m,0.7456898887952169,0.02020992653284546,0.3368732730547587,0.08276635699490441
rejection_long,vol_strength,range_vol_fast_15m,0.7386987937821282,0.020710148022432116,0.31748482916090226,0.07578324576483242
rejection_long,vol_strength,range_vol_fast_5m,0.7333805097473992,0.021117926083780172,0.31596123509936863,0.0737391941079085
rejection_long,vol_strength,rv_accel_15m,0.7097480032179091,0.04455206273027586,0.774370014667511,0.1624225643283334
rejection_long,vol_strength,rv_accel_5m,0.7811079753769768,0.0286316171015701,0.952769935131073,0.2678312274647495
rejection_long,vol_strength,rv_fast_15m,0.729808145099216,0.02232990669412451,0.3729103538725111,0.085697836711734
rejection_long,vol_strength,rv_fast_5m,0.7467572291692098,0.019560214098241664,0.3380403286880917,0.08341389485452246
rejection_long,vol_strength,rv_fast_slow_15m,0.786337157090505,0.015300163747418575,0.6647140251265632,0.19033232423292662
rejection_long,vol_strength,rv_fast_slow_15m__delta4h,0.7188072204589844,0.03019524447881416,0.7579223778512743,0.16583888882130143
rejection_long,vol_strength,rv_fast_slow_15m__lag4h,0.6245927876896329,0.0227759343099758,0.5223520298798879,0.06508129555807365
rejection_long,vol_strength,rv_fast_slow_5m,0.7985371549924215,0.009787678342929854,0.68607011768553,0.2048174210591539
rejection_long,vol_strength,rv_med_15m,0.6434549623065524,0.03622832967305417,0.2684904883305232,0.038516292883123054
rejection_long,vol_strength,rv_med_5m,0.6576067672835456,0.03189869019752218,0.2747781988647249,0.04330690364306451
rejection_long,vol_strength,rv_slow_15m,0.5233601464165581,0.03748316474507059,0.20594940251774255,0.004811008197217135
rejection_long,vol_strength,rv_slow_5m,0.5240027341577742,0.035921128622238015,0.20211764673391974,0.004851376143149196
rejection_long,vol_strength,rv_surprise_15m,0.7860472930802239,0.015551614213263933,0.6643968423207601,0.1900489182769018
rejection_long,vol_strength,rv_surprise_5m,0.7977715333302816,0.009094789667024962,0.6847782995965745,0.20390748426217498
rejection_long,vol_strength,rv_surprise_5m__delta4h,0.7775155239635043,0.018510565896125902,0.8978519638379415,0.24916785818614767
rejection_long,vol_strength,rv_surprise_5m__lag4h,0.6244634787241617,0.014041506667329234,0.522058023346795,0.06497715768160175
rejection_short,efficiency,choppiness_med_15m,0.4964762197600471,0.026597337238251133,0.23896835247675574,0.000842071958431697
rejection_short,efficiency,choppiness_med_5m,0.5114847289191352,0.02624729172147265,0.23083291285567809,0.0026510534297618242
rejection_short,efficiency,efficiency_fast_15m,0.479795429441664,0.0229852562006335,0.2604859670003255,0.005263007099714465
rejection_short,efficiency,efficiency_fast_5m,0.4837275246779124,0.02200368171836534,0.2520695279041926,0.004101795172271243
rejection_short,efficiency,efficiency_med_15m,0.46633792254659867,0.021191058788316883,0.2566002226538128,0.008637696569532673
rejection_short,efficiency,efficiency_med_15m__delta4h,0.35570441020859606,0.0289031469340013,0.6099921001328362,0.08801916985676474
rejection_short,efficiency,efficiency_med_15m__lag4h,0.6239428122838339,0.02986444633944868,0.5594301223754883,0.06933734264350734
rejection_short,efficiency,efficiency_med_5m,0.4766207966539595,0.018920657222450038,0.2394354310300615,0.005597809630298661
rejection_short,efficiency,path_range_ratio_15m,0.46639138129022384,0.02437514115417456,0.29759344789716935,0.010001704720903603
rejection_short,efficiency,path_range_ratio_5m,0.46449724170896745,0.023535510312136708,0.3089565866523319,0.010968811018340194
rejection_short,efficiency,return_acf1_med_15m,0.5341557131873237,0.03587180643083219,0.2781783739725749,0.009501380756323338
rejection_short,efficiency,return_acf1_med_5m,0.5574043194452921,0.02051909365040902,0.30681291884846157,0.017612386803519575
rejection_short,efficiency,sign_entropy_med_15m,0.593888885445065,0.0060092767023920465,0.42342639631695217,0.039755032418219025
rejection_short,efficiency,sign_entropy_med_5m,0.5400000214576721,0.004330122889391275,0.33636787202623153,0.01345472209872077
rejection_short,efficiency,sign_flip_med_15m,0.49222222632831997,0.009391187600218783,0.2722222076521979,0.0021172827195238796
rejection_short,efficiency,sign_flip_med_5m,0.46916666958067155,0.03046514166144983,0.33263887299431694,0.010256364281346806
rejection_short,efficiency,sign_flip_med_5m__delta4h,0.48305555515819126,0.024037011582058267,0.29513888888888884,0.0050009646234504945
rejection_short,efficiency,sign_flip_med_5m__lag4h,0.5227777792347802,0.048225461673004406,0.354166673289405,0.00806713029650259
rejection_short,efficiency,variance_ratio_2_15m,0.5024218393696679,0.03320141930124992,0.2549385560883416,0.0006174202319810309
rejection_short,efficiency,variance_ratio_2_5m,0.5466391377978854,0.024541752587636252,0.28582732710573405,0.013330740095285601
rejection_short,participation,flow_change_15m,0.47560394803682965,0.029279037177180545,0.21557387709617612,0.005259151507540412
rejection_short,participation,flow_change_5m,0.47530187831984627,0.029247193050186786,0.21606100930107963,0.005336301098054891
rejection_short,participation,flow_imb_fast_15m,0.457730727063285,0.02296928341012845,0.22985638843642336,0.009715862419066763
rejection_short,participation,flow_imb_fast_5m,0.4577254421181149,0.022959657897079617,0.22986992531352574,0.009717649462971252
rejection_short,participation,flow_imb_med_15m,0.4679702851507399,0.008087414312234692,0.25390347176127964,0.00813245579975095
rejection_short,participation,flow_imb_med_15m__delta4h,0.33743378188874984,0.018698627592540266,0.6564155485894945,0.10671099324361569
rejection_short,participation,flow_imb_med_15m__lag4h,0.6841005351808336,0.03106362561860267,0.7102513379520841,0.13075765142988177
rejection_short,participation,flow_imb_med_5m,0.4679679373900096,0.008089878310570465,0.2539079818460676,0.008133196371669548
rejection_short,participation,impact_proxy_15m,0.43296677536434597,0.022689155900825552,0.25957399109999335,0.017400081654979114
rejection_short,participation,impact_proxy_5m,0.4287318223052554,0.03282241627201307,0.2572178294261296,0.018331445973797905
rejection_short,participation,mean_trade_quote_15m,0.569892148176829,0.017430881394173675,0.2521020389265484,0.01761995306033503
rejection_short,participation,mean_trade_quote_5m,0.569892148176829,0.017430881394173675,0.2521018981933594,0.017619943224190127
rejection_short,participation,quote_rel_fast_15m,0.7976087133089701,0.011259864880085697,0.539766874578264,0.16063932503004139
rejection_short,participation,quote_rel_fast_5m,0.7976340121693082,0.011233917035407673,0.5398058626386855,0.1606645846896664
rejection_short,participation,quote_rel_fast_5m__delta4h,0.7293055521117316,0.03290076167886666,0.8232638835906982,0.18877897936041343
rejection_short,participation,quote_rel_fast_5m__lag4h,0.6299638946851095,0.03894050050720499,0.5749097367127737,0.07471750847558295
rejection_short,participation,quote_rel_slow_15m,0.751230796178182,0.013204094995404718,0.640007370048099,0.16078956113708828
rejection_short,participation,quote_rel_slow_5m,0.7512307365735372,0.013204129970865298,0.6400054163402982,0.16078903215822646
rejection_short,participation,trades_rel_fast_15m,0.8032100598017374,0.015744417177355786,0.5374147759543525,0.16294956635545654
rejection_short,participation,trades_rel_fast_5m,0.8032112254036797,0.015743539843223485,0.5374320281876458,0.16295542383796102
rejection_short,path_geometry,above_prev_high_15m,0.46722222367922467,0.0026352288703211557,0.3281287617153591,0.01075533115591903
rejection_short,path_geometry,above_prev_high_5m,0.48111110594537515,0.0022048037981551687,0.29383052057690084,0.0055501335731923465
rejection_short,path_geometry,below_prev_low_15m,0.4722222189108531,0.0026352288703211614,0.31944443782170606,0.008873457663956953
rejection_short,path_geometry,below_prev_low_5m,0.48555556933085114,0.0016666650772094748,0.28611107667287183,0.004132711610676829
rejection_short,path_geometry,body_range_15m,0.3271891971429189,0.020921892019270482,0.602094398604499,0.10404841641859489
rejection_short,path_geometry,body_range_5m,0.2386145840088526,0.006228472116335045,0.7780113220214844,0.20336081305240822
rejection_short,path_geometry,close_location_15m,0.22686545054117835,0.019443897133104505,0.7980390323532952,0.21797203155237127
rejection_short,path_geometry,close_location_5m,0.22135091986921093,0.007869590921088548,0.8369437654813131,0.23321361037256672
rejection_short,path_geometry,close_location_5m__delta4h,0.24970646699269608,0.018227839672152524,0.8732316229078505,0.21856422803130768
rejection_short,path_geometry,close_location_5m__lag4h,0.5055185523298051,0.023490267274326588,0.30165166325039333,0.001664680489020053
rejection_short,path_geometry,open_gap_z_15m,0.49888888994852704,0.0033333301544189405,0.2555555502573649,0.0002839503406006622
rejection_short,path_geometry,open_gap_z_5m,0.5027777751286825,0.0050689639411031755,0.2597222129503886,0.0007214499034999672
rejection_short,path_geometry,range_ratio_15m,0.7211398217413161,0.022811365581308488,0.6490321490499709,0.14352685374529384
rejection_short,path_geometry,range_ratio_5m,0.7247767845789591,0.019410207369560274,0.6564370724889967,0.1475518144325018
rejection_short,path_geometry,reversal_from_high_15m,0.30199355880419415,0.021258998155582423,0.5709617667728,0.11305410749755183
rejection_short,path_geometry,reversal_from_high_5m,0.30199355880419415,0.021258998155582423,0.5709617667728,0.11305410749755183
rejection_short,path_geometry,vwap_distance_15m,0.38629668288760716,0.04663655111221781,0.4090898036956787,0.046514867677056294
rejection_short,path_geometry,vwap_distance_15m__delta4h,0.22085510691006977,0.02377971990199458,0.9433293408817716,0.2633255680090365
rejection_short,path_geometry,vwap_distance_15m__lag4h,0.7981605331103007,0.015203054381200742,0.9954013228416443,0.2967893890771632
rejection_short,path_geometry,vwap_distance_5m,0.38150397605366176,0.04564060936911202,0.4181736376550462,0.049551913381299724
rejection_short,time_context,america_hours_15m,0.3305555681387583,0.001666665077209474,0.5013871788978577,0.08495726567085825
rejection_short,time_context,america_hours_5m,0.3305555681387583,0.001666665077209474,0.5013871788978577,0.08495726567085825
rejection_short,time_context,asia_hours_15m,0.3305555681387583,0.0016666650772094692,0.5073539548450046,0.08596830263126587
rejection_short,time_context,asia_hours_5m,0.3305555681387583,0.0016666650772094692,0.5073539548450046,0.08596830263126587
rejection_short,time_context,europe_hours_15m,0.3305555681387583,0.0016666650772094722,0.4396750364038679,0.07450048674702416
rejection_short,time_context,europe_hours_5m,0.3305555681387583,0.0016666650772094722,0.4396750364038679,0.07450048674702416
rejection_short,time_context,hour_cos_15m,0.38388889034589124,0.017638344964915058,0.35301972097820705,0.04098951153256348
rejection_short,time_context,hour_cos_5m,0.39388888412051726,0.018837753360439854,0.3365329139762454,0.03570988303219337
rejection_short,time_context,hour_sin_15m,0.3588888910081651,0.041062285938750845,0.4407371117009057,0.062192902605973
rejection_short,time_context,hour_sin_5m,0.3511111107137468,0.03612285862731874,0.45459691683451336,0.06768443002044591
rejection_short,time_context,is_weekend_15m,0.3549999892711639,0.0,0.4711538553237915,0.06831731407688227
rejection_short,time_context,is_weekend_5m,0.3549999892711639,0.0,0.4711538553237915,0.06831731407688227
rejection_short,time_context,week_cos_15m,0.523705369896359,0.02145590101680653,0.2428862452507019,0.0057577082864056495
rejection_short,time_context,week_cos_5m,0.5223353041542901,0.021272656293492526,0.24003556370735168,0.0053612673232501734
rejection_short,time_context,week_sin_15m,0.5350029700332217,0.03621780559368123,0.2660379045539432,0.009312116800802775
rejection_short,time_context,week_sin_5m,0.5362282594045004,0.03651830814700452,0.26753923131359947,0.009692480672909707
rejection_short,trend,breakout_balance_15m,0.4098695913950602,0.04884556813810823,0.23699726661046341,0.021360660477854926
rejection_short,trend,breakout_balance_5m,0.3961750268936157,0.04680035307875712,0.2692615555392371,0.027956073762444487
rejection_short,trend,direction_alignment_15m,0.5394444366296133,0.14712758388938127,0.4267811079819997,0.016834140368512128
rejection_short,trend,direction_alignment_5m,0.5394444366296133,0.14712758388938127,0.4267811079819997,0.016834140368512128
rejection_short,trend,direction_alignment_5m__delta4h,0.2849999964237213,0.004330122889391257,0.7523343231942918,0.16175188217732994
rejection_short,trend,direction_alignment_5m__lag4h,0.7127777602937486,0.11147059779264626,0.7563644316461351,0.16093752973151876
rejection_short,trend,ema_fast_med_15m,0.5741141868962182,0.05518562166409383,0.18782684206962583,0.013920633677274705
rejection_short,trend,ema_fast_med_5m,0.6124002536137899,0.04621689663721605,0.2382579644521077,0.026780255629922246
rejection_short,trend,ema_med_slow_15m,0.755235387219323,0.02840708611557445,0.5346967346138425,0.1364735281040717
rejection_short,trend,ema_med_slow_5m,0.7586278054449294,0.026891858998070013,0.5406858126322428,0.13983638515628521
rejection_short,trend,momentum_fast_15m,0.3628374007013109,0.03624143235475606,0.4560819235112932,0.06255738212195489
rejection_short,trend,momentum_fast_5m,0.3628338442908393,0.036244065011405514,0.45608876479996574,0.06255994252975086
rejection_short,trend,momentum_med_15m,0.4752267797787984,0.05257509296817284,0.1492135657204522,0.0036965005235834996
rejection_short,trend,momentum_med_5m,0.4752267797787984,0.05257509296817284,0.14921355744202927,0.0036965003185003057
rejection_short,trend,momentum_slow_15m,0.6848417520523071,0.033431453820475014,0.4290431969695621,0.07930509623397697
rejection_short,trend,momentum_slow_5m,0.6848417520523071,0.033431453820475014,0.42904321352640784,0.07930509929437335
rejection_short,trend,momentum_z_med_15m,0.47978397872712875,0.03667570892358249,0.13925601541995997,0.002815202570105198
rejection_short,trend,momentum_z_med_15m__delta4h,0.24559573994742495,0.02099030208482097,0.8241027659840054,0.20965525438744131
rejection_short,trend,momentum_z_med_15m__lag4h,0.805516415172153,0.012492823246618946,0.9672048290570577,0.2954969521107073
rejection_short,trend,momentum_z_med_5m,0.4809793531894684,0.03580320157042015,0.1375283143586582,0.0026158774938638014
rejection_short,vol_asymmetry,down_semivar_fast_15m,0.767963190873464,0.02084111779395719,0.8327865931722853,0.2231561528230869
rejection_short,vol_asymmetry,down_semivar_fast_5m,0.7948626081148783,0.02045803949927528,0.893633610672421,0.2634991371419858
rejection_short,vol_asymmetry,down_up_ratio_15m,0.5877885752254062,0.024936417332542673,0.27691900730133057,0.02431032510381766
rejection_short,vol_asymmetry,down_up_ratio_5m,0.5605797304047478,0.028667466814422417,0.23744474351406097,0.014384338548106314
rejection_short,vol_asymmetry,lower_wick_med_15m,0.3407626913653479,0.030296698188786407,0.6480932699309455,0.10320062804803484
rejection_short,vol_asymmetry,lower_wick_med_5m,0.32650388611687553,0.02833911261767068,0.6837402847078111,0.11862628230214635
rejection_short,vol_asymmetry,lower_wick_med_5m__delta4h,0.41990018884340924,0.021573101976217944,0.4502495295471615,0.03606490229007147
rejection_short,vol_asymmetry,lower_wick_med_5m__lag4h,0.41800263192918563,0.017309907084606505,0.4549934168656667,0.03730826267253155
rejection_short,vol_asymmetry,negative_rate_med_15m,0.5400000015894572,0.017853579083831343,0.350000003973643,0.014000000715255732
rejection_short,vol_asymmetry,negative_rate_med_5m,0.5650000009271834,0.05080600645654897,0.4263888928625319,0.027715278431405272
rejection_short,vol_asymmetry,return_vol_corr_med_15m,0.5085843503475189,0.02855732364220782,0.3053444325923919,0.0026211835860374673
rejection_short,vol_asymmetry,return_vol_corr_med_5m,0.5218582285775079,0.03446891368768084,0.33152779936790466,0.0072466104183818245
rejection_short,vol_asymmetry,semivar_balance_15m,0.41593799657291836,0.023264240078039962,0.27421871158811784,0.023051374273290275
rejection_short,vol_asymmetry,semivar_balance_15m__delta4h,0.3230708671940697,0.02718849392891733,0.6884005202187432,0.12179810706545353
rejection_short,vol_asymmetry,semivar_balance_15m__lag4h,0.6769865420129564,0.022143195397793195,0.6897644466824002,0.12207902422179824
rejection_short,vol_asymmetry,semivar_balance_5m,0.441241764360004,0.027660759521450765,0.23474683198663923,0.013793309669613497
rejection_short,vol_asymmetry,up_semivar_fast_15m,0.6758807765112983,0.02999920641129923,0.6285631722874112,0.11055217882831486
rejection_short,vol_asymmetry,up_semivar_fast_5m,0.7627934151225619,0.018638180998531654,0.8263657424185011,0.21716347559044927
rejection_short,vol_asymmetry,upper_wick_med_15m,0.7217573987113105,0.023461736080664774,0.8043934967782762,0.17838020938584545
rejection_short,vol_asymmetry,upper_wick_med_5m,0.8398595982127719,0.008595334822371336,1.099648978975084,0.3737262601695569
rejection_short,vol_strength,body_vol_fast_15m,0.7708990308973525,0.018469603048912077,0.41988129748238456,0.11374543657990094
rejection_short,vol_strength,body_vol_fast_5m,0.7941631144947476,0.01705231770764072,0.38454720709058976,0.11311960410802459
rejection_short,vol_strength,range_vol_fast_15m,0.784594906700982,0.01843923478656252,0.3608139322863685,0.10268580739545347
rejection_short,vol_strength,range_vol_fast_5m,0.7852720816930135,0.01935114567714234,0.3655657536453671,0.10428570353808922
rejection_short,vol_strength,rv_accel_15m,0.7181953324211968,0.02329774902099082,0.7954883310529921,0.17357184083129068
rejection_short,vol_strength,rv_accel_5m,0.791735933886634,0.016010948396755334,0.9793398512734307,0.28570862610365155
rejection_short,vol_strength,rv_fast_15m,0.7703194287088182,0.019521848525514158,0.4193200733926561,0.11335036268564251
rejection_short,vol_strength,rv_fast_5m,0.7939913206630282,0.01888672214486291,0.3845766319168938,0.1130621919133869
rejection_short,vol_strength,rv_fast_slow_15m,0.7769997186130948,0.01455435945765965,0.6490088038974338,0.1797752560570104
rejection_short,vol_strength,rv_fast_slow_15m__delta4h,0.734321243233151,0.028306856700222392,0.7958026462131076,0.18647346542888676
rejection_short,vol_strength,rv_fast_slow_15m__lag4h,0.566826257440779,0.041764093366895426,0.4002097083462609,0.0267445170002463
rejection_short,vol_strength,rv_fast_slow_5m,0.8005175126923455,0.008744324022030748,0.6896860599517822,0.20726273927529348
rejection_short,vol_strength,rv_med_15m,0.7083704405360751,0.014490587858561482,0.3413738078541226,0.07113221073004099
rejection_short,vol_strength,rv_med_5m,0.7102917300330268,0.021646125303578848,0.3320009410381317,0.06981705226350164
rejection_short,vol_strength,rv_slow_15m,0.6158600780698988,0.024260161841780627,0.3218081874979867,0.03728472172704938
rejection_short,vol_strength,rv_slow_5m,0.6068069073888991,0.02493445702489569,0.30612678825855255,0.03269645552279234
rejection_short,vol_strength,rv_surprise_15m,0.776494993103875,0.0138264040088388,0.648316052224901,0.1792561423890555
rejection_short,vol_strength,rv_surprise_5m,0.8001741700702243,0.008728163131928946,0.6891292134920756,0.2068587897311302
rejection_short,vol_strength,rv_surprise_5m__delta4h,0.7890953554047478,0.018901577628733308,0.9258322450849745,0.2676538019380163
rejection_short,vol_strength,rv_surprise_5m__lag4h,0.5842106143633524,0.03872573227048079,0.428186039129893,0.03605780941693875
release_long,efficiency,choppiness_med_15m,0.5159465438789792,0.029264504251954756,0.2520600706338882,0.004019486976501895
release_long,efficiency,choppiness_med_5m,0.5059574676884545,0.022783705529583566,0.23422943386766645,0.0013954142839516152
release_long,efficiency,efficiency_fast_15m,0.49873941474490696,0.02045478397425528,0.24196893307897774,0.0003050224692299535
release_long,efficiency,efficiency_fast_5m,0.5689029296239217,0.018623775254893934,0.3530743353896671,0.024327856083367176
release_long,efficiency,efficiency_med_15m,0.5520519349310133,0.008516627028465694,0.28973268138037783,0.015081146678599448
release_long,efficiency,efficiency_med_15m__delta4h,0.5743453039063348,0.020886872102110432,0.43532252642843455,0.03236418552459541
release_long,efficiency,efficiency_med_15m__lag4h,0.45944784416092765,0.016856843202167616,0.35112356808450484,0.01423881765173397
release_long,efficiency,efficiency_med_5m,0.5661888917287191,0.013466608659582541,0.316181116633945,0.020927677695549696
release_long,efficiency,path_range_ratio_15m,0.5754665864838494,0.010523672988284587,0.37961258490880323,0.028648065969377825
release_long,efficiency,path_range_ratio_5m,0.5888468225797018,0.02034132728636721,0.4302336970965068,0.038224896953742496
release_long,efficiency,return_acf1_med_15m,0.5199434359868368,0.013561824780940285,0.24768359296851689,0.004939661881357355
release_long,efficiency,return_acf1_med_5m,0.5575485891766019,0.03627436549192546,0.30700700316164226,0.017667819899289065
release_long,efficiency,sign_entropy_med_15m,0.593888885445065,0.0060092767023920465,0.42342639631695217,0.039755032418219025
release_long,efficiency,sign_entropy_med_5m,0.5400000214576721,0.004330122889391275,0.33636787202623153,0.01345472209872077
release_long,efficiency,sign_flip_med_15m,0.49222222632831997,0.009391187600218783,0.2722222076521979,0.0021172827195238796
release_long,efficiency,sign_flip_med_5m,0.4750000006622738,0.026220219641408117,0.31805554363462657,0.007951388380225802
release_long,efficiency,sign_flip_med_5m__delta4h,0.44416666362020707,0.04426483132590871,0.3923611243565877,0.021906830638555128
release_long,efficiency,sign_flip_med_5m__lag4h,0.5594444473584493,0.037703155009225824,0.40138889352480567,0.023860340951401538
release_long,efficiency,variance_ratio_2_15m,0.4642721811930339,0.014045241811976172,0.27377768026457894,0.009781479353884383
release_long,efficiency,variance_ratio_2_5m,0.5367161366674635,0.041785102441250055,0.27673594819174874,0.010160674894608356
release_long,participation,flow_change_15m,0.5336565971374512,0.013476618896509604,0.21577980617682135,0.007262414006890574
release_long,participation,flow_change_5m,0.5336580872535706,0.013464738641861138,0.21577841871314576,0.007262688844484542
release_long,participation,flow_imb_fast_15m,0.6442209283510844,0.012517904130967986,0.3943301141262054,0.05687065513607038
release_long,participation,flow_imb_fast_5m,0.6442217429478964,0.012517941675362378,0.3943410714467366,0.056872556639989275
release_long,participation,flow_imb_med_15m,0.7015093233850267,0.00838456388332738,0.5798260039753385,0.11684034574211426
release_long,participation,flow_imb_med_15m__delta4h,0.6416355040338304,0.009352242781115174,0.604088756773207,0.08556041554674315
release_long,participation,flow_imb_med_15m__lag4h,0.5163428882757822,0.018563286727646143,0.2930559880203671,0.004789381270765835
release_long,participation,flow_imb_med_5m,0.7015057404836019,0.008386552292581761,0.5798191163274977,0.11683688038212015
release_long,participation,impact_proxy_15m,0.5010434289773306,0.026188275294788864,0.18659492168161598,0.000194698548305325
release_long,participation,impact_proxy_5m,0.4534395072195265,0.023935793219554812,0.2222178181012471,0.010346571115395683
release_long,participation,mean_trade_quote_15m,0.5697649584876167,0.02417042326005853,0.25156118141280276,0.017550155378359987
release_long,participation,mean_trade_quote_5m,0.5697649584876167,0.02417042326005853,0.2515609959761302,0.017550142441378223
release_long,participation,quote_rel_fast_15m,0.6415768331951566,0.013313584993611747,0.3279293576876322,0.04642719997313674
release_long,participation,quote_rel_fast_5m,0.6415755881203545,0.013313767752582776,0.32793044712808395,0.04642694591472931
release_long,participation,quote_rel_fast_5m__delta4h,0.7286753919389513,0.014979189821273775,0.8216884798473783,0.18789993518082027
release_long,participation,quote_rel_fast_5m__lag4h,0.322158181005054,0.018099163574731958,0.6946045425203111,0.12352973532396444
release_long,participation,quote_rel_slow_15m,0.5072397059864469,0.023561016619028374,0.218998490108384,0.0015854846798604896
release_long,participation,quote_rel_slow_5m,0.5072420669926537,0.023559696279145063,0.21899548172950742,0.0015859799497735683
release_long,participation,trades_rel_fast_15m,0.6335616244210137,0.01551068005113056,0.31133959690729773,0.0415830223095223
release_long,participation,trades_rel_fast_5m,0.6335535314348009,0.015502693996074898,0.311337282260259,0.041580193513170965
release_long,path_geometry,above_prev_high_15m,0.46722222367922467,0.0026352288703211557,0.3281287617153591,0.01075533115591903
release_long,path_geometry,above_prev_high_5m,0.48111110594537515,0.0022048037981551687,0.29383052057690084,0.0055501335731923465
release_long,path_geometry,below_prev_low_15m,0.4722222189108531,0.0026352288703211614,0.31944443782170606,0.008873457663956953
release_long,path_geometry,below_prev_low_5m,0.48555556933085114,0.0016666650772094748,0.28611107667287183,0.004132711610676829
release_long,path_geometry,body_range_15m,0.7821701036559211,0.020550185409139596,0.8433420856793722,0.23796592373354913
release_long,path_geometry,body_range_5m,0.8020584450827705,0.009718126405708322,0.8655727240774367,0.2614535511408884
release_long,path_geometry,close_location_15m,0.8187055256631639,0.008709046243535199,0.8953680263625251,0.28535873750385815
release_long,path_geometry,close_location_5m,0.7830881079037985,0.004603519247581577,0.8467368284861246,0.23970112666860013
release_long,path_geometry,close_location_5m__delta4h,0.7358811034096612,0.02050534823743721,0.8373465736707052,0.19751423373374508
release_long,path_geometry,close_location_5m__lag4h,0.5104203025499979,0.02469782721245415,0.2973032693068186,0.003097990015280563
release_long,path_geometry,open_gap_z_15m,0.49888888994852704,0.0033333301544189405,0.2555555502573649,0.0002839503406006622
release_long,path_geometry,open_gap_z_5m,0.5027777751286825,0.0050689639411031755,0.2597222129503886,0.0007214499034999672
release_long,path_geometry,range_ratio_15m,0.6916028923458524,0.010564454941490721,0.5892890757984586,0.11290949135079889
release_long,path_geometry,range_ratio_5m,0.6645707686742147,0.016207672803554073,0.5345604651504092,0.08797302665264861
release_long,path_geometry,reversal_from_high_15m,0.7668570081392924,0.026466586909510804,0.7027971280945672,0.1875463389322032
release_long,path_geometry,reversal_from_high_5m,0.7668570081392924,0.026466586909510804,0.7027971280945672,0.1875463389322032
release_long,path_geometry,vwap_distance_15m,0.785191986295912,0.006154943098004799,0.7371835907300314,0.21023885250505034
release_long,path_geometry,vwap_distance_15m__delta4h,0.700991345776452,0.010535290195780592,0.7489645812246535,0.15053539911923985
release_long,path_geometry,vwap_distance_15m__lag4h,0.5123969415823618,0.015256338868136324,0.2840261790487501,0.0035210559495287936
release_long,path_geometry,vwap_distance_5m,0.7843040294117398,0.006888569645847025,0.7353978024588691,0.20907655845959516
release_long,time_context,america_hours_15m,0.3305555681387583,0.001666665077209474,0.5013871788978577,0.08495726567085825
release_long,time_context,america_hours_5m,0.3305555681387583,0.001666665077209474,0.5013871788978577,0.08495726567085825
release_long,time_context,asia_hours_15m,0.3305555681387583,0.0016666650772094692,0.5073539548450046,0.08596830263126587
release_long,time_context,asia_hours_5m,0.3305555681387583,0.0016666650772094692,0.5073539548450046,0.08596830263126587
release_long,time_context,europe_hours_15m,0.3305555681387583,0.0016666650772094722,0.4396750364038679,0.07450048674702416
release_long,time_context,europe_hours_5m,0.3305555681387583,0.0016666650772094722,0.4396750364038679,0.07450048674702416
release_long,time_context,hour_cos_15m,0.41333333651224774,0.028284269298170878,0.3049267696009742,0.026426985729414997
release_long,time_context,hour_cos_5m,0.41388888822661507,0.020275879138977007,0.3039148781034681,0.0261704480379624
release_long,time_context,hour_sin_15m,0.5005555550257365,0.02788866165890113,0.22432476116551292,0.0001246247484626304
release_long,time_context,hour_sin_5m,0.4994444449742635,0.025426912626754547,0.21607502467102468,0.00012004156589212802
release_long,time_context,is_weekend_15m,0.3549999892711639,0.0,0.4711538553237915,0.06831731407688227
release_long,time_context,is_weekend_5m,0.3549999892711639,0.0,0.4711538553237915,0.06831731407688227
release_long,time_context,week_cos_15m,0.47504476375050014,0.03316644616616311,0.26096103919876945,0.006512344385120284
release_long,time_context,week_cos_5m,0.47548429833518135,0.033201934243106905,0.2612322552336587,0.006404292034536135
release_long,time_context,week_sin_15m,0.47833092345131767,0.01968708513068602,0.24146343105369145,0.005232289571209918
release_long,time_context,week_sin_5m,0.47815221216943526,0.02083839851728694,0.2428749054670334,0.005306279404012212
release_long,trend,breakout_balance_15m,0.7726975348260667,0.011241119269086419,0.46134379506111145,0.12580731562046724
release_long,trend,breakout_balance_5m,0.7742090225219727,0.009722822466955248,0.49061881171332467,0.1345321047908025
release_long,trend,direction_alignment_15m,0.8558333118756613,0.09110433314174685,0.7957734796735976,0.28316271277507543
release_long,trend,direction_alignment_5m,0.8558333118756613,0.09110433314174685,0.7957734796735976,0.28316271277507543
release_long,trend,direction_alignment_5m__delta4h,0.7122221986452738,0.0026352288703211583,0.7456922266218398,0.1582524438463766
release_long,trend,direction_alignment_5m__lag4h,0.5899999903308021,0.10793515580524847,0.5543028679158952,0.04988725275276643
release_long,trend,ema_fast_med_15m,0.7855220635732015,0.006204131572573653,0.4111794233322143,0.11740079744865284
release_long,trend,ema_fast_med_5m,0.768744150797526,0.005257934264156378,0.41248815258344007,0.11085377828007693
release_long,trend,ema_med_slow_15m,0.6630929244889153,0.026784392682439262,0.39578433500395876,0.06454962466269622
release_long,trend,ema_med_slow_5m,0.6563096642494202,0.02817853470773313,0.38617488079600865,0.060362865958783964
release_long,trend,momentum_fast_15m,0.760088132487403,0.016408887957985455,0.6924771865208944,0.1801050982323505
release_long,trend,momentum_fast_5m,0.760088132487403,0.016408887957985455,0.6924771865208944,0.1801050982323505
release_long,trend,momentum_med_15m,0.7911692063013712,0.006371656941594532,0.4035748276445601,0.11750856224847925
release_long,trend,momentum_med_5m,0.7911692063013712,0.006371656941594532,0.4035747978422377,0.1175085535709607
release_long,trend,momentum_slow_15m,0.6666778524716696,0.03171956036279094,0.4013563063409593,0.06689720721687263
release_long,trend,momentum_slow_5m,0.6666778524716696,0.03171956036279094,0.4013563162750668,0.06689720887266833
release_long,trend,momentum_z_med_15m,0.7670650482177734,0.004434589832338206,0.3873146441247728,0.1034382041086322
release_long,trend,momentum_z_med_15m__delta4h,0.6918489138285319,0.012998888271275578,0.678622391488817,0.13019296870685027
release_long,trend,momentum_z_med_15m__lag4h,0.5177747309207916,0.012333629925407819,0.2834495272901323,0.005038239077207684
release_long,trend,momentum_z_med_5m,0.7725165088971456,0.005917623503406294,0.3896591166655223,0.10618854213363371
release_long,vol_asymmetry,down_semivar_fast_15m,0.505361987484826,0.02159773154854031,0.2700857718785603,0.001448196528642402
release_long,vol_asymmetry,down_semivar_fast_5m,0.5142987039354112,0.02767905797950618,0.2833283990621566,0.004051228894683819
release_long,vol_asymmetry,down_up_ratio_15m,0.29405008422003853,0.022906461363317233,0.4509783221615685,0.09287894746776337
release_long,vol_asymmetry,down_up_ratio_5m,0.29130973087416756,0.013829283623771327,0.45615391267670524,0.09519488279930309
release_long,vol_asymmetry,lower_wick_med_15m,0.4305858347151014,0.020816669431240914,0.42353540990087724,0.02939935694686676
release_long,vol_asymmetry,lower_wick_med_5m,0.4494239389896393,0.03192731078168579,0.37717918554941815,0.019076237500185538
release_long,vol_asymmetry,lower_wick_med_5m__delta4h,0.4437905119525062,0.03200861580488928,0.3905237217744191,0.02195113847134201
release_long,vol_asymmetry,lower_wick_med_5m__lag4h,0.5071739355723063,0.024130772813361713,0.2921409143341912,0.0020958000974681352
release_long,vol_asymmetry,negative_rate_med_15m,0.3327777749962277,0.014385564562770303,0.6680555608537462,0.11171373731210646
release_long,vol_asymmetry,negative_rate_med_5m,0.3050000038411882,0.043156692825106736,0.7374999986754524,0.1438124969088369
release_long,vol_asymmetry,return_vol_corr_med_15m,0.7195872531996833,0.014727758234297414,0.7952997353341844,0.17463768435246868
release_long,vol_asymmetry,return_vol_corr_med_5m,0.7069011463059319,0.010876986387068816,0.7637729777230157,0.15802550460838696
release_long,vol_asymmetry,semivar_balance_15m,0.6957822508282132,0.022184454784559198,0.4405147433280944,0.08624496797178695
release_long,vol_asymmetry,semivar_balance_15m__delta4h,0.6519382728470696,0.023922250205269054,0.6267406476868523,0.0952258915325941
release_long,vol_asymmetry,semivar_balance_15m__lag4h,0.49723084105385673,0.02732719612559231,0.30774391028616166,0.000852191802290036
release_long,vol_asymmetry,semivar_balance_5m,0.7051804198159112,0.014541390606965547,0.45095712277624345,0.09252757177020503
release_long,vol_asymmetry,up_semivar_fast_15m,0.7565354638629489,0.015615833111894689,0.811748226483663,0.20824220782091257
release_long,vol_asymmetry,up_semivar_fast_5m,0.6797812316152785,0.027074716194476982,0.6367034647199843,0.11446733306107379
release_long,vol_asymmetry,upper_wick_med_15m,0.4803753197193146,0.03239436336457107,0.334557788239585,0.006565589629615114
release_long,vol_asymmetry,upper_wick_med_5m,0.5182814929220412,0.03470793509286648,0.3299454086356693,0.006031894652632971
release_long,vol_strength,body_vol_fast_15m,0.6729789111349318,0.013872688431639022,0.30867794818348354,0.05339477536814388
release_long,vol_strength,body_vol_fast_5m,0.6039570106400384,0.025187275825570666,0.19880182875527275,0.020666843827170975
release_long,vol_strength,range_vol_fast_15m,0.6118221150504218,0.021060516696523812,0.1986748725175857,0.02221624445228936
release_long,vol_strength,range_vol_fast_5m,0.5874475836753845,0.02558596199699272,0.17782000535064268,0.01554992979705765
release_long,vol_strength,rv_accel_15m,0.7186970843209161,0.021380229825304506,0.7967427108022902,0.1742453078064037
release_long,vol_strength,rv_accel_5m,0.6312505867746141,0.03243737790203178,0.5781264669365354,0.07587943801535481
release_long,vol_strength,rv_fast_15m,0.6726669669151306,0.014457676718743886,0.30838027265336776,0.05324708633551801
release_long,vol_strength,rv_fast_5m,0.6039366788334317,0.02571211969822046,0.1988547709253099,0.02066830446015957
release_long,vol_strength,rv_fast_slow_15m,0.7020296255747477,0.005165196705219908,0.5198009411493937,0.10501518951381346
release_long,vol_strength,rv_fast_slow_15m__delta4h,0.8015256524085999,0.002533584916754165,0.9551917248302035,0.2880148080047229
release_long,vol_strength,rv_fast_slow_15m__lag4h,0.24493984878063202,0.007745178068396951,0.8257196479373508,0.21060817826770398
release_long,vol_strength,rv_fast_slow_5m,0.635573493109809,0.012758873499354086,0.4054904282093048,0.054973753774927706
release_long,vol_strength,rv_med_15m,0.5453383856349521,0.022249498531890264,0.16056115180253977,0.007279583418415628
release_long,vol_strength,rv_med_5m,0.5346765253278944,0.016983098505663898,0.1439560742841826,0.0049918964560197124
release_long,vol_strength,rv_slow_15m,0.513269046942393,0.029158043071378835,0.18592327833175654,0.002467024707867667
release_long,vol_strength,rv_slow_5m,0.5200634698073069,0.028764469385928464,0.19004283348719275,0.0038129186517653424
release_long,vol_strength,rv_surprise_15m,0.7008194062444899,0.004541501268289632,0.5178716844982572,0.10399868419177381
release_long,vol_strength,rv_surprise_5m,0.634215858247545,0.012001718230067956,0.40318258934550816,0.054113497259474876
release_long,vol_strength,rv_surprise_5m__delta4h,0.7384284800953336,0.01061245311982808,0.8050709366798401,0.1919518398015008
release_long,vol_strength,rv_surprise_5m__lag4h,0.28951378994517857,0.011436901694285889,0.7219762537214491,0.151966045395406
release_short,efficiency,choppiness_med_15m,0.5229799813694425,0.022239580741822983,0.24343879355324635,0.00559421894045315
release_short,efficiency,choppiness_med_5m,0.5094893740283118,0.020086971941543803,0.2255844804975721,0.002140655510423881
release_short,efficiency,efficiency_fast_15m,0.49972529543770683,0.03201099585949841,0.26223771439658267,7.203789655007482e-05
release_short,efficiency,efficiency_fast_5m,0.5740597579214308,0.026213683205996232,0.363879981968138,0.026948863377014912
release_short,efficiency,efficiency_med_15m,0.5225622918870714,0.01462343033333321,0.23359068069193098,0.005270341119871034
release_short,efficiency,efficiency_med_15m__delta4h,0.5481508241759406,0.022623295700267772,0.37310149603419834,0.017965144535323094
release_short,efficiency,efficiency_med_15m__lag4h,0.4505510131518046,0.026937374380582774,0.37829770975642735,0.018706438474448008
release_short,efficiency,efficiency_med_5m,0.5395470923847623,0.013516616591359013,0.2655858546495437,0.010503148329911553
release_short,efficiency,path_range_ratio_15m,0.5299619105127122,0.01771826525412306,0.2804428107208676,0.008402602398752132
release_short,efficiency,path_range_ratio_5m,0.5563729670312669,0.01614347041127786,0.35692453053262496,0.020120894792366093
release_short,efficiency,return_acf1_med_15m,0.5099093251758151,0.021502179785587546,0.23868419892258108,0.002365199341452794
release_short,efficiency,return_acf1_med_5m,0.5604433947139316,0.031193368254653825,0.3126660784085591,0.018898599190905613
release_short,efficiency,sign_entropy_med_15m,0.593888885445065,0.0060092767023920465,0.42342639631695217,0.039755032418219025
release_short,efficiency,sign_entropy_med_5m,0.45944445663028294,0.09445385169335364,0.445278568400277,0.01805851429236296
release_short,efficiency,sign_flip_med_15m,0.49222222632831997,0.009391187600218783,0.2722222076521979,0.0021172827195238796
release_short,efficiency,sign_flip_med_5m,0.4936111138926612,0.023555493452598424,0.2951388822661506,0.0018856087046457074
release_short,efficiency,sign_flip_med_5m__delta4h,0.4805555542310079,0.03066394947352461,0.30416666467984516,0.005914352216102462
release_short,efficiency,sign_flip_med_5m__lag4h,0.5700000094042884,0.04107919979322142,0.43611113892661196,0.030527783826177768
release_short,efficiency,variance_ratio_2_15m,0.46026573247379726,0.023409230604632045,0.28186631368266213,0.011199751514491476
release_short,efficiency,variance_ratio_2_5m,0.5414879388279386,0.030674137208959132,0.280034989118576,0.011618074498233918
release_short,participation,flow_change_15m,0.4721656209892697,0.024670568160721926,0.20879850619369078,0.0058117767582695126
release_short,participation,flow_change_5m,0.4721650315655602,0.024671767305737606,0.20879550112618336,0.005811816183100349
release_short,participation,flow_imb_fast_15m,0.36718278792169357,0.023135992327750658,0.3757956127325694,0.04991212559439878
release_short,participation,flow_imb_fast_5m,0.3671821819411384,0.023137392807199456,0.3758064111073811,0.049913787535813894
release_short,participation,flow_imb_med_15m,0.30617016222741866,0.007906944508017762,0.5650577611393399,0.10952505417377627
release_short,participation,flow_imb_med_15m__delta4h,0.3433933489852481,0.01633431396537292,0.6415166325039334,0.10046577138670235
release_short,participation,flow_imb_med_15m__lag4h,0.5139103896088071,0.03159555170183686,0.31685467892222935,0.004407572033181684
release_short,participation,flow_imb_med_5m,0.30616616540484953,0.007907420178489579,0.565065450138516,0.10952880299758334
release_short,participation,impact_proxy_15m,0.49746689200401306,0.02324234726689219,0.18217250208059943,0.0004614626216693136
release_short,participation,impact_proxy_5m,0.45301229423946804,0.027353502041080738,0.22069540288713238,0.010369970653562632
release_short,participation,mean_trade_quote_15m,0.5693227052688599,0.02655657726389757,0.2514172858662075,0.017428926407599788
release_short,participation,mean_trade_quote_5m,0.5693227052688599,0.02655657726389757,0.25141712857617265,0.01742891550382906
release_short,participation,quote_rel_fast_15m,0.6197749508751763,0.016248281868462583,0.29831261105007595,0.03573037833396842
release_short,participation,quote_rel_fast_5m,0.6197742819786072,0.016248894872968787,0.2983140812979804,0.03573035489157345
release_short,participation,quote_rel_fast_5m__delta4h,0.7283286849657694,0.012765177141279232,0.8208217091030545,0.18741714143085575
release_short,participation,quote_rel_fast_5m__lag4h,0.31003942092259723,0.011118927995552065,0.724901451004876,0.13770269940693575
release_short,participation,quote_rel_slow_15m,0.5145275824599795,0.022111618702639987,0.2163700792524549,0.0031433341682123466
release_short,participation,quote_rel_slow_5m,0.5145280857880911,0.02211097662391371,0.2163701819048987,0.0031434445646992366
release_short,participation,trades_rel_fast_15m,0.616547147432963,0.015074267400090059,0.288610620631112,0.033636744553413166
release_short,participation,trades_rel_fast_5m,0.6165507038434347,0.01507585300077512,0.28862343562973863,0.0336392645683563
release_short,path_geometry,above_prev_high_15m,0.46722222367922467,0.0026352288703211557,0.3281287617153591,0.01075533115591903
release_short,path_geometry,above_prev_high_5m,0.48111110594537515,0.0022048037981551687,0.29383052057690084,0.0055501335731923465
release_short,path_geometry,below_prev_low_15m,0.4722222189108531,0.0026352288703211614,0.31944443782170606,0.008873457663956953
release_short,path_geometry,below_prev_low_5m,0.48555556933085114,0.0016666650772094748,0.28611107667287183,0.004132711610676829
release_short,path_geometry,body_range_15m,0.2306334293550915,0.024219459338191182,0.8150822652710809,0.21955591458955465
release_short,path_geometry,body_range_5m,0.19684149324893946,0.012116839405584768,0.8678845895661248,0.26310659620512344
release_short,path_geometry,close_location_15m,0.18949284487300444,0.014337811682141483,0.877855016125573,0.2725802636711145
release_short,path_geometry,close_location_5m,0.22104586826430422,0.008224540101257307,0.8375399708747864,0.23363523536931596
release_short,path_geometry,close_location_5m__delta4h,0.2578489085038502,0.021061963742155996,0.852883067395952,0.20652656568851405
release_short,path_geometry,close_location_5m__lag4h,0.49360113342603046,0.03546364433238756,0.3191175162792206,0.002041990408087286
release_short,path_geometry,open_gap_z_15m,0.49888888994852704,0.0033333301544189405,0.2555555502573649,0.0002839503406006622
release_short,path_geometry,open_gap_z_5m,0.5027777751286825,0.0050689639411031755,0.2597222129503886,0.0007214499034999672
release_short,path_geometry,range_ratio_15m,0.6831136147181193,0.013534421243795182,0.5720695522096422,0.10475372357528343
release_short,path_geometry,range_ratio_5m,0.6568273968166776,0.022090298883551455,0.5189305577013228,0.08138252849292514
release_short,path_geometry,reversal_from_high_15m,0.254637685086992,0.022394053167866464,0.6615853442086114,0.1623281115675441
release_short,path_geometry,reversal_from_high_5m,0.254637685086992,0.022394053167866464,0.6615853442086114,0.1623281115675441
release_short,path_geometry,vwap_distance_15m,0.2063363128238254,0.013411157832406607,0.7533429132567512,0.22122945761501864
release_short,path_geometry,vwap_distance_15m__delta4h,0.2826707694265578,0.014437179455052008,0.7897181113560995,0.17162882951093306
release_short,path_geometry,vwap_distance_15m__lag4h,0.50890095366372,0.014892731805665135,0.2849889033370548,0.0025366730232775064
release_short,path_geometry,vwap_distance_5m,0.20686151915126372,0.013282848380368575,0.752282804912991,0.22052303860082043
release_short,time_context,america_hours_15m,0.3305555681387583,0.001666665077209474,0.5013871788978577,0.08495726567085825
release_short,time_context,america_hours_5m,0.3305555681387583,0.001666665077209474,0.5013871788978577,0.08495726567085825
release_short,time_context,asia_hours_15m,0.3305555681387583,0.0016666650772094692,0.5073539548450046,0.08596830263126587
release_short,time_context,asia_hours_5m,0.3305555681387583,0.0016666650772094692,0.5073539548450046,0.08596830263126587
release_short,time_context,europe_hours_15m,0.3305555681387583,0.0016666650772094722,0.4396750364038679,0.07450048674702416
release_short,time_context,europe_hours_5m,0.3305555681387583,0.0016666650772094722,0.4396750364038679,0.07450048674702416
release_short,time_context,hour_cos_15m,0.3855555554231007,0.028553070753756047,0.3503788411617279,0.04009891186825157
release_short,time_context,hour_cos_5m,0.38999999894036186,0.02136000904936655,0.34294890032874215,0.03772437939956337
release_short,time_context,hour_sin_15m,0.4555555548932817,0.03530619849184945,0.27204222811592943,0.012090765874207763
release_short,time_context,hour_sin_5m,0.4533333314789666,0.038971138186823864,0.27802414695421857,0.012974460706755597
release_short,time_context,is_weekend_15m,0.3549999892711639,0.0,0.4711538553237915,0.06831731407688227
release_short,time_context,is_weekend_5m,0.3549999892711639,0.0,0.4711538553237915,0.06831731407688227
release_short,time_context,week_cos_15m,0.47860895925097996,0.03281013663741107,0.2505437466833326,0.005359391494715323
release_short,time_context,week_cos_5m,0.47861074407895404,0.03262927848088901,0.24968626764085552,0.005340603478541035
release_short,time_context,week_sin_15m,0.515788174337811,0.023798447349625277,0.2312224258979161,0.0036505799708878824
release_short,time_context,week_sin_5m,0.5150653819243113,0.02432122867110107,0.23099791341357756,0.003480071789294534
release_short,trend,breakout_balance_15m,0.21108255287011463,0.014854955790479931,0.4809846116436852,0.13896484610485288
release_short,trend,breakout_balance_5m,0.2093434400028652,0.016351147813028093,0.511207663350635,0.14858586087366896
release_short,trend,direction_alignment_15m,0.3394444485505422,0.004639799210830135,0.4558552106221517,0.0731900847225483
release_short,trend,direction_alignment_5m,0.3394444485505422,0.004639799210830135,0.4558552106221517,0.0731900847225483
release_short,trend,direction_alignment_5m__delta4h,0.2849999964237213,0.004330122889391257,0.7523343231942918,0.16175188217732994
release_short,trend,direction_alignment_5m__lag4h,0.5668055415153503,0.13067598488297796,0.5759253766801622,0.03847500666155036
release_short,trend,ema_fast_med_15m,0.20892699890666536,0.010718221587557308,0.4168269766701592,0.12132707903604464
release_short,trend,ema_fast_med_5m,0.22556394504176241,0.01565375801701799,0.4184325536092122,0.11483297927861345
release_short,trend,ema_med_slow_15m,0.36224339074558676,0.022476813809565142,0.3576800028483073,0.04927278439049169
release_short,trend,ema_med_slow_5m,0.3693086306254069,0.022805602525166196,0.34759624799092603,0.045427829639404775
release_short,trend,momentum_fast_15m,0.24877439770433632,0.020052644424512295,0.6754338608847724,0.16968627851166249
release_short,trend,momentum_fast_5m,0.24876992901166275,0.02006267319907078,0.6754424505763583,0.16969145480683498
release_short,trend,momentum_med_15m,0.20323399537139467,0.007048939081442541,0.4093355172210269,0.12147686599826783
release_short,trend,momentum_med_5m,0.20323399537139467,0.007048939081442541,0.4093354874187045,0.12147685715395169
release_short,trend,momentum_slow_15m,0.36706593963834977,0.030588982270182096,0.3506465388668908,0.04661286816333499
release_short,trend,momentum_slow_5m,0.3670658568541209,0.030589000342681215,0.3506466779443953,0.04661291567948721
release_short,trend,momentum_z_med_15m,0.22717906369103322,0.0066927867323280914,0.3934709297286139,0.10734710745892011
release_short,trend,momentum_z_med_15m__delta4h,0.28550161586867434,0.014591620658349683,0.7314770552847121,0.15690064638771112
release_short,trend,momentum_z_med_15m__lag4h,0.5156568686167399,0.018990922446353944,0.2874980635113186,0.004501319407963851
release_short,trend,momentum_z_med_5m,0.22069381674130756,0.009238574720459754,0.39683367146386034,0.11083809816510473
release_short,vol_asymmetry,down_semivar_fast_15m,0.7618285285101997,0.01595557982683959,0.8187518649631076,0.21437259601827216
release_short,vol_asymmetry,down_semivar_fast_5m,0.692657040225135,0.019910308329534235,0.6622016827265421,0.1275778162261995
release_short,vol_asymmetry,down_up_ratio_15m,0.6986271010504829,0.027496584643982733,0.4402936862574683,0.08745425851215176
release_short,vol_asymmetry,down_up_ratio_5m,0.7086372574170431,0.02354794914326175,0.45616473423110115,0.0951729590803513
release_short,vol_asymmetry,lower_wick_med_15m,0.46326448520024616,0.029812536645582557,0.3500891658994887,0.012860705735134145
release_short,vol_asymmetry,lower_wick_med_5m,0.5306366615825229,0.027115715796361718,0.34136473139127094,0.01045827575184319
release_short,vol_asymmetry,lower_wick_med_5m__delta4h,0.49916136595937943,0.028876370222809908,0.30551860729853314,0.0002562183041235372
release_short,vol_asymmetry,lower_wick_med_5m__lag4h,0.5299989051289029,0.024971187514918305,0.3249972628222571,0.009749562054558016
release_short,vol_asymmetry,negative_rate_med_15m,0.7372222277853224,0.017519827029486373,0.8430555661519369,0.19999151954937874
release_short,vol_asymmetry,negative_rate_med_5m,0.7600000037087334,0.029261740967007205,0.9000000092718337,0.23400000574853688
release_short,vol_asymmetry,return_vol_corr_med_15m,0.2901400095886654,0.013666572094986168,0.771100189950731,0.16182307846923868
release_short,vol_asymmetry,return_vol_corr_med_5m,0.31410790814293754,0.015339185145328569,0.7115228772163391,0.13226647604990108
release_short,vol_asymmetry,semivar_balance_15m,0.31063217586941183,0.026168013642590447,0.4310395386483934,0.08162501954809882
release_short,vol_asymmetry,semivar_balance_15m__delta4h,0.3598295781347487,0.026444550470749183,0.5973928802543216,0.0837368120445458
release_short,vol_asymmetry,semivar_balance_15m__lag4h,0.5013472537199656,0.015461821558869578,0.2796952459547255,0.0003768204605691917
release_short,vol_asymmetry,semivar_balance_5m,0.29491802387767363,0.023191772065187077,0.45092260506418014,0.09247609892478939
release_short,vol_asymmetry,up_semivar_fast_15m,0.5309831897417704,0.02731365076353632,0.3001743952433268,0.009300360243445173
release_short,vol_asymmetry,up_semivar_fast_5m,0.5345225863986545,0.024891801161602636,0.30885327359040576,0.010662413822032047
release_short,vol_asymmetry,upper_wick_med_15m,0.44324152337180245,0.020939754088726545,0.39189619488186306,0.022243431017881777
release_short,vol_asymmetry,upper_wick_med_5m,0.4594949616326226,0.02123818971572981,0.35126259591844344,0.014227904924701136
release_short,vol_strength,body_vol_fast_15m,0.6911770900090536,0.014278604964912336,0.3293276727199554,0.06295990613005505
release_short,vol_strength,body_vol_fast_5m,0.6282836132579379,0.018272865088316326,0.22253477076689399,0.028547564469504096
release_short,vol_strength,range_vol_fast_15m,0.6383313801553514,0.02336457634422145,0.2234723220268885,0.03091323473250062
release_short,vol_strength,range_vol_fast_5m,0.6181440419620938,0.024517087244902085,0.20686936378479,0.024440382795661884
release_short,vol_strength,rv_accel_15m,0.7213978105121188,0.016463748374945738,0.8034945196575589,0.17789192741067017
release_short,vol_strength,rv_accel_5m,0.6343201067712572,0.02779437670826072,0.5858002636167738,0.07868475395563565
release_short,vol_strength,rv_fast_15m,0.690842350323995,0.013867392369234104,0.32901134755876327,0.06278929885137917
release_short,vol_strength,rv_fast_5m,0.6275355021158854,0.01946012936939569,0.22190366519822013,0.028300595362410325
release_short,vol_strength,rv_fast_slow_15m,0.7088747223218282,0.00553347323413396,0.5316201382213168,0.1110420087516695
release_short,vol_strength,rv_fast_slow_15m__delta4h,0.8074634075164795,0.003952428367278565,0.9693150321642557,0.298028902746168
release_short,vol_strength,rv_fast_slow_15m__lag4h,0.2406455708874596,0.007895806110919817,0.8356811470455594,0.21673760681211396
release_short,vol_strength,rv_fast_slow_5m,0.6362402439117432,0.01436321650652512,0.4066582719484965,0.05540322215899115
release_short,vol_strength,rv_med_15m,0.5726013713412814,0.02395242790103312,0.19055410060617653,0.01383448901871292
release_short,vol_strength,rv_med_5m,0.5536381536059909,0.02008680539920071,0.16399402916431424,0.008796336926780838
release_short,vol_strength,rv_slow_15m,0.5401966604921553,0.02342727054863869,0.21011672251754332,0.008445990558762094
release_short,vol_strength,rv_slow_5m,0.5437877939807044,0.028751518751967273,0.2145836469199922,0.009396144522960838
release_short,vol_strength,rv_surprise_15m,0.707618236541748,0.004738654946824791,0.5296064615249634,0.10995595960292803
release_short,vol_strength,rv_surprise_5m,0.6341023908721076,0.015021888046003129,0.4030288921462165,0.054047138027344434
release_short,vol_strength,rv_surprise_5m__delta4h,0.7459788587358263,0.010836359333119053,0.8230358494652642,0.202449418950137
release_short,vol_strength,rv_surprise_5m__lag4h,0.2800091769960191,0.011105017262684905,0.7440385884708829,0.16368166142442978
trend_long,efficiency,choppiness_med_15m,0.379900230301751,0.022063354835746438,0.4305406047238243,0.05170782747307615
trend_long,efficiency,choppiness_med_5m,0.3894928495089213,0.026402607746051323,0.4117639429039425,0.0455028600052859
trend_long,efficiency,efficiency_fast_15m,0.5525755882263184,0.014739006723689073,0.31897112727165217,0.01677009464351897
trend_long,efficiency,efficiency_fast_5m,0.577419744597541,0.021109247944934604,0.37089384926689994,0.028714507083042254
trend_long,efficiency,efficiency_med_15m,0.7598485350608826,0.0054891398421332855,0.6857288214895461,0.178185629713084
trend_long,efficiency,efficiency_med_15m__delta4h,0.7810407413376702,0.007882028703405678,0.9513289862208896,0.2673622035435331
trend_long,efficiency,efficiency_med_15m__lag4h,0.4307359523243374,0.017981178848509458,0.4228062861495548,0.029285274761432598
trend_long,efficiency,efficiency_med_5m,0.762912286652459,0.006665540480531115,0.6907886266708374,0.1816168174315417
trend_long,efficiency,path_range_ratio_15m,0.7607421477635702,0.020197219458177623,0.7801433205604553,0.20341624496633653
trend_long,efficiency,path_range_ratio_5m,0.7609594861666361,0.019276126313051926,0.8243970142470466,0.21513422123521828
trend_long,efficiency,return_acf1_med_15m,0.5029759605725607,0.029722443242376988,0.25445221695635056,0.0007572397652627517
trend_long,efficiency,return_acf1_med_5m,0.48825905389255947,0.018334069001364743,0.2284873591528998,0.0026826577700456056
trend_long,efficiency,sign_entropy_med_15m,0.3047222163942125,0.05394505735296063,0.6461582415633731,0.12618034927110855
trend_long,efficiency,sign_entropy_med_5m,0.4194444484180874,0.09176889465859293,0.49938875767919755,0.040228536828653835
trend_long,efficiency,sign_flip_med_15m,0.49222222632831997,0.009391187600218783,0.2722222076521979,0.0021172827195238796
trend_long,efficiency,sign_flip_med_5m,0.48722222116258407,0.04352521053417152,0.3319444292121463,0.004241512502785073
trend_long,efficiency,sign_flip_med_5m__delta4h,0.4933333330684238,0.018540497959108844,0.2722222175863054,0.0018148148560229612
trend_long,efficiency,sign_flip_med_5m__lag4h,0.49333333637979293,0.02738612805663082,0.3027777638700273,0.0020185175033999576
trend_long,efficiency,variance_ratio_2_15m,0.5029908484882779,0.02988840701746509,0.2552532040410571,0.0007634236594342882
trend_long,efficiency,variance_ratio_2_5m,0.48517752687136334,0.018581572137777242,0.2316274609830644,0.003433291816275808
trend_long,participation,flow_change_15m,0.5320517486996121,0.011618920265700697,0.21317328843805522,0.00683257667048648
trend_long,participation,flow_change_5m,0.5320517222086588,0.01161896289494586,0.21316974361737565,0.006832457405715145
trend_long,participation,flow_imb_fast_15m,0.6476455529530843,0.014572995109683455,0.39978865782419837,0.0590270174488252
trend_long,participation,flow_imb_fast_5m,0.6476415130827162,0.014584194513176208,0.39979154864947,0.0590258291602901
trend_long,participation,flow_imb_med_15m,0.7114928828345405,0.005950015449342129,0.5990251700083414,0.12668956009551485
trend_long,participation,flow_imb_med_15m__delta4h,0.5656401316324869,0.015093707651204111,0.41410032908121747,0.027181600109947274
trend_long,participation,flow_imb_med_15m__lag4h,0.6275274157524109,0.01951261761935879,0.5688185493151346,0.07253995962619442
trend_long,participation,flow_imb_med_5m,0.7114866905742221,0.005960416973300549,0.599013262324863,0.1266833324591536
trend_long,participation,impact_proxy_15m,0.42985514137479996,0.02244960049926,0.2640001475811004,0.01851825302910823
trend_long,participation,impact_proxy_5m,0.41441703504986227,0.02011261990489191,0.27807676957713234,0.023798634424167242
trend_long,participation,mean_trade_quote_15m,0.5687044395340813,0.027741974250190655,0.24997714327441323,0.01717453952499931
trend_long,participation,mean_trade_quote_5m,0.568703830242157,0.027741131761225824,0.24997598926226294,0.01717430793088977
trend_long,participation,quote_rel_fast_15m,0.6682402822706435,0.019261217949347105,0.3641373217105865,0.061262565789865185
trend_long,participation,quote_rel_fast_5m,0.6682393418418037,0.019270545371884617,0.36413924892743427,0.06126254757832025
trend_long,participation,quote_rel_fast_5m__delta4h,0.6460496584574381,0.025761662483596758,0.6151241461435953,0.08983867145319535
trend_long,participation,quote_rel_fast_5m__lag4h,0.5163419842720032,0.026955301262077746,0.3083353141943614,0.0050388108550674104
trend_long,participation,quote_rel_slow_15m,0.626236273182763,0.022409898677402656,0.41216987371444697,0.05203078877592185
trend_long,participation,quote_rel_slow_5m,0.6262415250142416,0.02241320607160002,0.41217798988024396,0.052033978019786625
trend_long,participation,trades_rel_fast_15m,0.6579750643836128,0.01921004091275782,0.3439124921957652,0.05432959809695472
trend_long,participation,trades_rel_fast_5m,0.657977733347151,0.019208894992021906,0.3439262244436476,0.05433268537625098
trend_long,path_geometry,above_prev_high_15m,0.46722222367922467,0.0026352288703211557,0.3281287617153591,0.01075533115591903
trend_long,path_geometry,above_prev_high_5m,0.48111110594537515,0.0022048037981551687,0.29383052057690084,0.0055501335731923465
trend_long,path_geometry,below_prev_low_15m,0.4722222189108531,0.0026352288703211614,0.31944443782170606,0.008873457663956953
trend_long,path_geometry,below_prev_low_5m,0.48555556933085114,0.0016666650772094748,0.28611107667287183,0.004132711610676829
trend_long,path_geometry,body_range_15m,0.6688672635290358,0.008320624376819529,0.5934126973152161,0.10020797833900455
trend_long,path_geometry,body_range_5m,0.5792914032936096,0.01729815403793938,0.38599343763457405,0.030605961332169765
trend_long,path_geometry,close_location_15m,0.6327188611030579,0.021983895340893112,0.49780290987756515,0.0660678352527386
trend_long,path_geometry,close_location_5m,0.5568998985820346,0.01738386940518405,0.346870008442137,0.019736868301507077
trend_long,path_geometry,close_location_5m__delta4h,0.5259919762611389,0.021048025018315018,0.3190884490807851,0.0082937393937114
trend_long,path_geometry,close_location_5m__lag4h,0.506607625219557,0.02033860851556377,0.29180312818951076,0.0019281257089706486
trend_long,path_geometry,open_gap_z_15m,0.49888888994852704,0.0033333301544189405,0.2555555502573649,0.0002839503406006622
trend_long,path_geometry,open_gap_z_5m,0.5027777751286825,0.0050689639411031755,0.2597222129503886,0.0007214499034999672
trend_long,path_geometry,range_ratio_15m,0.5627898971239725,0.01072457058086285,0.32896607783105636,0.02065574618428877
trend_long,path_geometry,range_ratio_5m,0.5565933585166931,0.011592174552078493,0.3164639373620351,0.017909757064733967
trend_long,path_geometry,reversal_from_high_15m,0.7608387602700127,0.027712393047441983,0.6911665664778815,0.18028303034017196
trend_long,path_geometry,reversal_from_high_5m,0.7608387271563212,0.027712407135953108,0.6911665002504984,0.18028299017842914
trend_long,path_geometry,vwap_distance_15m,0.8444939189487033,0.007253331548151592,0.8506093886163499,0.2930297617790069
trend_long,path_geometry,vwap_distance_15m__delta4h,0.6718633042441474,0.02019192528059881,0.675982289844089,0.11617654994313012
trend_long,path_geometry,vwap_distance_15m__lag4h,0.6732953853077359,0.021678760713268224,0.6832384599579705,0.1184020721754806
trend_long,path_geometry,vwap_distance_5m,0.8440593017472161,0.0062553389742305105,0.8497009211116366,0.2923475056116361
trend_long,time_context,america_hours_15m,0.3305555681387583,0.001666665077209474,0.5013871788978577,0.08495726567085825
trend_long,time_context,america_hours_5m,0.3305555681387583,0.001666665077209474,0.5013871788978577,0.08495726567085825
trend_long,time_context,asia_hours_15m,0.3305555681387583,0.0016666650772094692,0.5073539548450046,0.08596830263126587
trend_long,time_context,asia_hours_5m,0.3305555681387583,0.0016666650772094692,0.5073539548450046,0.08596830263126587
trend_long,time_context,europe_hours_15m,0.3305555681387583,0.0016666650772094722,0.4396750364038679,0.07450048674702416
trend_long,time_context,europe_hours_5m,0.3305555681387583,0.0016666650772094722,0.4396750364038679,0.07450048674702416
trend_long,time_context,hour_cos_15m,0.5022222134802077,0.017873002085336716,0.18883669541941744,0.00041963545011890126
trend_long,time_context,hour_cos_5m,0.5030555559529198,0.022352912473991186,0.18923871053589714,0.0005782294685008352
trend_long,time_context,hour_sin_15m,0.4930555456214481,0.028987538813955386,0.2247942984104156,0.0015610737498697133
trend_long,time_context,hour_sin_5m,0.49916666083865696,0.029047362570928003,0.22465547091431087,0.00018721420172285722
trend_long,time_context,is_weekend_15m,0.3549999892711639,0.0,0.4711538553237915,0.06831731407688227
trend_long,time_context,is_weekend_5m,0.3549999892711639,0.0,0.4711538553237915,0.06831731407688227
trend_long,time_context,week_cos_15m,0.47314658761024475,0.024521664563315625,0.2546390874518288,0.00683792842589491
trend_long,time_context,week_cos_5m,0.47198594941033256,0.024238211521899526,0.25544614593187964,0.007156081255071248
trend_long,time_context,week_sin_15m,0.4940274854501088,0.02894318739441185,0.2410162935654322,0.001439473320080386
trend_long,time_context,week_sin_5m,0.4944232967164781,0.028621100145260682,0.23987639943758646,0.0013377195043829965
trend_long,trend,breakout_balance_15m,0.8565280106332567,0.007512009479300211,0.5655942029423184,0.20165017600072724
trend_long,trend,breakout_balance_5m,0.8493781950738695,0.007750820517352447,0.5894503593444824,0.20594110263341903
trend_long,trend,direction_alignment_15m,0.8988888661066691,0.0033333301544189215,0.8726567493544685,0.3480930612503356
trend_long,trend,direction_alignment_5m,0.8988888661066691,0.0033333301544189215,0.8726567493544685,0.3480930612503356
trend_long,trend,direction_alignment_5m__delta4h,0.6644444266955057,0.0932551655027568,0.6314611749516593,0.10384027089539606
trend_long,trend,direction_alignment_5m__lag4h,0.6405555407206217,0.004639799210830127,0.5821776919894748,0.08182830029306419
trend_long,trend,ema_fast_med_15m,0.8860048651695251,0.006143841902436552,0.5182929635047913,0.20006360549598057
trend_long,trend,ema_fast_med_5m,0.8837559289402432,0.006925037613988713,0.5410278638203939,0.2076226504629507
trend_long,trend,ema_med_slow_15m,0.8343094719780816,0.00548648907730452,0.6536387337578667,0.21851761994701427
trend_long,trend,ema_med_slow_5m,0.8316278722551134,0.006067956539671809,0.6506526006592644,0.21577453753388784
trend_long,trend,momentum_fast_15m,0.7980229059855143,0.009775446002940539,0.7654286821683248,0.22811528018446675
trend_long,trend,momentum_fast_5m,0.7980229059855143,0.009775446002940539,0.7654286821683248,0.22811528018446675
trend_long,trend,momentum_med_15m,0.8812322815259298,0.006155703040851943,0.4967593451340993,0.18938069851479947
trend_long,trend,momentum_med_5m,0.8812322815259298,0.006155703040851943,0.4967593120204078,0.18938068589079132
trend_long,trend,momentum_slow_15m,0.8084198236465454,0.009272328410805676,0.615031984117296,0.18968805607844136
trend_long,trend,momentum_slow_5m,0.8084198236465454,0.009272328410805676,0.6150320039855109,0.1896880622061927
trend_long,trend,momentum_z_med_15m,0.8783686492178175,0.0024945290594674515,0.5048651595910391,0.19102514847159932
trend_long,trend,momentum_z_med_15m__delta4h,0.6661850081549751,0.007875776369605899,0.6189840038617452,0.10286586172956325
trend_long,trend,momentum_z_med_15m__lag4h,0.7079233196046617,0.00718883106810713,0.7346225314670138,0.15274515539900158
trend_long,trend,momentum_z_med_5m,0.8767547276284959,0.002864360300348521,0.4988270302613576,0.1879354419198493
trend_long,vol_asymmetry,down_semivar_fast_15m,0.381405297252867,0.03245534702820671,0.4945232934421963,0.05864784298731051
trend_long,vol_asymmetry,down_semivar_fast_5m,0.46367460158136153,0.04048106081940665,0.3250867641634411,0.01180890622886296
trend_long,vol_asymmetry,down_up_ratio_15m,0.22891898122098706,0.013702783850187552,0.5470294753710429,0.14828930748573124
trend_long,vol_asymmetry,down_up_ratio_5m,0.23729312751028267,0.014129606360963862,0.5359587404463027,0.14080004448617636
trend_long,vol_asymmetry,lower_wick_med_15m,0.4134285549322764,0.02439195966826532,0.46642861432499355,0.040379399163050604
trend_long,vol_asymmetry,lower_wick_med_5m,0.41991834839185077,0.0354198985653411,0.45020412736468846,0.036053090080169825
trend_long,vol_asymmetry,lower_wick_med_5m__delta4h,0.45752136243714225,0.024231916886601635,0.35619659556282884,0.01513074608403723
trend_long,vol_asymmetry,lower_wick_med_5m__lag4h,0.47662653194533455,0.02009204893036759,0.3084336784150865,0.0072091647294179806
trend_long,vol_asymmetry,negative_rate_med_15m,0.16777777671813962,0.007949492402695331,1.0805555449591742,0.35898456552587904
trend_long,vol_asymmetry,negative_rate_med_5m,0.2283333324723773,0.028831405694192586,0.9291666679912143,0.2524236122709182
trend_long,vol_asymmetry,return_vol_corr_med_15m,0.8090734216901991,0.01420286815380106,1.0180528163909912,0.3146530674233077
trend_long,vol_asymmetry,return_vol_corr_med_5m,0.7846570544772677,0.01077800186014352,0.9571457372771369,0.27245828627878255
trend_long,vol_asymmetry,semivar_balance_15m,0.7585149274932014,0.013777301640336333,0.533949441379971,0.1380339011233786
trend_long,vol_asymmetry,semivar_balance_15m__delta4h,0.6388821535640292,0.01881705723754059,0.5938408176104227,0.08247389162395939
trend_long,vol_asymmetry,semivar_balance_15m__lag4h,0.5855429238743253,0.024712681744725327,0.46230655577447677,0.03954705450721758
trend_long,vol_asymmetry,semivar_balance_5m,0.7580039501190186,0.014103029387868045,0.5290115608109368,0.1364870723478491
trend_long,vol_asymmetry,up_semivar_fast_15m,0.7483481963475546,0.011876365138006518,0.7931358151965671,0.1969738491627148
trend_long,vol_asymmetry,up_semivar_fast_5m,0.6985940403408475,0.02169392124738212,0.6798688968022665,0.1350179111180368
trend_long,vol_asymmetry,upper_wick_med_15m,0.5953661137157016,0.025149311152943814,0.4884152909119924,0.046578268173600536
trend_long,vol_asymmetry,upper_wick_med_5m,0.617367062303755,0.03927552084344978,0.5434176590707567,0.06377933424911822
trend_long,vol_strength,body_vol_fast_15m,0.6186916761928134,0.02120704607905111,0.2471415152152379,0.029333640697728283
trend_long,vol_strength,body_vol_fast_5m,0.5935837692684598,0.030517912335616487,0.1887222545014487,0.01766133992108712
trend_long,vol_strength,range_vol_fast_15m,0.5991273191240098,0.023378604258172474,0.18684098621209458,0.018521046065691025
trend_long,vol_strength,range_vol_fast_5m,0.6011732353104485,0.023331318943310055,0.19071151150597462,0.01929490063000528
trend_long,vol_strength,rv_accel_15m,0.5549959341684977,0.038109376369103456,0.38748983542124427,0.02131036547978875
trend_long,vol_strength,rv_accel_5m,0.5086416337225173,0.029533288973176926,0.30724213189548916,0.002655073967966152
trend_long,vol_strength,rv_fast_15m,0.6187511218918694,0.020737549243008625,0.24727239708105722,0.029363874566267364
trend_long,vol_strength,rv_fast_5m,0.5935165286064148,0.03112042785334778,0.18869633641507885,0.01764622634228639
trend_long,vol_strength,rv_fast_slow_15m,0.5929065214263068,0.005518627132179158,0.3320650789472792,0.03085101137214367
trend_long,vol_strength,rv_fast_slow_15m__delta4h,0.5991006824705336,0.02057336683344958,0.4734025001525879,0.04691451084837835
trend_long,vol_strength,rv_fast_slow_15m__lag4h,0.5106195178296831,0.030138873505310144,0.28410021629598403,0.0030170073123720184
trend_long,vol_strength,rv_fast_slow_5m,0.5720441738764445,0.019307682567570053,0.29612986909018624,0.021334431778742113
trend_long,vol_strength,rv_med_15m,0.5807069540023804,0.03620645788168622,0.2004992084370719,0.016181680392844434
trend_long,vol_strength,rv_med_5m,0.581799202495151,0.03521260913573038,0.19477277497450507,0.015932257660682028
trend_long,vol_strength,rv_slow_15m,0.5548560751809014,0.03380173268292975,0.23076870871914756,0.012659065634897097
trend_long,vol_strength,rv_slow_5m,0.5590368906656901,0.027449442484150835,0.23486870361698994,0.0138659179762286
trend_long,vol_strength,rv_surprise_15m,0.593225876490275,0.005256678948789196,0.33269997437794996,0.03101624671967643
trend_long,vol_strength,rv_surprise_5m,0.5726873013708327,0.018282487152562567,0.2972817967335383,0.02160861155123332
trend_long,vol_strength,rv_surprise_5m__delta4h,0.5687804818153381,0.027796636084397353,0.4012330439355638,0.027597002082122814
trend_long,vol_strength,rv_surprise_5m__lag4h,0.5120332075489892,0.026657466216765305,0.2835894856188032,0.0034124911391621407
trend_short,efficiency,choppiness_med_15m,0.3707413507832421,0.008852922593198965,0.4484875599543254,0.057970896190215816
trend_short,efficiency,choppiness_med_5m,0.3850444389714135,0.01576466746534236,0.420499324798584,0.04833873579436304
trend_short,efficiency,efficiency_fast_15m,0.5608141223589579,0.029534489569919456,0.33614666428830886,0.020442464372584755
trend_short,efficiency,efficiency_fast_5m,0.5722041858567132,0.024545872577135027,0.36003265115949845,0.02599586445880561
trend_short,efficiency,efficiency_med_15m,0.7547915445433723,0.005610358423925841,0.6760939227210151,0.1722630148264748
trend_short,efficiency,efficiency_med_15m__delta4h,0.7992839747005038,0.0068559824377184605,0.9968777034017775,0.29834952136439397
trend_short,efficiency,efficiency_med_15m__lag4h,0.3746852278709411,0.010882276571676616,0.562834103902181,0.07053142747696488
trend_short,efficiency,efficiency_med_5m,0.74984296825197,0.003724389513199336,0.6659344633420309,0.16637904298265574
trend_short,efficiency,path_range_ratio_15m,0.7331525286038717,0.014781974364685911,0.7199919356240166,0.1678679403651355
trend_short,efficiency,path_range_ratio_5m,0.7149088978767395,0.017366835578313856,0.7178453405698141,0.15427135098781147
trend_short,efficiency,return_acf1_med_15m,0.5222416718800863,0.012871640875498833,0.24663723177380031,0.005485624382525662
trend_short,efficiency,return_acf1_med_5m,0.4648248487048679,0.024825644931135076,0.26501930587821537,0.009322094180397119
trend_short,efficiency,sign_entropy_med_15m,0.2877777715524037,0.0071199963309337925,0.6823738747172885,0.14481490432692387
trend_short,efficiency,sign_entropy_med_5m,0.3583333293596903,0.005000010132789615,0.5799532665146722,0.0821600483941058
trend_short,efficiency,sign_flip_med_15m,0.49222222632831997,0.009391187600218783,0.2722222076521979,0.0021172827195238796
trend_short,efficiency,sign_flip_med_5m,0.523888885974884,0.04897561087006624,0.35138887498113847,0.008394288767267197
trend_short,efficiency,sign_flip_med_5m__delta4h,0.5,0.004330122889391271,0.2583333253860473,0.0
trend_short,efficiency,sign_flip_med_5m__lag4h,0.5238888892862532,0.03781350205629046,0.33194443914625377,0.007929783955952273
trend_short,efficiency,variance_ratio_2_15m,0.5159712301360236,0.017913351364746446,0.23403787778483492,0.003737872806648173
trend_short,efficiency,variance_ratio_2_5m,0.4558239248063829,0.02423854126694347,0.2810557997888989,0.01241594214507659
trend_short,participation,flow_change_15m,0.48371948136223686,0.02010722101931829,0.19235517250166997,0.0031316419709835823
trend_short,participation,flow_change_5m,0.4837189382976956,0.020107950620370147,0.19235314263237846,0.003131713383829917
trend_short,participation,flow_imb_fast_15m,0.3606828186247084,0.01725555328813182,0.38641835583580864,0.05383471616671932
trend_short,participation,flow_imb_fast_5m,0.3606826795472039,0.017254878174929118,0.3864272865984175,0.05383601411873622
trend_short,participation,flow_imb_med_15m,0.2905890345573425,0.004745395847926934,0.5950214862823486,0.12460402390151162
trend_short,participation,flow_imb_med_15m__delta4h,0.4168327616320716,0.008362979579628706,0.45791809426413643,0.03808378329865293
trend_short,participation,flow_imb_med_15m__lag4h,0.3896014293034871,0.017392632280181834,0.525996423429913,0.05806925333814018
trend_short,participation,flow_imb_med_5m,0.29058587551116943,0.0047449798959771855,0.5950275593333774,0.1246071753845249
trend_short,participation,impact_proxy_15m,0.4432054592503441,0.019923349816273216,0.2434844358099831,0.013828586711517061
trend_short,participation,impact_proxy_5m,0.4388191401958465,0.01948168922268351,0.24165733324156863,0.014784803425698012
trend_short,participation,mean_trade_quote_15m,0.5611456169022454,0.024015911410633153,0.2392184535662333,0.014627159917708483
trend_short,participation,mean_trade_quote_5m,0.5611455705430772,0.024015957518915377,0.23921824494997657,0.014627136071779921
trend_short,participation,quote_rel_fast_15m,0.6380190981758965,0.00974815741966692,0.3231361673937903,0.04459896241170648
trend_short,participation,quote_rel_fast_5m,0.6380190981758965,0.00974815741966692,0.3231389688120948,0.044599349060934476
trend_short,participation,quote_rel_fast_5m__delta4h,0.6369284921222262,0.02943246642012526,0.5923212303055657,0.08110565291772301
trend_short,participation,quote_rel_fast_5m__lag4h,0.4758583638403151,0.022048587000950446,0.31836949123276603,0.007685960421685428
trend_short,participation,quote_rel_slow_15m,0.6176151235898336,0.031597468138962026,0.3970603777302636,0.04670030539937097
trend_short,participation,quote_rel_slow_5m,0.6176165209876167,0.03159596004603001,0.3970618711577521,0.04670103590240809
trend_short,participation,trades_rel_fast_15m,0.6470364994472928,0.009210279761028669,0.3292816281318664,0.04841641793281485
trend_short,participation,trades_rel_fast_5m,0.6470297376314799,0.009218760177027843,0.32928185992770725,0.0484142254719765
trend_short,path_geometry,above_prev_high_15m,0.46722222367922467,0.0026352288703211557,0.3281287617153591,0.01075533115591903
trend_short,path_geometry,above_prev_high_5m,0.48111110594537515,0.0022048037981551687,0.29383052057690084,0.0055501335731923465
trend_short,path_geometry,below_prev_low_15m,0.4722222189108531,0.0026352288703211614,0.31944443782170606,0.008873457663956953
trend_short,path_geometry,below_prev_low_5m,0.48555556933085114,0.0016666650772094748,0.28611107667287183,0.004132711610676829
trend_short,path_geometry,body_range_15m,0.35243793659740025,0.01836728245252706,0.5463119612799751,0.0806149202679943
trend_short,path_geometry,body_range_5m,0.4229922592639923,0.03048287894729484,0.3811979227595859,0.029355190804974878
trend_short,path_geometry,close_location_15m,0.40169054932064474,0.02233319060021122,0.4240226050217946,0.04168542937532185
trend_short,path_geometry,close_location_5m,0.4470150305165185,0.02779167941419379,0.34417600764168627,0.01823615526184125
trend_short,path_geometry,close_location_5m__delta4h,0.4813880854182773,0.02489967859944805,0.30844978657033706,0.005740841080397704
trend_short,path_geometry,close_location_5m__lag4h,0.4760908815595839,0.025128217068550767,0.3140542209148407,0.007508759564565529
trend_short,path_geometry,open_gap_z_15m,0.49888888994852704,0.0033333301544189405,0.2555555502573649,0.0002839503406006622
trend_short,path_geometry,open_gap_z_5m,0.5027777751286825,0.0050689639411031755,0.2597222129503886,0.0007214499034999672
trend_short,path_geometry,range_ratio_15m,0.5547894438107809,0.021780399849379337,0.31273988220426774,0.017134844203420957
trend_short,path_geometry,range_ratio_5m,0.5603968898455302,0.024406705977491075,0.3240856230258941,0.019573763674414938
trend_short,path_geometry,reversal_from_high_15m,0.1689912875493367,0.009110759857797461,0.8257229063245985,0.273321476063525
trend_short,path_geometry,reversal_from_high_5m,0.1689912875493367,0.009110759857797461,0.8257229063245985,0.273321476063525
trend_short,path_geometry,vwap_distance_15m,0.1475525945425033,0.007974790838537122,0.8658394813537598,0.30516287874579723
trend_short,path_geometry,vwap_distance_15m__delta4h,0.33128914899296225,0.019457948317908633,0.6685411334037781,0.11279014354976095
trend_short,path_geometry,vwap_distance_15m__lag4h,0.32040565874841476,0.018385237636320814,0.698985841539171,0.12553390175541237
trend_short,path_geometry,vwap_distance_5m,0.14931401113669074,0.008273338922642499,0.8623913592762418,0.30242856661496226
trend_short,time_context,america_hours_15m,0.3305555681387583,0.001666665077209474,0.5013871788978577,0.08495726567085825
trend_short,time_context,america_hours_5m,0.3305555681387583,0.001666665077209474,0.5013871788978577,0.08495726567085825
trend_short,time_context,asia_hours_15m,0.3305555681387583,0.0016666650772094692,0.5073539548450046,0.08596830263126587
trend_short,time_context,asia_hours_5m,0.3305555681387583,0.0016666650772094692,0.5073539548450046,0.08596830263126587
trend_short,time_context,europe_hours_15m,0.3305555681387583,0.0016666650772094722,0.4396750364038679,0.07450048674702416
trend_short,time_context,europe_hours_5m,0.3305555681387583,0.0016666650772094722,0.4396750364038679,0.07450048674702416
trend_short,time_context,hour_cos_15m,0.44805555873446995,0.0290951511935935,0.2482587678564919,0.012895662985574402
trend_short,time_context,hour_cos_5m,0.45222221811612445,0.025013889970827537,0.24132172432210705,0.011529816708502375
trend_short,time_context,hour_sin_15m,0.42638889286253184,0.04092889175856003,0.3169716149568558,0.023332631508125413
trend_short,time_context,hour_sin_5m,0.43222222063276505,0.04146618563045623,0.30602561765246916,0.020741736793970855
trend_short,time_context,is_weekend_15m,0.3549999892711639,0.0,0.4711538553237915,0.06831731407688227
trend_short,time_context,is_weekend_5m,0.3549999892711639,0.0,0.4711538553237915,0.06831731407688227
trend_short,time_context,week_cos_15m,0.49055445194244385,0.04054971167038562,0.24929897652731997,0.002354765463488364
trend_short,time_context,week_cos_5m,0.4890948136647542,0.04076174235065188,0.2503880560398102,0.0027305284072340944
trend_short,time_context,week_sin_15m,0.5467638174692789,0.027777233213461035,0.28224419057369227,0.013198815809752523
trend_short,time_context,week_sin_5m,0.5475106106864082,0.028350194643561356,0.2840688708755705,0.013496285532296778
trend_short,trend,breakout_balance_15m,0.13508793214956916,0.008742813788592485,0.5758537517653571,0.21013598333612515
trend_short,trend,breakout_balance_5m,0.14316731525792012,0.008280128152973744,0.5991866654819913,0.21380938650559345
trend_short,trend,direction_alignment_15m,0.09277777870496111,0.0026352288703212043,0.8872672385639615,0.3613149357703316
trend_short,trend,direction_alignment_5m,0.09277777870496111,0.0026352288703212043,0.8872672385639615,0.3613149357703316
trend_short,trend,direction_alignment_5m__delta4h,0.3961111108462016,0.1068520557713272,0.48686423566606307,0.05057978461206041
trend_short,trend,direction_alignment_5m__lag4h,0.34166666865348816,0.006614371969698803,0.6251973244878981,0.09898957513509506
trend_short,trend,ema_fast_med_15m,0.11295146412319602,0.0036853483719694264,0.5194847087065378,0.20106579591525348
trend_short,trend,ema_fast_med_5m,0.11550202386246783,0.0037924627940073975,0.5419669681125217,0.208385202372659
trend_short,trend,ema_med_slow_15m,0.17266529964076144,0.009057989274136483,0.6430554721090529,0.2104943702771855
trend_short,trend,ema_med_slow_5m,0.17628062599235106,0.010859602215687231,0.6386366486549377,0.20673905612091928
trend_short,trend,momentum_fast_15m,0.20828071733315784,0.010997243487958186,0.7533063226275973,0.21975398006531946
trend_short,trend,momentum_fast_5m,0.20827967094050512,0.010995078617451744,0.7533083359400431,0.21975535564368986
trend_short,trend,momentum_med_15m,0.11120185587141244,0.004087067960112274,0.5044559803273942,0.19613154894585816
trend_short,trend,momentum_med_5m,0.11120185587141244,0.004087067960112274,0.5044559405909644,0.196131533496408
trend_short,trend,momentum_slow_15m,0.21163819895850286,0.014366243913483632,0.5847868720690409,0.1686301956552522
trend_short,trend,momentum_slow_5m,0.21163819895850286,0.014366243913483632,0.5847868919372559,0.16863020138448645
trend_short,trend,momentum_z_med_15m,0.11104920175340434,0.00491898547553796,0.5161192284690009,0.200744985903435
trend_short,trend,momentum_z_med_15m__delta4h,0.3188420037428538,0.004707367949015584,0.6536255147722032,0.11840948855867804
trend_short,trend,momentum_z_med_15m__lag4h,0.3027992049853007,0.003323024945956144,0.7090754641426934,0.13983024525435603
trend_short,trend,momentum_z_med_5m,0.11461420357227323,0.004617886330355141,0.507943868637085,0.1957543523552836
trend_short,vol_asymmetry,down_semivar_fast_15m,0.7440545294019911,0.012265808927289365,0.7786431776152717,0.19003139428496613
trend_short,vol_asymmetry,down_semivar_fast_5m,0.7166084978315566,0.013683163247146423,0.7165430386861166,0.15520931124145862
trend_short,vol_asymmetry,down_up_ratio_15m,0.7658184899224175,0.01783583637699706,0.539272685845693,0.14334865100790836
trend_short,vol_asymmetry,down_up_ratio_5m,0.7614235811763339,0.01286397613176944,0.5340995523664687,0.13962621768431913
trend_short,vol_asymmetry,lower_wick_med_15m,0.6506474812825521,0.030681447378199958,0.6266187098291185,0.09439853036027909
trend_short,vol_asymmetry,lower_wick_med_5m,0.6533152924643623,0.047193387479958666,0.6332882344722748,0.09709277088235643
trend_short,vol_asymmetry,lower_wick_med_5m__delta4h,0.5787045823203193,0.04138687339150849,0.4467614558007982,0.03516217377561961
trend_short,vol_asymmetry,lower_wick_med_5m__lag4h,0.5705385539266798,0.0198054169115955,0.42634638481669956,0.03007385745683776
trend_short,vol_asymmetry,negative_rate_med_15m,0.7930555608537462,0.0626220998742912,0.9826389087571038,0.2879677965225262
trend_short,vol_asymmetry,negative_rate_med_5m,0.809444440735711,0.030046264072902885,1.0236111217074924,0.3167507710876288
trend_short,vol_asymmetry,return_vol_corr_med_15m,0.18975733220577237,0.009214048303579695,1.020858625570933,0.31671390343787476
trend_short,vol_asymmetry,return_vol_corr_med_5m,0.20752769543064964,0.01682670895949268,0.9767992827627394,0.2856867373313069
trend_short,vol_asymmetry,semivar_balance_15m,0.24478485352463186,0.01709414310739124,0.5290513965818617,0.13502192967163792
trend_short,vol_asymmetry,semivar_balance_15m__delta4h,0.38779119650522864,0.017511270215514255,0.5276167160934873,0.05920324041669068
trend_short,vol_asymmetry,semivar_balance_15m__lag4h,0.39327901270654464,0.022687446814173538,0.5149304601881239,0.0549538870987499
trend_short,vol_asymmetry,semivar_balance_5m,0.2426100472609202,0.012350427923161988,0.528134716881646,0.13593656981803418
trend_short,vol_asymmetry,up_semivar_fast_15m,0.40231721931033665,0.030726030846587385,0.4499153362380134,0.04394898111865401
trend_short,vol_asymmetry,up_semivar_fast_5m,0.5062668820222219,0.01791587387706885,0.2613999462789959,0.0016381626239456149
trend_short,vol_asymmetry,upper_wick_med_15m,0.4316503703594208,0.018490271747098313,0.42087407244576347,0.028766586976990242
trend_short,vol_asymmetry,upper_wick_med_5m,0.41646745138698155,0.030448593181392154,0.4588313698768616,0.03832735370941679
trend_short,vol_strength,body_vol_fast_15m,0.6213513480292426,0.015548942911845054,0.2503857496711943,0.030384648249911925
trend_short,vol_strength,body_vol_fast_5m,0.6282790766821967,0.017810553725528085,0.22253773278660238,0.028546934888814775
trend_short,vol_strength,range_vol_fast_15m,0.6397434870402018,0.019349302939265272,0.22489086952474382,0.03142703431089075
trend_short,vol_strength,range_vol_fast_5m,0.6459653509987725,0.016440434638566374,0.23331225415070847,0.03405550506942298
trend_short,vol_strength,rv_accel_15m,0.5336712499459585,0.02809978988825059,0.34065044588512844,0.011470126307600368
trend_short,vol_strength,rv_accel_5m,0.5219063063462576,0.024026591798755065,0.3120466238922543,0.006835788937299137
trend_short,vol_strength,rv_fast_15m,0.6221494277318319,0.016235531757483337,0.2513269070121977,0.030699437865151277
trend_short,vol_strength,rv_fast_5m,0.6279478801621331,0.01865588906093102,0.22234121296140877,0.028448086871089642
trend_short,vol_strength,rv_fast_slow_15m,0.605183309978909,0.006176417879370724,0.35303196642133927,0.03713307075655953
trend_short,vol_strength,rv_fast_slow_15m__delta4h,0.6177986198001437,0.018699785675468705,0.5178584489557478,0.061003010538830275
trend_short,vol_strength,rv_fast_slow_15m__lag4h,0.5020774735344781,0.021544871509519788,0.27446707917584307,0.0005701980930733107
trend_short,vol_strength,rv_fast_slow_5m,0.5985467566384209,0.020218095346657385,0.34164727065298295,0.033668230437220246
trend_short,vol_strength,rv_med_15m,0.6035573018921746,0.01697665171485056,0.22515321274598435,0.023316259224328915
trend_short,vol_strength,rv_med_5m,0.629667063554128,0.01895451892835358,0.24539745019541842,0.03181996677051029
trend_short,vol_strength,rv_slow_15m,0.5661594337887235,0.025800015728046632,0.2481790830691655,0.016419387614060556
trend_short,vol_strength,rv_slow_5m,0.5686472588115268,0.028273003412006326,0.2497612370385064,0.017145424280069436
trend_short,vol_strength,rv_surprise_15m,0.6058589683638679,0.007059420925568006,0.35427718692355686,0.03750341752258091
trend_short,vol_strength,rv_surprise_5m,0.5988372498088412,0.020454070033706716,0.34212688273853725,0.033814880175548935
trend_short,vol_strength,rv_surprise_5m__delta4h,0.6063013474146525,0.022878132518923566,0.4903998176256816,0.05213016138550979
trend_short,vol_strength,rv_surprise_5m__lag4h,0.4955858356422848,0.017071928241160383,0.255012603269683,0.0011256675441211985
