root,timestamp,local_symbol,open,high,low,close,ret_bp,next_ret_bp,round_trip_ratio,robust_score
RTY,2026-07-14 12:30:00+00:00,RTYU6,2977.1,3029.8,2975.7,3026.1,165.26548135454505,-41.06101997440699,0.7515450919462212,82.79257468826295
ES,2026-03-23 11:05:00+00:00,ESM6,6510.5,6648.5,6509.75,6629.0,180.37705072608506,84.4964375321167,1.4684433922829259,53.08125178126049
RTY,2026-03-23 11:05:00+00:00,RTYM6,2426.4,2493.7,2426.3,2486.1,242.24116905333815,79.72638932907138,1.3291198999766913,49.735564171158465
ES,2026-07-14 12:30:00+00:00,ESU6,7561.0,7611.25,7558.75,7610.5,65.58481117560925,-8.873260848064248,0.8647055516512003,44.57623167897063
ES,2026-07-10 14:32:00+00:00,ESU6,7600.0,7602.75,7566.25,7567.25,-43.51416129321856,14.855655307889633,0.6586018237192863,44.50251913737492
NQ,2026-03-23 11:05:00+00:00,NQM6,23893.5,24380.0,23890.25,24301.0,168.5873222759723,85.12694884348515,1.5049427661241035,43.26316930608412
HSI,2026-07-14 12:30:00+00:00,HSIN6,24420.0,24626.0,24420.0,24610.0,77.91346599831753,4.87487822458641,1.0625678521950452,42.43654544113297
RTY,2026-08-12 12:30:00+00:00,RTYU6,3056.5,3060.0,3043.1,3044.7,-37.04497163529041,10.176447328783267,0.7252947733643612,37.96322516776607
RTY,2026-05-06 08:50:00+00:00,RTYM6,2862.7,2876.1,2862.7,2873.6,37.65432243437838,-14.97501542275202,0.6023028843806829,36.272063877146614
HTI,2026-07-14 12:30:00+00:00,HTIN6,4703.0,4753.0,4703.0,4753.0,112.1348891585939,2.1037130612970474,1.0187605577272363,35.4534123119761
RTY,2026-07-02 12:30:00+00:00,RTYU6,3046.1,3062.4,3044.8,3060.9,50.43899072829923,-15.366761782124597,0.6953396259472944,34.339293056762266
RTY,2026-05-01 13:30:00+00:00,RTYM6,2813.3,2814.5,2802.3,2803.2,-35.96549768396514,-4.638632756988263,1.1289745187943374,33.981160889205505
HSI,2026-07-02 12:30:00+00:00,HSIN6,23055.0,23185.0,23050.0,23150.0,43.29011089585479,-8.643042888952726,0.800346021063662,33.51581934465626
ES,2026-04-07 22:33:00+00:00,ESM6,6679.25,6740.0,6678.5,6723.25,65.6596277959089,11.891933468782387,1.181114847402826,29.291297545860417
ES,2026-08-12 12:30:00+00:00,ESU6,7780.0,7788.0,7760.75,7770.75,-13.503088471472823,4.181476121976093,0.6903318725334542,28.266228397412334
RTY,2026-07-10 14:32:00+00:00,RTYU6,2994.4,2996.3,2976.7,2977.9,-55.58918607982759,15.435208755369354,0.7223343271620497,28.245462568574535
HSI,2026-03-23 11:06:00+00:00,HSIH6,24565.0,24871.0,24565.0,24848.0,116.98880568711259,22.110117346769922,1.1889934444317996,28.188843944244162
RTY,2026-08-17 10:29:00+00:00,RTYU6,3071.5,3079.9,3071.3,3079.7,26.987059346837615,-13.972155446839357,0.48226461922845115,27.97909679438208
RTY,2026-08-07 12:30:00+00:00,RTYU6,3023.3,3037.4,3023.0,3031.2,27.750265578262024,-3.629584452431051,0.8692054156312558,27.824463082594765
NQ,2026-07-14 12:30:00+00:00,NQU6,29694.0,29908.25,29677.0,29901.25,69.55280345056376,1.5884361879152735,1.0228378456239264,27.815020628246906
RTY,2026-04-07 22:33:00+00:00,RTYM6,2570.1,2604.9,2568.5,2600.2,112.93436862178751,-0.7692011849486761,0.9931889539532053,27.722143432592286
ES,2026-08-17 10:29:00+00:00,ESU6,7813.5,7824.5,7813.0,7824.0,13.109304686310631,-7.991433608925122,0.3903998877018884,27.64218824794447
RTY,2026-05-13 12:30:00+00:00,RTYM6,2856.5,2856.5,2843.4,2844.8,-42.443545485245316,-1.757747275622686,1.0414137710581632,27.285136349986878
NQ,2026-04-07 22:33:00+00:00,NQM6,24468.75,24683.25,24468.75,24647.5,82.49779436450444,6.1853267773723815,1.0749756623800562,27.007806386843697
ES,2026-08-12 10:48:00+00:00,ESU6,7769.5,7770.0,7759.5,7759.75,-12.556950633321904,6.763394193308769,0.46138243345792845,26.280581386945848
HSI,2026-08-07 12:30:00+00:00,HSIQ6,25734.0,25824.0,25734.0,25817.0,30.25838292808708,-2.3243201468243146,0.9231842576535448,26.100049229677442
RTY,2026-08-28 14:01:00+00:00,RTYU6,3017.5,3017.7,3009.7,3009.8,-25.550426190683304,-2.658337225730243,1.1040427743119048,25.977817177715597
HSI,2026-03-23 11:05:00+00:00,HSIH6,24317.0,24630.0,24316.0,24559.0,99.84941981870983,116.98880568711259,2.1716523330783657,25.807326658850716
ES,2026-06-25 12:30:00+00:00,ESU6,7474.25,7496.0,7474.0,7493.5,25.387506954818857,-7.342389276227741,0.7107873061622514,25.608401857770794
RTY,2026-05-06 08:52:00+00:00,RTYM6,2869.3,2878.7,2869.0,2876.9,26.45227952935496,-9.041591936033015,0.6581923336323713,25.479454378674365
ES,2026-03-23 11:06:00+00:00,ESM6,6628.0,6685.25,6628.0,6685.25,84.4964375321167,26.142829350078202,1.3093956397882625,24.91193616046702
ES,2026-06-26 19:59:00+00:00,ESU6,7427.75,7427.75,7369.25,7372.75,-73.98557422323485,47.02229533281099,0.3644396785928594,24.664767396895456
NQ,2026-07-10 14:32:00+00:00,NQU6,29932.5,29957.25,29760.0,29761.0,-57.627391696898954,23.995917107846914,0.5836022349569886,24.365623349844938
RTY,2026-06-02 13:30:00+00:00,RTYM6,2904.3,2915.7,2904.2,2915.0,37.11854687955677,9.2581486887873,1.2494210971897253,24.255824480024913
ES,2026-08-07 12:30:00+00:00,ESU6,7756.5,7774.5,7754.5,7765.75,11.273776781506962,-0.9658258623483977,0.9143298753322224,23.528096849476047
RTY,2026-06-25 12:30:00+00:00,RTYU6,3016.1,3033.8,3016.1,3030.3,45.97557174756272,-15.19154849626499,0.6695734730678943,23.434331229526254
ES,2026-05-05 22:52:00+00:00,ESM6,7299.5,7320.0,7299.5,7316.75,23.603876519530193,-11.966017940903491,0.49304861296818625,23.109541985946905
RTY,2026-04-23 00:19:00+00:00,RTYM6,2774.6,2785.7,2774.1,2784.0,36.70521232075437,-7.9054228128040736,0.7846239726466838,23.023488403713074
RTY,2026-07-08 08:16:00+00:00,RTYU6,2986.9,2986.9,2973.7,2974.0,-45.29069219665774,-19.184496737670877,1.4235858585329064,22.837416806075236
RTY,2026-08-28 14:00:00+00:00,RTYU6,3010.7,3024.2,3007.5,3017.5,22.22849811309632,-25.550426190683304,0.1494445580931898,22.60032203798513
NQ,2026-05-05 22:52:00+00:00,NQM6,28298.25,28422.0,28298.25,28392.0,32.98615633309157,-20.71388702784473,0.37204302257354405,22.546445476194336
ES,2026-04-23 00:19:00+00:00,ESM6,7134.75,7153.25,7134.5,7151.0,23.100356777659584,-9.093771393711988,0.6063363228005813,22.261321147015412
ES,2026-08-12 13:30:00+00:00,ESU6,7791.75,7794.0,7782.0,7783.5,-10.593731428467393,-9.318916466745064,1.8796632734810834,22.17495353009713
NQ,2026-08-12 12:30:00+00:00,NQU6,29905.25,29960.0,29750.25,29832.0,-24.607670923345506,11.641786109342517,0.526904185869218,22.05566657378211
HSI,2026-06-11 12:22:00+00:00,HSIM6,24173.0,24173.0,24041.0,24045.0,-53.50600707639221,8.314280254466194,0.8446103398708927,22.0285924520904
ES,2026-06-05 09:13:00+00:00,ESM6,7561.25,7577.75,7561.25,7577.5,21.468095108341945,-7.260966027447552,0.6617787469822543,21.87932797878766
RTY,2026-06-01 13:30:00+00:00,RTYM6,2902.9,2904.2,2892.5,2893.4,-33.124038291400666,2.0734699593935444,0.9374028631064637,21.738255176068005
RTY,2026-05-29 13:30:00+00:00,RTYM6,2933.4,2933.9,2923.4,2923.7,-32.781316704512946,1.3680358446724414,0.9582678189224746,21.64526504787415
NQ,2026-03-23 11:06:00+00:00,NQM6,24291.25,24561.75,24291.0,24508.75,85.12694884348515,28.62223180292702,1.3362299740773276,21.46847165501157
HTI,2026-03-23 11:06:00+00:00,HTIH6,4742.0,4813.0,4742.0,4805.0,131.9805477904207,41.536923686933946,1.3147200430846275,21.382522002813804
RTY,2026-06-03 13:30:00+00:00,RTYM6,2918.8,2919.1,2909.2,2909.3,-32.25809248882565,-2.750180497929069,1.0852555215061692,21.15545604196712
RTY,2026-07-10 12:13:00+00:00,RTYU6,3008.8,3019.5,3008.1,3018.0,31.195060640707833,-13.926193437401619,0.5535769717585127,21.07549741321635
ES,2026-04-07 22:32:00+00:00,ESM6,6711.0,6750.0,6652.25,6679.25,-47.050124137379655,65.6596277959089,0.39552507033120987,21.00610640792592
NQ,2026-04-07 22:32:00+00:00,NQM6,24600.0,24742.0,24355.0,24445.0,-62.800956749539885,82.49779436450444,0.313639132816378,20.563472265474314
RTY,2026-07-14 12:31:00+00:00,RTYU6,3026.9,3026.9,3009.0,3013.7,-41.06101997440699,12.93253707679646,0.6850410173722619,20.360238420876257
NQ,2026-06-25 12:30:00+00:00,NQU6,30130.75,30263.75,30126.0,30242.75,37.019442264928315,-12.159061859074297,0.6715492963924631,19.763302034780796
RTY,2026-05-05 22:52:00+00:00,RTYM6,2852.2,2866.7,2852.2,2861.1,31.1553995030974,-11.540682181066394,0.6295768192630928,19.759841752214136
RTY,2026-04-24 11:07:00+00:00,RTYM6,2790.3,2799.9,2790.3,2799.1,31.84659088623606,-16.08953276283632,0.4947800591808357,19.678886318589246
ES,2026-08-12 13:31:00+00:00,ESU6,7783.25,7783.25,7775.5,7776.25,-9.318916466745064,-4.501897304151046,1.4830923552342432,19.506177940471993
NQ,2026-04-23 00:18:00+00:00,NQM6,26907.75,26997.0,26888.0,26980.0,26.629197422114206,19.717390548396615,1.7404425389111546,19.461478208602124
ES,2026-04-23 00:18:00+00:00,ESM6,7120.25,7140.0,7115.5,7134.5,19.993342214822608,23.100356777659584,2.155402459951569,19.269854543507762
HSI,2026-08-17 13:31:00+00:00,HSIQ6,25402.0,25459.0,25401.0,25459.0,22.4140397803759,-6.679633261461479,0.7019888727372707,19.23017576282753
ES,2026-07-10 12:13:00+00:00,ESU6,7580.5,7595.5,7578.75,7594.75,18.780585741171645,-7.573886918406416,0.5967172151716973,19.215075185156575
RTY,2026-08-12 12:29:00+00:00,RTYU6,3050.1,3056.4,3049.3,3056.0,18.669248663081625,-37.04497163529041,0.9842775841615262,19.132013318493318
ES,2026-04-23 00:17:00+00:00,ESM6,7106.25,7124.75,7105.75,7120.25,19.681586503013058,19.993342214822608,2.0158399685798614,18.970043910217303
ES,2026-04-10 09:19:00+00:00,ESM6,6858.5,6867.0,6856.5,6865.5,10.201108433448862,-10.201108433447567,1.269016403847818e-13,18.87301387720543
ES,2026-04-10 09:20:00+00:00,ESM6,6865.5,6866.0,6857.25,6858.5,-10.201108433447567,1.4579384775796134,0.8570803862059441,18.873013877203036
ES,2026-05-25 07:18:00+00:00,ESM6,7556.5,7556.5,7548.5,7549.75,-9.26753450634988,0.0,1.0,18.86323944971213
NQ,2026-04-30 02:30:00+00:00,NQM6,27516.5,27516.5,27417.5,27420.25,-35.40374390273922,-3.465193082402175,1.09787645882655,18.590262969618458
HTI,2026-03-23 11:05:00+00:00,HTIH6,4688.0,4764.0,4688.0,4742.0,114.52935368502278,131.9805477904207,2.15237311260301,18.55906975959021
HSI,2026-08-12 12:30:00+00:00,HSIQ6,25484.0,25484.0,25416.0,25432.0,-21.602946401080835,4.324324391711822,0.7998271017561073,18.528467981574355
ES,2026-05-06 08:50:00+00:00,ESM6,7311.25,7329.0,7311.25,7325.25,18.78832943762251,-3.0720393462635722,0.8364921502753727,18.52600755035401
ES,2026-04-24 11:07:00+00:00,ESM6,7160.75,7175.25,7160.25,7174.25,19.18415628738659,-10.459522604783142,0.4547832884545366,18.498037370140107
HTI,2026-06-11 12:22:00+00:00,HTIM6,4644.0,4644.0,4616.0,4617.0,-58.3092031079321,10.823683273370266,0.8143743577950242,18.286027168839656
ES,2026-08-03 07:17:00+00:00,ESU6,7560.25,7560.5,7553.25,7553.5,-8.932264261077322,2.647428700353682,0.7036105714102132,18.210348000564746
NQ,2026-08-24 13:30:00+00:00,NQU6,29235.5,29243.0,29129.25,29132.0,-35.29395271965118,6.605671680963898,0.8128384277772903,18.19363000095653
RTY,2026-08-28 13:30:00+00:00,RTYU6,3016.9,3023.2,3016.7,3022.3,17.883168098868527,-8.275269004706688,0.5372593402379152,18.18592508620203
ES,2026-06-09 10:06:00+00:00,ESM6,7451.75,7451.75,7434.5,7438.25,-18.132980119617965,7.391479976355372,0.5923736789211734,18.17242351775214
RTY,2026-03-06 13:30:00+00:00,RTYH6,2566.3,2570.0,2546.1,2549.5,-72.30124314641331,30.156483973611696,0.5829050419984697,18.008475075504677
RTY,2026-05-26 13:31:00+00:00,RTYM6,2906.9,2907.7,2898.5,2899.1,-27.556767119637755,5.517431775540614,0.7997794243574846,17.978687103728852
HSI,2026-07-08 11:43:00+00:00,HSIN6,23898.0,23998.0,23898.0,23977.0,33.839566058250426,-7.0926427238509095,0.7904038511710865,17.857488503418327
RTY,2026-06-01 13:32:00+00:00,RTYM6,2894.1,2901.9,2893.6,2901.8,26.91605890155721,-17.245546301533576,0.3592841223669693,17.664155305847096
NQ,2026-08-17 10:29:00+00:00,NQU6,30285.5,30343.0,30284.0,30338.0,17.237473081937726,-12.698414404759301,0.2633250625310432,17.62378891682623
RTY,2026-04-07 22:32:00+00:00,RTYM6,2589.6,2614.3,2557.4,2571.0,-71.6987859805666,112.93436862178751,0.5751224665421463,17.615191305408807
ES,2026-06-11 12:22:00+00:00,ESM6,7324.5,7325.25,7300.0,7305.0,-26.65847985024786,3.7638364202022356,0.858812788975766,17.54477457798252
RTY,2026-04-30 02:30:00+00:00,RTYM6,2747.8,2747.8,2740.2,2740.2,-28.424639232317887,-4.745304974883702,1.1669433668480282,17.531978497299193
HSI,2026-07-10 12:13:00+00:00,HSIN6,24182.0,24262.0,24182.0,24260.0,32.203487638491566,-14.85026260865826,0.5388616669298786,17.51324384516686
RTY,2026-07-06 13:30:00+00:00,RTYU6,3016.1,3027.5,3015.3,3023.5,25.16807633783449,-11.25157309780292,0.5529426664647892,17.080600918923626
RTY,2026-06-01 13:11:00+00:00,RTYM6,2916.1,2916.4,2908.0,2908.7,-25.751529278210487,-15.482808577267553,1.601238412289877,16.90598958260281
ES,2026-05-13 12:30:00+00:00,ESM6,7438.5,7438.5,7422.25,7426.25,-16.81803289110601,-0.3366493292577789,1.0200171643995186,16.88949761374666
RTY,2026-06-15 13:30:00+00:00,RTYU6,3008.8,3018.7,3008.5,3018.7,33.18183354442067,-19.23205049311358,0.42040422608450656,16.872635567699422
ES,2026-08-17 10:30:00+00:00,ESU6,7824.0,7824.5,7817.25,7817.75,-7.991433608925122,0.9593092980424452,0.8799577966873111,16.850681060112493
RTY,2026-08-10 13:38:00+00:00,RTYU6,3039.3,3039.7,3034.5,3034.5,-16.463619128672832,-3.955305104466911,1.2402451777797996,16.83923082513566
ES,2026-04-22 05:16:00+00:00,ESM6,7133.5,7147.25,7133.5,7139.75,8.757641601542153,-1.7509148574843878,0.800070048861549,16.83687018508379
RTY,2026-04-23 00:17:00+00:00,RTYM6,2761.3,2769.1,2761.0,2768.6,26.764094243140285,18.764439686001992,1.7011049772704852,16.790289788134817
RTY,2026-03-18 12:30:00+00:00,RTYM6,2534.5,2534.5,2524.1,2524.7,-38.74135142822688,0.39607881973798403,0.9897763292932161,16.7298434166378
ES,2026-07-02 12:30:00+00:00,ESU6,7556.75,7574.75,7555.25,7574.0,24.455546079252354,-9.576805051417624,0.6083994599677979,16.578064864077174
RTY,2026-05-25 07:18:00+00:00,RTYM6,2909.6,2909.7,2904.5,2904.8,-16.854419674806813,-0.3442637060340272,1.0204257229068894,16.541227126804532
HSI,2026-07-13 13:30:00+00:00,HSIN6,24228.0,24282.0,24228.0,24274.0,20.20660907339911,3.295164376138493,1.1630735945931867,16.502881817496274
HSI,2026-07-10 14:32:00+00:00,HSIN6,24268.0,24280.0,24196.0,24196.0,-30.536894938422414,1.653029179729883,0.9458678040755875,16.443497937540876
RTY,2026-03-23 11:06:00+00:00,RTYM6,2485.6,2506.0,2485.6,2506.0,79.72638932907138,,,16.38579685681762
HTI,2026-07-02 12:30:00+00:00,HTIN6,4462.0,4490.0,4462.0,4485.0,53.65539364631685,-13.386882855964595,0.7505025693370618,16.366957829270486
NQ,2026-07-01 12:34:00+00:00,NQU6,30384.0,30395.0,30297.25,30300.0,-27.9312529419438,1.4025419032375115,0.949785929540907,16.343621886145694
ES,2026-05-04 10:05:00+00:00,ESM6,7241.75,7241.75,7227.5,7229.5,-16.584897727299868,-8.302774987449128,1.5006226220968608,16.259374637212524
RTY,2026-08-28 14:08:00+00:00,RTYU6,2999.5,3004.7,2999.5,3004.4,15.989343846224434,-12.656121589437104,0.20846523089653896,16.251140819289493
ES,2026-07-08 08:16:00+00:00,ESU6,7543.5,7544.25,7525.25,7525.75,-23.889324211814003,-10.635823783212771,1.4452124174342709,16.228337268181733
ES,2026-06-01 13:11:00+00:00,ESM6,7605.0,7605.0,7591.25,7592.75,-15.792074346301183,-8.564464585694823,1.5423267645457095,16.22399705378783
ES,2026-07-16 11:49:00+00:00,ESU6,7596.0,7596.0,7580.75,7584.0,-15.81027997318818,8.237639887876686,0.47896938562464014,16.204843656061147
ES,2026-05-25 15:11:00+00:00,ESM6,7561.75,7569.75,7560.0,7567.25,7.932049197986173,0.330365549510552,1.0416494579476925,16.168786241390244
RTY,2026-05-27 12:23:00+00:00,RTYM6,2951.4,2951.5,2942.4,2944.1,-24.42583566756663,-4.076779400780812,1.1669043981244043,16.1199641765332
RTY,2026-07-21 13:30:00+00:00,RTYU6,2966.4,2977.5,2964.4,2975.8,31.975254856473306,-10.086407740775888,0.6845558296235464,16.05610251037741
NQ,2026-08-12 10:48:00+00:00,NQU6,29838.0,29838.75,29790.5,29790.5,-15.764409248529628,8.388417765307638,0.4678888607202304,15.932476844653856
HSI,2026-08-24 12:32:00+00:00,HSIU6,25445.0,25445.0,25398.0,25405.0,-18.0902990974219,9.049240284672019,0.4997738712920645,15.808878826202294
HSI,2026-05-21 10:26:00+00:00,HSIK6,25378.0,25378.0,25306.0,25311.0,-27.223784346422086,12.240145251171096,0.5503878117966443,15.684983510924953
ES,2026-06-26 20:00:00+00:00,ESU6,7380.0,7408.75,7368.5,7407.5,47.02229533281099,-10.805701058176435,0.7702004765676234,15.670926709089532
RTY,2026-07-20 13:30:00+00:00,RTYU6,2982.5,2991.8,2981.4,2991.7,31.134421963068846,-2.005749822863324,0.935577740121769,15.656985427092678
RTY,2026-06-05 09:13:00+00:00,RTYM6,2922.0,2931.3,2922.0,2931.1,31.779144789188603,-11.606473618075658,0.6347770308147427,15.650039156187269
HTI,2026-05-22 09:17:00+00:00,HTIK6,4748.0,4773.0,4745.0,4770.0,48.33465331068764,20.942416031146852,1.4332795333512016,15.606231082729643
NQ,2026-04-03 12:30:00+00:00,NQM6,24167.75,24245.25,24151.5,24212.5,19.119970685395895,-9.607091391629494,0.4975362907346126,15.578349866289159
NQ,2026-05-04 10:05:00+00:00,NQM6,27783.75,27784.75,27719.0,27727.5,-20.62608534037483,-8.208218601018194,1.397953293878354,15.573039161477569
ES,2026-05-04 10:03:00+00:00,ESM6,7254.25,7255.5,7241.75,7242.75,-15.865354779907713,-1.72601274225889,1.1087913107650613,15.55395464960806
ES,2026-05-25 15:10:00+00:00,ESM6,7555.5,7562.75,7555.5,7561.25,7.60745567309132,7.932049197986173,2.042667816789651,15.50738737814551
HSI,2026-07-06 13:30:00+00:00,HSIN6,23440.0,23489.0,23439.0,23487.0,19.604506790362542,-4.684538977987629,0.7610478535328151,15.500068663453025
RTY,2026-05-04 10:05:00+00:00,RTYM6,2807.8,2807.8,2799.2,2800.9,-24.2484874369281,-12.861278611829745,1.530395087334118,15.385506612224445
NQ,2026-03-18 12:42:00+00:00,NQM6,24993.25,24995.75,24930.5,24936.25,-22.732175803984145,-4.311922532426422,1.1896836699490374,15.372981523949871
NQ,2026-07-10 12:13:00+00:00,NQU6,29790.25,29878.75,29780.5,29872.0,28.07566344853718,-8.79135657008989,0.6868691425153858,15.347932606644708
ES,2026-03-06 13:30:00+00:00,ESH6,6799.0,6805.5,6765.25,6770.25,-42.00757890796482,18.077516867128683,0.5696605865637949,15.330864486329446
RTY,2026-08-11 11:01:00+00:00,RTYU6,3027.3,3034.1,3027.3,3033.9,22.438550909427132,5.931198275895065,1.2643307181393422,15.275094724464854
HSI,2026-03-23 11:09:00+00:00,HSIH6,24889.0,25051.0,24830.0,25044.0,58.86963598643464,-6.7903579529906555,0.8846543240974793,15.258025171424228
RTY,2026-08-04 11:43:00+00:00,RTYU6,2998.0,3006.2,2998.0,3004.9,22.655348687324075,4.990601138297977,1.2202835722007792,15.245168036783475
RTY,2026-03-18 12:42:00+00:00,RTYM6,2528.9,2529.0,2519.5,2520.0,-35.25524062037502,-8.733971733100308,1.24773541690289,15.219665462059961
ES,2026-07-10 14:33:00+00:00,ESU6,7567.5,7578.5,7552.75,7578.5,14.855655307889633,3.6280282064867455,1.2442186582344805,15.193078873397353
ES,2026-04-03 12:30:00+00:00,ESM6,6611.0,6639.0,6609.0,6622.5,17.00198766035066,-10.953524163664435,0.3557503756335204,15.158844205960573
HSI,2026-08-28 14:00:00+00:00,HSIU6,25576.0,25647.0,25576.0,25624.0,17.577099617519053,-13.277621351596023,0.24460680996754153,15.146110619795781
NQ,2026-04-23 00:16:00+00:00,NQM6,26906.25,26906.75,26850.75,26854.75,-19.80926102665908,19.902169767049205,0.004690166900475974,15.123921750364435
ES,2026-04-30 02:30:00+00:00,ESM6,7189.5,7189.5,7172.75,7173.0,-23.324234695460273,-4.8805997134047026,1.2092501544907983,15.098768534137102
RTY,2026-07-06 13:32:00+00:00,RTYU6,3020.4,3026.8,3020.3,3026.8,22.160124168793654,7.926024193010499,1.3576705677566596,15.039220008720227
RTY,2026-05-05 13:31:00+00:00,RTYM6,2826.6,2834.2,2826.3,2833.2,23.67617764121936,-1.4119308177346057,0.9403649170431766,15.007208882598619
RTY,2026-05-04 10:03:00+00:00,RTYM6,2813.6,2814.2,2807.1,2807.4,-23.481705741086984,1.0685473109485006,0.9544944765627135,14.899780539177348
ES,2026-08-17 12:26:00+00:00,ESU6,7813.5,7813.75,7805.75,7808.0,-7.041577604274869,2.8812447176410276,0.5908239773013573,14.847583856566974
ES,2026-08-27 13:31:00+00:00,ESU6,7717.75,7720.0,7706.5,7706.5,-14.263487895398335,2.270552564938298,0.8408136507991976,14.840001788984564
RTY,2026-04-10 09:19:00+00:00,RTYM6,2646.8,2651.9,2645.6,2651.0,16.611299500765373,-15.855641511210797,0.04549060051080045,14.810229485093675
ES,2026-08-13 13:30:00+00:00,ESU6,7793.25,7794.0,7785.5,7787.75,-7.059880917068196,1.6049561078950363,0.7726652720140305,14.809035920792907
HSI,2026-08-17 10:29:00+00:00,HSIQ6,25439.0,25485.0,25439.0,25482.0,17.282015298963152,-7.066305793974602,0.5911179528698515,14.716697926193298
RTY,2026-04-17 12:49:00+00:00,RTYM6,2762.1,2767.8,2761.9,2766.5,15.917233762546337,-1.807501134608939,0.8864437651935454,14.685274647491154
ES,2026-04-23 00:16:00+00:00,ESM6,7117.0,7117.25,7105.5,7106.25,-15.116098004249853,19.681586503013058,0.30202824151309604,14.569610170799432
NQ,2026-04-23 00:17:00+00:00,NQM6,26853.5,26912.5,26848.0,26908.25,19.902169767049205,26.629197422114206,2.338004736860527,14.547135652135408
RTY,2026-08-17 12:26:00+00:00,RTYU6,3069.7,3069.9,3064.5,3065.6,-14.01678984278132,8.151687035353666,0.41843409747975896,14.521643862768775
RTY,2026-08-17 10:30:00+00:00,RTYU6,3079.2,3079.8,3074.9,3075.4,-13.972155446839357,3.251081013063116,0.7673171454874886,14.485768332471142
ES,2026-08-28 14:00:00+00:00,ESU6,7746.25,7760.5,7740.75,7757.0,13.868062145542506,-10.318587269213985,0.25594598863759765,14.48097510860433
RTY,2026-08-13 13:31:00+00:00,RTYU6,3066.4,3072.0,3065.3,3070.5,14.014048931002153,1.6282667136844748,1.1161881710061958,14.455000890413682
RTY,2026-04-24 15:44:00+00:00,RTYM6,2794.1,2805.4,2793.2,2804.8,38.57974350062947,-3.565952325345279,0.907569309648544,14.437595744485952
RTY,2026-05-06 08:51:00+00:00,RTYM6,2873.6,2874.9,2869.3,2869.3,-14.97501542275202,26.45227952935496,0.7664275316314644,14.424790156002572
NQ,2026-04-23 00:19:00+00:00,NQM6,26978.75,27046.25,26975.25,27033.25,19.717390548396615,-9.252149471565698,0.5307619713239352,14.410106335741466
RTY,2026-06-02 13:32:00+00:00,RTYM6,2917.8,2924.8,2917.3,2924.1,21.911063578024592,10.595936937230677,1.483588434650782,14.318203620517847
RTY,2026-05-22 12:12:00+00:00,RTYM6,2849.5,2861.9,2849.5,2858.1,29.784348454460815,12.587854384285613,1.4226331962081353,14.315360991627538
NQ,2026-06-24 13:32:00+00:00,NQU6,29666.0,29812.25,29666.0,29791.25,42.552539989190876,9.05895934254028,1.2128888039313614,14.309931169052161
NQ,2026-05-05 22:53:00+00:00,NQM6,28392.0,28398.0,28329.0,28333.25,-20.71388702784473,14.812596940302626,0.2848953496564536,14.258044261793767
RTY,2026-06-11 12:22:00+00:00,RTYM6,2872.5,2872.9,2859.6,2861.7,-36.97248718121177,1.7470605750332466,0.952747009784047,14.239967250813523
ES,2026-03-18 12:30:00+00:00,ESM6,6774.0,6774.5,6762.5,6763.5,-15.51246848468406,-4.436557304358815,1.2859994403043697,14.214269682649949
RTY,2026-08-28 14:03:00+00:00,RTYU6,3008.7,3008.8,3004.7,3004.8,-13.96787616101416,7.984032360243375,0.42840040474244284,14.201521750118951
HTI,2026-05-13 13:32:00+00:00,HTIK6,5064.0,5084.0,5064.0,5084.0,41.39160339435562,21.613133474805498,1.5221622672813098,14.186660729100616
RTY,2026-08-18 13:32:00+00:00,RTYU6,3054.3,3054.8,3046.2,3047.8,-20.649313291167516,-8.534384237029233,1.4133011164434077,14.182417072899007
ES,2026-08-17 13:32:00+00:00,ESU6,7807.0,7807.0,7801.5,7801.75,-6.726996329597012,-0.6409023907847842,1.0952731887135099,14.181094480302331
NQ,2026-04-10 09:19:00+00:00,NQM6,25234.75,25274.75,25226.25,25266.0,12.475125626579132,-11.48446753159742,0.07941067085296878,14.174855873943896
ES,2026-04-10 09:18:00+00:00,ESM6,6853.5,6862.5,6853.5,6858.5,7.657666244717125,10.201108433448862,2.332143254543956,14.167405654645513
ES,2026-08-14 13:30:00+00:00,ESU6,7827.75,7828.0,7821.25,7822.5,-6.709158252336342,4.792715164830005,0.28564583147803546,14.163175159196003
ES,2026-08-12 10:49:00+00:00,ESU6,7759.5,7766.25,7759.25,7765.0,6.763394193308769,0.32195231888961373,1.0476021816395282,14.155182793947633
HTI,2026-08-07 12:30:00+00:00,HTIQ6,4861.0,4882.0,4861.0,4882.0,43.107939074499,0.0,1.0,14.138159517811468
RTY,2026-04-10 09:20:00+00:00,RTYM6,2650.6,2651.5,2646.1,2646.8,-15.855641511210797,1.8888951908217917,0.8808692042207034,14.135968527954208
ES,2026-08-12 12:29:00+00:00,ESU6,7776.0,7782.25,7774.75,7781.25,6.74926506843209,-13.503088471472823,1.0006753823656986,14.128343181785409
ES,2026-07-24 11:58:00+00:00,ESU6,7454.0,7465.0,7454.0,7464.5,14.076484544411128,0.6698147964582194,1.0475839542426209,14.125618359136604
HSI,2026-08-19 12:34:00+00:00,HSIQ6,25498.0,25544.0,25498.0,25542.0,16.4570390968976,-2.7409597446306115,0.8334475765359686,14.124348703695375
HTI,2026-05-22 13:30:00+00:00,HTIK6,4748.0,4769.0,4747.0,4769.0,44.13162568665775,18.854095875304136,1.4272241410087974,14.061634738279798
RTY,2026-05-06 08:55:00+00:00,RTYM6,2875.7,2881.1,2875.5,2880.0,14.593977363510184,-3.4728251781579624,0.7620370998490661,14.057014275896758
NQ,2026-05-27 13:46:00+00:00,NQM6,30029.75,30032.25,29955.5,29957.0,-24.338618712633377,,,14.033033496497346
HSI,2026-06-01 13:11:00+00:00,HSIM6,25182.0,25184.0,25111.0,25119.0,-24.652099959910586,-20.722918187955383,1.8406147233564336,13.981606021212233
RTY,2026-05-26 13:37:00+00:00,RTYM6,2905.5,2911.8,2905.4,2911.7,21.316105162659053,-3.4350096518020474,0.83885378564282,13.906412670758806
NQ,2026-03-31 00:38:00+00:00,NQM6,23014.75,23098.0,23014.75,23089.75,33.18659098585192,-7.69035007329693,0.7682693568442908,13.858260575406277
RTY,2026-05-14 05:45:00+00:00,RTYM6,2846.4,2850.4,2846.4,2850.3,14.394806312539716,-9.477176510954125,0.3416252844820639,13.823907472951296
ES,2026-08-24 13:30:00+00:00,ESU6,7681.75,7682.75,7671.25,7671.5,-13.352223825997312,5.86414742330028,0.5608111802408112,13.822109341607822
ES,2026-06-25 13:31:00+00:00,ESU6,7487.0,7487.25,7476.25,7477.0,-13.699318847287577,-10.705206428488466,1.7814407816785767,13.816667639151085
RTY,2026-07-01 13:30:00+00:00,RTYU6,3039.2,3048.7,3038.1,3047.4,26.944451618385536,-10.506271896879618,0.6100766107367847,13.80457885375337
RTY,2026-05-07 07:07:00+00:00,RTYM6,2900.5,2904.7,2900.2,2904.7,14.125026033730629,0.6885155607254254,1.0487443746355758,13.801101227538972
NQ,2026-04-24 11:07:00+00:00,NQM6,27230.0,27291.25,27224.5,27287.0,21.002727068226523,-10.449992242642958,0.5024459343447842,13.7764279993684
HTI,2026-03-23 11:09:00+00:00,HTIH6,4822.0,4866.0,4816.0,4864.0,84.6500357703108,-26.76275400786363,0.6838423780412612,13.714378995243269
HSI,2026-05-27 12:23:00+00:00,HSIM6,25153.0,25157.0,25088.0,25096.0,-24.27716950637598,-1.5940065388016023,1.0656586649602195,13.714098495804064
HSI,2026-07-10 13:30:00+00:00,HSIN6,24175.0,24235.0,24174.0,24235.0,25.20193860074068,8.249123998405079,1.3273210100655766,13.706720062497038
RTY,2026-07-16 11:49:00+00:00,RTYU6,2981.3,2981.4,2972.7,2974.6,-22.16327849041212,11.087779380368511,0.49972295907552183,13.682408772584049
NQ,2026-03-31 00:45:00+00:00,NQM6,23158.0,23239.75,23152.0,23235.75,32.761827322916076,8.281217704646398,1.2527703239206653,13.6083050792946
NQ,2026-08-27 13:31:00+00:00,NQU6,29573.0,29588.75,29480.75,29486.75,-28.700497618915573,-0.2543547655617134,1.0088623817237954,13.559356799055736
HSI,2026-07-29 13:30:00+00:00,HSIQ6,25659.0,25720.0,25659.0,25720.0,23.74512102664348,-4.666718603788898,0.8034662110775281,13.54087960713999
ES,2026-08-17 13:30:00+00:00,ESU6,7803.0,7808.75,7802.5,7808.0,6.405739761672474,-1.280819726375146,0.8000512393527618,13.503857639528189
HTI,2026-07-10 14:32:00+00:00,HTIN6,4749.0,4752.0,4728.0,4729.0,-42.20305905246073,2.114388421029302,0.9498996407250716,13.491258440378305
NQ,2026-04-28 13:30:00+00:00,NQM6,27161.0,27162.5,27081.5,27090.5,-25.898035257943157,-1.8458357996883026,1.0712731981906685,13.488865869636944
RTY,2026-05-27 12:18:00+00:00,RTYM6,2934.1,2942.7,2934.1,2940.2,20.42762524322324,4.080522363475455,1.1997551019705117,13.483160383907553
NQ,2026-05-13 12:30:00+00:00,NQM6,29358.75,29360.75,29295.0,29300.25,-20.37155336485963,1.9622480600448295,0.9036770527558465,13.482498493971148
HTI,2026-07-29 13:30:00+00:00,HTIQ6,4832.0,4850.0,4832.0,4850.0,41.32237284910591,-8.25082555057792,0.8003303057956789,13.480079291287616
RTY,2026-05-20 13:37:00+00:00,RTYM6,2760.2,2768.2,2758.9,2768.1,28.942533137250674,-1.0838346078990326,0.9625521856445911,13.47591499979489
ES,2026-08-05 13:45:00+00:00,ESU6,7817.0,7818.5,7807.0,7807.0,-12.800821000395075,-0.6404713871591763,1.0500336179327412,13.450316311185148
RTY,2026-08-12 12:35:00+00:00,RTYU6,3051.5,3051.8,3047.0,3047.2,-13.118196817603575,6.233289245996943,0.5248364289189223,13.442479770654769
RTY,2026-05-27 12:22:00+00:00,RTYM6,2945.2,2952.0,2945.2,2951.3,20.350717602544364,-24.42583566756663,0.20024444074211772,13.431253948976945
NQ,2026-08-10 13:34:00+00:00,NQU6,29804.0,29804.0,29737.0,29740.75,-21.496175074374705,13.944191900408232,0.3513175319719594,13.416462518294946
RTY,2026-08-25 09:34:00+00:00,RTYU6,3020.1,3024.0,3020.1,3023.8,13.237145357315729,-4.300150571531559,0.675145172508436,13.415711996845944
NQ,2026-04-10 12:29:00+00:00,NQM6,25293.25,25386.0,25292.25,25336.25,17.67805666029125,-1.578890240804345,0.9106864362330688,13.401161272892752
RTY,2026-04-17 12:48:00+00:00,RTYM6,2758.2,2762.8,2757.6,2762.1,14.492231078882115,15.917233762546337,2.0983287304699907,13.370564058000298
NQ,2026-06-05 09:13:00+00:00,NQM6,30162.5,30254.5,30162.5,30251.5,29.38050669895755,-10.500858810594671,0.6425909560311547,13.368033402343253
RTY,2026-05-21 10:26:00+00:00,RTYM6,2813.6,2813.7,2805.9,2806.2,-28.112396857295025,13.888149232991353,0.5059777612172031,13.366708970810395
NQ,2026-07-05 23:12:00+00:00,NQU6,29936.25,29994.5,29936.25,29992.0,19.02315056295586,-3.0846314735261466,0.8378485486240693,13.345486820792045
RTY,2026-08-14 13:31:00+00:00,RTYU6,3053.3,3058.0,3052.2,3057.4,12.764079037443913,10.78766388266714,1.8451580291081804,13.1605351360771
HSI,2026-08-20 09:31:00+00:00,HSIQ6,25710.0,25710.0,25650.0,25652.0,-22.973746062270973,1.1694310731171111,0.9490970662795987,13.155488660830809
ES,2026-04-23 00:09:00+00:00,ESM6,7158.25,7158.25,7148.0,7148.5,-13.629932038264663,-7.346896266935887,1.5390266251005664,13.138552114210961
HSI,2026-04-17 12:25:00+00:00,HSIJ6,26260.0,26308.0,26257.0,26298.0,14.841032463163856,-6.8469704831735125,0.5386459466234564,13.115284448815032
NQ,2026-08-04 13:30:00+00:00,NQU6,29234.75,29304.5,29208.25,29304.0,24.00161732370696,4.008887843215092,1.1670257378553994,13.098695465650465
NQ,2026-05-06 08:55:00+00:00,NQM6,28461.25,28514.5,28458.0,28510.25,17.289426603191156,-5.525855442142748,0.6803910523485593,13.097752892031933
HSI,2026-09-01 13:31:00+00:00,HSIU6,25219.0,25260.0,25219.0,25257.0,15.45319772602021,-5.54455459748806,0.6412034133134725,13.097590889157875
RTY,2026-07-08 11:43:00+00:00,RTYU6,2967.0,2979.7,2966.9,2978.2,39.02575266592699,-13.439959015215598,0.6556130734936498,13.093474091130924
HSI,2026-07-14 13:30:00+00:00,HSIN6,24511.0,24573.0,24504.0,24569.0,24.042881240973927,-12.217970078997656,0.491825877417064,13.080120915587171
NQ,2026-04-10 09:20:00+00:00,NQM6,25265.5,25269.5,25231.75,25237.0,-11.48446753159742,2.2781412447034706,0.8016328368350052,13.04807631813383
RTY,2026-07-10 13:32:00+00:00,RTYU6,3010.9,3011.5,3005.1,3005.2,-19.281279867283953,-9.98768268929837,1.5179989481012228,13.019784138045933
RTY,2026-07-13 13:30:00+00:00,RTYU6,2986.0,2991.7,2984.8,2991.6,19.40643698022563,-5.349739327803892,0.7243317084297825,13.014197939162521
NQ,2026-08-17 10:30:00+00:00,NQU6,30334.25,30338.5,30296.25,30299.5,-12.698414404759301,3.712243433807166,0.7076608688706965,12.979843227911
NQ,2026-03-06 13:30:00+00:00,NQH6,24873.75,24908.75,24735.0,24760.75,-41.411264386929986,19.46752414056307,0.5298978568085617,12.907326390889024
NQ,2026-05-06 08:50:00+00:00,NQM6,28364.75,28432.0,28364.75,28413.75,16.995649507261355,-1.2318738576751385,0.9275182830083178,12.88708011449179
RTY,2026-08-28 14:09:00+00:00,RTYU6,3004.3,3005.1,3000.4,3000.6,-12.656121589437104,-6.667555921102289,1.5268245784448755,12.863342996064139
NQ,2026-09-01 08:06:00+00:00,NQU6,29412.0,29419.25,29355.5,29361.0,-17.779899791014376,-1.106971794637714,1.0622597319247635,12.851529549537823
ES,2026-08-17 13:34:00+00:00,ESU6,7801.25,7801.5,7796.25,7796.5,-6.09062223312641,2.564924669399206,0.5788731313118084,12.839357022045428
ES,2026-08-14 14:30:00+00:00,ESU6,7816.75,7817.5,7812.0,7812.0,-6.078541337286054,1.9199385678628962,0.6841448529623539,12.83192949613554
RTY,2026-07-15 12:30:00+00:00,RTYU6,2977.1,2985.7,2977.1,2982.9,19.127201683819884,1.0056821047335196,1.0525786323246777,12.825219185577662
RTY,2026-04-30 02:32:00+00:00,RTYM6,2738.8,2744.7,2738.2,2744.6,20.789649140128464,-1.4575134845803226,0.9298923481220752,12.82140541774491
RTY,2026-07-27 13:29:00+00:00,RTYU6,2975.7,2975.8,2970.1,2970.2,-19.17223641035237,-13.813320256477784,1.720485600157687,12.814466012936718
ES,2026-06-03 10:05:00+00:00,ESM6,7610.75,7615.75,7610.75,7615.5,6.2392252249772895,1.6412545786819268,1.263054228610236,12.81195820481131
HSI,2026-05-04 10:03:00+00:00,HSIK6,25947.0,25952.0,25875.0,25889.0,-21.992870830558694,-3.476984330649953,1.1580959738015988,12.80863393271252
ES,2026-07-01 12:34:00+00:00,ESU6,7537.75,7538.5,7527.75,7528.25,-12.611179157149676,1.9922964603032514,0.8420213974064625,12.803417550482935
RTY,2026-03-23 11:21:00+00:00,RTYM6,2538.9,2554.6,2533.8,2554.6,62.82907654599676,-16.06237245695165,0.7443481053681812,12.802947138752954
ES,2026-08-04 10:44:00+00:00,ESU6,7639.0,7644.75,7638.0,7643.75,6.216158941227184,2.9431482087556304,1.473467335147418,12.801488793742724
RTY,2026-04-22 05:16:00+00:00,RTYM6,2798.0,2805.2,2798.0,2801.6,13.572884892570377,-2.498884439598434,0.8158914291709427,12.79472812472503
ES,2026-04-22 07:43:00+00:00,ESM6,7141.75,7146.5,7141.75,7146.25,6.6490527549800476,0.34982770988937195,1.052613165029764,12.792677037518835
NQ,2026-03-18 12:30:00+00:00,NQM6,25026.25,25026.25,24976.75,24982.0,-16.997794379835096,-4.904733165734807,1.2885511529397846,12.776229907839362
ES,2026-06-11 13:45:00+00:00,ESM6,7291.25,7308.0,7287.25,7307.75,22.604297589727008,9.916056274046884,1.4386801330448524,12.771839658375047
ES,2026-03-25 11:47:00+00:00,ESM6,6672.75,6673.0,6656.5,6658.5,-21.37834850786764,-1.87747592688577,1.0878213733953688,12.77134978616267
NQ,2026-04-17 13:33:00+00:00,NQM6,26681.0,26681.0,26629.5,26639.5,-15.941040293303455,12.192492811542191,0.2351507437902883,12.727035527890555
HTI,2026-04-02 14:36:00+00:00,HTIJ6,4688.0,4710.0,4683.0,4707.0,40.4471014429373,14.860420949340527,1.3674038539029942,12.668023392986422
RTY,2026-04-01 12:44:00+00:00,RTYM6,2526.6,2547.2,2525.3,2537.6,44.62970736472519,-9.856684615312295,0.7791452107278906,12.65736599453664
RTY,2026-04-17 12:52:00+00:00,RTYM6,2768.0,2772.4,2767.0,2771.9,13.718413703792733,-9.745358191288034,0.28961479062307816,12.656638456996056
NQ,2026-08-07 13:36:00+00:00,NQU6,29788.5,29791.75,29703.0,29721.25,-22.433496639239163,1.850356619463218,0.9175181359723167,12.648334740337171
RTY,2026-04-23 00:09:00+00:00,RTYM6,2787.1,2787.1,2781.7,2781.7,-20.111337358620077,-9.351173174589848,1.4649702308624328,12.620567230154375
NQ,2026-04-06 13:36:00+00:00,NQM6,24325.25,24325.25,24252.25,24255.0,-28.71568829783242,4.7401668189691835,0.8349276266755203,12.610857326686874
ES,2026-05-22 12:12:00+00:00,ESM6,7479.0,7498.0,7478.75,7493.0,18.701581726431186,5.003419107366546,1.2675398894359373,12.601009535848789
NQ,2026-08-05 13:36:00+00:00,NQU6,30008.75,30012.0,29913.5,29929.25,-26.610735902773083,3.0901445514837436,0.8838760204612859,12.590902942889862
NQ,2026-07-06 13:39:00+00:00,NQU6,29819.75,29903.25,29811.25,29896.75,26.543093659791936,2.5083192720255885,1.0944998840065596,12.574273526293698
NQ,2026-06-11 12:22:00+00:00,NQM6,28864.5,28867.0,28739.0,28763.5,-34.18628764382421,1.8250633391078288,0.9466141700402638,12.532195734330951
RTY,2026-06-25 13:35:00+00:00,RTYU6,3043.3,3051.7,3043.2,3051.1,24.611560161468965,7.535425043275031,1.3061742121928637,12.52635606283332
ES,2026-03-11 08:57:00+00:00,ESH6,6776.75,6790.25,6775.5,6786.0,13.640303676166411,-2.5791713633880398,0.8109154000805272,12.517872098632859
NQ,2026-08-11 13:30:00+00:00,NQU6,29839.25,29842.5,29771.25,29779.0,-20.12815601232192,-3.7785437941955644,1.187724289889369,12.51384169825323
ES,2026-06-10 11:03:00+00:00,ESM6,7345.25,7345.75,7325.0,7326.75,-25.21811587279212,-10.583275999344645,1.4196695761384364,12.489354184853969
ES,2026-07-10 14:36:00+00:00,ESU6,7577.0,7586.5,7576.0,7586.0,12.20095450691805,4.612698180696927,1.3780604360160087,12.47787485796172
ES,2026-03-18 12:42:00+00:00,ESM6,6765.75,6766.0,6750.75,6751.75,-20.344381797382606,-5.5556585810173065,1.27308072746315,12.46057934658437
RTY,2026-04-17 12:25:00+00:00,RTYM6,2744.5,2750.7,2744.3,2748.4,13.471448033218472,-8.37200886100731,0.37853682541303263,12.429923181499484
HTI,2026-07-08 11:43:00+00:00,HTIN6,4649.0,4671.0,4649.0,4666.0,40.803234963969736,-6.431557730543955,0.8423762788361467,12.416281787821575
RTY,2026-05-13 13:31:00+00:00,RTYM6,2849.8,2850.1,2843.4,2844.3,-19.318247696653177,2.4607596840820016,0.8726199330952611,12.4095353558626
RTY,2026-04-06 13:33:00+00:00,RTYM6,2539.6,2549.3,2539.6,2548.9,36.15929734750166,1.5691812828868967,1.0433963433472337,12.372188834649998
NQ,2026-08-12 13:31:00+00:00,NQU6,29975.0,29975.0,29911.75,29929.5,-15.19084835019762,-10.279425758803825,1.6766854307165864,12.36641044483326
NQ,2026-08-20 13:31:00+00:00,NQU6,29347.25,29434.0,29342.25,29427.5,27.307661834117873,-3.568727786432864,0.8693140478994017,12.360337237874651
NQ,2026-06-01 13:11:00+00:00,NQM6,30430.0,30431.75,30357.5,30365.25,-21.218858195705554,-7.824500969563372,1.3687522154772191,12.357929626831764
HSI,2026-03-23 11:12:00+00:00,HSIH6,24969.0,25105.0,24927.0,25099.0,51.12853159179733,-2.7893447213184848,0.9454444586128896,12.343095849399772
RTY,2026-04-27 13:31:00+00:00,RTYM6,2799.8,2805.6,2799.3,2805.4,19.62429045760359,9.263548601306608,1.4720450210069824,12.339636272868695
NQ,2026-07-06 13:36:00+00:00,NQU6,29899.5,29904.0,29786.0,29827.5,-24.862203441944605,-8.636701484803089,1.3473827854787903,12.33303055079848
RTY,2026-05-21 08:11:00+00:00,RTYM6,2823.2,2828.8,2823.2,2828.6,19.463176517637557,-14.151279514359922,0.27292035287580046,12.327597375281277
RTY,2026-08-03 13:29:00+00:00,RTYU6,2964.0,2964.0,2956.6,2956.9,-24.320228167000487,-15.56894648740745,1.6401644910771258,12.296368352274673
NQ,2026-08-31 13:35:00+00:00,NQU6,29465.25,29465.75,29408.0,29409.25,-19.023521860365413,3.059793487814528,0.839157359490334,12.29007081238322
HTI,2026-06-25 12:30:00+00:00,HTIN6,4405.0,4422.0,4405.0,4422.0,40.788635748210275,-18.10774600709887,0.5560590425510027,12.253647684468351
ES,2026-03-23 11:09:00+00:00,ESM6,6697.25,6731.0,6695.75,6725.25,41.34777081502898,1.8584942533104118,1.0449478706270399,12.239648072260978
NQ,2026-06-25 13:46:00+00:00,NQU6,29702.25,29716.75,29587.5,29618.25,-28.320751222440556,,,12.203631395086685
HTI,2026-06-12 14:52:00+00:00,HTIM6,4670.0,4689.0,4670.0,4686.0,38.486256612944565,-6.404098841991698,0.8336003704803618,12.183680340586193
NQ,2026-05-20 13:35:00+00:00,NQM6,29134.5,29142.0,29065.75,29066.75,-23.624527222065673,-3.5269879458754114,1.1492934826895138,12.163648793646821
HTI,2026-08-17 13:31:00+00:00,HTIQ6,4784.0,4801.0,4784.0,4801.0,37.56264850643402,-14.59093536610711,0.6115573329817822,12.144648250542977
RTY,2026-08-12 10:48:00+00:00,RTYU6,3041.0,3041.0,3037.3,3037.3,-11.84561357295157,3.6209819840298865,0.6943187483088183,12.143232012891097
HSI,2026-08-07 18:59:00+00:00,HSIQ6,25825.0,25830.0,25790.0,25790.0,-13.949165312064524,,,12.136366551593522
ES,2026-06-22 13:30:00+00:00,ESU6,7573.25,7587.5,7571.5,7586.5,17.810618514732106,0.6590437277899358,1.0370028546310621,12.134029444790391
ES,2026-04-15 13:44:00+00:00,ESM6,7014.5,7015.25,7004.0,7005.25,-12.839261366453716,3.568115359343705,0.7220934088415367,12.130443362002373
RTY,2026-08-03 13:36:00+00:00,RTYU6,2958.6,2966.5,2958.5,2966.0,24.642610407799435,0.6742860998478067,1.0273626084529743,12.11806359419933
NQ,2026-07-27 13:35:00+00:00,NQU6,28536.75,28604.25,28532.75,28603.25,23.36378103292695,-4.371087945947711,0.8129117911271525,12.11367030093885
ES,2026-05-07 07:07:00+00:00,ESM6,7399.0,7403.5,7398.0,7403.5,6.080054232227054,0.6753334461448453,1.1110735892067,12.113152695735366
HTI,2026-07-10 12:13:00+00:00,HTIN6,4737.0,4758.0,4737.0,4756.0,37.91873091941629,-14.729092615505847,0.6115615618358204,12.111435963954952
NQ,2026-08-28 14:00:00+00:00,NQU6,29632.0,29706.0,29605.0,29687.25,19.640492689573783,-14.663500630162979,0.2534046440725419,12.091299932513218
RTY,2026-04-17 12:30:00+00:00,RTYM6,2749.9,2753.7,2749.3,2753.3,13.083774354192595,-1.0896609349178332,0.9167166212577902,12.071560050661498
ES,2026-07-08 11:43:00+00:00,ESU6,7485.75,7506.5,7485.5,7503.25,23.350467611553313,-6.999417001035371,0.7002451035467826,12.047570369218418
NQ,2026-05-21 10:25:00+00:00,NQM6,29364.75,29369.5,29292.0,29296.25,-23.524809908186864,-15.457603562911963,1.6570766617558328,12.042424639431488
HTI,2026-05-07 13:30:00+00:00,HTIK6,5162.0,5162.0,5145.0,5145.0,-34.92436611499161,-9.722898189392224,1.2783987018512724,12.019531736906133
RTY,2026-07-29 12:16:00+00:00,RTYU6,2965.7,2965.7,2958.4,2958.6,-23.969087990906168,6.082108651759382,0.7462519786290189,12.011623527926538
RTY,2026-06-23 13:31:00+00:00,RTYU6,2969.6,2980.8,2967.4,2980.3,35.967029815092026,12.74227253087453,1.3542764747710077,12.007455235335913
RTY,2026-04-23 00:14:00+00:00,RTYM6,2774.0,2774.6,2768.7,2768.7,-19.124259351362337,-10.841284669824143,1.5668865115579942,11.999636402763464
NQ,2026-08-18 13:32:00+00:00,NQU6,29736.25,29744.75,29661.75,29666.0,-24.072667276553936,-6.069393584167215,1.2521280053614425,11.98219919301903
NQ,2026-04-22 05:16:00+00:00,NQM6,26792.5,26848.5,26792.5,26818.5,9.886123859439207,0.37286998028134544,1.0377164989618588,11.97257174604342
RTY,2026-06-09 10:06:00+00:00,RTYM6,2885.3,2885.7,2876.2,2878.4,-24.636109547524022,8.334491383968201,0.6616961226004195,11.967024200299267
RTY,2026-03-19 09:25:00+00:00,RTYM6,2482.8,2483.9,2472.5,2473.0,-39.549670180815745,14.142845068761691,0.6424029579993331,11.958645834724898
RTY,2026-04-06 10:46:00+00:00,RTYM6,2545.2,2545.2,2535.8,2538.6,-27.9291332738631,7.481640797097755,0.7321205522657842,11.94890678465247
ES,2026-04-06 13:36:00+00:00,ESM6,6634.25,6634.25,6621.0,6621.25,-19.991331177547067,1.5101748056033233,0.9244585169346077,11.915108442051796
NQ,2026-04-16 13:30:00+00:00,NQM6,26439.0,26453.25,26388.0,26395.5,-16.750184903438093,-8.148646922814754,1.4864810131822597,11.910880509229974
NQ,2026-05-27 13:43:00+00:00,NQM6,30050.5,30053.25,29984.5,29988.5,-20.653249400810036,-2.2511161879446075,1.1089957393269223,11.894366449334075
RTY,2026-04-23 13:30:00+00:00,RTYM6,2797.4,2805.0,2796.2,2804.7,25.346746162135272,0.7130633203263058,1.0281323415544175,11.882035195552838
ES,2026-07-31 13:39:00+00:00,ESU6,7504.0,7504.5,7493.0,7493.0,-14.669603217498254,-6.675122068827264,1.4550308532452343,11.875931119422274
RTY,2026-06-16 13:31:00+00:00,RTYU6,2999.9,3006.4,2996.9,3005.2,17.651667336598948,7.982970088663479,1.4522502003032653,11.872747598168276
RTY,2026-04-10 12:29:00+00:00,RTYM6,2654.1,2660.0,2652.3,2659.6,19.947690989431887,9.019844267570669,1.4521748543402495,11.861740585914573
NQ,2026-07-14 00:10:00+00:00,NQU6,29363.0,29431.25,29363.0,29429.5,23.47339060469466,-1.1893535877276964,0.94933183672708,11.84764953858461
ES,2026-06-12 14:52:00+00:00,ESM6,7393.0,7425.25,7393.0,7419.5,35.442476891454334,7.410152247192038,1.2090754624708164,11.843042204618078
NQ,2026-04-06 13:30:00+00:00,NQM6,24265.25,24329.75,24263.5,24329.5,26.546229667039196,5.855372471383046,1.2205726592749742,11.812950090576603
RTY,2026-05-21 10:25:00+00:00,RTYM6,2821.4,2821.4,2812.6,2814.1,-24.84385150636013,-28.112396857295025,2.1315635520562553,11.812601198156894
NQ,2026-04-07 08:02:00+00:00,NQM6,24282.5,24346.5,24281.25,24331.0,19.747404286171022,-15.424326187285157,0.21891880250374418,11.792984331688565
ES,2026-04-01 12:44:00+00:00,ESM6,6607.75,6643.75,6606.5,6625.5,26.448045038767606,-9.815395857680961,0.6288800989527381,11.778309369750199
RTY,2026-04-23 00:18:00+00:00,RTYM6,2768.7,2775.8,2765.4,2773.8,18.764439686001992,36.70521232075437,2.956104894948499,11.770279340688038
HSI,2026-06-01 13:12:00+00:00,HSIM6,25116.0,25125.0,25060.0,25067.0,-20.722918187955383,-1.9948532851563487,1.0962631453284317,11.752910925273671
ES,2026-03-31 00:38:00+00:00,ESM6,6367.0,6385.5,6367.0,6384.0,27.05724843457829,-5.875786055412888,0.7828387439461942,11.752456175399821
RTY,2026-05-29 13:32:00+00:00,RTYM6,2923.9,2929.7,2922.7,2929.3,17.767456069831706,-4.780441257465855,0.7309439663912937,11.731322565577477
NQ,2026-06-22 13:30:00+00:00,NQU6,30822.75,30904.0,30803.0,30892.0,22.68529993831637,-21.14431167516461,0.06792893492005238,11.71928596120187
ES,2026-05-05 22:53:00+00:00,ESM6,7316.75,7317.75,7306.75,7308.0,-11.966017940903491,7.523168292456361,0.3712889008180505,11.715414363439196
ES,2026-05-21 10:25:00+00:00,ESM6,7453.75,7454.5,7438.75,7440.75,-17.45611239194149,-15.467387078301202,1.8860728397602222,11.700006613000854
RTY,2026-04-03 12:30:00+00:00,RTYM6,2535.5,2555.0,2529.3,2540.7,20.48777360589268,-5.905628235184299,0.7117486580637671,11.687722536610481
HTI,2026-03-23 11:12:00+00:00,HTIH6,4834.0,4871.0,4826.0,4871.0,72.11322071859463,4.10509036963497,1.0569256279046826,11.67109608861688
RTY,2026-05-12 13:30:00+00:00,RTYM6,2865.5,2866.2,2855.6,2858.6,-24.108605167773387,-10.850353700972438,1.4500614459220722,11.670135641310715
NQ,2026-03-11 08:57:00+00:00,NQH6,24942.5,24999.0,24934.0,24985.25,17.124749441856526,-4.3034643551684555,0.7486991345607735,11.666127292337775
NQ,2026-04-16 13:41:00+00:00,NQM6,26399.75,26405.25,26345.25,26353.25,-18.008117995439438,5.311027144690943,0.7050759470792026,11.653512985406463
RTY,2026-05-07 13:30:00+00:00,RTYM6,2902.0,2903.1,2895.0,2895.2,-23.804195947003485,-10.36735068840842,1.435526186706318,11.646410424237677
NQ,2026-03-19 09:25:00+00:00,NQM6,24573.0,24583.0,24501.75,24504.25,-28.118810234170674,9.177867707929424,0.6736039814097023,11.627107581446811
NQ,2026-06-09 10:06:00+00:00,NQM6,29697.25,29697.25,29617.75,29634.75,-20.983713725417584,8.93820890592088,0.574040657298235,11.623064104438873
RTY,2026-08-04 13:20:00+00:00,RTYU6,3004.7,3011.3,3004.3,3009.9,17.291262247245168,0.0,1.0,11.613424060779664
RTY,2026-06-08 11:10:00+00:00,RTYM6,2858.8,2867.9,2858.8,2867.8,31.432289351150548,-8.023302891467894,0.7447432860573928,11.609809290707641
NQ,2026-06-25 13:43:00+00:00,NQU6,29846.0,29853.75,29758.25,29769.25,-25.832222431633337,-0.33592273780183146,1.0130040200254111,11.596072410568366
NQ,2026-06-11 13:38:00+00:00,NQM6,28772.0,28772.0,28674.5,28678.0,-32.55035554867866,8.103975312482905,0.7510326638256375,11.564648230630317
RTY,2026-04-05 22:01:00+00:00,RTYM6,2517.4,2521.6,2516.3,2521.6,20.245734471452092,-7.1408738703048495,0.6472899572809284,11.535079803691525
RTY,2026-08-28 14:15:00+00:00,RTYU6,2995.5,2999.1,2995.3,2998.9,11.343922209415737,5.333866846461656,1.4701959999368133,11.489224669877533
HTI,2026-06-08 11:10:00+00:00,HTIM6,4759.0,4775.0,4759.0,4775.0,35.665620519277,-10.476690324436888,0.7062524029611564,11.473571863180037
ES,2026-08-18 13:32:00+00:00,ESU6,7732.75,7733.5,7724.0,7724.25,-10.998254327244664,-3.237084062968875,1.2943270783391534,11.467827707107487
RTY,2026-08-04 13:31:00+00:00,RTYU6,3009.4,3009.5,3002.2,3002.7,-22.620680947427203,8.987866985434469,0.602670361412939,11.466729016567099
ES,2026-08-14 13:46:00+00:00,ESU6,7827.25,7827.5,7822.5,7823.0,-5.431223276909498,0.6391205703125111,0.8823247475334531,11.465427361589594
ES,2026-08-24 12:32:00+00:00,ESU6,7679.5,7680.0,7669.25,7671.0,-11.074558963866464,5.864529539599041,0.4704502853130725,11.4622357507358
RTY,2026-08-03 07:17:00+00:00,RTYU6,2956.1,2956.1,2952.9,2953.0,-11.50709166809039,3.0472837087638784,0.7351821123304236,11.461394482770764
ES,2026-04-06 10:46:00+00:00,ESM6,6637.25,6637.5,6619.0,6624.75,-19.2275125684299,4.527447728722687,0.7645328425811871,11.457051939605195
HTI,2026-05-22 09:23:00+00:00,HTIK6,4797.0,4797.0,4780.0,4780.0,-35.501760165622386,6.2741819479526875,0.8232712429276056,11.455579263368467
ES,2026-08-04 13:20:00+00:00,ESU6,7653.25,7666.0,7653.25,7662.0,11.099867288324084,-3.9161935100074587,0.6471855556212919,11.447252839361962
ES,2026-06-22 13:00:00+00:00,ESU6,7568.0,7578.0,7568.0,7576.5,11.225198445027996,-2.310040435979793,0.7942093899459759,11.443630233060281
HSI,2026-08-28 14:01:00+00:00,HSIU6,25624.0,25625.0,25589.0,25590.0,-13.277621351596023,-4.2994782659223905,1.323813893473139,11.441268817650093
ES,2026-08-12 12:35:00+00:00,ESU6,7779.25,7779.75,7774.25,7774.75,-5.464920171370751,2.250622949778042,0.5881691078364784,11.439803720751492
ES,2026-04-10 14:42:00+00:00,ESM6,6876.0,6876.75,6866.25,6867.75,-12.369035337166546,5.822628353301499,0.5292576830300069,11.435267342680952
ES,2026-08-12 12:39:00+00:00,ESU6,7778.5,7783.0,7778.25,7782.75,5.462286263212384,3.532831279819724,1.6467678751318422,11.434290119197337
RTY,2026-05-01 12:41:00+00:00,RTYM6,2812.5,2812.5,2809.0,2809.3,-12.095341211343746,4.270614677524976,0.6469206942653479,11.432895686491953
RTY,2026-05-18 11:39:00+00:00,RTYM6,2791.5,2800.3,2791.0,2800.0,30.403314128801483,4.998750416509929,1.1644146554330583,11.430054577348473
RTY,2026-08-13 13:43:00+00:00,RTYU6,3070.0,3070.0,3066.4,3066.4,-11.08177812962404,-0.6522518999160996,1.0588580543922357,11.429718751409679
HTI,2026-03-13 12:45:00+00:00,HTIH6,5012.0,5029.0,5012.0,5029.0,33.8612015600587,13.909589922731172,1.41078252636901,11.418391787071517
HTI,2026-07-09 13:30:00+00:00,HTIN6,4712.0,4734.0,4712.0,4729.0,36.013173124530546,-21.168509174882935,0.4122009437578856,11.412916045244275
HSI,2026-09-01 13:34:00+00:00,HSIU6,25248.0,25284.0,25248.0,25281.0,13.45788676835871,0.7910766557393738,1.0587816400416818,11.405981120908494
ES,2026-03-13 12:45:00+00:00,ESH6,6705.75,6724.0,6705.25,6722.75,25.31929713933666,-7.8123550782444005,0.6914466055178545,11.405723405940192
HSI,2026-04-17 17:24:00+00:00,HSIJ6,26528.0,26528.0,26458.0,26469.0,-23.396237087358543,8.308157577592283,0.6448934268117266,11.3721549453761
NQ,2026-08-12 12:29:00+00:00,NQU6,29868.25,29932.25,29862.5,29905.5,12.798475968114245,-24.607670923345506,0.9227032175278017,11.36216902814549
ES,2026-03-19 09:25:00+00:00,ESM6,6663.5,6666.0,6646.25,6646.75,-25.16858637818696,8.271299065443369,0.6713641782991867,11.348654096788215
NQ,2026-08-13 13:45:00+00:00,NQU6,30013.5,30064.75,30005.25,30063.5,17.061796958874236,10.555406469681804,1.6186573720883304,11.347362496066536
HSI,2026-05-21 10:25:00+00:00,HSIK6,25429.0,25429.0,25366.0,25380.0,-19.68117147786685,-27.223784346422086,2.3832400361450814,11.339749554730426
NQ,2026-07-08 08:16:00+00:00,NQU6,29397.75,29401.0,29309.75,29310.75,-30.06317228962197,-13.656190509421174,1.454249816947475,11.33718446559777
RTY,2026-06-01 13:33:00+00:00,RTYM6,2901.8,2901.8,2895.5,2896.8,-17.245546301533576,3.1063940192845436,0.8198726810406519,11.31728092218083
RTY,2026-03-25 11:47:00+00:00,RTYM6,2558.5,2558.5,2549.7,2550.1,-32.885751753151375,-2.353125746210053,1.0715545675790903,11.315706328846478
RTY,2026-05-21 13:30:00+00:00,RTYM6,2808.4,2809.4,2798.5,2799.9,-29.956158059979924,-0.35716199085867273,1.0119228236859863,11.313672232687555
RTY,2026-07-24 15:15:00+00:00,RTYU6,2957.4,2965.0,2956.9,2964.1,22.62941099103401,-10.126241329750181,0.5525185638387895,11.300968482590216
NQ,2026-04-17 12:49:00+00:00,NQM6,26680.0,26719.75,26679.5,26717.25,14.233145024527103,1.7777195647426958,1.124899982518218,11.273748532445467
HSI,2026-07-16 11:49:00+00:00,HSIN6,24966.0,24966.0,24896.0,24914.0,-20.048926078956526,6.821145815687216,0.6597750029690251,11.261124492243438
NQ,2026-04-01 12:44:00+00:00,NQM6,24112.25,24246.0,24105.75,24182.25,29.403564104357997,-10.033047836621146,0.6587812347845915,11.24872306106035
RTY,2026-05-01 13:56:00+00:00,RTYM6,2804.1,2809.2,2804.1,2809.0,17.81578949762856,-0.3560049129045804,0.9800174495240883,11.239312565716705
HSI,2026-04-28 12:20:00+00:00,HSIK6,25457.0,25541.0,25457.0,25509.0,19.62016011599927,-18.049129909711862,0.08007224186750177,11.232472171015091
HSI,2026-05-18 11:39:00+00:00,HSIK6,25640.0,25698.0,25637.0,25685.0,19.48558683567336,-1.168065101489759,0.9400549179585745,11.213697173176282
NQ,2026-03-24 05:18:00+00:00,NQM6,24238.25,24305.0,24238.0,24304.5,27.39868840732506,-17.192659779576477,0.372500627622014,11.212491856426848
NQ,2026-06-03 13:38:00+00:00,NQM6,30667.5,30723.75,30666.0,30721.0,17.593019459224795,4.393422953892274,1.2497253506752992,11.193851208218485
RTY,2026-03-31 00:45:00+00:00,RTYM6,2435.3,2445.5,2434.8,2445.2,40.159050816631314,10.218889482938172,1.2544604335794252,11.185087438395804
RTY,2026-05-28 13:30:00+00:00,RTYM6,2916.3,2919.4,2908.1,2909.7,-22.657064275263178,-0.34368394827446874,1.015168953227965,11.145721425273262
NQ,2026-04-23 00:09:00+00:00,NQM6,27081.75,27081.75,27043.75,27045.75,-13.855791165351652,-9.803015674536262,1.707503134072205,11.14364521735756
RTY,2026-08-14 13:30:00+00:00,RTYU6,3057.0,3059.0,3051.7,3053.5,-10.801434695007634,12.764079037443913,0.18170219029731344,11.137659022300339
ES,2026-07-27 13:35:00+00:00,ESU6,7505.25,7513.5,7504.25,7513.5,10.986268271061093,-2.6622296330278594,0.7576766225488565,11.135211996868202
RTY,2026-03-08 22:05:00+00:00,RTYH6,2463.4,2464.4,2445.6,2448.8,-62.691025593650025,-8.579308053552248,1.1368506572082824,11.129346209380921
ES,2026-05-14 05:45:00+00:00,ESM6,7477.0,7485.5,7477.0,7485.0,11.028122828057139,-6.013831994418376,0.45468217137386996,11.129284614332102
NQ,2026-04-29 13:30:00+00:00,NQM6,27206.75,27218.0,27150.75,27154.0,-19.591167249368898,5.154449508472859,0.7368993157547108,11.12761810198924
ES,2026-08-11 11:01:00+00:00,ESU6,7785.5,7794.75,7785.5,7793.75,10.591011468671887,0.0,1.0,11.12677691754509
RTY,2026-08-14 13:32:00+00:00,RTYU6,3057.3,3060.9,3057.1,3060.7,10.78766388266714,-5.555828042970742,0.484983208283171,11.122731937615882
RTY,2026-09-01 13:31:00+00:00,RTYU6,2941.5,2948.6,2940.3,2948.1,22.412397319801048,-16.974474472274785,0.24263012876011852,11.118898228278582
HSI,2026-08-24 13:30:00+00:00,HSIU6,25452.0,25500.0,25452.0,25500.0,12.949557404399892,-1.1765397978160612,0.9091444007641291,11.117962775916252
HSI,2026-08-12 12:29:00+00:00,HSIQ6,25453.0,25487.0,25453.0,25487.0,12.956166787542827,-21.602946401080835,0.6673871798139991,11.112276863998229
RTY,2026-08-14 13:45:00+00:00,RTYU6,3058.7,3062.2,3058.6,3062.1,10.782729074922624,-6.533599265448482,0.3940681231949282,11.11128011746283
ES,2026-03-31 00:45:00+00:00,ESM6,6398.0,6416.25,6396.5,6414.75,25.755106720868266,12.074238550379421,1.4688094940253609,11.097400524320209
RTY,2026-06-12 14:52:00+00:00,RTYM6,2946.0,2962.7,2945.8,2959.2,44.706434956686145,1.0137361253549886,1.0226753962005055,11.085392471740775
HSI,2026-05-13 12:30:00+00:00,HSIK6,26155.0,26155.0,26102.0,26108.0,-18.750603408166963,-1.915305209739304,1.1021463239367049,11.076970172136562
ES,2026-06-22 11:05:00+00:00,ESU6,7567.0,7576.75,7566.5,7575.0,10.897024209715603,-0.6600877919155991,0.9394249494896894,11.076179042143774
RTY,2026-03-31 00:38:00+00:00,RTYM6,2417.6,2428.1,2417.6,2426.8,39.63671580739449,-7.419926965592836,0.8128016710151198,11.058321058916647
RTY,2026-06-11 13:45:00+00:00,RTYM6,2862.3,2872.5,2860.5,2872.1,34.17972077543663,21.91114692815113,1.6410569317435049,11.040262126143064
NQ,2026-06-05 13:31:00+00:00,NQM6,30020.25,30098.75,30011.75,30097.25,25.61651502691896,-5.40062244912907,0.7891741931541484,11.032773866390398
RTY,2026-08-05 13:31:00+00:00,RTYU6,3054.9,3054.9,3049.1,3049.9,-16.053208355192986,-11.810637506884179,1.7357181969835707,11.015601975906964
NQ,2026-07-13 00:02:00+00:00,NQU6,29903.75,29956.5,29903.75,29952.75,16.288893325799798,2.3367410913755644,1.1434560988667306,11.007582766474007
NQ,2026-06-22 13:31:00+00:00,NQU6,30893.25,30896.0,30824.75,30826.75,-21.14431167516461,-4.623677365921523,1.2186723993173227,10.999585092747278
HSI,2026-03-18 11:26:00+00:00,HSIH6,26011.0,26011.0,25958.0,25958.0,-18.858852890457662,-3.8531191475827695,1.2043135481231946,10.990397405480616
HSI,2026-06-29 13:31:00+00:00,HSIN6,23006.0,23078.0,23003.0,23052.0,21.278913685382214,-8.67980264545145,0.5920937142851359,10.986307187628931
ES,2026-04-07 10:25:00+00:00,ESM6,6658.75,6658.75,6646.0,6646.5,-18.413789235550272,-1.504664462664699,1.0817140048371872,10.969903751365324
NQ,2026-05-01 13:55:00+00:00,NQM6,27790.25,27858.0,27789.5,27831.25,14.7425033218563,0.17965255196898966,1.0121860275725798,10.962089912857916
NQ,2026-05-11 00:52:00+00:00,NQM6,29334.0,29338.5,29278.25,29285.5,-16.376946289828496,-0.25610271427638587,1.0156380017216913,10.924085276564941
NQ,2026-04-21 13:30:00+00:00,NQM6,26808.0,26826.5,26772.0,26772.75,-13.437475776890517,-9.248749976130766,1.688280308719631,10.898954421787586
RTY,2026-06-29 13:31:00+00:00,RTYU6,3014.8,3022.8,3014.4,3022.6,26.502367595914563,15.867771924444817,1.5987303536945467,10.846021517891895
HTI,2026-08-04 13:32:00+00:00,HTIQ6,4850.0,4865.0,4849.0,4865.0,32.94217514753127,2.0552872336240773,1.0623907566643516,10.826301621677969
NQ,2026-08-26 13:30:00+00:00,NQU6,29174.5,29239.5,29174.25,29229.75,19.176938766306762,15.554229270433357,1.8110903132131608,10.824291640215144
NQ,2026-03-23 11:09:00+00:00,NQM6,24577.75,24736.0,24569.0,24685.5,43.84636462467956,-26.670603627185784,0.391725999282188,10.809101406551756
NQ,2026-08-13 13:36:00+00:00,NQU6,29979.75,30025.5,29977.75,30024.75,14.915488622598708,1.9981517163173548,1.1339648848841546,10.802528698328453
RTY,2026-08-28 13:59:00+00:00,RTYU6,3013.9,3014.4,3010.7,3010.8,-10.622760260638453,22.22849811309632,1.0925350443482884,10.801884097546331
ES,2026-06-25 13:32:00+00:00,ESU6,7477.0,7477.25,7468.0,7469.0,-10.705206428488466,-2.678093213649243,1.2501673584287323,10.79636602697825
HTI,2026-08-20 09:31:00+00:00,HTIQ6,4702.0,4702.0,4685.0,4686.0,-34.0861003227383,4.267121891076239,0.8748134327284806,10.795306766939396
RTY,2026-05-20 13:31:00+00:00,RTYM6,2765.4,2767.2,2758.8,2759.2,-23.168269847836203,13.038755921867773,0.4372149492602044,10.79244293261902
HTI,2026-05-13 09:32:00+00:00,HTIK6,5088.0,5107.0,5088.0,5104.0,31.397200046678464,-17.648793678005674,0.4378863831243845,10.790802126288852
ES,2026-04-06 13:33:00+00:00,ESM6,6623.75,6636.5,6623.0,6635.75,18.10023496539764,0.7534659436954045,1.0416274123035314,10.78819255024326
ES,2026-08-04 10:30:00+00:00,ESU6,7636.5,7641.25,7635.5,7640.5,5.2366303481145815,-0.6544288474573365,0.8750286340732528,10.78514145956538
RTY,2026-08-14 13:42:00+00:00,RTYU6,3056.5,3060.1,3056.5,3060.0,10.462988137362332,0.9803441015658554,1.0936963789593854,10.781796635352983
RTY,2026-08-14 13:35:00+00:00,RTYU6,3058.5,3062.2,3057.7,3061.8,10.45683383957822,-6.861063733987145,0.34386795857665764,10.78127357442679
ES,2026-08-07 13:56:00+00:00,ESU6,7765.75,7765.75,7756.75,7757.5,-10.307286875304753,-5.157630183315271,1.500386789046538,10.780208216196367
ES,2026-08-28 14:01:00+00:00,ESU6,7757.0,7757.75,7748.25,7749.0,-10.318587269213985,1.612981276785295,0.8436819658832848,10.77462761799615
HTI,2026-06-25 13:31:00+00:00,HTIN6,4421.0,4421.0,4405.0,4406.0,-36.24834055103155,-15.900060135687305,1.438642428701052,10.773527043884217
HSI,2026-07-07 10:14:00+00:00,HSIN6,23479.0,23481.0,23423.0,23445.0,-13.63965941821544,2.9852656041897645,0.781133420369499,10.772994178486327
ES,2026-05-07 06:43:00+00:00,ESM6,7398.0,7402.75,7397.75,7402.0,5.405405537020839,-0.6755159255451528,0.875029556817034,10.768700960865468
NQ,2026-04-06 10:46:00+00:00,NQM6,24342.25,24343.75,24262.5,24291.5,-21.281087917857693,5.247372575816208,0.7534255487280348,10.76442893122349
NQ,2026-05-04 10:03:00+00:00,NQM6,27840.5,27850.0,27798.75,27801.0,-14.198038023950778,-5.846822418669243,1.4118049556428989,10.764217327159379
HSI,2026-03-19 09:25:00+00:00,HSIH6,25470.0,25480.0,25393.0,25393.0,-29.099509326850306,10.62720270052712,0.6347978730101359,10.758773158347331
HTI,2026-06-23 13:31:00+00:00,HTIM6,4434.0,4452.0,4434.0,4450.0,36.01984984029142,4.4933723514966015,1.124747115032955,10.749347426138486
RTY,2026-08-13 13:38:00+00:00,RTYU6,3069.8,3073.2,3068.9,3073.1,10.418363306026473,5.855562951957169,1.5620424993789606,10.746001360274546
RTY,2026-07-15 13:31:00+00:00,RTYU6,2990.7,2995.7,2990.0,2995.6,16.036352494515622,-9.017283736997987,0.4376973354706522,10.739935844501138
NQ,2026-08-13 13:34:00+00:00,NQU6,29901.0,29947.25,29901.0,29945.5,14.787773125109975,11.51429819080315,1.778636383814383,10.739581555012164
HSI,2026-04-17 12:47:00+00:00,HSIJ6,26323.0,26356.0,26320.0,26355.0,12.149285825633578,5.310674580472047,1.4371182517796348,10.736540051943003
RTY,2026-03-23 11:20:00+00:00,RTYM6,2551.7,2552.4,2536.1,2538.6,-52.6461751060377,62.82907654599676,0.19342148635582912,10.733541065736516
RTY,2026-07-02 13:43:00+00:00,RTYU6,3048.7,3055.8,3048.5,3055.3,21.297168974407725,-1.3092861136181542,0.9385229973433797,10.728136189195064
NQ,2026-04-20 06:56:00+00:00,NQM6,26655.5,26693.0,26648.75,26688.75,11.90348012689203,1.3113280024794771,1.1101634134304101,10.723827729528363
RTY,2026-08-07 12:32:00+00:00,RTYU6,3030.4,3030.4,3026.8,3027.0,-10.23592237429254,9.575856367452626,0.06448524937016584,10.721762967274485
RTY,2026-07-31 14:18:00+00:00,RTYU6,2912.8,2919.1,2912.7,2919.1,21.262010753466807,-17.48641819801779,0.17757457651710562,10.63010904322528
ES,2026-03-24 05:18:00+00:00,ESM6,6593.5,6609.5,6593.5,6609.0,23.859580710551906,-15.142340870312276,0.3653559526460759,10.623435629192802
ES,2026-04-24 15:44:00+00:00,ESM6,7174.25,7191.5,7172.5,7190.0,21.929451675963886,-5.216937775917294,0.7621035923285122,10.607887818852811
HSI,2026-04-02 14:36:00+00:00,HSIJ6,25171.0,25279.0,25156.0,25268.0,37.66781480411836,11.865681888960438,1.3150085013071457,10.604711873758896
NQ,2026-08-11 11:01:00+00:00,NQU6,29826.25,29876.5,29825.25,29873.0,15.829480471965999,0.9205213504683636,1.058152341265944,10.592713394131595
RTY,2026-05-13 13:30:00+00:00,RTYM6,2854.5,2855.3,2845.2,2849.8,-16.478800426253667,-19.318247696653177,2.17230909999224,10.585548944339632
RTY,2026-06-22 13:30:00+00:00,RTYU6,3014.2,3021.4,3012.9,3020.5,20.879255932200795,14.887108861458271,1.7130095492770314,10.570950621471964
NQ,2026-06-22 13:35:00+00:00,NQU6,30786.25,30850.0,30780.25,30846.75,20.44442993117742,4.0514699286881966,1.1981698654512136,10.552685266353393
RTY,2026-05-27 13:46:00+00:00,RTYM6,2923.1,2923.5,2916.6,2917.4,-21.229249541237063,,,10.547862727917712
RTY,2026-07-15 12:42:00+00:00,RTYU6,2986.5,2991.0,2986.4,2991.0,15.726167228144993,-5.685333664835307,0.6384793839238646,10.54492582591294
RTY,2026-09-02 12:20:00+00:00,RTYU6,2928.9,2933.8,2928.5,2933.7,16.033571586055153,-2.386350088879988,0.8511654077775496,10.512050091647641
RTY,2026-04-17 13:27:00+00:00,RTYM6,2771.9,2773.8,2766.8,2767.1,-16.970882767490956,5.058169050686605,0.7019501507384212,10.489173501432294
ES,2026-06-05 14:02:00+00:00,ESM6,7509.5,7520.25,7509.25,7517.25,10.314939274498437,0.0,1.0,10.484501363455328
HSI,2026-08-11 13:30:00+00:00,HSIQ6,25631.0,25633.0,25591.0,25599.0,-12.102521534222884,-6.252198242038187,1.5166029429783325,10.463587381520687
RTY,2026-07-02 12:31:00+00:00,RTYU6,3060.8,3061.8,3054.4,3056.2,-15.366761782124597,-0.9816593322774827,1.0638819906364005,10.46147637608965
HSI,2026-08-13 13:31:00+00:00,HSIQ6,25328.0,25362.0,25325.0,25361.0,12.230969546695903,-2.760524517185765,0.7743004341032392,10.460382806337373
ES,2026-05-11 00:52:00+00:00,ESM6,7406.75,7406.75,7397.5,7398.75,-10.469260171720835,0.3378892061614257,0.9677255889509633,10.454784258303153
ES,2026-04-27 13:31:00+00:00,ESM6,7185.75,7193.25,7184.0,7193.25,10.779797618685501,0.6950719402266486,1.0644791270498273,10.454062464526327
RTY,2026-05-01 13:32:00+00:00,RTYM6,2801.8,2807.9,2801.4,2805.0,11.05780490423237,3.2080415181822954,1.290115583152893,10.447708824551963
NQ,2026-08-17 13:32:00+00:00,NQU6,30247.5,30248.75,30200.25,30205.5,-14.060395841990504,6.453694964236528,0.5410019008879561,10.447549025978883
ES,2026-05-27 12:23:00+00:00,ESM6,7569.5,7570.5,7558.75,7561.75,-10.243701845776162,-1.6531931463204654,1.1613863006957914,10.446662004859032
NQ,2026-04-23 12:45:00+00:00,NQM6,27033.75,27039.25,26979.25,26987.0,-17.215690889467638,6.945377204799165,0.5965670358865315,10.438496806384595
ES,2026-07-01 13:17:00+00:00,ESU6,7529.25,7537.75,7529.25,7537.25,10.287554626591774,-0.33169146063397353,0.9677579879112768,10.437087067233396
RTY,2026-03-08 22:02:00+00:00,RTYH6,2475.6,2476.9,2459.1,2460.0,-61.59850892393164,17.870202140070734,0.7098922936245299,10.435137545638272
RTY,2026-05-01 12:13:00+00:00,RTYM6,2808.8,2812.6,2808.8,2811.9,11.030655663272503,10.307996718439963,1.934486310977987,10.43098558839854
NQ,2026-06-03 13:34:00+00:00,NQM6,30763.75,30763.75,30714.0,30714.25,-16.265852622976325,-11.15739781920367,1.6859399305907452,10.429419280026028
RTY,2026-08-12 12:31:00+00:00,RTYU6,3045.0,3048.5,3043.4,3047.8,10.176447328783267,6.559958251515155,1.6446216483586407,10.428524772727219
RTY,2026-08-19 12:34:00+00:00,RTYU6,3034.4,3037.9,3034.4,3037.6,10.210636416826528,0.9875730400587296,1.0967200279926985,10.406226642532204
ES,2026-04-17 13:27:00+00:00,ESM6,7129.5,7133.5,7121.0,7121.5,-10.876621601005755,2.808002826452502,0.741831339779914,10.404354956768206
RTY,2026-04-20 13:30:00+00:00,RTYM6,2777.0,2784.2,2776.6,2783.4,22.299761066348456,-5.750018127232207,0.7421488907381482,10.392755013851282
RTY,2026-07-10 14:36:00+00:00,RTYU6,2982.5,2988.6,2981.8,2988.4,20.433122154371052,7.693465951217924,1.3765193538752538,10.379704893952425
ES,2026-05-21 10:26:00+00:00,ESM6,7440.25,7440.25,7428.0,7429.25,-15.467387078301202,8.072925864792536,0.4780678970582022,10.367058084795048
HSI,2026-08-21 13:33:00+00:00,HSIQ6,26013.0,26013.0,25965.0,25968.0,-17.698438693136275,-0.3850967556079395,1.0217587981790328,10.361095269606409
HTI,2026-06-10 11:03:00+00:00,HTIM6,4706.0,4706.0,4694.0,4694.0,-31.904738325857764,-23.461672274270544,1.7353663908678922,10.345476119555089
NQ,2026-05-20 13:46:00+00:00,NQM6,29131.25,29193.75,29125.5,29193.0,21.003098175652177,,,10.344013677019898
NQ,2026-05-04 10:02:00+00:00,NQM6,27877.75,27877.75,27834.0,27840.5,-13.63987361275717,-14.198038023950778,2.0409215236915075,10.343696809931574
NQ,2026-04-06 00:00:00+00:00,NQM6,24091.5,24136.0,24087.75,24130.0,15.864213978997787,9.527163490130159,1.600544313304329,10.333599931849928
HSI,2026-04-28 12:21:00+00:00,HSIK6,25508.0,25508.0,25463.0,25463.0,-18.049129909711862,-5.106750842622783,1.2829361231354952,10.329817570143012
NQ,2026-08-12 12:31:00+00:00,NQU6,29833.0,29873.25,29821.25,29866.75,11.641786109342517,5.606671248664074,1.4815988883496778,10.324127559943323
HTI,2026-05-21 10:26:00+00:00,HTIK6,4789.0,4789.0,4774.0,4775.0,-31.36437490130272,14.648951034393509,0.5329429940660139,10.318341969870387
RTY,2026-07-29 13:38:00+00:00,RTYU6,2963.6,2964.2,2957.1,2957.3,-20.60567891753587,16.893037330432563,0.18017564973041333,10.3174326533799
RTY,2026-05-01 14:18:00+00:00,RTYM6,2820.8,2820.9,2816.1,2816.4,-16.319583570180768,1.0651328763320822,0.9347328397350593,10.291192909547373
ES,2026-06-24 13:32:00+00:00,ESU6,7441.0,7459.25,7441.0,7456.25,20.47358448965074,8.713721310117679,1.4256079981755225,10.289957805471774
RTY,2026-04-24 11:08:00+00:00,RTYM6,2799.3,2799.9,2794.6,2794.6,-16.08953276283632,4.293073906806799,0.7331759740890076,10.279662863858796
RTY,2026-04-17 13:46:00+00:00,RTYM6,2770.4,2771.2,2763.6,2765.9,-16.617300261961663,-7.595349118238287,1.4570747954542684,10.251033777344436
NQ,2026-08-23 22:01:00+00:00,NQU6,29378.25,29379.0,29300.25,29326.5,-17.8858928024972,2.7275361993812,0.847503491746278,10.222898433675875
NQ,2026-06-22 13:00:00+00:00,NQU6,30801.0,30869.75,30801.0,30861.75,19.866294254457173,-1.620259731179354,0.918441773265498,10.220648125659206
RTY,2026-04-23 00:16:00+00:00,RTYM6,2765.6,2765.8,2760.7,2761.2,-16.28399643337816,26.764094243140285,0.6435826642826155,10.2174956318251
NQ,2026-06-21 22:58:00+00:00,NQU6,30551.75,30552.0,30498.75,30499.75,-16.62565237322975,7.374389898611134,0.5564450805861182,10.19783883331272
RTY,2026-06-01 13:35:00+00:00,RTYM6,2897.6,2903.4,2897.6,2902.2,15.517512036326277,-2.0676108829991584,0.866756289400072,10.182048120617015
NQ,2026-06-02 13:30:00+00:00,NQM6,30557.0,30567.75,30497.5,30503.75,-17.359836002076044,2.4584118783170577,0.8583850747194236,10.17603291008195
NQ,2026-07-10 14:33:00+00:00,NQU6,29761.25,29835.0,29675.0,29832.5,23.995917107846914,5.864365769373312,1.2443901494998748,10.170857575541516
HTI,2026-07-30 13:31:00+00:00,HTIQ6,4803.0,4805.0,4789.0,4789.0,-31.27282857264767,-6.266318742907735,1.2003758223644818,10.165884039197469
RTY,2026-05-01 13:38:00+00:00,RTYM6,2803.7,2804.0,2798.8,2799.1,-16.063687035385062,-9.650612848010248,1.6007719664079545,10.165578298615252
RTY,2026-06-01 13:12:00+00:00,RTYM6,2908.4,2910.0,2903.5,2904.2,-15.482808577267553,-6.199841758194549,1.400433921743203,10.164530334833312
RTY,2026-05-01 13:50:00+00:00,RTYM6,2793.5,2797.9,2792.5,2797.9,16.09643900920212,-7.150774375997401,0.5557542651570699,10.161694201548467
RTY,2026-06-10 11:03:00+00:00,RTYM6,2851.2,2851.2,2840.8,2842.1,-31.616691832757358,-28.89360713439959,1.913871928386371,10.159663900505755
ES,2026-04-05 22:01:00+00:00,ESM6,6577.25,6585.25,6576.25,6583.75,11.39817752582112,-1.1392332972238246,0.9000512762112157,10.157724301097211
RTY,2026-08-28 14:05:00+00:00,RTYU6,3007.2,3007.6,3004.0,3004.2,-9.981036860141613,-8.325147419676297,1.8340964507326927,10.147993182647776
ES,2026-06-03 13:44:00+00:00,ESM6,7600.0,7600.25,7592.0,7592.5,-9.873293545185756,-2.6345254713405466,1.2668334998127497,10.1454983638794
ES,2026-04-23 00:14:00+00:00,ESM6,7130.5,7131.0,7122.75,7123.25,-10.52336283447756,-8.777936344254673,1.8341379540288805,10.142914801234491
HSI,2026-06-12 14:52:00+00:00,HSIM6,24606.0,24684.0,24606.0,24675.0,30.44142381228052,-2.431906626771872,0.9201119290027818,10.141597472171295
ES,2026-05-20 13:35:00+00:00,ESM6,7394.5,7394.5,7383.25,7383.25,-15.22559547062405,2.3699490571874144,0.8443444092705638,10.134821527840959
ES,2026-07-29 12:16:00+00:00,ESU6,7471.5,7471.75,7459.5,7460.25,-15.068564808147691,3.015530002244681,0.799879415150794,10.134641419844229
ES,2026-04-06 00:00:00+00:00,ESM6,6587.5,6597.0,6586.5,6595.0,11.378723017972819,7.199833578037394,1.6327453060123862,10.134247134700377
RTY,2026-05-01 13:55:00+00:00,RTYM6,2799.4,2808.2,2799.4,2804.0,16.06139365532692,17.81578949762856,2.109230610988716,10.1341549553307
NQ,2026-03-18 11:26:00+00:00,NQM6,25153.5,25157.25,25122.5,25122.5,-11.834968238522283,-0.6966109878274898,1.0588604019704975,10.134055438378208
RTY,2026-06-17 08:10:00+00:00,RTYU6,2966.6,2966.6,2963.7,2963.7,-10.117362255168269,0.6748093666114588,0.9333018478935313,10.133740013007152
NQ,2026-06-01 13:35:00+00:00,NQM6,30379.5,30436.0,30371.5,30436.0,18.251630859023784,-5.176132394503788,0.7164016501054393,10.13192669389412
ES,2026-05-04 10:02:00+00:00,ESM6,7261.5,7261.5,7252.5,7254.25,-10.333426105501456,-15.865354779907713,2.535343129948071,10.13077915123886
RTY,2026-05-25 15:10:00+00:00,RTYM6,2913.2,2918.3,2913.2,2917.7,15.435013097115393,14.042300449421203,1.9097692603866678,10.12985630842572
ES,2026-07-14 00:10:00+00:00,ESU6,7544.25,7552.0,7544.25,7551.5,9.936736931027777,1.3241525443076365,1.1332582872525214,10.123394234437319
ES,2026-04-29 08:05:00+00:00,ESM6,7176.5,7177.25,7171.75,7172.75,-5.2267541305245535,0.0,1.0,10.12282595974523
HSI,2026-08-28 14:05:00+00:00,HSIU6,25556.0,25557.0,25527.0,25527.0,-11.745361932831877,-1.1752952942951318,1.100064629852727,10.120927512213663
ES,2026-08-14 13:36:00+00:00,ESU6,7824.0,7824.5,7820.0,7820.25,-4.794093768410283,0.6393453106207824,0.8666389642118351,10.12043347583284
ES,2026-08-14 13:31:00+00:00,ESU6,7822.25,7826.75,7821.5,7826.25,4.792715164830005,-0.9583592896303881,0.8000383380462417,10.117523214478403
ES,2026-08-03 08:36:00+00:00,ESU6,7551.25,7554.75,7551.0,7554.75,4.964996874746804,-0.3309231100459751,0.9333487777748398,10.117194087567203
RTY,2026-08-04 13:30:00+00:00,RTYU6,3003.7,3010.0,3002.9,3009.5,19.956766976093792,-22.620680947427203,0.13348424494430963,10.11635500688453
NQ,2026-04-07 10:25:00+00:00,NQM6,24380.0,24380.0,24331.0,24332.25,-20.015094979101722,-1.64404394077683,1.082140201807357,10.114702083262488
HSI,2026-07-20 11:30:00+00:00,HSIN6,25125.0,25191.0,25123.0,25171.0,18.291718158832214,16.27533455740691,1.8897652159345302,10.112920878340603
HTI,2026-06-30 18:59:00+00:00,HTIN6,4524.0,4524.0,4510.0,4510.0,-33.20423637302411,,,10.112891456197966
ES,2026-08-13 12:31:00+00:00,ESU6,7782.75,7783.0,7778.0,7779.0,-4.819509467233514,0.6427354824328738,0.8666388173313797,10.112810586664043
HSI,2026-08-18 13:30:00+00:00,HSIQ6,25441.0,25471.0,25420.0,25466.0,11.787357460824555,8.242890973658396,1.6992993129336882,10.111995991484292
RTY,2026-04-16 13:41:00+00:00,RTYM6,2731.3,2732.2,2726.0,2726.8,-16.489258238612802,1.1001301831808248,0.9332820089745059,10.111802734601472
ES,2026-04-23 12:45:00+00:00,ESM6,7156.25,7158.25,7144.25,7145.0,-15.73289372682385,10.141811357322224,0.3553753344160135,10.106574913710201
ES,2026-04-14 07:05:00+00:00,ESM6,6929.5,6933.5,6929.25,6933.5,5.409986967647082,-3.245640952417217,0.4000649221843108,10.106414679140695
ES,2026-04-24 11:04:00+00:00,ESM6,7153.0,7164.0,7152.5,7160.5,10.479618103733834,-2.0950452257218517,0.8000838193735897,10.105169311241285
RTY,2026-07-24 13:30:00+00:00,RTYU6,2964.4,2965.2,2959.9,2959.9,-15.191671135664535,-4.393005055020205,1.2891719426908224,10.099944026669133
ES,2026-08-13 13:33:00+00:00,ESU6,7791.25,7795.5,7791.25,7794.75,4.812088057826941,4.489193944435712,1.9328993755910107,10.093992482237413
NQ,2026-05-05 22:54:00+00:00,NQM6,28333.25,28377.5,28329.0,28375.25,14.812596940302626,9.070694794228071,1.6123635734358106,10.090805429178804
RTY,2026-05-27 12:32:00+00:00,RTYM6,2945.4,2945.6,2941.2,2941.2,-15.288185212869786,3.399394940442323,0.7776456202544779,10.087459297247735
RTY,2026-04-24 11:04:00+00:00,RTYM6,2786.3,2792.7,2786.1,2790.7,16.496919535343228,-4.659414790125996,0.7175584944726439,10.08632138594084
ES,2026-04-24 11:08:00+00:00,ESM6,7174.0,7175.25,7166.0,7166.75,-10.459522604783142,2.0927799169507346,0.7999163063146204,10.085439104992881
ES,2026-08-13 13:35:00+00:00,ESU6,7798.25,7802.75,7798.0,7802.0,4.807615355174409,4.16473119476763,1.8662779542637813,10.084610395623994
NQ,2026-05-25 07:18:00+00:00,NQM6,29933.0,29934.5,29895.5,29900.25,-11.281165412558465,-0.33445095697938027,1.0296468445190123,10.059322528405124
RTY,2026-04-24 11:21:00+00:00,RTYM6,2793.2,2800.2,2793.1,2797.5,16.456786770769504,12.503350740282123,1.759768654382187,10.059302781002364
NQ,2026-07-02 12:30:00+00:00,NQU6,30183.0,30281.75,30175.0,30275.0,30.51720303638604,-11.236698915150221,0.6317913243309826,10.05859863882597
NQ,2026-05-22 12:12:00+00:00,NQM6,29499.5,29577.75,29499.25,29561.0,20.741362735263895,3.0440885726597826,1.146764154868393,10.05466650699688
RTY,2026-08-19 13:41:00+00:00,RTYU6,3045.4,3050.0,3045.2,3049.9,14.76547772077676,4.916985003921026,1.333005480547524,10.049972782363009
RTY,2026-05-29 14:52:00+00:00,RTYM6,2908.8,2914.7,2908.1,2914.3,20.26551949862371,7.889005537004351,1.389282176434713,10.04476615086335
ES,2026-06-12 13:40:00+00:00,ESM6,7408.5,7409.5,7381.5,7390.25,-24.66425779422982,-6.429453887117574,1.2606789930902256,10.008386719508128
RTY,2026-05-19 13:30:00+00:00,RTYM6,2760.8,2761.4,2752.5,2752.6,-29.38351197245542,-25.462892517889596,1.8665707673663692,9.999416026140446
NQ,2026-07-24 13:50:00+00:00,NQU6,28500.0,28502.0,28411.0,28434.5,-23.447493211833923,-13.54906463598517,1.5778470437576233,9.9687902416047
ES,2026-04-02 01:03:00+00:00,ESM6,6619.25,6621.0,6601.0,6605.0,-22.306669110839945,8.701739005091321,0.6099041518994558,9.955325277102125
NQ,2026-03-25 11:47:00+00:00,NQM6,24506.0,24507.0,24440.25,24449.25,-22.674357061055993,-0.9203159758012476,1.0405884044836677,9.95472984821845
RTY,2026-07-24 11:58:00+00:00,RTYU6,2960.5,2966.5,2960.3,2966.2,19.910577741058365,1.348435816499578,1.0677245951391414,9.954449508809843
HSI,2026-05-27 12:18:00+00:00,HSIM6,25036.0,25086.0,25035.0,25078.0,17.56066862514425,3.5881591135507462,1.2043292991938268,9.929646145492503
RTY,2026-05-20 13:30:00+00:00,RTYM6,2771.6,2774.1,2764.4,2765.6,-21.31080252444649,-23.168269847836203,2.0871608341008714,9.928439208722812
NQ,2026-05-25 15:10:00+00:00,NQM6,29933.0,29970.0,29932.5,29958.25,8.598991192025103,7.757790503314714,1.9021744911786234,9.923614650148973
RTY,2026-06-05 14:02:00+00:00,RTYM6,2876.5,2883.4,2876.2,2882.2,20.143791759221703,3.122127234700891,1.1549920328813765,9.918704573599832
RTY,2026-08-24 12:32:00+00:00,RTYU6,3018.6,3019.0,3013.3,3014.2,-14.586927397519283,8.622119585715966,0.40891461575504373,9.907454974823686
RTY,2026-08-25 13:30:00+00:00,RTYU6,3017.8,3019.7,3013.0,3013.3,-14.59128098376032,7.29830181015312,0.49981760900390293,9.901226373678485
RTY,2026-06-29 13:30:00+00:00,RTYU6,3021.9,3022.4,3010.9,3014.6,-24.186212403163356,26.502367595914563,0.09576345209174937,9.898141334416168
NQ,2026-07-10 13:40:00+00:00,NQU6,29863.75,29867.75,29798.0,29806.0,-19.691396197851446,7.126896789777525,0.6380705198265653,9.882643720090377
RTY,2026-07-17 13:40:00+00:00,RTYU6,2959.9,2969.5,2958.8,2967.1,24.295608374081848,23.22803219054786,1.9560588824491896,9.874272510215384
NQ,2026-06-12 14:52:00+00:00,NQM6,29388.0,29560.0,29383.75,29531.75,48.11475336790009,7.193057740358159,1.149497965527493,9.870576410820263
RTY,2026-05-08 13:30:00+00:00,RTYM6,2866.2,2867.6,2861.2,2861.8,-15.014231420871095,1.0482363433126036,0.930183816012356,9.869755091688525
HSI,2026-08-11 11:01:00+00:00,HSIQ6,25657.0,25695.0,25657.0,25687.0,11.29613519670102,0.0,1.0,9.863737037047992
NQ,2026-04-02 01:03:00+00:00,NQM6,24190.75,24197.75,24111.5,24132.5,-24.211834232983218,7.145483374929483,0.7048764126595846,9.8621095022476
HSI,2026-03-18 12:30:00+00:00,HSIH6,25840.0,25840.0,25774.0,25781.0,-22.471919569047213,-5.043744893438016,1.2244465533058095,9.85325312629725
RTY,2026-03-08 22:13:00+00:00,RTYH6,2446.3,2447.8,2428.6,2431.4,-58.23268454931116,0.0,1.0,9.833001876766478
ES,2026-03-27 15:23:00+00:00,ESM6,6462.75,6483.75,6462.75,6481.0,27.81213164820527,-15.441633704499239,0.4447878393565818,9.831404783304162
NQ,2026-05-11 13:35:00+00:00,NQM6,29426.0,29427.0,29372.5,29372.75,-18.36750828882616,-6.896522638085145,1.375474045234575,9.827656721688195
NQ,2026-06-25 13:45:00+00:00,NQU6,29768.25,29817.0,29690.0,29702.25,-22.195887741369415,-28.320751222440556,2.275945866749696,9.819842417630818
RTY,2026-06-30 13:33:00+00:00,RTYU6,3026.8,3027.1,3020.8,3021.3,-19.508975353503967,-7.28428613097988,1.3733812770270155,9.811116921494275
NQ,2026-04-28 13:32:00+00:00,NQM6,27085.0,27139.0,27081.5,27137.5,19.180058625023126,-1.2898114129338678,0.932752478073705,9.809470817408275
RTY,2026-08-17 13:42:00+00:00,RTYU6,3059.4,3062.2,3058.6,3062.1,9.475112204802738,2.6122449128136385,1.2756954066981439,9.809195201331683
NQ,2026-08-19 00:01:00+00:00,NQU6,29522.25,29523.0,29442.0,29470.0,-17.375462596208717,6.106041778641215,0.648582491267108,9.804075637299508
RTY,2026-04-02 01:03:00+00:00,RTYM6,2526.5,2527.0,2516.8,2518.3,-34.487577044366816,12.302321134115868,0.6432825327714543,9.80358105838223
ES,2026-08-10 13:30:00+00:00,ESU6,7773.0,7780.75,7772.25,7780.25,9.322811020347112,1.2852231486370853,1.1378578999222526,9.79976718582127
RTY,2026-04-17 13:40:00+00:00,RTYM6,2772.5,2772.6,2767.8,2768.0,-15.883333062694312,-3.613369506343235,1.227494411411045,9.799150152275914
ES,2026-04-17 17:24:00+00:00,ESM6,7171.25,7171.5,7151.5,7157.0,-19.890781774833368,4.1908221609382865,0.7893083234043275,9.795233355969248
ES,2026-06-25 13:40:00+00:00,ESU6,7466.25,7467.75,7458.75,7459.25,-9.714755466480879,-3.352105153405038,1.3450529624724894,9.795023744543544
ES,2026-03-18 11:26:00+00:00,ESM6,6801.5,6802.75,6794.25,6794.5,-10.664706352346858,-2.575944373845818,1.241539174989001,9.79180595954212
HSI,2026-07-30 13:31:00+00:00,HSIQ6,25915.0,25918.0,25857.0,25857.0,-22.405943082979856,-4.64198685369263,1.2071765886622645,9.79032109059744
ES,2026-07-01 13:33:00+00:00,ESU6,7519.75,7521.0,7512.5,7512.75,-9.645607839021865,-5.325699956120501,1.5521373090221513,9.781743167795657
RTY,2026-06-15 13:31:00+00:00,RTYU6,3018.6,3018.6,3011.4,3012.9,-19.23205049311358,14.924633385710637,0.2239707673888075,9.779308269854829
ES,2026-04-14 11:57:00+00:00,ESM6,6936.0,6945.25,6934.75,6943.25,10.447251341993121,-2.880910387601676,0.7242422630322151,9.776065117397103
ES,2026-07-10 13:40:00+00:00,ESU6,7598.0,7598.5,7590.0,7590.5,-9.546854378420232,1.3173494947266644,0.8620121934922974,9.77045763925657
ES,2026-04-22 13:19:00+00:00,ESM6,7142.25,7151.5,7141.5,7149.5,10.145714306367816,-3.8471627649461495,0.6208090777273778,9.769509899007717
HSI,2026-06-10 11:03:00+00:00,HSIM6,24286.0,24286.0,24227.0,24227.0,-23.499835596670838,-18.178067389469618,1.7735401941299054,9.76881312611875
RTY,2026-08-28 13:34:00+00:00,RTYU6,3020.7,3021.8,3017.6,3017.7,-9.60535323838958,-0.33138369263900375,1.0344998965071444,9.7676452101777
ES,2026-04-03 12:31:00+00:00,ESM6,6622.0,6622.5,6614.5,6615.25,-10.953524163664435,0.0,1.0,9.766079685520085
HSI,2026-04-10 09:19:00+00:00,HSIJ6,25921.0,25994.0,25913.0,25985.0,22.731222825541423,-19.645993337126097,0.1357265076363898,9.76408201448576
HSI,2026-07-14 13:32:00+00:00,HSIN6,24540.0,24542.0,24494.0,24495.0,-17.946735656806904,-8.576855270616992,1.4779061459772453,9.762406027529504
ES,2026-08-04 13:30:00+00:00,ESU6,7657.5,7666.25,7656.0,7664.75,9.463362810374763,2.28291888476263,1.2412375949762644,9.75857427997807
ES,2026-05-06 08:52:00+00:00,ESM6,7322.5,7332.0,7322.25,7330.25,9.895416500224867,-1.0232098100644964,0.8965976005111816,9.757257099716965
ES,2026-08-05 13:36:00+00:00,ESU6,7814.75,7815.25,7804.5,7807.5,-9.281634233842205,0.0,1.0,9.752727563901422
NQ,2026-04-14 13:39:00+00:00,NQM6,25744.5,25744.75,25703.5,25708.0,-14.090736944577108,1.0696487186573225,0.9240885183745495,9.750987627798871
HSI,2026-03-13 12:45:00+00:00,HSIH6,25624.0,25697.0,25624.0,25694.0,28.061441751758995,7.780890526392347,1.2772804973894334,9.749050898588392
RTY,2026-05-01 12:14:00+00:00,RTYM6,2811.9,2818.3,2811.9,2814.8,10.307996718439963,-1.7764829237892197,0.827659731341273,9.747613242367098
ES,2026-05-06 08:55:00+00:00,ESM6,7333.5,7342.75,7333.0,7340.75,9.881255382596436,-3.7469130984224366,0.6208059650981428,9.743293699029717
NQ,2026-06-11 13:45:00+00:00,NQM6,28739.0,28820.5,28706.5,28818.25,27.972775207137047,17.854671224993886,1.6382874453028315,9.742387386553911
ES,2026-09-02 12:20:00+00:00,ESU6,7649.25,7656.5,7649.0,7656.5,9.473564565251703,-2.285900899822406,0.758707413236311,9.741937495617089
NQ,2026-08-06 13:34:00+00:00,NQU6,29274.75,29346.75,29272.0,29340.0,22.69102801678153,9.198222325674005,1.4053682503442024,9.740968860309344
HSI,2026-07-24 11:58:00+00:00,HSIN6,24960.0,25003.0,24960.0,25002.0,17.21343072296283,0.0,1.0,9.734655991205198
RTY,2026-06-25 13:46:00+00:00,RTYU6,3035.3,3036.0,3028.0,3029.3,-19.128031687974065,,,9.731092583080644
RTY,2026-04-07 08:02:00+00:00,RTYM6,2545.7,2553.7,2545.5,2551.5,22.757602225629523,-18.044881720544208,0.20708334992242147,9.730617132713391
ES,2026-04-17 13:46:00+00:00,ESM6,7132.75,7134.5,7122.75,7125.5,-10.16955183816778,-3.509141349130849,1.3450635195113063,9.727471963663895
RTY,2026-08-19 12:36:00+00:00,RTYU6,3037.9,3040.8,3037.9,3040.8,9.54151453440689,5.5890718664326675,1.5857635961542966,9.724287371003362
RTY,2026-08-31 13:32:00+00:00,RTYU6,2969.3,2970.8,2964.9,2965.1,-14.491535099895625,0.6744907597322032,0.9534562242659121,9.70826635381598
NQ,2026-07-28 23:44:00+00:00,NQU6,27932.25,28025.0,27931.5,28014.0,29.314002330660294,-5.891647421434434,0.7990159325575205,9.701870517578413
NQ,2026-08-06 11:00:00+00:00,NQU6,29484.5,29488.5,29420.0,29423.5,-20.710267468998264,-5.1842756136130435,1.250323933352069,9.700050980116433
HSI,2026-08-04 13:32:00+00:00,HSIQ6,25711.0,25757.0,25710.0,25750.0,16.712987546537143,3.494534971203646,1.2090909815778388,9.696636531456525
RTY,2026-08-24 13:31:00+00:00,RTYU6,3015.9,3017.5,3011.1,3011.7,-14.267467622562116,0.9960655419377195,0.9301862412946658,9.689675659925408
RTY,2026-08-12 12:42:00+00:00,RTYU6,3050.1,3053.9,3050.1,3053.7,11.795931771787346,0.9823665217396229,1.0832801122238749,9.689179547589085
RTY,2026-04-03 12:35:00+00:00,RTYM6,2533.8,2533.8,2529.8,2529.9,-16.9822911610226,4.347052964184588,0.7440243531943527,9.684312041898542
NQ,2026-06-30 13:35:00+00:00,NQU6,30179.75,30251.0,30156.75,30247.0,22.506877405434516,-9.509595070427464,0.577480478561132,9.682022143307973
RTY,2026-06-01 12:44:00+00:00,RTYM6,2917.3,2922.4,2917.3,2921.7,14.728299831503293,-5.135315677995976,0.6513300423846802,9.67531876992274
RTY,2026-07-08 08:17:00+00:00,RTYU6,2974.2,2975.3,2968.2,2968.3,-19.184496737670877,14.139512186036525,0.26297195181190064,9.673606804475206
HTI,2026-03-19 09:25:00+00:00,HTIH6,4990.0,4991.0,4972.0,4974.0,-28.106824365770454,12.055456553486893,0.5710843602748491,9.669422448291073
RTY,2026-04-15 13:44:00+00:00,RTYM6,2718.7,2719.5,2713.4,2714.4,-15.828903932631455,1.1051555517673597,0.9301811700626301,9.660585248503743
HSI,2026-04-24 09:22:00+00:00,HSIJ6,25929.0,25930.0,25826.0,25874.0,-21.619960548627954,3.0914290376815368,0.8570104218863746,9.658222564462918
RTY,2026-04-17 12:54:00+00:00,RTYM6,2769.1,2772.7,2769.0,2772.1,10.466858913100614,-5.051598577512951,0.5173720578969276,9.656746902659433
RTY,2026-07-01 13:17:00+00:00,RTYU6,3030.1,3034.4,3030.0,3034.4,14.180891155413741,4.283290291346723,1.3020466234741193,9.65415165905355
RTY,2026-04-14 11:57:00+00:00,RTYM6,2699.9,2705.3,2699.2,2704.1,15.914435528221416,-2.588996778214489,0.8373177123609968,9.649812683482065
RTY,2026-08-07 13:37:00+00:00,RTYU6,3026.1,3030.5,3026.1,3030.2,14.200560501312184,6.268248229915917,1.4414085084413892,9.643171651268528
RTY,2026-07-29 13:45:00+00:00,RTYU6,2957.7,2963.4,2957.5,2963.4,19.25318525528794,-13.507127062003494,0.29844714612644546,9.639091727295773
RTY,2026-07-23 13:31:00+00:00,RTYU6,2941.0,2948.1,2939.7,2948.1,23.77234020429771,-0.6784260518197992,0.9714615369799752,9.628838835273319
RTY,2026-06-15 13:29:00+00:00,RTYU6,3014.4,3014.4,3008.2,3008.7,-18.927136197716646,33.18183354442067,0.7531354557708367,9.62442193344669
RTY,2026-03-20 13:33:00+00:00,RTYM6,2509.6,2509.7,2499.3,2499.5,-39.9281824136333,-31.656374736346724,1.7928328519541576,9.610587294380366
HTI,2026-05-21 10:25:00+00:00,HTIK6,4802.0,4802.0,4787.0,4790.0,-29.18492794913206,-31.36437490130272,2.074677140062478,9.60134126354499
RTY,2026-07-28 13:31:00+00:00,RTYU6,2956.8,2963.0,2956.1,2962.4,19.259690702792227,-16.89246660015835,0.12291080574262192,9.601266229306061
NQ,2026-04-17 13:34:00+00:00,NQM6,26639.5,26676.25,26637.75,26672.0,12.192492811542191,4.96652292700927,1.4073426988045992,9.601004690722291
NQ,2026-04-10 14:42:00+00:00,NQM6,25350.75,25355.25,25306.25,25312.0,-15.395854056629018,4.937150179776324,0.6793194998071233,9.59080358751406
RTY,2026-03-10 11:04:00+00:00,RTYH6,2548.6,2557.7,2548.2,2557.3,33.68589162670154,0.7820442641021104,1.0232157804450754,9.577975397719971
NQ,2026-08-26 13:36:00+00:00,NQU6,29219.25,29271.5,29209.25,29267.75,16.927131901401275,-0.8542189880989054,0.9495355153445582,9.576881659657996
NQ,2026-07-24 11:58:00+00:00,NQU6,28609.25,28675.75,28608.0,28674.25,22.25724169776974,2.1794184526100087,1.0979195213047623,9.575055198431253
RTY,2026-06-18 13:36:00+00:00,RTYU6,2985.4,2986.7,2978.2,2978.3,-23.81073278152716,6.7129865240398185,0.7180688815571487,9.561231340099624
NQ,2026-07-13 00:49:00+00:00,NQU6,29903.25,29904.0,29860.25,29862.5,-14.221778445924095,0.9208450015088939,0.9352510654690445,9.55925001161023
RTY,2026-06-26 13:56:00+00:00,RTYU6,3013.3,3021.9,3013.0,3021.6,28.170433065913674,6.286083150204546,1.2231447111762983,9.534866287141824
RTY,2026-03-11 08:57:00+00:00,RTYH6,2535.8,2542.7,2533.5,2541.4,22.05941176586335,-2.754766747710318,0.8751205708951277,9.534379489332387
ES,2026-03-23 11:46:00+00:00,ESM6,6669.75,6670.75,6642.0,6644.75,-38.30271299409894,16.916343338195016,0.5583513016218665,9.525839836315074
RTY,2026-08-28 14:27:00+00:00,RTYU6,2999.4,2999.5,2994.9,2995.2,-14.012613643069027,-0.6677573372310324,1.0476540176044402,9.518483194702931
RTY,2026-03-06 10:29:00+00:00,RTYH6,2576.9,2583.0,2576.8,2582.5,21.319903414285932,-13.561951124488363,0.36388308797867996,9.516157414941496
HTI,2026-06-01 13:36:00+00:00,HTIM6,4919.0,4920.0,4904.0,4905.0,-28.501647958763993,10.188487891028482,0.6425298668424674,9.514967360857863
NQ,2026-05-08 13:45:00+00:00,NQM6,28997.25,29050.0,28996.75,29040.75,14.731539783773544,5.077780516618276,1.344687696679972,9.511306450572688
NQ,2026-06-09 13:35:00+00:00,NQM6,29650.75,29709.75,29647.75,29709.5,20.131662775306676,2.6923789012825043,1.1337385257905748,9.510364186086573
RTY,2026-08-28 14:23:00+00:00,RTYU6,3003.9,3003.9,2999.8,2999.8,-13.991141227661759,1.3333333353070178,0.9047016027062256,9.508458588775111
RTY,2026-06-10 12:30:00+00:00,RTYM6,2850.4,2876.5,2845.2,2860.0,34.675434474635395,-23.80453410015244,0.3135043738942872,9.497638271469734
RTY,2026-05-01 13:41:00+00:00,RTYM6,2796.8,2801.7,2795.7,2801.0,15.005897988921856,-2.1423215706595515,0.8572346971676652,9.494153774299312
HTI,2026-05-13 12:30:00+00:00,HTIK6,5068.0,5068.0,5054.0,5055.0,-27.65707017777623,0.0,1.0,9.492310882685526
HTI,2026-06-01 13:11:00+00:00,HTIM6,4933.0,4933.0,4917.0,4918.0,-28.42641508097057,-24.429979577032977,1.8594112028353194,9.491769012539484
ES,2026-03-23 11:13:00+00:00,ESM6,6708.0,6734.25,6705.75,6729.0,32.002408885387055,13.737030878031897,1.429249902006736,9.49098604676199
NQ,2026-08-31 13:30:00+00:00,NQU6,29437.75,29481.5,29417.5,29480.5,14.25686352926489,8.815502291617875,1.6183339185033512,9.481222793105513
RTY,2026-08-24 13:46:00+00:00,RTYU6,3005.9,3010.4,3005.8,3010.2,13.962304053424175,,,9.480541936579547
RTY,2026-04-23 00:25:00+00:00,RTYM6,2779.1,2784.1,2778.9,2783.1,15.102483992439568,-1.0779927784909664,0.9286214917340341,9.471903903179301
NQ,2026-07-06 13:44:00+00:00,NQU6,29862.25,29922.0,29861.0,29921.5,19.988883138515792,10.772398651762382,1.5389194872526655,9.46555217284537
RTY,2026-06-05 12:30:00+00:00,RTYM6,2920.5,2927.5,2913.8,2915.3,-19.190575095546247,-5.833004677386069,1.3039515308084642,9.461965717644334
RTY,2026-05-13 13:29:00+00:00,RTYM6,2850.4,2855.1,2849.5,2854.5,14.724445235002763,-16.478800426253667,0.119145758176374,9.458597208632211
HTI,2026-06-11 13:45:00+00:00,HTIM6,4630.0,4643.0,4629.0,4643.0,30.19846988651245,17.215412041753744,1.5700756398072564,9.45815421395415
ES,2026-05-27 12:18:00+00:00,ESM6,7546.25,7554.25,7545.25,7553.25,9.271830857277967,6.286707130706932,1.67804376799779,9.456004210602797
ES,2026-04-21 13:30:00+00:00,ESM6,7162.5,7164.0,7155.0,7155.25,-9.778244187530749,-3.8440705685568206,1.393124828428686,9.450950664156569
HSI,2026-08-12 13:30:00+00:00,HSIQ6,25417.0,25418.0,25380.0,25389.0,-11.022321314334738,-5.121639036411111,1.4646606545347505,9.450306037692414
HSI,2026-08-17 12:26:00+00:00,HSIQ6,25442.0,25443.0,25410.0,25413.0,-11.011917579523525,5.11418410407258,0.5355773354513369,9.450299018690634
ES,2026-07-15 12:30:00+00:00,ESU6,7594.5,7608.0,7593.75,7602.25,9.212042105644471,-0.32885541874455565,0.9643015723361645,9.450016749921085
ES,2026-08-14 15:00:00+00:00,ESU6,7809.75,7813.0,7809.5,7813.0,4.480716989670819,-0.6399795208734291,0.8571702871775336,9.449368369937005
RTY,2026-07-24 13:37:00+00:00,RTYU6,2952.8,2957.4,2952.8,2956.7,14.215124576064083,-11.505923435174761,0.19058581768964358,9.44734562497644
ES,2026-04-29 08:00:00+00:00,ESM6,7174.75,7178.5,7174.75,7178.0,4.877199190911922,1.3930486893049217,1.285624727384664,9.44583145633001
ES,2026-07-16 06:08:00+00:00,ESU6,7614.5,7625.0,7613.5,7621.75,9.1884625635763,-1.3121207169887747,0.8571991007298531,9.444575612719182
ES,2026-04-20 06:56:00+00:00,ESM6,7117.75,7125.5,7116.0,7125.25,9.829045618786827,0.35085872677073754,1.035696113374438,9.443865829082608
HSI,2026-08-28 14:55:00+00:00,HSIU6,25507.0,25534.0,25507.0,25533.0,10.972217880438015,1.9580583955565165,1.1784560256543457,9.442871575191035
ES,2026-08-14 13:51:00+00:00,ESU6,7823.25,7827.25,7820.25,7826.5,4.47298643197004,0.6388347656056403,1.1428206356808193,9.442719939896895
ES,2026-07-06 13:29:00+00:00,ESU6,7558.0,7564.75,7556.75,7564.75,9.257729211372515,7.59815698668036,1.8207365773181743,9.442559091008201
ES,2026-07-06 13:44:00+00:00,ESU6,7558.0,7565.75,7557.75,7565.0,9.257423130220351,2.9737811846625686,1.3212320688847876,9.441622494344827
HTI,2026-03-13 15:47:00+00:00,HTIH6,4980.0,4994.0,4980.0,4994.0,28.07300821019822,-10.017029786811895,0.6431793232912973,9.438143056413695
HTI,2026-04-30 18:59:00+00:00,HTIK6,4969.0,4971.0,4955.0,4955.0,-28.214448382322452,,,9.4381192687185
NQ,2026-06-03 13:44:00+00:00,NQM6,30670.25,30674.25,30622.0,30623.75,-15.091264208086022,-6.614702028379091,1.4383133140585322,9.437044912185103
ES,2026-07-06 13:31:00+00:00,ESU6,7570.5,7573.0,7563.25,7563.5,-9.250694461728294,6.938822991483712,0.2499132881114159,9.435383893107144
ES,2026-08-28 14:03:00+00:00,ESU6,7750.25,7751.25,7743.0,7743.25,-9.036047989533992,3.550849820223554,0.60703508609778,9.434948121783556
HTI,2026-06-04 13:30:00+00:00,HTIM6,4985.0,4998.0,4985.0,4998.0,28.050509276086817,6.0006002400590495,1.2139212582915415,9.434362878483498
ES,2026-04-21 09:55:00+00:00,ESM6,7164.25,7169.75,7164.25,7167.5,4.884345769225444,0.3487905687387559,1.0714098848071656,9.432493314272524
ES,2026-05-25 15:16:00+00:00,ESM6,7565.25,7565.5,7561.25,7562.0,-4.627334407472808,0.33059490556319393,0.9285560807904206,9.431790915540795
ES,2026-04-22 06:30:00+00:00,ESM6,7138.0,7142.75,7138.0,7141.5,4.902132525774187,-0.7001575357309737,0.8571728666963366,9.431628911407824
NQ,2026-05-27 13:45:00+00:00,NQM6,29982.0,30030.5,29969.25,30030.0,16.08018776215271,-24.338618712633377,0.5135780174108541,9.430668005585021
ES,2026-05-18 11:39:00+00:00,ESM6,7406.5,7421.75,7405.75,7420.5,18.884473137661626,2.0212228466992377,1.1070309365776414,9.430613671908677
HTI,2026-07-10 13:30:00+00:00,HTIN6,4737.0,4752.0,4736.0,4752.0,29.50476323749997,10.516353898006551,1.3564290217601365,9.429941999325752
ES,2026-08-13 13:45:00+00:00,ESU6,7801.5,7807.25,7800.5,7806.75,6.727211824505548,4.8023820737600795,1.7138740683422817,9.429132877664902
ES,2026-08-12 09:23:00+00:00,ESU6,7766.5,7770.25,7765.75,7769.75,4.505664339871375,2.5737541563439676,1.5712263413784264,9.428435404046308
HSI,2026-08-03 13:31:00+00:00,HSIQ6,25948.0,25982.0,25945.0,25977.0,10.784579098653595,-6.161192385589825,0.4287034914177576,9.427232230493894
NQ,2026-04-22 07:43:00+00:00,NQM6,26841.5,26862.5,26841.0,26861.5,7.820938166334008,0.5584044524902756,1.0713986532835642,9.427103352453178
RTY,2026-08-10 13:37:00+00:00,RTYU6,3036.8,3039.9,3036.7,3039.5,9.216287147207577,-16.463619128672832,0.7863613476562642,9.426553506225945
RTY,2026-05-07 06:43:00+00:00,RTYM6,2901.2,2904.5,2901.2,2904.1,9.646192224873557,0.0,1.0,9.425304438812523
ES,2026-08-12 13:32:00+00:00,ESU6,7776.25,7777.25,7772.75,7772.75,-4.501897304151046,2.894309486204229,0.35709117941551327,9.422981784280447
ES,2026-04-07 08:02:00+00:00,ESM6,6635.75,6651.25,6635.25,6646.25,15.810875150365945,-12.797351942266525,0.19059812815166471,9.422077225835647
ES,2026-06-18 13:25:00+00:00,ESU6,7565.5,7576.5,7565.5,7576.0,13.869169742887983,0.9899193223845603,1.071375528653558,9.42104467339012
ES,2026-08-07 12:01:00+00:00,ESU6,7750.0,7753.5,7749.75,7753.25,4.515255188627032,1.6120971807095619,1.3570334595417977,9.420943204921864
ES,2026-08-13 13:34:00+00:00,ESU6,7794.5,7799.5,7794.0,7798.25,4.489193944435712,4.807615355174409,2.070930642489478,9.416679283899638
RTY,2026-08-25 08:23:00+00:00,RTYU6,3011.9,3015.9,3010.9,3014.9,9.291522155111057,8.951513237600752,1.9634065428856267,9.415923011469184
ES,2026-08-25 09:34:00+00:00,ESU6,7701.25,7709.5,7701.25,7708.25,9.085305144878077,-2.594959306138071,0.7143784094471497,9.415448680601791
RTY,2026-08-14 13:51:00+00:00,RTYU6,3063.9,3066.8,3063.5,3066.7,9.134506230029467,-2.9351814315895046,0.6786710351195374,9.412527668664971
ES,2026-04-23 11:47:00+00:00,ESM6,7148.0,7158.25,7147.0,7155.0,9.788157112327156,-1.3977217158822186,0.8572027706704938,9.41118167941122
RTY,2026-07-10 12:14:00+00:00,RTYU6,3017.7,3018.3,3012.1,3013.8,-13.926193437401619,-3.982477153393206,1.2859702596617288,9.408274273926958
ES,2026-08-13 13:43:00+00:00,ESU6,7805.75,7806.25,7801.75,7802.0,-4.4850233011949,-0.6408818536500164,1.1428937623310167,9.408082059841941
ES,2026-08-07 12:33:00+00:00,ESU6,7762.0,7766.5,7760.25,7765.75,4.507985650787833,0.6438320888147425,1.1428203500830185,9.408055973022988
ES,2026-05-01 13:55:00+00:00,ESM6,7277.5,7291.75,7277.25,7284.25,9.614394862085248,3.431473508381376,1.3569099831663383,9.408015443405551
RTY,2026-08-11 13:30:00+00:00,RTYU6,3034.6,3039.2,3034.3,3038.8,14.160343531566507,-3.291314251479943,0.7675681918208493,9.407308299958121
ES,2026-07-09 05:11:00+00:00,ESU6,7543.25,7554.0,7543.0,7550.0,9.275823894395199,-0.6622735854596995,0.928602182081112,9.40658385274986
RTY,2026-04-23 12:45:00+00:00,RTYM6,2796.5,2797.3,2790.1,2790.8,-20.04582572748564,8.953994975122479,0.5533237145304872,9.399945466983452
RTY,2026-08-07 14:18:00+00:00,RTYU6,3029.9,3034.3,3029.4,3034.1,13.852244959091346,4.613154161157525,1.3330257423819143,9.393664553185413
RTY,2026-08-07 12:33:00+00:00,RTYU6,3027.1,3030.7,3026.4,3029.9,9.575856367452626,-2.310574187963234,0.7587083494885488,9.380034439990375
RTY,2026-07-17 13:41:00+00:00,RTYU6,2967.1,2974.8,2965.8,2974.0,23.22803219054786,-1.681378734519933,0.9276142412440719,9.378781812089825
NQ,2026-04-16 13:40:00+00:00,NQM6,26362.75,26401.0,26359.75,26400.75,14.40389912343059,-18.008117995439438,0.25022522312350304,9.378562447041476
NQ,2026-04-17 13:27:00+00:00,NQM6,26716.75,26740.0,26684.25,26685.0,-11.703847219751331,4.58954061135462,0.607860515847358,9.369538749387559
NQ,2026-06-22 13:41:00+00:00,NQU6,30899.25,30908.5,30837.0,30842.5,-17.97847926375351,-12.16594496948603,1.6766948856466322,9.356421358448541
HTI,2026-07-15 13:33:00+00:00,HTIN6,4776.0,4793.0,4776.0,4789.0,29.276474277788292,4.175365405127896,1.1426184507570878,9.355004477002442
HSI,2026-03-18 12:42:00+00:00,HSIH6,25808.0,25813.0,25754.0,25754.0,-21.33313455728721,-1.55327741846989,1.0728105574124036,9.351772190604752
NQ,2026-04-09 13:32:00+00:00,NQM6,25086.0,25090.75,25047.25,25048.5,-15.159073412554196,0.3992175336873546,0.9736647799754873,9.345500934198022
NQ,2026-03-13 12:45:00+00:00,NQH6,24658.5,24731.5,24658.25,24723.5,25.41297428672548,-7.687950528374079,0.6974793095198661,9.341915291581646
NQ,2026-08-03 07:17:00+00:00,NQU6,28616.5,28618.5,28570.0,28572.0,-15.737295384546313,5.4234205617353295,0.6553778505637625,9.341894263102404
RTY,2026-06-04 13:29:00+00:00,RTYM6,2900.8,2901.1,2893.0,2893.7,-24.16127090054935,-22.48785738977723,1.930739839073032,9.3205736733397
RTY,2026-03-27 15:23:00+00:00,RTYM6,2481.2,2493.2,2481.2,2492.1,44.2371830551923,-27.3235192292728,0.3823404353034245,9.303316271894968
RTY,2026-05-05 22:55:00+00:00,RTYM6,2861.3,2865.3,2861.0,2865.3,14.668904558252226,5.582499011034202,1.3805668643398241,9.302871642985405
RTY,2026-07-22 12:56:00+00:00,RTYU6,2985.4,2985.6,2977.1,2980.2,-18.438128557874062,7.379331499123669,0.5997787152876586,9.288863241059204
RTY,2026-06-10 11:04:00+00:00,RTYM6,2841.0,2842.2,2833.6,2833.9,-28.89360713439959,-12.004803362497817,1.4154830273235552,9.281384243755314
ES,2026-06-25 13:43:00+00:00,ESU6,7448.75,7449.25,7437.0,7438.5,-13.77017463890399,0.33608361763608674,0.9755933656290333,9.274078556840761
RTY,2026-03-18 13:31:00+00:00,RTYM6,2517.5,2524.1,2516.1,2523.3,23.012230437840902,-5.153311116365407,0.7760620757607488,9.271111007343888
NQ,2026-07-08 11:43:00+00:00,NQU6,29005.25,29114.5,29002.25,29094.75,31.153745570862327,-3.2657270829945153,0.8951738539571016,9.250689498214143
RTY,2026-07-10 13:40:00+00:00,RTYU6,2995.9,2996.4,2991.1,2991.6,-13.695657945543093,4.010427164239818,0.7071752828388278,9.24698627617976
RTY,2026-05-15 02:51:00+00:00,RTYM6,2850.0,2854.3,2848.9,2854.0,14.376131089721833,-4.556048232735306,0.6830824507441617,9.245838683994457
RTY,2026-06-12 13:40:00+00:00,RTYM6,2935.7,2937.9,2923.2,2926.4,-32.75112097804887,-2.0505109261552064,1.062608877648174,9.24069873967351
NQ,2026-08-20 11:00:00+00:00,NQU6,29566.0,29582.25,29511.5,29512.0,-18.28092184523666,-0.5929967090414967,1.0324380090928515,9.239494948954247
RTY,2026-05-04 10:02:00+00:00,RTYM6,2817.6,2817.6,2813.2,2814.0,-14.559403150696411,-23.481705741086984,2.6128206285684037,9.238664383219286
NQ,2026-04-17 12:48:00+00:00,NQM6,26648.75,26684.5,26643.5,26679.25,11.063400029617277,14.233145024527103,2.286507311172357,9.23754980135018
RTY,2026-07-27 13:30:00+00:00,RTYU6,2970.2,2972.0,2966.0,2966.1,-13.813320256477784,12.803236250301332,0.0731239113711833,9.232638236030994
RTY,2026-07-24 13:41:00+00:00,RTYU6,2950.2,2954.2,2950.2,2954.2,13.888185420837306,3.384438384760006,1.2436919066246137,9.230062464267032
HTI,2026-03-25 11:47:00+00:00,HTIH6,4918.0,4918.0,4902.0,4902.0,-28.51906597867507,4.079135279895376,0.8569681320227835,9.21493221872019
RTY,2026-05-25 15:11:00+00:00,RTYM6,2917.8,2922.7,2916.6,2921.8,14.042300449421203,-3.765511383817919,0.7318451205782934,9.214411049555988
NQ,2026-07-06 13:32:00+00:00,NQU6,29851.5,29914.25,29850.0,29907.5,18.5744579378121,1.0866249023329049,1.0585010289921226,9.213960369461141
RTY,2026-04-14 13:31:00+00:00,RTYM6,2699.3,2699.3,2694.2,2695.4,-15.199543232827965,2.2257669713883472,0.853563561924602,9.205056326807911
RTY,2026-07-31 13:52:00+00:00,RTYU6,2941.1,2941.3,2934.7,2935.8,-18.376727989341912,-5.451448175893215,1.2966495547550647,9.203857636851877
HSI,2026-06-08 11:10:00+00:00,HSIM6,24611.0,24680.0,24611.0,24677.0,27.187713299822754,-7.296903193883228,0.7316102640404554,9.195939794555647
ES,2026-07-24 15:10:00+00:00,ESU6,7456.0,7468.25,7454.75,7466.0,13.738337141649202,3.013207917403377,1.2193284300957008,9.193484974153748
RTY,2026-05-27 13:45:00+00:00,RTYM6,2918.4,2923.6,2918.0,2923.6,18.48745776314577,-21.229249541237063,0.14830550599320247,9.185589264239017
NQ,2026-03-10 11:04:00+00:00,NQH6,25045.5,25109.0,25043.75,25101.0,21.835702557529107,1.3942695543989945,1.063852745325029,9.18384169433869
NQ,2026-07-13 00:52:00+00:00,NQU6,29854.25,29859.5,29808.5,29813.75,-13.742596664129628,5.616635447787951,0.5912973664978274,9.183450791212469
ES,2026-07-24 13:50:00+00:00,ESU6,7456.75,7456.75,7443.0,7448.25,-11.4055698375706,-9.06664042364371,1.79493094626256,9.17949212886762
NQ,2026-08-21 13:30:00+00:00,NQU6,29469.25,29476.0,29414.0,29426.0,-14.687095402286365,-8.244408930671353,1.5613369223017324,9.167177517853855
NQ,2026-06-19 12:50:00+00:00,NQU6,30547.25,30596.0,30546.75,30595.25,16.11024002680569,9.719007139564606,1.6032813368015146,9.163397767356182
RTY,2026-06-30 13:38:00+00:00,RTYU6,3015.6,3021.1,3015.1,3021.0,17.559267022650126,-8.610127365712993,0.5096533725122706,9.150722777350177
HSI,2026-08-04 10:00:00+00:00,HSIQ6,25792.0,25792.0,25760.0,25764.0,-10.474251757724465,6.984053362688705,0.33321696630614567,9.135084628169738
RTY,2026-05-06 09:32:00+00:00,RTYM6,2882.1,2887.0,2881.9,2886.4,14.214643473774466,0.6928806515843826,1.0487441456314206,9.132711876771095
RTY,2026-03-23 11:23:00+00:00,RTYM6,2549.7,2550.0,2537.8,2537.8,-49.918544001669666,-20.511209463062197,1.4108935842034203,9.131638420061416
ES,2026-08-10 13:34:00+00:00,ESU6,7779.5,7779.5,7772.0,7772.75,-8.680416562030214,2.572760908225898,0.7036131976108565,9.124507747522264
HSI,2026-08-28 14:23:00+00:00,HSIU6,25520.0,25521.0,25491.0,25493.0,-10.585538008431369,-1.9615150805325945,1.1853014064065757,9.12115526700541
ES,2026-08-31 12:25:00+00:00,ESU6,7703.5,7703.75,7694.75,7697.0,-8.765807421354323,2.9227896611417203,0.6665692593221324,9.116416065191578
RTY,2026-04-10 14:42:00+00:00,RTYM6,2651.7,2652.1,2645.6,2646.3,-20.3850580218093,13.594654863652321,0.33310688401731064,9.113534318625618
ES,2026-08-24 13:42:00+00:00,ESU6,7669.5,7669.5,7663.0,7663.0,-8.80468335564608,-1.3050570981005483,1.148223058727452,9.113197651841327
ES,2026-05-07 22:34:00+00:00,ESM6,7356.5,7356.75,7345.75,7349.75,-9.179771150372764,3.7409240518566955,0.5924817742646245,9.112281934988975
ES,2026-04-16 13:41:00+00:00,ESM6,7070.5,7071.0,7062.0,7063.5,-9.551605926504346,1.7695043664444225,0.8147427374977542,9.108686114629831
NQ,2026-04-24 15:44:00+00:00,NQM6,27322.75,27392.0,27315.5,27387.75,23.85294563171029,-10.046029923581171,0.5788348290944032,9.107309874912358
ES,2026-08-28 14:27:00+00:00,ESU6,7742.25,7742.75,7734.5,7735.5,-8.722198546858579,3.5544066938565195,0.5924872983845697,9.10606705522078
NQ,2026-05-27 13:30:00+00:00,NQM6,30187.5,30192.0,30133.5,30140.75,-15.746990606636484,1.7416762433762547,0.8893962480270843,9.102453791319194
ES,2026-04-23 00:25:00+00:00,ESM6,7141.75,7149.25,7141.75,7148.25,9.447331831616658,0.6994474368112739,1.0740365056798882,9.101961947099282
RTY,2026-05-14 05:46:00+00:00,RTYM6,2851.0,2851.9,2847.5,2847.6,-9.477176510954125,2.457908332394877,0.7406497252051892,9.100671923048042
NQ,2026-04-07 08:03:00+00:00,NQM6,24325.75,24328.25,24291.25,24293.5,-15.424326187285157,-7.206168792059209,1.4671950466140635,9.100496215712708
ES,2026-07-13 13:30:00+00:00,ESU6,7595.5,7603.0,7594.5,7602.5,8.882602199354134,5.2600435166372455,1.5921737120029658,9.094542064646376
ES,2026-05-21 08:11:00+00:00,ESM6,7451.75,7458.75,7451.75,7458.5,9.05417476048687,-4.023065630229868,0.5556673317388524,9.084556866626214
HSI,2026-08-18 13:32:00+00:00,HSIQ6,25489.0,25518.0,25489.0,25514.0,10.588028674885276,-7.449666089792444,0.29640669490601246,9.082594672724763
NQ,2026-04-23 00:12:00+00:00,NQM6,27015.25,27017.0,26981.0,26984.5,-11.296402093866906,-8.712497422963606,1.7712630402642835,9.08091582120218
ES,2026-08-07 14:25:00+00:00,ESU6,7768.0,7774.5,7767.75,7774.5,8.686001607731278,0.32155891765958955,1.0370203612872204,9.077357943044413
RTY,2026-05-20 13:40:00+00:00,RTYM6,2767.9,2773.2,2767.6,2773.2,19.49107276505478,-16.96230805313424,0.12973963734075833,9.07522636636933
ES,2026-05-21 08:15:00+00:00,ESM6,7461.0,7467.75,7460.75,7467.5,9.04325752853159,-3.68330295982272,0.5927017506466168,9.074060462738188
RTY,2026-08-13 13:36:00+00:00,RTYU6,3071.4,3071.5,3068.2,3068.6,-8.794932080456388,4.235562497141324,0.5184087314837419,9.07166456175635
RTY,2026-08-25 08:24:00+00:00,RTYU6,3014.7,3018.3,3013.3,3017.6,8.951513237600752,-6.298377547313077,0.29638962931353346,9.07136183655496
RTY,2026-08-14 13:56:00+00:00,RTYU6,3068.1,3068.3,3064.8,3065.5,-8.803822079303785,2.935468636027724,0.6665688368545649,9.071333320002735
RTY,2026-03-23 11:13:00+00:00,RTYM6,2542.6,2558.5,2541.6,2553.5,44.35119227130122,33.232363689809866,1.7493003454455918,9.067494154586152
NQ,2026-03-27 15:23:00+00:00,NQM6,23479.25,23568.0,23479.25,23557.75,33.05858414097463,-16.887679727690532,0.48915901371713594,9.065749016472587
RTY,2026-04-17 12:45:00+00:00,RTYM6,2752.2,2756.1,2751.7,2754.7,9.806236825557967,4.355242692151086,1.4441298705737995,9.047586232085088
HSI,2026-06-01 13:36:00+00:00,HSIM6,25081.0,25088.0,25036.0,25043.0,-15.959784738654838,10.376756997527123,0.3498184864364454,9.040935617042269
NQ,2026-05-04 10:11:00+00:00,NQM6,27727.0,27735.0,27689.5,27692.5,-11.999658592529286,-0.9028122608033127,1.0752364955920815,9.039675986946213
RTY,2026-05-29 14:34:00+00:00,RTYM6,2905.2,2910.8,2905.2,2910.4,18.227156624007897,-7.218107450725049,0.6039915824710849,9.036586815375575
RTY,2026-04-05 22:38:00+00:00,RTYM6,2518.1,2522.7,2518.1,2522.0,15.873019205724098,0.39650284495985744,1.0249796739877233,9.035858372282847
NQ,2026-05-01 13:30:00+00:00,NQM6,27632.5,27665.5,27617.75,27665.5,12.116281603430906,9.844965186206183,1.8125401429608927,9.01449376418236
ES,2026-04-17 14:55:00+00:00,ESM6,7169.75,7169.75,7163.0,7163.25,-9.06997899337117,6.628870718096681,0.2691415577763281,9.010452788029372
NQ,2026-04-10 09:18:00+00:00,NQM6,25215.0,25254.0,25214.5,25234.5,7.928799796928461,12.475125626579132,2.5733939494110913,9.009588920752234
HSI,2026-05-04 10:05:00+00:00,HSIK6,25886.0,25886.0,25829.0,25840.0,-15.467907182986822,-9.679605827886236,1.625786392003493,9.007970458264122
NQ,2026-07-01 13:33:00+00:00,NQU6,30175.25,30180.0,30118.5,30120.25,-18.326338245500967,-0.9130487117833164,1.0498216664754327,9.00671320751971
ES,2026-07-10 09:01:00+00:00,ESU6,7574.75,7574.75,7568.5,7570.0,-6.6028394607539465,4.952538277044069,0.24993810519231335,9.00403751256669
NQ,2026-04-06 13:33:00+00:00,NQM6,24316.5,24370.25,24309.0,24366.75,20.64365786814753,-4.925956812762026,0.7613815902092326,9.002942263213512
HSI,2026-07-20 11:31:00+00:00,HSIN6,25169.0,25230.0,25160.0,25212.0,16.27533455740691,2.3795360017103637,1.146205043792936,8.998125229045543
HSI,2026-05-13 13:32:00+00:00,HSIK6,26143.0,26187.0,26143.0,26181.0,15.289938378786209,11.833643279663661,1.7739497038184318,8.992696222435034
RTY,2026-07-06 00:00:00+00:00,RTYU6,3024.7,3024.9,3020.6,3020.7,-13.233204035218819,-5.96065982281634,1.4504320954284882,8.991872580286058
RTY,2026-07-01 12:34:00+00:00,RTYU6,3037.7,3037.7,3034.0,3034.2,-13.17436459569985,6.589351846223052,0.4998353204545564,8.991286083523411
RTY,2026-04-17 12:53:00+00:00,RTYM6,2771.9,2772.9,2769.1,2769.2,-9.745358191288034,10.466858913100614,0.07403532098569486,8.991088760281144
NQ,2026-08-28 14:01:00+00:00,NQU6,29687.5,29688.0,29641.5,29643.75,-14.663500630162979,2.6983498068292233,0.8159818808014583,8.982017960328719
RTY,2026-07-24 15:10:00+00:00,RTYU6,2945.3,2951.9,2944.8,2950.7,17.97799029020012,2.7108535966216913,1.1507873545854226,8.978233314257423
RTY,2026-08-27 13:40:00+00:00,RTYU6,3017.0,3017.1,3012.2,3013.0,-13.267000287598975,-2.3235357680082585,1.1751364828249933,8.973673937239429
NQ,2026-05-06 08:52:00+00:00,NQM6,28409.5,28449.75,28407.75,28444.0,11.872464754832937,-0.35157417339730107,0.9703874317037509,8.967285981979282
RTY,2026-04-27 13:42:00+00:00,RTYM6,2806.8,2806.8,2802.4,2802.8,-14.261268817547869,-5.7102071501631775,1.400399657507123,8.966759133392625
NQ,2026-06-25 13:42:00+00:00,NQU6,29906.5,29913.0,29844.5,29846.25,-19.999253556202234,-25.832222431633337,2.2916593291364196,8.965470693044871
RTY,2026-05-21 08:12:00+00:00,RTYM6,2828.8,2829.5,2824.3,2824.6,-14.151279514359922,-3.1867995949824692,1.2251951557983631,8.963145149508719
RTY,2026-08-11 13:32:00+00:00,RTYU6,3037.6,3038.4,3033.8,3033.9,-12.846486276841112,-2.307527494540558,1.1796232405354632,8.960936130398952
NQ,2026-08-31 12:25:00+00:00,NQU6,29441.25,29441.75,29397.0,29401.5,-13.00108525491008,5.695366081213342,0.5619314872916175,8.959227862364186
HSI,2026-09-02 12:20:00+00:00,HSIU6,25292.0,25335.0,25292.0,25333.0,15.802160282703094,-5.527916116444536,0.6501797211552559,8.956440468920555
RTY,2026-07-06 13:40:00+00:00,RTYU6,3029.3,3033.3,3029.1,3033.3,13.1956605430617,2.30745143014467,1.1748644126313126,8.954939911749054
NQ,2026-05-25 15:11:00+00:00,NQM6,29960.75,29990.75,29949.5,29981.5,7.757790503314714,-0.58371031307663,0.9247581753042666,8.952831997650884
HSI,2026-06-23 13:31:00+00:00,HSIM6,23470.0,23519.0,23468.0,23515.0,17.0249030268469,3.4015051988336227,1.1997958633579129,8.951681597444896
NQ,2026-04-02 01:17:00+00:00,NQM6,24097.0,24114.25,24035.75,24038.0,-23.269353140639087,-10.717947342631321,1.4606035792165109,8.930849761508929
HTI,2026-08-11 13:30:00+00:00,HTIQ6,4829.0,4829.0,4816.0,4817.0,-26.95140016397634,-6.2298828720347625,1.2311524757204162,8.923810979016949
NQ,2026-05-29 13:35:00+00:00,NQM6,30375.0,30426.5,30369.75,30420.0,14.80385170434203,-4.027766986485128,0.7279243897516369,8.920159939706664
ES,2026-06-08 11:10:00+00:00,ESM6,7430.5,7444.0,7430.25,7443.75,17.816029049860433,-5.039052764726566,0.7171618461878271,8.914623722259831
RTY,2026-07-02 13:29:00+00:00,RTYU6,3049.1,3049.1,3044.2,3044.2,-17.06709092240295,8.53718653066743,0.4997866613893071,8.908122856708271
NQ,2026-03-10 13:44:00+00:00,NQH6,24964.5,25036.25,24959.5,25029.25,26.303829219188977,-6.794360942010398,0.7416968881073093,8.892693238443368
RTY,2026-03-25 08:36:00+00:00,RTYM6,2564.0,2564.0,2556.1,2557.4,-25.77421663492734,-1.9553018070622594,1.0758627055385488,8.887115367544691
NQ,2026-06-18 13:34:00+00:00,NQU6,30545.75,30561.5,30482.25,30486.0,-19.252595829812375,-5.577885469859433,1.2897212157345637,8.872250065352192
RTY,2026-05-22 13:09:00+00:00,RTYM6,2865.6,2871.0,2865.0,2871.0,18.47752717741485,0.0,1.0,8.870172675506593
HTI,2026-03-18 12:42:00+00:00,HTIH6,5064.0,5065.0,5051.0,5051.0,-25.704413559595153,1.9796100232907279,0.9229855986132093,8.868941531454844
RTY,2026-04-07 10:25:00+00:00,RTYM6,2554.8,2554.8,2547.1,2548.3,-25.866137638397266,-4.317535147043757,1.1669184324077262,8.86053909321437
NQ,2026-03-10 13:33:00+00:00,NQH6,25066.5,25069.5,25003.5,25004.0,-25.264012239423387,8.395131317183166,0.6677039562194745,8.856514508123066
HSI,2026-07-14 12:32:00+00:00,HSIN6,24615.0,24615.0,24567.0,24582.0,-16.258844326342146,0.0,1.0,8.854852174906007
NQ,2026-04-17 13:46:00+00:00,NQM6,26709.5,26719.25,26663.0,26677.5,-12.268733598246905,-6.468214576512058,1.5272112663230628,8.848057859748339
ES,2026-03-23 11:30:00+00:00,ESM6,6676.0,6696.25,6674.5,6696.0,29.913273875856554,5.2256355935144665,1.1746928676279782,8.841614617491935
NQ,2026-08-03 13:35:00+00:00,NQU6,28380.5,28462.5,28374.0,28449.25,24.106997421722326,18.349192823681957,1.7611562942777717,8.840168309023142
HTI,2026-05-22 10:28:00+00:00,HTIK6,4748.0,4749.0,4734.0,4735.0,-27.417501093800105,10.554090689434673,0.6150600795700795,8.836808882951578
HTI,2026-08-12 12:30:00+00:00,HTIQ6,4793.0,4794.0,4780.0,4786.0,-27.125733899268575,8.354219366422644,0.6920186787407838,8.832421417135606
ES,2026-03-23 11:16:00+00:00,ESM6,6722.75,6725.25,6702.0,6702.5,-30.538923589223543,17.515423636851004,0.4264557627357967,8.831129248493381
HSI,2026-07-15 13:33:00+00:00,HSIN6,24792.0,24850.0,24792.0,24830.0,16.122534729761217,5.6367517698141505,1.3496194527904504,8.83063827785497
RTY,2026-03-20 15:23:00+00:00,RTYM6,2475.7,2489.5,2474.6,2487.9,49.561902600613756,-39.4684362532533,0.2036537303399539,8.829203786828664
RTY,2026-03-13 12:45:00+00:00,RTYH6,2507.4,2516.5,2506.7,2516.3,36.22975994365369,-11.929379496481458,0.6707298222501442,8.828058566440552
NQ,2026-04-14 13:30:00+00:00,NQM6,25656.25,25707.75,25656.0,25689.25,12.756656370288391,7.490600619709358,1.5871915337592508,8.827785156165014
HSI,2026-03-06 14:35:00+00:00,HSIH6,25120.0,25124.0,25036.0,25044.0,-31.494833377194833,13.566898852820406,0.5692341442058845,8.826928064628436
NQ,2026-03-30 13:31:00+00:00,NQM6,23485.5,23535.75,23485.25,23534.75,21.26777989838309,-12.967964571641192,0.3902530196568802,8.825050155305046
NQ,2026-04-20 13:31:00+00:00,NQM6,26800.25,26800.25,26755.0,26761.0,-14.282982810056204,2.0550184556942264,0.8561211980002278,8.824162297264117
RTY,2026-06-05 13:30:00+00:00,RTYM6,2909.0,2912.3,2901.1,2903.9,-17.890938885386955,2.0659734251559616,0.884524035413065,8.811371855610062
ES,2026-03-18 12:16:00+00:00,ESM6,6779.25,6779.5,6772.25,6772.75,-9.592680782820313,2.2145124472292155,0.7691456124345113,8.804937027811869
RTY,2026-07-29 13:30:00+00:00,RTYU6,2955.0,2960.1,2952.4,2960.0,17.583016635232923,4.390927738460162,1.2497255066950004,8.80455384477236
NQ,2026-05-18 11:39:00+00:00,NQM6,29139.25,29218.0,29137.0,29214.75,25.70497264018994,5.133075081267047,1.1996919099319112,8.802263158818086
NQ,2026-06-26 19:59:00+00:00,NQU6,29457.25,29458.0,29283.75,29316.0,-48.320780037475586,26.31614084056904,0.4553866717350312,8.801931921129293
RTY,2026-05-29 14:02:00+00:00,RTYM6,2923.1,2927.1,2922.7,2927.0,13.333107392209612,1.708087799865583,1.1281087558676381,8.800156635157874
RTY,2026-07-07 13:46:00+00:00,RTYU6,3019.4,3019.4,3014.8,3015.5,-12.924822425942741,,,8.79891449654822
ES,2026-06-01 13:12:00+00:00,ESM6,7593.0,7595.25,7583.75,7586.25,-8.564464585694823,-3.295978935573478,1.3848435477307866,8.798707830177332
HTI,2026-07-06 13:30:00+00:00,HTIN6,4500.0,4516.0,4500.0,4514.0,28.84084084548293,-2.2155755047976737,0.9231792333424745,8.798537772737685
ES,2026-07-27 13:46:00+00:00,ESU6,7497.25,7499.0,7490.75,7491.0,-8.673316752812754,,,8.790903187113834
NQ,2026-08-17 12:26:00+00:00,NQU6,30270.5,30272.75,30220.75,30236.75,-10.742737290712103,4.215834239629655,0.6075642431212984,8.789413822209433
ES,2026-03-10 11:04:00+00:00,ESH6,6809.25,6824.0,6808.25,6822.5,19.072775734814794,1.4656309567500059,1.076844135176124,8.781729268346568
ES,2026-06-05 13:41:00+00:00,ESM6,7540.0,7540.25,7533.25,7533.5,-8.624407606585953,-1.9913046430008163,1.2308917590444328,8.781468841131376
NQ,2026-06-26 14:20:00+00:00,NQU6,29528.5,29665.25,29520.5,29623.25,32.45960196111573,-2.363288019844553,0.9271929451668691,8.781360945373843
RTY,2026-05-22 08:34:00+00:00,RTYM6,2857.1,2857.2,2851.8,2853.2,-13.659529644306096,0.7009427683112072,0.9486847068263884,8.781279745627094
ES,2026-08-24 13:46:00+00:00,ESU6,7658.0,7664.75,7657.75,7664.5,8.48425568922332,,,8.779110178858588
ES,2026-08-14 14:40:00+00:00,ESU6,7816.5,7816.5,7812.75,7813.25,-4.158735804271614,0.31996416404128614,0.9230621566023411,8.778898854831418
RTY,2026-08-28 13:42:00+00:00,RTYU6,3013.4,3013.4,3010.2,3010.7,-8.632138650222368,0.6642752759192666,0.9230462689681016,8.777987196082604
HTI,2026-06-12 13:40:00+00:00,HTIM6,4695.0,4700.0,4678.0,4683.0,-27.7215232439061,2.135155340662167,0.9229784264783671,8.776799415777512
ES,2026-04-23 00:12:00+00:00,ESM6,7142.0,7142.5,7133.0,7135.5,-9.105236139478436,-6.659073233015739,1.7313454731990272,8.776057222437869
ES,2026-07-21 12:15:00+00:00,ESU6,7518.0,7518.25,7510.5,7511.5,-8.64965621644986,4.658436845965868,0.46143098299022756,8.773631118518802
ES,2026-08-11 08:04:00+00:00,ESU6,7780.25,7780.25,7777.25,7777.25,-4.177982095451619,-1.2858842078987018,1.3077763806835327,8.772747913712168
ES,2026-06-21 23:01:00+00:00,ESU6,7533.75,7534.0,7526.5,7527.5,-8.63127896097514,-0.9963963672984787,1.1154401765721529,8.771873445083077
RTY,2026-05-26 12:08:00+00:00,RTYM6,2903.4,2903.4,2899.3,2899.4,-13.442020394767749,9.997070656963952,0.25628213889221063,8.770345595425393
ES,2026-08-26 13:35:00+00:00,ESU6,7689.25,7689.5,7680.25,7682.5,-8.457210275410741,4.2294991927492696,0.4998942848747064,8.76895082375132
ES,2026-05-29 14:51:00+00:00,ESM6,7582.5,7594.75,7580.0,7588.75,8.568980815676863,7.244945321182322,1.845485067247177,8.766935443861296
ES,2026-08-03 07:36:00+00:00,ESU6,7559.5,7560.0,7555.25,7556.25,-4.300150571530448,-0.6617257810776255,1.153884328018336,8.766929801588244
HTI,2026-04-24 09:22:00+00:00,HTIJ6,4891.0,4891.0,4869.0,4878.0,-26.614817634916452,-2.050230658129898,1.0770334287558734,8.766589873597729
RTY,2026-06-22 13:00:00+00:00,RTYU6,3007.6,3013.6,3007.6,3012.7,17.27517787848949,-4.6480744528717395,0.7309391263253285,8.765614642803701
NQ,2026-04-22 08:33:00+00:00,NQM6,26812.0,26812.0,26791.25,26794.75,-7.368131765884773,-0.7464427341929348,1.1013069198421563,8.765385773866898
HTI,2026-08-05 13:30:00+00:00,HTIQ6,4938.0,4938.0,4924.0,4927.0,-26.350476380051138,6.087044927726223,0.7689967786565531,8.764830286182487
ES,2026-08-21 13:30:00+00:00,ESU6,7695.75,7696.0,7688.25,7689.25,-8.449789258035842,-0.6502796204655286,1.0769580874276958,8.764105903984083
ES,2026-05-29 14:37:00+00:00,ESM6,7594.5,7594.75,7587.75,7588.25,-8.562208255421712,2.635306534341327,0.6922164871810244,8.763327164272749
ES,2026-08-26 12:30:00+00:00,ESU6,7696.0,7696.75,7687.25,7689.5,-8.449514655642473,-5.853849072819258,1.6928029965496465,8.762396316254799
ES,2026-04-23 00:20:00+00:00,ESM6,7151.0,7154.75,7143.25,7144.5,-9.093771393711988,-2.799748040965877,1.3078753489340849,8.761940125857553
NQ,2026-08-26 13:31:00+00:00,NQU6,29229.25,29283.0,29216.75,29275.25,15.554229270433357,-4.185297708358863,0.7309222054277809,8.759961958676906
HTI,2026-05-04 10:03:00+00:00,HTIK6,4972.0,4974.0,4957.0,4959.0,-26.1806614146781,-4.033884685600058,1.1540787920406959,8.759555544835111
ES,2026-07-21 00:00:00+00:00,ESU6,7485.0,7485.0,7478.25,7478.75,-8.687517253156818,-1.0028916718255174,1.115440538717905,8.759297963740487
RTY,2026-05-05 06:24:00+00:00,RTYM6,2811.9,2812.0,2809.0,2809.0,-9.251681975065676,3.2034740169659184,0.6537414466256362,8.75839620540337
RTY,2026-08-19 07:00:00+00:00,RTYU6,3028.6,3028.7,3026.2,3026.2,-8.587944375881358,2.973584678215014,0.6537489592310217,8.758388362792198
RTY,2026-04-22 07:43:00+00:00,RTYM6,2800.2,2802.9,2800.2,2802.7,9.281074415053926,0.3567924360398659,1.0384430099451791,8.757425500754337
NQ,2026-08-26 12:30:00+00:00,NQU6,29256.75,29263.25,29203.5,29214.75,-14.536874909110598,-11.559061663849192,1.7951545112770326,8.757293518240818
ES,2026-04-14 10:38:00+00:00,ESM6,6933.5,6933.75,6930.0,6930.25,-4.6884862458349374,-0.7215007218138048,1.1538877761355826,8.756205018503413
ES,2026-05-21 05:49:00+00:00,ESM6,7434.75,7441.75,7434.0,7441.5,8.738615149577551,0.0,1.0,8.755412571002665
RTY,2026-07-15 13:45:00+00:00,RTYU6,2984.7,2985.5,2980.6,2980.8,-13.075184160995976,0.670938307473234,0.9486861294485869,8.753241653417886
ES,2026-08-12 12:31:00+00:00,ESU6,7770.75,7775.75,7768.25,7774.0,4.181476121976093,4.179728378509955,1.9995820271561633,8.753150018368382
RTY,2026-07-20 11:30:00+00:00,RTYU6,2985.5,2993.3,2985.4,2990.7,17.402367097208135,10.026068616086217,1.5761324629046987,8.75077546923583
ES,2026-08-07 11:00:00+00:00,ESU6,7746.25,7750.0,7746.25,7749.75,4.194563262274355,-0.32259625468504116,0.9230918132558753,8.75055607778075
ES,2026-08-12 12:32:00+00:00,ESU6,7774.0,7779.0,7774.0,7777.25,4.179728378509955,2.571272472623644,1.6151769301191492,8.749491439362675
NQ,2026-08-04 13:20:00+00:00,NQU6,29224.5,29282.25,29221.5,29271.5,15.812847598266575,-5.296655542222728,0.665041004834363,8.748494977320616
HSI,2026-07-13 13:33:00+00:00,HSIN6,24260.0,24292.0,24260.0,24285.0,10.711932467928007,3.705304803709546,1.3459044215227636,8.746885942504603
RTY,2026-07-31 14:20:00+00:00,RTYU6,2914.0,2919.9,2913.3,2919.1,17.48641819801786,-6.510974648739752,0.6276553279803297,8.742177070854943
RTY,2026-07-31 14:19:00+00:00,RTYU6,2918.9,2919.5,2913.2,2914.0,-17.48641819801779,17.48641819801786,3.720151812250743e-15,8.742177070854911
ES,2026-04-20 13:08:00+00:00,ESM6,7137.0,7147.5,7134.75,7143.25,9.10364208531291,-3.8505294953736664,0.5770341738735749,8.74105604020775
ES,2026-05-22 14:00:00+00:00,ESM6,7510.0,7510.0,7497.75,7500.0,-12.99155731619997,-4.000800213396913,1.3079538592658226,8.740486548316706
HSI,2026-07-07 13:31:00+00:00,HSIN6,23561.0,23598.0,23556.0,23598.0,16.5404961688031,10.165185119279082,1.6145634940777387,8.737143907330209
ES,2026-08-13 13:36:00+00:00,ESU6,7801.75,7805.25,7801.75,7805.25,4.16473119476763,1.2811068780923003,1.3076085389860987,8.736075663068416
RTY,2026-08-12 13:30:00+00:00,RTYU6,3055.4,3059.3,3051.4,3051.4,-12.772857779895336,-7.86833690846957,1.616020082902234,8.735356184706157
ES,2026-08-12 13:27:00+00:00,ESU6,7788.75,7792.25,7788.25,7792.0,4.171814639392143,-0.32084703620250304,0.923091732510615,8.73250340442916
ES,2026-08-07 12:36:00+00:00,ESU6,7766.5,7770.0,7765.75,7769.75,4.1837638392874235,2.895426854399897,1.692062689392393,8.731412969570286
RTY,2026-05-14 12:25:00+00:00,RTYM6,2864.6,2868.7,2864.3,2868.5,13.605206961610596,-10.46390050133544,0.23089001653108895,8.720662925603573
HSI,2026-04-17 13:46:00+00:00,HSIJ6,26470.0,26480.0,26423.0,26431.0,-14.744525459077403,-0.3783507690427301,1.025660423598767,8.71998222757018
HTI,2026-06-29 13:31:00+00:00,HTIN6,4418.0,4438.0,4418.0,4431.0,29.381872194270898,-11.290505884945627,0.6157322511549439,8.718841640504639
HTI,2026-07-07 13:31:00+00:00,HTIN6,4532.0,4544.0,4532.0,4544.0,28.650157338491514,19.78674933794894,1.6906331823652998,8.716210316061673
RTY,2026-05-06 08:53:00+00:00,RTYM6,2876.9,2877.1,2873.9,2874.3,-9.041591936033015,5.2173006870329175,0.42296658332470594,8.708920382419942
RTY,2026-06-02 13:35:00+00:00,RTYM6,2926.3,2930.2,2925.4,2930.1,13.318991774792428,-5.120590003842175,0.6155422204304216,8.702501850039884
RTY,2026-06-25 13:30:00+00:00,RTYU6,3040.5,3045.9,3039.6,3045.8,17.087280708550352,-4.269083689617604,0.7501601476306651,8.701535758877448
HTI,2026-04-02 14:35:00+00:00,HTIJ6,4676.0,4689.0,4676.0,4688.0,27.76889534061084,40.4471014429373,2.4565614132941445,8.69721199351049
NQ,2026-06-26 13:33:00+00:00,NQU6,29291.0,29296.25,29197.5,29199.75,-30.7747787317432,10.952997338472658,0.6440917598807951,8.694805709271082
HTI,2026-04-10 09:19:00+00:00,HTIJ6,4864.0,4879.0,4862.0,4878.0,26.685841557602593,-22.575689424112582,0.15401995566143423,8.674788407222735
HSI,2026-04-10 09:20:00+00:00,HSIJ6,25979.0,25980.0,25934.0,25934.0,-19.645993337126097,3.4697457795534326,0.8233865949146758,8.673841964742175
NQ,2026-04-17 17:24:00+00:00,NQM6,26819.25,26819.25,26735.5,26756.75,-23.61099894405748,5.324341238569285,0.774497417445807,8.666831365425518
RTY,2026-05-19 13:31:00+00:00,RTYM6,2752.5,2752.5,2745.5,2745.6,-25.462892517889596,10.192938632778514,0.5996943934937004,8.665201618988098
ES,2026-06-25 13:42:00+00:00,ESU6,7456.75,7457.5,7448.5,7448.75,-10.734293741460322,-13.77017463890399,2.282820739823602,8.665060493194963
RTY,2026-06-04 13:30:00+00:00,RTYM6,2893.6,2902.4,2887.2,2887.2,-22.48785738977723,-3.1176929325008067,1.1386389498324585,8.664933120911932
NQ,2026-05-20 22:07:00+00:00,NQM6,29229.5,29230.0,29173.0,29177.5,-17.720559196338204,-5.913838124625838,1.3337275115927425,8.661242578462996
HSI,2026-04-17 17:08:00+00:00,HSIJ6,26563.0,26563.0,26526.0,26528.0,-14.314237574270775,7.159680004384067,0.4998210720455497,8.655188671046657
NQ,2026-03-23 11:13:00+00:00,NQM6,24658.0,24755.0,24650.75,24744.0,35.72896376206234,-9.400634476957817,0.7368903688458052,8.654617509880595
NQ,2026-07-02 13:38:00+00:00,NQU6,30135.0,30136.75,30028.0,30052.5,-27.663224330160617,0.7486617674406515,0.9729365688357449,8.649541206413913
NQ,2026-08-28 14:03:00+00:00,NQU6,29651.75,29657.75,29608.75,29609.25,-14.343331123778126,6.6679892575389585,0.5351157133586018,8.64777230201917
NQ,2026-04-02 13:35:00+00:00,NQM6,23788.0,23788.25,23733.5,23734.75,-22.830699835105253,-0.632004719179301,1.0276822315454173,8.637801950581348
NQ,2026-06-26 13:45:00+00:00,NQU6,29343.5,29344.25,29247.0,29252.0,-30.80509482388714,18.613870142094058,0.39575351906852957,8.637034606182807
NQ,2026-07-15 13:37:00+00:00,NQU6,29929.75,29943.0,29878.0,29878.75,-17.722645312245078,-1.924629828498603,1.1085972096484276,8.635723877269749
NQ,2026-08-31 13:32:00+00:00,NQU6,29506.75,29515.0,29465.25,29467.75,-13.141330521912078,-3.8184618851126517,1.290568894736015,8.627907288938104
NQ,2026-03-18 13:46:00+00:00,NQM6,24958.0,24998.25,24948.0,24997.0,15.914565183015284,,,8.627710354818541
RTY,2026-05-04 10:26:00+00:00,RTYM6,2794.9,2798.7,2794.6,2798.4,13.588416179902016,-5.0041106237792,0.6317370208913278,8.620539117458963
RTY,2026-07-24 15:14:00+00:00,RTYU6,2952.2,2959.0,2952.2,2957.4,17.259763663376376,22.62941099103401,2.3111078130838796,8.619404422592076
NQ,2026-08-10 13:35:00+00:00,NQU6,29741.25,29787.5,29727.75,29782.25,13.944191900408232,-2.854456329409386,0.7952942451024487,8.617474682543154
ES,2026-06-25 13:45:00+00:00,ESU6,7439.0,7444.0,7428.75,7429.25,-12.779124687704265,-10.774049054062544,1.8430975765053024,8.606328740302496
NQ,2026-05-20 13:40:00+00:00,NQM6,29066.25,29119.0,29038.5,29117.0,17.18685972357917,-7.816358919717051,0.5452130845640432,8.602952366379768
RTY,2026-04-30 13:29:00+00:00,RTYM6,2751.9,2758.5,2751.8,2758.2,23.230500465210824,2.900021770489348,1.124836818510747,8.602931399463387
RTY,2026-07-28 13:36:00+00:00,RTYU6,2959.6,2959.8,2953.6,2954.3,-17.24808923131146,-6.772085722531397,1.39262817067514,8.597287106525096
RTY,2026-07-28 13:30:00+00:00,RTYU6,2961.7,2962.6,2956.7,2956.7,-17.234100742792414,19.259690702792227,0.11753383540170789,8.59147698723126
RTY,2026-07-20 13:33:00+00:00,RTYU6,2988.3,2988.6,2983.0,2983.4,-17.079995444787944,1.0055135668990358,0.9411291665650956,8.589246978507099
ES,2026-06-26 13:56:00+00:00,ESU6,7386.5,7400.0,7385.25,7399.5,17.245756239811833,5.40431006871027,1.3133704311692878,8.588417584961485
NQ,2026-06-22 00:00:00+00:00,NQU6,30353.25,30406.5,30347.75,30402.75,15.471089435954514,9.944811231253366,1.642799673056108,8.584043770911197
HTI,2026-04-01 12:44:00+00:00,HTIJ6,4755.0,4783.0,4754.0,4767.0,27.30807284686506,0.0,1.0,8.582352957070515
NQ,2026-04-23 00:15:00+00:00,NQM6,26938.5,26940.0,26902.5,26908.0,-11.235695403977354,-19.80926102665908,2.7630649741222735,8.578198746131719
NQ,2026-06-29 13:36:00+00:00,NQU6,29741.0,29745.75,29672.0,29686.25,-19.182398464839686,-3.2006468949011064,1.1668533213282855,8.571832860581862
ES,2026-04-30 02:32:00+00:00,ESM6,7169.5,7180.25,7168.25,7179.0,13.241804213890484,-1.7413411853779996,0.8684966823817442,8.571387289783834
RTY,2026-03-18 11:26:00+00:00,RTYM6,2553.8,2554.0,2549.7,2549.8,-14.892035514676342,-4.707359258431556,1.3160991157852382,8.56698836818373
RTY,2026-05-20 13:44:00+00:00,RTYM6,2769.4,2775.5,2769.2,2774.3,18.3999330346173,15.487406074293572,1.8417099152021832,8.56516507822107
RTY,2026-07-27 13:31:00+00:00,RTYU6,2966.1,2971.1,2965.6,2969.9,12.803236250301332,2.3567039920538226,1.1840709603400745,8.557511615937266
RTY,2026-05-21 06:21:00+00:00,RTYM6,2813.6,2817.4,2813.5,2816.9,13.499113950442691,3.1944913044293743,1.2366445172740108,8.551441930582547
NQ,2026-08-28 13:40:00+00:00,NQU6,29651.75,29694.75,29648.75,29692.5,13.902055951489677,1.7679669688795228,1.1271730580749155,8.55038687740525
RTY,2026-07-07 13:35:00+00:00,RTYU6,3028.5,3030.4,3024.4,3024.8,-12.554929458319796,6.2794350572018995,0.499843063392069,8.54710008179417
RTY,2026-09-02 11:14:00+00:00,RTYU6,2920.0,2925.2,2919.6,2923.7,13.00568326248959,-2.394513155607573,0.8158871696872919,8.542819789026257
ES,2026-04-07 10:52:00+00:00,ESM6,6628.25,6628.5,6618.5,6619.0,-14.34233119981539,6.041383660566056,0.5787725456623245,8.541293859419516
RTY,2026-07-31 14:35:00+00:00,RTYU6,2924.0,2929.3,2923.7,2929.1,17.084675788259755,-7.51366155567271,0.5602104687970756,8.531246552373979
ES,2026-03-23 11:20:00+00:00,ESM6,6703.5,6707.0,6681.75,6683.0,-29.509014185409196,10.468856112039632,0.6452319265475164,8.526774755737085
NQ,2026-04-03 12:37:00+00:00,NQM6,24161.0,24161.0,24135.25,24135.25,-10.45640757235165,3.417652727257184,0.6731523036368643,8.51732235087651
RTY,2026-04-17 17:24:00+00:00,RTYM6,2799.1,2799.1,2787.9,2790.5,-31.128708249899802,6.448377381860912,0.7928478968644108,8.513550216883417
HSI,2026-05-18 11:41:00+00:00,HSIK6,25682.0,25732.0,25682.0,25720.0,14.785419603363424,-5.055710143271877,0.6580610981022282,8.509478017975006
RTY,2026-06-05 13:41:00+00:00,RTYM6,2897.0,2897.1,2891.3,2892.0,-17.27414490695135,-2.766634406913689,1.1601604259901952,8.507306628362032
ES,2026-07-28 00:05:00+00:00,ESU6,7450.25,7450.5,7443.75,7444.0,-8.392500954186279,2.3506103300030956,0.7199153931784085,8.503449972157537
NQ,2026-08-17 13:30:00+00:00,NQU6,30219.25,30257.5,30210.0,30253.25,11.410240687612642,-1.7355013369732617,0.8478996732420042,8.479848168499903
NQ,2026-05-22 14:00:00+00:00,NQM6,29640.5,29642.0,29577.75,29586.25,-19.162835040515425,-5.663016848789765,1.2955208264756553,8.479522038650286
ES,2026-05-04 10:11:00+00:00,ESM6,7228.5,7229.0,7221.25,7222.25,-8.650070604926496,-3.1158580113260053,1.3602118587970164,8.479268753024531
HSI,2026-05-22 09:17:00+00:00,HSIK6,25252.0,25298.0,25252.0,25298.0,19.78396561886365,14.614977025230615,1.7387283877654691,8.478674640956172
RTY,2026-05-04 11:39:00+00:00,RTYM6,2810.2,2810.2,2804.1,2805.4,-17.80690666046287,2.8512367432440375,0.8398802892826573,8.475876169738699
RTY,2026-08-28 14:13:00+00:00,RTYU6,2998.0,2998.0,2994.0,2995.7,-8.341814661474112,-0.6676458808725599,1.080036048266095,8.472067140991538
RTY,2026-08-28 14:06:00+00:00,RTYU6,3004.3,3004.3,3000.9,3001.7,-8.325147419676297,-6.9984839475210014,1.8406438462555321,8.46440509570607
ES,2026-04-23 00:15:00+00:00,ESM6,7123.5,7123.5,7116.25,7117.0,-8.777936344254673,-15.116098004249853,2.722056006266624,8.460590200190989
RTY,2026-07-29 13:39:00+00:00,RTYU6,2957.3,2963.6,2956.1,2962.3,16.893037330432563,-3.038641413053296,0.820124625689471,8.457912849999662
ES,2026-05-13 13:30:00+00:00,ESM6,7429.25,7429.5,7421.5,7423.0,-8.4162337274442,-6.401078294870825,1.7605632759458398,8.449584169168721
RTY,2026-08-17 12:27:00+00:00,RTYU6,3066.3,3068.1,3066.3,3068.1,8.151687035353666,-1.6298058937261866,0.8000652028644184,8.445155460945088
ES,2026-07-16 11:50:00+00:00,ESU6,7584.0,7591.0,7583.75,7590.25,8.237639887876686,2.6346122332540194,1.3198260993578235,8.443219645974192
ES,2026-08-31 13:32:00+00:00,ESU6,7701.75,7702.25,7695.0,7695.5,-8.118333265053632,-1.949381077683006,1.2401208491987337,8.441949541584869
RTY,2026-04-22 08:33:00+00:00,RTYM6,2794.4,2794.4,2792.2,2792.5,-8.948546458437107,-2.8652269097566485,1.3201890857989766,8.441244869906457
HSI,2026-04-24 11:07:00+00:00,HSIJ6,25982.0,26040.0,25980.0,26033.0,19.609734247051136,-12.68425976764261,0.3531651368732833,8.441159254516373
NQ,2026-04-27 13:30:00+00:00,NQM6,27410.75,27435.0,27362.75,27379.0,-11.407348481222007,2.6476643646659026,0.7678983535021916,8.44036963282444
ES,2026-08-28 14:13:00+00:00,ESU6,7735.0,7735.25,7726.5,7729.0,-8.083159985513626,2.5873221360374847,0.6799120466903541,8.439721875896746
RTY,2026-04-03 06:31:00+00:00,RTYM6,2536.8,2536.8,2534.0,2534.1,-9.860572317684916,3.945395774369852,0.5998816653579233,8.438617395258289
RTY,2026-05-18 13:32:00+00:00,RTYM6,2809.6,2810.0,2803.5,2803.5,-22.44669853823973,-10.349566420506063,1.4610729904388726,8.438177824374362
RTY,2026-03-05 06:50:00+00:00,RTYH6,2618.8,2623.7,2618.4,2623.3,18.696229953355502,1.9058146462356962,1.1019357726659567,8.43421239947772
HSI,2026-03-23 11:20:00+00:00,HSIH6,25027.0,25028.0,24919.0,24933.0,-35.632106562092304,10.422513570762984,0.7074965648578545,8.432444828289178
HSI,2026-08-06 13:30:00+00:00,HSIQ6,25574.0,25577.0,25541.0,25549.0,-9.780334484599999,2.3481527972637273,0.759910788229063,8.430805320732793
NQ,2026-04-15 13:44:00+00:00,NQM6,26020.0,26032.75,25982.25,25989.0,-11.92101508246227,8.461538966392695,0.29019979356951076,8.429703374179066
RTY,2026-07-28 11:15:00+00:00,RTYU6,2954.4,2960.4,2954.4,2959.2,16.910749117447388,-4.055972474990324,0.7601541808218513,8.429282969720058
HSI,2026-08-04 11:43:00+00:00,HSIQ6,25769.0,25796.0,25768.0,25793.0,9.69725255875445,0.0,1.0,8.429009420071532
RTY,2026-07-28 13:35:00+00:00,RTYU6,2954.3,2960.9,2954.3,2959.4,16.909605300805037,-17.24808923131146,0.0200172579125965,8.428570242153475
ES,2026-08-04 11:43:00+00:00,ESU6,7646.75,7655.0,7646.75,7652.75,8.170335601653479,2.6130981693681115,1.3198275195500273,8.428241781136158
ES,2026-03-17 08:40:00+00:00,ESM6,6725.0,6730.75,6725.0,6730.75,9.290054736263695,1.4856081735778444,1.1599138235191209,8.427062156577936
NQ,2026-04-20 13:38:00+00:00,NQM6,26793.0,26800.0,26756.75,26757.0,-13.911909062008013,-3.551103215554978,1.2552563562432042,8.426456263108523
ES,2026-05-27 12:22:00+00:00,ESM6,7563.0,7570.75,7563.0,7569.5,8.260230764892201,-10.243701845776162,0.24012296234073122,8.423892083363222
RTY,2026-07-20 12:02:00+00:00,RTYU6,2987.3,2987.9,2981.6,2982.5,-16.75042267694955,-2.0119375025949577,1.1201126408209154,8.423086620989748
ES,2026-06-04 08:31:00+00:00,ESM6,7549.0,7549.25,7541.5,7542.75,-8.282671469253794,2.982552092496837,0.6399045762507416,8.42289474968419
RTY,2026-09-01 13:32:00+00:00,RTYU6,2948.0,2948.4,2942.5,2943.1,-16.974474472274785,-4.078164882348735,1.2402527918616741,8.421118519480695
HSI,2026-08-31 12:25:00+00:00,HSIU6,25509.0,25509.0,25480.0,25484.0,-9.80526817523377,5.884314549090362,0.3998823444775316,8.421049481387191
NQ,2026-04-10 13:34:00+00:00,NQM6,25365.25,25365.5,25335.0,25336.0,-11.045366014464776,-8.884589770895138,1.804372599265617,8.421001113408968
RTY,2026-07-28 13:32:00+00:00,RTYU6,2962.3,2962.8,2957.0,2957.4,-16.89246660015835,-7.7801272423397565,1.460567862970753,8.420597208819029
ES,2026-07-13 13:45:00+00:00,ESU6,7601.25,7601.5,7593.75,7594.75,-8.22598470286984,6.910281786689837,0.15994473168920276,8.420315679747164
NQ,2026-05-12 13:30:00+00:00,NQM6,29213.0,29227.25,29145.75,29166.25,-16.101545972247333,-3.0004929606363238,1.186348128670873,8.418551940666683
ES,2026-07-10 14:49:00+00:00,ESU6,7589.75,7596.75,7589.5,7596.0,8.231401613876484,-2.6333114042890897,0.680089548801767,8.417671355971715
NQ,2026-05-14 05:45:00+00:00,NQM6,29560.0,29608.25,29560.0,29606.0,15.803198576696069,-7.433688465313073,0.5296086150385377,8.415940874461574
RTY,2026-08-28 13:31:00+00:00,RTYU6,3022.4,3024.3,3019.6,3019.8,-8.275269004706688,-2.3183030125862687,1.2801483566597893,8.415366972772974
RTY,2026-08-14 13:48:00+00:00,RTYU6,3060.6,3063.8,3060.6,3063.1,8.164998738964599,-1.3059518775296541,0.8400548586373374,8.41364954741635
NQ,2026-08-12 13:32:00+00:00,NQU6,29930.0,29932.25,29897.5,29898.75,-10.279425758803825,3.2604743024874625,0.6828155211204259,8.41179295528102
ES,2026-08-07 14:23:00+00:00,ESU6,7763.75,7770.0,7763.5,7770.0,8.0469948818048,-2.8961722459521995,0.6400926944167958,8.409560141339588
ES,2026-05-21 08:29:00+00:00,ESM6,7453.25,7460.75,7453.0,7459.5,8.382089642667069,-3.6872538756825786,0.5601032638790363,8.408661747436533
NQ,2026-07-27 13:38:00+00:00,NQU6,28594.0,28602.0,28547.0,28548.25,-16.36239115914168,-1.0509077225119312,1.0642270260068185,8.406695996906505
ES,2026-08-05 13:39:00+00:00,ESU6,7811.0,7820.25,7807.25,7817.25,7.998336772440106,-2.8786643196438195,0.6400921339592948,8.404295788938015
ES,2026-04-24 11:21:00+00:00,ESM6,7167.75,7179.0,7166.75,7173.75,8.716116650474676,5.922622849801976,1.6795024765391857,8.403944915365534
NQ,2026-04-14 11:57:00+00:00,NQM6,25657.75,25698.0,25653.0,25683.0,9.73880601309753,-2.6285430721303316,0.7300959615998865,8.401165238647145
NQ,2026-03-23 11:17:00+00:00,NQM6,24608.0,24707.25,24604.25,24692.25,35.295944143515335,-12.765183181340301,0.6383385261083728,8.400353832953945
ES,2026-04-17 12:48:00+00:00,ESM6,7119.25,7128.0,7118.0,7125.75,8.774855339192984,8.767162280624488,1.9991232837156716,8.397991098850797
RTY,2026-03-30 13:30:00+00:00,RTYM6,2485.8,2486.0,2478.4,2478.4,-30.215763375305116,-4.439332558731691,1.1469210790272435,8.396154734641067
RTY,2026-04-24 13:31:00+00:00,RTYM6,2795.5,2795.5,2787.8,2790.6,-17.901261448676394,-11.47364772697,1.640940738163363,8.395366783603311
ES,2026-04-17 12:49:00+00:00,ESM6,7125.5,7133.0,7125.25,7132.0,8.767162280624488,2.102975718381536,1.2398696010257655,8.390480611642802
RTY,2026-06-29 13:29:00+00:00,RTYU6,3028.0,3028.1,3021.8,3021.9,-20.495874943529593,-24.186212403163356,2.1800526920563974,8.388571970288206
RTY,2026-05-29 14:21:00+00:00,RTYM6,2910.7,2911.3,2906.7,2906.9,-12.720242368361644,4.127257152308779,0.6755362804584387,8.384927055264665
NQ,2026-06-26 13:56:00+00:00,NQU6,29322.75,29420.75,29311.75,29414.0,30.218318257316678,9.854393647926553,1.3261066206270609,8.378686028546081
NQ,2026-08-24 13:44:00+00:00,NQU6,29027.5,29032.0,28975.5,28978.75,-16.89466237578283,-5.954410106848437,1.3524432731715088,8.372774848747408
NQ,2026-08-11 13:45:00+00:00,NQU6,29723.75,29725.0,29680.5,29683.25,-13.466541891855522,-6.234414167019447,1.4629558365529596,8.370514364774515
RTY,2026-06-10 13:35:00+00:00,RTYM6,2867.2,2879.1,2866.2,2877.4,34.81412790765233,15.27990295900981,1.4388994892975966,8.358789199031172
NQ,2026-08-12 10:49:00+00:00,NQU6,29791.5,29821.25,29785.0,29815.5,8.388417765307638,-1.5932580063477921,0.810064537684675,8.348348161039834
RTY,2026-08-06 13:41:00+00:00,RTYU6,3017.5,3021.8,3017.5,3021.1,12.254700548308044,-4.303994504354919,0.6487882761893228,8.347788048200522
NQ,2026-07-27 13:42:00+00:00,NQU6,28504.25,28517.5,28454.25,28458.25,-16.23868586514545,-5.008589395988852,1.3084356355916238,8.342675497534085
RTY,2026-08-04 10:44:00+00:00,RTYU6,2988.1,2992.4,2988.1,2991.9,12.374376589476267,8.018442847184657,1.6479876209686317,8.337638702026727
HSI,2026-03-04 10:08:00+00:00,HSIH6,25284.0,25371.0,25270.0,25369.0,33.56171590462719,5.123051874574938,1.1526457076608714,8.336911047600605
RTY,2026-06-03 13:32:00+00:00,RTYM6,2908.5,2913.7,2908.4,2912.2,12.713249259879468,-0.6867896022749996,0.9459784364928349,8.335012882140958
RTY,2026-07-10 14:01:00+00:00,RTYU6,2994.9,2999.4,2994.5,2998.7,12.346298513424559,-4.002534992229081,0.6758109333030474,8.333154688030227
RTY,2026-07-31 13:46:00+00:00,RTYU6,2951.5,2951.5,2946.0,2946.5,-16.616087513811557,-8.827923974104053,1.5312877635463908,8.323173730930696
ES,2026-04-06 13:30:00+00:00,ESM6,6621.75,6631.75,6621.5,6630.75,13.959895870044086,-0.3770383636985565,0.9729913197628053,8.320760800484285
HSI,2026-05-26 13:30:00+00:00,HSIM6,25386.0,25412.0,25385.0,25412.0,14.570660423354097,-5.117002335580086,0.6488146599464724,8.320703056506584
RTY,2026-04-16 13:30:00+00:00,RTYM6,2725.4,2729.2,2724.6,2729.0,13.567279275259152,1.832005134739097,1.1350311361305787,8.320550835413426
RTY,2026-05-08 13:40:00+00:00,RTYM6,2855.7,2859.5,2854.2,2859.5,13.297874300016483,-11.197033956154257,0.1579831705778435,8.318994541778519
NQ,2026-05-08 13:59:00+00:00,NQM6,29069.0,29111.25,29066.5,29107.25,12.97769480015063,-1.2884218139052093,0.9007202870967304,8.314365896221043
NQ,2026-08-13 13:35:00+00:00,NQU6,29945.25,29980.25,29940.0,29980.0,11.51429819080315,14.915488622598708,2.295388427104676,8.311348971156187
RTY,2026-07-07 13:30:00+00:00,RTYU6,3029.5,3037.6,3028.6,3033.2,12.20578441736703,0.6593479051608367,1.0540192979504606,8.309775164740161
ES,2026-06-15 13:30:00+00:00,ESU6,7599.25,7608.5,7598.5,7608.5,12.164851658800698,-3.6150319995378535,0.702829750749772,8.309421295277625
RTY,2026-03-06 14:35:00+00:00,RTYH6,2531.5,2532.3,2519.6,2521.8,-39.180815929044,5.946363973752768,0.8482327681863093,8.309083706440878
NQ,2026-07-06 00:29:00+00:00,NQU6,29925.75,29925.75,29879.75,29882.75,-12.87539472899491,1.9240019299371187,0.8505675382825866,8.308384833007224
RTY,2026-05-21 08:29:00+00:00,RTYM6,2819.5,2823.9,2819.5,2823.3,13.113826331315188,-3.896909091916697,0.7028396599540849,8.302504434277289
RTY,2026-07-15 13:38:00+00:00,RTYU6,2988.2,2989.9,2984.5,2984.5,-12.389708082797856,4.019965884425518,0.6755399031550285,8.296575051084798
ES,2026-04-06 03:19:00+00:00,ESM6,6608.5,6609.25,6595.25,6599.25,-14.006930040815478,4.1662721935855735,0.7025563644963406,8.293842183126191
RTY,2026-07-15 13:30:00+00:00,RTYU6,2987.1,2992.7,2985.8,2990.8,12.378930636122748,16.036352494515622,2.2954553964233564,8.290471346333653
RTY,2026-03-23 11:55:00+00:00,RTYM6,2525.3,2526.1,2513.0,2513.0,-50.40993468135753,-3.9800995550292466,1.0789546659837501,8.286796354132495
HSI,2026-05-14 13:32:00+00:00,HSIK6,26287.0,26290.0,26230.0,26240.0,-18.656366659349693,-0.7622241704978863,1.040855981468176,8.284378096972455
NQ,2026-07-16 06:08:00+00:00,NQU6,29651.5,29733.0,29646.5,29708.25,18.867771199027228,3.4496249926652287,1.182831610383482,8.280651281472354
RTY,2026-04-28 13:30:00+00:00,RTYM6,2788.4,2791.7,2782.9,2783.7,-17.58699733677327,10.05349982347861,0.4283560956447412,8.278231292991718
RTY,2026-04-23 11:47:00+00:00,RTYM6,2785.8,2789.6,2785.1,2789.1,13.274735109303306,-1.4342572364940942,0.8919558676926873,8.277533624043842
NQ,2026-04-01 13:32:00+00:00,NQM6,24071.0,24126.25,24069.25,24125.25,22.82371751536674,7.665375667965184,1.3358513205749345,8.276795560403588
NQ,2026-08-14 13:49:00+00:00,NQU6,30270.5,30274.5,30238.0,30238.0,-10.65970443824985,1.5707477204786857,0.8526462220807525,8.276292628248841
NQ,2026-06-26 13:35:00+00:00,NQU6,29232.75,29333.0,29228.25,29319.25,29.888495546811036,-0.5968952919523698,0.9800292627302863,8.274757809745568
RTY,2026-04-02 01:17:00+00:00,RTYM6,2511.0,2513.1,2502.7,2503.9,-29.1121020745833,-18.388236713120385,1.6316354849955843,8.271926442083265
HSI,2026-05-29 13:31:00+00:00,HSIM6,25022.0,25022.0,24978.0,24986.0,-14.797339179469821,0.8004162168608524,0.9459080982632763,8.26815215412894
NQ,2026-06-29 13:32:00+00:00,NQU6,29663.25,29737.5,29660.5,29719.75,18.607632812285843,0.5888166889181354,1.0316438256740192,8.264508611943036
NQ,2026-03-20 13:30:00+00:00,NQM6,24487.25,24491.25,24422.25,24424.0,-26.27155240421732,-6.9627903122224835,1.2650315521934958,8.262760668569019
NQ,2026-03-06 09:17:00+00:00,NQH6,25027.0,25029.0,24986.0,24995.5,-12.29465337515647,-0.800176039155012,1.0650832532433903,8.257505068344653
RTY,2026-06-17 13:30:00+00:00,RTYU6,2968.8,2974.7,2968.1,2973.7,16.49137942120543,5.042949223516974,1.3057930507033573,8.25236366792673
RTY,2026-03-23 11:36:00+00:00,RTYM6,2562.1,2562.5,2548.9,2550.5,-45.37816338214499,-26.30392345597031,1.5796603805767986,8.244283534989636
RTY,2026-04-02 01:12:00+00:00,RTYM6,2522.8,2523.5,2515.4,2516.3,-28.96884900532596,6.356521607698625,0.7805738983095266,8.231873754649113
NQ,2026-08-11 13:35:00+00:00,NQU6,29736.75,29743.0,29696.5,29698.25,-13.207541153468915,2.525082499445013,0.8088150950957431,8.228979628206075
ES,2026-04-17 17:08:00+00:00,ESM6,7180.25,7180.5,7169.0,7171.5,-12.541807664056758,6.272870043641969,0.4998432274145596,8.225399463329918
NQ,2026-08-07 13:56:00+00:00,NQU6,29741.25,29744.75,29684.0,29695.75,-15.562503403801559,-9.854748553906026,1.6332367163690862,8.22329092317717
RTY,2026-06-24 13:32:00+00:00,RTYU6,2998.5,3005.4,2998.2,3004.6,20.32284019758802,14.301158170366474,1.7036987956075045,8.216179107115597
NQ,2026-06-10 11:03:00+00:00,NQM6,28832.0,28835.5,28735.0,28737.75,-33.26316113841809,-10.096351375091965,1.303529521234557,8.216020669642004
NQ,2026-08-12 13:34:00+00:00,NQU6,29907.5,29920.0,29877.75,29878.5,-10.035627316254773,6.775153013765804,0.3248899346040837,8.215489426743382
RTY,2026-05-11 12:47:00+00:00,RTYM6,2870.0,2870.0,2865.4,2866.5,-12.550990037938409,-3.838168891654993,1.3058060662986104,8.193610838963503
HSI,2026-05-21 10:38:00+00:00,HSIK6,25330.0,25331.0,25294.0,25294.0,-14.222505557992024,-5.932019235505686,1.417086793274081,8.193177486473326
NQ,2026-05-13 13:45:00+00:00,NQM6,29211.0,29215.5,29165.5,29168.5,-14.38873815798559,-7.45945563417345,1.5184231968272723,8.193172327190878
NQ,2026-05-13 13:35:00+00:00,NQM6,29258.25,29261.5,29211.25,29215.5,-14.365607108570426,-3.4234265410266,1.2383071258425415,8.182375646669197
NQ,2026-07-28 00:33:00+00:00,NQU6,28073.5,28122.0,28071.25,28117.5,16.106143836495686,0.35564407145007304,1.0220812675622704,8.180725395426284
HTI,2026-03-18 12:30:00+00:00,HTIH6,5073.0,5073.0,5058.0,5059.0,-23.69201503082947,-5.931784652426995,1.2503706267579269,8.176190106524333
HTI,2026-05-22 09:16:00+00:00,HTIK6,4735.0,4753.0,4735.0,4747.0,25.311129311395057,48.33465331068764,2.9096205750459108,8.172425081016128
NQ,2026-05-18 13:44:00+00:00,NQM6,29242.0,29249.25,29160.0,29166.5,-25.85241601828067,8.653447139228634,0.6652751087902331,8.171885148064089
NQ,2026-03-16 13:45:00+00:00,NQM6,24885.25,24938.0,24883.25,24937.5,20.8739011625907,-1.4036072729901876,0.932757788682756,8.170736435252874
RTY,2026-05-04 10:06:00+00:00,RTYM6,2801.1,2801.3,2796.5,2797.3,-12.861278611829745,-1.7875976522817452,1.1389906638549547,8.160397123270435
ES,2026-07-08 08:35:00+00:00,ESU6,7496.75,7498.75,7487.5,7487.5,-12.012815112530332,-1.0017196195167672,1.0833875831878819,8.158575300453233
HTI,2026-06-01 13:12:00+00:00,HTIM6,4918.0,4919.0,4904.0,4906.0,-24.429979577032977,-4.077472023872453,1.166904438500053,8.157332624101569
RTY,2026-05-15 13:31:00+00:00,RTYM6,2823.9,2823.9,2816.1,2816.5,-25.88516240656113,-22.393241625288937,1.8650995220185638,8.153210329913536
HSI,2026-08-04 13:20:00+00:00,HSIQ6,25754.0,25794.0,25752.0,25789.0,13.969192446606506,-3.878374234156106,0.7223623162913567,8.153092560682378
HSI,2026-06-17 13:30:00+00:00,HSIM6,24279.0,24315.0,24276.0,24314.0,14.817256579903804,7.400403248567613,1.4994449011974698,8.15235608482917
NQ,2026-05-01 14:38:00+00:00,NQM6,27756.75,27791.5,27755.0,27791.5,12.15138067672362,1.4391854235359194,1.1184380163723064,8.151903267416902
NQ,2026-03-25 08:36:00+00:00,NQM6,24521.0,24521.25,24469.5,24481.0,-15.918045850078409,1.2253650582062194,0.9230203839248156,8.151422953518995
RTY,2026-06-10 11:25:00+00:00,RTYM6,2835.9,2835.9,2826.6,2828.5,-25.422844807477222,1.0605766011406097,0.9582825364678039,8.147907825426818
HTI,2026-05-18 13:45:00+00:00,HTIK6,4826.0,4839.0,4826.0,4839.0,24.829311328255496,-2.0667562334598895,0.9167614354608401,8.146646737556443
NQ,2026-05-08 13:31:00+00:00,NQM6,28890.25,28930.0,28879.75,28927.0,12.62593673155993,3.11079621608822,1.2463814196306275,8.145940309985926
HTI,2026-05-22 11:10:00+00:00,HTIK6,4751.0,4751.0,4740.0,4740.0,-25.284463533586376,2.1094821299622795,0.9165700262075891,8.14249732929058
ES,2026-05-04 10:06:00+00:00,ESM6,7229.5,7230.5,7223.0,7223.5,-8.302774987449128,-0.34609860352697064,1.0416846902451469,8.139810764536529
HTI,2026-05-18 11:39:00+00:00,HTIK6,4856.0,4870.0,4856.0,4867.0,24.686291080289866,2.054442739635885,1.0832220090476126,8.138017485096116
HTI,2026-05-22 10:27:00+00:00,HTIK6,4759.0,4759.0,4740.0,4748.0,-25.241914959070233,-27.417501093800105,2.0861894249409203,8.135605705636683
ES,2026-07-07 22:01:00+00:00,ESU6,7538.75,7547.0,7538.75,7545.0,7.955449902474859,1.9878739753355452,1.249875745520959,8.135206793978565
ES,2026-06-11 13:38:00+00:00,ESM6,7299.75,7300.0,7288.25,7289.25,-14.394409230229952,4.457626901869086,0.6903223445594734,8.13310327099401
RTY,2026-06-30 13:36:00+00:00,RTYU6,3022.1,3023.0,3016.7,3017.3,-16.22651237731626,-5.304160575210907,1.3268823547459172,8.131856157888551
NQ,2026-03-05 01:42:00+00:00,NQH6,25139.0,25142.25,25081.75,25085.25,-21.404011217879773,6.376216927693529,0.7021017760275151,8.131813733168396
RTY,2026-05-21 10:30:00+00:00,RTYM6,2809.2,2809.3,2803.5,2804.0,-17.103766997417942,4.27868508274692,0.7498396064800902,8.131384144575414
NQ,2026-06-10 13:35:00+00:00,NQM6,28781.0,28901.0,28772.5,28888.25,37.45550040742463,11.935446228425313,1.3186567019155189,8.12563659198718
ES,2026-04-02 01:17:00+00:00,ESM6,6594.75,6598.0,6580.75,6582.5,-18.21355895474957,-8.739100428897853,1.4798128938232002,8.124910650711518
RTY,2026-05-29 13:42:00+00:00,RTYM6,2926.9,2927.8,2923.2,2923.3,-12.30727309974582,-2.0526856041982855,1.1667863861931105,8.124742705984975
RTY,2026-07-02 12:41:00+00:00,RTYU6,3058.9,3058.9,3055.7,3055.9,-11.773556646661396,0.0,1.0,8.123611797807898
ES,2026-05-04 10:32:00+00:00,ESM6,7236.75,7254.0,7235.5,7242.75,8.287579465340581,2.7610008803530204,1.3331492496572468,8.123236526560046
ES,2026-05-27 13:45:00+00:00,ESM6,7528.25,7534.5,7526.25,7534.25,7.9668054006302285,-7.302662476829573,0.08336376883865113,8.122906636641702
HTI,2026-05-14 13:32:00+00:00,HTIK6,5070.0,5071.0,5056.0,5057.0,-23.701373923663606,-5.9341313184349165,1.2503707733377531,8.120270366681693
ES,2026-07-17 13:45:00+00:00,ESU6,7475.75,7486.25,7475.0,7484.75,12.03168488447791,-1.0020876835112764,0.916712605663063,8.119858913997632
RTY,2026-06-19 12:50:00+00:00,RTYU6,2982.2,2986.8,2982.1,2986.8,16.083638368628694,15.389250636794905,1.956826452080134,8.119655395370538
RTY,2026-08-31 12:25:00+00:00,RTYU6,2973.1,2973.1,2968.8,2969.5,-12.115910343572347,4.040268059404158,0.6665320273232647,8.118542506843971
HTI,2026-04-28 12:20:00+00:00,HTIK6,4808.0,4828.0,4808.0,4820.0,24.92730829602479,-20.76843944839117,0.16683986887973948,8.11827247249385
HTI,2026-05-19 13:30:00+00:00,HTIK6,4823.0,4835.0,4823.0,4833.0,24.86017439461877,-2.0693223043321276,0.9167615531779997,8.118206792365278
RTY,2026-08-28 14:04:00+00:00,RTYU6,3004.8,3007.7,3004.4,3007.2,7.984032360243375,-9.981036860141613,0.2501248003255041,8.117584084409387
NQ,2026-05-28 13:33:00+00:00,NQM6,30065.0,30067.75,30010.75,30014.75,-17.060377052728878,-1.3327669093708192,1.078120601042498,8.11363101977074
RTY,2026-06-08 13:33:00+00:00,RTYM6,2871.9,2871.9,2864.3,2864.8,-25.101114838917514,-12.92373431246612,1.5148669449704593,8.111811412317083
NQ,2026-07-24 13:36:00+00:00,NQU6,28579.75,28580.0,28523.5,28524.75,-18.650595789382773,7.00899808786286,0.6241944135718778,8.111190513073533
ES,2026-06-26 13:33:00+00:00,ESU6,7376.25,7376.75,7363.75,7364.0,-16.28222883461252,8.483635576775095,0.4789634967701284,8.110913319457913
NQ,2026-04-30 13:30:00+00:00,NQM6,27491.25,27491.5,27421.75,27435.5,-20.663515324270243,-17.419621082117832,1.8430134373921212,8.110680553080034
HTI,2026-05-27 12:23:00+00:00,HTIM6,4893.0,4893.0,4879.0,4881.0,-24.55495401976106,-2.0489703995462776,1.0834442775945468,8.109627137450644
HTI,2026-06-30 13:31:00+00:00,HTIN6,4484.0,4487.0,4473.0,4473.0,-26.791710600483597,8.938548081174044,0.6663688924359797,8.107446992542602
ES,2026-08-24 13:44:00+00:00,ESU6,7661.75,7662.75,7655.75,7656.0,-7.83392127804156,2.611989044496214,0.6665796155218452,8.106835089584214
ES,2026-07-27 13:42:00+00:00,ESU6,7504.75,7506.25,7498.0,7499.0,-7.997867661729023,-4.334850598898619,1.5420007909910187,8.106296855214852
ES,2026-07-27 13:34:00+00:00,ESU6,7499.5,7505.75,7498.0,7505.25,7.997601146067032,10.986268271061093,2.3736954457229706,8.10602672633
RTY,2026-08-05 13:32:00+00:00,RTYU6,3049.9,3050.3,3046.1,3046.3,-11.810637506884179,-2.6264815148200022,1.2223827048530682,8.104378824402932
ES,2026-07-28 00:33:00+00:00,ESU6,7436.0,7442.25,7436.0,7441.75,8.065871719430588,0.3359368439053596,1.041649167701997,8.103954207972087
ES,2026-04-29 08:19:00+00:00,ESM6,7168.25,7171.25,7168.25,7171.25,4.184246373681233,2.091466823016667,1.4998431345180632,8.103061496421798
ES,2026-08-11 07:02:00+00:00,ESU6,7776.75,7776.75,7773.75,7774.0,-3.85827282774841,0.0,1.0,8.102086676926282
ES,2026-07-23 07:00:00+00:00,ESU6,7519.75,7520.5,7513.75,7513.75,-7.982173570459463,-0.6654688230317061,1.0833693751654916,8.101830794161305
HTI,2026-04-02 13:41:00+00:00,HTIJ6,4635.0,4646.0,4635.0,4646.0,25.862083380328507,-10.767740891785957,0.5836475842477474,8.10174327504946
ES,2026-04-29 22:05:00+00:00,ESM6,7165.25,7174.0,7164.5,7173.75,12.55361604344863,-1.0455329613790372,0.9167145977891629,8.100522886078933
RTY,2026-06-23 13:38:00+00:00,RTYU6,2972.5,2981.4,2971.9,2980.0,26.208811749811865,8.05044991821854,1.307165772911331,8.099336796619474
RTY,2026-04-20 06:56:00+00:00,RTYM6,2759.0,2763.4,2758.4,2762.4,10.866023018493902,3.981251975351406,1.3663945832412963,8.09849225529508
NQ,2026-04-17 13:37:00+00:00,NQM6,26686.75,26720.0,26681.5,26713.75,10.299626378670874,-2.3398928435842214,0.7728176967244345,8.0982686788087
HTI,2026-08-13 13:31:00+00:00,HTIQ6,4788.0,4803.0,4788.0,4802.0,25.020863762375907,0.0,1.0,8.098112392365561
HTI,2026-05-06 13:30:00+00:00,HTIK6,5004.0,5004.0,4990.0,4993.0,-24.00481248711729,6.006607448591063,0.7497748648603425,8.097940729416456
ES,2026-06-26 13:45:00+00:00,ESU6,7384.5,7384.5,7371.25,7372.25,-16.264022830866647,12.539186595936812,0.22902305743574475,8.097593235593571
ES,2026-08-26 13:31:00+00:00,ESU6,7680.75,7687.25,7679.5,7686.75,7.80868756125402,-2.9275433241531577,0.6250915021008966,8.096522965943683
RTY,2026-05-12 09:30:00+00:00,RTYM6,2869.5,2873.1,2869.5,2872.7,12.539623364541024,-5.222932272841512,0.5834857139640508,8.0962865606327
NQ,2026-05-27 12:18:00+00:00,NQM6,30250.0,30293.5,30243.25,30289.0,12.966903181713581,6.435909294307426,1.496333565857389,8.096141377506495
RTY,2026-08-04 13:29:00+00:00,RTYU6,3008.0,3008.8,3003.3,3003.5,-15.968598489585819,19.956766976093792,0.2497506897119945,8.094698478794879
ES,2026-07-02 00:00:00+00:00,ESU6,7534.75,7534.75,7528.25,7528.75,-7.966276519145519,-4.31771765513525,1.5419994704876725,8.094695515774285
ES,2026-08-11 13:30:00+00:00,ESU6,7791.75,7792.5,7785.0,7785.75,-7.70341877286284,-4.817651969656266,1.6253914153839866,8.092460640796578
ES,2026-08-03 07:01:00+00:00,ESU6,7557.75,7557.75,7554.5,7554.75,-3.9702233772128337,0.0,1.0,8.092148597968883
HTI,2026-03-20 17:05:00+00:00,HTIH6,4789.0,4789.0,4776.0,4777.0,-25.088869526474653,16.732904970926953,0.3330546458751438,8.091354998218469
ES,2026-07-28 11:15:00+00:00,ESU6,7433.25,7445.0,7433.25,7442.25,12.10043507533084,-2.351715923556671,0.8056503002647306,8.09130557776309
ES,2026-04-14 07:02:00+00:00,ESM6,6925.0,6930.25,6924.75,6928.0,4.331191867319302,2.8864194167781365,1.666426125925616,8.091113957911865
ES,2026-08-28 14:05:00+00:00,ESU6,7746.0,7746.75,7739.5,7740.0,-7.748934909246877,-2.2612375526387245,1.2918126915662138,8.091014894168893
ES,2026-04-15 05:04:00+00:00,ESM6,7010.0,7010.25,7006.5,7007.0,-4.280516581019039,-0.35679243603823435,1.083352658326415,8.09085770912497
HTI,2026-07-13 13:30:00+00:00,HTIN6,4686.0,4699.0,4686.0,4697.0,25.580913544725725,6.385016711547971,1.249600808836807,8.089579974354926
ES,2026-08-07 14:11:00+00:00,ESU6,7754.5,7755.5,7748.0,7748.5,-7.7404377211792434,-1.613345598259417,1.2084307963417895,8.089451789369445
RTY,2026-04-16 13:40:00+00:00,RTYM6,2727.6,2731.4,2727.5,2731.3,13.189230708435524,-16.489258238612802,0.2502062177187224,8.088107858760045
ES,2026-07-15 12:42:00+00:00,ESU6,7607.0,7613.0,7607.0,7613.0,7.884363089113333,-1.9705080690387702,0.7500739061903895,8.087773910536487
HSI,2026-04-01 12:44:00+00:00,HSIJ6,25303.0,25413.0,25294.0,25357.0,24.480782975708912,-1.5775981101539678,0.9355576938973177,8.087576673463662
HTI,2026-03-27 17:06:00+00:00,HTIJ6,4693.0,4706.0,4693.0,4706.0,25.531928763389548,-17.0140406844966,0.33361710185823557,8.085282863306574
HSI,2026-06-18 13:49:00+00:00,HSIM6,23851.0,23889.0,23851.0,23887.0,15.082327212826904,-4.1872540600070085,0.7223734771881942,8.084904584232861
ES,2026-03-20 09:05:00+00:00,ESM6,6663.5,6663.5,6656.25,6657.5,-9.008333316943803,3.7544584634753333,0.5832238515848919,8.084775600890003
ES,2026-04-14 07:21:00+00:00,ESM6,6932.75,6935.5,6932.25,6935.5,4.326507134116644,-2.1630195837609025,0.5000540813386334,8.082362392196636
ES,2026-05-15 02:51:00+00:00,ESM6,7504.5,7511.75,7504.25,7510.5,7.9920084173968196,-1.9974033822527293,0.7500749150983339,8.08122178235145
ES,2026-08-28 13:49:00+00:00,ESU6,7756.75,7757.0,7749.0,7750.5,-7.738441090368227,-3.5487878036049003,1.4585920810357988,8.080710257512909
ES,2026-05-25 08:00:00+00:00,ESM6,7561.0,7561.75,7557.75,7558.0,-3.9685164883556165,0.6615287932811862,0.8333057717607479,8.080104071549838
RTY,2026-07-10 06:30:00+00:00,RTYU6,3002.1,3004.6,3002.1,3004.6,7.990944022476169,0.665623856204873,1.0832972743060982,8.079606523991512
NQ,2026-07-06 00:00:00+00:00,NQU6,29987.75,29988.75,29946.25,29947.75,-12.013717103653713,-10.356723190179892,1.862074835025882,8.077953902795482
RTY,2026-08-13 13:45:00+00:00,RTYU6,3066.1,3066.8,3063.7,3063.8,-7.830342977579693,-0.6528054315738501,1.0833686893975145,8.076196519542487
HSI,2026-07-10 12:14:00+00:00,HSIN6,24259.0,24269.0,24213.0,24224.0,-14.85026260865826,-3.71601399845803,1.250232207765232,8.075694194576654
HTI,2026-05-27 13:45:00+00:00,HTIM6,4890.0,4899.0,4890.0,4899.0,24.524843684199762,-6.125574464128071,0.7502298264157949,8.074870094816669
ES,2026-05-07 07:18:00+00:00,ESM6,7405.5,7406.75,7402.75,7402.75,-4.051727104083867,-0.3377180392416621,1.0833516252615496,8.071889751857558
RTY,2026-04-20 13:08:00+00:00,RTYM6,2770.1,2777.6,2769.0,2774.8,17.313523297622034,-9.374437318936668,0.4585482597742413,8.070827348759462
ES,2026-05-07 08:03:00+00:00,ESM6,7404.75,7408.0,7404.75,7407.75,4.050632966777066,0.33747869668858005,1.0833150521058192,8.070119769609773
ES,2026-03-25 08:36:00+00:00,ESM6,6678.75,6679.25,6666.25,6669.5,-13.48516836061336,0.3748336676034099,0.972204005350189,8.069180514563657
RTY,2026-04-27 01:00:00+00:00,RTYM6,2790.4,2794.1,2790.4,2794.0,12.893061022465128,12.519003691732296,1.9709877018280557,8.067366663031688
ES,2026-08-12 12:44:00+00:00,ESU6,7786.0,7786.5,7783.0,7783.0,-3.853812110128523,-1.2849341488926131,1.3334189919419193,8.067245766458699
RTY,2026-08-25 08:34:00+00:00,RTYU6,3013.7,3016.7,3013.6,3016.1,7.960463453972232,-0.3315594900917939,0.9583492227545687,8.066103566767366
NQ,2026-04-08 13:31:00+00:00,NQM6,25184.25,25194.0,25136.5,25140.5,-17.684876095813394,4.672641767962397,0.7357831775214659,8.065633185695864
HTI,2026-03-31 12:10:00+00:00,HTIJ6,4659.0,4659.0,4648.0,4648.0,-25.784285879443647,-2.151694467687894,1.0834498375385808,8.063458857182232
HTI,2026-06-26 13:31:00+00:00,HTIN6,4281.0,4294.0,4278.0,4293.0,27.991620796145522,0.0,1.0,8.058966195995541
HTI,2026-04-24 11:07:00+00:00,HTIJ6,4898.0,4911.0,4898.0,4911.0,24.46484400669846,-20.383211296971204,0.16683665379634988,8.05676517234083
NQ,2026-03-23 11:16:00+00:00,NQM6,24690.5,24704.75,24604.0,24605.25,-34.89095057273354,35.295944143515335,0.011607410062891519,8.052157322457258
HSI,2026-07-24 15:15:00+00:00,HSIN6,25067.0,25112.0,25065.0,25106.0,14.349492258146233,-7.9693979353371995,0.44462160807028156,8.052111203152952
HTI,2026-06-08 13:30:00+00:00,HTIM6,4776.0,4788.0,4776.0,4788.0,25.09411605425707,-12.539186595936988,0.5003136763683776,8.050732314627286
NQ,2026-08-24 13:42:00+00:00,NQU6,29078.0,29078.5,29029.75,29034.75,-15.486671654711703,-2.411194844836127,1.1556948386713255,8.04733271229669
NQ,2026-07-15 12:30:00+00:00,NQU6,29875.25,29947.0,29856.5,29923.0,15.886689462214486,1.1696004157062898,1.0736214060511546,8.046957857334418
HTI,2026-07-14 13:30:00+00:00,HTIN6,4715.0,4729.0,4714.0,4727.0,25.418357256784557,-14.819522136352706,0.4169756138588719,8.045031766901808
NQ,2026-08-28 13:31:00+00:00,NQU6,29610.75,29613.0,29571.75,29573.25,-12.587916419195292,3.211846670385337,0.7448468385532336,8.043830892076361
NQ,2026-04-30 02:32:00+00:00,NQM6,27411.0,27461.75,27405.25,27452.75,15.310728701102194,-4.189893310101888,0.7263426586743541,8.037535069488236
RTY,2026-06-02 13:43:00+00:00,RTYM6,2928.4,2928.4,2923.9,2924.8,-12.30096512656715,2.39303968459904,0.8054591928375892,8.035397071643198
NQ,2026-06-18 13:45:00+00:00,NQU6,30403.75,30477.75,30402.25,30455.75,17.499686103151454,3.447030663460191,1.1969767139331389,8.033488873717323
NQ,2026-06-16 13:39:00+00:00,NQU6,30829.5,30830.0,30780.0,30781.5,-15.419452661904419,12.74304276592158,0.1735735991845694,8.031371122832951
RTY,2026-06-08 10:34:00+00:00,RTYM6,2854.1,2862.7,2853.9,2859.9,20.651401308604953,-4.896474636162396,0.7628986738966642,8.026377164100914
HTI,2026-03-06 13:45:00+00:00,HTIH6,4848.0,4848.0,4836.0,4837.0,-24.778042823690516,-4.135649355885141,1.1669078298601943,8.026207354026798
HTI,2026-06-09 10:06:00+00:00,HTIM6,4802.0,4802.0,4788.0,4790.0,-25.02086376237584,2.0874647816120437,0.9165710344200432,8.025544124070818
RTY,2026-03-23 11:30:00+00:00,RTYM6,2534.7,2548.0,2534.6,2546.5,44.07894106113032,16.87168116457252,1.3827605826821983,8.02388608439037
RTY,2026-08-07 12:39:00+00:00,RTYU6,3034.1,3037.5,3033.9,3036.8,8.235740282016094,4.609053579535124,1.5596404721017787,8.019804725246287
NQ,2026-06-16 13:46:00+00:00,NQU6,30815.25,30861.75,30813.0,30861.75,15.40307717469908,,,8.01870861928303
NQ,2026-04-15 13:25:00+00:00,NQM6,25994.25,26020.0,25994.25,26020.0,10.382020812179881,-1.2491172120570677,0.8796845783056377,8.01116315881375
NQ,2026-05-12 13:35:00+00:00,NQM6,29198.5,29201.5,29143.0,29153.0,-15.338280578516382,5.401072629980139,0.6478697463948357,8.009431059934247
NQ,2026-05-10 22:01:00+00:00,NQM6,29300.25,29300.25,29253.5,29255.0,-16.052738389218387,4.186441969990265,0.7392069895811648,8.004229285088782
ES,2026-03-20 15:23:00+00:00,ESM6,6595.5,6617.75,6595.0,6613.0,26.49810385687871,-20.056391654437014,0.2431008738298638,8.000203408570258
NQ,2026-06-22 11:05:00+00:00,NQU6,30768.0,30824.75,30767.25,30818.75,16.562075018989646,-1.86592138522178,0.8873377047814139,8.000062451917046
