root,session_id,rv,bv,continuous_var,jump_var,session_ret,n_core_returns,har_log_var,fallback_log_var,forecast_log_var,har_ready,sigma_day
ES,2026-03-02,6.355186034561608e-05,7.215347240429778e-05,,,-0.0006232699877298789,177,,,,False,
ES,2026-03-03,5.959574914561737e-05,6.625750153596041e-05,,,-0.016961666830298514,177,,,,False,
ES,2026-03-04,8.71147142983489e-05,8.015516799623309e-05,,,0.0057829017026129895,177,,,,False,
ES,2026-03-05,6.0278142847425045e-05,6.143455335289265e-05,,,-0.0038590407582530656,177,,,,False,
ES,2026-03-06,6.33148313815407e-05,7.846591191156812e-05,6.33148313815407e-05,0.0,-0.014986254190386574,189,,,,False,
ES,2026-03-09,0.0001331942467248818,0.0001664495848201183,0.0001331942467248818,0.0,-3.754246992346062e-05,189,,,,False,
ES,2026-03-10,6.41601937367769e-05,7.636265407328799e-05,6.41601937367769e-05,0.0,3.6812751941538934e-05,189,,,,False,
ES,2026-03-11,4.2586204974069275e-05,4.257072472036452e-05,4.257072472036452e-05,1.548025370475719e-08,-0.00040495518435851763,189,,,,False,
ES,2026-03-12,5.383502086477278e-05,5.300650001393174e-05,5.300650001393174e-05,8.2852085084104e-07,-0.008460475713819185,189,,,,False,
ES,2026-03-13,5.5519134831531636e-05,6.846497430195944e-05,5.5519134831531636e-05,0.0,0.007751687904290256,189,,-9.670312503702005,-9.670312503702005,False,0.0005779462079918523
ES,2026-03-16,3.571936137778299e-05,4.039029703850165e-05,,,0.009538905027919885,165,,-9.686942914413306,-9.686942914413306,False,0.0005731603916858694
ES,2026-03-17,3.523223526565135e-05,3.286855408559841e-05,3.286855408559841e-05,2.3636811800529402e-06,0.009001093677072624,189,,-9.686942914413306,-9.686942914413306,False,0.0005731603916858694
ES,2026-03-18,3.311705581533847e-05,3.234876603861942e-05,3.234876603861942e-05,7.682897767190489e-07,-0.0018476779950719123,189,,-9.779736511968196,-9.779736511968196,False,0.0005471750636475125
ES,2026-03-19,7.766025594568478e-05,9.05299622312045e-05,7.766025594568478e-05,0.0,-0.0065058612790828444,189,,-9.85212440006355,-9.85212440006355,False,0.0005277247549829036
ES,2026-03-20,5.589770688330327e-05,6.413990676846728e-05,5.589770688330327e-05,0.0,-0.006951126074292917,189,,-9.801774075690572,-9.801774075690572,False,0.0005411789565466457
ES,2026-03-23,0.0010318780963454216,0.0007030214304623559,0.0007030214304623559,0.0003288566658830657,0.020975944018192288,189,,-9.800507170198442,-9.800507170198442,False,0.0005415218764430913
ES,2026-03-24,0.00010799629693405616,0.0001072935821466221,0.0001072935821466221,7.027147874340566e-07,-0.006164571457470595,189,,-9.471655893955905,-9.471655893955905,False,0.0006383004539556036
ES,2026-03-25,7.36636165114286e-05,5.520454351211524e-05,5.520454351211524e-05,1.8459072999313355e-05,0.0012391807973119828,189,,-9.428715681295692,-9.428715681295692,False,0.0006521530083555294
ES,2026-03-26,5.188003978723988e-05,4.109322961190893e-05,4.109322961190893e-05,1.0786810175330952e-05,-0.0049082632706430925,189,,-9.47735625752836,-9.47735625752836,False,0.0006364837717946254
ES,2026-03-27,4.9105311668951706e-05,6.016290242040322e-05,4.9105311668951706e-05,0.0,-0.007483197803814621,189,,-9.557914055854104,-9.557914055854104,False,0.0006113563555770173
ES,2026-03-30,6.574316440240796e-05,6.378321006581474e-05,6.378321006581474e-05,1.9599543365932164e-06,0.008470822584758664,189,,-9.604985662941194,-9.604985662941194,False,0.0005971355974229206
ES,2026-03-31,0.00012471214052559444,0.00011213316642390472,0.00011213316642390472,1.2578974101689719e-05,0.013450677053782585,189,,-9.612109900317282,-9.612109900317282,False,0.0005950123134918701
ES,2026-04-01,5.5557953782403355e-05,5.122096601788687e-05,5.122096601788687e-05,4.336987764516482e-06,0.005846637763242456,189,,-9.545276904582833,-9.545276904582833,False,0.0006152314867119631
ES,2026-04-02,8.49964820515958e-05,9.902270662880865e-05,8.49964820515958e-05,0.0,-0.012473541708305724,189,,-9.58852398244265,-9.58852398244265,False,0.0006020708077342981
ES,2026-04-03,1.6623384009570954e-05,2.0543579656763513e-05,1.6623384009570954e-05,0.0,-0.0026087464463204696,182,,-9.56061166869037,-9.56061166869037,False,0.0006105323100647172
ES,2026-04-06,4.765727015000071e-05,4.1312326982634816e-05,4.1312326982634816e-05,6.344943167365896e-06,0.009270712505177324,189,,-9.747548112845948,-9.747548112845948,False,0.0005560526555602537
ES,2026-04-07,5.393321132913963e-05,6.11903502634841e-05,5.393321132913963e-05,0.0,-0.006295374669357577,189,,-9.792441373679367,-9.792441373679367,False,0.0005437101887305671
ES,2026-04-08,0.0001245556130741747,9.23131198672562e-05,9.23131198672562e-05,3.2242493206918496e-05,0.016465227258403978,189,,-9.797013881240368,-9.797013881240368,False,0.0005424685491485124
ES,2026-04-09,1.5032934705827596e-05,1.759381134038142e-05,1.5032934705827596e-05,0.0,-0.00018330797624327623,189,,-9.731423198140664,-9.731423198140664,False,0.0005605539276556107
ES,2026-04-10,1.2931223878217263e-05,1.3504940456353852e-05,1.2931223878217263e-05,0.0,0.0014932714518852816,189,,-9.909266519519466,-9.909266519519466,False,0.0005128604550263059
ES,2026-04-13,2.193846482779117e-05,2.290430058629315e-05,2.193846482779117e-05,0.0,0.0068683354499508836,189,,-10.083583026905746,-10.083583026905746,False,0.0004700530388628703
ES,2026-04-14,1.0901452684136427e-05,8.253866550502472e-06,8.253866550502472e-06,2.6475861336339553e-06,0.004717414535350202,189,,-10.166907823498287,-10.166907823498287,False,0.00045087184364329995
ES,2026-04-15,1.3597943550386571e-05,1.4516760758972785e-05,1.3597943550386571e-05,0.0,0.0005708984669437935,189,,-10.365990826905367,-10.365990826905367,False,0.0004081528093405681
ES,2026-04-16,6.7599387398416825e-06,5.7835004505122156e-06,5.7835004505122156e-06,9.76438289329467e-07,0.0015575224387566918,189,,-10.474676724030164,-10.474676724030164,False,0.0003865644814597287
ES,2026-04-17,2.1067130828304072e-05,2.2337731481654917e-05,2.1067130828304072e-05,0.0,0.006829810037482139,189,,-10.679960840782098,-10.679960840782098,False,0.0003488550931279275
ES,2026-04-20,1.8905427334094383e-05,2.395971936267978e-05,1.8905427334094383e-05,0.0,0.00807702101414478,189,,-10.69133111903867,-10.69133111903867,False,0.0003468774303585156
ES,2026-04-21,1.1171944343419086e-05,8.988393034475223e-06,8.988393034475223e-06,2.183551308943863e-06,0.0006287990146398135,189,,-10.71524436494342,-10.71524436494342,False,0.00034275464412955223
ES,2026-04-22,1.5174644530867199e-05,1.5840701105015723e-05,1.5174644530867199e-05,0.0,0.003431375915864679,189,,-10.832309647286378,-10.832309647286378,False,0.0003232681701149363
ES,2026-04-23,5.442934462797332e-05,5.974280589427563e-05,5.442934462797332e-05,0.0,0.0002442641554497691,189,,-10.866429282392302,-10.866429282392302,False,0.000317800049302125
ES,2026-04-24,2.4738655783820086e-05,2.664635711119057e-05,2.4738655783820086e-05,0.0,0.0015736194739231718,189,,-10.730789294511315,-10.730789294511315,False,0.0003401009220686861
ES,2026-04-27,1.3180884251169114e-05,1.1452645496710023e-05,1.1452645496710023e-05,1.7282387544590906e-06,0.0008350150092024594,189,,-10.71478341945181,-10.71478341945181,False,0.0003428336488373883
ES,2026-04-28,1.83433727115751e-05,1.645050725676247e-05,1.645050725676247e-05,1.892865454812631e-06,-0.004136043294333693,189,,-10.800544498120196,-10.800544498120196,False,0.00032844349085418167
ES,2026-04-29,1.4762913455297735e-05,1.1944904976096974e-05,1.1944904976096974e-05,2.818008479200761e-06,-0.003071126864195905,189,,-10.8283256089586,-10.8283256089586,False,0.0003239127683177123
ES,2026-04-30,5.3317115690514194e-05,5.089991340258679e-05,5.089991340258679e-05,2.4172022879274035e-06,0.0031054300153199395,189,,-10.893940955406416,-10.893940955406416,False,0.0003134583739321361
ES,2026-05-01,1.131047157853624e-05,9.659556334496341e-06,9.659556334496341e-06,1.6509152440398982e-06,0.0022717894942052273,189,,-10.76341817320654,-10.76341817320654,False,0.00033459738185841556
ES,2026-05-04,4.1834566927631176e-05,2.20292331206447e-05,2.20292331206447e-05,1.9805333806986475e-05,-0.003063211192501068,189,,-10.864925258474978,-10.864925258474978,False,0.0003180391286236509
ES,2026-05-05,1.0920100866794301e-05,1.0386645606268063e-05,1.0386645606268063e-05,5.334552605262378e-07,0.005963170213456674,189,,-10.846571263614832,-10.846571263614832,False,0.00032097120614603224
ES,2026-05-06,3.180441216108326e-05,2.8612682733970666e-05,2.8612682733970666e-05,3.191729427112594e-06,0.006217778222629092,189,,-10.92791967017002,-10.92791967017002,False,0.0003081779005295871
ES,2026-05-07,1.111321041440531e-05,1.0228106170033901e-05,1.0228106170033901e-05,8.851042443714095e-07,0.0011847741006413741,189,,-10.867562681446783,-10.867562681446783,False,0.0003176200031852715
ES,2026-05-08,1.4167249354279192e-05,1.537677718093534e-05,1.4167249354279192e-05,0.0,0.008236357507059883,189,,-10.948184883025236,-10.948184883025236,False,0.0003050710221237009
ES,2026-05-11,1.4924800789135658e-05,1.5006504264734263e-05,1.4924800789135658e-05,0.0,0.0036054288908691644,189,,-10.97619680360754,-10.97619680360754,False,0.0003008279927141761
ES,2026-05-12,1.6287756093175982e-05,1.6150408027146043e-05,1.6150408027146043e-05,1.3734806602993925e-07,-0.003805679426905568,189,,-10.993839395184516,-10.993839395184516,False,0.000298185970172597
ES,2026-05-13,1.8721418017644187e-05,1.5498657838237154e-05,1.5498657838237154e-05,3.2227601794070327e-06,-0.0019217483704693024,189,,-10.998981883907266,-10.998981883907266,False,0.0002974202460319581
ES,2026-05-14,1.4956665522365828e-05,1.1985481937058022e-05,1.1985481937058022e-05,2.9711835853078064e-06,0.003439355590071453,189,,-11.008790946683762,-11.008790946683762,False,0.0002959651103958648
ES,2026-05-15,4.817219581515115e-05,5.218087991251772e-05,4.817219581515115e-05,0.0,-0.013849617552256801,189,,-11.050606161010123,-11.050606161010123,False,0.00028984142698512314
ES,2026-05-18,6.484632493918567e-05,6.434956226440492e-05,6.434956226440492e-05,4.967626747807551e-07,6.736955572326539e-05,189,,-10.906933129928136,-10.906933129928136,False,0.0003114287205227197
ES,2026-05-19,4.3207806146733475e-05,3.65751738253059e-05,3.65751738253059e-05,6.6326323214275726e-06,-0.007434727227101575,189,,-10.744376649812288,-10.744376649812288,False,0.00033779821681073353
ES,2026-05-20,4.006296813466624e-05,3.964020142756684e-05,3.964020142756684e-05,4.227667070994036e-07,0.0048359100685943035,189,,-10.6759968241798,-10.6759968241798,False,0.0003495472124849864
ES,2026-05-21,3.9580094001731594e-05,4.2989163905300124e-05,3.9580094001731594e-05,0.0,-0.0016159443322483218,189,,-10.606051402655796,-10.606051402655796,False,0.0003619881038911141
ES,2026-05-22,2.204032466513552e-05,2.037206398183832e-05,2.037206398183832e-05,1.6682606832972022e-06,0.005839286516342459,189,,-10.545356812925082,-10.545356812925082,False,0.0003731418506402032
ES,2026-05-25,8.720093010010197e-06,9.649823428547561e-06,8.720093010010197e-06,0.0,0.004904082196786548,189,,-10.578494470064953,-10.578494470064953,False,0.00036701026416002797
ES,2026-05-26,1.5320634969817122e-05,1.763571180030268e-05,1.5320634969817122e-05,0.0,-0.0016223826089841703,189,,-10.717184808043674,-10.717184808043674,False,0.00034242225745784123
ES,2026-05-27,1.4339578294591727e-05,1.0317971391236071e-05,1.0317971391236071e-05,4.021606903355656e-06,-0.001062029239246966,189,,-10.76496784940591,-10.76496784940591,False,0.0003343382234747577
ES,2026-05-28,1.7105779355200465e-05,1.494427996105316e-05,1.494427996105316e-05,2.1614993941473055e-06,-0.003547337417864891,189,,-10.857738505168218,-10.857738505168218,False,0.0003191840187821561
ES,2026-05-29,9.161982267443652e-06,9.311368799158314e-06,9.161982267443652e-06,0.0,0.0017439664840305897,189,,-10.89054661538559,-10.89054661538559,False,0.00031399081777994825
ES,2026-06-01,1.748226523244369e-05,1.1495909420372386e-05,1.1495909420372386e-05,5.986355812071304e-06,-0.0002304337101794,189,,-10.982442949473546,-10.982442949473546,False,0.00029988995050220127
ES,2026-06-02,9.008457057522152e-06,9.2019880271424e-06,9.008457057522152e-06,0.0,0.0,189,,-11.033067561262074,-11.033067561262074,False,0.0002923943105150399
ES,2026-06-03,1.3055374544585741e-05,1.0019829454835748e-05,1.0019829454835748e-05,3.035545089749993e-06,-0.004995901927614044,189,,-11.108702172964895,-11.108702172964895,False,0.0002815432181760552
ES,2026-06-04,2.762987296731601e-05,2.6831946707581314e-05,2.6831946707581314e-05,7.97926259734697e-07,0.0012259166918097445,189,,-11.16077221340807,-11.16077221340807,False,0.0002743078302210952
ES,2026-06-05,2.2986562364455736e-05,2.0002459899625685e-05,2.0002459899625685e-05,2.984102464830051e-06,-0.008468459474496542,189,,-11.078590607532018,-11.078590607532018,False,0.0002858141420690313
ES,2026-06-08,6.511751002457292e-05,6.936494206631594e-05,6.511751002457292e-05,0.0,0.013061492833765112,189,,-11.045071577439902,-11.045071577439902,False,0.00029064461359830157
ES,2026-06-09,3.646486791135133e-05,3.637635839925974e-05,3.637635839925974e-05,8.850951209159207e-08,0.008827189841369272,189,,-10.863097448789995,-10.863097448789995,False,0.0003183299189805199
ES,2026-06-10,8.672225273100385e-05,8.521790181008258e-05,8.521790181008258e-05,1.504350920921273e-06,-0.00010167251292371801,189,,-10.780054863634923,-10.780054863634923,False,0.00033182562950737255
ES,2026-06-11,7.356962251254134e-05,6.0171363321045596e-05,6.0171363321045596e-05,1.3398259191495743e-05,0.007650516756916985,189,-10.337434912809893,-10.597562765217875,-10.337434912809893,True,0.0004140221993596972
ES,2026-06-12,6.075567562474119e-05,5.650894374359867e-05,5.650894374359867e-05,4.246731881142516e-06,-0.004127204775951039,189,-10.269946405972243,-10.48374450928359,-10.269946405972243,True,0.00042823146156330174
ES,2026-06-15,1.765432449075933e-05,1.4775476236704926e-05,1.4775476236704926e-05,2.8788482540544034e-06,0.007349218241260178,189,-9.989447280712076,-10.392789079626437,-9.989447280712076,True,0.000492706375839644
ES,2026-06-16,1.1637267052894874e-05,1.1656985005352844e-05,1.1637267052894874e-05,0.0,0.0007207915913927585,189,-10.728060043863016,-10.487255153369066,-10.728060043863016,True,0.0003405653492121568
ES,2026-06-17,1.3076101448641225e-05,1.1145600979493415e-05,1.1145600979493415e-05,1.93050046914781e-06,0.0007244229629592563,189,-10.93620825325706,-10.600399498782462,-10.93620825325706,True,0.00030690336431155334
ES,2026-06-18,4.018462189144655e-05,3.166373030057008e-05,3.166373030057008e-05,8.520891590876473e-06,0.004584268733295442,189,-11.064653084080987,-10.704485411575927,-11.064653084080987,True,0.00028781286895983993
ES,2026-06-19,1.718913396345019e-05,1.8463991076464178e-05,1.718913396345019e-05,0.0,-0.0021468804176814744,189,-10.700551659622196,-10.659935811894886,-10.700551659622196,True,0.0003452819123570777
ES,2026-06-22,3.7996602055273853e-05,3.991157781289757e-05,3.7996602055273853e-05,0.0,0.005288918847304751,189,-10.887681453969297,-10.700233073088397,-10.887681453969297,True,0.0003144409573216621
ES,2026-06-23,4.269473550303374e-05,4.591580300458036e-05,4.269473550303374e-05,0.0,-0.013011025915106852,189,-10.675443435047574,-10.63263208517761,-10.675443435047574,True,0.0003496439436811618
ES,2026-06-24,5.100529370831833e-05,5.0226991645174446e-05,5.0226991645174446e-05,7.783020631438848e-07,0.0009059339287872584,189,-10.03943236211556,-10.558690935925393,-10.03943236211556,True,0.0004805449965910487
ES,2026-06-25,4.301882294649322e-05,3.95689280050912e-05,3.95689280050912e-05,3.4498949414020187e-06,-0.008486708770405312,189,-10.468199848436319,-10.473288878165224,-10.468199848436319,True,0.0003878183757208711
ES,2026-06-26,6.042991953812396e-05,6.475010509992501e-05,6.042991953812396e-05,0.0,-0.006414390177663694,189,-10.217232939479443,-10.429816846762197,-10.217232939479443,True,0.0004396683007548532
ES,2026-06-29,4.666938233521935e-05,3.495807739983605e-05,3.495807739983605e-05,1.1711304935383297e-05,0.009668073561248013,189,-10.076493530234966,-10.337158153210904,-10.076493530234966,True,0.0004717222152472295
ES,2026-06-30,1.9820216513688045e-05,1.7918178124667607e-05,1.7918178124667607e-05,1.9020383890204372e-06,0.002266365454817161,189,-10.537157539335864,-10.327346254808855,-10.537157539335864,True,0.000374674736691789
ES,2026-07-01,2.0927708981905053e-05,2.3680233994380797e-05,2.0927708981905053e-05,0.0,-0.0035178584002180735,189,-10.809227097640523,-10.405319937626436,-10.809227097640523,True,0.00032702070980021505
ES,2026-07-02,3.045232220603166e-05,2.7176685561749017e-05,2.7176685561749017e-05,3.275636644282643e-06,0.005988339014775305,189,-10.640604717393758,-10.453101867210865,-10.640604717393758,True,0.00035578787329943883
ES,2026-07-03,1.2476633191203453e-05,9.70922352713007e-06,9.70922352713007e-06,2.767409664073383e-06,0.003713532119019589,189,-10.681118956510723,-10.46087520665914,-10.681118956510723,True,0.00034865314431841235
ES,2026-07-06,1.9603833390646283e-05,1.7176145409889255e-05,1.7176145409889255e-05,2.4276879807570286e-06,0.0004959251585283998,189,-11.112541193292113,-10.600882414956162,-11.112541193292113,True,0.0002810033114512686
ES,2026-07-07,1.28002227489426e-05,1.3302727120723948e-05,1.28002227489426e-05,0.0,-0.0031632040609860324,189,-10.93590350425802,-10.648921957430986,-10.93590350425802,True,0.0003069501321211117
ES,2026-07-08,5.0154421473143436e-05,6.085449247598737e-05,5.0154421473143436e-05,0.0,-0.002058092012769115,189,-10.923797676379348,-10.728808574065901,-10.923797676379348,True,0.0003088137092005775
ES,2026-07-09,2.725006259204748e-05,2.704417062911668e-05,2.704417062911668e-05,2.0589196293079802e-07,0.00533812046600175,189,-10.45713111185363,-10.62157205337657,-10.45713111185363,True,0.0003899706557037527
ES,2026-07-10,1.2090521337099045e-05,9.492724491172743e-06,9.492724491172743e-06,2.597796845926302e-06,0.0015474527740190064,189,-10.745773602692918,-10.608169768220291,-10.745773602692918,True,0.00033756235509622545
ES,2026-07-13,1.9260605321472223e-05,2.0024603877921613e-05,1.9260605321472223e-05,0.0,-0.001216365190983346,189,-11.096160186367918,-10.732028947515207,-11.096160186367918,True,0.0002833143212942634
ES,2026-07-14,7.580243681232064e-05,8.799241591739394e-05,7.580243681232064e-05,0.0,0.0027731942500573378,189,-10.809643043455933,-10.748264466821832,-10.809643043455933,True,0.00032695270542409716
ES,2026-07-15,1.6014874399414843e-05,1.3286009944209547e-05,1.3286009944209547e-05,2.728864455205296e-06,0.002105748812191778,189,-10.349326087251331,-10.585043698106835,-10.349326087251331,True,0.0004115678976245675
ES,2026-07-16,2.0189641693852452e-05,1.7517500623019946e-05,1.7517500623019946e-05,2.6721410708325067e-06,-0.004440869812491348,189,-10.915973989713313,-10.668377454166258,-10.915973989713313,True,0.00031002410594777155
ES,2026-07-17,2.6462031128525395e-05,3.0307096177808508e-05,2.6462031128525395e-05,0.0,-0.012019934204398043,189,-10.64917856709629,-10.705132380556329,-10.64917856709629,True,0.0003542659020426774
ES,2026-07-20,3.692261090975636e-05,3.476472046854195e-05,3.476472046854195e-05,2.1578904412144083e-06,0.006649402783055497,189,-10.167486033189034,-10.68373015042216,-10.167486033189034,True,0.00045074151324914213
ES,2026-07-21,1.8871718178788974e-05,1.4934444342090033e-05,1.4934444342090033e-05,3.93727383669894e-06,0.003636185682064754,189,-10.617977465581536,-10.629772688594768,-10.617977465581536,True,0.000359835980405506
ES,2026-07-22,1.9314651702807146e-05,1.4247328190140785e-05,1.4247328190140785e-05,5.06732351266636e-06,-0.00023203009865932508,189,-10.944192376273312,-10.692176070906944,-10.944192376273312,True,0.0003056806294444177
ES,2026-07-23,3.4090877819617784e-05,2.746653792607142e-05,2.746653792607142e-05,6.6243398935463625e-06,-0.00706410588097889,189,-10.949286109345005,-10.752598549314245,-10.949286109345005,True,0.0003049030922406647
ES,2026-07-24,2.0355808431030016e-05,2.4705141904540434e-05,2.0355808431030016e-05,0.0,0.00033555921257120557,189,-10.462925819290458,-10.720228882403179,-10.462925819290458,True,0.0003888424080299448
ES,2026-07-27,1.881993251046064e-05,1.700605879366154e-05,1.700605879366154e-05,1.8138737167990998e-06,-0.0015673200373908873,189,-10.85394966937722,-10.730832781918414,-10.85394966937722,True,0.0003197892598080011
ES,2026-07-28,3.693562618255534e-05,3.812291229721545e-05,3.693562618255534e-05,0.0,-0.004235300448622804,189,-10.87150153987923,-10.763338583478983,-10.87150153987923,True,0.00031699508863581265
ES,2026-07-29,4.1001393373181e-05,4.331142546985831e-05,4.1001393373181e-05,0.0,-0.00214470106671887,189,-10.510642983905006,-10.691234653063567,-10.510642983905006,True,0.0003796749752701036
ES,2026-07-30,4.579380654607674e-05,4.48345675720355e-05,4.48345675720355e-05,9.592389740412414e-07,0.011205452476033996,189,-10.52065724871126,-10.614946197639298,-10.52065724871126,True,0.0003777786439517358
ES,2026-07-31,2.878994961232537e-05,3.218725502807974e-05,2.878994961232537e-05,0.0,0.0012373548940967114,189,-10.547791919242712,-10.536963904980418,-10.547791919242712,True,0.00037268780706845343
ES,2026-08-03,1.8448876255017432e-05,1.898976915480533e-05,1.8448876255017432e-05,0.0,0.0016536035781774528,189,-10.656821678897785,-10.526416403523756,-10.656821678897785,True,0.00035291463870300706
ES,2026-08-04,1.0957320959116527e-05,9.302851553809285e-06,9.302851553809285e-06,1.6544694053072416e-06,0.005292227568632427,189,-10.785862566181867,-10.574842233060037,-10.785862566181867,True,0.00033086345491263423
ES,2026-08-05,1.0670118148158869e-05,1.014046364451248e-05,1.014046364451248e-05,5.296545036463886e-07,0.004075416791937924,189,-11.041470854003302,-10.705631128788099,-11.041470854003302,True,0.00029116835035058797
ES,2026-08-06,1.4633955911328822e-05,1.2401000071377529e-05,1.2401000071377529e-05,2.2329558399512934e-06,9.664792778268904e-05,189,-11.073278121214244,-10.80832928376746,-11.073278121214244,True,0.0002865743431210626
ES,2026-08-07,1.4624621393460063e-05,1.3648468166064274e-05,1.3648468166064274e-05,9.761532273957888e-07,0.004066751885030487,189,-11.062288192504345,-10.871682375812991,-11.062288192504345,True,0.0002881533933607117
ES,2026-08-10,9.981177820270911e-06,1.1281938527544315e-05,9.981177820270911e-06,0.0,0.00016076395063808569,189,-11.067012521248518,-10.91442669490404,-11.067012521248518,True,0.0002874735309707029
ES,2026-08-11,1.3344176367455723e-05,1.1092236569854248e-05,1.1092236569854248e-05,2.2519397976014745e-06,-0.0007071454121297296,189,-11.198468989543764,-10.992145905204698,-11.198468989543764,True,0.0002691859906290676
ES,2026-08-12,1.1489417856429906e-05,9.48203239857973e-06,9.48203239857973e-06,2.007385457850176e-06,0.0021901580514629244,189,-11.133853134054238,-11.046141750328701,-11.133853134054238,True,0.0002780248458914603
ES,2026-08-13,7.857493772706858e-06,7.165503117283017e-06,7.165503117283017e-06,6.919906554238409e-07,0.00529534766474228,189,-11.229155790301094,-11.113451590282457,-11.229155790301094,True,0.0002650872866361205
ES,2026-08-14,3.5160788810463963e-06,3.1458912822385573e-06,3.1458912822385573e-06,3.70187598807839e-07,-0.00022367433110778015,189,-11.353345504942157,-11.208309637846664,-11.353345504942157,True,0.0002491273715393902
ES,2026-08-17,5.177075974655393e-06,3.778193125138884e-06,3.778193125138884e-06,1.398882849516509e-06,-0.001506482968374707,189,-11.713775432797519,-11.397448685351888,-11.713775432797519,True,0.00020804394554322994
ES,2026-08-18,1.380432343903209e-05,1.1419755267541855e-05,1.1419755267541855e-05,2.3845681714902346e-06,-0.005292725193420717,187,-11.682394356872637,-11.538395301476706,-11.682394356872637,True,0.00021133401091748546
ES,2026-08-19,1.908913928835189e-05,2.2330784260392716e-05,1.908913928835189e-05,0.0,0.0033970171297684716,189,-11.104786506162345,-11.517912579586088,-11.104786506162345,True,0.0002820949728381114
ES,2026-08-20,1.9159391663916327e-05,1.9172727121562724e-05,1.9159391663916327e-05,0.0,-0.002849004776074826,189,-11.095534736183824,-11.433573479180858,-11.095534736183824,True,0.00028340293464655555
ES,2026-08-21,1.037250759431553e-05,9.91155347408864e-06,9.91155347408864e-06,4.6095412022688955e-07,0.002344285252955992,189,-10.913431996830457,-11.35967649892851,-10.913431996830457,True,0.0003104183960007361
ES,2026-08-24,1.6640723099957644e-05,1.5092649942799535e-05,1.5092649942799535e-05,1.5480731571581093e-06,-0.0033540141180229055,189,-11.262927500987232,-11.380664519886032,-11.262927500987232,True,0.0002606486416851594
ES,2026-08-25,1.1907089075526831e-05,9.00738378153824e-06,9.00738378153824e-06,2.8997052939885908e-06,0.002764454155046527,189,-10.94122053656599,-11.344501288552454,-10.94122053656599,True,0.00030613518399276647
ES,2026-08-26,1.1952083483173653e-05,1.1464511883547032e-05,1.1464511883547032e-05,4.875715996266216e-07,0.0001624721769970438,189,-11.271330572973275,-11.379836403332499,-11.271330572973275,True,0.0002595558144197627
ES,2026-08-27,1.632329778455724e-05,1.6913718871387065e-05,1.632329778455724e-05,0.0,-0.0011326678772802716,189,-11.213456794503882,-11.379372691335309,-11.213456794503882,True,0.00026717627677133994
ES,2026-08-28,6.988843307134549e-06,6.828335719288655e-06,6.828335719288655e-06,1.6050758784589378e-07,0.002712216315030608,189,-11.053475994467622,-11.333229723426925,-11.053475994467622,True,0.00028942582691991015
ES,2026-08-31,1.6548276760876845e-05,1.5114767854193445e-05,1.5114767854193445e-05,1.4335089066834004e-06,-0.003668299330117178,189,-11.418151138589165,-11.405876729542971,-11.418151138589165,True,0.00024118432643765447
ES,2026-09-01,1.527319566694114e-05,1.9379240165215083e-05,1.527319566694114e-05,0.0,-0.007461626968616822,189,-11.00456644856789,-11.366260225738719,-11.00456644856789,True,0.0002965909231249773
ES,2026-09-02,1.5393888358646197e-05,1.7205628596501655e-05,1.5393888358646197e-05,0.0,-0.00013080444753765954,187,-10.829596438687538,-11.330422273125011,-10.829596438687538,True,0.0003237070147063062
HSI,2026-03-02,2.4802900742035488e-05,2.471944528037973e-05,2.471944528037973e-05,8.345546165575875e-08,-0.0039721615637329745,54,,,,False,
HSI,2026-03-03,5.815122529479894e-05,6.397563105664014e-05,5.815122529479894e-05,0.0,-0.012893260368548152,54,,,,False,
HSI,2026-03-04,6.182310872294586e-05,5.63777090610083e-05,5.63777090610083e-05,5.445399661937557e-06,0.009271929279389269,54,,,,False,
HSI,2026-03-05,3.476989620018923e-05,3.7142367222207996e-05,3.476989620018923e-05,0.0,-0.005690365469173388,54,,,,False,
HSI,2026-03-06,4.447459609917702e-05,6.102664442562323e-05,4.447459609917702e-05,0.0,-0.012899841596424372,54,,,,False,
HSI,2026-03-09,6.430574578254937e-05,8.848575678958425e-05,6.430574578254937e-05,0.0,-0.002534253356023205,54,,-10.3394992850659,-10.3394992850659,False,0.0007737655278871649
HSI,2026-03-10,3.780539290935797e-05,4.1610314435671656e-05,3.780539290935797e-05,0.0,-0.007735187082985003,54,,-10.250484970418338,-10.250484970418338,False,0.0008089815003348334
HSI,2026-03-11,3.167913709875347e-05,3.3374150679546405e-05,3.167913709875347e-05,0.0,-0.00019407301087557928,54,,-10.241756690115004,-10.241756690115004,False,0.0008125197240187567
HSI,2026-03-12,3.0839466091580635e-05,2.3548722418287747e-05,2.3548722418287747e-05,7.290743673292889e-06,-0.004296210326237827,54,,-10.257044091157013,-10.257044091157013,False,0.0008063327424216109
HSI,2026-03-13,4.339791046463118e-05,4.073908877096056e-05,4.073908877096056e-05,2.6588216936706253e-06,0.01246085536067687,54,,-10.308745535669935,-10.308745535669935,False,0.0007857555719061843
HSI,2026-03-16,2.3935660427378177e-05,2.5471259174744248e-05,2.3935660427378177e-05,0.0,0.008934328733765774,54,,-10.28280088845802,-10.28280088845802,False,0.0007960150482108
HSI,2026-03-17,1.6570304076233698e-05,1.4381949707237245e-05,1.4381949707237245e-05,2.1883543689964527e-06,0.004621614234281025,54,,-10.329058383115342,-10.329058383115342,False,0.0007778154950214535
HSI,2026-03-18,3.941772494791625e-05,3.9811376826641196e-05,3.941772494791625e-05,0.0,-0.008928113105634412,54,,-10.435268830030076,-10.435268830030076,False,0.0007375870533340938
HSI,2026-03-19,6.214291955485736e-05,7.343532673182815e-05,6.214291955485736e-05,0.0,-0.011541173912535316,54,,-10.39721407957916,-10.39721407957916,False,0.0007517557682178609
HSI,2026-03-20,4.48485189122902e-05,5.034576379743975e-05,4.48485189122902e-05,0.0,-0.0052107275673008305,54,,-10.30515735434894,-10.30515735434894,False,0.0007871665539755833
HSI,2026-03-23,0.0008224782996812891,0.0006167472284735514,0.0006167472284735514,0.00020573107120773764,0.0238338129952146,54,,-10.267236777951194,-10.267236777951194,False,0.000802233847433732
HSI,2026-03-24,7.064071402382412e-05,7.50469474907567e-05,7.064071402382412e-05,0.0,-0.001891158394844771,54,,-9.894916187498799,-9.894916187498799,False,0.0009663831980761751
HSI,2026-03-25,5.467537212128908e-05,3.6596786565084644e-05,3.6596786565084644e-05,1.8078585556204434e-05,-0.004031626014191061,54,,-9.851290135916512,-9.851290135916512,False,0.0009876945269816021
HSI,2026-03-26,3.3519963685304904e-05,3.405917915395041e-05,,,0.0038681650294776428,48,,-9.898443385693142,-9.898443385693142,False,0.0009646803875194582
HSI,2026-03-27,3.213621893702925e-05,3.410390210952838e-05,3.213621893702925e-05,0.0,0.0008074283846010674,54,,-9.898443385693142,-9.898443385693142,False,0.0009646803875194582
HSI,2026-03-30,1.9657137993663905e-05,2.116598705210937e-05,1.9657137993663905e-05,0.0,0.0006878275038025486,54,,-9.96366844918208,-9.96366844918208,False,0.0009337271921687075
HSI,2026-03-31,4.737784575995344e-05,3.487027861076287e-05,3.487027861076287e-05,1.2507567149190574e-05,0.005314664037607116,54,,-10.076729791697465,-10.076729791697465,False,0.0008824072100264202
HSI,2026-04-01,4.479111827553912e-05,4.142868087214911e-05,4.142868087214911e-05,3.36243740339001e-06,0.0030853234395366654,54,,-10.100955725056757,-10.100955725056757,False,0.0008717831154457723
HSI,2026-04-02,2.3747244782653018e-05,2.4372266810258582e-05,2.3747244782653018e-05,0.0,-0.002316387472901372,54,,-10.099736494824478,-10.099736494824478,False,0.000872314729634502
HSI,2026-04-08,4.091582026978441e-05,4.464445737645353e-05,4.091582026978441e-05,0.0,0.0001154667745640269,54,,-10.170714598123487,-10.170714598123487,False,0.000841899994339717
HSI,2026-04-09,1.1542271450910107e-05,1.4559667747673923e-05,1.1542271450910107e-05,0.0,0.002406366385332439,54,,-10.162077623994197,-10.162077623994197,False,0.0008455435903235098
HSI,2026-04-10,1.1010823286179906e-05,1.1435588238986756e-05,1.1010823286179906e-05,0.0,0.003275469682470638,54,,-10.318377056313482,-10.318377056313482,False,0.0007819806582356273
HSI,2026-04-13,7.585001516776658e-06,7.482959725103221e-06,7.482959725103221e-06,1.0204179167343748e-07,0.0010525290904429413,54,,-10.460545518617165,-10.460545518617165,False,0.0007283238333881772
HSI,2026-04-14,1.720612857173847e-05,1.2779878949848487e-05,1.2779878949848487e-05,4.426249621889981e-06,0.005961900075504018,54,,-10.634310240590292,-10.634310240590292,False,0.0006677163211398914
HSI,2026-04-15,1.3487454336580918e-05,1.6964282416531674e-05,1.3487454336580918e-05,0.0,0.0016566820070812393,54,,-10.716294237492319,-10.716294237492319,False,0.0006408987037335039
HSI,2026-04-16,6.277452942589579e-06,7.199042864050093e-06,6.277452942589579e-06,0.0,-0.003386286884674055,54,,-10.780689685086031,-10.780689685086031,False,0.0006205918950944012
HSI,2026-04-17,2.668223083524551e-05,2.0694702924919418e-05,2.0694702924919418e-05,5.987527910326092e-06,0.008701819961623261,52,,-10.935751541649378,-10.935751541649378,False,0.0005742947486174568
HSI,2026-04-20,1.0467445361360722e-05,1.1309965272614716e-05,1.0467445361360722e-05,0.0,0.0031026548783854558,52,,-10.916318753523225,-10.916318753523225,False,0.000579902019817329
HSI,2026-04-21,1.0207563405236997e-05,1.1061849971115741e-05,1.0207563405236997e-05,0.0,-0.002609141031320778,54,,-10.987635270897558,-10.987635270897558,False,0.0005595880562724223
HSI,2026-04-22,1.4406558951271492e-05,1.5673244746495464e-05,1.4406558951271492e-05,0.0,0.00038186887087187407,54,,-11.052974399155193,-11.052974399155193,False,0.0005416019570786429
HSI,2026-04-23,1.2398114008024098e-05,1.2194545459858571e-05,1.2194545459858571e-05,2.0356854816552706e-07,0.00455195015040912,52,,-11.065253011325938,-11.065253011325938,False,0.0005382870828133342
HSI,2026-04-24,2.598706793762574e-05,2.2897102342153755e-05,2.2897102342153755e-05,3.0899655954719853e-06,-0.0011179861994477904,54,,-11.09752071556304,-11.09752071556304,False,0.0005296721217487128
HSI,2026-04-27,5.991766864136891e-06,4.2949254682958125e-06,,,0.00027117593673459226,37,,-11.044055441270759,-11.044055441270759,False,0.00054402261302178
HSI,2026-04-28,1.7795032159208678e-05,2.2709222002633208e-05,1.7795032159208678e-05,0.0,0.0039079341617964825,52,,-11.044055441270759,-11.044055441270759,False,0.00054402261302178
HSI,2026-04-29,1.135930126528191e-05,1.2059029501624723e-05,1.135930126528191e-05,0.0,-0.006503332640664203,52,,-11.028377474012016,-11.028377474012016,False,0.0005483039561446892
HSI,2026-04-30,1.4540848913277804e-05,1.3027987295713138e-05,1.3027987295713138e-05,1.5128616175646664e-06,0.004902352048361303,54,,-11.074603373477181,-11.074603373477181,False,0.0005357763668295653
HSI,2026-05-04,6.0904958439493486e-05,4.002666309537535e-05,4.002666309537535e-05,2.087829534411814e-05,-0.0017322020613955282,54,,-11.097102626961886,-11.097102626961886,False,0.0005297828582609538
HSI,2026-05-05,1.1937075073659552e-05,1.4928311719034069e-05,1.1937075073659552e-05,0.0,-0.0008137485191260538,54,,-10.971389375637079,-10.971389375637079,False,0.0005641520722842341
HSI,2026-05-06,2.5395753585916278e-05,3.0659469163213154e-05,2.5395753585916278e-05,0.0,0.0028585059959636717,54,,-11.018570080191282,-11.018570080191282,False,0.0005509992756743795
HSI,2026-05-07,2.13674805673949e-05,2.2369183007128026e-05,2.13674805673949e-05,0.0,-0.0035554920578428776,54,,-10.961917634458011,-10.961917634458011,False,0.0005668301600244231
HSI,2026-05-08,1.312706938382591e-05,1.4462319125731486e-05,1.312706938382591e-05,0.0,0.004668560279480499,54,,-10.934956262659894,-10.934956262659894,False,0.0005745231563000782
HSI,2026-05-11,9.324914068723262e-06,7.3961545733277855e-06,7.3961545733277855e-06,1.9287594953954765e-06,0.005457659936799103,54,,-10.974551975701592,-10.974551975701592,False,0.0005632606835563893
HSI,2026-05-12,1.4129488180216967e-05,1.2660914417827996e-05,1.2660914417827996e-05,1.4685737623889712e-06,-0.0003429943439560036,54,,-11.083289291448917,-11.083289291448917,False,0.0005334545574536328
HSI,2026-05-13,4.99780792628212e-05,5.729680059216792e-05,4.99780792628212e-05,0.0,0.0038731774259634045,54,,-11.108363857501086,-11.108363857501086,False,0.0005268082371421062
HSI,2026-05-14,2.1108425319592295e-05,2.116312038758677e-05,2.1108425319592295e-05,0.0,-0.00430288347381928,54,,-10.952450063511336,-10.952450063511336,False,0.0005695197734056076
HSI,2026-05-15,2.8591661113589903e-05,2.783361210079162e-05,2.783361210079162e-05,7.580490127982842e-07,-0.004158656569640834,54,,-10.928293274928162,-10.928293274928162,False,0.0005764403684881744
HSI,2026-05-18,3.325880335830948e-05,2.9284606043710353e-05,2.9284606043710353e-05,3.974197314599128e-06,0.0002730055983103581,52,,-10.871461467281081,-10.871461467281081,False,0.0005930553899987447
HSI,2026-05-19,1.4950557938105697e-05,1.1731707310508625e-05,1.1731707310508625e-05,3.218850627597072e-06,-0.0028093194175991087,54,,-10.815408191772903,-10.815408191772903,False,0.0006099118501630693
HSI,2026-05-20,1.558635099413351e-05,1.5117061678668753e-05,1.5117061678668753e-05,4.69289315464757e-07,3.9092277325645674e-05,52,,-10.885027026123801,-10.885027026123801,False,0.0005890464373940256
HSI,2026-05-21,3.607195676401391e-05,2.9201499236837065e-05,2.9201499236837065e-05,6.870457527176844e-06,-0.002443254683258957,54,,-10.912814579215995,-10.912814579215995,False,0.0005809189493110089
HSI,2026-05-22,7.101831053121899e-05,4.691197102777704e-05,4.691197102777704e-05,2.410633950344195e-05,0.0024899722368158747,54,,-10.851776053582215,-10.851776053582215,False,0.0005989214821021493
HSI,2026-05-26,1.0757485071507422e-05,1.4773101348658385e-05,,,0.0011016683519005713,38,,-10.737273057992228,-10.737273057992228,False,0.0006342111896582748
HSI,2026-05-27,2.567945296691776e-05,2.094114763819437e-05,2.094114763819437e-05,4.738305328723392e-06,-0.0013511904452116884,52,,-10.737273057992228,-10.737273057992228,False,0.0006342111896582748
HSI,2026-05-28,1.5675614519469377e-05,1.1998223978086377e-05,1.1998223978086377e-05,3.6773905413829995e-06,-0.0010871973528557215,52,,-10.742601182838191,-10.742601182838191,False,0.0006325238600333431
HSI,2026-05-29,1.5786982368130565e-05,1.6174915899303697e-05,1.5786982368130565e-05,0.0,0.002680376857280315,54,,-10.81873696458448,-10.81873696458448,False,0.000608897565485889
HSI,2026-06-01,3.298468187327327e-05,2.3685112085842765e-05,2.3685112085842765e-05,9.299569787430508e-06,-0.0059163546873460815,54,,-10.849492583590422,-10.849492583590422,False,0.0005996056822313509
HSI,2026-06-02,6.667372729652249e-06,6.316156861093376e-06,6.316156861093376e-06,3.5121586855887285e-07,-0.004136310669570894,54,,-10.823754321106728,-10.823754321106728,False,0.0006073719518371172
HSI,2026-06-03,1.323517672081039e-05,1.4917176279563812e-05,1.323517672081039e-05,0.0,-0.0059396378771130465,52,,-10.972445808845265,-10.972445808845265,False,0.0005638541564813839
HSI,2026-06-04,2.0066286784522434e-05,2.1132502921550075e-05,2.0066286784522434e-05,0.0,0.00903434795796069,54,,-11.006126812603773,-11.006126812603773,False,0.0005544380777793119
HSI,2026-06-05,1.5718274830515677e-05,1.3806906569037925e-05,1.3806906569037925e-05,1.911368261477752e-06,-0.003936222297186066,52,,-10.981575770676548,-10.981575770676548,False,0.0005612860391808334
HSI,2026-06-08,3.857087322105061e-05,3.5664340981923e-05,3.5664340981923e-05,2.9065322391276104e-06,0.0031288755488032925,54,,-11.008600391624668,-11.008600391624668,False,0.0005537527784533863
HSI,2026-06-09,1.502416304961985e-05,1.1935309989418171e-05,1.1935309989418171e-05,3.088853060201679e-06,-0.0012990178005951242,54,,-10.90928145419501,-10.90928145419501,False,0.000581946085931901
HSI,2026-06-10,4.213284107368216e-05,3.7705921306391595e-05,3.7705921306391595e-05,4.426919767290564e-06,0.009698440447061517,52,,-10.964521136744642,-10.964521136744642,False,0.0005660927682699547
HSI,2026-06-11,3.775097523892034e-05,2.5921997710436974e-05,2.5921997710436974e-05,1.1828977528483363e-05,0.0018184077416302175,54,,-10.863702326488838,-10.863702326488838,False,0.0005953606589682733
HSI,2026-06-12,2.065656848306827e-05,1.8228550101435353e-05,1.8228550101435353e-05,2.4280183816329174e-06,-0.0028368813351997263,54,,-10.824442421171351,-10.824442421171351,False,0.0006071630214407782
HSI,2026-06-15,9.09164635627248e-06,8.84151829132627e-06,8.84151829132627e-06,2.5012806494621e-07,0.002816336603039497,52,,-10.835844209099921,-10.835844209099921,False,0.0006037114971713754
HSI,2026-06-16,7.000462051903419e-06,4.571809493642343e-06,4.571809493642343e-06,2.428652558261076e-06,0.0004488788306584996,54,,-10.939430649583516,-10.939430649583516,False,0.0005732392735336997
HSI,2026-06-17,1.1028374055735022e-05,1.1696960101450297e-05,1.1028374055735022e-05,0.0,0.0027141522604110842,52,,-11.11498619977905,-11.11498619977905,False,0.0005250667696510505
HSI,2026-06-18,1.3382760482721147e-05,1.887611432264089e-05,1.3382760482721147e-05,0.0,-0.0007960949868419847,54,,-11.153827884732795,-11.153827884732795,False,0.0005149679122004609
HSI,2026-06-22,1.8613565206390845e-05,1.7283467177161872e-05,1.7283467177161872e-05,1.330098029228973e-06,0.003400578436009812,54,,-11.162593595501722,-11.162593595501722,False,0.0005127158212133145
HSI,2026-06-23,3.200379278005885e-05,2.3314399606290905e-05,2.3314399606290905e-05,8.689393173767945e-06,0.010184819464477619,54,,-11.13711361917273,-11.13711361917273,False,0.0005192896007298143
HSI,2026-06-24,2.388624214456331e-05,1.83677449383871e-05,1.83677449383871e-05,5.518497206176208e-06,0.00038487032483450336,52,,-11.076185103966719,-11.076185103966719,False,0.0005353528074333511
HSI,2026-06-25,3.360817362989888e-05,3.4292244259152194e-05,,,-0.004308944448552649,40,,-11.054014210936362,-11.054014210936362,False,0.0005413204482162046
HSI,2026-06-26,2.0781444057050082e-05,2.2562194214363997e-05,,,0.008111131090401534,48,,-11.054014210936362,-11.054014210936362,False,0.0005413204482162046
HSI,2026-06-29,1.9938623965837838e-05,1.1978568189418034e-05,1.1978568189418034e-05,7.960055776419804e-06,0.004609705923151436,54,,-11.054014210936362,-11.054014210936362,False,0.0005413204482162046
HSI,2026-06-30,1.4255257328475766e-05,1.2235670844930518e-05,1.2235670844930518e-05,2.019586483545248e-06,0.0002624442321074382,54,,-11.099675167565193,-11.099675167565193,False,0.0005291018523767628
HSI,2026-07-02,3.903165796496241e-05,1.366974393955763e-05,1.366974393955763e-05,2.5361914025404778e-05,0.009502490300985343,54,,-11.127051116965898,-11.127051116965898,False,0.0005219088606584672
HSI,2026-07-03,6.105555835803354e-06,4.678940771222956e-06,4.678940771222956e-06,1.4266150645803976e-06,-0.0007733620149143843,52,,-11.136536462563441,-11.136536462563441,False,0.0005194394780670462
HSI,2026-07-06,1.628894198666278e-05,1.654798820922218e-05,1.628894198666278e-05,0.0,-0.0036195666233989807,52,,-11.283578380888965,-11.283578380888965,False,0.0004826198792085684
HSI,2026-07-07,2.5572550899597697e-05,1.8706193099507657e-05,1.8706193099507657e-05,6.866357800090041e-06,0.007642700244656556,54,,-11.250108673071045,-11.250108673071045,False,0.0004907644110804536
HSI,2026-07-08,2.839222519468386e-05,4.591517164265686e-05,2.839222519468386e-05,0.0,0.003674479060217571,54,,-11.203059917252865,-11.203059917252865,False,0.000502446203281437
HSI,2026-07-09,1.471542181717335e-05,1.1843733385796667e-05,1.1843733385796667e-05,2.871688431376684e-06,0.00204409474006579,54,,-11.108087434302412,-11.108087434302412,False,0.0005268810531830003
HSI,2026-07-10,1.8773835105777524e-05,1.6049467852619708e-05,1.6049467852619708e-05,2.724367253157816e-06,0.0014463708949577993,54,,-11.138588857394033,-11.138588857394033,False,0.0005189067040296757
HSI,2026-07-13,1.623967356791859e-05,1.733108123351732e-05,1.623967356791859e-05,0.0,0.003008760641740324,52,,-11.125805208646552,-11.125805208646552,False,0.0005222340872442941
HSI,2026-07-14,8.956274066964254e-05,0.00010917625765257266,8.956274066964254e-05,0.0,0.005648576272914146,54,,-11.113151282233302,-11.113151282233302,False,0.0005255487178151913
HSI,2026-07-15,2.3274850860723015e-05,2.277234895757272e-05,2.277234895757272e-05,5.025019031502963e-07,0.005812561775662657,54,,-10.881102795838032,-10.881102795838032,False,0.0005902033489543785
HSI,2026-07-16,2.3611666660786984e-05,3.0028395717952192e-05,2.3611666660786984e-05,0.0,-0.004244250615441187,54,,-10.85635992463939,-10.85635992463939,False,0.0005975503645352209
HSI,2026-07-17,1.236179400233851e-05,1.3307642090578642e-05,1.236179400233851e-05,0.0,0.0004898759079023805,52,,-10.830134723569738,-10.830134723569738,False,0.0006054374005330833
HSI,2026-07-20,2.78851736256627e-05,2.8027706129447565e-05,2.78851736256627e-05,0.0,-0.0037027494378283135,54,,-10.891075019623663,-10.891075019623663,False,0.0005872678534531789
HSI,2026-07-21,1.570632783073656e-05,1.732378062223763e-05,1.570632783073656e-05,0.0,-0.007738988680874347,54,,-10.838821512046188,-10.838821512046188,False,0.0006028134497674047
HSI,2026-07-22,1.2752996012023394e-05,1.4601439816852601e-05,1.2752996012023394e-05,0.0,0.0012804611408992928,52,,-10.867640240558458,-10.867640240558458,False,0.0005941895726981614
HSI,2026-07-23,1.3031522959733484e-05,1.1153310256709048e-05,1.1153310256709048e-05,1.8782127030244353e-06,-0.0075249693168028715,50,,-10.919692388773244,-10.919692388773244,False,0.0005789246554190145
HSI,2026-07-24,9.885578692935434e-06,1.2221040491136777e-05,9.885578692935434e-06,0.0,-0.00044048454010846413,52,,-10.98235650915833,-10.98235650915833,False,0.0005610669731368999
HSI,2026-07-27,7.864679561277511e-06,1.2511942320658393e-05,,,0.0013082002222479959,23,,-11.05252807810753,-11.05252807810753,False,0.0005417228347421525
HSI,2026-07-28,1.2861911063749481e-05,1.5089588043237933e-05,,,-0.0006316122111128791,48,,-11.05252807810753,-11.05252807810753,False,0.0005417228347421525
HSI,2026-07-29,1.3288965069206707e-05,2.005283307929336e-05,1.3288965069206707e-05,0.0,-0.0020231108328302183,54,,-11.05252807810753,-11.05252807810753,False,0.0005417228347421525
HSI,2026-07-30,2.304621652869271e-05,1.872677171714439e-05,1.872677171714439e-05,4.31944481154832e-06,-0.0005018239475328988,54,,-11.081404508686928,-11.081404508686928,False,0.0005339575173860587
HSI,2026-07-31,1.190738352864883e-05,1.2197090706107127e-05,1.190738352864883e-05,0.0,-0.0027407324484651063,54,,-11.056052083318326,-11.056052083318326,False,0.0005407691581330045
HSI,2026-08-03,6.112677611491357e-06,5.349992655322213e-06,5.349992655322213e-06,7.626849561691444e-07,0.00011541346887994152,52,,-11.092595633713461,-11.092595633713461,False,0.0005309780683387505
HSI,2026-08-04,1.7591133482229455e-05,2.3416397093920362e-05,1.7591133482229455e-05,0.0,-0.0009309181852223445,54,,-11.227976409455863,-11.227976409455863,False,0.0004962254352170882
HSI,2026-08-05,1.2071710831495552e-05,1.0753252706186426e-05,1.0753252706186426e-05,1.3184581253091253e-06,-0.0035229706788167028,54,,-11.191748580433275,-11.191748580433275,False,0.0005052959233407516
HSI,2026-08-06,6.075187041732075e-06,7.245273429898183e-06,6.075187041732075e-06,0.0,-0.00023465915865038777,54,,-11.223923715776314,-11.223923715776314,False,0.0004972319795190761
HSI,2026-08-07,1.4054964795343815e-05,7.869246681094809e-06,7.869246681094809e-06,6.185718114249007e-06,0.0047382409605022475,52,,-11.325848844923453,-11.325848844923453,False,0.0004725266333485158
HSI,2026-08-10,2.7207183403553385e-06,2.477783397470216e-06,,,-0.002587023857270801,48,,-11.381084838725288,-11.381084838725288,False,0.0004596549573564546
HSI,2026-08-11,8.627451434714526e-06,5.941774731501614e-06,5.941774731501614e-06,2.685676703212912e-06,-0.0003511852538288089,54,,-11.381084838725288,-11.381084838725288,False,0.0004596549573564546
HSI,2026-08-12,9.017651598906471e-06,8.792554088937696e-06,8.792554088937696e-06,2.2509750996877523e-07,-0.002203944376706278,54,,-11.47626616287532,-11.47626616287532,False,0.0004382920430950063
HSI,2026-08-13,7.189577671566418e-06,3.2804488176147705e-06,3.2804488176147705e-06,3.909128853951647e-06,-0.003946802297445188,50,,-11.497669223747234,-11.497669223747234,False,0.00043362665537466523
HSI,2026-08-14,4.563106894985695e-06,2.2811117550137135e-06,2.2811117550137135e-06,2.2819951399719815e-06,0.003813917459286635,50,,-11.6439291049539,-11.6439291049539,False,0.0004030473231424706
HSI,2026-08-17,1.2344742703113793e-05,1.3115429973665666e-05,1.2344742703113793e-05,0.0,-0.0032289848886264327,52,,-11.818286948270739,-11.818286948270739,False,0.0003693981503381642
HSI,2026-08-18,1.2819194351922789e-05,9.080297031528122e-06,9.080297031528122e-06,3.738897320394667e-06,0.0009435817487985646,50,,-11.751490175414178,-11.751490175414178,False,0.00038194378839295393
HSI,2026-08-19,1.893992501002337e-05,1.8161876318594442e-05,1.8161876318594442e-05,7.780486914289287e-07,0.010203172896311738,52,,-11.733097155145519,-11.733097155145519,False,0.00038547253954095725
HSI,2026-08-20,2.2271632621641918e-05,2.1405586675719753e-05,2.1405586675719753e-05,8.660459459221647e-07,-0.0014021423913538722,54,,-11.627348449267743,-11.627348449267743,False,0.0004064026065701739
HSI,2026-08-21,1.2106433391069925e-05,1.0498967720070854e-05,1.0498967720070854e-05,1.6074656709990708e-06,-0.00396253427867348,54,,-11.514016782785507,-11.514016782785507,False,0.0004300967327576276
HSI,2026-08-24,3.0841532704387916e-06,2.0268588200193116e-06,,,0.004202924662061264,9,,-11.507572380147721,-11.507572380147721,False,0.0004314848261743908
HSI,2026-08-25,3.962055114204429e-06,3.14564259995307e-06,,,0.00043126262601638225,25,,-11.507572380147721,-11.507572380147721,False,0.0004314848261743908
HSI,2026-08-26,6.200517670340344e-06,3.983052736641921e-06,3.983052736641921e-06,2.217464933698423e-06,0.001248780650089359,52,,-11.507572380147721,-11.507572380147721,False,0.0004314848261743908
HSI,2026-08-27,5.279727497124229e-06,6.716627620332357e-06,,,-0.002556590509318563,49,,-11.65944183823458,-11.65944183823458,False,0.0003999332329556639
HSI,2026-08-28,3.609468238661865e-06,3.836855905493829e-06,,,0.00011741912771076078,44,,-11.65944183823458,-11.65944183823458,False,0.0003999332329556639
HSI,2026-08-31,5.391160331543535e-06,5.924654557471564e-06,5.391160331543535e-06,0.0,-0.001493065382864099,50,,-11.65944183823458,-11.65944183823458,False,0.0003999332329556639
HSI,2026-09-01,1.684931267292207e-05,1.117623338735288e-05,1.117623338735288e-05,5.67307928556919e-06,0.007928369446190492,54,,-11.736748355773411,-11.736748355773411,False,0.00038476946271565895
HSI,2026-09-02,1.0796531348969369e-05,1.354154718606156e-05,1.0796531348969369e-05,0.0,0.006956274839567663,51,,-11.693379260190666,-11.693379260190666,False,0.0003932041350363259
HTI,2026-03-02,3.101819725176125e-05,3.594258197955151e-05,3.101819725176125e-05,0.0,-0.00583913870885141,52,,,,False,
HTI,2026-03-03,8.564615871974684e-05,8.970249631989216e-05,8.564615871974684e-05,0.0,-0.01390785261474889,54,,,,False,
HTI,2026-03-04,7.873828146046945e-05,6.725802181114818e-05,6.725802181114818e-05,1.1480259649321268e-05,0.009856342626145903,54,,,,False,
HTI,2026-03-05,4.982930592995692e-05,4.6764502827835475e-05,4.6764502827835475e-05,3.064803102121443e-06,-0.008519532049798766,54,,,,False,
HTI,2026-03-06,5.665998407915322e-05,7.137782412268302e-05,5.665998407915322e-05,0.0,-0.01559645815184986,52,,,,False,
HTI,2026-03-09,8.789199198963916e-05,0.00012295000758845293,8.789199198963916e-05,0.0,-0.0024380345274302873,52,,-10.094007688928833,-10.094007688928833,False,0.0008748169725225809
HTI,2026-03-10,5.0050697663514975e-05,5.30175379209652e-05,5.0050697663514975e-05,0.0,-0.005339674508503598,52,,-9.99632438957878,-9.99632438957878,False,0.0009186051147800078
HTI,2026-03-11,4.414308991682304e-05,4.075115018746471e-05,4.075115018746471e-05,3.3919397293583298e-06,0.0015863576596643948,54,,-9.984175524137171,-9.984175524137171,False,0.0009242021017971294
HTI,2026-03-12,3.271151971703826e-05,2.6719483443455427e-05,2.6719483443455427e-05,5.992036273582831e-06,-0.00339220119756979,50,,-10.000207962319717,-10.000207962319717,False,0.0009168231105839408
HTI,2026-03-13,5.928522686834749e-05,7.19243875067512e-05,5.928522686834749e-05,0.0,0.014377244454208469,50,,-10.068804458873021,-10.068804458873021,False,0.0008859108326987359
HTI,2026-03-16,3.050993327261682e-05,2.89815902982605e-05,2.89815902982605e-05,1.5283429743563193e-06,0.010751740754958189,54,,-10.025354231101616,-10.025354231101616,False,0.0009053679350386303
HTI,2026-03-17,1.9667356890957637e-05,1.7285614852049477e-05,1.7285614852049477e-05,2.3817420389081597e-06,0.004881392100287667,50,,-10.080175487063283,-10.080175487063283,False,0.0008808882656398641
HTI,2026-03-18,5.180079100567315e-05,5.6733962886569517e-05,5.180079100567315e-05,0.0,-0.009646693570054063,52,,-10.194797840527945,-10.194797840527945,False,0.0008318229472740827
HTI,2026-03-19,0.00010666666681597506,0.00012562814738361258,0.00010666666681597506,0.0,-0.017620709070666467,54,,-10.152507654266829,-10.152507654266829,False,0.0008495991988794441
HTI,2026-03-20,5.045964624136909e-05,4.8500561365658256e-05,4.8500561365658256e-05,1.959084875710836e-06,-0.006184311608784657,51,,-10.022190154905324,-10.022190154905324,False,0.0009068013952000176
HTI,2026-03-23,0.0011875108813179766,0.0009449998098898514,0.0009449998098898514,0.00024251107142812518,0.026242715160846513,54,,-10.010765598834428,-10.010765598834428,False,0.0009119961196220745
HTI,2026-03-24,9.146255627994276e-05,9.43397844227981e-05,9.146255627994276e-05,0.0,-0.00041744939032435625,50,,-9.616405687019512,-9.616405687019512,False,0.0011107777128432877
HTI,2026-03-25,8.133187521860344e-05,4.913542679532739e-05,4.913542679532739e-05,3.219644842327605e-05,-0.0054984356020267786,52,,-9.575392895565987,-9.575392895565987,False,0.0011337909126395542
HTI,2026-03-26,3.20361303931303e-05,2.8782246850902156e-05,,,0.005681235691099057,35,,-9.62012251275343,-9.62012251275343,False,0.0011087153462073212
HTI,2026-03-27,3.235916233435103e-05,4.717930097352789e-05,,,-0.002322390994202749,49,,-9.62012251275343,-9.62012251275343,False,0.0011087153462073212
HTI,2026-03-30,1.924985724198406e-05,1.707406366404123e-05,,,-0.0002137437220919905,48,,-9.62012251275343,-9.62012251275343,False,0.0011087153462073212
HTI,2026-03-31,5.9343389997007586e-05,3.8557759445103854e-05,,,0.006017641198071909,48,,-9.62012251275343,-9.62012251275343,False,0.0011087153462073212
HTI,2026-04-01,7.102025257344174e-05,7.247014266494776e-05,,,0.003999584323347284,46,,-9.62012251275343,-9.62012251275343,False,0.0011087153462073212
HTI,2026-04-02,3.023983870969672e-05,1.9909194192237366e-05,1.9909194192237366e-05,1.0330644517459356e-05,-0.00042955327120974954,52,,-9.62012251275343,-9.62012251275343,False,0.0011087153462073212
HTI,2026-04-08,5.6110739137887746e-05,6.778074883201977e-05,5.6110739137887746e-05,0.0,-0.0034409506676511357,54,,-9.896157605870544,-9.896157605870544,False,0.0009657835412735524
HTI,2026-04-09,1.9551659890031246e-05,2.6118103332750844e-05,,,0.0020733990426053807,47,,-9.882180397363165,-9.882180397363165,False,0.0009725566599944886
HTI,2026-04-10,1.3755542805892244e-05,1.5258777245286268e-05,,,0.004104253657874562,47,,-9.882180397363165,-9.882180397363165,False,0.0009725566599944886
HTI,2026-04-13,1.1661895515986397e-05,1.0874615575613227e-05,,,0.0020759816465467525,38,,-9.882180397363165,-9.882180397363165,False,0.0009725566599944886
HTI,2026-04-14,3.679172970061212e-05,2.4634221043253347e-05,,,0.009005382184799156,46,,-9.882180397363165,-9.882180397363165,False,0.0009725566599944886
HTI,2026-04-15,1.662691763499438e-05,1.846285169958965e-05,,,0.0026446968929486497,48,,-9.882180397363165,-9.882180397363165,False,0.0009725566599944886
HTI,2026-04-16,1.505329243228023e-05,1.5364024694215206e-05,1.505329243228023e-05,0.0,-0.004934382853105419,52,,-9.882180397363165,-9.882180397363165,False,0.0009725566599944886
HTI,2026-04-17,3.826360305818513e-05,3.27672761100599e-05,,,0.012202473787965233,41,,-10.162233135974894,-10.162233135974894,False,0.0008454778468002708
HTI,2026-04-20,1.7758887394015537e-05,1.7373570345289397e-05,,,0.0017728754766699756,46,,-10.162233135974894,-10.162233135974894,False,0.0008454778468002708
HTI,2026-04-21,1.8496061771924853e-05,1.7351279398883567e-05,,,-0.004752484192513854,47,,-10.162233135974894,-10.162233135974894,False,0.0008454778468002708
HTI,2026-04-22,2.0478873398913207e-05,2.130529985179823e-05,,,0.0018103193116648549,41,,-10.162233135974894,-10.162233135974894,False,0.0008454778468002708
HTI,2026-04-23,1.386847771996128e-05,1.2402792721290306e-05,,,0.005338821715915443,45,,-10.162233135974894,-10.162233135974894,False,0.0008454778468002708
HTI,2026-04-24,4.3584905464590575e-05,3.127665636755359e-05,,,-0.0018399269220071826,48,,-10.162233135974894,-10.162233135974894,False,0.0008454778468002708
HTI,2026-04-27,7.985121726733227e-06,8.07859684912272e-06,,,0.0022228967423455915,22,,-10.162233135974894,-10.162233135974894,False,0.0008454778468002708
HTI,2026-04-28,2.9946458282084205e-05,4.4656077580776236e-05,2.9946458282084205e-05,0.0,0.005367477791338049,50,,-10.162233135974894,-10.162233135974894,False,0.0008454778468002708
HTI,2026-04-29,1.8204152431872938e-05,2.0371448904385183e-05,1.8204152431872938e-05,0.0,-0.009012760721507918,54,,-10.233778895398766,-10.233778895398766,False,0.00081576725452621
HTI,2026-04-30,2.09822303687229e-05,1.4400984602648976e-05,,,0.005929881398301411,48,,-10.321815119302999,-10.321815119302999,False,0.0007806375635975647
HTI,2026-05-04,9.706283144747172e-05,7.628609796526145e-05,,,-0.000802407264718004,45,,-10.321815119302999,-10.321815119302999,False,0.0007806375635975647
HTI,2026-05-05,1.3180750645367556e-05,1.578657321241976e-05,,,0.0016187781762366782,48,,-10.321815119302999,-10.321815119302999,False,0.0007806375635975647
HTI,2026-05-06,4.884829659283239e-05,5.9571538782934686e-05,4.884829659283239e-05,0.0,0.005395157456758462,54,,-10.321815119302999,-10.321815119302999,False,0.0007806375635975647
HTI,2026-05-07,7.137424567408269e-05,7.93005000403302e-05,7.137424567408269e-05,0.0,-0.0023506377131238135,50,,-10.249158478336783,-10.249158478336783,False,0.0008095182320849212
HTI,2026-05-08,2.1434652370361675e-05,1.938638964694849e-05,,,0.006444705442641963,43,,-10.158338692723325,-10.158338692723325,False,0.0008471257834759457
HTI,2026-05-11,2.2861731844629837e-05,2.0224056927381322e-05,,,0.007016204966142082,46,,-10.158338692723325,-10.158338692723325,False,0.0008471257834759457
HTI,2026-05-12,3.5858168575670114e-05,3.754856394133668e-05,3.5858168575670114e-05,0.0,-0.0029559584041996354,52,,-10.158338692723325,-10.158338692723325,False,0.0008471257834759457
HTI,2026-05-13,0.00015741174120763361,0.00015758663326609208,0.00015741174120763361,0.0,0.009171690793090624,54,,-10.171067144240759,-10.171067144240759,False,0.0008417516031317194
HTI,2026-05-14,4.807468770035464e-05,3.9543405042181135e-05,3.9543405042181135e-05,8.531282658173502e-06,-0.006321633063620671,50,,-9.987971075967083,-9.987971075967083,False,0.0009224498365370971
HTI,2026-05-15,5.614951928564466e-05,5.015039295235186e-05,5.015039295235186e-05,5.9991263332928e-06,-0.007343974255758506,52,,-10.00740668579416,-10.00740668579416,False,0.0009135290643482028
HTI,2026-05-18,6.382079215624969e-05,3.99381293453505e-05,,,-0.002271085935379664,46,,-9.99356563127876,-9.99356563127876,False,0.0009198730938333151
HTI,2026-05-19,3.0449224597583823e-05,2.616355046063036e-05,,,0.00020646226975370362,43,,-9.99356563127876,-9.99356563127876,False,0.0009198730938333151
HTI,2026-05-20,2.4694153028023576e-05,1.42936874157478e-05,1.42936874157478e-05,1.0400465612275776e-05,-0.0018489989859471975,50,,-9.99356563127876,-9.99356563127876,False,0.0009198730938333151
HTI,2026-05-21,5.8248676412325025e-05,5.15634921126778e-05,5.15634921126778e-05,6.685184299647227e-06,-0.006281427688603365,52,,-10.18418401622359,-10.18418401622359,False,0.0008362490927762017
HTI,2026-05-22,0.00031186365300579403,0.00026066791899762915,0.00026066791899762915,5.119573400816488e-05,0.012383409374151014,54,,-10.143862152524449,-10.143862152524449,False,0.0008532797538864548
HTI,2026-05-26,2.0631974554484034e-05,2.2934997265468066e-05,,,0.0010145075436428395,24,,-9.898995746823276,-9.898995746823276,False,0.0009644139983323752
HTI,2026-05-27,4.119189358164043e-05,3.229013750668028e-05,,,-0.0008166599065559779,48,,-9.898995746823276,-9.898995746823276,False,0.0009644139983323752
HTI,2026-05-28,3.1674301949928916e-05,2.9796037176455867e-05,2.9796037176455867e-05,1.8782647734730487e-06,-0.0030829332813883596,50,,-9.898995746823276,-9.898995746823276,False,0.0009644139983323752
HTI,2026-05-29,2.881581376676864e-05,2.5973320728005498e-05,,,0.0030810335557065983,48,,-9.9846398948478,-9.9846398948478,False,0.0009239875405136988
HTI,2026-06-01,4.910372149902668e-05,3.510626913540783e-05,,,-0.004450745765069966,44,,-9.9846398948478,-9.9846398948478,False,0.0009239875405136988
HTI,2026-06-02,2.108282813775039e-05,1.5683229818430188e-05,,,-0.010643545084116936,48,,-9.9846398948478,-9.9846398948478,False,0.0009239875405136988
HTI,2026-06-03,2.3484986305805868e-05,2.1522699406376935e-05,,,-0.007562225093090626,48,,-9.9846398948478,-9.9846398948478,False,0.0009239875405136988
HTI,2026-06-04,3.817707610162333e-05,3.3451326498037464e-05,,,0.011054277975826502,46,,-9.9846398948478,-9.9846398948478,False,0.0009239875405136988
HTI,2026-06-05,2.118156490055829e-05,2.2160196317269693e-05,,,-0.005945686403277224,44,,-9.9846398948478,-9.9846398948478,False,0.0009239875405136988
HTI,2026-06-08,6.189910677280898e-05,5.5210590486108206e-05,5.5210590486108206e-05,6.68851628670077e-06,0.0018909554956999426,52,,-9.9846398948478,-9.9846398948478,False,0.0009239875405136988
HTI,2026-06-09,2.9495854159816758e-05,2.1115992675225626e-05,2.1115992675225626e-05,8.379861484591131e-06,-0.00041605991862928525,50,,-9.93873379285543,-9.93873379285543,False,0.0009454411446043012
HTI,2026-06-10,8.165970649565386e-05,7.903808991800834e-05,7.903808991800834e-05,2.621616577645522e-06,0.013548048037306455,54,,-10.045755605270735,-10.045755605270735,False,0.0008961795038667916
HTI,2026-06-11,5.6157639757882193e-05,3.934424695960875e-05,,,0.0,46,,-9.968063298084083,-9.968063298084083,False,0.000931677649887946
HTI,2026-06-12,3.8782687199921746e-05,4.417524772316988e-05,3.8782687199921746e-05,0.0,-0.006387077280566536,52,,-9.968063298084083,-9.968063298084083,False,0.000931677649887946
HTI,2026-06-15,1.8739828737371762e-05,1.5269568902742165e-05,,,0.005438206249144007,46,,-9.995705584819113,-9.995705584819113,False,0.0009188893773621397
HTI,2026-06-16,1.2363286091632249e-05,1.14396888137159e-05,,,-0.0017171070971533722,44,,-9.995705584819113,-9.995705584819113,False,0.0009188893773621397
HTI,2026-06-17,1.6415685862586212e-05,2.1541719489827084e-05,,,0.0015010188301241582,38,,-9.995705584819113,-9.995705584819113,False,0.0009188893773621397
HTI,2026-06-18,2.177702188517759e-05,2.991241427331579e-05,,,-0.0004352557196027236,48,,-9.995705584819113,-9.995705584819113,False,0.0009188893773621397
HTI,2026-06-22,2.960070948063875e-05,2.5990597465978388e-05,,,0.0008773854478178073,38,,-9.995705584819113,-9.995705584819113,False,0.0009188893773621397
HTI,2026-06-23,7.053245503305027e-05,4.896951295181001e-05,4.896951295181001e-05,2.1562942081240263e-05,0.011959975575534222,54,,-9.995705584819113,-9.995705584819113,False,0.0009188893773621397
HTI,2026-06-24,3.4565323815604856e-05,3.3693299286119424e-05,,,0.0031250025431352807,48,,-9.979340484388933,-9.979340484388933,False,0.0009264390816280421
HTI,2026-06-25,7.49028778632121e-05,4.606774187529197e-05,,,-0.010027431331002468,27,,-9.979340484388933,-9.979340484388933,False,0.0009264390816280421
HTI,2026-06-26,5.138078944411254e-05,6.620045309331911e-05,5.138078944411254e-05,0.0,0.011917421101648767,50,,-9.979340484388933,-9.979340484388933,False,0.0009264390816280421
HTI,2026-06-29,4.2955725753876936e-05,2.304182776848743e-05,,,0.007706293803920878,48,,-9.962430398890275,-9.962430398890275,False,0.0009343053717154491
HTI,2026-06-30,2.555019759362481e-05,2.0662441696862618e-05,2.0662441696862618e-05,4.887755896762192e-06,0.0015619773341964197,54,,-9.962430398890275,-9.962430398890275,False,0.0009343053717154491
HTI,2026-07-02,5.734513699166064e-05,2.3698905601770717e-05,,,0.01027253338802305,45,,-10.082755108028623,-10.082755108028623,False,0.0008797528191335955
HTI,2026-07-03,8.33974879742783e-06,8.429244995847613e-06,,,-0.0020042318255670643,34,,-10.082755108028623,-10.082755108028623,False,0.0008797528191335955
HTI,2026-07-06,3.119553840364489e-05,3.196795165179408e-05,3.119553840364489e-05,0.0,-0.007747686790825826,50,,-10.082755108028623,-10.082755108028623,False,0.0008797528191335955
HTI,2026-07-07,6.831160770315538e-05,5.295997865403828e-05,,,0.011027901792357152,38,,-10.130729329763195,-10.130729329763195,False,0.0008589011758592636
HTI,2026-07-08,5.726800822832037e-05,0.00010530963298918974,5.726800822832037e-05,0.0,0.003425394057895343,54,,-10.130729329763195,-10.130729329763195,False,0.0008589011758592636
HTI,2026-07-09,3.271575626501967e-05,1.8458986366726722e-05,1.8458986366726722e-05,1.425676989829295e-05,0.004231019639490166,52,,-10.077776914890277,-10.077776914890277,False,0.0008819453364190507
HTI,2026-07-10,3.828462791168817e-05,3.407511797935882e-05,3.407511797935882e-05,4.209509932329347e-06,0.0010563009326934319,50,,-10.184207953757674,-10.184207953757674,False,0.0008362390839655176
HTI,2026-07-13,3.0235247641354554e-05,3.6951867592264814e-05,3.0235247641354554e-05,0.0,0.003621262877307076,50,,-10.197506962904226,-10.197506962904226,False,0.0008306969549791986
HTI,2026-07-14,0.0001508903426399051,0.0001808227378627458,,,0.0008508828422323153,44,,-10.224561275218155,-10.224561275218155,False,0.0008195356481149999
HTI,2026-07-15,4.8680667276173594e-05,4.28617928868385e-05,,,0.008384035696200784,44,,-10.224561275218155,-10.224561275218155,False,0.0008195356481149999
HTI,2026-07-16,4.224873964089208e-05,7.014303095632702e-05,,,-0.005178675478451415,48,,-10.224561275218155,-10.224561275218155,False,0.0008195356481149999
HTI,2026-07-17,1.9889100634745775e-05,1.5130593071296702e-05,,,-0.00043299416134388614,40,,-10.224561275218155,-10.224561275218155,False,0.0008195356481149999
HTI,2026-07-20,5.233081163508181e-05,5.008873822290861e-05,,,-0.004212306144172185,48,,-10.224561275218155,-10.224561275218155,False,0.0008195356481149999
HTI,2026-07-21,2.2735672492569252e-05,3.520008937163097e-05,,,-0.010008423826839221,40,,-10.224561275218155,-10.224561275218155,False,0.0008195356481149999
HTI,2026-07-22,1.9802479554270325e-05,2.294456795452149e-05,,,0.0008530604057518637,31,,-10.224561275218155,-10.224561275218155,False,0.0008195356481149999
HTI,2026-07-23,2.435963325998633e-05,2.0819158598548955e-05,,,-0.010046039388847416,40,,-10.224561275218155,-10.224561275218155,False,0.0008195356481149999
HTI,2026-07-24,1.5089127091201653e-05,1.6444844249238875e-05,,,-0.0021584295019097238,46,,-10.224561275218155,-10.224561275218155,False,0.0008195356481149999
HTI,2026-07-27,1.1646779536396232e-05,1.0887244726522688e-05,,,0.002549937633272705,13,,-10.224561275218155,-10.224561275218155,False,0.0008195356481149999
HTI,2026-07-28,2.2315658340130416e-05,3.01780623813223e-05,,,-0.0029535886450700794,46,,-10.224561275218155,-10.224561275218155,False,0.0008195356481149999
HTI,2026-07-29,2.9445719560314253e-05,3.580386973737842e-05,2.9445719560314253e-05,0.0,-0.0004129671749790286,50,,-10.224561275218155,-10.224561275218155,False,0.0008195356481149999
HTI,2026-07-30,4.3856060084971085e-05,4.0533049673802655e-05,4.0533049673802655e-05,3.32301041116843e-06,-0.004783205542582049,54,,-10.309152595665717,-10.309152595665717,False,0.0007855956633499375
HTI,2026-07-31,1.9087681610045348e-05,1.9977253538363456e-05,,,-0.00041356493558851405,40,,-10.283811610135585,-10.283811610135585,False,0.0007956128750082056
HTI,2026-08-03,8.340357357140945e-06,9.852935170168932e-06,,,-0.00020540207528309067,35,,-10.283811610135585,-10.283811610135585,False,0.0007956128750082056
HTI,2026-08-04,3.4171477335280726e-05,5.366673437430612e-05,,,-0.001642710841683633,44,,-10.283811610135585,-10.283811610135585,False,0.0007956128750082056
HTI,2026-08-05,1.7355949740970804e-05,1.2642502409122609e-05,,,-0.002031695132023719,44,,-10.283811610135585,-10.283811610135585,False,0.0007956128750082056
HTI,2026-08-06,1.1648865108670704e-05,9.546547394258432e-06,,,-0.0012422361845911684,39,,-10.283811610135585,-10.283811610135585,False,0.0007956128750082056
HTI,2026-08-07,2.062340846795626e-05,1.1669972413033806e-05,,,0.005745962864251884,38,,-10.283811610135585,-10.283811610135585,False,0.0007956128750082056
HTI,2026-08-10,6.5879832945060065e-06,6.3725077874813976e-06,,,-0.004073325387635786,35,,-10.283811610135585,-10.283811610135585,False,0.0007956128750082056
HTI,2026-08-11,1.0769606535882688e-05,6.277418774554674e-06,,,-0.0016583751727761162,29,,-10.283811610135585,-10.283811610135585,False,0.0007956128750082056
HTI,2026-08-12,1.2133226892682035e-05,1.3813512458014229e-05,,,-0.003137749671967249,39,,-10.283811610135585,-10.283811610135585,False,0.0007956128750082056
HTI,2026-08-13,2.2053669986840682e-05,9.171621336632336e-06,,,-0.004593869010227505,43,,-10.283811610135585,-10.283811610135585,False,0.0007956128750082056
HTI,2026-08-14,5.343915409632695e-06,5.0261117112259484e-06,,,0.005708864220320201,27,,-10.283811610135585,-10.283811610135585,False,0.0007956128750082056
HTI,2026-08-17,1.8732362782949395e-05,1.7821407096020096e-05,,,-0.0035583501700942473,37,,-10.283811610135585,-10.283811610135585,False,0.0007956128750082056
HTI,2026-08-18,2.7323590380298664e-05,2.0038385984257523e-05,2.0038385984257523e-05,7.285204396041141e-06,-0.00274812560649889,50,,-10.283811610135585,-10.283811610135585,False,0.0007956128750082056
HTI,2026-08-19,3.197819145285733e-05,3.0047794489179495e-05,,,0.012947225325280287,34,,-10.518645867920052,-10.518645867920052,False,0.0007074702652522005
HTI,2026-08-20,4.9792973477129656e-05,3.959101511175999e-05,,,-0.002770970546335514,45,,-10.518645867920052,-10.518645867920052,False,0.0007074702652522005
HTI,2026-08-21,2.868309599077009e-05,2.8771928880698022e-05,,,-0.0067255402734246565,47,,-10.518645867920052,-10.518645867920052,False,0.0007074702652522005
HTI,2026-08-24,1.7461848194072295e-05,1.0700890718693074e-05,,,0.00043459366177290686,42,,-10.518645867920052,-10.518645867920052,False,0.0007074702652522005
HTI,2026-08-25,1.3245535466370625e-05,8.1399251325952e-06,,,0.0019478417585900066,24,,-10.518645867920052,-10.518645867920052,False,0.0007074702652522005
HTI,2026-08-26,2.0041778040925943e-05,1.0751964713380433e-05,,,0.0021547088707121083,29,,-10.518645867920052,-10.518645867920052,False,0.0007074702652522005
HTI,2026-08-27,1.3805303932513879e-05,1.454737867652039e-05,,,-0.003688039758972068,49,,-10.518645867920052,-10.518645867920052,False,0.0007074702652522005
HTI,2026-08-28,6.655300298844105e-06,7.216144427446315e-06,,,0.0,41,,-10.518645867920052,-10.518645867920052,False,0.0007074702652522005
HTI,2026-08-31,1.3668537784271422e-05,1.866283268059075e-05,,,-0.00238069585443195,47,,-10.518645867920052,-10.518645867920052,False,0.0007074702652522005
HTI,2026-09-01,2.52804269975774e-05,2.3929850102282016e-05,,,0.00725676631482802,37,,-10.518645867920052,-10.518645867920052,False,0.0007074702652522005
HTI,2026-09-02,2.0168982221104724e-05,2.402201643441764e-05,,,0.010143416627734818,43,,-10.518645867920052,-10.518645867920052,False,0.0007074702652522005
NQ,2026-03-02,9.181780091645025e-05,9.973360640185043e-05,,,-0.001579587205713241,177,,,,False,
NQ,2026-03-03,8.656273588259205e-05,9.689636348576855e-05,,,-0.02045044507785039,177,,,,False,
NQ,2026-03-04,0.0001364697026135494,0.00012276131254907677,,,0.008306331905218711,177,,,,False,
NQ,2026-03-05,9.456148025468279e-05,9.068855040748272e-05,,,-0.004992511652911791,177,,,,False,
NQ,2026-03-06,8.609935137072564e-05,0.0001051872214867894,8.609935137072564e-05,0.0,-0.013811234123227007,189,,,,False,
NQ,2026-03-09,0.0001708314256018303,0.0002036744537551217,0.0001708314256018303,0.0,0.0020931671914931884,189,,,,False,
NQ,2026-03-10,9.217461387592567e-05,0.00010832838380581002,9.217461387592567e-05,0.0,0.003960084376834715,189,,,,False,
NQ,2026-03-11,5.691322723915447e-05,5.7831021830752276e-05,5.691322723915447e-05,0.0,0.0030064096076752086,189,,,,False,
NQ,2026-03-12,7.210665622505431e-05,6.239819682131766e-05,6.239819682131766e-05,9.708459403736646e-06,-0.008954937933349352,189,,,,False,
NQ,2026-03-13,8.034194717611684e-05,9.019880894961777e-05,8.034194717611684e-05,0.0,0.009576918513022005,189,,-9.38313233151371,-9.38313233151371,False,0.0006671873457599809
NQ,2026-03-16,4.1136841923060315e-05,4.564473689056699e-05,,,0.010502540724597833,165,,-9.389098185000119,-9.389098185000119,False,0.0006652001401015258
NQ,2026-03-17,5.1848643517918825e-05,5.515223720368748e-05,5.1848643517918825e-05,0.0,0.010337276394963717,189,,-9.389098185000119,-9.389098185000119,False,0.0006652001401015258
NQ,2026-03-18,4.074350607362391e-05,3.940883165013541e-05,3.940883165013541e-05,1.3346744234885027e-06,-0.0006698560060115509,189,,-9.458845862567818,-9.458845862567818,False,0.0006424018992699656
NQ,2026-03-19,0.00011521654392546107,0.0001351610621674055,0.00011521654392546107,0.0,-0.008936464099328313,189,,-9.547217724492,-9.547217724492,False,0.0006146347495395593
NQ,2026-03-20,8.88438399383399e-05,9.520582786740815e-05,8.88438399383399e-05,0.0,-0.00972236957639282,189,,-9.485273513381435,-9.485273513381435,False,0.0006339691498709276
NQ,2026-03-23,0.001011864280967974,0.0007284350119313193,0.0007284350119313193,0.0002834292690366548,0.02469694147178974,189,,-9.464996142408571,-9.464996142408571,False,0.0006404294578656098
NQ,2026-03-24,0.00014831823766614884,0.00013027159495186723,0.00013027159495186723,1.8046642714281613e-05,-0.007290708147128204,189,,-9.174979695861342,-9.174979695861342,False,0.0007403678834805902
NQ,2026-03-25,9.32005628182641e-05,7.104129602672332e-05,7.104129602672332e-05,2.215926679154078e-05,0.0008184981017623537,189,,-9.145324046612473,-9.145324046612473,False,0.0007514277226542413
NQ,2026-03-26,7.373413996265329e-05,6.104297461512708e-05,6.104297461512708e-05,1.2691165347526216e-05,-0.008369284695235553,189,,-9.19800028054797,-9.19800028054797,False,0.0007318948895650923
NQ,2026-03-27,7.024847137388839e-05,8.366167861888264e-05,7.024847137388839e-05,0.0,-0.008961680861327861,189,,-9.263492913592756,-9.263492913592756,False,0.0007083161925453272
NQ,2026-03-30,9.15395238829637e-05,7.65400423312787e-05,7.65400423312787e-05,1.4999481551684999e-05,0.00810077701800052,189,,-9.302325038618358,-9.302325038618358,False,0.0006946961329121101
NQ,2026-03-31,0.00018200306121354156,0.00016105737459229917,0.00016105737459229917,2.094568662124239e-05,0.014846394357104465,189,,-9.325026778732216,-9.325026778732216,False,0.0006868553116356726
NQ,2026-04-01,8.510074458584053e-05,6.602998076431304e-05,6.602998076431304e-05,1.907076382152749e-05,0.00778157296789819,189,,-9.24848631887797,-9.24848631887797,False,0.0007136508884374904
NQ,2026-04-02,0.00012591642006134053,0.0001433909005918284,0.00012591642006134053,0.0,-0.016778724656157852,189,,-9.29727779812825,-9.29727779812825,False,0.0006964514961407693
NQ,2026-04-03,2.47730693519173e-05,3.081559614493977e-05,2.47730693519173e-05,0.0,-0.003155017280179465,180,,-9.256192411745488,-9.256192411745488,False,0.000710906449048368
NQ,2026-04-06,8.998572823772698e-05,6.325350558996388e-05,6.325350558996388e-05,2.67322226477631e-05,0.013472252364452444,189,,-9.430892322515072,-9.430892322515072,False,0.000651443642874418
NQ,2026-04-07,7.930921986011805e-05,8.596331454930882e-05,7.930921986011805e-05,0.0,-0.007179343703529211,189,,-9.461632380577605,-9.461632380577605,False,0.0006415074902554373
NQ,2026-04-08,0.00017127905011215123,0.00012469298360260678,0.00012469298360260678,4.6586066509544445e-05,0.021991278002198952,189,,-9.45911119615478,-9.45911119615478,False,0.0006423166795229039
NQ,2026-04-09,2.5915173351043445e-05,3.315173670446404e-05,2.5915173351043445e-05,0.0,0.001455589820623739,189,,-9.398340481969974,-9.398340481969974,False,0.0006621332432326315
NQ,2026-04-10,2.511322920034382e-05,2.0782662455601424e-05,2.0782662455601424e-05,4.330566744742395e-06,0.004044084989147509,189,,-9.548804926008827,-9.548804926008827,False,0.0006141471684341349
NQ,2026-04-13,3.3065385472020185e-05,3.2805352727659515e-05,3.2805352727659515e-05,2.6003274436067026e-07,0.00843558696492715,189,,-9.70836255782756,-9.70836255782756,False,0.000567054699876932
NQ,2026-04-14,2.1949927665564234e-05,2.456474629362374e-05,2.1949927665564234e-05,0.0,0.006985370876121211,189,,-9.788175424224761,-9.788175424224761,False,0.000544871146528772
NQ,2026-04-15,1.8156306027807662e-05,1.9662290980981446e-05,1.8156306027807662e-05,0.0,0.0009613166932734929,189,,-9.90967294897538,-9.90967294897538,False,0.000512756244817341
NQ,2026-04-16,1.9269946829510318e-05,1.545977894364081e-05,1.545977894364081e-05,3.810167885869509e-06,0.0011378291449835333,189,,-10.040005187999204,-10.040005187999204,False,0.0004804073819931388
NQ,2026-04-17,3.7930006066881885e-05,2.6405701010720736e-05,2.6405701010720736e-05,1.1524305056161148e-05,0.008403687582707455,189,,-10.174278380034664,-10.174278380034664,False,0.0004492133133860195
NQ,2026-04-20,2.921250133243572e-05,3.217484942084657e-05,2.921250133243572e-05,0.0,0.007439721716976539,189,,-10.221870755886465,-10.221870755886465,False,0.00043864993153412164
NQ,2026-04-21,1.881267319320397e-05,1.2830729031857233e-05,1.2830729031857233e-05,5.981944161346737e-06,-0.0008778975851951076,189,,-10.25022575617736,-10.25022575617736,False,0.0004324748491150052
NQ,2026-04-22,2.4834415789160192e-05,2.409458454031582e-05,2.409458454031582e-05,7.398312488443724e-07,0.004457715112718792,189,,-10.381415226622101,-10.381415226622101,False,0.0004050171602203664
NQ,2026-04-23,7.371485143003325e-05,7.654246767647713e-05,7.371485143003325e-05,0.0,-0.0005169676271850788,189,,-10.414050494203028,-10.414050494203028,False,0.00039846186740798996
NQ,2026-04-24,4.163019674151289e-05,4.4781398621916465e-05,4.163019674151289e-05,0.0,0.0074939859875530115,189,,-10.29770856026744,-10.29770856026744,False,0.0004223282141132396
NQ,2026-04-27,2.311557299229444e-05,2.1466849140090986e-05,2.1466849140090986e-05,1.6487238522034528e-06,-0.0006666819124073409,189,,-10.270391649591497,-10.270391649591497,False,0.00042813613851127826
NQ,2026-04-28,4.457607760156842e-05,4.567468352276797e-05,4.457607760156842e-05,0.0,-0.00787639746964818,189,,-10.332347323282606,-10.332347323282606,False,0.00041507672754545434
NQ,2026-04-29,3.1688789657307315e-05,2.5844178194782018e-05,2.5844178194782018e-05,5.844611462525297e-06,-0.0017927494998846193,189,,-10.291695785440343,-10.291695785440343,False,0.00042359980683295
NQ,2026-04-30,0.00012549283363026432,0.00011996478116276675,0.00011996478116276675,5.528052467497569e-06,0.002364804035145759,189,,-10.326871004738416,-10.326871004738416,False,0.0004162148311790431
NQ,2026-05-01,3.269336754673469e-05,3.982336021407123e-05,3.269336754673469e-05,0.0,0.00519950620755478,189,,-10.158773318170372,-10.158773318170372,False,0.00045270938769529474
NQ,2026-05-04,7.09096212912398e-05,4.2085103208336064e-05,4.2085103208336064e-05,2.882451808290374e-05,-0.0007888485909497356,189,,-10.18072341317107,-10.18072341317107,False,0.000447768045990751
NQ,2026-05-05,2.4431808893828333e-05,2.2847188996499017e-05,2.2847188996499017e-05,1.5846198973293168e-06,0.011724303091576875,189,,-10.167143301212318,-10.167143301212318,False,0.0004508187616327377
NQ,2026-05-06,6.741502587311637e-05,6.883296056318999e-05,6.741502587311637e-05,0.0,0.007643214548916214,189,,-10.234397353703567,-10.234397353703567,False,0.0004359111218419573
NQ,2026-05-07,2.570810744094192e-05,2.3711641010941623e-05,2.3711641010941623e-05,1.996466430000298e-06,0.001986184479485956,189,,-10.152875959340683,-10.152875959340683,False,0.0004540462525720323
NQ,2026-05-08,3.83564319817631e-05,3.483988247160346e-05,3.483988247160346e-05,3.516549510159643e-06,0.01659684738252995,189,,-10.217169415493156,-10.217169415493156,False,0.0004396822657181834
NQ,2026-05-11,5.6545497334071354e-05,3.8947430482607445e-05,3.8947430482607445e-05,1.759806685146391e-05,0.0031347988053714785,189,,-10.223328407895139,-10.223328407895139,False,0.00043833034853156706
NQ,2026-05-12,4.9917226475593795e-05,5.06096871030798e-05,4.9917226475593795e-05,0.0,-0.00516356665716592,189,,-10.214262979644486,-10.214262979644486,False,0.00044032168436252566
NQ,2026-05-13,5.128337802862502e-05,4.644922359116173e-05,4.644922359116173e-05,4.834154437463294e-06,9.43545932086722e-05,189,,-10.174247752965515,-10.174247752965515,False,0.000449220192482297
NQ,2026-05-14,4.923720461466465e-05,4.490967368676858e-05,4.490967368676858e-05,4.32753092789607e-06,0.004097137316890412,189,,-10.148733664435381,-10.148733664435381,False,0.0004549876238342655
NQ,2026-05-15,0.00011228226000766528,0.00011701908779784751,0.00011228226000766528,0.0,-0.020305438824692986,189,,-10.130885651491813,-10.130885651491813,False,0.0004590661074743601
NQ,2026-05-18,0.00016037173302381875,0.00015606548911122056,0.00015606548911122056,4.30624391259819e-06,-0.0013280385112343202,189,,-9.996725423814153,-9.996725423814153,False,0.0004909166405468027
NQ,2026-05-19,0.00012922828732588542,9.73745011175962e-05,9.73745011175962e-05,3.185378620828922e-05,-0.008320770918511888,189,,-9.837309661020592,-9.837309661020592,False,0.0005316483209600086
NQ,2026-05-20,9.566489017103318e-05,7.763453987500802e-05,7.763453987500802e-05,1.8030350296025167e-05,0.009395557217397665,189,,-9.759592946209162,-9.759592946209162,False,0.0005527139384355372
NQ,2026-05-21,7.91279694569099e-05,8.616511957953781e-05,7.91279694569099e-05,0.0,-0.0010082024093925638,189,,-9.721263638822645,-9.721263638822645,False,0.0005634086626688521
NQ,2026-05-22,5.0184146563915876e-05,4.6559232421629996e-05,4.6559232421629996e-05,3.62491414228588e-06,0.006216059087562883,189,,-9.685429511864124,-9.685429511864124,False,0.00057359426702111
NQ,2026-05-25,1.8383940049447755e-05,2.2647512685592315e-05,1.8383940049447755e-05,0.0,0.007609564953775948,189,,-9.72288644793877,-9.72288644793877,False,0.0005629516957295109
NQ,2026-05-26,3.5390422301180534e-05,4.0363367724188826e-05,3.5390422301180534e-05,0.0,0.0018195936810738163,189,,-9.875785216438468,-9.875785216438468,False,0.0005215183403168375
NQ,2026-05-27,4.604067525802809e-05,3.494402071055974e-05,3.494402071055974e-05,1.1096654547468347e-05,-0.0038564259705563993,189,,-9.924106634785419,-9.924106634785419,False,0.0005090690843818702
NQ,2026-05-28,5.438339704621512e-05,5.989874589844848e-05,5.438339704621512e-05,0.0,-0.005494565060170779,189,,-9.967816085031227,-9.967816085031227,False,0.0004980642117246533
NQ,2026-05-29,2.4724193226054144e-05,2.455315867436474e-05,2.455315867436474e-05,1.7103455168940288e-07,0.003692119595383852,189,,-9.9486103927539,-9.9486103927539,False,0.0005028700838111956
NQ,2026-06-01,4.469921364854407e-05,2.794570559375524e-05,2.794570559375524e-05,1.675350805478883e-05,0.0007064061471808812,189,,-10.034831440078198,-10.034831440078198,False,0.0004816517441501504
NQ,2026-06-02,3.2604406944936626e-05,3.228416165035668e-05,3.228416165035668e-05,3.202452945799466e-07,0.000393207348213404,189,,-10.093137482688189,-10.093137482688189,False,0.0004678128435973723
NQ,2026-06-03,5.1727043708145015e-05,4.561609676087979e-05,4.561609676087979e-05,6.110946947265224e-06,-0.00521985705101382,189,,-10.125214576301156,-10.125214576301156,False,0.0004603696539349371
NQ,2026-06-04,8.396164586121441e-05,9.080725887712682e-05,8.396164586121441e-05,0.0,-0.008188124432322646,189,,-10.10839072275692,-10.10839072275692,False,0.0004642585835155098
NQ,2026-06-05,6.777805714334016e-05,6.341054166043842e-05,6.341054166043842e-05,4.367515482901746e-06,-0.016528479853554365,189,,-10.014767678178154,-10.014767678178154,False,0.0004865079347431537
NQ,2026-06-08,0.00016220408444539707,0.00015039258826995603,0.00015039258826995603,1.1811496175441038e-05,0.024457799049224672,189,,-9.969604421476367,-9.969604421476367,False,0.0004976190575847327
NQ,2026-06-09,8.88552849742712e-05,8.82852015366528e-05,8.82852015366528e-05,5.700834376184033e-07,0.011381831983608407,189,,-9.81849252850252,-9.81849252850252,False,0.0005366739744381535
NQ,2026-06-10,0.00023254480498673195,0.000191184337706716,0.000191184337706716,4.136046728001595e-05,0.0002581733390129457,189,,-9.755896674604733,-9.755896674604733,False,0.0005537363733618197
NQ,2026-06-11,0.00018006168080572546,0.00013842222878716955,0.00013842222878716955,4.163945201855591e-05,0.015375789398165703,189,-9.48883053483545,-9.601382694519053,-9.48883053483545,True,0.0006328426309971816
NQ,2026-06-12,0.0001417118109159723,0.00011622577126782737,0.00011622577126782737,2.548603964814492e-05,-0.006386374809268495,189,-9.423716439843258,-9.50867349603909,-9.423716439843258,True,0.0006537851825903202
NQ,2026-06-15,4.1908704914496464e-05,3.890339361678756e-05,3.890339361678756e-05,3.005311297708906e-06,0.013801903782103806,189,-9.052274783267976,-9.450589852026162,-9.052274783267976,True,0.0007872136289607173
NQ,2026-06-16,3.760124227165753e-05,3.572464811910874e-05,3.572464811910874e-05,1.8765941525487892e-06,0.00021874126641183568,189,-9.862270801188355,-9.541701442535128,-9.862270801188355,True,0.000525054281111481
NQ,2026-06-17,4.1225358713397317e-05,3.3054335666982605e-05,3.3054335666982605e-05,8.171023046414712e-06,0.004395936530498875,189,-10.011142005656229,-9.632053038217899,-10.011142005656229,True,0.0004873906938756283
NQ,2026-06-18,8.110988427610796e-05,6.175127348801141e-05,6.175127348801141e-05,1.9358610788096546e-05,0.011305616375683916,189,-10.128929229366504,-9.720765355567142,-10.128929229366504,True,0.0004595153907302803
NQ,2026-06-19,3.704623559884471e-05,3.734128553728423e-05,3.704623559884471e-05,0.0,-0.0027837033066351997,189,-9.904559452552931,-9.717092953211244,-9.904559452552931,True,0.0005140689107921932
NQ,2026-06-22,0.00011254434415888177,9.96567397533033e-05,9.96567397533033e-05,1.288760440557847e-05,0.008137046261199503,189,-10.0450633470708,-9.780037853321808,-10.0450633470708,True,0.0004791939286213342
NQ,2026-06-23,0.0001136656009605542,0.00013435868333851246,0.0001136656009605542,0.0,-0.030570156468462405,189,-9.784065896098884,-9.706735948111302,-9.784065896098884,True,0.0005459918792058897
NQ,2026-06-24,0.0001532302380947915,0.00016732395095332144,0.0001532302380947915,0.0,-0.0022783745127337657,189,-8.434382469285925,-9.625896560902977,-8.434382469285925,True,0.0010721763308008494
NQ,2026-06-25,0.0001430829172496584,0.00013385950944388037,0.00013385950944388037,9.223407805778041e-06,-0.017885404234650827,189,-9.440399190434025,-9.51685772531472,-9.440399190434025,True,0.0006483543966205456
NQ,2026-06-26,0.0001834870866311427,0.00017693184202134896,0.00017693184202134896,6.5552446097937316e-06,-0.014095000327648584,189,-8.870643429428624,-9.43942910069099,-8.870643429428624,True,0.0008620517776336559
NQ,2026-06-29,0.0001456673574816262,0.00011726539147144486,0.00011726539147144486,2.8401966010181353e-05,0.014753048530558744,189,-8.828112729209662,-9.335910570253738,-8.828112729209662,True,0.0008805799159515512
NQ,2026-06-30,8.593612651471704e-05,8.773123666818688e-05,8.593612651471704e-05,0.0,0.00840853771615581,189,-9.530349949789153,-9.299038233926696,-9.530349949789153,True,0.0006198404309880704
NQ,2026-07-01,5.5530616262899664e-05,5.705815885716712e-05,5.5530616262899664e-05,0.0,-0.010737739242920211,189,-9.651530552098908,-9.30717646353133,-9.651530552098908,True,0.000583399251469914
NQ,2026-07-02,0.00013117158332835683,0.00014714205946650727,0.00013117158332835683,0.0,0.0010217263077906642,189,-9.435515939912877,-9.370787862540574,-9.435515939912877,True,0.0006499393692603504
NQ,2026-07-03,5.189705317013963e-05,4.460537159647102e-05,4.460537159647102e-05,7.291681573668613e-06,0.012249680584728752,189,-9.513368519845292,-9.31489372299604,-9.513368519845292,True,0.0006251257256284798
NQ,2026-07-06,9.143805275729381e-05,7.207538686804292e-05,7.207538686804292e-05,1.9362665889250893e-05,-5.0147517290559765e-05,189,-9.955302034645632,-9.405865938429047,-9.955302034645632,True,0.0005011903821092531
NQ,2026-07-07,7.626004562919552e-05,9.490739989165616e-05,7.626004562919552e-05,0.0,-0.014470354337046026,189,-9.78708627934754,-9.422944462605997,-9.78708627934754,True,0.0005451679491456933
NQ,2026-07-08,0.00018311639234798745,0.00023125684091033008,0.00018311639234798745,0.0,0.002171498036730933,189,-9.191979882884063,-9.430506502918472,-9.191979882884063,True,0.0007341013579949972
NQ,2026-07-09,9.535185970298147e-05,9.884036434455372e-05,9.535185970298147e-05,0.0,0.015252025073645682,189,-9.44486927658201,-9.323695453040752,-9.44486927658201,True,0.0006469069148115471
NQ,2026-07-10,5.564131488946456e-05,5.9096763186681866e-05,5.564131488946456e-05,0.0,-0.0011612317042924087,189,-9.659803290621701,-9.315183022367792,-9.659803290621701,True,0.000580991080714316
NQ,2026-07-13,9.050863868921983e-05,0.00010567083232933285,9.050863868921983e-05,0.0,-0.013165818481709795,189,-9.78762401732115,-9.377500180125987,-9.78762401732115,True,0.0005450213900950424
NQ,2026-07-14,0.00017950910254069344,0.00017088616677972878,0.00017088616677972878,8.62293576096466e-06,0.010220748885819886,189,-9.088241568204754,-9.368770767272311,-9.088241568204754,True,0.0007731833910675651
NQ,2026-07-15,5.834393370284701e-05,6.234091104974503e-05,5.834393370284701e-05,0.0,0.0006878964064421858,189,-9.430681915192205,-9.278899479300987,-9.430681915192205,True,0.00065151218073602
NQ,2026-07-16,9.133023841913748e-05,8.298444636689954e-05,8.298444636689954e-05,8.34579205223794e-06,-0.013594243222126065,189,-9.806065619493582,-9.339773813387257,-9.806065619493582,True,0.0005400189549425126
NQ,2026-07-17,0.00010611673649640415,0.00010053120460590874,0.00010053120460590874,5.585531890495401e-06,-0.02675846461056298,189,-9.081772744880126,-9.347163246457564,-9.081772744880126,True,0.0007756882331062094
NQ,2026-07-20,0.0001226395024648967,0.00011174184022101553,0.00011174184022101553,1.0897662243881167e-05,0.012109546561403981,189,-8.414608552355325,-9.328765781006707,-8.414608552355325,True,0.001082829470445262
NQ,2026-07-21,6.543608466029244e-05,4.692323521214845e-05,4.692323521214845e-05,1.8512849448143988e-05,0.011833537642470275,189,-9.596576917773639,-9.299064069149857,-9.596576917773639,True,0.0005996514630697724
NQ,2026-07-22,6.114310020967498e-05,4.592168282425939e-05,4.592168282425939e-05,1.5221417385415593e-05,-0.00318810501020425,189,-9.896084673875443,-9.38552768651812,-9.896084673875443,True,0.0005162518426138821
NQ,2026-07-23,9.492421306794771e-05,9.893429092253031e-05,9.492421306794771e-05,0.0,-0.009007282203827157,189,-9.775904611742762,-9.463591583335415,-9.775904611742762,True,0.0005482244287169389
NQ,2026-07-24,7.866323655786445e-05,9.358679231956001e-05,7.866323655786445e-05,0.0,-0.008005257075957875,189,-9.32286045091328,-9.437551555176855,-9.32286045091328,True,0.0006875996915902351
NQ,2026-07-27,7.885259645461692e-05,6.276991876817762e-05,6.276991876817762e-05,1.60826776864393e-05,-0.007183498402799792,189,-9.429903375097208,-9.43920631903605,-9.429903375097208,True,0.000651765844282168
NQ,2026-07-28,0.00013609663828569914,0.0001542782774450138,0.00013609663828569914,0.0,-0.018751332187796274,189,-9.554596546416319,-9.469863606570566,-9.554596546416319,True,0.0006123712873454733
NQ,2026-07-29,0.00019129307832825183,0.00020268426146641605,0.00019129307832825183,0.0,-0.0037068251530985386,189,-8.815058957700638,-9.396372797913449,-8.815058957700638,True,0.0008863461577912873
NQ,2026-07-30,0.00016598332209575802,0.0001459052698904062,0.0001459052698904062,2.0078052205351837e-05,0.026498559134033556,189,-9.294512028972168,-9.288325374643797,-9.294512028972168,True,0.0006974152744176023
NQ,2026-07-31,0.0001289247786668443,0.00016092352969505517,0.0001289247786668443,0.0,0.0019208916021095446,189,-9.484648119762776,-9.229325895307312,-9.484648119762776,True,0.0006341674209990645
NQ,2026-08-03,9.409987096425636e-05,8.229268672568447e-05,8.229268672568447e-05,1.1807184238571885e-05,-0.0055381413566573424,189,-9.489396587716831,-9.19398044369794,-9.489396587716831,True,0.0006326635451440246
NQ,2026-08-04,7.553545216995363e-05,6.533672994147643e-05,6.533672994147643e-05,1.0198722228477205e-05,0.0172484514605379,189,-9.37451591559015,-9.221326361694656,-9.37451591559015,True,0.000670067928213657
NQ,2026-08-05,4.96968891287706e-05,4.446179414357885e-05,4.446179414357885e-05,5.23509498519175e-06,0.007578800694939856,189,-9.714109485923991,-9.274999960684884,-9.714109485923991,True,0.0005654276273701735
NQ,2026-08-06,8.737967100326599e-05,6.562263803835914e-05,6.562263803835914e-05,2.1757032964906848e-05,-0.003258420815268989,189,-9.895734134349073,-9.371553749957508,-9.895734134349073,True,0.0005163423338820407
NQ,2026-08-07,7.068718231333646e-05,7.855422348412851e-05,7.068718231333646e-05,0.0,0.008052239292518816,189,-9.649116924698367,-9.405215273976532,-9.649116924698367,True,0.0005841037306813972
NQ,2026-08-10,4.128105155345794e-05,4.516549957238334e-05,4.128105155345794e-05,0.0,-0.0030167957717264584,189,-9.799181055694577,-9.424895604441776,-9.799181055694577,True,0.0005418810555153318
NQ,2026-08-11,5.2090928617475705e-05,4.484597238746755e-05,4.484597238746755e-05,7.2449562300081535e-06,-0.003961500456027489,189,-9.866576450618558,-9.511654087336206,-9.866576450618558,True,0.0005239251471282029
NQ,2026-08-12,3.106358437794766e-05,2.790164670851682e-05,2.790164670851682e-05,3.161937669430842e-06,0.008706402569925588,189,-9.808138836391914,-9.576459412298451,-9.808138836391914,True,0.0005394594567714763
NQ,2026-08-13,4.1426535387415004e-05,3.391405123093687e-05,3.391405123093687e-05,7.512484156478132e-06,0.009305420436905068,189,-10.151064888885738,-9.69430570528295,-10.151064888885738,True,0.00045445759366245396
NQ,2026-08-14,1.876327827284404e-05,1.3803842545847633e-05,1.3803842545847633e-05,4.959435726996408e-06,0.00155533893061288,189,-10.116981552043551,-9.771635618661172,-10.116981552043551,True,0.0004622686771935465
NQ,2026-08-17,1.9326495924585185e-05,2.1888257402613663e-05,1.9326495924585185e-05,0.0,0.00022367194874242687,189,-10.51014531858719,-9.95531504128842,-10.51014531858719,True,0.0003797694625589951
NQ,2026-08-18,5.334365798473694e-05,5.075025720007818e-05,5.075025720007818e-05,2.5934007846587637e-06,-0.014169913312431002,189,-10.459803694134493,-10.071653646994701,-10.459803694134493,True,0.0003894498893967021
NQ,2026-08-19,7.532253398433384e-05,6.77206891430071e-05,6.77206891430071e-05,7.601844841326736e-06,0.000980284530006449,189,-9.486079916128697,-10.047956662247998,-9.486079916128697,True,0.0006337135841645442
NQ,2026-08-20,7.00442857310502e-05,6.958620724654106e-05,6.958620724654106e-05,4.580784845091356e-07,-0.005994718535380022,189,-9.939624364522913,-9.989984306402919,-9.939624364522913,True,0.0005051345695697942
NQ,2026-08-21,4.189792588366278e-05,3.572138198858903e-05,3.572138198858903e-05,6.176543895073751e-06,0.0008692169925270053,189,-9.630832030672245,-9.935998697217032,-9.630832030672245,True,0.0005894683536132472
NQ,2026-08-24,7.943395296251285e-05,7.115683581941294e-05,7.115683581941294e-05,8.27711714309991e-06,-0.012837762433809994,189,-10.112436477032762,-9.975320570859678,-10.112436477032762,True,0.0004633203946811293
NQ,2026-08-25,4.752315523177055e-05,3.643747366892528e-05,3.643747366892528e-05,1.1085681562845271e-05,0.008235632138034278,189,-9.29458543920058,-9.9203438599464,-9.29458543920058,True,0.0006973896761801019
NQ,2026-08-26,5.061027464742947e-05,4.327959574545311e-05,4.327959574545311e-05,7.330678901976363e-06,-0.0006997960636163768,189,-10.070331608472012,-9.959122892625004,-10.070331608472012,True,0.00047317781410948954
NQ,2026-08-27,5.878039255897722e-05,5.9984111780133517e-05,5.878039255897722e-05,0.0,0.00033840947869496167,189,-10.00291047582912,-9.970605882420756,-10.00291047582912,True,0.0004894008131443163
NQ,2026-08-28,3.0168858533798083e-05,2.254321302500276e-05,2.254321302500276e-05,7.625645508795324e-06,0.0015767886533995768,189,-9.930654847667471,-9.94097443207338,-9.930654847667471,True,0.0005074050635908568
NQ,2026-08-31,5.1719375459086656e-05,5.399236145800445e-05,5.1719375459086656e-05,0.0,-0.00302944390680424,189,-10.274889312567806,-10.039239768697126,-10.274889312567806,True,0.0004271744142649672
NQ,2026-09-01,4.457552312848645e-05,4.785261917374987e-05,4.457552312848645e-05,0.0,-0.013569909670179483,189,-9.901236324046948,-10.017290103551407,-9.901236324046948,True,0.0005149237793307655
NQ,2026-09-02,4.591827050660385e-05,5.118992662754998e-05,4.591827050660385e-05,0.0,-0.002818597724065085,187,-9.52140928632314,-10.017424155538993,-9.52140928632314,True,0.0006226175259792932
RTY,2026-03-02,0.00012389435020439973,0.0001207152801847165,,,-0.0015373384018613687,177,,,,False,
RTY,2026-03-03,0.00013502967759120677,0.00015903452592105907,,,-0.0253496582993935,175,,,,False,
RTY,2026-03-04,0.00017821414212353066,0.00017239318783020098,,,0.010925313041475896,177,,,,False,
RTY,2026-03-05,0.00011174179996942114,0.00011838630408679841,,,-0.007923850983392225,177,,,,False,
RTY,2026-03-06,0.00015628577718061445,0.00020211541235801942,0.00015628577718061445,0.0,-0.021810218663899403,187,,,,False,
RTY,2026-03-09,0.0006856795777314155,0.0008066559210307042,0.0006856795777314155,0.0,-0.0006852766568687179,189,,,,False,
RTY,2026-03-10,0.00017818557681746676,0.00018723914213442948,0.00017818557681746676,0.0,-0.0010586783195168387,187,,,,False,
RTY,2026-03-11,0.00013623301174900656,0.00013305908482496076,,,-0.009339049258195457,179,,,,False,
RTY,2026-03-12,0.00020161352427544208,0.0001793315458791808,0.0001793315458791808,2.228197839626128e-05,-0.01565200983811435,189,,,,False,
RTY,2026-03-13,0.00014795404402858254,0.00018832795245821529,0.00014795404402858254,0.0,0.009583207025807627,187,,,,False,
RTY,2026-03-16,9.941093032253419e-05,9.837433224204616e-05,,,0.014062700800868197,163,,-8.616919195419182,-8.616919195419182,False,0.0009786533095810005
RTY,2026-03-17,0.00010075724509626422,9.12703317409199e-05,9.12703317409199e-05,9.486913355344316e-06,0.01288097149098309,187,,-8.616919195419182,-8.616919195419182,False,0.0009786533095810005
RTY,2026-03-18,9.256581545445916e-05,8.719248176161419e-05,8.719248176161419e-05,5.373333692844967e-06,-0.006761725282142343,183,,-8.716819733620198,-8.716819733620198,False,0.0009309701212887848
RTY,2026-03-19,0.0001966419674046446,0.0002177365243839495,0.0001966419674046446,0.0,-0.00756999789713761,185,,-8.798447016439434,-8.798447016439434,False,0.0008937387819049796
RTY,2026-03-20,0.00015239322291166123,0.00014851812578633351,0.00014851812578633351,3.875097125327718e-06,-0.008444583143831678,187,,-8.764230797724888,-8.764230797724888,False,0.000909160504840369
RTY,2026-03-23,0.001922702055496811,0.0019764781302364217,0.001922702055496811,0.0,0.03222238222993028,187,,-8.770777411760942,-8.770777411760942,False,0.0009061894086871334
RTY,2026-03-24,0.0002486793962555163,0.00028342186020590814,0.0002486793962555163,0.0,-0.0061578026558788395,187,,-8.444985069440548,-8.444985069440548,False,0.0010665074418526217
RTY,2026-03-25,0.00018107897393127885,0.00013938080901139228,,,0.0019598626530425126,179,,-8.426132181235523,-8.426132181235523,False,0.001076608347654838
RTY,2026-03-26,0.00011952721811140008,8.653316655123842e-05,,,-0.0035771181444053638,171,,-8.426132181235523,-8.426132181235523,False,0.001076608347654838
RTY,2026-03-27,8.996673861601844e-05,9.533524675896779e-05,8.996673861601844e-05,0.0,-0.009172181068289527,181,,-8.426132181235523,-8.426132181235523,False,0.001076608347654838
RTY,2026-03-30,0.00017360172191854071,0.00018161447670604492,0.00017360172191854071,0.0,0.0075847527500914995,187,,-8.572104713410175,-8.572104713410175,False,0.001000829758806756
RTY,2026-03-31,0.00028515505907863493,0.00028031978653284196,0.00028031978653284196,4.835272545792972e-06,0.018488436025591536,189,,-8.583320487490969,-8.583320487490969,False,0.0009952329264421517
RTY,2026-04-01,0.00013643951845452874,0.00014165712679838226,0.00013643951845452874,0.0,0.010071856425375647,180,,-8.531056445604301,-8.531056445604301,False,0.001021583167147593
RTY,2026-04-02,0.00018481105464199308,0.00021878426431026085,0.00018481105464199308,0.0,-0.014628476974537325,189,,-8.578767971954901,-8.578767971954901,False,0.0009975009134041693
RTY,2026-04-03,3.593923462419609e-05,5.0000149302059515e-05,,,-0.00429616568399153,148,,-8.581021506596642,-8.581021506596642,False,0.0009963775949505174
RTY,2026-04-06,0.00010189017969721948,0.00010387401305076717,0.00010189017969721948,0.0,0.012321944140357902,181,,-8.581021506596642,-8.581021506596642,False,0.0009963775949505174
RTY,2026-04-07,0.0001224671841700494,0.0001495279315236506,0.0001224671841700494,0.0,-0.006681889494059636,185,,-8.670101068585696,-8.670101068585696,False,0.000952972947084479
RTY,2026-04-08,0.00025870713124906023,0.00021086375735006143,0.00021086375735006143,4.784337389899881e-05,0.022945630356439477,189,,-8.713798846276033,-8.713798846276033,False,0.0009323773617285478
RTY,2026-04-09,5.2583477212866304e-05,5.549264321682879e-05,,,-0.00011391035267576497,177,,-8.681501145349857,-8.681501145349857,False,0.0009475564165903162
RTY,2026-04-10,3.760255354643979e-05,3.659350990309582e-05,,,0.0005660697926502405,178,,-8.681501145349857,-8.681501145349857,False,0.0009475564165903162
RTY,2026-04-13,5.247443690104404e-05,5.278511935341864e-05,5.247443690104404e-05,0.0,0.009427011018758534,187,,-8.681501145349857,-8.681501145349857,False,0.0009475564165903162
RTY,2026-04-14,2.5046422178752854e-05,1.5274092057885196e-05,,,0.004970889784670942,177,,-8.874015065967479,-8.874015065967479,False,0.0008605997392780116
RTY,2026-04-15,3.129333759966988e-05,2.8704529298929652e-05,2.8704529298929652e-05,2.588808300740227e-06,-0.0006258168033586135,181,,-8.874015065967479,-8.874015065967479,False,0.0008605997392780116
RTY,2026-04-16,2.2920830330282074e-05,2.3966469869170577e-05,2.2920830330282074e-05,0.0,0.001614619997761371,189,,-9.105169302762906,-9.105169302762906,False,0.000766666885782997
RTY,2026-04-17,6.513350672803693e-05,7.020248833200382e-05,,,0.011783239946154206,178,,-9.309478719159419,-9.309478719159419,False,0.0006922157544114343
RTY,2026-04-20,5.36154499198933e-05,5.570134275298446e-05,5.36154499198933e-05,0.0,0.013119326569548832,187,,-9.309478719159419,-9.309478719159419,False,0.0006922157544114343
RTY,2026-04-21,2.6374667543507113e-05,2.6866305092447955e-05,,,0.0051879869045630975,177,,-9.385953531626678,-9.385953531626678,False,0.0006662468747225612
RTY,2026-04-22,4.032358171679475e-05,3.549704026648081e-05,3.549704026648081e-05,4.826541450313937e-06,0.004502419612422513,187,,-9.385953531626678,-9.385953531626678,False,0.0006662468747225612
RTY,2026-04-23,0.00011077824997716697,0.00012058489820987819,0.00011077824997716697,0.0,0.003110311214512772,180,,-9.511434754832269,-9.511434754832269,False,0.000625730441054233
RTY,2026-04-24,6.460829032954148e-05,6.399264481430871e-05,6.399264481430871e-05,6.15645515232772e-07,0.0002874699074740288,187,,-9.459207777386666,-9.459207777386666,False,0.0006422856624037429
RTY,2026-04-27,5.799925274890205e-05,5.7475048664942906e-05,5.7475048664942906e-05,5.242040839591408e-07,0.003936872054464033,187,,-9.48477852378828,-9.48477852378828,False,0.0006341260733547828
RTY,2026-04-28,4.594134611435496e-05,4.4476676821276554e-05,4.4476676821276554e-05,1.464669293078409e-06,-0.0034696795848053828,180,,-9.520944251985313,-9.520944251985313,False,0.0006227623120757241
RTY,2026-04-29,4.114884726045524e-05,4.0908821496926706e-05,,,-0.005210983782734172,175,,-9.585617367983323,-9.585617367983323,False,0.000602946437717522
RTY,2026-04-30,8.88041715798028e-05,7.481188643517832e-05,7.481188643517832e-05,1.3992285144624476e-05,0.009937291711838827,187,,-9.585617367983323,-9.585617367983323,False,0.000602946437717522
RTY,2026-05-01,3.76398819274032e-05,3.3186704035819705e-05,,,-0.004563938607346391,171,,-9.573204511878169,-9.573204511878169,False,0.0006067002181372748
RTY,2026-05-04,0.00010692661075814597,9.676082185296623e-05,9.676082185296623e-05,1.0165788905179744e-05,-0.006696809508150392,189,,-9.573204511878169,-9.573204511878169,False,0.0006067002181372748
RTY,2026-05-05,3.379992731502411e-05,2.8619909055006236e-05,2.8619909055006236e-05,5.180018260017875e-06,0.009298430909079424,185,,-9.525070087203186,-9.525070087203186,False,0.0006214789289479212
RTY,2026-05-06,0.00010456948959317451,8.29811042238623e-05,8.29811042238623e-05,2.158838536931221e-05,0.007446154905587888,187,,-9.646278497597194,-9.646278497597194,False,0.0005849332871305663
RTY,2026-05-07,4.5260466471623485e-05,3.6925247022237636e-05,3.6925247022237636e-05,8.335219449385849e-06,-0.004332086693211183,181,,-9.613996285543838,-9.613996285543838,False,0.0005944513668549228
RTY,2026-05-08,4.113260459811872e-05,3.876135222524292e-05,3.876135222524292e-05,2.3712523728758e-06,0.003966935745768191,183,,-9.690710449453652,-9.690710449453652,False,0.0005720817070706664
RTY,2026-05-11,3.7848801620857585e-05,4.2664386447806207e-05,3.7848801620857585e-05,0.0,0.007284165691776928,185,,-9.751212065688463,-9.751212065688463,False,0.0005550349127313626
RTY,2026-05-12,5.3844459823609935e-05,3.916742799966962e-05,3.916742799966962e-05,1.4677031823940315e-05,-0.010126492010158163,185,,-9.806965831173013,-9.806965831173013,False,0.0005397759439517716
RTY,2026-05-13,6.866161520275296e-05,6.0565243164975155e-05,6.0565243164975155e-05,8.096372037777801e-06,-0.007612908159646935,183,,-9.851069156365076,-9.851069156365076,False,0.0005280032675622156
RTY,2026-05-14,3.793981424387968e-05,4.374084880880066e-05,3.793981424387968e-05,0.0,-0.001158240306378485,185,,-9.833039467066346,-9.833039467066346,False,0.00053278465434229
RTY,2026-05-15,0.00010177339418978363,8.716115267267547e-05,8.716115267267547e-05,1.4612241517108154e-05,-0.023603558348030202,185,,-9.877889816307615,-9.877889816307615,False,0.0005209698352479821
RTY,2026-05-18,0.00016183246223702794,0.00017407947744467028,0.00016183246223702794,0.0,0.0003939052171752925,189,,-9.80926375172264,-9.80926375172264,False,0.0005391561189801925
RTY,2026-05-19,0.00012554824978793685,9.658187060728039e-05,9.658187060728039e-05,2.8966379180656458e-05,-0.016479610918665632,187,,-9.669417608088233,-9.669417608088233,False,0.0005782048666189187
RTY,2026-05-20,0.00010098169635905487,0.00011805395807652792,0.00010098169635905487,0.0,0.01152865084394697,185,,-9.614492458196743,-9.614492458196743,False,0.0005943039098908496
RTY,2026-05-21,0.00010931391543955228,0.00010506845413456138,0.00010506845413456138,4.245461304990894e-06,-0.0048725933546596,186,,-9.56091059506123,-9.56091059506123,False,0.0006104410647799223
RTY,2026-05-22,6.640925987406757e-05,5.6269444397386104e-05,5.6269444397386104e-05,1.0139815476681467e-05,0.0070651897543709975,187,,-9.509129251585852,-9.509129251585852,False,0.0006264521687423096
RTY,2026-05-25,2.4532293089366756e-05,2.585160999546999e-05,2.4532293089366756e-05,0.0,0.008636315656664787,185,,-9.544887023771635,-9.544887023771635,False,0.0006153514318782198
RTY,2026-05-26,4.40881763155645e-05,4.514849179143956e-05,4.40881763155645e-05,0.0,0.002025856101720576,187,,-9.68347988833406,-9.68347988833406,False,0.0005741536860807978
RTY,2026-05-27,5.082147644407931e-05,3.662807568634153e-05,3.662807568634153e-05,1.4193400757737784e-05,-0.003046017722110448,185,,-9.72824855646052,-9.72824855646052,False,0.0005614444131430777
RTY,2026-05-28,5.708672577588583e-05,5.064393053911203e-05,5.064393053911203e-05,6.4427952367738015e-06,-0.008328954251711896,185,,-9.791218841406975,-9.791218841406975,False,0.0005440426419551901
RTY,2026-05-29,2.8079018912037823e-05,3.0337889940149633e-05,2.8079018912037823e-05,0.0,-0.00426221768764177,187,,-9.804095477774963,-9.804095477774963,False,0.0005405511739721925
RTY,2026-06-01,5.465515396002158e-05,5.5205414479314095e-05,5.465515396002158e-05,0.0,-0.006799243253652324,187,,-9.891654098210724,-9.891654098210724,False,0.0005173967567281888
RTY,2026-06-02,6.904163064909434e-05,4.9748320706107455e-05,4.9748320706107455e-05,1.9293309942986884e-05,0.007855823320590037,183,,-9.881662276911236,-9.881662276911236,False,0.000519988092346089
RTY,2026-06-03,4.691988324862028e-05,4.920210173384877e-05,4.691988324862028e-05,0.0,-0.013619187881960298,184,,-9.885140786856615,-9.885140786856615,False,0.0005190844864990026
RTY,2026-06-04,9.38471862763913e-05,0.00010894645410310639,9.38471862763913e-05,0.0,0.0031736202427686583,185,,-9.895746350809425,-9.895746350809425,False,0.0005163391799538483
RTY,2026-06-05,7.45984345038749e-05,6.843914474274668e-05,6.843914474274668e-05,6.159289761128225e-06,-0.014352177686512872,189,,-9.815241283424886,-9.815241283424886,False,0.0005375471132517813
RTY,2026-06-08,0.00014930499819807967,0.00017133736688649008,0.00014930499819807967,0.0,0.019732150731527162,189,,-9.786027694036056,-9.786027694036056,False,0.0005454565789153922
RTY,2026-06-09,0.00010445565941601504,0.00010993637655254662,0.00010445565941601504,0.0,0.020185918676713467,189,,-9.659619242385354,-9.659619242385354,False,0.0005810445483663045
RTY,2026-06-10,0.0002227034903087012,0.00026068985167780617,0.0002227034903087012,0.0,0.013535293750175944,189,,-9.595817323246234,-9.595817323246234,False,0.0005998792523087483
RTY,2026-06-11,0.0001674507941356354,0.00013673127807764494,0.00013673127807764494,3.0719516057990464e-05,0.017346640699031867,187,-8.982709322999638,-9.442271131230482,-8.982709322999638,True,0.0008150768383123594
RTY,2026-06-12,0.0001114763173379889,0.00010880262225343814,,,0.000990724847446988,173,-8.995318432177749,-9.3717499131864,-8.995318432177749,True,0.0008099543064989394
RTY,2026-06-15,5.889986790564328e-05,5.365771103031928e-05,5.365771103031928e-05,5.2421568753239985e-06,-0.00023270889884123577,187,,-9.3717499131864,-9.3717499131864,False,0.0006709952740761247
RTY,2026-06-16,3.647829728656181e-05,3.6966593330871486e-05,,,0.0045024839683157755,176,,-9.439025024049881,-9.439025024049881,False,0.0006488000231026714
RTY,2026-06-17,4.4438182778879126e-05,4.817511454470572e-05,4.4438182778879126e-05,0.0,0.009264920251371865,185,,-9.439025024049881,-9.439025024049881,False,0.0006488000231026714
RTY,2026-06-18,6.241477488317296e-05,5.5110465240482796e-05,5.5110465240482796e-05,7.3043096426901605e-06,0.007800272543877423,183,,-9.52398945938043,-9.52398945938043,False,0.0006218148133922073
RTY,2026-06-19,4.1173228608564174e-05,4.292787657147014e-05,4.1173228608564174e-05,0.0,-0.0019346236854585973,183,,-9.560517691550693,-9.560517691550693,False,0.000610560998778823
RTY,2026-06-22,9.927850265023573e-05,9.199773957896493e-05,9.199773957896493e-05,7.280763071270801e-06,0.015061376888676327,189,,-9.630058526009993,-9.630058526009993,False,0.0005896963759643778
RTY,2026-06-23,0.0001020629679478477,9.967203799205314e-05,9.967203799205314e-05,2.3909299557945633e-06,-0.012654181509033365,189,,-9.586523130289597,-9.586523130289597,False,0.0006026734364627561
RTY,2026-06-24,9.51380962665147e-05,9.268159434083356e-05,9.268159434083356e-05,2.4565019256811307e-06,0.0017321789807434598,189,,-9.53825172679909,-9.53825172679909,False,0.00061739634189537
RTY,2026-06-25,9.390648385115637e-05,6.949247774272941e-05,6.949247774272941e-05,2.4414006108426956e-05,0.0009577753923374554,187,,-9.505641980572554,-9.505641980572554,False,0.0006275454258309024
RTY,2026-06-26,0.0001012312283813615,0.00010699671857222161,0.0001012312283813615,0.0,-0.004957704496142862,189,,-9.514528692764223,-9.514528692764223,False,0.0006247632038167419
RTY,2026-06-29,9.04283094537781e-05,9.751347153103858e-05,9.04283094537781e-05,0.0,-0.00019830122020232478,189,,-9.473567599752712,-9.473567599752712,False,0.0006376906241168783
RTY,2026-06-30,3.7501545357579394e-05,2.5547979134749324e-05,,,-0.00036370249537124477,172,,-9.452517254963723,-9.452517254963723,False,0.000644437873564048
RTY,2026-07-01,4.098565253442668e-05,6.35750955102826e-05,,,-0.0008884063562459142,176,,-9.452517254963723,-9.452517254963723,False,0.000644437873564048
RTY,2026-07-02,5.914483636847104e-05,3.516125066742171e-05,,,0.008318448729818661,173,,-9.452517254963723,-9.452517254963723,False,0.000644437873564048
RTY,2026-07-03,1.7825858908223837e-05,1.3588774681788256e-05,,,0.001757790280640613,175,,-9.452517254963723,-9.452517254963723,False,0.000644437873564048
RTY,2026-07-06,4.9185372280945353e-05,4.170381726216616e-05,4.170381726216616e-05,7.481555018779191e-06,0.006611594332312789,189,,-9.452517254963723,-9.452517254963723,False,0.000644437873564048
RTY,2026-07-07,3.257508282510875e-05,3.163747886032034e-05,3.163747886032034e-05,9.37603964788407e-07,-0.006577557634903961,187,,-9.582573620891605,-9.582573620891605,False,0.0006038647445468487
RTY,2026-07-08,0.00010959114008395503,0.00011739658284612011,0.00010959114008395503,0.0,-0.0014726064443730846,185,,-9.683362237668858,-9.683362237668858,False,0.0005741874618557718
RTY,2026-07-09,4.490410852433065e-05,6.793466318589017e-05,4.490410852433065e-05,0.0,0.009027361337134422,185,,-9.610274022628131,-9.610274022628131,False,0.0005955587491663215
RTY,2026-07-10,4.216683043449305e-05,4.0564957782357555e-05,4.0564957782357555e-05,1.6018726521354967e-06,-0.0024975453799040022,180,,-9.662145349244701,-9.662145349244701,False,0.0005803111213329654
RTY,2026-07-13,4.9355553827180125e-05,4.769342952816095e-05,4.769342952816095e-05,1.6621242990191759e-06,0.0009374896056092382,187,,-9.72045722322877,-9.72045722322877,False,0.0005636358792391702
RTY,2026-07-14,0.0002891332534847864,0.00030559390862864764,0.0002891332534847864,0.0,0.006680006713182757,187,,-9.750264210662825,-9.750264210662825,False,0.0005552980213893723
RTY,2026-07-15,3.864578267416041e-05,2.9133094848960836e-05,2.9133094848960836e-05,9.512687825199571e-06,-0.00013417415825848824,185,,-9.542932644082121,-9.542932644082121,False,0.0006159530409436693
RTY,2026-07-16,4.5896122893701464e-05,4.161279954802262e-05,4.161279954802262e-05,4.283323345678845e-06,0.0016682240623153539,183,,-9.65952815377633,-9.65952815377633,False,0.0005810710122387849
RTY,2026-07-17,6.24714717054335e-05,6.145263206752466e-05,6.145263206752466e-05,1.0188396379088384e-06,-0.007377632390091296,187,,-9.714877445257947,-9.714877445257947,False,0.0005652105563362144
RTY,2026-07-20,7.572020495462344e-05,8.33927999125188e-05,7.572020495462344e-05,0.0,0.0048722396076254304,189,,-9.712594791488646,-9.712594791488646,False,0.0005658560146090231
RTY,2026-07-21,4.664129357226542e-05,3.3952342393259174e-05,3.3952342393259174e-05,1.2688951179006243e-05,0.0035483199624048766,185,,-9.683581384177725,-9.683581384177725,False,0.0005741245497137285
RTY,2026-07-22,4.001289497643618e-05,2.7937144652091334e-05,,,-0.00227174119682532,174,,-9.762153480524635,-9.762153480524635,False,0.0005520067697115736
RTY,2026-07-23,7.686246716630085e-05,7.077368029133938e-05,7.077368029133938e-05,6.08878687496147e-06,-0.006143271868846308,187,,-9.762153480524635,-9.762153480524635,False,0.0005520067697115736
RTY,2026-07-24,3.5595397723859896e-05,4.625677605945253e-05,3.5595397723859896e-05,0.0,0.0029808300643318782,185,,-9.732081132883685,-9.732081132883685,False,0.0005603695540315559
RTY,2026-07-27,5.3305016344317866e-05,6.629915832657712e-05,,,-6.718398336354555e-05,177,,-9.798257377219104,-9.798257377219104,False,0.000542131375248243
RTY,2026-07-28,5.4449354368287366e-05,6.312579789176136e-05,5.4449354368287366e-05,0.0,-0.00596147143719936,189,,-9.798257377219104,-9.798257377219104,False,0.000542131375248243
RTY,2026-07-29,5.675237795153654e-05,5.228284808815198e-05,5.228284808815198e-05,4.46952986338456e-06,-0.0020928277680886537,187,,-9.80117258129315,-9.80117258129315,False,0.0005413417390787968
RTY,2026-07-30,7.585651446647272e-05,0.00010361750999704788,7.585651446647272e-05,0.0,0.009786554977873549,185,,-9.808637880057377,-9.808637880057377,False,0.0005393248666514231
RTY,2026-07-31,3.3765429152325594e-05,3.4523615105961074e-05,3.3765429152325594e-05,0.0,-0.0024067400305649764,187,,-9.766958927074176,-9.766958927074176,False,0.0005506820423121472
RTY,2026-08-03,6.244689419136823e-05,6.225759556165251e-05,6.225759556165251e-05,1.8929862971571747e-07,0.0018235239578422015,183,,-9.835452456775242,-9.835452456775242,False,0.0005321422400110161
RTY,2026-08-04,3.933013397728856e-05,2.9490792138650525e-05,2.9490792138650525e-05,9.839341838638032e-06,0.0025351938323317923,189,,-9.815876796612624,-9.815876796612624,False,0.0005373763312470212
RTY,2026-08-05,2.0431757159575236e-05,1.9941944432917794e-05,,,-0.0020348558007579846,178,,-9.895560132340673,-9.895560132340673,False,0.0005163872581377987
RTY,2026-08-06,2.178209943171111e-05,2.2280250542304483e-05,2.178209943171111e-05,0.0,-0.002477988481577453,183,,-9.895560132340673,-9.895560132340673,False,0.0005163872581377987
RTY,2026-08-07,3.793331831691915e-05,3.021650720652862e-05,,,0.008014084022046107,171,,-10.01794180511295,-10.01794180511295,False,0.0004857364281502255
RTY,2026-08-10,1.7878160405365925e-05,1.6818927541023657e-05,,,-0.001054296354906159,179,,-10.01794180511295,-10.01794180511295,False,0.0004857364281502255
RTY,2026-08-11,2.8975953862669165e-05,2.3067222188416494e-05,,,0.004221085280765413,178,,-10.01794180511295,-10.01794180511295,False,0.0004857364281502255
RTY,2026-08-12,2.4079202655720172e-05,2.877161670548149e-05,,,0.003058056079960491,173,,-10.01794180511295,-10.01794180511295,False,0.0004857364281502255
RTY,2026-08-13,2.1018992952166898e-05,1.7698669600276446e-05,,,0.0028438361897088617,175,,-10.01794180511295,-10.01794180511295,False,0.0004857364281502255
RTY,2026-08-14,1.3061450503488173e-05,2.785695833368518e-05,,,-0.0003920671791982548,169,,-10.01794180511295,-10.01794180511295,False,0.0004857364281502255
RTY,2026-08-17,1.4287797873337904e-05,1.0691326903110796e-05,,,-0.004629486962921237,177,,-10.01794180511295,-10.01794180511295,False,0.0004857364281502255
RTY,2026-08-18,2.1334141844175622e-05,2.2612009797728634e-05,2.1334141844175622e-05,0.0,-0.005990884302056495,183,,-10.01794180511295,-10.01794180511295,False,0.0004857364281502255
RTY,2026-08-19,4.270982156130967e-05,4.3241272293670015e-05,4.270982156130967e-05,0.0,0.008982539626698862,183,,-10.225719752278813,-10.225719752278813,False,0.00043780656232369293
RTY,2026-08-20,2.5978413624314674e-05,3.135457452724646e-05,2.5978413624314674e-05,0.0,-0.006168074309218452,182,,-10.204407442812578,-10.204407442812578,False,0.0004424968425879944
RTY,2026-08-21,1.775351695202383e-05,1.386003156922321e-05,1.386003156922321e-05,3.8934853828006196e-06,0.006050751530154063,187,,-10.250211464790649,-10.250211464790649,False,0.00043247793945870214
RTY,2026-08-24,2.624031278407004e-05,2.725499138061804e-05,2.624031278407004e-05,0.0,-0.0034820708714166006,187,,-10.371413654800344,-10.371413654800344,False,0.00040704763708742677
RTY,2026-08-25,2.3391328298203926e-05,1.719348802624811e-05,1.719348802624811e-05,6.197840271955818e-06,0.0008315455584013751,180,,-10.39430031767359,-10.39430031767359,False,0.000402416206105931
RTY,2026-08-26,2.1195495914209396e-05,1.5670478774011353e-05,,,0.00013271840491962998,177,,-10.468951158157044,-10.468951158157044,False,0.00038767271722346783
RTY,2026-08-27,2.3495728406630085e-05,2.0377830025308977e-05,2.0377830025308977e-05,3.117898381321108e-06,-0.00036516341468393503,183,,-10.468951158157044,-10.468951158157044,False,0.00038767271722346783
RTY,2026-08-28,1.6274263444464628e-05,2.11036866497331e-05,,,-0.002420786776859767,171,,-10.517402998905633,-10.517402998905633,False,0.000378393837353584
RTY,2026-08-31,3.0969448694382235e-05,2.819970164954999e-05,2.819970164954999e-05,2.7697470448322445e-06,-0.0050269163397258605,185,,-10.517402998905633,-10.517402998905633,False,0.000378393837353584
RTY,2026-09-01,3.4051505067840574e-05,3.542530610654648e-05,,,-0.008930298224369793,171,,-10.511391765562328,-10.511391765562328,False,0.0003795328550474045
RTY,2026-09-02,3.75996349279818e-05,3.391841315509257e-05,,,0.006711777576504114,176,,-10.511391765562328,-10.511391765562328,False,0.0003795328550474045
